driver,target,F,p,n,maxlag,p_fdr,sig_fdr
US nonfarm payrolls,Recession probability,393.14035715425047,6.775954934252186e-85,706,3,1.4649614567853225e-81,True
US nonfarm payrolls,POS USD index,373.6311614669071,1.1385274109332081e-80,396,3,1.2307481312187979e-77,True
Initial jobless claims,US industrial production,180.98241207743547,5.4113655878896886e-39,711,3,3.899790800339169e-36,True
Initial jobless claims,US housing starts,122.54979049287302,2.1789581760924845e-26,712,3,1.1777268941779878e-23,True
US nonfarm payrolls,US housing starts,119.07001748935039,1.223821294328361e-25,808,3,5.291803276675833e-23,True
US nonfarm payrolls,US equity market uncertainty,116.30311751031344,4.825272111615572e-25,496,3,1.738706384218811e-22,True
US nonfarm payrolls,USD broad index,109.35931454993418,1.507345114556331e-23,244,3,4.6555430538154106e-21,True
US nonfarm payrolls,10y real yield (TIPS),101.47557942517899,7.48508936612196e-22,280,3,2.0228454011944595e-19,True
Initial jobless claims,Consumer sentiment,95.35907421887839,1.5457738241738897e-20,579,3,3.713292230959944e-18,True
US nonfarm payrolls,USD per EUR,94.14130577566497,2.823886449842329e-20,328,3,6.105242504559115e-18,True
Initial jobless claims,US core CPI,86.44400685474,1.2710701238155741e-18,710,3,2.498230552444792e-16,True
US nonfarm payrolls,MXN per USD,85.98155003314609,1.5975411364654813e-18,390,3,2.8782366141986423e-16,True
Fed total assets,St. Louis financial stress,79.21973662654766,4.512232323073959e-17,282,3,7.504189448066077e-15,True
Recession probability,Supply chain pressure,75.61306927005288,2.677336359595709e-16,339,3,4.1345722924613734e-14,True
US 3-month yield,Fed funds effective,71.75978830105149,1.792135914382358e-15,537,3,2.5830652312631055e-13,True
WTI (long),US CPI,70.18913543652604,3.888286686956928e-15,482,3,5.254047385750549e-13,True
Nasdaq Composite,S&P PE10,68.45642106374788,9.135552064676993e-15,663,3,1.1618272684606857e-12,True
US nonfarm payrolls,US M2 money supply,65.06124074058887,4.866984651398146e-14,807,3,5.8457893424015515e-12,True
Initial jobless claims,US unemployment rate,61.563709113487405,2.7233465419074404e-13,710,3,3.098881696633624e-11,True
Initial jobless claims,US CPI,61.36087803318351,3.009211863225615e-13,710,3,3.2529580241468897e-11,True
US unemployment rate,Recession probability,61.11823083935213,3.3908560251657085e-13,704,3,3.490967012575363e-11,True
Initial jobless claims,POS USD index,60.004999828664694,5.863790546036624e-13,397,3,5.762506891150537e-11,True
US unemployment rate,US housing starts,56.77267112251549,2.8736770996744122e-12,806,3,2.7012564736939477e-10,True
Nasdaq Composite,Consumer sentiment,54.74089767229905,7.79808528101348e-12,579,3,7.024775157312977e-10,True
Initial jobless claims,Supply chain pressure,51.966677165835826,3.044460010329141e-11,340,3,2.6328490169326417e-09,True
Brent (long),US CPI,51.019161160689734,4.846316689633169e-11,466,3,4.029898724225735e-09,True
Recession probability,US industrial production,47.70641944068331,2.458919047390549e-10,706,3,1.9689566594290247e-08,True
Initial jobless claims,Chicago financial conditions,47.15134743897602,3.227276440024431e-10,665,3,2.491918451190293e-08,True
US nonfarm payrolls,VIX,45.95504151506802,5.797701105150387e-10,436,3,4.322286134253496e-08,True
US nonfarm payrolls,Consumer sentiment,45.657282136826595,6.707486849147818e-10,579,3,4.833862189285861e-08,True
S&P PE10,POS USD index,45.46869736544612,7.356119814059345e-10,396,3,5.130300334837517e-08,True
Initial jobless claims,US M2 money supply,44.81411707629106,1.0133775863621369e-09,711,3,6.828864793693365e-08,True
US unemployment rate,POS USD index,44.756538903714166,1.042333664162262e-09,394,3,6.828864793693365e-08,True
US core CPI,US CPI,44.44373904855113,1.2147069940897605e-09,830,3,7.724107415359006e-08,True
Fed funds effective,US M2 money supply,43.70565021257101,1.7428650046512757e-09,807,3,1.076592611444588e-07,True
US nonfarm payrolls,Supply chain pressure,43.14858738595319,2.2885642429842183e-09,340,3,1.3744099703699666e-07,True
10y minus 2y spread,US M2 money supply,41.93523022242256,4.141131452024443e-09,598,3,2.419763837642391e-07,True
US M2 money supply,US CPI,41.67887993270225,4.693672904940518e-09,805,3,2.670452847495105e-07,True
US 2-year yield,US M2 money supply,40.522457634882144,8.25646721824981e-09,598,3,4.5770466989374583e-07,True
US unemployment rate,MXN per USD,40.380754936389934,8.847875856397982e-09,388,3,4.78227690038311e-07,True
US unemployment rate,10y real yield (TIPS),39.97076139923982,1.0808236399473892e-08,278,3,5.69936758430794e-07,True
POS Crude oil,US CPI,39.470638098543525,1.3795878336818103e-08,482,3,7.101592610523985e-07,True
US unemployment rate,POS S&P 500,37.40241914746741,3.782123679361678e-08,417,3,1.8911515017313273e-06,True
MXN per USD,US economic policy uncertainty,37.366565594380944,3.8487819646706014e-08,391,3,1.8911515017313273e-06,True
Initial jobless claims,US nonfarm payrolls,37.113667909065356,4.353496004253599e-08,712,3,2.091612969154729e-06,True
Fed total assets,POS Crude oil,36.650768491534656,5.454652357548208e-08,282,3,2.5636866080476577e-06,True
S&P PE10,10y real yield (TIPS),36.408720408366534,6.137072936315624e-08,280,3,2.823053550705187e-06,True
US unemployment rate,US M2 money supply,35.73840153964306,8.505328263824104e-08,805,3,3.8309416054974405e-06,True
Recession probability,US housing starts,35.38731559093124,1.0090115337817298e-07,706,3,4.452005991910408e-06,True
US 10-year yield,US M2 money supply,35.03811889208069,1.1958667835557058e-07,771,3,5.170927972094872e-06,True
Chicago financial conditions,US housing starts,34.282530397553366,1.726930553759723e-07,664,3,7.320831092604943e-06,True
Initial jobless claims,WTI (long),33.8471682878107,2.133965745221921e-07,485,3,8.872372963788065e-06,True
Chicago financial conditions,Nasdaq Composite,33.1661121553228,2.971019528081402e-07,664,3,1.211015406031545e-05,True
US nonfarm payrolls,US economic policy uncertainty,33.12922251119361,3.024737831901176e-07,496,3,1.211015406031545e-05,True
S&P PE10,Consumer sentiment,33.07391627251806,3.1070960621936153e-07,579,3,1.2213712157204722e-05,True
Initial jobless claims,Recession probability,32.8892417562249,3.398663252262504e-07,706,3,1.3121267770342024e-05,True
Fed total assets,US housing starts,32.794702589561275,3.5583359775514306e-07,281,3,1.3496705935905602e-05,True
Nasdaq Composite,Initial jobless claims,31.329118808230117,7.246608823874051e-07,664,3,2.7012359098647758e-05,True
US CPI,10y inflation breakeven,31.03685708200644,8.349930759916572e-07,278,3,3.0597542886338354e-05,True
VIX,Consumer sentiment,30.72322126865234,9.721049173206068e-07,435,3,3.5028180520785864e-05,True
US nonfarm payrolls,Geopolitical acts,30.672225660267593,9.964314918675812e-07,496,3,3.531614566258542e-05,True
US nonfarm payrolls,US core CPI,30.43872793315624,1.1158110559094001e-06,830,3,3.8909411336711664e-05,True
10y real yield (TIPS),10y minus 3m spread,30.145574512930413,1.2860957659476112e-06,281,3,4.4135540412360874e-05,True
Recession probability,Bitcoin,28.959834430279166,2.2833740850654353e-06,171,3,7.713523081111673e-05,True
US nonfarm payrolls,Chicago financial conditions,28.54609497126788,2.7892811302008536e-06,664,3,9.277578159221916e-05,True
US nonfarm payrolls,POS Gold,27.665108120042987,4.270004773252669e-06,484,3,0.0001398750048450344,True
US nonfarm payrolls,WTI (long),27.535688685162388,4.5454828601267365e-06,484,3,0.0001466766260237911,True
US nonfarm payrolls,US house prices (Case-Shiller),27.376860044666554,4.9079019913118235e-06,470,3,0.0001560424133120024,True
US CPI,US core CPI,26.990244514673556,5.915145399873806e-06,830,3,0.00018534122252937928,True
US 2-year yield,Fed funds effective,26.767938251361404,6.5851150509450635e-06,600,3,0.0002033859820020461,True
US nonfarm payrolls,Bitcoin,26.514262131366443,7.442534141209869e-06,172,3,0.00022663040582106674,True
US nonfarm payrolls,POS S&P 500,26.426104284587076,7.765870627270658e-06,417,3,0.00023319183744665504,True
US nonfarm payrolls,St. Louis financial stress,26.307300052948168,8.223877683533858e-06,389,3,0.0002435619664630165,True
Chicago financial conditions,S&P PE10,26.234708033933398,8.516888209216506e-06,664,3,0.00024883124740981196,True
US industrial production,Recession probability,25.922038697386036,9.902674950486632e-06,706,3,0.000285461109906028,True
St. Louis financial stress,US housing starts,25.62132535482258,1.1447079808402687e-05,389,3,0.00032563929665482377,True
US industrial production,POS USD index,25.492636947692404,1.2179306005280798e-05,395,3,0.0003419696049794427,True
10y minus 2y spread,Fed funds effective,25.22339950191918,1.3865785262796615e-05,600,3,0.00038433112484828564,True
US unemployment rate,Chicago financial conditions,24.9421353871006,1.5876669636152547e-05,662,3,0.00043449822472609885,True
US unemployment rate,USD per EUR,24.71042171788593,1.7749862739444456e-05,326,3,0.0004772688937554496,True
US M2 money supply,US core CPI,24.69512245645825,1.7881027009339234e-05,805,3,0.0004772688937554496,True
S&P PE10,MXN per USD,24.668275252977143,1.811353443499522e-05,390,3,0.0004775787981519471,True
US 3-month yield,Supply chain pressure,24.478056691399843,1.984952918809091e-05,340,3,0.0005170443627066572,True
Fed total assets,10y real yield (TIPS),23.582539859469843,3.052937412677683e-05,281,3,0.0007857679388344228,True
US unemployment rate,US core CPI,23.33599465061493,3.436732760036587e-05,830,3,0.0008741430855528354,True
St. Louis financial stress,Fed funds effective,23.293707889447578,3.50723169686043e-05,390,3,0.0008817017358851454,True
Chicago financial conditions,US equity market uncertainty,23.202793452181727,3.663718845017599e-05,497,3,0.0009104551888423044,True
US unemployment rate,US equity market uncertainty,23.139724670017998,3.776345389717053e-05,494,3,0.0009277794014282124,True
S&P PE10,USD broad index,23.081649424069777,3.883103169161754e-05,244,3,0.0009432886574974957,True
Recession probability,Initial jobless claims,23.016787596397275,4.005895286958238e-05,706,3,0.0009623050678226345,True
Nasdaq Composite,US industrial production,22.641903819557996,4.7953054507164475e-05,662,3,0.001139280262027358,True
US M2 money supply,10y inflation breakeven,22.52793212418768,5.064717584500107e-05,279,3,0.0011902086323575252,True
Initial jobless claims,Fed total assets,22.293082644547603,5.6683497720619926e-05,282,3,0.0013177389470105407,True
St. Louis financial stress,US house prices (Case-Shiller),22.0947581539382,6.2335682785543e-05,387,3,0.0014337207040674889,True
US M2 money supply,US housing starts,21.71846784905941,7.46480263002401e-05,807,3,0.0016988319248538851,True
St. Louis financial stress,US equity market uncertainty,21.554343273906767,8.075042803711995e-05,390,3,0.0018185669314193056,True
VIX,S&P PE10,21.023342114694653,0.00010410760731790306,436,3,0.002320419041456767,True
Recession probability,Consumer sentiment,20.998133201937357,0.00010537020129418934,579,3,0.0023245956652860954,True
10y inflation breakeven,US CPI,20.940443385099343,0.00010831727881135161,278,3,0.002365474311011537,True
S&P PE10,US equity market uncertainty,20.593876447786556,0.00012783117210957314,496,3,0.0027637099410089713,True
US unemployment rate,USD broad index,20.460271797642235,0.00013625618055975307,242,3,0.002916691706635506,True
Consumer sentiment,US house prices (Case-Shiller),20.284665182690972,0.00014817608868233348,470,3,0.003140751997364755,True
Fed funds effective,POS US 10-year notes,20.223411875585263,0.00015257355067446556,485,3,0.003202563267555287,True
S&P PE10,US 2-year yield,20.16648563059371,0.00015677674772238503,599,3,0.003259147390151889,True
Fed total assets,US CPI,20.05998368760089,0.0001649523776929086,279,3,0.0033964480054482706,True
Initial jobless claims,POS S&P 500,19.98096883808993,0.00017129093110636247,417,3,0.003493688613697695,True
Nasdaq Composite,US housing starts,19.9038377540227,0.0001777121066274396,663,3,0.0035907810703600415,True
US unemployment rate,Supply chain pressure,19.770532863351015,0.00018937961697601047,338,3,0.0037910993694642097,True
St. Louis financial stress,Consumer sentiment,19.701541959739078,0.000195714303125292,388,3,0.0038819662693291863,True
US M2 money supply,St. Louis financial stress,19.586865312650787,0.00020671375201134683,388,3,0.004062864834986653,True
Initial jobless claims,Bitcoin,19.540646260494476,0.0002113189708882537,173,3,0.00411596049603968,True
US nonfarm payrolls,10y inflation breakeven,19.397160166093368,0.00022627634404118335,280,3,0.004367941569794986,True
Fed total assets,Fed funds effective,18.831779881794912,0.00029619087488077204,282,3,0.005657040855838126,True
US CPI,S&P PE10,18.816941232955827,0.0002982898508628799,950,3,0.005657040855838126,True
POS US 10-year notes,US equity market uncertainty,18.73946580621937,0.00030949171147725597,485,3,0.005818444175772412,True
USD broad index,S&P PE10,18.59777101791406,0.000331072230487618,244,3,0.006170501399260605,True
10y real yield (TIPS),S&P PE10,18.56410493444219,0.0003364159250106348,280,3,0.006216506238230704,True
S&P PE10,US 10-year yield,18.477005816211495,0.0003506422864804177,772,3,0.006424479859073416,True
S&P PE10,CAD per USD,17.994444874115036,0.0004410115284608453,664,3,0.008012327096910483,True
US nonfarm payrolls,Brent (long),17.793084727969873,0.00048525152939498035,468,3,0.008676685450315838,True
US 2-year yield,US industrial production,17.791548670857427,0.0004856054299205441,598,3,0.008676685450315838,True
US unemployment rate,US house prices (Case-Shiller),17.765804212545223,0.0004915751731501141,468,3,0.008711356756971694,True
Initial jobless claims,US economic policy uncertainty,17.68577445663487,0.0005106027600903671,497,3,0.008862280647487208,True
US 2-year yield,JPY per USD,17.67258202294805,0.0005138088960971118,600,3,0.008862280647487208,True
US CPI,US M2 money supply,17.670788794848225,0.0005142462438209631,805,3,0.008862280647487208,True
S&P PE10,US economic policy uncertainty,17.6616202313663,0.0005164881413429178,496,3,0.008862280647487208,True
US nonfarm payrolls,CAD per USD,17.33156606360096,0.0006040006000428536,664,3,0.010282277931438185,True
MXN per USD,10y real yield (TIPS),17.234088599683382,0.0006325594870711475,281,3,0.0106843250863111,True
USD per EUR,Bitcoin,17.149479197809484,0.0006584338240380748,173,3,0.0110351467253513,True
10y real yield (TIPS),Fed funds effective,17.022378490348974,0.000699292030403164,281,3,0.011626416294600626,True
Recession probability,POS USD index,16.995165656761316,0.0007083621983615147,395,3,0.011626416294600626,True
Fed funds effective,US CPI,16.990746991273234,0.0007098459532318606,860,3,0.011626416294600626,True
US unemployment rate,Gold,16.974001328568686,0.0007154971057533333,938,3,0.011630862726606817,True
Chicago financial conditions,Gold,16.857913926759878,0.0007559214950241787,664,3,0.012196285613748315,True
US 10-year yield,Fed funds effective,16.76010153515569,0.0007917380085336236,773,3,0.012679537588516254,True
S&P PE10,JPY per USD,16.715738048141787,0.0008085338276049218,664,3,0.01285330981824883,True
US industrial production,US unemployment rate,16.690655904627405,0.000818185973375584,937,3,0.012911810762321261,True
Fed total assets,Bitcoin,16.606813987531282,0.0008512886332734926,173,3,0.013336855254618052,True
POS Gold,Consumer sentiment,16.557984870149575,0.0008711770306054673,483,3,0.013550249929273527,True
US unemployment rate,Bitcoin,16.53790905809619,0.0008794873136673421,170,3,0.013581796943919954,True
VIX,US equity market uncertainty,16.504487032342347,0.0008934972271818868,437,3,0.013700290816788932,True
10y minus 2y spread,US nonfarm payrolls,16.13915932556541,0.0010618675452489176,599,3,0.016167307273437747,True
Fed funds effective,10y minus 3m spread,16.05705886645528,0.0011038443808818834,533,3,0.0165935979155527,True
US 2-year yield,US core CPI,16.05442780610388,0.001105216512414241,597,3,0.0165935979155527,True
Initial jobless claims,US house prices (Case-Shiller),15.949837628662195,0.001161155427462885,470,3,0.01731322782189488,True
St. Louis financial stress,US M2 money supply,15.934440384120718,0.0011696244990255184,388,3,0.017320055937624458,True
US nonfarm payrolls,POS Crude oil,15.890743902610986,0.001193994695908367,484,3,0.017560656684040065,True
Chicago financial conditions,Consumer sentiment,15.832042883479104,0.0012275284459881328,579,3,0.017931868244772588,True
Initial jobless claims,St. Louis financial stress,15.703763194712694,0.0013040992122346868,390,3,0.018922567092962368,True
POS S&P 500,10y inflation breakeven,15.4886527527254,0.0014432831591494981,213,3,0.0208025212672081,True
US unemployment rate,St. Louis financial stress,15.41401966085996,0.0014949404142688243,387,3,0.02140437864668343,True
Chicago financial conditions,US economic policy uncertainty,15.355021668814658,0.001537070922557166,497,3,0.02186281141163548,True
US 2-year yield,US housing starts,15.199271374370932,0.0016540382986096175,599,3,0.023372750337215642,True
Consumer sentiment,US industrial production,15.082696470979572,0.0017473255684639268,579,3,0.024517289527026743,True
US core CPI,10y real yield (TIPS),15.070097611252239,0.0017577150215953494,278,3,0.024517289527026743,True
Bitcoin,Nasdaq Composite,15.00827881184604,0.0018095878006591304,173,3,0.02507903092964769,True
US 2-year yield,Bitcoin,14.948199766604215,0.001861455168642033,173,3,0.02556323660462112,True
Fed funds effective,POS S&P 500,14.940539405944083,0.001868173627904781,417,3,0.02556323660462112,True
MXN per USD,US 2-year yield,14.898548901413761,0.0019054306344339226,391,3,0.025709375388835724,True
WTI (long),POS S&P 500,14.882720884469812,0.0019196648609578646,417,3,0.025709375388835724,True
US unemployment rate,Geopolitical acts,14.875672908972733,0.0019260370380442178,494,3,0.025709375388835724,True
USD per EUR,Gold,14.875250695836316,0.0019264194324659517,328,3,0.025709375388835724,True
Sticky CPI,US industrial production,14.852317215190032,0.0019473035968753847,699,3,0.025828652616224426,True
USD broad index,Gold,14.82639635046345,0.0019711786487019416,244,3,0.025985903893253646,True
Sticky CPI,Initial jobless claims,14.809511141426064,0.0019868871214207507,700,3,0.02603424216067675,True
CAD per USD,Gold,14.793779527359913,0.0020016340936902023,664,3,0.026069475364808536,True
Gold,Fed funds effective,14.715262781659082,0.002076875228438205,862,3,0.026836250262358176,True
US M2 money supply,Initial jobless claims,14.70661375185597,0.0020853330453636325,711,3,0.026836250262358176,True
US M2 money supply,Brent (long),14.658849204619296,0.00213266052709712,467,3,0.027282911595171443,True
US unemployment rate,WTI (long),14.626974493334583,0.002164834603517034,482,3,0.027373976192090033,True
Chicago financial conditions,Recession probability,14.62671182868252,0.0021651017247212748,663,3,0.027373976192090033,True
VIX,US housing starts,14.605082247681107,0.0021872108220185663,436,3,0.02749273137909384,True
US CPI,US 3-month yield,14.520368162379265,0.0022759794021798064,534,3,0.028443164552096774,True
10y real yield (TIPS),10y minus 2y spread,14.484434732150046,0.0023147031382099244,281,3,0.028735002529604554,True
10y inflation breakeven,US housing starts,14.474143168924794,0.0023259137107681763,280,3,0.028735002529604554,True
10y inflation breakeven,US house prices (Case-Shiller),14.339722176126717,0.002477376951846585,278,3,0.03043232369256998,True
10y inflation breakeven,Gold,14.286770325217795,0.002539691464151209,280,3,0.03102154206494302,True
Nasdaq Composite,US equity market uncertainty,14.238640394294652,0.002597678124990221,497,3,0.031551573630499194,True
US nonfarm payrolls,S&P PE10,14.171072669249801,0.0026813038753131053,1048,3,0.03238535742137952,True
St. Louis financial stress,US economic policy uncertainty,14.145350830772902,0.002713835234677087,390,3,0.03259617654095479,True
10y inflation breakeven,MXN per USD,14.071002754486878,0.0028100817287477074,281,3,0.03327082439310333,True
Sticky CPI,Consumer sentiment,14.070625963949736,0.0028105780137536065,579,3,0.03327082439310333,True
Fed funds effective,US core CPI,14.0551716437172,0.0028310084972747954,830,3,0.03327082439310333,True
S&P PE10,Initial jobless claims,14.048176220072655,0.0028403047106148557,712,3,0.03327082439310333,True
WTI (long),Henry Hub natural gas,14.03655858712468,0.002855810256665628,351,3,0.03327082439310333,True
US M2 money supply,POS Crude oil,14.03061750937651,0.0028637719395276694,483,3,0.03327082439310333,True
Fed total assets,Chicago financial conditions,14.020244052090192,0.002877726254167587,282,3,0.03327082439310333,True
POS US 10-year notes,10y inflation breakeven,13.993370148398563,0.0029141910397122413,281,3,0.03351319695669078,True
US unemployment rate,Consumer sentiment,13.954556736281019,0.002967665928367647,577,3,0.03394758591074526,True
Nasdaq Composite,US 10-year yield,13.919617259860615,0.0030166344707829233,664,3,0.03424394865027661,True
10y real yield (TIPS),Gold,13.909854204715044,0.0030304601725237254,280,3,0.03424394865027661,True
Chicago financial conditions,Fed funds effective,13.902377380228518,0.003041090721948709,665,3,0.03424394865027661,True
US unemployment rate,POS Gold,13.87376594979809,0.003082112767998518,482,3,0.03452605080006631,True
Chicago financial conditions,VIX,13.861949247796378,0.00309921467568448,437,3,0.03453867076716415,True
Chicago financial conditions,10y inflation breakeven,13.820740500755393,0.0031595935903660395,281,3,0.03503098124293014,True
US 2-year yield,US CPI,13.78677494591501,0.0032102347887458106,597,3,0.03541085516973695,True
US core CPI,US M2 money supply,13.721907875656221,0.0033091932941755166,805,3,0.03631713655841354,True
Fed funds effective,US economic policy uncertainty,13.631817550296063,0.0034516620439276544,497,3,0.03743458965667604,True
St. Louis financial stress,US CPI,13.624952490904839,0.00346276428202064,387,3,0.03743458965667604,True
US 10-year yield,US core CPI,13.624832118125886,0.0034629592651874226,770,3,0.03743458965667604,True
POS S&P 500,USD broad index,13.5739152224616,0.0035464185974396407,177,3,0.03814605476450001,True
Fed funds effective,10y real yield (TIPS),13.52241849616831,0.0036328542793590455,281,3,0.03888233144541711,True
Fed total assets,USD per EUR,13.462256890499479,0.0037364789202147695,282,3,0.039794420815292275,True
CAD per USD,S&P PE10,13.409164974170336,0.0038303543669056415,664,3,0.040594245790441165,True
Chicago financial conditions,MXN per USD,13.33626143173366,0.003963075780953971,391,3,0.04179595043132919,True
10y real yield (TIPS),10y inflation breakeven,13.298570334772291,0.0040334679153702585,281,3,0.04212733156053452,True
US 10-year yield,10y inflation breakeven,13.298570334772256,0.004033467915370326,281,3,0.04212733156053452,True
US M2 money supply,10y real yield (TIPS),13.186057105468953,0.004251044420026897,279,3,0.04418633671201034,True
WTI (long),10y inflation breakeven,13.16282366320802,0.004297399612672871,281,3,0.0444544400124342,True
POS Crude oil,Gold,13.07794887460709,0.004471033238770363,484,3,0.0460303517248644,True
S&P PE10,US house prices (Case-Shiller),13.061261637805082,0.004505979286677265,470,3,0.04617027117438979,True
JPY per USD,Gold,13.029342800176908,0.0045735777302775334,664,3,0.04664186345688692,True
Fed total assets,Gold,12.975519770572284,0.004689845521457512,281,3,0.04744307223734035,True
POS US 10-year notes,10y minus 2y spread,12.96476115909453,0.004713434484659021,485,3,0.04744307223734035,True
US economic policy uncertainty,Consumer sentiment,12.962696704746765,0.004717974343676307,495,3,0.04744307223734035,True
10y inflation breakeven,Initial jobless claims,12.915738943853858,0.004822413746800439,281,3,0.048268789447141434,True
MXN per USD,Geopolitical threats,12.90387097823492,0.004849169562268167,391,3,0.04831292439457962,True
Gold,POS Gold,12.856920383617798,0.004956465120643196,484,3,0.04900277307164858,True
US CPI,MXN per USD,12.853773242860335,0.004963740658043959,388,3,0.04900277307164858,True
US industrial production,Supply chain pressure,12.836010282939405,0.005005003488563076,339,3,0.04918553428306078,True
US CPI,St. Louis financial stress,12.73724059093867,0.005240708198815157,387,3,0.051163268622924654,False
Nasdaq Composite,US 2-year yield,12.727036122481428,0.005265677294099993,600,3,0.051163268622924654,False
10y inflation breakeven,POS Gold,12.722323818305448,0.005277247411152728,281,3,0.051163268622924654,False
Sticky CPI,Supply chain pressure,12.679838088179949,0.005382704465704412,340,3,0.051952710066307764,False
US core CPI,S&P PE10,12.542515195206743,0.00573802462076554,830,3,0.055136041022644876,False
POS S&P 500,CAD per USD,12.529162204170794,0.0057737883836733615,417,3,0.055234205688061096,False
US 3-month yield,US core CPI,12.515320491464973,0.00581109376600297,534,3,0.05534618820307675,False
POS S&P 500,US 10-year yield,12.459929180216783,0.005962781310916017,417,3,0.056302351039150746,False
Fed total assets,POS US 10-year notes,12.449625267068082,0.00599142705623362,282,3,0.056302351039150746,False
US M2 money supply,USD broad index,12.448229861124679,0.005995316847870079,243,3,0.056302351039150746,False
US nonfarm payrolls,Gold,12.43377643319671,0.006035753938921128,1048,3,0.056302351039150746,False
US 10-year yield,Chicago financial conditions,12.431660849518165,0.006041695393655399,665,3,0.056302351039150746,False
WTI (long),Chicago financial conditions,12.372110407829368,0.006211331001095226,485,3,0.057634753752651834,False
US nonfarm payrolls,JPY per USD,12.321324705782029,0.0063597130391717365,664,3,0.05872908777700962,False
POS US 10-year notes,Gold,12.3132598739549,0.006383596497501046,484,3,0.05872908777700962,False
MXN per USD,JPY per USD,12.27981939462563,0.006483577748040946,391,3,0.05939616564095138,False
Gold,Brent (long),12.254644118398673,0.006559867191377171,468,3,0.05984148889349132,False
US equity market uncertainty,US house prices (Case-Shiller),12.153511510771917,0.006875375139973083,470,3,0.062456138876562206,False
US M2 money supply,WTI (long),12.0952220738711,0.0070639871712086105,483,3,0.06390100528934317,False
US 3-month yield,US nonfarm payrolls,12.054215063527806,0.007199731331332423,536,3,0.06485757974308624,False
Fed total assets,US 3-month yield,12.037747547229301,0.007254965607852014,282,3,0.06500811634835318,False
Sticky CPI,Recession probability,12.03133738612438,0.00727657916572686,699,3,0.06500811634835318,False
MXN per USD,US 10-year yield,12.012135002998235,0.007341706503540772,391,3,0.06532003893273725,False
US CPI,VIX,11.967541115888089,0.0074951820659630375,434,3,0.06641222797791839,False
10y real yield (TIPS),WTI (long),11.949366824670696,0.007558636359730402,281,3,0.06670110942749849,False
US industrial production,10y real yield (TIPS),11.826657113578886,0.008001174587523092,279,3,0.07031926609034522,False
Recession probability,US equity market uncertainty,11.77470269814753,0.008196163992770381,495,3,0.07145428968126487,False
10y real yield (TIPS),Nasdaq Composite,11.773038339792626,0.008202487427582396,281,3,0.07145428968126487,False
US equity market uncertainty,US housing starts,11.765950121142213,0.008229471845807102,496,3,0.07145428968126487,False
Nasdaq Composite,US CPI,11.757148330034495,0.008263101756426751,661,3,0.07145930398957855,False
JPY per USD,US M2 money supply,11.67207959143639,0.008595206332049854,663,3,0.07403520354538559,False
WTI (long),Fed funds effective,11.639717473449277,0.008724977306195186,485,3,0.07485476561902377,False
US core CPI,Initial jobless claims,11.557329087590862,0.009064145613352819,710,3,0.07745724433228772,False
St. Louis financial stress,Fed total assets,11.533176606164895,0.00916601786543233,282,3,0.07801941190970353,False
US unemployment rate,US economic policy uncertainty,11.514383317303517,0.009246066627108175,494,3,0.07839214136395245,False
US industrial production,US housing starts,11.496301887070764,0.009323734324890823,807,3,0.07874185004067952,False
Brent (long),US house prices (Case-Shiller),11.45415797507602,0.009507268804625102,466,3,0.07997943640311078,False
US nonfarm payrolls,Nasdaq Composite,11.431827202557999,0.009605958361079605,663,3,0.08049644176997715,False
US industrial production,Fed funds effective,11.401329425156773,0.00974237620853474,861,3,0.08103279353962904,False
US M2 money supply,US equity market uncertainty,11.400763789061394,0.009744924292462327,495,3,0.08103279353962904,False
Recession probability,US economic policy uncertainty,11.369568738492156,0.009886474855607216,495,3,0.0816017514472443,False
US housing starts,Consumer sentiment,11.36905259275164,0.00988883389416189,579,3,0.0816017514472443,False
US 2-year yield,Chicago financial conditions,11.344106216088019,0.010003515489430213,600,3,0.0822342223883959,False
US industrial production,POS S&P 500,11.320043019603972,0.010115379785758386,417,3,0.0827559136875356,False
POS Crude oil,Geopolitical threats,11.31402843234725,0.010143532436261302,485,3,0.0827559136875356,False
US 2-year yield,10y real yield (TIPS),11.232895975686624,0.010530929563777457,281,3,0.0855934951762664,False
Fed funds effective,Consumer sentiment,11.209456365005513,0.010645542655352601,579,3,0.08566110791702275,False
CAD per USD,Chicago financial conditions,11.20779277993357,0.01065372371108589,665,3,0.08566110791702275,False
Chicago financial conditions,St. Louis financial stress,11.206900968664074,0.010658111947122626,390,3,0.08566110791702275,False
10y minus 2y spread,US CPI,11.15804386997269,0.010901260900843309,597,3,0.0869918529967126,False
US 10-year yield,US industrial production,11.157468007641286,0.010904159186914482,771,3,0.0869918529967126,False
USD broad index,US CPI,11.140936215237904,0.010987687638433264,242,3,0.08733595836137029,False
Bitcoin,S&P PE10,11.090727266149296,0.0112452599918752,172,3,0.08879103059634169,False
St. Louis financial stress,POS S&P 500,11.089257805548291,0.011252887318870315,322,3,0.08879103059634169,False
S&P PE10,USD per EUR,11.063548398877884,0.011387161820354794,328,3,0.08952379583857115,False
Nasdaq Composite,Recession probability,11.052992688914218,0.011442748225752754,662,3,0.08963486110172991,False
10y real yield (TIPS),US 2-year yield,11.021700054359613,0.0116091120169672,281,3,0.09060974794470428,False
US industrial production,USD per EUR,10.981974089949928,0.011823748891910712,327,3,0.0919530399435646,False
10y real yield (TIPS),POS US 10-year notes,10.897365306411734,0.01229400530086589,281,3,0.0952675249479285,False
US core CPI,Fed funds effective,10.848947128911774,0.01257135583701058,830,3,0.09689979374828044,False
USD broad index,Brent (long),10.844991689663134,0.01259428401631212,245,3,0.09689979374828044,False
US 3-month yield,US unemployment rate,10.822893149708367,0.012723141007325422,534,3,0.09746558265447805,False
10y inflation breakeven,US M2 money supply,10.81026615885152,0.012797351456716672,279,3,0.09746558265447805,False
Fed funds effective,WTI (long),10.809297068851091,0.012803064511504054,485,3,0.09746558265447805,False
St. Louis financial stress,MXN per USD,10.769814384752125,0.01303797474867447,390,3,0.09883338283164278,False
10y inflation breakeven,POS S&P 500,10.763793849252073,0.01307416627652629,213,3,0.09883338283164278,False
US house prices (Case-Shiller),Henry Hub natural gas,10.712026095934718,0.013389471741809062,348,3,0.10086424357418534,False
S&P PE10,Henry Hub natural gas,10.689181516328105,0.01353098355137199,350,3,0.10157634179884112,False
St. Louis financial stress,S&P PE10,10.678542018647644,0.013597392197507137,389,3,0.10172166758135096,False
US house prices (Case-Shiller),10y minus 2y spread,10.654244324540867,0.013750257253084229,470,3,0.10251053855575208,False
JPY per USD,10y inflation breakeven,10.632132950619905,0.013890837532950426,281,3,0.10320271734102687,False
Fed total assets,POS S&P 500,10.619650318917143,0.01397082398419301,214,3,0.10344151182816881,False
US M2 money supply,US nonfarm payrolls,10.609610464623882,0.014035486496898342,807,3,0.10356560343445124,False
USD broad index,Bitcoin,10.558288550894533,0.014370660951529467,173,3,0.10567812577281192,False
US 10-year yield,JPY per USD,10.543797206421027,0.014466719794472518,665,3,0.10602389218864267,False
VIX,US CPI,10.530121539461767,0.014557951387138082,434,3,0.10607146896839442,False
POS US 10-year notes,CAD per USD,10.528122427124476,0.014571335006296553,485,3,0.10607146896839442,False
Geopolitical acts,US industrial production,10.510166445224858,0.01469209064255077,495,3,0.10659161063488176,False
US CPI,POS S&P 500,10.45508168173401,0.015068720416990446,417,3,0.1089584399382386,False
US 2-year yield,S&P PE10,10.400731328206568,0.015449637591734702,599,3,0.11134038824443476,False
POS US 10-year notes,10y minus 3m spread,10.36915619756294,0.01567526871776321,485,3,0.11254940447710635,False
Brent (long),Fed funds effective,10.362739381726135,0.01572151718412864,469,3,0.11254940447710635,False
POS Crude oil,POS S&P 500,10.345513530511779,0.0158463355717347,417,3,0.11306857262736114,False
Initial jobless claims,Brent (long),10.333097391039853,0.015936907003490493,469,3,0.1133145294358743,False
Bitcoin,CAD per USD,10.326446841860509,0.01598562973077783,173,3,0.1133145294358743,False
S&P PE10,VIX,10.279066367188024,0.016337011407485377,436,3,0.1154268583757627,False
Chicago financial conditions,WTI (long),10.252516030974384,0.016537223639174474,485,3,0.11646083878793229,False
WTI (long),POS USD index,10.233554934644022,0.016681681855554333,397,3,0.1170967408172353,False
US 3-month yield,US M2 money supply,10.22475287667691,0.016749162912673046,535,3,0.1171899359779907,False
Chicago financial conditions,Fed total assets,10.163824909204205,0.017223685462536036,282,3,0.12012131603226744,False
US housing starts,US house prices (Case-Shiller),10.123507106660872,0.017544933982508417,470,3,0.12196831919673055,False
Sticky CPI,USD per EUR,10.098486236655129,0.017747252982534673,328,3,0.12240230840135302,False
US equity market uncertainty,WTI (long),10.095637290487778,0.01777043454692735,485,3,0.12240230840135302,False
US CPI,USD per EUR,10.093547724012394,0.01778745604414085,326,3,0.12240230840135302,False
Initial jobless claims,Gold,10.087865549021625,0.01783382384201027,712,3,0.12240230840135302,False
US economic policy uncertainty,US core CPI,10.06940453185401,0.017985291524510005,494,3,0.12285989650458394,False
Recession probability,MXN per USD,10.05009462079309,0.018145077402655013,389,3,0.12285989650458394,False
Recession probability,Sticky CPI,10.05003336326071,0.01814558651111088,699,3,0.12285989650458394,False
Sticky CPI,Bitcoin,10.048044878539674,0.018162120341854666,172,3,0.12285989650458394,False
US house prices (Case-Shiller),US nonfarm payrolls,10.035201061436954,0.018269271285846832,470,3,0.12285989650458394,False
POS S&P 500,Henry Hub natural gas,10.033943997887375,0.01827979180095259,283,3,0.12285989650458394,False
US 10-year yield,US housing starts,10.025840185951889,0.018347756655228354,772,3,0.12285989650458394,False
Supply chain pressure,POS S&P 500,10.024965245765372,0.018355109422285205,273,3,0.12285989650458394,False
10y inflation breakeven,POS US 10-year notes,10.0148669862113,0.018440182444878425,281,3,0.1230483779192196,False
US industrial production,US M2 money supply,10.000660071494096,0.01856052544658053,807,3,0.12313724397476317,False
Sticky CPI,10y real yield (TIPS),9.999850005291654,0.018567410516083623,280,3,0.12313724397476317,False
Henry Hub natural gas,Consumer sentiment,9.986741300487356,0.018679176141478664,349,3,0.1232051818363837,False
US core CPI,Chicago financial conditions,9.985285634307493,0.018691627956676157,662,3,0.1232051818363837,False
US equity market uncertainty,US 10-year yield,9.977825995185022,0.018755566081741008,497,3,0.12325086282286947,False
USD broad index,POS USD index,9.946512351737416,0.0190263149032599,245,3,0.12446183935067603,False
US industrial production,US core CPI,9.943222632642597,0.019054980955168256,829,3,0.12446183935067603,False
Supply chain pressure,10y inflation breakeven,9.922213599488659,0.01923905367438112,280,3,0.12528564471087944,False
USD per EUR,WTI (long),9.905541720529486,0.019386368413837837,329,3,0.12565757724912133,False
US CPI,US housing starts,9.902607479407978,0.019412410176321244,806,3,0.12565757724912133,False
US industrial production,St. Louis financial stress,9.861120972461736,0.01978430741648415,388,3,0.12702081864093082,False
Brent (long),Chicago financial conditions,9.86002148047531,0.019794258201413,469,3,0.12702081864093082,False
Brent (long),POS USD index,9.859468216696989,0.019799267290468867,397,3,0.12702081864093082,False
10y minus 2y spread,Sticky CPI,9.833095975242001,0.020039483732577062,599,3,0.12784537900922877,False
US CPI,Recession probability,9.827295900460447,0.020092697614275772,704,3,0.12784537900922877,False
Chicago financial conditions,10y minus 3m spread,9.825936066678523,0.020105193738731632,533,3,0.12784537900922877,False
Geopolitical risk,POS Crude oil,9.802027584800697,0.020326150678782,485,3,0.12887137175227767,False
US 2-year yield,Sticky CPI,9.79353877701111,0.020405174740685057,599,3,0.12899411634316107,False
US 2-year yield,Initial jobless claims,9.744044241874619,0.020871974162312457,600,3,0.1315603735828558,False
Chicago financial conditions,Brent (long),9.73410370083251,0.020966983486519444,469,3,0.13169001168988537,False
US industrial production,US nonfarm payrolls,9.727336337321676,0.021031907179807317,1047,3,0.13169001168988537,False
Nasdaq Composite,Henry Hub natural gas,9.72282730686352,0.021075274766281377,351,3,0.13169001168988537,False
CAD per USD,US equity market uncertainty,9.699588123964851,0.021300184107726085,497,3,0.13242739319373126,False
Bitcoin,JPY per USD,9.697984811104254,0.021315787618602443,173,3,0.13242739319373126,False
USD per EUR,POS USD index,9.681696871095498,0.021474940052460385,317,3,0.13282131266881575,False
POS S&P 500,MXN per USD,9.678932922236847,0.021502062642962772,323,3,0.13282131266881575,False
US 2-year yield,POS US 10-year notes,9.654841163949092,0.021739903296429035,485,3,0.1339078943785743,False
Consumer sentiment,POS USD index,9.619816574014637,0.022090289041205555,395,3,0.13548554747197816,False
Fed total assets,POS Gold,9.616736266548012,0.022121368296766093,282,3,0.13548554747197816,False
CAD per USD,US CPI,9.56798537058492,0.022619001245814733,662,3,0.1380004426102959,False
Brent (long),Henry Hub natural gas,9.564050092947802,0.0226596471446138,351,3,0.1380004426102959,False
WTI (long),US house prices (Case-Shiller),9.545969131197259,0.022847321242115675,470,3,0.13875255203779238,False
US 3-month yield,US equity market uncertainty,9.532257842875914,0.022990655771528604,497,3,0.1392319265491452,False
S&P PE10,Nasdaq Composite,9.522201925269258,0.023096338439246633,663,3,0.1392763988221598,False
Geopolitical risk,US industrial production,9.51930807533241,0.02312683958240304,495,3,0.1392763988221598,False
US CPI,US equity market uncertainty,9.490627072767232,0.023431281975475983,494,3,0.14033746863152036,False
USD broad index,Supply chain pressure,9.487751298199367,0.023462023700650203,244,3,0.14033746863152036,False
US house prices (Case-Shiller),US unemployment rate,9.484412660918437,0.023497763017858633,468,3,0.14033746863152036,False
Sticky CPI,US housing starts,9.460406353171997,0.02375632228343696,700,3,0.1410446778975356,False
JPY per USD,POS Gold,9.459855981112149,0.023762282659231432,485,3,0.1410446778975356,False
10y inflation breakeven,Fed total assets,9.45528050820285,0.02381189057937118,281,3,0.1410446778975356,False
US housing starts,Initial jobless claims,9.424996183186039,0.024142808564420297,712,3,0.1426140768204281,False
MXN per USD,S&P PE10,9.416189800163899,0.024239879955430373,390,3,0.14279733096359798,False
US M2 money supply,US industrial production,9.386202022099454,0.02457331044363462,807,3,0.14403933989485124,False
US CPI,POS USD index,9.380630470992902,0.02463575345450073,394,3,0.14403933989485124,False
POS Gold,Fed funds effective,9.379309515504207,0.024650580833068897,485,3,0.14403933989485124,False
10y inflation breakeven,CAD per USD,9.351070369485708,0.02496965934568809,281,3,0.14551052157783734,False
Bitcoin,St. Louis financial stress,9.315691847553996,0.025375126498843954,173,3,0.14747259861450443,False
St. Louis financial stress,US 10-year yield,9.309843278781411,0.02544277487660044,390,3,0.14747259861450443,False
Fed total assets,US house prices (Case-Shiller),9.299491130056339,0.025562948333542314,279,3,0.1476639367383168,False
10y inflation breakeven,USD broad index,9.295246336123707,0.02561238495692359,245,3,0.1476639367383168,False
10y minus 2y spread,US industrial production,9.273006401873227,0.02587293634445874,598,3,0.14876938398063774,False
Sticky CPI,US M2 money supply,9.2302115920597,0.026381628254016392,699,3,0.15129199014637518,False
US CPI,POS Crude oil,9.21836291141304,0.0265241950642712,482,3,0.1517071685951173,False
US equity market uncertainty,Initial jobless claims,9.20135547801529,0.026730154093081347,497,3,0.1524817761193717,False
Fed funds effective,US housing starts,9.186370771017094,0.026912916180538073,808,3,0.152784093180807,False
POS Gold,S&P PE10,9.185425488769248,0.026924486356099658,484,3,0.152784093180807,False
US 2-year yield,10y inflation breakeven,9.157105967518536,0.02727338425683808,281,3,0.15399950977261115,False
US housing starts,VIX,9.156480950513252,0.027281134247414466,436,3,0.15399950977261115,False
US housing starts,10y minus 2y spread,9.13604978941642,0.027535664949662014,599,3,0.15470627860454594,False
Fed total assets,10y inflation breakeven,9.13494831790152,0.02754945294299269,281,3,0.15470627860454594,False
Brent (long),10y inflation breakeven,9.116539093801958,0.027780899537773785,281,3,0.15527176628028583,False
Brent (long),Geopolitical threats,9.115518226347527,0.027793789801327757,469,3,0.15527176628028583,False
Fed funds effective,US house prices (Case-Shiller),9.099270205022144,0.027999740374719237,470,3,0.15564655175691638,False
USD broad index,US industrial production,9.098817900951007,0.02800549485539208,243,3,0.15564655175691638,False
MXN per USD,US house prices (Case-Shiller),9.093216715136034,0.028076852537094077,388,3,0.15564655175691638,False
US unemployment rate,POS Crude oil,9.084027168013915,0.02819431099880366,482,3,0.1558979549345614,False
US house prices (Case-Shiller),10y inflation breakeven,9.067066715436678,0.02841236041421808,278,3,0.15670286534576403,False
US house prices (Case-Shiller),JPY per USD,9.03126037800587,0.028878137087577357,470,3,0.1588664946141024,False
WTI (long),US equity market uncertainty,9.020941602778677,0.029013748348729565,485,3,0.1592074211420135,False
Nasdaq Composite,US unemployment rate,9.005994691262625,0.02921128993096352,661,3,0.15988559197656488,False
US equity market uncertainty,S&P PE10,8.969671685576454,0.029696847506028322,496,3,0.16213278865664957,False
WTI (long),Geopolitical threats,8.948373480949808,0.02998522270661999,485,3,0.16329484002950231,False
US house prices (Case-Shiller),Initial jobless claims,8.94008582142822,0.03009817599621459,470,3,0.16349813191913554,False
US house prices (Case-Shiller),Sticky CPI,8.932987032436701,0.03019525714197602,470,3,0.16361440085451667,False
Sticky CPI,POS S&P 500,8.912494062903873,0.030477236327099234,417,3,0.16472946234797137,False
Fed total assets,10y minus 3m spread,8.886193260285546,0.03084290901238727,282,3,0.16629019771765904,False
US CPI,Geopolitical acts,8.858197090721141,0.031236870911650318,494,3,0.1679953107238507,False
10y minus 3m spread,Fed funds effective,8.833736977491665,0.0315851006947324,533,3,0.16919686769034464,False
10y minus 2y spread,10y minus 3m spread,8.831523077908864,0.03161680598839003,533,3,0.16919686769034464,False
Geopolitical risk,Gold,8.821489553678905,0.031760887030314634,496,3,0.16954824138158084,False
MXN per USD,Consumer sentiment,8.810039130796344,0.0319260996148844,389,3,0.1700104122349263,False
Bitcoin,Consumer sentiment,8.799571571737024,0.032077866336558236,171,3,0.1703988870261398,False
CAD per USD,US economic policy uncertainty,8.793743125087962,0.03216267729535647,497,3,0.17043065762882523,False
Bitcoin,POS S&P 500,8.788007596240748,0.03224635030268464,105,3,0.1704562575902303,False
US 10-year yield,US CPI,8.7658753689417,0.03257122795965446,770,3,0.17175364597261691,False
Consumer sentiment,US housing starts,8.758542788831544,0.03267956684091559,579,3,0.1719056533091472,False
POS US 10-year notes,VIX,8.74271330241806,0.03291465059926765,437,3,0.17217228474020502,False
Supply chain pressure,Henry Hub natural gas,8.74150020948204,0.03293273432182134,338,3,0.17217228474020502,False
10y minus 2y spread,USD broad index,8.733995667893291,0.03304482160090303,245,3,0.17217228474020502,False
US core CPI,US industrial production,8.73270986160384,0.033064063709509636,829,3,0.17217228474020502,False
US core CPI,US unemployment rate,8.728413907489076,0.03312843221643168,830,3,0.17217228474020502,False
US CPI,US 2-year yield,8.678444303347229,0.03388621390555415,597,3,0.17567245215260852,False
Consumer sentiment,POS Gold,8.669811597047314,0.0340188333628635,483,3,0.17567245215260852,False
US 2-year yield,CAD per USD,8.665296745685106,0.03408839445641178,600,3,0.17567245215260852,False
US CPI,10y real yield (TIPS),8.661869625896507,0.03414128950007418,278,3,0.17567245215260852,False
USD broad index,Fed total assets,8.657542638132632,0.034208187953861324,245,3,0.17567245215260852,False
US housing starts,US unemployment rate,8.652067699496271,0.0342930182550008,806,3,0.17569077124955387,False
S&P PE10,10y inflation breakeven,8.626570847237168,0.034690790312808195,280,3,0.17730848382101966,False
US 3-month yield,Chicago financial conditions,8.618810235521558,0.034812755016734094,537,3,0.17746800808839222,False
US M2 money supply,USD per EUR,8.614151529409122,0.034886171802759804,327,3,0.17746800808839222,False
Chicago financial conditions,CAD per USD,8.581789435772677,0.035400360652298415,665,3,0.17934492452641004,False
Gold,US house prices (Case-Shiller),8.580497709811404,0.03542103736021142,470,3,0.17934492452641004,False
10y minus 2y spread,US equity market uncertainty,8.563777212326293,0.03568975042220756,497,3,0.17987870942194312,False
US 10-year yield,CAD per USD,8.563584355082698,0.03569286139778612,665,3,0.17987870942194312,False
10y real yield (TIPS),US CPI,8.551497260928008,0.035888367619161865,278,3,0.18044337393634408,False
US 3-month yield,10y minus 2y spread,8.532125668127145,0.036203883245090496,537,3,0.18160741432920105,False
US unemployment rate,US industrial production,8.507493517895934,0.03660899631154774,937,3,0.1827021102353709,False
US 2-year yield,Recession probability,8.503850786133272,0.03666928118904325,598,3,0.1827021102353709,False
POS Gold,Gold,8.501776465092732,0.03670365319384453,484,3,0.1827021102353709,False
US nonfarm payrolls,Geopolitical threats,8.49837178438626,0.03676013781331468,496,3,0.1827021102353709,False
US industrial production,USD broad index,8.484352139489841,0.036993623682532756,243,3,0.18336438345861686,False
US 3-month yield,US industrial production,8.480202278054817,0.03706301367780553,535,3,0.18336438345861686,False
POS USD index,POS Gold,8.474497066365286,0.037158618301487346,397,3,0.1834176547210403,False
Fed funds effective,Sticky CPI,8.446459615720425,0.037631964816396524,700,3,0.18533099756958835,False
10y inflation breakeven,Brent (long),8.437798802202689,0.03777936904404293,281,3,0.18563408153004732,False
CAD per USD,US housing starts,8.422059527223302,0.03804869098205439,664,3,0.18653349184399454,False
Gold,WTI (long),8.411541155654923,0.03822971970579755,484,3,0.18699695476003234,False
CAD per USD,WTI (long),8.39249950300742,0.03855958168626049,485,3,0.18818468534016972,False
Consumer sentiment,US equity market uncertainty,8.382161458864083,0.038739831578740454,495,3,0.188638549264047,False
10y inflation breakeven,Sticky CPI,8.375575371098822,0.038855092544094326,280,3,0.18877462939400433,False
CAD per USD,US industrial production,8.349329641275848,0.039317744485422815,663,3,0.18945227827985245,False
US unemployment rate,Brent (long),8.34869879826373,0.03932893071071307,466,3,0.18945227827985245,False
USD broad index,WTI (long),8.343257841397051,0.03942553978255052,245,3,0.18945227827985245,False
S&P PE10,Supply chain pressure,8.342376053479748,0.039441218512774684,340,3,0.18945227827985245,False
Sticky CPI,USD broad index,8.340912452508395,0.039467255669653756,244,3,0.18945227827985245,False
POS S&P 500,USD per EUR,8.337931329456449,0.03952034112128282,261,3,0.18945227827985245,False
WTI (long),Sticky CPI,8.315981202113099,0.03991336261135271,484,3,0.19091303089766495,False
Nasdaq Composite,Chicago financial conditions,8.305888161422487,0.04009535818765896,664,3,0.19136018631725976,False
US 3-month yield,Consumer sentiment,8.295008236998092,0.04029244959464157,535,3,0.19153867498773738,False
POS S&P 500,Supply chain pressure,8.294045059955833,0.040309943163469246,273,3,0.19153867498773738,False
St. Louis financial stress,Brent (long),8.257828384402362,0.04097312834964082,390,3,0.1932312073327105,False
US 10-year yield,US economic policy uncertainty,8.25571995997682,0.04101206311772386,497,3,0.1932312073327105,False
S&P PE10,10y minus 3m spread,8.25252015932149,0.04107122050932467,532,3,0.1932312073327105,False
Fed total assets,US M2 money supply,8.25047989254265,0.041108984077797034,280,3,0.1932312073327105,False
Bitcoin,POS Crude oil,8.250261797196613,0.041113022836746914,173,3,0.1932312073327105,False
Brent (long),Sticky CPI,8.234253820850041,0.04141052279939411,468,3,0.1940674984481423,False
POS USD index,POS US 10-year notes,8.228416325219957,0.041519531255486755,397,3,0.1940674984481423,False
Brent (long),US industrial production,8.22449789653326,0.04159286029881409,467,3,0.1940674984481423,False
POS US 10-year notes,USD per EUR,8.2214487578944,0.04165000891764016,329,3,0.1940674984481423,False
WTI (long),US 3-month yield,8.184918253844046,0.042340666452273634,485,3,0.19662542728330612,False
Fed funds effective,Gold,8.182809531484443,0.04238087378076811,862,3,0.19662542728330612,False
MXN per USD,POS Gold,8.175140341895881,0.04252741754205762,391,3,0.19688281954160294,False
CAD per USD,POS USD index,8.160663629691399,0.04280538796414525,397,3,0.19774625807367954,False
S&P PE10,Geopolitical acts,8.130671350356,0.04338692404440002,496,3,0.19977143549041176,False
Gold,JPY per USD,8.126500925997888,0.04346839406494954,664,3,0.19977143549041176,False
MXN per USD,US housing starts,8.1238134116925,0.04352097415170395,390,3,0.19977143549041176,False
10y minus 3m spread,US nonfarm payrolls,8.088764063941168,0.0442124020654796,532,3,0.2022965453899804,False
POS US 10-year notes,POS S&P 500,8.084402654285912,0.04429918618840585,417,3,0.2022965453899804,False
10y minus 2y spread,US unemployment rate,8.081140589776894,0.04436420383470112,597,3,0.2022965453899804,False
Sticky CPI,10y inflation breakeven,8.075763466247606,0.044471580690309806,280,3,0.2022965453899804,False
Fed total assets,USD broad index,8.07239751487489,0.044538924886970706,245,3,0.2022965453899804,False
US equity market uncertainty,POS Gold,8.066048648843658,0.04466622028267332,485,3,0.2024494093315298,False
CAD per USD,Brent (long),8.055200263027533,0.044884552368157575,469,3,0.20301339376559974,False
Fed total assets,US economic policy uncertainty,8.03939165973481,0.045204575426327206,282,3,0.2040340126758234,False
Recession probability,Fed funds effective,8.027434959103687,0.045448097547132256,706,3,0.20437600969907083,False
USD per EUR,Fed total assets,8.026097471832177,0.04547541749705846,282,3,0.20437600969907083,False
Chicago financial conditions,USD broad index,8.01688975519414,0.04566393197425792,245,3,0.20437600969907083,False
US equity market uncertainty,US 2-year yield,8.01459906696011,0.04571094857380423,497,3,0.20437600969907083,False
Sticky CPI,POS Crude oil,8.010468249072224,0.045795853233982935,484,3,0.20437600969907083,False
Recession probability,US core CPI,8.00773182911364,0.04585218206302364,704,3,0.20437600969907083,False
POS USD index,Chicago financial conditions,8.003372230655756,0.045942063234851255,397,3,0.20437600969907083,False
USD per EUR,Supply chain pressure,7.971699282081209,0.0466002315155931,328,3,0.2068782351883209,False
POS Crude oil,USD per EUR,7.949308554182817,0.04707104485416888,329,3,0.20854016183342852,False
US 3-month yield,10y real yield (TIPS),7.9353808457244055,0.047366238159112235,281,3,0.2093777781160029,False
Fed funds effective,Initial jobless claims,7.93126587694049,0.04745379800038919,713,3,0.2093777781160029,False
Initial jobless claims,MXN per USD,7.916956140709093,0.04775951444842136,391,3,0.21029749539203052,False
MXN per USD,US core CPI,7.889335207450888,0.04835504583130267,388,3,0.21222903338889462,False
USD broad index,US economic policy uncertainty,7.885278226532989,0.048443124462734334,245,3,0.21222903338889462,False
US 10-year yield,POS Crude oil,7.882999482235655,0.04849266535342921,485,3,0.21222903338889462,False
Bitcoin,USD per EUR,7.870484233320516,0.04876563265026305,173,3,0.21294012809837362,False
POS USD index,Henry Hub natural gas,7.866532680059086,0.04885212929546407,339,3,0.21294012809837362,False
MXN per USD,Chicago financial conditions,7.859719455532085,0.04900161663359871,391,3,0.2131619620962584,False
Sticky CPI,Geopolitical threats,7.853700615528799,0.049134044822454016,496,3,0.21330884519306342,False
US housing starts,POS US 10-year notes,7.843211617319179,0.04936565944040353,484,3,0.21359088908185334,False
Bitcoin,VIX,7.841814154514326,0.04939659784501696,173,3,0.21359088908185334,False
Supply chain pressure,US equity market uncertainty,7.826804541032287,0.04973008723045721,340,3,0.21437018909910388,False
POS Gold,Initial jobless claims,7.824784697433915,0.04977513178896861,485,3,0.21437018909910388,False
US equity market uncertainty,10y real yield (TIPS),7.780885977487947,0.05076398156313871,281,3,0.218194290535797,False
US housing starts,US industrial production,7.766198642816785,0.05109907041831431,807,3,0.21919879016745145,False
Nasdaq Composite,POS USD index,7.753850197500557,0.05138246170997686,397,3,0.2198258370725915,False
S&P PE10,Sticky CPI,7.750977824781919,0.05144860016592567,700,3,0.2198258370725915,False
VIX,US 3-month yield,7.7229997330478835,0.05209716132944696,437,3,0.22209597257163569,False
Chicago financial conditions,Initial jobless claims,7.710140806320712,0.05239790434013309,665,3,0.22209597257163569,False
US 10-year yield,10y minus 2y spread,7.710122869691684,0.05239832501632887,600,3,0.22209597257163569,False
US 2-year yield,10y minus 2y spread,7.710122869691646,0.05239832501632983,600,3,0.22209597257163569,False
Fed total assets,US core CPI,7.7060665600715375,0.05249354393344396,279,3,0.22209597257163569,False
POS US 10-year notes,US house prices (Case-Shiller),7.686158932300153,0.05296330490934414,470,3,0.2236458304960977,False
Recession probability,WTI (long),7.673203773681385,0.053271200402756985,483,3,0.2245074761613267,False
Supply chain pressure,US house prices (Case-Shiller),7.659913863419012,0.05358885915978394,338,3,0.2254068356098305,False
Chicago financial conditions,Sticky CPI,7.645696035770986,0.05393073531632495,664,3,0.22640436845416417,False
USD broad index,US housing starts,7.623602412110141,0.054466199145237794,244,3,0.2282091522325661,False
S&P PE10,St. Louis financial stress,7.608537940241314,0.05483426163434556,389,3,0.22930691228908143,False
JPY per USD,10y minus 2y spread,7.59773541979783,0.055099680500060595,600,3,0.22965565320910328,False
WTI (long),US industrial production,7.596500432844266,0.05513010361495125,483,3,0.22965565320910328,False
10y real yield (TIPS),Supply chain pressure,7.571128038700881,0.05575875968714655,280,3,0.23182776623771315,False
Nasdaq Composite,POS Crude oil,7.5544255673207354,0.056176394057895,485,3,0.23309207706695706,False
S&P PE10,10y minus 2y spread,7.550361357079496,0.056278475591559476,599,3,0.23309207706695706,False
MXN per USD,Supply chain pressure,7.537550872030221,0.05660141905071126,340,3,0.23384041653045112,False
Consumer sentiment,POS Crude oil,7.534623209772944,0.05667547560682534,483,3,0.23384041653045112,False
US economic policy uncertainty,POS Gold,7.50330271185822,0.05747365187926365,485,3,0.23668197211993905,False
US equity market uncertainty,US 3-month yield,7.489997239781275,0.0578160234418381,497,3,0.23763924464116726,False
10y minus 2y spread,Bitcoin,7.483230667639932,0.05799089697548823,173,3,0.23790572914801814,False
Fed total assets,Sticky CPI,7.460288527395525,0.05858763699008223,281,3,0.2397932502876114,False
Brent (long),St. Louis financial stress,7.457032242094346,0.0586728165597347,390,3,0.2397932502876114,False
POS Gold,Chicago financial conditions,7.450125226153196,0.05885389178850323,485,3,0.2400794604655547,False
Geopolitical threats,POS Crude oil,7.4397884313155735,0.05912589596013687,485,3,0.24059532381539459,False
Recession probability,10y real yield (TIPS),7.433263979117424,0.05929820900841304,279,3,0.24059532381539459,False
10y minus 2y spread,US housing starts,7.431368431232201,0.05934836236091315,599,3,0.24059532381539459,False
US house prices (Case-Shiller),POS US 10-year notes,7.425988681327719,0.0594909267234486,470,3,0.24059532381539459,False
US equity market uncertainty,Consumer sentiment,7.421843851700516,0.05960099201870041,495,3,0.24059532381539459,False
Fed funds effective,POS USD index,7.42007384729973,0.059648054377914664,397,3,0.24059532381539459,False
MXN per USD,Geopolitical risk,7.377813768463723,0.06078246620885206,391,3,0.24471451013694256,False
CAD per USD,St. Louis financial stress,7.3696136728396695,0.06100499732436269,390,3,0.2451539111808032,False
St. Louis financial stress,WTI (long),7.344187683105147,0.06170003247787243,390,3,0.2474869577312805,False
Henry Hub natural gas,Supply chain pressure,7.337305354496575,0.06188948172489817,338,3,0.2477871472022775,False
Brent (long),POS S&P 500,7.305165161888555,0.06278169359085065,401,3,0.2508946793778542,False
Recession probability,Geopolitical acts,7.296459175292184,0.06302550985416315,495,3,0.2514043400455733,False
Fed funds effective,Geopolitical acts,7.284351682832977,0.06336611339447831,497,3,0.2521037830488146,False
US house prices (Case-Shiller),Gold,7.281943588883593,0.06343406937028452,470,3,0.2521037830488146,False
US CPI,Consumer sentiment,7.269802357082102,0.06377776981976283,577,3,0.2530046575235362,False
St. Louis financial stress,US core CPI,7.242790629487875,0.06454891740380364,387,3,0.2551559256961481,False
Gold,Henry Hub natural gas,7.24254045947013,0.06455610145966373,350,3,0.2551559256961481,False
Fed funds effective,USD per EUR,7.224649058615755,0.06507189675367851,329,3,0.2567252569004616,False
Brent (long),US M2 money supply,7.214884608180208,0.06535507984117199,467,3,0.2573728280812638,False
WTI (long),US 2-year yield,7.190476860991268,0.0660681700777795,485,3,0.2593238605452024,False
POS S&P 500,Geopolitical threats,7.188947959061679,0.06611308795755286,417,3,0.2593238605452024,False
Brent (long),USD per EUR,7.185640914902591,0.06621034737324316,329,3,0.2593238605452024,False
POS Crude oil,Initial jobless claims,7.17115582251998,0.06663798546144632,485,3,0.2605268075364321,False
Nasdaq Composite,USD per EUR,7.166189362739658,0.06678522314120154,329,3,0.2606311415727035,False
USD broad index,Consumer sentiment,7.160978522632659,0.06694004439771466,243,3,0.2607646414195659,False
POS Gold,Nasdaq Composite,7.128220854820428,0.0679213070754862,485,3,0.2638010895219069,False
Supply chain pressure,10y minus 3m spread,7.126373971858835,0.0679770434766625,340,3,0.2638010895219069,False
POS US 10-year notes,US 3-month yield,7.122781949353133,0.06808557259631084,485,3,0.2638010895219069,False
Geopolitical acts,Gold,7.079393012570959,0.06940984064357021,496,3,0.26845094002039144,False
POS Crude oil,St. Louis financial stress,7.072003747354848,0.06963783692693011,390,3,0.2688517918500409,False
Sticky CPI,Gold,7.061608036742223,0.0699598242455454,700,3,0.26951587042656355,False
WTI (long),US M2 money supply,7.0584099870775825,0.0700591670581539,483,3,0.26951587042656355,False
POS Gold,St. Louis financial stress,7.040730326117054,0.07061082718085218,390,3,0.2711556098845514,False
St. Louis financial stress,10y inflation breakeven,7.026494819698632,0.07105806990294823,281,3,0.2723892679613016,False
US 10-year yield,WTI (long),7.013237110020508,0.07147705541565418,485,3,0.2735104315197245,False
Brent (long),Initial jobless claims,7.000437905815892,0.07188381625869167,469,3,0.27458093772312964,False
Chicago financial conditions,US house prices (Case-Shiller),6.982529629353278,0.07245670215254885,470,3,0.2762811112060152,False
POS S&P 500,St. Louis financial stress,6.959559504585428,0.07319797980646918,322,3,0.27822517700062754,False
Geopolitical acts,Brent (long),6.958759615649742,0.0732239249367979,469,3,0.27822517700062754,False
WTI (long),Brent (long),6.948962210503476,0.07354243468039595,469,3,0.27894516452458956,False
US core CPI,Bitcoin,6.922291607647107,0.0744162823558635,170,3,0.2817653282896268,False
US core CPI,Recession probability,6.909617127939569,0.07483506276575087,704,3,0.2825218751403971,False
US core CPI,POS S&P 500,6.906901900188823,0.0749250728526798,417,3,0.2825218751403971,False
10y real yield (TIPS),Henry Hub natural gas,6.904399495873474,0.07500812041192781,279,3,0.2825218751403971,False
JPY per USD,10y real yield (TIPS),6.900174756593746,0.07514852908629112,281,3,0.2825584693644546,False
Geopolitical acts,POS Crude oil,6.883248815606304,0.07571361064499996,485,3,0.2841889344001561,False
S&P PE10,US unemployment rate,6.865246752583887,0.07631912159785438,938,3,0.2857183189035322,False
US 3-month yield,Recession probability,6.8610014672698005,0.0764625943623883,535,3,0.2857183189035322,False
Brent (long),US 2-year yield,6.859377893206822,0.07651753313836501,469,3,0.2857183189035322,False
USD per EUR,Brent (long),6.8492479890394735,0.07686117221395164,329,3,0.2860484310935922,False
Henry Hub natural gas,US 3-month yield,6.848972033517276,0.07687055433181178,351,3,0.2860484310935922,False
10y inflation breakeven,WTI (long),6.838763523265476,0.07721840797675718,281,3,0.2868491375356512,False
Consumer sentiment,MXN per USD,6.832813793197137,0.07742184458437561,389,3,0.28685075587570735,False
Henry Hub natural gas,US industrial production,6.830993147021839,0.07748420047706434,349,3,0.28685075587570735,False
Geopolitical threats,Gold,6.817784568456923,0.07793803900463242,496,3,0.2880376757743851,False
Consumer sentiment,Chicago financial conditions,6.813206802707533,0.07809592599124238,579,3,0.28812865527826964,False
US 2-year yield,WTI (long),6.8066139573996685,0.07832385548940725,485,3,0.28847730079744205,False
10y real yield (TIPS),JPY per USD,6.780045118309317,0.07924892294736809,281,3,0.2910805299682056,False
US M2 money supply,VIX,6.778589082128428,0.07929992236414111,435,3,0.2910805299682056,False
Geopolitical acts,US equity market uncertainty,6.752907720691265,0.0802046637750875,497,3,0.293902513697863,False
Henry Hub natural gas,US CPI,6.7321338773153325,0.0809437916953041,348,3,0.29610909923053713,False
Sticky CPI,Fed funds effective,6.719525221880702,0.08139560283086181,700,3,0.2972589414194649,False
Brent (long),WTI (long),6.712897856125511,0.08163405787750931,469,3,0.29762703732070006,False
S&P PE10,POS Gold,6.687779738316272,0.08254394474276461,484,3,0.3002779167570269,False
USD per EUR,POS US 10-year notes,6.685173079009978,0.08263892713710962,329,3,0.3002779167570269,False
10y minus 2y spread,POS US 10-year notes,6.672424050273504,0.083105000363825,485,3,0.30100389739344535,False
Recession probability,JPY per USD,6.672092018669319,0.0831171724069782,663,3,0.30100389739344535,False
US equity market uncertainty,Chicago financial conditions,6.653804516541916,0.08379023874061182,497,3,0.302238150592696,False
USD per EUR,MXN per USD,6.653118280430675,0.08381559742219065,329,3,0.302238150592696,False
JPY per USD,Geopolitical threats,6.651447272431813,0.08387737759279258,497,3,0.302238150592696,False
Brent (long),US equity market uncertainty,6.634646247926799,0.08450098472545528,469,3,0.3037048363804501,False
Consumer sentiment,US CPI,6.632918637217951,0.08456536147133717,577,3,0.3037048363804501,False
USD per EUR,10y inflation breakeven,6.619034980869657,0.0850844326114762,281,3,0.3050622608723243,False
Consumer sentiment,US economic policy uncertainty,6.60560045545829,0.08558963250869547,495,3,0.306079256277491,False
Consumer sentiment,US 10-year yield,6.602078657419039,0.08572254544982143,579,3,0.306079256277491,False
Fed total assets,MXN per USD,6.597521673365581,0.08589482139214417,282,3,0.306079256277491,False
Consumer sentiment,Initial jobless claims,6.596476781743661,0.08593437028697365,579,3,0.306079256277491,False
USD broad index,St. Louis financial stress,6.571853777904935,0.0868714358601724,245,3,0.30890796764752093,False
10y minus 2y spread,Gold,6.565938201980424,0.08709802326086742,599,3,0.30920513348110895,False
Gold,Bitcoin,6.561971185270368,0.08725029253569151,172,3,0.309237922069123,False
US 2-year yield,Brent (long),6.526702446573001,0.0886153530623955,469,3,0.31323728773982495,False
US industrial production,Nasdaq Composite,6.52534081144665,0.08866846442958967,662,3,0.31323728773982495,False
US economic policy uncertainty,Fed funds effective,6.517658897981285,0.08896867618880261,497,3,0.3137851189562663,False
10y minus 3m spread,Bitcoin,6.476524194456816,0.09059294364900941,173,3,0.31899339441231,False
US CPI,US economic policy uncertainty,6.454058554015387,0.09149203590939137,494,3,0.3214116845724904,False
Fed funds effective,S&P PE10,6.451945121737755,0.09157705721399356,862,3,0.3214116845724904,False
VIX,Fed funds effective,6.441151102589211,0.09201247591594942,437,3,0.3215528368071684,False
POS US 10-year notes,Geopolitical acts,6.439946689295822,0.09206118384091548,485,3,0.3215528368071684,False
JPY per USD,Fed funds effective,6.436320026301733,0.09220800018145073,665,3,0.3215528368071684,False
POS S&P 500,Geopolitical risk,6.436216564591396,0.0922121918688457,417,3,0.3215528368071684,False
USD broad index,US house prices (Case-Shiller),6.404329364101025,0.09351284562558095,242,3,0.32556324032609657,False
WTI (long),St. Louis financial stress,6.3797074059182695,0.09452919804146438,390,3,0.3285725501055402,False
Henry Hub natural gas,US house prices (Case-Shiller),6.357632961225739,0.0954494071573273,348,3,0.33123855260696894,False
Recession probability,US unemployment rate,6.349083814010511,0.0958080981841364,704,3,0.3315676303941031,False
CAD per USD,US 2-year yield,6.3387715377495955,0.09624248600705573,600,3,0.3315676303941031,False
10y inflation breakeven,Consumer sentiment,6.336948252899157,0.09631948536903813,279,3,0.3315676303941031,False
US unemployment rate,S&P PE10,6.33664000301121,0.09633250895050563,938,3,0.3315676303941031,False
S&P PE10,POS Crude oil,6.32813268917668,0.0966926115148643,484,3,0.3315676303941031,False
US 3-month yield,Sticky CPI,6.3214528997176895,0.0969762628415174,536,3,0.3315676303941031,False
US M2 money supply,CAD per USD,6.320395711739512,0.09702122853612846,663,3,0.3315676303941031,False
Geopolitical risk,US CPI,6.320202958273537,0.09702942913413003,494,3,0.3315676303941031,False
US 3-month yield,Geopolitical risk,6.319786373851147,0.09704715477898648,497,3,0.3315676303941031,False
10y inflation breakeven,US industrial production,6.317422671327519,0.09714778906034548,279,3,0.3315676303941031,False
US 10-year yield,Brent (long),6.315465039538249,0.09723121076311811,469,3,0.3315676303941031,False
VIX,US house prices (Case-Shiller),6.306182603198462,0.09762770542887257,434,3,0.3319973831151587,False
VIX,10y inflation breakeven,6.305326416804021,0.09766435506995418,281,3,0.3319973831151587,False
US 2-year yield,POS Gold,6.284993214945362,0.09853862161844829,485,3,0.33405711794811493,False
POS US 10-year notes,US housing starts,6.281688439303717,0.09868142459620077,484,3,0.33405711794811493,False
Fed funds effective,CAD per USD,6.280477263513175,0.09873381053138088,665,3,0.33405711794811493,False
POS US 10-year notes,Nasdaq Composite,6.273092810083815,0.09905378156079254,485,3,0.33461605583505233,False
St. Louis financial stress,US 3-month yield,6.268316576509398,0.09926126700845964,390,3,0.3347938522188607,False
US 2-year yield,Gold,6.258608456065321,0.09968428529142412,599,3,0.3356969233645778,False
US 10-year yield,S&P PE10,6.251458199722145,0.09999695327581777,772,3,0.33613899249321016,False
Gold,Consumer sentiment,6.247901887031686,0.1001528145263747,579,3,0.33613899249321016,False
JPY per USD,Geopolitical risk,6.244958616973355,0.10028198434695677,497,3,0.33613899249321016,False
POS Gold,POS Crude oil,6.241108450384328,0.10045119587896018,485,3,0.3361849620593063,False
US 2-year yield,Consumer sentiment,6.225559361405084,0.10113735472321361,579,3,0.33795820851868286,False
POS US 10-year notes,Geopolitical risk,6.208642210751741,0.10188898765330283,485,3,0.33986583602438003,False
US house prices (Case-Shiller),US equity market uncertainty,6.202774227203747,0.10215095207543064,470,3,0.33986583602438003,False
Supply chain pressure,US unemployment rate,6.2021282368208555,0.1021798304421124,338,3,0.33986583602438003,False
Fed total assets,US equity market uncertainty,6.196938174848348,0.10241213121419362,282,3,0.34011524990028663,False
US M2 money supply,US unemployment rate,6.186533902604337,0.10287933882790146,805,3,0.34114283826061803,False
Gold,Sticky CPI,6.15964822075976,0.10409612676388597,700,3,0.3441240619894305,False
Supply chain pressure,Brent (long),6.155847963505176,0.10426922636035214,340,3,0.3441240619894305,False
POS Gold,US core CPI,6.1541584306045385,0.10434627214929006,482,3,0.3441240619894305,False
POS USD index,Bitcoin,6.1526507421827805,0.10441507153795856,173,3,0.3441240619894305,False
MXN per USD,Fed total assets,6.132426020076656,0.10534218418446308,282,3,0.34618257060577534,False
Nasdaq Composite,CAD per USD,6.128728527563589,0.10551252948395341,664,3,0.34618257060577534,False
Geopolitical threats,10y inflation breakeven,6.128565761790557,0.10552003424107582,281,3,0.34618257060577534,False
Nasdaq Composite,US house prices (Case-Shiller),6.119442052252911,0.10594152585434287,470,3,0.34703875590468075,False
USD broad index,Chicago financial conditions,6.1021399400466825,0.10674526917145549,245,3,0.34881260587467366,False
POS USD index,US M2 money supply,6.100843881315696,0.10680571003193061,395,3,0.34881260587467366,False
Bitcoin,USD broad index,6.058136615718663,0.1088157569485905,173,3,0.35453800313321776,False
Sticky CPI,Nasdaq Composite,6.053927565218699,0.10901580654432005,663,3,0.35453800313321776,False
US housing starts,US 2-year yield,6.053192620090605,0.10905077339666502,599,3,0.35453800313321776,False
US house prices (Case-Shiller),Geopolitical threats,6.046272699250835,0.10938053240428362,470,3,0.35507614272982163,False
Initial jobless claims,Nasdaq Composite,6.041741121531114,0.10959699487415407,664,3,0.3552454316610511,False
WTI (long),Initial jobless claims,6.028678274406986,0.1102232704181362,485,3,0.35674058479642284,False
US core CPI,10y minus 2y spread,6.025149841411225,0.11039302117399143,597,3,0.3567559219404626,False
St. Louis financial stress,US industrial production,6.021597851759437,0.11056415769208387,388,3,0.35677568497057516,False
US 2-year yield,Henry Hub natural gas,6.015255490610487,0.11087036664938665,351,3,0.3572306001430312,False
US CPI,Henry Hub natural gas,6.004660294459896,0.11138371164414844,348,3,0.35835057228370376,False
Fed total assets,JPY per USD,5.968899850977719,0.11313315759794862,282,3,0.3634381674989077,False
St. Louis financial stress,POS Gold,5.956159208412345,0.11376276568840678,390,3,0.3634739238260706,False
USD broad index,Fed funds effective,5.955078193956778,0.11381634027691384,245,3,0.3634739238260706,False
10y inflation breakeven,Nasdaq Composite,5.955052048535486,0.11381763633064575,281,3,0.3634739238260706,False
Nasdaq Composite,Fed total assets,5.9520377782527145,0.11396715115301054,282,3,0.3634739238260706,False
POS S&P 500,S&P PE10,5.951680517875032,0.11398488453009985,417,3,0.3634739238260706,False
USD broad index,US equity market uncertainty,5.94233929648543,0.11444949235458014,245,3,0.3644179712380004,False
US 2-year yield,POS Crude oil,5.91514027720112,0.11581262193113646,485,3,0.3677670144494668,False
POS Gold,Geopolitical threats,5.911507626298411,0.11599584815141172,485,3,0.3677670144494668,False
US core CPI,US housing starts,5.911195359340672,0.11601161140357834,806,3,0.3677670144494668,False
POS Crude oil,10y minus 2y spread,5.906551922364665,0.11624625376792269,485,3,0.36797130402086214,False
POS US 10-year notes,US 10-year yield,5.893145465466686,0.11692625416648143,485,3,0.36958269226305973,False
US 10-year yield,US nonfarm payrolls,5.843892856368622,0.11945717022933784,772,3,0.3766805826739773,False
10y real yield (TIPS),VIX,5.840269168032842,0.11964542801907767,281,3,0.3766805826739773,False
Bitcoin,Henry Hub natural gas,5.837394226000136,0.11979498819484401,173,3,0.3766805826739773,False
MXN per USD,St. Louis financial stress,5.835977559103546,0.11986875156322682,390,3,0.3766805826739773,False
St. Louis financial stress,VIX,5.822225635225967,0.12058704441699584,390,3,0.37838779394709,False
US industrial production,VIX,5.803260026603416,0.12158439387419925,435,3,0.3805346354262217,False
Nasdaq Composite,US nonfarm payrolls,5.802524435607761,0.12162323454186827,663,3,0.3805346354262217,False
US unemployment rate,JPY per USD,5.780425419943526,0.12279563550010589,662,3,0.38300160221234664,False
US M2 money supply,Henry Hub natural gas,5.779142675786052,0.122864017494402,349,3,0.38300160221234664,False
Henry Hub natural gas,10y minus 2y spread,5.77765892923353,0.1229431600071085,351,3,0.38300160221234664,False
US 3-month yield,Gold,5.770946863777877,0.12330178637215428,536,3,0.3835661325706439,False
US 2-year yield,Nasdaq Composite,5.756340629844375,0.124085645727673,600,3,0.38544995124027154,False
POS Gold,US 2-year yield,5.744893109797279,0.12470330430569448,485,3,0.38681283200704664,False
Fed funds effective,USD broad index,5.734250452870603,0.1252801611050878,245,3,0.38804542737707715,False
Geopolitical acts,POS Gold,5.725742006698357,0.12574316518809575,485,3,0.3886355848276881,False
Bitcoin,US economic policy uncertainty,5.720532052400859,0.1260274788390037,173,3,0.3886355848276881,False
US nonfarm payrolls,POS US 10-year notes,5.720007460230958,0.12605614036638532,484,3,0.3886355848276881,False
POS S&P 500,POS Gold,5.714696964358415,0.12634663320856573,417,3,0.3886355848276881,False
CAD per USD,10y inflation breakeven,5.714279792363881,0.1263694801729254,281,3,0.3886355848276881,False
Fed funds effective,US industrial production,5.710552917268587,0.1265737618520039,861,3,0.3887108993239097,False
10y real yield (TIPS),US house prices (Case-Shiller),5.691985084547146,0.1275962144390136,278,3,0.391295057612975,False
Bitcoin,10y minus 2y spread,5.688533012621686,0.12778716982013957,173,3,0.3913255823670563,False
10y minus 3m spread,10y minus 2y spread,5.676174329644402,0.12847303600705423,533,3,0.3928694538150654,False
US unemployment rate,VIX,5.672259191316749,0.12869104261947942,434,3,0.39298027421372106,False
POS Gold,Geopolitical risk,5.654366987016541,0.12969181953664183,485,3,0.39547773460961866,False
Consumer sentiment,POS US 10-year notes,5.646650948781644,0.1301256858727443,483,3,0.3962418772632017,False
10y inflation breakeven,VIX,5.63726167058902,0.13065549828763898,281,3,0.39729562207858715,False
USD per EUR,S&P PE10,5.627438772288407,0.13121197308035493,328,3,0.39842736769624626,False
US house prices (Case-Shiller),Fed funds effective,5.61990801239898,0.13164012106857736,470,3,0.39916681872407334,False
US economic policy uncertainty,S&P PE10,5.604553423953016,0.1325171950768554,496,3,0.3999179074649457,False
St. Louis financial stress,Initial jobless claims,5.604375178939196,0.13252740918729378,390,3,0.3999179074649457,False
US house prices (Case-Shiller),US 2-year yield,5.602275359813119,0.13264779304594743,470,3,0.3999179074649457,False
US 10-year yield,Initial jobless claims,5.600779067524494,0.13273363973607014,713,3,0.3999179074649457,False
US 3-month yield,Geopolitical threats,5.598963979654336,0.1328378475079203,497,3,0.3999179074649457,False
Gold,US nonfarm payrolls,5.5961827184948305,0.13299767597932283,1048,3,0.3999179074649457,False
POS S&P 500,US house prices (Case-Shiller),5.592505782108386,0.13320925587287108,405,3,0.39999779332937124,False
10y inflation breakeven,10y minus 2y spread,5.5761179371150975,0.1341561459667396,281,3,0.40201469528097505,False
Sticky CPI,Geopolitical risk,5.573937724245618,0.13428259938861836,496,3,0.40201469528097505,False
US core CPI,Nasdaq Composite,5.57124780777772,0.13443877182615402,661,3,0.40201469528097505,False
Recession probability,Henry Hub natural gas,5.554866388778999,0.13539358099641247,349,3,0.4042223362555958,False
POS Crude oil,US unemployment rate,5.552176665102519,0.13555096844833808,482,3,0.4042223362555958,False
US economic policy uncertainty,CAD per USD,5.533433584224117,0.13665253812920244,497,3,0.40663967268276,False
10y minus 2y spread,US 3-month yield,5.528580131918956,0.13693916712102422,537,3,0.40663967268276,False
US 10-year yield,Nasdaq Composite,5.523054249548496,0.137266202008523,664,3,0.40663967268276,False
US house prices (Case-Shiller),10y minus 3m spread,5.519863029134532,0.13745540338742315,470,3,0.40663967268276,False
US 2-year yield,US nonfarm payrolls,5.5144156560210575,0.13777893942340047,599,3,0.40663967268276,False
Consumer sentiment,Fed funds effective,5.5138676439516585,0.1378115274831378,579,3,0.40663967268276,False
Geopolitical threats,CAD per USD,5.5135871807143,0.13782820832478815,497,3,0.40663967268276,False
Sticky CPI,St. Louis financial stress,5.508770928428543,0.13811495889611045,389,3,0.40663967268276,False
10y real yield (TIPS),US economic policy uncertainty,5.506257068811758,0.13826485399743743,281,3,0.40663967268276,False
POS US 10-year notes,Consumer sentiment,5.504679231658603,0.13835901523526745,483,3,0.40663967268276,False
Recession probability,S&P PE10,5.501873646543687,0.13852659551284832,706,3,0.40663967268276,False
US 10-year yield,Sticky CPI,5.498102895534512,0.13875212927471342,700,3,0.40663967268276,False
Brent (long),US 3-month yield,5.497191442030022,0.13880669678070162,469,3,0.40663967268276,False
POS Gold,10y real yield (TIPS),5.490296483934688,0.1392201483932032,281,3,0.4068491142900173,False
US economic policy uncertainty,POS USD index,5.489723600495141,0.1392545534572677,397,3,0.4068491142900173,False
10y minus 3m spread,US 10-year yield,5.481694338712382,0.1397376074470178,533,3,0.4073051247743998,False
US equity market uncertainty,Brent (long),5.480867853760216,0.13978742025097346,469,3,0.4073051247743998,False
WTI (long),Gold,5.47052629251936,0.14041213773421574,484,3,0.4078330848963731,False
Fed funds effective,Supply chain pressure,5.469256974155607,0.14048899733389592,340,3,0.4078330848963731,False
Supply chain pressure,US industrial production,5.4685053660295,0.14053452740416186,339,3,0.4078330848963731,False
S&P PE10,WTI (long),5.448428697668579,0.14175589697293559,484,3,0.40975456448394176,False
Chicago financial conditions,POS Crude oil,5.448086395046356,0.14177680798307296,485,3,0.40975456448394176,False
US 3-month yield,Initial jobless claims,5.444243588142861,0.14201176280558025,537,3,0.40975456448394176,False
MXN per USD,10y minus 3m spread,5.4397469724824505,0.14228716075945855,391,3,0.40975456448394176,False
POS USD index,10y inflation breakeven,5.43961553110911,0.14229521857097743,281,3,0.40975456448394176,False
POS Gold,Geopolitical acts,5.438986259699428,0.14233380107652185,485,3,0.40975456448394176,False
10y inflation breakeven,US 3-month yield,5.4305911064083805,0.1428494817443306,281,3,0.41069226001495046,False
Geopolitical threats,MXN per USD,5.427437189323322,0.14304367109425617,391,3,0.410704404921357,False
Recession probability,Gold,5.4193951365855675,0.14353995908539932,706,3,0.41158274740402295,False
US CPI,Supply chain pressure,5.408660527687247,0.1442049498880302,338,3,0.412941856500558,False
Geopolitical threats,US CPI,5.402268314270611,0.14460232097449818,494,3,0.41353203432125013,False
10y inflation breakeven,US equity market uncertainty,5.392732755179353,0.14519702444139648,281,3,0.4145333703996726,False
US house prices (Case-Shiller),POS Crude oil,5.390510745126251,0.14533593652310445,470,3,0.4145333703996726,False
Geopolitical risk,10y inflation breakeven,5.385167952397453,0.1456704636483239,281,3,0.41494010857401353,False
Geopolitical risk,POS Gold,5.373550257768155,0.14640039608958474,485,3,0.416470600454845,False
10y inflation breakeven,Chicago financial conditions,5.358847356510006,0.14732913106226542,281,3,0.41856186774851223,False
MXN per USD,POS Crude oil,5.352985072743107,0.14770098420230596,391,3,0.41906762184433793,False
POS Crude oil,US core CPI,5.349589467318025,0.1479167781112462,482,3,0.4191298483309493,False
Henry Hub natural gas,WTI (long),5.336915959445938,0.14872482694354283,351,3,0.4208679003297639,False
US 2-year yield,US house prices (Case-Shiller),5.30110987990463,0.15103038888513454,470,3,0.42485689878085264,False
US industrial production,US economic policy uncertainty,5.299670707085374,0.1511237598434645,495,3,0.42485689878085264,False
US economic policy uncertainty,US equity market uncertainty,5.298563006565711,0.1511956626052514,497,3,0.42485689878085264,False
Geopolitical acts,WTI (long),5.297553080089067,0.1512612468461179,485,3,0.42485689878085264,False
Brent (long),Geopolitical risk,5.294561278271908,0.15145569106680962,469,3,0.42485689878085264,False
US 2-year yield,US 3-month yield,5.293974773248135,0.15149383707261474,537,3,0.42485689878085264,False
10y minus 3m spread,POS Crude oil,5.2937259578888245,0.15151002264571573,485,3,0.42485689878085264,False
Fed total assets,S&P PE10,5.279109351269206,0.15246371196439387,281,3,0.42652508147051604,False
Henry Hub natural gas,Chicago financial conditions,5.278562751776582,0.15249948565065166,351,3,0.42652508147051604,False
US 2-year yield,Supply chain pressure,5.273620421550263,0.15282330986618772,340,3,0.4268785477140799,False
10y minus 2y spread,Chicago financial conditions,5.263936205128597,0.15345970828093464,600,3,0.4281030829721041,False
CAD per USD,Consumer sentiment,5.244698945344177,0.15473131216729766,579,3,0.43099262940772853,False
10y real yield (TIPS),US equity market uncertainty,5.241736113998142,0.1549280399682608,281,3,0.43099262940772853,False
US 10-year yield,Recession probability,5.2392461144308395,0.1550935548932529,706,3,0.43099262940772853,False
USD broad index,US 2-year yield,5.234953081615281,0.15537931263877422,245,3,0.4312324440629395,False
US core CPI,US 10-year yield,5.227560525637089,0.15587254875536918,770,3,0.43204673129372845,False
US 2-year yield,Geopolitical risk,5.220603754608588,0.15633805753636218,497,3,0.4327821772005314,False
POS S&P 500,US 2-year yield,5.203360896701236,0.15749751275539384,417,3,0.4354342999707947,False
Sticky CPI,WTI (long),5.196097609132317,0.15798833806296378,484,3,0.43612361949825384,False
Supply chain pressure,POS US 10-year notes,5.193705756380256,0.15815028570149445,340,3,0.43612361949825384,False
Geopolitical acts,Nasdaq Composite,5.18985228055375,0.15841152610961373,497,3,0.43628754069934383,False
CAD per USD,US 10-year yield,5.1821241631120545,0.15893666800112033,665,3,0.43717694175371774,False
Gold,US CPI,5.173938309451223,0.15949470289153944,950,3,0.4381544442840003,False
Nasdaq Composite,Geopolitical threats,5.170449598032968,0.159733091170677,497,3,0.43825246587690825,False
US CPI,US industrial production,5.1669957730958105,0.15996942623601704,949,3,0.4383446128292381,False
St. Louis financial stress,POS USD index,5.160501865814645,0.16041467733937548,378,3,0.43900826887054406,False
Initial jobless claims,Geopolitical threats,5.155805068805115,0.16073743774295474,497,3,0.4393354493050166,False
US house prices (Case-Shiller),US industrial production,5.147630115094174,0.16130067361157313,470,3,0.44028766901019895,False
POS Gold,Fed total assets,5.144843084108265,0.1614931181892173,282,3,0.44028766901019895,False
Fed funds effective,US nonfarm payrolls,5.126435023338286,0.1627696345293679,862,3,0.4429538306770244,False
10y real yield (TIPS),Brent (long),5.124570617628105,0.1628994510430531,281,3,0.4429538306770244,False
Geopolitical threats,Fed total assets,5.121898404957982,0.16308568419006078,282,3,0.4429538306770244,False
POS US 10-year notes,Henry Hub natural gas,5.107836421419823,0.16406900449059517,351,3,0.4450654801865329,False
US 3-month yield,POS US 10-year notes,5.104688238782714,0.1642899121608304,485,3,0.4450926265846051,False
Recession probability,POS S&P 500,5.101829480882445,0.16449075330300622,417,3,0.4450926265846051,False
US industrial production,Geopolitical acts,5.098776757571722,0.16470547640684954,495,3,0.4451165499895109,False
POS Crude oil,Geopolitical risk,5.090532430314159,0.1652866858306251,485,3,0.44612960644920285,False
US housing starts,Geopolitical acts,5.085098066808503,0.16567085229392803,496,3,0.4466089559345042,False
US 3-month yield,US 10-year yield,5.080138829948441,0.1660221636282827,537,3,0.44687286702029894,False
POS Crude oil,US M2 money supply,5.077883825172441,0.1661821392619428,483,3,0.44687286702029894,False
USD broad index,Henry Hub natural gas,5.070743618502815,0.16668963968855155,245,3,0.4476807465921099,False
US core CPI,US 2-year yield,5.058228292691712,0.1675827007633276,597,3,0.4491419084941318,False
Fed funds effective,Chicago financial conditions,5.0531491975207725,0.1679464128927915,665,3,0.4491419084941318,False
Gold,10y minus 2y spread,5.053136562805856,0.1679473185842412,599,3,0.4491419084941318,False
Henry Hub natural gas,Bitcoin,5.051500091560417,0.16806466418674962,173,3,0.4491419084941318,False
WTI (long),US 10-year yield,5.030568169967705,0.16957242846110443,485,3,0.45261183991717013,False
USD per EUR,US CPI,5.026041436621884,0.16990016383076453,326,3,0.45292744044650174,False
US M2 money supply,Recession probability,5.018896299370897,0.17041868219284526,706,3,0.45361075202777323,False
CAD per USD,Initial jobless claims,5.01441524647518,0.17074462723423764,665,3,0.45361075202777323,False
Nasdaq Composite,Geopolitical risk,5.010955182354262,0.17099670741152379,497,3,0.45361075202777323,False
POS Gold,10y minus 2y spread,5.008859693326906,0.1711495423834366,485,3,0.45361075202777323,False
Henry Hub natural gas,POS USD index,5.008092385363209,0.1712055382306489,339,3,0.45361075202777323,False
US 10-year yield,Henry Hub natural gas,4.998869590193026,0.1718799371725007,351,3,0.4548283166611665,False
US core CPI,US nonfarm payrolls,4.996060662152827,0.17208582933803618,830,3,0.4548283166611665,False
Gold,POS USD index,4.990334117007783,0.17250629755027921,396,3,0.45500989412292986,False
US M2 money supply,POS USD index,4.989393614212952,0.172575445504534,395,3,0.45500989412292986,False
Supply chain pressure,WTI (long),4.9719463935306365,0.17386293063952318,340,3,0.4578461096743595,False
Chicago financial conditions,POS US 10-year notes,4.962077185674462,0.17459519398676918,485,3,0.4592150965929379,False
Fed total assets,Henry Hub natural gas,4.955966556901579,0.17505003137295458,280,3,0.4598519657695356,False
MXN per USD,US equity market uncertainty,4.946850435295468,0.17573064410566072,391,3,0.46107967543257095,False
POS Crude oil,JPY per USD,4.9402764700419155,0.17622299697217847,485,3,0.46181105388345434,False
VIX,US 10-year yield,4.937415961117697,0.17643763630803835,437,3,0.461813764767529,False
US economic policy uncertainty,Brent (long),4.932039266578325,0.17684174166613925,469,3,0.4623117841380811,False
POS US 10-year notes,10y real yield (TIPS),4.923410178105949,0.17749210577417218,281,3,0.4634516095214496,False
JPY per USD,POS USD index,4.918568588429715,0.17785799114999104,397,3,0.4638467754719911,False
10y inflation breakeven,Henry Hub natural gas,4.902241200454558,0.17909708790741874,279,3,0.4665155470552281,False
VIX,POS USD index,4.898857666184539,0.17935487565537298,397,3,0.46662483894935786,False
POS Crude oil,10y inflation breakeven,4.888042559130161,0.18018119814173775,281,3,0.4682112384404291,False
Geopolitical acts,US nonfarm payrolls,4.877472045746266,0.1809922744507335,496,3,0.4693559110865123,False
Fed funds effective,10y inflation breakeven,4.876625968261668,0.1810573414875964,281,3,0.4693559110865123,False
10y real yield (TIPS),Chicago financial conditions,4.871463304649995,0.18145484719264374,281,3,0.4693559110865123,False
10y real yield (TIPS),POS Gold,4.8612103535638695,0.18224670768985296,281,3,0.4693559110865123,False
US core CPI,Sticky CPI,4.859897130584934,0.182348364290655,698,3,0.4693559110865123,False
USD broad index,10y minus 3m spread,4.857053435838607,0.18256867649572284,245,3,0.4693559110865123,False
Supply chain pressure,POS Crude oil,4.849945390939655,0.18312045380506156,340,3,0.4693559110865123,False
Geopolitical risk,WTI (long),4.849725893536251,0.18313751755722124,485,3,0.4693559110865123,False
US economic policy uncertainty,US CPI,4.849571932002125,0.18314948743082243,494,3,0.4693559110865123,False
US 10-year yield,US equity market uncertainty,4.8493890697788915,0.18316370516399327,497,3,0.4693559110865123,False
US CPI,USD broad index,4.8489745580956125,0.18319593771096948,242,3,0.4693559110865123,False
POS Crude oil,POS US 10-year notes,4.848577450251228,0.1832268219042629,485,3,0.4693559110865123,False
US house prices (Case-Shiller),Geopolitical risk,4.828978050975953,0.1847571846004477,470,3,0.47271601551025794,False
US equity market uncertainty,Geopolitical threats,4.815913598580573,0.18578391062082017,497,3,0.47478110491987374,False
10y minus 2y spread,US core CPI,4.810012275746576,0.18624943685557216,597,3,0.4748886592632546,False
POS USD index,Fed funds effective,4.807276633086245,0.18646560759558395,397,3,0.4748886592632546,False
US M2 money supply,US house prices (Case-Shiller),4.80703194176412,0.18648495453954816,470,3,0.4748886592632546,False
Consumer sentiment,Geopolitical acts,4.799456065609453,0.18708488265322293,495,3,0.47554488811118906,False
USD per EUR,Fed funds effective,4.795215277644525,0.18742149381835072,329,3,0.47554488811118906,False
Recession probability,USD per EUR,4.7935450329852,0.1875542240875208,327,3,0.47554488811118906,False
US 10-year yield,Consumer sentiment,4.792686618148855,0.1876224743565422,579,3,0.47554488811118906,False
US unemployment rate,CAD per USD,4.7618533845017765,0.1900893675414594,662,3,0.48123327005226607,False
10y minus 2y spread,10y real yield (TIPS),4.752509042832163,0.19084294007260164,281,3,0.4825759490490816,False
JPY per USD,US industrial production,4.746986314952639,0.1912896282420508,663,3,0.4831403928263012,False
US house prices (Case-Shiller),Consumer sentiment,4.743431214781948,0.1915776866854106,470,3,0.48330333560543487,False
Nasdaq Composite,WTI (long),4.73804666055352,0.1920147501768356,485,3,0.48384136349920587,False
Fed total assets,Geopolitical threats,4.731899080775863,0.1925148846412506,282,3,0.484447304243714,False
USD per EUR,US industrial production,4.727000853897778,0.19291424718211708,327,3,0.484447304243714,False
US M2 money supply,S&P PE10,4.725808132651131,0.1930116090221129,807,3,0.484447304243714,False
POS USD index,10y minus 2y spread,4.724095205391764,0.19315151538301642,397,3,0.484447304243714,False
POS S&P 500,10y minus 2y spread,4.71629918927186,0.19378946328508756,417,3,0.48490787737727054,False
Fed funds effective,Geopolitical risk,4.713678969875627,0.19400431618279101,497,3,0.48490787737727054,False
Fed total assets,CAD per USD,4.7097628425310205,0.19432584469596617,282,3,0.48490787737727054,False
Geopolitical threats,US industrial production,4.709388268036377,0.1943566246392226,495,3,0.48490787737727054,False
US CPI,Gold,4.70817222782172,0.19445658172344754,950,3,0.48490787737727054,False
POS USD index,Sticky CPI,4.70447023489816,0.1947611760402375,396,3,0.4851079062200385,False
USD broad index,10y minus 2y spread,4.6961886849681385,0.19544417875645778,245,3,0.4857741907006801,False
VIX,Geopolitical acts,4.69577868066219,0.19547805083699893,437,3,0.4857741907006801,False
POS S&P 500,POS US 10-year notes,4.690134902295183,0.19594486148215287,417,3,0.4863751900395115,False
10y minus 3m spread,10y inflation breakeven,4.687021294704576,0.19620283952610534,281,3,0.48645704020119235,False
Recession probability,10y minus 2y spread,4.6680566741251335,0.19778099252196854,598,3,0.4898081395561237,False
10y minus 3m spread,US house prices (Case-Shiller),4.651812736763221,0.1991421235989215,470,3,0.49261472679733215,False
US 2-year yield,US unemployment rate,4.643269538455037,0.1998614758586209,597,3,0.4938291552072439,False
10y inflation breakeven,US economic policy uncertainty,4.6365703516074515,0.2004272481736259,281,3,0.4939535421433351,False
10y minus 2y spread,Recession probability,4.630496112445571,0.20094152768696355,598,3,0.4939535421433351,False
POS Gold,Sticky CPI,4.630342352126536,0.20095456180750815,484,3,0.4939535421433351,False
10y inflation breakeven,US 10-year yield,4.629167596256534,0.20105417071514034,281,3,0.4939535421433351,False
10y real yield (TIPS),US 10-year yield,4.6291675962565275,0.201054170715141,281,3,0.4939535421433351,False
Bitcoin,Fed total assets,4.626327713611134,0.20129515719516286,173,3,0.4939842563631579,False
Geopolitical risk,Geopolitical threats,4.616561498070983,0.2021259477029071,497,3,0.4954606563873981,False
US 2-year yield,Geopolitical threats,4.611298152000226,0.20257500878467585,497,3,0.4958796087311761,False
USD broad index,US M2 money supply,4.6091847159170225,0.20275558469859375,243,3,0.4958796087311761,False
US economic policy uncertainty,US house prices (Case-Shiller),4.593137348772101,0.20413158570469478,470,3,0.49868077773282504,False
Nasdaq Composite,Geopolitical acts,4.587093652082073,0.20465205330836464,497,3,0.4992391726760125,False
US 2-year yield,VIX,4.585123407206882,0.20482199175005691,437,3,0.4992391726760125,False
POS USD index,POS Crude oil,4.5808772421447586,0.20518867920206044,397,3,0.4995697347239354,False
JPY per USD,US equity market uncertainty,4.5746213481066516,0.20573003141215412,497,3,0.49997248412124823,False
US housing starts,Nasdaq Composite,4.573622258116826,0.20581661002216048,663,3,0.49997248412124823,False
US 10-year yield,Geopolitical acts,4.565261300675918,0.20654247549743532,497,3,0.5011726509825535,False
POS USD index,Fed total assets,4.559045016660172,0.20708368693201293,282,3,0.5016038542924831,False
Supply chain pressure,Chicago financial conditions,4.557892187852045,0.20718420068602564,340,3,0.5016038542924831,False
US house prices (Case-Shiller),US core CPI,4.548944493723769,0.20796587875549152,468,3,0.5029331430306182,False
US equity market uncertainty,US industrial production,4.546227437030275,0.20820378371555243,495,3,0.5029458998804741,False
Fed total assets,US 10-year yield,4.542537953920871,0.20852723800015344,282,3,0.5031650541923346,False
Supply chain pressure,Gold,4.526629312495767,0.20992727697683364,340,3,0.5059785650210862,False
Gold,USD per EUR,4.520559100543153,0.21046377709834202,328,3,0.5067067773793045,False
Nasdaq Composite,Brent (long),4.506825894716041,0.2116822406436121,469,3,0.5090734196568291,False
10y minus 2y spread,USD per EUR,4.5037264962576495,0.21195813315673173,329,3,0.5091705376498378,False
US M2 money supply,Fed funds effective,4.493849335567823,0.2128395691580535,807,3,0.5107204756045635,False
10y real yield (TIPS),Sticky CPI,4.488185644441302,0.21334652486460967,280,3,0.511369386648876,False
Fed total assets,10y minus 2y spread,4.472650976735405,0.21474276909339207,282,3,0.5132432288196459,False
US house prices (Case-Shiller),MXN per USD,4.4719540171360626,0.2148056089388632,388,3,0.5132432288196459,False
Gold,POS S&P 500,4.469103469381136,0.21506279940700462,417,3,0.5132432288196459,False
US industrial production,Initial jobless claims,4.468936480446999,0.21507787479676188,711,3,0.5132432288196459,False
S&P PE10,US industrial production,4.461339145580279,0.21576477958426984,1287,3,0.513329049698613,False
Bitcoin,POS USD index,4.460912313736649,0.2158034312278843,173,3,0.513329049698613,False
USD per EUR,10y minus 2y spread,4.460661616125253,0.21582613606662315,329,3,0.513329049698613,False
WTI (long),CAD per USD,4.4404732591630145,0.2176617917211001,485,3,0.517126146924196,False
Recession probability,USD broad index,4.436010029921324,0.21806955944667478,243,3,0.5172657126469414,False
USD broad index,POS US 10-year notes,4.434594382943152,0.21819904252266908,245,3,0.5172657126469414,False
VIX,US M2 money supply,4.428349179848235,0.21877111208776348,435,3,0.5180538273096875,False
Nasdaq Composite,US 3-month yield,4.423117978994943,0.21925136313431248,537,3,0.5186230274577501,False
Geopolitical risk,MXN per USD,4.418206922560499,0.21970310887629957,391,3,0.5186361268253701,False
US M2 money supply,POS S&P 500,4.412957244842291,0.2201869527926304,417,3,0.5186361268253701,False
Sticky CPI,10y minus 3m spread,4.412265920123,0.22025074293517885,532,3,0.5186361268253701,False
US unemployment rate,US nonfarm payrolls,4.410028393678418,0.22045732166005405,938,3,0.5186361268253701,False
USD broad index,US unemployment rate,4.405373013793477,0.22088770082818962,242,3,0.5186361268253701,False
US core CPI,St. Louis financial stress,4.403904896593598,0.22102358559034882,387,3,0.5186361268253701,False
Brent (long),CAD per USD,4.402678765497574,0.22113713190383003,469,3,0.5186361268253701,False
VIX,US industrial production,4.40225919669184,0.22117599858140205,435,3,0.5186361268253701,False
Chicago financial conditions,US 3-month yield,4.397836378790398,0.2215860890049409,537,3,0.5187833205882798,False
US M2 money supply,Geopolitical acts,4.394610969309607,0.22188559601808305,495,3,0.5187833205882798,False
Henry Hub natural gas,Geopolitical threats,4.393825003758043,0.22195863623689122,351,3,0.5187833205882798,False
US housing starts,10y inflation breakeven,4.36875492954341,0.2243000763434002,280,3,0.5228502980654055,False
POS US 10-year notes,Geopolitical threats,4.362578529334556,0.2248804108355119,485,3,0.5228502980654055,False
Geopolitical acts,Geopolitical threats,4.360647691330685,0.22506211598241077,497,3,0.5228502980654055,False
St. Louis financial stress,10y minus 3m spread,4.360518834841792,0.22507424707804743,390,3,0.5228502980654055,False
WTI (long),USD per EUR,4.358394558312541,0.2252743223043622,329,3,0.5228502980654055,False
Geopolitical risk,Initial jobless claims,4.355757584566074,0.2255229138822172,497,3,0.5228502980654055,False
US equity market uncertainty,US core CPI,4.3548892418248775,0.22560482917503433,494,3,0.5228502980654055,False
Fed funds effective,POS Gold,4.354586850606205,0.22563336174607926,485,3,0.5228502980654055,False
Nasdaq Composite,10y inflation breakeven,4.347469442432045,0.22630589573731552,281,3,0.5238472661499745,False
USD broad index,MXN per USD,4.337304374941237,0.22726960821406472,245,3,0.5251366037219085,False
10y minus 2y spread,MXN per USD,4.336067086487638,0.2273871685080593,391,3,0.5251366037219085,False
10y minus 3m spread,US equity market uncertainty,4.33268086005102,0.22770919524200628,497,3,0.5251366037219085,False
Initial jobless claims,Geopolitical acts,4.32917009688234,0.228043508394953,497,3,0.5251366037219085,False
St. Louis financial stress,US 2-year yield,4.328814780886327,0.2280773685915227,390,3,0.5251366037219085,False
Geopolitical threats,VIX,4.308801490606724,0.22999203942055704,437,3,0.528291334358666,False
Brent (long),MXN per USD,4.307268448446586,0.2301393133491274,391,3,0.528291334358666,False
USD per EUR,Geopolitical acts,4.306059495245751,0.23025551434573688,329,3,0.528291334358666,False
Chicago financial conditions,10y real yield (TIPS),4.3021405922304226,0.2306325586151299,281,3,0.528291334358666,False
US core CPI,Supply chain pressure,4.301759059995077,0.23066929677825196,338,3,0.528291334358666,False
POS Crude oil,Sticky CPI,4.293914397287589,0.23142586142530178,484,3,0.5286373187203617,False
Nasdaq Composite,Fed funds effective,4.289301322190383,0.23187182547100496,664,3,0.5286373187203617,False
WTI (long),Geopolitical risk,4.28600637736783,0.23219084398690293,485,3,0.5286373187203617,False
US 10-year yield,Bitcoin,4.285459468784422,0.23224383500674656,173,3,0.5286373187203617,False
Bitcoin,US 3-month yield,4.283799205166944,0.2324047691944579,173,3,0.5286373187203617,False
USD per EUR,US economic policy uncertainty,4.280756146200418,0.23270000775820737,329,3,0.5286373187203617,False
US core CPI,MXN per USD,4.279821958286236,0.2327907120638613,388,3,0.5286373187203617,False
CAD per USD,Fed total assets,4.277724897182484,0.23299444299068447,282,3,0.5286373187203617,False
Nasdaq Composite,USD broad index,4.277451839628216,0.2330209827661909,245,3,0.5286373187203617,False
US unemployment rate,Nasdaq Composite,4.266834679498652,0.23405507067151368,661,3,0.5299439366324226,False
Chicago financial conditions,POS S&P 500,4.266505809583417,0.2340871690490118,417,3,0.5299439366324226,False
US housing starts,US economic policy uncertainty,4.262194309287028,0.23450835424751132,496,3,0.5302410134736244,False
Initial jobless claims,10y real yield (TIPS),4.260143863801483,0.23470890374387535,281,3,0.5302410134736244,False
VIX,Brent (long),4.246483313149831,0.23604903415775091,437,3,0.5318549100960422,False
POS US 10-year notes,Bitcoin,4.245895834102319,0.23610682430325786,173,3,0.5318549100960422,False
US 10-year yield,Supply chain pressure,4.243596089157135,0.236333174422649,340,3,0.5318549100960422,False
US nonfarm payrolls,US unemployment rate,4.240932178202507,0.2365956160278318,938,3,0.5318549100960422,False
POS S&P 500,Nasdaq Composite,4.240347072958739,0.23665329487159695,417,3,0.5318549100960422,False
10y minus 2y spread,POS USD index,4.203341797902175,0.2403275207994821,397,3,0.5395515056785881,False
Gold,MXN per USD,4.19297611556409,0.24136605067143002,390,3,0.5413209559664229,False
USD per EUR,Henry Hub natural gas,4.181412713146119,0.24252942596269667,327,3,0.5433664444884457,False
POS Crude oil,POS USD index,4.160497847635131,0.244646677192678,397,3,0.5475425632407556,False
US M2 money supply,POS US 10-year notes,4.147986824276611,0.2459212565458342,483,3,0.5492598415415766,False
US house prices (Case-Shiller),10y real yield (TIPS),4.147978807453828,0.24592207521380485,278,3,0.5492598415415766,False
POS Crude oil,MXN per USD,4.131267889930861,0.2476339956089617,391,3,0.5525125887580755,False
US industrial production,Chicago financial conditions,4.123649351915905,0.24841806939986735,663,3,0.5536905835489827,False
US housing starts,WTI (long),4.1206264626584606,0.24872980234820857,484,3,0.5538144517784006,False
US 10-year yield,10y real yield (TIPS),4.109635993175789,0.2498661965556701,281,3,0.5543629722917565,False
10y inflation breakeven,10y real yield (TIPS),4.109635993175778,0.24986619655567077,281,3,0.5543629722917565,False
Recession probability,Brent (long),4.109528870211315,0.2498772961475377,467,3,0.5543629722917565,False
10y minus 2y spread,Initial jobless claims,4.108327543403632,0.2500018029530354,600,3,0.5543629722917565,False
Sticky CPI,Brent (long),4.1039784243385515,0.25045302381795737,468,3,0.5547945056295326,False
Supply chain pressure,10y real yield (TIPS),4.082799121130388,0.25266100856660884,280,3,0.5591126924472961,False
US 3-month yield,Geopolitical acts,4.077289003025449,0.2532383505646564,497,3,0.5598172943975328,False
US equity market uncertainty,USD per EUR,4.073099447250438,0.2536781301361122,329,3,0.560216667369024,False
Geopolitical acts,POS S&P 500,4.067177128033826,0.254300985533895,417,3,0.5610191129839602,False
Henry Hub natural gas,US housing starts,4.055048895685846,0.25558087045787464,350,3,0.5632679326502803,False
Recession probability,10y inflation breakeven,4.050073114509537,0.25610765585572315,279,3,0.5637525070266629,False
Henry Hub natural gas,Gold,4.048048779794146,0.25632225458242813,350,3,0.5637525070266629,False
US M2 money supply,Chicago financial conditions,4.042593253169431,0.2569014071728229,663,3,0.5639049573651825,False
Henry Hub natural gas,Geopolitical risk,4.0420902719446286,0.2569548629925785,351,3,0.5639049573651825,False
Geopolitical risk,Fed total assets,4.037194064692654,0.25747575081447677,282,3,0.5639049573651825,False
10y inflation breakeven,Bitcoin,4.0356661051875475,0.2576385008065012,173,3,0.5639049573651825,False
USD broad index,Initial jobless claims,4.032263146260973,0.25800130186913994,245,3,0.5639049573651825,False
US house prices (Case-Shiller),US housing starts,4.0303706571413676,0.2582032675562388,470,3,0.5639049573651825,False
US 10-year yield,Geopolitical risk,4.0302387625224805,0.25821734865473206,497,3,0.5639049573651825,False
US CPI,US 10-year yield,4.0267830035476635,0.2585865351289327,770,3,0.5641413611995484,False
POS Crude oil,POS Gold,4.018138583707015,0.25951214017395524,485,3,0.5651113146905249,False
Supply chain pressure,Fed total assets,4.016352889162398,0.2597037190475087,281,3,0.5651113146905249,False
US equity market uncertainty,St. Louis financial stress,4.015313538691731,0.2598152852924985,390,3,0.5651113146905249,False
US 3-month yield,Nasdaq Composite,4.009454062534621,0.26044506996644895,537,3,0.5659118002688066,False
VIX,Geopolitical risk,4.005043463115328,0.2609200418036182,437,3,0.5663746288950026,False
WTI (long),US housing starts,4.002599091135789,0.26118361180102573,484,3,0.5663781030228863,False
US industrial production,POS Crude oil,3.9980901657371106,0.2616704314071391,483,3,0.5668652031084517,False
VIX,Fed total assets,3.9902011428173862,0.2625241753724072,282,3,0.5677357274616088,False
Geopolitical risk,Geopolitical acts,3.9895249609910963,0.26259746876115114,497,3,0.5677357274616088,False
POS Crude oil,Fed funds effective,3.980457738180894,0.263582088029155,485,3,0.5690445093346224,False
Bitcoin,10y minus 3m spread,3.9791053552280675,0.26372923143075466,173,3,0.5690445093346224,False
POS US 10-year notes,USD broad index,3.97596435989336,0.26407126887572996,245,3,0.56921443998936,False
US M2 money supply,Gold,3.9679122127744746,0.26494994272227934,807,3,0.5705396176947888,False
US CPI,US house prices (Case-Shiller),3.9561828929502365,0.2662346237485637,468,3,0.5727355786511391,False
US house prices (Case-Shiller),US 3-month yield,3.935484553393459,0.26851543259218397,470,3,0.5769167413068972,False
JPY per USD,S&P PE10,3.9330376173723707,0.26878623363991655,664,3,0.5769167413068972,False
Nasdaq Composite,10y real yield (TIPS),3.931299338087828,0.2689787582041408,281,3,0.5769167413068972,False
10y minus 2y spread,Nasdaq Composite,3.9115940514293923,0.27116997524644604,600,3,0.5810401253546248,False
Gold,USD broad index,3.9069064049634594,0.2716936103970973,244,3,0.5815857283945786,False
10y minus 2y spread,US economic policy uncertainty,3.90117992752328,0.2723345288651131,497,3,0.5819884800648272,False
US core CPI,Consumer sentiment,3.9004159352539958,0.2724201396048127,577,3,0.5819884800648272,False
Fed funds effective,US unemployment rate,3.895311647075319,0.2729927355429183,860,3,0.5826360259069984,False
POS USD index,St. Louis financial stress,3.8843227044119457,0.2742291604064976,378,3,0.584697677316418,False
Initial jobless claims,POS Crude oil,3.875177803300971,0.2752619552464807,485,3,0.5856087305802461,False
Recession probability,US 2-year yield,3.8661564699947757,0.27628423361492205,598,3,0.5856087305802461,False
US 10-year yield,Gold,3.8660798139394883,0.2762929347759384,772,3,0.5856087305802461,False
10y minus 3m spread,S&P PE10,3.8625299127014987,0.27669615184799823,532,3,0.5856087305802461,False
Geopolitical acts,Fed funds effective,3.862489325763091,0.2767007650007824,497,3,0.5856087305802461,False
Consumer sentiment,Geopolitical risk,3.8623257667464252,0.2767193559884642,495,3,0.5856087305802461,False
Bitcoin,US housing starts,3.860231302634701,0.2769575235346907,172,3,0.5856087305802461,False
CAD per USD,POS US 10-year notes,3.8596225303467495,0.2770267834572874,485,3,0.5856087305802461,False
WTI (long),Nasdaq Composite,3.8567273597359573,0.27735638038653865,485,3,0.5856087305802461,False
Geopolitical acts,Geopolitical risk,3.8566508337338656,0.27736509718509345,497,3,0.5856087305802461,False
Brent (long),US core CPI,3.854053073757836,0.27766114514692863,466,3,0.5856618495684486,False
Gold,10y inflation breakeven,3.850618118185558,0.278053039696221,280,3,0.5858824982603239,False
US unemployment rate,US CPI,3.845629463216538,0.27862308403023706,938,3,0.5858824982603239,False
US house prices (Case-Shiller),WTI (long),3.845495144395513,0.2786384469449221,470,3,0.5858824982603239,False
US 10-year yield,POS Gold,3.8436486648917416,0.2788497181821801,485,3,0.5858824982603239,False
VIX,WTI (long),3.839549236409175,0.2793192843628812,437,3,0.586071342284858,False
US core CPI,US economic policy uncertainty,3.838132275295556,0.2794817548083666,494,3,0.586071342284858,False
Henry Hub natural gas,Initial jobless claims,3.8356300581791545,0.27976886994114974,351,3,0.5861049387720598,False
VIX,US core CPI,3.8304359020672356,0.2803657180967327,434,3,0.5867867207406933,False
US industrial production,Henry Hub natural gas,3.8131686868929364,0.28235810281554474,349,3,0.5903851240688662,False
US 10-year yield,US unemployment rate,3.806220899048275,0.2831633645867904,770,3,0.5906398336452052,False
Fed total assets,US 2-year yield,3.805496058332495,0.2832474938909268,282,3,0.5906398336452052,False
Fed funds effective,Recession probability,3.801807602034915,0.28367594632134047,706,3,0.5906398336452052,False
Recession probability,Fed total assets,3.798729797739294,0.284033911163327,280,3,0.5906398336452052,False
VIX,Geopolitical threats,3.7979729005785043,0.2841220044867849,437,3,0.5906398336452052,False
S&P PE10,Gold,3.794577365751212,0.2845175044479614,1288,3,0.5906398336452052,False
US 3-month yield,US housing starts,3.7936819867856357,0.284621877467762,536,3,0.5906398336452052,False
Supply chain pressure,US nonfarm payrolls,3.793308265964094,0.2846654517383459,340,3,0.5906398336452052,False
Bitcoin,Supply chain pressure,3.7875290718764556,0.2853400450668756,172,3,0.5907799034523389,False
Geopolitical risk,Brent (long),3.785821279918793,0.28553966687943,469,3,0.5907799034523389,False
US housing starts,S&P PE10,3.7841794176570573,0.2857317005444391,808,3,0.5907799034523389,False
POS S&P 500,US 3-month yield,3.7815423428063646,0.2860403780039837,417,3,0.5907799034523389,False
US core CPI,POS Crude oil,3.7777768998388876,0.2864816535414485,482,3,0.5907799034523389,False
US 3-month yield,US CPI,3.7765818668186806,0.28662182826153915,534,3,0.5907799034523389,False
US house prices (Case-Shiller),Recession probability,3.773164264973844,0.28702304538277773,470,3,0.5907799034523389,False
POS S&P 500,Chicago financial conditions,3.7709411280263767,0.28728430623016865,417,3,0.5907799034523389,False
CAD per USD,US core CPI,3.7708217592561786,0.2872983403675376,662,3,0.5907799034523389,False
Sticky CPI,US equity market uncertainty,3.769400182015095,0.28746552193888086,496,3,0.5907799034523389,False
Brent (long),US housing starts,3.754956116362534,0.28916914287383105,468,3,0.5937167017029655,False
US housing starts,JPY per USD,3.739686455427774,0.29097998197234665,664,3,0.5958026423656906,False
Brent (long),US economic policy uncertainty,3.73815085952817,0.2911626506780666,469,3,0.5958026423656906,False
US nonfarm payrolls,US 10-year yield,3.737996220289062,0.291181051674234,772,3,0.5958026423656906,False
POS Crude oil,Recession probability,3.7371025234702056,0.29128741580968315,483,3,0.5958026423656906,False
Henry Hub natural gas,US unemployment rate,3.7259350935333466,0.29261945599584666,348,3,0.5978953095413347,False
WTI (long),Fed total assets,3.72389308743839,0.29286361369300346,282,3,0.5978953095413347,False
Geopolitical threats,Geopolitical risk,3.713764495370421,0.2940773630353722,497,3,0.5998068480023346,False
US CPI,Bitcoin,3.706778922250434,0.29491709326379156,170,3,0.6008787250113587,False
USD per EUR,10y minus 3m spread,3.704771962766098,0.2951587446633039,329,3,0.6008787250113587,False
Henry Hub natural gas,JPY per USD,3.698469058152205,0.29591880861547276,351,3,0.6015151529106794,False
US 2-year yield,10y minus 3m spread,3.6975663504544025,0.2960278088330078,533,3,0.6015151529106794,False
US 2-year yield,MXN per USD,3.6936206871607338,0.29650466156672467,391,3,0.6019183833870974,False
US house prices (Case-Shiller),US CPI,3.686489887152151,0.2973681957275101,468,3,0.6031051024041997,False
S&P PE10,US housing starts,3.6812732238644426,0.29800135217289453,808,3,0.6038227960616663,False
Henry Hub natural gas,10y inflation breakeven,3.6726154621437312,0.2990548194091066,279,3,0.6039791595135797,False
US housing starts,Sticky CPI,3.672027294143407,0.2991265075543863,700,3,0.6039791595135797,False
US house prices (Case-Shiller),VIX,3.670369268414059,0.2993286766084934,434,3,0.6039791595135797,False
US unemployment rate,10y inflation breakeven,3.670056958918441,0.29936677128104566,278,3,0.6039791595135797,False
POS Crude oil,US industrial production,3.669167179316207,0.29947532793642806,483,3,0.6039791595135797,False
Geopolitical risk,VIX,3.6518871309039476,0.3015905403033326,437,3,0.607422100487265,False
Initial jobless claims,Geopolitical risk,3.650634623408427,0.3017443736925636,497,3,0.607422100487265,False
US core CPI,Geopolitical acts,3.647316690638296,0.3021522215200627,494,3,0.6075487291034906,False
POS S&P 500,US equity market uncertainty,3.640710708381234,0.3029657074065507,417,3,0.6075487291034906,False
US industrial production,Consumer sentiment,3.640210974303436,0.30302732591571413,579,3,0.6075487291034906,False
Geopolitical acts,Initial jobless claims,3.6387200854251702,0.3032112227493153,497,3,0.6075487291034906,False
POS S&P 500,WTI (long),3.63764704690865,0.30334364048564205,417,3,0.6075487291034906,False
CAD per USD,US 3-month yield,3.636434370423641,0.3034933521886077,537,3,0.6075487291034906,False
Bitcoin,Geopolitical acts,3.6335511501840574,0.3038495662214085,173,3,0.607699132442817,False
St. Louis financial stress,Sticky CPI,3.629315802218456,0.3043735073353892,389,3,0.6081844019030606,False
Recession probability,US 10-year yield,3.6218077756862472,0.30530427840409247,706,3,0.6089199489793645,False
POS Gold,VIX,3.6218026533135665,0.3053049142893761,437,3,0.6089199489793645,False
US industrial production,Bitcoin,3.6162893648406977,0.3059900112329638,171,3,0.6090176744985721,False
S&P PE10,US core CPI,3.6147176944111243,0.3061855619131583,830,3,0.6090176744985721,False
POS USD index,US 2-year yield,3.614609819226998,0.3061989880573302,397,3,0.6090176744985721,False
10y real yield (TIPS),Geopolitical acts,3.609596021699384,0.3068235834475491,281,3,0.6096990693139717,False
US economic policy uncertainty,WTI (long),3.6025118122290145,0.30770803284998405,485,3,0.6108951028665432,False
Geopolitical acts,USD broad index,3.5832062172617523,0.3101298120161737,245,3,0.6151382142926307,False
US housing starts,Fed total assets,3.5544353276588976,0.31377036615102294,281,3,0.6209961743829515,False
10y inflation breakeven,US unemployment rate,3.553426538027299,0.3138986993063778,278,3,0.6209961743829515,False
CAD per USD,Recession probability,3.5501618858664754,0.31431433092867744,663,3,0.6209961743829515,False
POS S&P 500,Initial jobless claims,3.5440566582393505,0.31509291278470386,417,3,0.6209961743829515,False
US CPI,POS Gold,3.5422951641645044,0.3153178683498081,482,3,0.6209961743829515,False
Henry Hub natural gas,MXN per USD,3.5417311530181115,0.3153899267230686,351,3,0.6209961743829515,False
POS Gold,MXN per USD,3.539372356829234,0.3156914458873687,391,3,0.6209961743829515,False
10y minus 3m spread,US 2-year yield,3.537410614627995,0.31594240501667126,533,3,0.6209961743829515,False
US economic policy uncertainty,10y inflation breakeven,3.5358757741331823,0.31613887519082257,281,3,0.6209961743829515,False
10y inflation breakeven,POS USD index,3.5348589864198363,0.31626909059401553,281,3,0.6209961743829515,False
POS USD index,WTI (long),3.5343037468879492,0.316340217652071,397,3,0.6209961743829515,False
Geopolitical threats,Fed funds effective,3.5328230622329375,0.3165299649260003,497,3,0.6209961743829515,False
POS S&P 500,10y real yield (TIPS),3.526274562206968,0.3173703528007483,213,3,0.6217705387613366,False
POS Crude oil,Henry Hub natural gas,3.525266857587078,0.31749984958025695,351,3,0.6217705387613366,False
10y minus 3m spread,JPY per USD,3.519498247309439,0.3182420546660405,533,3,0.6226600200796195,False
US unemployment rate,Geopolitical risk,3.5147436543161277,0.31885494671730424,494,3,0.6229407910651018,False
Geopolitical threats,Initial jobless claims,3.5115721148273185,0.31926435487986776,497,3,0.6229407910651018,False
Brent (long),US 10-year yield,3.5100486175275574,0.31946118549955843,469,3,0.6229407910651018,False
Gold,10y real yield (TIPS),3.5054208971413114,0.32005972891630263,280,3,0.6229407910651018,False
Geopolitical threats,WTI (long),3.5040315586814272,0.320239617476427,485,3,0.6229407910651018,False
US 10-year yield,POS US 10-year notes,3.501618932015787,0.32055221144669577,485,3,0.6229407910651018,False
US core CPI,10y inflation breakeven,3.501573086433912,0.32055815407629984,278,3,0.6229407910651018,False
S&P PE10,POS S&P 500,3.49936765970538,0.32084414248202336,417,3,0.6229407910651018,False
US 3-month yield,Bitcoin,3.4983302798861966,0.3209787424822032,173,3,0.6229407910651018,False
Consumer sentiment,POS S&P 500,3.4862064056895297,0.32255551515654945,417,3,0.6254394832004124,False
US equity market uncertainty,Geopolitical risk,3.4780757320233318,0.32361677700979086,497,3,0.6261611091183132,False
Bitcoin,Fed funds effective,3.4744034530130516,0.32409711260531726,173,3,0.6261611091183132,False
Consumer sentiment,Sticky CPI,3.4723820722463334,0.3243617782030044,579,3,0.6261611091183132,False
Supply chain pressure,Recession probability,3.4700898898859767,0.32466213121633203,339,3,0.6261611091183132,False
10y inflation breakeven,Fed funds effective,3.469769138623037,0.3247041799718812,281,3,0.6261611091183132,False
POS S&P 500,Bitcoin,3.465577212956984,0.3252541602072633,105,3,0.6261611091183132,False
US housing starts,Gold,3.464638610018254,0.32537741724791,808,3,0.6261611091183132,False
10y minus 2y spread,POS S&P 500,3.4596018500929473,0.32603954619164016,417,3,0.6261611091183132,False
JPY per USD,US 2-year yield,3.4592456181834166,0.3260864211015513,600,3,0.6261611091183132,False
WTI (long),Recession probability,3.459150745020381,0.326098906023361,483,3,0.6261611091183132,False
Chicago financial conditions,10y minus 2y spread,3.4590397723096196,0.32611351011434814,600,3,0.6261611091183132,False
POS Crude oil,Consumer sentiment,3.4542641942076515,0.3267425257487232,483,3,0.6263116376898316,False
S&P PE10,US CPI,3.452616818241591,0.326959757701994,950,3,0.6263116376898316,False
Henry Hub natural gas,USD per EUR,3.4518495285658113,0.32706098008872336,327,3,0.6263116376898316,False
POS USD index,US house prices (Case-Shiller),3.442994801615074,0.3282311108100617,394,3,0.6279961606826135,False
US house prices (Case-Shiller),Fed total assets,3.437831523355437,0.328915124369736,279,3,0.6282983404106957,False
US economic policy uncertainty,10y minus 3m spread,3.4374156762976824,0.3289702688921866,497,3,0.6282983404106957,False
POS USD index,US economic policy uncertainty,3.431801440758254,0.3297155559747043,397,3,0.6285963427743819,False
US 10-year yield,US house prices (Case-Shiller),3.4300257177549773,0.32995159116858375,470,3,0.6285963427743819,False
Supply chain pressure,10y minus 2y spread,3.429672629459627,0.3299985425758203,340,3,0.6285963427743819,False
POS Crude oil,10y minus 3m spread,3.4036380021095125,0.333476672085231,485,3,0.633569406114276,False
US housing starts,US core CPI,3.3995389744097,0.334027208785067,806,3,0.633569406114276,False
POS Crude oil,US 2-year yield,3.3990854653538682,0.33408816812949105,485,3,0.633569406114276,False
US nonfarm payrolls,Sticky CPI,3.397575285340065,0.33429123240284636,700,3,0.633569406114276,False
Supply chain pressure,Initial jobless claims,3.39618992176874,0.3344776085870463,340,3,0.633569406114276,False
POS USD index,US industrial production,3.3961053470357814,0.33448898957314727,395,3,0.633569406114276,False
Fed total assets,WTI (long),3.3948302229778546,0.3346606206209543,282,3,0.633569406114276,False
10y real yield (TIPS),USD per EUR,3.3901935369611786,0.3352853671887967,281,3,0.634196818777059,False
Chicago financial conditions,POS USD index,3.3737367920894408,0.3375110053344061,397,3,0.637848595745617,False
Chicago financial conditions,US core CPI,3.368810228224718,0.3381797933324358,662,3,0.6383657812188287,False
Nasdaq Composite,VIX,3.3643850016704904,0.33878151247221777,437,3,0.6383657812188287,False
POS Gold,10y minus 3m spread,3.358480057516916,0.3395858944102384,485,3,0.6383657812188287,False
VIX,US economic policy uncertainty,3.3580800612071715,0.3396404429660308,437,3,0.6383657812188287,False
POS Gold,POS S&P 500,3.356923211427141,0.33979824875676945,417,3,0.6383657812188287,False
Consumer sentiment,JPY per USD,3.355311951953641,0.34001814735664343,579,3,0.6383657812188287,False
US CPI,Nasdaq Composite,3.35277546556309,0.3403645694909083,661,3,0.6383657812188287,False
Brent (long),10y real yield (TIPS),3.351858601418283,0.3404898666440815,281,3,0.6383657812188287,False
Gold,US core CPI,3.3515023510372277,0.3405385621116655,830,3,0.6383657812188287,False
USD broad index,Geopolitical acts,3.3486610664916765,0.34092715200961193,245,3,0.6383657812188287,False
JPY per USD,Supply chain pressure,3.347890555093495,0.341032598199698,340,3,0.6383657812188287,False
WTI (long),10y real yield (TIPS),3.3390381966239726,0.3422461084644513,281,3,0.6397857913302585,False
Brent (long),Recession probability,3.338040930637592,0.34238305299218735,467,3,0.6397857913302585,False
Supply chain pressure,US housing starts,3.3318576724728914,0.34323320596467954,340,3,0.6400149387544006,False
Fed funds effective,10y minus 2y spread,3.331089488290294,0.3433389542459853,600,3,0.6400149387544006,False
US 3-month yield,US economic policy uncertainty,3.3306913790302675,0.343393769174424,497,3,0.6400149387544006,False
Brent (long),Gold,3.3232797787271724,0.3444156537712377,468,3,0.6413666179615984,False
POS Gold,US industrial production,3.3151108896823085,0.34554502170416995,483,3,0.6429159526027671,False
Geopolitical acts,Henry Hub natural gas,3.308579371244753,0.3464503399208307,351,3,0.6440461177204093,False
Sticky CPI,US unemployment rate,3.305690438172792,0.34685142665073165,698,3,0.6442377873014449,False
10y minus 3m spread,US economic policy uncertainty,3.291118053422812,0.34888076070738105,497,3,0.6473232238870165,False
Bitcoin,10y inflation breakeven,3.286742426111987,0.34949211873586145,173,3,0.6473232238870165,False
Fed total assets,VIX,3.286532753993507,0.34952143727814955,282,3,0.6473232238870165,False
US nonfarm payrolls,Geopolitical risk,3.2851829381330333,0.3497102338113021,496,3,0.6473232238870165,False
Geopolitical acts,US unemployment rate,3.2739563917073378,0.3512839098711999,494,3,0.649637354315351,False
Nasdaq Composite,JPY per USD,3.270562076122967,0.3517609161393454,664,3,0.649637354315351,False
Initial jobless claims,POS US 10-year notes,3.269844283097196,0.3518618602697854,485,3,0.649637354315351,False
Nasdaq Composite,10y minus 3m spread,3.2657810038240953,0.3524337586092369,533,3,0.6499336221425762,False
US housing starts,Brent (long),3.2644337425737593,0.35262356094969555,468,3,0.6499336221425762,False
CAD per USD,POS Gold,3.25849702170229,0.35346098401767245,485,3,0.650442806941982,False
POS Crude oil,10y real yield (TIPS),3.25627290828603,0.35377515740035964,281,3,0.650442806941982,False
Gold,US 3-month yield,3.25608028827552,0.3538023778740846,536,3,0.650442806941982,False
US unemployment rate,Fed total assets,3.2522456802390556,0.3543446511472145,279,3,0.6506602520264787,False
US housing starts,Geopolitical risk,3.250988724641953,0.3545225610024014,496,3,0.6506602520264787,False
POS Gold,US house prices (Case-Shiller),3.243607318440995,0.35556889060021635,470,3,0.6517364660798984,False
Consumer sentiment,US 2-year yield,3.2407384002474693,0.35597628723102465,579,3,0.6517364660798984,False
POS S&P 500,POS Crude oil,3.239482498416728,0.35615475698473475,417,3,0.6517364660798984,False
US 3-month yield,POS USD index,3.2371776061975366,0.35648249499557544,397,3,0.6517364660798984,False
10y real yield (TIPS),US 3-month yield,3.2362377736210783,0.3566162069253099,281,3,0.6517364660798984,False
Geopolitical threats,US core CPI,3.2299334055234485,0.3575142655028797,494,3,0.6528258800821164,False
CAD per USD,Fed funds effective,3.226098007110325,0.35806157588207943,665,3,0.6529525448865888,False
Brent (long),POS Gold,3.223417571954107,0.3584445034857706,469,3,0.6529525448865888,False
US core CPI,US house prices (Case-Shiller),3.2231015628104447,0.35848967196132325,468,3,0.6529525448865888,False
10y minus 3m spread,US unemployment rate,3.217294976027072,0.3593205076946153,530,3,0.6535335781804712,False
Geopolitical acts,S&P PE10,3.2166476055040327,0.3594132398041537,496,3,0.6535335781804712,False
POS Crude oil,S&P PE10,3.2098240817749044,0.36039192909147605,484,3,0.6536946978653544,False
Bitcoin,Chicago financial conditions,3.209485405220388,0.3604405649611711,173,3,0.6536946978653544,False
USD per EUR,USD broad index,3.2086597837250874,0.36055915264014493,245,3,0.6536946978653544,False
US equity market uncertainty,USD broad index,3.2045547996636348,0.36114927018106335,245,3,0.6536946978653544,False
US industrial production,10y minus 2y spread,3.2042267597399214,0.36119646397458954,598,3,0.6536946978653544,False
US core CPI,Fed total assets,3.2033961310163317,0.36131598702548495,279,3,0.6536946978653544,False
Brent (long),Consumer sentiment,3.1982324535921656,0.3620597789343788,467,3,0.6538274916597289,False
S&P PE10,Fed total assets,3.195459598001716,0.3624597346366722,281,3,0.6538274916597289,False
Geopolitical acts,10y inflation breakeven,3.195328205134179,0.3624786961540393,281,3,0.6538274916597289,False
US 3-month yield,St. Louis financial stress,3.1944943050028476,0.3625990575855758,390,3,0.6538274916597289,False
JPY per USD,Nasdaq Composite,3.188477862443502,0.3634684662530296,664,3,0.6548490200325418,False
US nonfarm payrolls,Fed funds effective,3.185020197325266,0.363968930642861,862,3,0.6552046861364409,False
US equity market uncertainty,POS US 10-year notes,3.1779180798446696,0.36499875839640306,485,3,0.6565119098610844,False
10y inflation breakeven,10y minus 3m spread,3.1686176770653742,0.36635113899621474,281,3,0.6573518802783245,False
Chicago financial conditions,Bitcoin,3.165929074989103,0.3667428941372095,173,3,0.6573518802783245,False
Sticky CPI,US CPI,3.164353161615508,0.36697268739795336,698,3,0.6573518802783245,False
JPY per USD,US house prices (Case-Shiller),3.1631986605407367,0.3671411106529571,470,3,0.6573518802783245,False
US industrial production,CAD per USD,3.160912352040276,0.3674748427818739,663,3,0.6573518802783245,False
MXN per USD,Initial jobless claims,3.1598325716357936,0.36763254887860375,391,3,0.6573518802783245,False
Henry Hub natural gas,POS Gold,3.157304941066175,0.36800194671674713,351,3,0.6573518802783245,False
Sticky CPI,US economic policy uncertainty,3.1563852974599014,0.36813642620644704,496,3,0.6573518802783245,False
Consumer sentiment,Geopolitical threats,3.1513061885718696,0.3688799056114981,495,3,0.6573518802783245,False
Geopolitical risk,USD broad index,3.151224995711802,0.36889180108628183,245,3,0.6573518802783245,False
US 2-year yield,Geopolitical acts,3.150099659462772,0.36905670678889574,497,3,0.6573518802783245,False
US housing starts,USD broad index,3.148780170367186,0.36925014414560503,244,3,0.6573518802783245,False
USD broad index,CAD per USD,3.1458324030503295,0.36968260211380227,245,3,0.6573518802783245,False
US house prices (Case-Shiller),Brent (long),3.1447130143406925,0.369846938166866,466,3,0.6573518802783245,False
MXN per USD,Brent (long),3.1431321819297864,0.37007912506247626,391,3,0.6573518802783245,False
10y minus 2y spread,Fed total assets,3.1414215139392256,0.3703305227469932,282,3,0.6573518802783245,False
US housing starts,POS S&P 500,3.1353862664192986,0.3712186268287454,417,3,0.6583062509388298,False
POS S&P 500,Consumer sentiment,3.1329987771712298,0.3715704569947804,417,3,0.6583062509388298,False
USD per EUR,POS Crude oil,3.131566555059242,0.3717816523572207,329,3,0.6583062509388298,False
VIX,US unemployment rate,3.120920042948473,0.37335481574505947,434,3,0.659685678588362,False
WTI (long),MXN per USD,3.117337984694266,0.37388539361856404,391,3,0.659685678588362,False
10y minus 2y spread,POS Crude oil,3.1169489447292187,0.37394305746069395,485,3,0.659685678588362,False
USD per EUR,Geopolitical risk,3.11389049873001,0.3743966484085454,329,3,0.659685678588362,False
POS S&P 500,Fed total assets,3.1126749079648395,0.3745770606447804,214,3,0.659685678588362,False
Sticky CPI,CAD per USD,3.1125020802337415,0.374602716963645,664,3,0.659685678588362,False
USD per EUR,Chicago financial conditions,3.111869857539831,0.3746965833980151,329,3,0.659685678588362,False
Geopolitical risk,Chicago financial conditions,3.103292538327798,0.37597205349860746,497,3,0.6613926604263543,False
Recession probability,POS Crude oil,3.1001883755472552,0.37643456539636116,483,3,0.6616679108836852,False
Geopolitical risk,US nonfarm payrolls,3.0962274531932463,0.3770254387314585,496,3,0.6621681547826266,False
POS US 10-year notes,Supply chain pressure,3.093174517771125,0.37748140347201,340,3,0.6624308395344851,False
US CPI,Initial jobless claims,3.088149728457525,0.3782328965126768,710,3,0.6632112913709709,False
JPY per USD,Recession probability,3.0854845394499884,0.37863201304192096,663,3,0.6633731055078065,False
Geopolitical threats,POS USD index,3.0827759439509945,0.3790379982482635,397,3,0.6635466819536402,False
US core CPI,USD per EUR,3.0772267353164815,0.3798709173326093,326,3,0.6643708090459801,False
USD per EUR,Consumer sentiment,3.0755469631982084,0.3801233537418489,327,3,0.6643708090459801,False
Fed funds effective,Brent (long),3.0696603379392493,0.3810091265814371,469,3,0.6653810433514273,False
POS USD index,Gold,3.06531716875311,0.3816637802470784,396,3,0.6657139849843458,False
US CPI,Geopolitical risk,3.064094670154529,0.3818482224948399,494,3,0.6657139849843458,False
S&P PE10,POS US 10-year notes,3.0614549890221823,0.3822467386873893,484,3,0.6657139849843458,False
US M2 money supply,Bitcoin,3.06023237653786,0.38243143818249653,171,3,0.6657139849843458,False
POS USD index,Initial jobless claims,3.049893755717405,0.3839963301545913,397,3,0.6672700736968747,False
POS US 10-year notes,St. Louis financial stress,3.04930602865054,0.384085454219724,390,3,0.6672700736968747,False
Fed funds effective,Fed total assets,3.0465629599214417,0.38450165128307273,282,3,0.6672700736968747,False
Brent (long),10y minus 2y spread,3.0461792317789844,0.3845599037124449,469,3,0.6672700736968747,False
US CPI,Fed funds effective,3.0439318985487818,0.3849012142848591,860,3,0.6673267243655696,False
US 3-month yield,Brent (long),3.0396865326039184,0.3855466763508438,469,3,0.6679101877167662,False
WTI (long),POS US 10-year notes,3.0348939429026185,0.38627644347105267,485,3,0.6681340201669945,False
US economic policy uncertainty,Initial jobless claims,3.034779050949192,0.3862939524554779,497,3,0.6681340201669945,False
VIX,US nonfarm payrolls,3.031392407246299,0.3868103637490912,436,3,0.6684924112114591,False
US economic policy uncertainty,MXN per USD,3.020937719603311,0.38840824372259175,391,3,0.6707177499426863,False
US house prices (Case-Shiller),US economic policy uncertainty,3.018733527825484,0.3887458434809091,470,3,0.6707649749447131,False
Henry Hub natural gas,POS Crude oil,3.0165782097768994,0.3890761982996678,351,3,0.670799633751102,False
CAD per USD,Nasdaq Composite,3.0107977940121837,0.3899633630683509,664,3,0.6717934589273105,False
POS Crude oil,Chicago financial conditions,3.00768586307503,0.39044168468731455,485,3,0.6720819445015718,False
St. Louis financial stress,Bitcoin,2.998787402880582,0.3918121726816729,173,3,0.673492228958985,False
US industrial production,US equity market uncertainty,2.997677304974075,0.3919834288056545,495,3,0.673492228958985,False
S&P PE10,Geopolitical risk,2.9963030732413856,0.392195520934025,496,3,0.673492228958985,False
US core CPI,Gold,2.9895516435602287,0.3932389142005863,830,3,0.6742991855607797,False
Recession probability,US nonfarm payrolls,2.988683608647237,0.39337323402552016,706,3,0.6742991855607797,False
Chicago financial conditions,Supply chain pressure,2.984389764299041,0.39403823473210164,340,3,0.6742991855607797,False
US house prices (Case-Shiller),S&P PE10,2.9836940400223453,0.3941460730778037,470,3,0.6742991855607797,False
Bitcoin,Brent (long),2.982265413474899,0.39436759061655,173,3,0.6742991855607797,False
US equity market uncertainty,Recession probability,2.9811748670288556,0.3945367575089669,495,3,0.6742991855607797,False
JPY per USD,POS US 10-year notes,2.976133815059472,0.39531952854497876,485,3,0.6747135334938295,False
10y minus 3m spread,POS S&P 500,2.9755944914635277,0.3954033519596124,417,3,0.6747135334938295,False
MXN per USD,Nasdaq Composite,2.9729406457230096,0.3958160398915812,391,3,0.674885077480756,False
POS USD index,Supply chain pressure,2.9697015044277233,0.39632023727446863,328,3,0.6752015405774219,False
10y real yield (TIPS),MXN per USD,2.9677372546453262,0.3966262518655531,281,3,0.6752015405774219,False
Henry Hub natural gas,US nonfarm payrolls,2.96374117078923,0.3972494254940473,350,3,0.6757303366783086,False
Gold,Fed total assets,2.9611853290920296,0.3976484318261144,281,3,0.675734214922462,False
POS USD index,US housing starts,2.9597234443359945,0.39787680647377155,396,3,0.675734214922462,False
VIX,Supply chain pressure,2.953988566852862,0.3987737729371198,340,3,0.6767259788775926,False
USD per EUR,POS Gold,2.950284035963104,0.3993540872057001,329,3,0.6771792443440969,False
US equity market uncertainty,10y inflation breakeven,2.9466021664773607,0.3999315560515341,281,3,0.6775325615426628,False
St. Louis financial stress,Geopolitical acts,2.9430544396521996,0.4004886505857027,390,3,0.6775325615426628,False
US equity market uncertainty,US economic policy uncertainty,2.9407203000366446,0.4008555332538609,497,3,0.6775325615426628,False
POS US 10-year notes,US M2 money supply,2.932177517070647,0.4022007087625573,483,3,0.6775325615426628,False
JPY per USD,Bitcoin,2.9308292750717797,0.40241335379693244,173,3,0.6775325615426628,False
Henry Hub natural gas,10y minus 3m spread,2.929675501386604,0.40259540224853796,351,3,0.6775325615426628,False
USD per EUR,US unemployment rate,2.927550702816864,0.40293084513063515,326,3,0.6775325615426628,False
POS Gold,Recession probability,2.9271849482561874,0.4029886106413191,483,3,0.6775325615426628,False
10y minus 3m spread,Geopolitical acts,2.925239343814991,0.40329600693621126,497,3,0.6775325615426628,False
USD per EUR,US equity market uncertainty,2.923714093997284,0.40353712685191223,329,3,0.6775325615426628,False
Nasdaq Composite,MXN per USD,2.9233701583665894,0.4035915148166399,391,3,0.6775325615426628,False
Geopolitical threats,US house prices (Case-Shiller),2.9229595561688244,0.4036564531003798,470,3,0.6775325615426628,False
WTI (long),POS Crude oil,2.9224907450133033,0.40373060807476324,485,3,0.6775325615426628,False
POS USD index,Recession probability,2.921105413700474,0.4039498019558244,395,3,0.6775325615426628,False
Gold,Geopolitical threats,2.9145068744964155,0.40499522620452366,496,3,0.6787594411272715,False
Initial jobless claims,Sticky CPI,2.909354449099274,0.4058131156563558,700,3,0.6789618973460938,False
Fed funds effective,Nasdaq Composite,2.9069831603417775,0.4061899959994927,664,3,0.6789618973460938,False
US economic policy uncertainty,10y real yield (TIPS),2.9056398171808504,0.406403630108756,281,3,0.6789618973460938,False
10y inflation breakeven,US core CPI,2.9029233605522204,0.4068359203927212,278,3,0.6789618973460938,False
Consumer sentiment,Fed total assets,2.9014961704382207,0.40706319423419746,280,3,0.6789618973460938,False
US housing starts,Henry Hub natural gas,2.900748169473666,0.40718235260543756,350,3,0.6789618973460938,False
Initial jobless claims,Fed funds effective,2.899919914423472,0.4073143297215003,713,3,0.6789618973460938,False
MXN per USD,10y inflation breakeven,2.89207240927408,0.4085665569496818,281,3,0.6804331025610623,False
Initial jobless claims,US equity market uncertainty,2.8904467581964792,0.40882636458224786,497,3,0.6804331025610623,False
Nasdaq Composite,10y minus 2y spread,2.8828531372214883,0.4100417891762771,600,3,0.681480238986583,False
US housing starts,Fed funds effective,2.880875807078159,0.410358773010047,808,3,0.681480238986583,False
Brent (long),USD broad index,2.8789518030142833,0.4106674046608677,245,3,0.681480238986583,False
Chicago financial conditions,US 2-year yield,2.8777390752163208,0.41086203927831666,600,3,0.681480238986583,False
POS US 10-year notes,POS Gold,2.8759974982188425,0.4111416853523786,485,3,0.681480238986583,False
Bitcoin,US M2 money supply,2.8739963662552483,0.4114632044981067,171,3,0.681480238986583,False
US core CPI,CAD per USD,2.872759867177005,0.411661976002071,662,3,0.681480238986583,False
S&P PE10,US nonfarm payrolls,2.865436545190663,0.4128408684527808,1048,3,0.6825382612719375,False
POS Crude oil,US house prices (Case-Shiller),2.8648681128191855,0.41293249109329055,470,3,0.6825382612719375,False
Geopolitical threats,Geopolitical acts,2.8561534786052483,0.41433928040037626,497,3,0.684340354641416,False
Geopolitical acts,Fed total assets,2.850955022301158,0.4151803581026793,282,3,0.6852060566549563,False
POS Gold,US unemployment rate,2.8466444051404585,0.41587886627998816,482,3,0.6858353233389278,False
10y real yield (TIPS),US housing starts,2.8427058117069275,0.41651794479237614,280,3,0.6863656986593881,False
10y minus 3m spread,Consumer sentiment,2.8388515208911387,0.41714413461802946,531,3,0.6867255707925755,False
JPY per USD,MXN per USD,2.833040901313781,0.41808963919244424,391,3,0.6867255707925755,False
POS S&P 500,Recession probability,2.8329662502082344,0.41810179799933367,417,3,0.6867255707925755,False
USD per EUR,US housing starts,2.826454782600671,0.4191634841584244,328,3,0.6867255707925755,False
US CPI,Fed total assets,2.8250562313259064,0.4193918077251624,279,3,0.6867255707925755,False
Brent (long),POS Crude oil,2.820529592699111,0.42013152152828215,469,3,0.6867255707925755,False
Fed total assets,Consumer sentiment,2.820355265496258,0.42016003056580276,280,3,0.6867255707925755,False
Recession probability,10y minus 3m spread,2.817279991890405,0.4206632169168326,531,3,0.6867255707925755,False
Fed funds effective,US 2-year yield,2.815506437266485,0.420953638752229,600,3,0.6867255707925755,False
VIX,US 2-year yield,2.8123433414942114,0.4214720120704113,437,3,0.6867255707925755,False
Geopolitical risk,Henry Hub natural gas,2.8122312898280035,0.42149038497405444,351,3,0.6867255707925755,False
VIX,Chicago financial conditions,2.810828858343714,0.4217203951703069,437,3,0.6867255707925755,False
US economic policy uncertainty,US 2-year yield,2.81058121293116,0.42176102183273667,497,3,0.6867255707925755,False
POS USD index,USD broad index,2.8082610880239525,0.4221417997976743,245,3,0.6867255707925755,False
Consumer sentiment,Gold,2.8073623857268792,0.42228937090596086,579,3,0.6867255707925755,False
VIX,St. Louis financial stress,2.802206212539816,0.42313686395124106,390,3,0.6867255707925755,False
S&P PE10,US 3-month yield,2.800169630767592,0.42347199357208765,536,3,0.6867255707925755,False
POS US 10-year notes,Fed total assets,2.798401708914041,0.423763091814246,282,3,0.6867255707925755,False
US house prices (Case-Shiller),CAD per USD,2.7978855338922064,0.42384811412118006,470,3,0.6867255707925755,False
Henry Hub natural gas,US economic policy uncertainty,2.795305293882754,0.42427333249091703,351,3,0.6867255707925755,False
Geopolitical acts,VIX,2.793221297193975,0.4246170282642766,437,3,0.6867255707925755,False
US house prices (Case-Shiller),Bitcoin,2.793202641516518,0.4246201060243754,170,3,0.6867255707925755,False
POS US 10-year notes,POS USD index,2.7930613731541043,0.42464341267137573,397,3,0.6867255707925755,False
Sticky CPI,US nonfarm payrolls,2.7929312699237814,0.4246648782145348,700,3,0.6867255707925755,False
POS Crude oil,US 10-year yield,2.7928566408687745,0.42467719155859085,485,3,0.6867255707925755,False
Initial jobless claims,S&P PE10,2.7832030392235403,0.4262724653337987,712,3,0.6883593949762389,False
US M2 money supply,Nasdaq Composite,2.782694681141906,0.42635660925452923,662,3,0.6883593949762389,False
JPY per USD,Chicago financial conditions,2.7809666732940714,0.42664273324151714,665,3,0.6883593949762389,False
US economic policy uncertainty,USD per EUR,2.7766958428889077,0.4273505778869503,329,3,0.688987285154054,False
US CPI,US nonfarm payrolls,2.7721723251298327,0.42810135820397754,950,3,0.6896834101616985,False
JPY per USD,Initial jobless claims,2.769033546669305,0.42862294801345346,665,3,0.6900095410313376,False
10y minus 3m spread,Chicago financial conditions,2.7567559934506387,0.4306682111270336,533,3,0.6926890941412037,False
10y minus 3m spread,10y real yield (TIPS),2.755198563282661,0.4309282292414056,281,3,0.6926890941412037,False
WTI (long),JPY per USD,2.7479194543775796,0.43214521160655917,485,3,0.6937423786645593,False
Sticky CPI,US 10-year yield,2.7474413307063346,0.43222524702181375,700,3,0.6937423786645593,False
WTI (long),US core CPI,2.745493467137787,0.43255143504382676,482,3,0.6937508921103512,False
POS US 10-year notes,Sticky CPI,2.7422421273811945,0.43309635246995903,484,3,0.6940814310464886,False
US industrial production,10y minus 3m spread,2.74043421349526,0.43339959847953724,531,3,0.6940814310464886,False
Recession probability,Chicago financial conditions,2.7346330343675644,0.4343738211238779,663,3,0.6951267218873605,False
US 2-year yield,US economic policy uncertainty,2.7308210690910397,0.4350149613101336,497,3,0.6956125097551529,False
POS S&P 500,US core CPI,2.7290038659850433,0.43532087220107396,417,3,0.6956125097551529,False
US industrial production,US 2-year yield,2.7247090240979097,0.4360445729815683,598,3,0.6962543329292102,False
Geopolitical acts,US M2 money supply,2.714508480230794,0.43776735818340073,495,3,0.6980357736026888,False
MXN per USD,USD per EUR,2.7136211180674836,0.43791748884422776,329,3,0.6980357736026888,False
Supply chain pressure,Bitcoin,2.71237234725076,0.4381288366229642,172,3,0.6980357736026888,False
US economic policy uncertainty,US M2 money supply,2.7085865181776954,0.438770077210929,495,3,0.6985426413328634,False
USD broad index,US 10-year yield,2.704078265054452,0.4395346807877878,245,3,0.6990447558588144,False
Gold,US 2-year yield,2.702915097653592,0.4397321313450452,599,3,0.6990447558588144,False
US 3-month yield,MXN per USD,2.700989967293637,0.44005908600447385,391,3,0.6990505098763207,False
US 10-year yield,Geopolitical threats,2.6987764050931267,0.4404352715470897,497,3,0.6991344031459678,False
VIX,Nasdaq Composite,2.6923034715231786,0.44153682369998126,437,3,0.700368754834453,False
Geopolitical risk,Nasdaq Composite,2.6896158127099694,0.44199486362634566,497,3,0.700581301437067,False
USD broad index,US 3-month yield,2.687084518538116,0.4424266090922111,245,3,0.7007518892727914,False
POS Crude oil,US equity market uncertainty,2.6841127034140775,0.4429339292071536,485,3,0.701041841102391,False
US housing starts,Recession probability,2.6747002101372575,0.44454386431424897,706,3,0.7030752265160252,False
Geopolitical threats,USD broad index,2.6693364853872907,0.4454634132993339,245,3,0.703350328071764,False
S&P PE10,Brent (long),2.668485752211625,0.44560940353344247,468,3,0.703350328071764,False
US CPI,Geopolitical threats,2.667994173729448,0.44569377865787085,494,3,0.703350328071764,False
USD per EUR,JPY per USD,2.663490643453744,0.44646737363983513,329,3,0.7036532489489691,False
Brent (long),US unemployment rate,2.661600659882879,0.4467923503110419,466,3,0.7036532489489691,False
S&P PE10,Bitcoin,2.661195022260035,0.4468621234074628,172,3,0.7036532489489691,False
POS US 10-year notes,US nonfarm payrolls,2.6590854236730954,0.44722513462782765,484,3,0.7037123297418948,False
St. Louis financial stress,JPY per USD,2.655599062650341,0.44782557742374784,390,3,0.7038412147223632,False
US M2 money supply,US 3-month yield,2.6488786655951877,0.4489848484602512,535,3,0.7038412147223632,False
Gold,US equity market uncertainty,2.6484938909980484,0.44905129567805,496,3,0.7038412147223632,False
WTI (long),US unemployment rate,2.644986220415346,0.4496574067485867,482,3,0.7038412147223632,False
POS S&P 500,Geopolitical acts,2.6448718815900953,0.4496771751594649,417,3,0.7038412147223632,False
US industrial production,US house prices (Case-Shiller),2.6435481968545536,0.4499060824831108,470,3,0.7038412147223632,False
US house prices (Case-Shiller),Geopolitical acts,2.6428214567527273,0.4500317990941872,470,3,0.7038412147223632,False
St. Louis financial stress,Recession probability,2.6406030702240373,0.45041572685334375,388,3,0.7038412147223632,False
Geopolitical acts,Chicago financial conditions,2.6384745199779207,0.45078435579752185,497,3,0.7038412147223632,False
USD broad index,JPY per USD,2.6341299091446486,0.45153752542799264,245,3,0.7038412147223632,False
JPY per USD,USD broad index,2.6324056493074215,0.4518367198269746,245,3,0.7038412147223632,False
POS S&P 500,US industrial production,2.6295337966502217,0.45233540026519803,417,3,0.7038412147223632,False
St. Louis financial stress,10y real yield (TIPS),2.6289157741335365,0.4524427743104128,281,3,0.7038412147223632,False
Initial jobless claims,JPY per USD,2.627394572430875,0.4527071525623728,665,3,0.7038412147223632,False
POS US 10-year notes,US 2-year yield,2.6265396178267695,0.4528557946448757,485,3,0.7038412147223632,False
10y real yield (TIPS),Bitcoin,2.6253802464109266,0.4530574253869841,173,3,0.7038412147223632,False
VIX,Recession probability,2.6246054276095068,0.45319221745173466,435,3,0.7038412147223632,False
Gold,Chicago financial conditions,2.62455053846005,0.4532017675192074,664,3,0.7038412147223632,False
10y minus 3m spread,Brent (long),2.6191698720672996,0.45413872784167375,469,3,0.7038412147223632,False
US 3-month yield,US 2-year yield,2.619033686465134,0.45416246270438265,537,3,0.7038412147223632,False
Geopolitical acts,St. Louis financial stress,2.6166232687941395,0.4545827233597325,390,3,0.7038412147223632,False
Geopolitical risk,JPY per USD,2.616521951154886,0.4546003951276877,497,3,0.7038412147223632,False
MXN per USD,US M2 money supply,2.6152887090447847,0.4548155408910801,389,3,0.7038412147223632,False
US 3-month yield,POS Gold,2.6135427821646333,0.4551202674291691,485,3,0.7038412147223632,False
Nasdaq Composite,Sticky CPI,2.608016019337753,0.45608596791709355,663,3,0.7048304950941789,False
JPY per USD,US housing starts,2.6056831168748733,0.4564940940868748,664,3,0.7049573081541595,False
Consumer sentiment,St. Louis financial stress,2.6019526545245424,0.4571473241526117,388,3,0.7054621804553509,False
Geopolitical acts,JPY per USD,2.5941700067278077,0.45851253683766235,497,3,0.7070642686469515,False
POS Gold,POS USD index,2.5907969949330494,0.4591052373339678,397,3,0.7074736444162782,False
USD per EUR,CAD per USD,2.5854880675760494,0.46003935792099904,329,3,0.7084081850606837,False
POS Gold,US equity market uncertainty,2.5819634556735624,0.460660363727341,485,3,0.7088595774936023,False
MXN per USD,US CPI,2.579145435430301,0.4611573568880275,388,3,0.7091196341336525,False
Sticky CPI,MXN per USD,2.5759832798013536,0.4617155533504035,390,3,0.7094733662711956,False
US economic policy uncertainty,Chicago financial conditions,2.5708181362108165,0.4626284872173192,497,3,0.7100827919560099,False
Bitcoin,Gold,2.5700236764630704,0.46276903509066514,172,3,0.7100827919560099,False
US unemployment rate,Fed funds effective,2.564167978516359,0.46380601897535634,860,3,0.7111692290955464,False
St. Louis financial stress,USD broad index,2.5599433076568614,0.4645553158395046,245,3,0.711813318812905,False
US housing starts,Bitcoin,2.5495436967047826,0.4664039260122069,172,3,0.71386917491065,False
Fed total assets,US industrial production,2.5486816668007783,0.46655742097536934,280,3,0.71386917491065,False
Geopolitical risk,US core CPI,2.5442072037349215,0.4673547998354305,494,3,0.7145835058304106,False
Supply chain pressure,Geopolitical threats,2.5371097029920833,0.4686218438311168,340,3,0.7155489968889144,False
Supply chain pressure,US CPI,2.536962302249693,0.4686481866765507,338,3,0.7155489968889144,False
CAD per USD,USD broad index,2.53404464532285,0.4691698602211881,245,3,0.7158399702175079,False
Brent (long),Nasdaq Composite,2.530965676743268,0.4697208759376664,469,3,0.7159132085392859,False
POS USD index,USD per EUR,2.530076325172264,0.469880130859041,317,3,0.7159132085392859,False
POS Crude oil,USD broad index,2.5272088405676993,0.4703938989481029,245,3,0.7161912743139426,False
JPY per USD,Fed total assets,2.523058032729229,0.4711383893541219,282,3,0.7164384808068505,False
Initial jobless claims,10y minus 2y spread,2.5215232399920424,0.4714139066789832,600,3,0.7164384808068505,False
USD broad index,10y real yield (TIPS),2.514249531235075,0.4727213773876101,245,3,0.7164384808068505,False
Consumer sentiment,US M2 money supply,2.511534460761517,0.47321015411803635,579,3,0.7164384808068505,False
MXN per USD,US industrial production,2.511477957857116,0.47322033021700827,389,3,0.7164384808068505,False
MXN per USD,POS USD index,2.5108380877617362,0.4733355820562627,379,3,0.7164384808068505,False
10y minus 3m spread,Supply chain pressure,2.51071788905008,0.4733572344303628,340,3,0.7164384808068505,False
US housing starts,US CPI,2.509943669535346,0.4734967196699279,806,3,0.7164384808068505,False
Sticky CPI,US core CPI,2.509710897180991,0.473538662845971,698,3,0.7164384808068505,False
Geopolitical acts,Supply chain pressure,2.497096055619154,0.47581611972890914,340,3,0.7191605467304175,False
US housing starts,US nonfarm payrolls,2.4955864747460272,0.4760892342618879,808,3,0.7191605467304175,False
10y minus 2y spread,Consumer sentiment,2.494224469812865,0.47633575528120164,579,3,0.7191605467304175,False
VIX,10y real yield (TIPS),2.485295860013394,0.47795431276782196,281,3,0.7211006449434969,False
Supply chain pressure,CAD per USD,2.477516637179979,0.47936803699806574,340,3,0.7220765869138126,False
10y minus 2y spread,Geopolitical threats,2.477322431933549,0.4794033720705233,497,3,0.7220765869138126,False
Geopolitical threats,Chicago financial conditions,2.4762247230685297,0.47960313543396615,497,3,0.7220765869138126,False
US M2 money supply,10y minus 3m spread,2.4715813005022227,0.4804488784058386,531,3,0.7221243827719314,False
US housing starts,US equity market uncertainty,2.471501902263704,0.48046335000271445,496,3,0.7221243827719314,False
Geopolitical risk,POS USD index,2.4696578383819845,0.48079955632411864,397,3,0.7221243827719314,False
JPY per USD,Geopolitical acts,2.468718357220163,0.48097091174448714,497,3,0.7221243827719314,False
US nonfarm payrolls,10y minus 2y spread,2.4631563055695853,0.4819863759433962,599,3,0.7228648455175528,False
JPY per USD,St. Louis financial stress,2.462355063811225,0.4821327970565732,390,3,0.7228648455175528,False
US 10-year yield,POS S&P 500,2.4568181493820553,0.4831455802707564,417,3,0.7234363977485084,False
US equity market uncertainty,POS Crude oil,2.4544736153595728,0.4835749315361616,485,3,0.7234363977485084,False
Geopolitical risk,US equity market uncertainty,2.4537639689896404,0.48370494691244825,497,3,0.7234363977485084,False
US economic policy uncertainty,Nasdaq Composite,2.452958965835643,0.4838524658391967,497,3,0.7234363977485084,False
WTI (long),S&P PE10,2.449474177407204,0.4844914681214342,484,3,0.7236657352934768,False
US 3-month yield,Fed total assets,2.4473585365515595,0.48487973271718343,282,3,0.7236657352934768,False
US CPI,JPY per USD,2.445968151632266,0.48513502990301094,662,3,0.7236657352934768,False
Geopolitical threats,Recession probability,2.444826497299242,0.4853447345862818,495,3,0.7236657352934768,False
MXN per USD,10y minus 2y spread,2.4408843883886058,0.4860693845085958,391,3,0.7242467328101889,False
US industrial production,Geopolitical threats,2.437224677826121,0.48674287830361807,495,3,0.7246512080241504,False
POS S&P 500,JPY per USD,2.4350536061798254,0.48714276262182377,417,3,0.7246512080241504,False
POS Crude oil,US housing starts,2.4338501251944,0.48736453905222044,484,3,0.7246512080241504,False
US unemployment rate,10y minus 2y spread,2.4316555285769907,0.4877691598482492,597,3,0.7246512080241504,False
US 3-month yield,US house prices (Case-Shiller),2.4250915110568156,0.4889809374843188,470,3,0.7246512080241504,False
10y minus 3m spread,Recession probability,2.4250199198489595,0.488994166771927,531,3,0.7246512080241504,False
CAD per USD,10y minus 3m spread,2.4247843418144486,0.48903770103127175,533,3,0.7246512080241504,False
US housing starts,POS Gold,2.4224011700956405,0.48947827491050655,484,3,0.7246512080241504,False
Geopolitical threats,US nonfarm payrolls,2.422383962771404,0.48948145712762925,496,3,0.7246512080241504,False
10y minus 2y spread,JPY per USD,2.4206584718203477,0.489800640486059,600,3,0.7246512080241504,False
US equity market uncertainty,US CPI,2.4174909492844137,0.4903869933098032,494,3,0.7246512080241504,False
POS Gold,JPY per USD,2.416700377039082,0.49053342426470425,485,3,0.7246512080241504,False
US core CPI,POS USD index,2.4155435827267313,0.4907477485661269,394,3,0.7246512080241504,False
CAD per USD,Geopolitical threats,2.4140028931508257,0.491033311635236,497,3,0.7246512080241504,False
Bitcoin,10y real yield (TIPS),2.4102371998655614,0.49173181621151896,173,3,0.7251870304565511,False
US M2 money supply,US economic policy uncertainty,2.4034936465838435,0.49298461284111605,495,3,0.726539013607698,False
US nonfarm payrolls,US 2-year yield,2.400083431394966,0.49361909217270117,599,3,0.7269785267557083,False
Consumer sentiment,US core CPI,2.395989338503829,0.4943816427546378,577,3,0.7276059303169006,False
US housing starts,US 10-year yield,2.390556052105671,0.4953950317710446,772,3,0.7283373898562076,False
Henry Hub natural gas,Geopolitical acts,2.389713063222246,0.49555240540170276,351,3,0.7283373898562076,False
Sticky CPI,Fed total assets,2.3865738138882153,0.49613879643596037,281,3,0.7287038572653168,False
10y minus 3m spread,Fed total assets,2.3842437632334126,0.49657438041574586,282,3,0.72884847960546,False
US industrial production,US 10-year yield,2.3802249781791325,0.49732635206190967,771,3,0.7294569695779164,False
JPY per USD,Brent (long),2.3725977868808643,0.49875591847755174,469,3,0.7310578276260793,False
Geopolitical threats,POS Gold,2.3682051594585753,0.49958066263324385,485,3,0.7317705912012691,False
US house prices (Case-Shiller),USD broad index,2.3662504125808907,0.49994801567141656,242,3,0.7318128706036579,False
USD broad index,10y inflation breakeven,2.360607587475605,0.5010096277365366,245,3,0.7324323114860765,False
US house prices (Case-Shiller),Chicago financial conditions,2.3603998364466907,0.5010487459241013,470,3,0.7324323114860765,False
MXN per USD,Fed funds effective,2.3547558775582704,0.5021123632380424,391,3,0.7334911684598971,False
10y minus 3m spread,Henry Hub natural gas,2.349771100826105,0.5030531933970361,351,3,0.7343693478220068,False
JPY per USD,USD per EUR,2.338824079854033,0.5051240718708059,329,3,0.7368949010692863,False
Nasdaq Composite,US core CPI,2.335032285545523,0.5058428916347273,661,3,0.737445941816777,False
POS Crude oil,US economic policy uncertainty,2.329052174376594,0.5069781402632172,485,3,0.7377564662023819,False
POS S&P 500,POS USD index,2.327690921303534,0.5072368278699679,329,3,0.7377564662023819,False
Geopolitical threats,USD per EUR,2.327404743192674,0.5072912249008659,329,3,0.7377564662023819,False
Initial jobless claims,Henry Hub natural gas,2.3259251259065175,0.5075725428955606,351,3,0.7377564662023819,False
Geopolitical risk,10y real yield (TIPS),2.324928578661856,0.507762082196644,281,3,0.7377564662023819,False
Bitcoin,Geopolitical risk,2.319428988478556,0.5088090504140308,173,3,0.7387811732673839,False
POS Gold,US economic policy uncertainty,2.3167081000335963,0.5093276375608868,485,3,0.7390378204071392,False
St. Louis financial stress,USD per EUR,2.3119430249973183,0.5102368023760488,329,3,0.7398199519360711,False
10y minus 2y spread,VIX,2.310297506017772,0.510551049162173,437,3,0.7398199519360711,False
US equity market uncertainty,CAD per USD,2.3034307873881885,0.5118639778297283,497,3,0.741225666488863,False
Bitcoin,MXN per USD,2.301354731553721,0.5122614260570231,173,3,0.7413046875068835,False
POS S&P 500,Gold,2.294766344976307,0.5135242777622815,417,3,0.7421747062179702,False
Recession probability,US house prices (Case-Shiller),2.294636470989911,0.5135491954218703,470,3,0.7421747062179702,False
Geopolitical risk,CAD per USD,2.2888748150000704,0.5146555469004555,497,3,0.7431640803193292,False
POS Gold,US 10-year yield,2.287492358302209,0.5149212730427175,485,3,0.7431640803193292,False
Sticky CPI,US 2-year yield,2.2782727246563086,0.5166960502472011,599,3,0.7452280591290519,False
Fed funds effective,Geopolitical threats,2.2761838550829867,0.5170987958740658,497,3,0.7453117311198202,False
10y inflation breakeven,POS Crude oil,2.26546420156281,0.5191693154618071,281,3,0.7471493218689087,False
Sticky CPI,POS USD index,2.2644052186545864,0.5193741968634671,396,3,0.7471493218689087,False
CAD per USD,Sticky CPI,2.2633054071974708,0.5195870414962731,664,3,0.7471493218689087,False
Fed funds effective,Henry Hub natural gas,2.2624323463372167,0.5197560499957625,351,3,0.7471493218689087,False
10y minus 3m spread,CAD per USD,2.2539150724977945,0.5214069969991917,533,3,0.7490245365529916,False
US industrial production,JPY per USD,2.2520083814398024,0.5217771172759889,663,3,0.7490585176299388,False
S&P PE10,Chicago financial conditions,2.249960227401079,0.5221749164551528,664,3,0.7491321628241807,False
Geopolitical threats,Henry Hub natural gas,2.2480191161686927,0.5225521343745783,351,3,0.7491762032611659,False
CAD per USD,Supply chain pressure,2.2457529008518207,0.5229927872990632,340,3,0.7493110710010434,False
USD per EUR,Recession probability,2.2396854679792155,0.5241739295276528,327,3,0.7501155301498894,False
10y minus 2y spread,10y inflation breakeven,2.238418667407913,0.5244207870884028,281,3,0.7501155301498894,False
US M2 money supply,Sticky CPI,2.2375242331756264,0.5245951348689328,699,3,0.7501155301498894,False
Geopolitical threats,POS US 10-year notes,2.233257002365744,0.5254275193963367,485,3,0.7508091850197488,False
POS US 10-year notes,Chicago financial conditions,2.2258553945493387,0.526873636111528,485,3,0.752165684524497,False
Sticky CPI,10y minus 2y spread,2.224838104969271,0.5270726235220227,599,3,0.752165684524497,False
10y minus 2y spread,US house prices (Case-Shiller),2.2214165324884365,0.5277423107386068,470,3,0.7526245882697018,False
Henry Hub natural gas,POS S&P 500,2.219490186557655,0.5281196220724189,283,3,0.75266619836557,False
10y minus 2y spread,Geopolitical risk,2.217661363681762,0.5284780164885101,497,3,0.7526808113624235,False
Consumer sentiment,US unemployment rate,2.2141730017472856,0.5291621298281481,577,3,0.7528994156375227,False
US economic policy uncertainty,Supply chain pressure,2.213327772829718,0.5293279887923379,340,3,0.7528994156375227,False
Geopolitical risk,St. Louis financial stress,2.2107677405744224,0.5298305774486203,390,3,0.7531188089703597,False
Geopolitical risk,POS S&P 500,2.2063512663590448,0.5306984535011388,417,3,0.7533138804436169,False
Supply chain pressure,US M2 money supply,2.2060262679280704,0.5307623599758011,339,3,0.7533138804436169,False
St. Louis financial stress,US unemployment rate,2.2045145655788456,0.531059690086026,387,3,0.7533138804436169,False
Henry Hub natural gas,Sticky CPI,2.201254283053087,0.5317013588193145,350,3,0.7533138804436169,False
10y inflation breakeven,Recession probability,2.201210487801042,0.5317099822187601,279,3,0.7533138804436169,False
Geopolitical risk,US unemployment rate,2.1929268918549307,0.5333428963581335,494,3,0.7548182543888796,False
US industrial production,MXN per USD,2.19228253405056,0.5334700706319186,389,3,0.7548182543888796,False
US housing starts,MXN per USD,2.188758447387016,0.534165999445769,390,3,0.754850727824454,False
US core CPI,US 3-month yield,2.187862252391045,0.5343430843261336,534,3,0.754850727824454,False
POS US 10-year notes,JPY per USD,2.1868636500905803,0.5345404552725435,485,3,0.754850727824454,False
US economic policy uncertainty,POS Crude oil,2.183825255178344,0.5351413144685535,485,3,0.755205954230426,False
US 3-month yield,WTI (long),2.1813844394204143,0.5356243576965147,485,3,0.7553945605609034,False
WTI (long),Consumer sentiment,2.1794400306313784,0.536009389357941,483,3,0.7554447847404618,False
10y minus 3m spread,Geopolitical risk,2.175475797517193,0.5367950140921853,497,3,0.7560216808965611,False
US unemployment rate,US 2-year yield,2.173846820432885,0.5371180859653644,597,3,0.7560216808965611,False
POS Crude oil,US 3-month yield,2.1705226976595338,0.5377777936889967,485,3,0.7564577683510806,False
US 2-year yield,Fed total assets,2.1641801043605247,0.5390381902050327,282,3,0.7567696785832474,False
US industrial production,US 3-month yield,2.162726710866732,0.5393273108547252,535,3,0.7567696785832474,False
POS Crude oil,Nasdaq Composite,2.1621047544437375,0.539451069916651,485,3,0.7567696785832474,False
US nonfarm payrolls,US 3-month yield,2.1597772214938376,0.5399143941122171,536,3,0.7567696785832474,False
Geopolitical threats,Sticky CPI,2.158973948097311,0.540074362840476,496,3,0.7567696785832474,False
St. Louis financial stress,US nonfarm payrolls,2.1588465894560773,0.5400997289796257,389,3,0.7567696785832474,False
Recession probability,POS US 10-year notes,2.14963425215985,0.5419368575986747,483,3,0.7588519987877816,False
CAD per USD,VIX,2.146099444874908,0.5426429737024532,437,3,0.7591465122199879,False
Brent (long),US nonfarm payrolls,2.1427396567603867,0.5433147459183278,468,3,0.7591465122199879,False
S&P PE10,Recession probability,2.14249005384999,0.5433646767571723,706,3,0.7591465122199879,False
US 2-year yield,POS USD index,2.1400717099575637,0.5438486169622938,397,3,0.7591465122199879,False
US 10-year yield,POS USD index,2.139800826902536,0.5439028433990569,397,3,0.7591465122199879,False
Brent (long),S&P PE10,2.134696149712684,0.5449254491428104,468,3,0.7600831103527458,False
VIX,CAD per USD,2.129406518380341,0.5459865708868499,437,3,0.7609163984099521,False
US equity market uncertainty,POS S&P 500,2.1282102301507297,0.5462267577854976,417,3,0.7609163984099521,False
POS US 10-year notes,Brent (long),2.120752780305733,0.5477257574858834,469,3,0.7623481099928842,False
US 3-month yield,S&P PE10,2.1195900431301893,0.5479597423353109,536,3,0.7623481099928842,False
WTI (long),Supply chain pressure,2.114045319691962,0.549076529823382,340,3,0.7624020202624909,False
Bitcoin,US 10-year yield,2.1122179327424284,0.5494449497865894,173,3,0.7624020202624909,False
US M2 money supply,JPY per USD,2.112176548640618,0.5494532952994733,663,3,0.7624020202624909,False
Initial jobless claims,10y minus 3m spread,2.111254294233246,0.5496393006010716,533,3,0.7624020202624909,False
WTI (long),US economic policy uncertainty,2.109714960164172,0.5499498624674986,485,3,0.7624020202624909,False
10y minus 3m spread,Sticky CPI,2.1089000795069683,0.5501143161931017,532,3,0.7624020202624909,False
Geopolitical risk,Recession probability,2.104263515055618,0.5510507068859887,495,3,0.7632105242072438,False
US unemployment rate,US 3-month yield,2.1011105435050434,0.55168812549874,534,3,0.7633215733905869,False
Initial jobless claims,USD broad index,2.1003744579502657,0.5518370116602624,245,3,0.7633215733905869,False
POS S&P 500,Brent (long),2.096878511133214,0.5525445198914436,401,3,0.7638115422028778,False
Nasdaq Composite,POS Gold,2.091896857444397,0.5535538229960277,485,3,0.7644351922124947,False
Gold,US 10-year yield,2.091161963921518,0.5537028265516959,772,3,0.7644351922124947,False
Geopolitical acts,POS US 10-year notes,2.0866725503637245,0.5546136992025554,485,3,0.7649180552598553,False
10y minus 3m spread,Gold,2.085951077641783,0.5547601806879987,532,3,0.7649180552598553,False
US 10-year yield,VIX,2.081840684294863,0.5555952436130669,437,3,0.765581208853697,False
Gold,Supply chain pressure,2.0772074528722277,0.556537595494143,340,3,0.7657816870771874,False
St. Louis financial stress,POS US 10-year notes,2.0760518192655986,0.5567728160952361,390,3,0.7657816870771874,False
Supply chain pressure,Nasdaq Composite,2.0759019018040634,0.5568033358396571,340,3,0.7657816870771874,False
CAD per USD,US unemployment rate,2.0719673680078565,0.5576047401620041,662,3,0.7663963434394488,False
US economic policy uncertainty,POS S&P 500,2.0687991775590207,0.5582506452369354,417,3,0.7667966296075313,False
CAD per USD,US M2 money supply,2.0642723159771017,0.5591744627428095,663,3,0.7675778974285423,False
Nasdaq Composite,US M2 money supply,2.058901049490241,0.5602720010282571,662,3,0.7682962348063223,False
JPY per USD,Henry Hub natural gas,2.0582335862658208,0.5604084931959159,351,3,0.7682962348063223,False
St. Louis financial stress,Geopolitical risk,2.054309156087005,0.5612114888921618,390,3,0.7689095304086526,False
Consumer sentiment,10y real yield (TIPS),2.0492426962028376,0.56224935691886,279,3,0.7698436413290534,False
VIX,POS Crude oil,2.0436252735879394,0.5634016647395186,437,3,0.7709331640296451,False
US unemployment rate,Henry Hub natural gas,2.0391315022187704,0.5643246676921165,348,3,0.7716439156602486,False
CAD per USD,Henry Hub natural gas,2.0369143365278224,0.5647804544343089,351,3,0.7716439156602486,False
Geopolitical risk,POS US 10-year notes,2.0358865692465846,0.5649918216883318,485,3,0.7716439156602486,False
Bitcoin,US house prices (Case-Shiller),2.031799012869128,0.5658330020869793,170,3,0.7719981233022682,False
10y real yield (TIPS),POS S&P 500,2.0311564172168355,0.5659653216623937,213,3,0.7719981233022682,False
Gold,VIX,2.0247597025416337,0.567283672471139,436,3,0.7733085119058023,False
Gold,St. Louis financial stress,2.0171997718291528,0.5688445133327118,389,3,0.7745369656710275,False
Henry Hub natural gas,St. Louis financial stress,2.0169247940821546,0.5689013420377389,351,3,0.7745369656710275,False
POS USD index,JPY per USD,2.013335652104658,0.5696434588670858,397,3,0.7750592561803898,False
US CPI,POS US 10-year notes,2.0112765510946105,0.5700695161730733,482,3,0.7751511282806193,False
Fed funds effective,St. Louis financial stress,2.001456009090615,0.5721045593334015,390,3,0.7764988365926113,False
POS US 10-year notes,US core CPI,2.0004093487259347,0.5723217469558093,482,3,0.7764988365926113,False
US unemployment rate,Geopolitical threats,1.9990173903391846,0.5726106738371555,494,3,0.7764988365926113,False
US housing starts,POS USD index,1.9980297735208052,0.5728157330559533,396,3,0.7764988365926113,False
10y minus 3m spread,Initial jobless claims,1.997833700647787,0.5728564497526434,533,3,0.7764988365926113,False
US 10-year yield,Fed total assets,1.9958169702573842,0.5732753617812771,282,3,0.776579782062106,False
Recession probability,St. Louis financial stress,1.9856370326861434,0.5753931378564805,388,3,0.7786338909651174,False
POS Gold,US M2 money supply,1.9850664065362709,0.5755120063655215,483,3,0.7786338909651174,False
Initial jobless claims,US 10-year yield,1.9822423303054248,0.5761005442181006,713,3,0.7789426995619347,False
US 3-month yield,10y minus 3m spread,1.9745174286448688,0.577712518335356,533,3,0.7801464488701062,False
US 10-year yield,10y minus 3m spread,1.9745174286448683,0.5777125183353562,533,3,0.7801464488701062,False
USD broad index,POS Gold,1.9699438263162548,0.5786683531625854,245,3,0.780949425429157,False
10y minus 3m spread,US CPI,1.9625147011642634,0.5802232568360708,530,3,0.7822508951432707,False
Bitcoin,US 2-year yield,1.9618794129743589,0.5803563532885321,173,3,0.7822508951432707,False
Henry Hub natural gas,Recession probability,1.9591640276944604,0.5809254754044748,349,3,0.7823395674115988,False
US economic policy uncertainty,Fed total assets,1.9568691994605476,0.5814067473256832,282,3,0.7823395674115988,False
US housing starts,USD per EUR,1.9563879120137098,0.5815077173128766,328,3,0.7823395674115988,False
Sticky CPI,US house prices (Case-Shiller),1.9543121267468886,0.5819433353749375,470,3,0.7824097706669841,False
US house prices (Case-Shiller),St. Louis financial stress,1.952691054806774,0.5822836822401376,387,3,0.7824097706669841,False
10y inflation breakeven,JPY per USD,1.9498449873847041,0.5828815446327011,281,3,0.7827266456496272,False
US house prices (Case-Shiller),Supply chain pressure,1.9455937409152915,0.5837753596173951,338,3,0.7830079103643384,False
Supply chain pressure,US 10-year yield,1.9435810660088368,0.5841988422819901,340,3,0.7830079103643384,False
US unemployment rate,POS US 10-year notes,1.9419838295025253,0.5845350607210353,482,3,0.7830079103643384,False
US CPI,Chicago financial conditions,1.941266376896403,0.5846861269672283,662,3,0.7830079103643384,False
10y real yield (TIPS),POS USD index,1.9385290682054284,0.5852627338345404,281,3,0.7830079103643384,False
10y minus 2y spread,POS Gold,1.938523026119814,0.585264007006832,485,3,0.7830079103643384,False
Geopolitical acts,US CPI,1.9328734942112578,0.5864552758457786,494,3,0.7841164541611462,False
US economic policy uncertainty,US 3-month yield,1.9253391746535389,0.5880465022956314,497,3,0.7857580580736434,False
POS Crude oil,Bitcoin,1.9222762999885157,0.5886941973329427,173,3,0.7861376495576419,False
Brent (long),Supply chain pressure,1.9144212022555427,0.5903574614350724,340,3,0.7876944177225212,False
US equity market uncertainty,Fed total assets,1.9132479155500564,0.5906061652893146,282,3,0.7876944177225212,False
WTI (long),US nonfarm payrolls,1.9116123227180415,0.590952981288589,484,3,0.7876944177225212,False
POS Gold,10y inflation breakeven,1.9047571734340423,0.592408038504014,281,3,0.7884611261920886,False
US industrial production,Gold,1.9040797737551143,0.5925519505101406,1287,3,0.7884611261920886,False
POS Gold,US nonfarm payrolls,1.9037488551502306,0.5926222618233783,484,3,0.7884611261920886,False
US economic policy uncertainty,Recession probability,1.896686595408081,0.5941241179276497,495,3,0.7899731506516474,False
Chicago financial conditions,US industrial production,1.8945483761843098,0.5945793255596523,663,3,0.7900925026797593,False
Geopolitical threats,St. Louis financial stress,1.8927934854235453,0.594953097751221,390,3,0.7901035610185133,False
Nasdaq Composite,Bitcoin,1.8896333336689763,0.5956265650060963,173,3,0.7902982093126896,False
USD per EUR,Geopolitical threats,1.888675689007575,0.5958307498518427,329,3,0.7902982093126896,False
Bitcoin,US unemployment rate,1.885178224093465,0.5965768548946282,170,3,0.7908026733796358,False
US 2-year yield,St. Louis financial stress,1.8809789985657306,0.5974734743095229,390,3,0.7915059138830812,False
Chicago financial conditions,US CPI,1.8696941571324692,0.5998873826387277,662,3,0.7942170981414141,False
WTI (long),10y minus 2y spread,1.8634404701939393,0.6012278246320195,485,3,0.794863748581839,False
US nonfarm payrolls,Initial jobless claims,1.8629786322241855,0.6013268940789191,712,3,0.794863748581839,False
10y real yield (TIPS),Geopolitical risk,1.858911576877755,0.6021997806401407,281,3,0.794863748581839,False
JPY per USD,US nonfarm payrolls,1.8574201048552226,0.6025200916183475,664,3,0.794863748581839,False
Chicago financial conditions,US 10-year yield,1.8560611122147659,0.6028120471345702,665,3,0.794863748581839,False
Geopolitical acts,Recession probability,1.8557275901269348,0.6028837124395692,495,3,0.794863748581839,False
US 3-month yield,Henry Hub natural gas,1.8542501796098683,0.6032012361683017,351,3,0.794863748581839,False
US equity market uncertainty,Supply chain pressure,1.8531409775407819,0.6034396959057085,340,3,0.794863748581839,False
Gold,Geopolitical risk,1.8492322473898868,0.6042804921517233,496,3,0.794863748581839,False
Initial jobless claims,VIX,1.8488520740081775,0.6043623105126166,437,3,0.794863748581839,False
JPY per USD,US CPI,1.848584116893127,0.6044199827329062,662,3,0.794863748581839,False
10y minus 3m spread,WTI (long),1.8461115714593435,0.604952314259819,485,3,0.7950699212667277,False
Geopolitical acts,10y real yield (TIPS),1.8428105136960546,0.6056634922181385,281,3,0.7950699212667277,False
Initial jobless claims,US 2-year yield,1.8427339188229956,0.6056800001509253,600,3,0.7950699212667277,False
Henry Hub natural gas,10y real yield (TIPS),1.8365849499542377,0.6070061849333086,279,3,0.7956994801786841,False
US 10-year yield,USD per EUR,1.8361052176210797,0.607109729886361,329,3,0.7956994801786841,False
POS US 10-year notes,US economic policy uncertainty,1.8353919091673283,0.6072637105896526,485,3,0.7956994801786841,False
CAD per USD,10y real yield (TIPS),1.8272118371335768,0.6090313142672641,281,3,0.7975322237709418,False
US M2 money supply,Geopolitical risk,1.8235531411125705,0.609822970323946,495,3,0.7980855095886025,False
USD per EUR,US house prices (Case-Shiller),1.8215305015013,0.610260903039316,326,3,0.7981754823781011,False
MXN per USD,Henry Hub natural gas,1.814156126247547,0.6118592599519381,351,3,0.7997821765514451,False
10y minus 2y spread,CAD per USD,1.8114749761054867,0.6124410417118946,600,3,0.7998756630260433,False
US equity market uncertainty,US unemployment rate,1.810416940662983,0.6126707206156927,494,3,0.7998756630260433,False
Bitcoin,US industrial production,1.8071999530685439,0.6133694000465206,171,3,0.8000182361743817,False
VIX,Initial jobless claims,1.805486621211476,0.6137417139324699,437,3,0.8000182361743817,False
Geopolitical threats,US economic policy uncertainty,1.8048042565686915,0.6138900341412115,497,3,0.8000182361743817,False
Henry Hub natural gas,Brent (long),1.8007555013473484,0.6147705440148872,351,3,0.8006830820242085,False
US CPI,Sticky CPI,1.7927657896520706,0.6165104450581049,698,3,0.8020064138939067,False
Chicago financial conditions,Henry Hub natural gas,1.7911473877533413,0.6168632557623308,351,3,0.8020064138939067,False
Nasdaq Composite,US economic policy uncertainty,1.7893797139334358,0.6172487517692025,497,3,0.8020064138939067,False
Henry Hub natural gas,US equity market uncertainty,1.7892803234114438,0.6172704314151067,351,3,0.8020064138939067,False
US economic policy uncertainty,US industrial production,1.785782362470385,0.618033729778511,495,3,0.8025158701388233,False
CAD per USD,MXN per USD,1.780265142402868,0.6192388494867374,391,3,0.8035980747841094,False
10y minus 3m spread,Geopolitical threats,1.7720725869031442,0.6210310280629989,497,3,0.8047015624571972,False
US core CPI,US equity market uncertainty,1.7720113350725528,0.6210444394012649,494,3,0.8047015624571972,False
Geopolitical threats,Brent (long),1.770359516837186,0.6214061792086976,469,3,0.8047015624571972,False
VIX,Henry Hub natural gas,1.7695751931383552,0.6215779876519516,351,3,0.8047015624571972,False
US core CPI,USD broad index,1.7507618443580588,0.6257078618718432,242,3,0.8095633736486685,False
St. Louis financial stress,10y minus 2y spread,1.7413203535878936,0.6277867430709632,390,3,0.8117673077269272,False
USD broad index,POS Crude oil,1.7329471109805372,0.6296339111593094,245,3,0.8132326177583751,False
US economic policy uncertainty,Geopolitical acts,1.7327734826711563,0.6296722489026456,497,3,0.8132326177583751,False
Supply chain pressure,Geopolitical risk,1.7279923843973173,0.6307284847856058,340,3,0.813813746633449,False
USD broad index,Geopolitical threats,1.7273293703988117,0.6308750413310178,245,3,0.813813746633449,False
WTI (long),USD broad index,1.7241244511108045,0.6315837640226711,245,3,0.8139895573231269,False
USD broad index,VIX,1.7218538151609035,0.6320861719651856,245,3,0.8139895573231269,False
POS USD index,MXN per USD,1.721606869146402,0.63214082643179,379,3,0.8139895573231269,False
Supply chain pressure,POS Gold,1.7131611430572042,0.6340117472351356,340,3,0.8159127366204543,False
Henry Hub natural gas,Fed total assets,1.7093711754973746,0.6348523824546151,280,3,0.8165085371010576,False
MXN per USD,US 3-month yield,1.7011339708038,0.6366817174007711,391,3,0.8182547798065803,False
POS Gold,Bitcoin,1.699850358285301,0.6369670649465655,173,3,0.8182547798065803,False
POS USD index,Brent (long),1.6869954903708138,0.6398288557907748,397,3,0.8207837567694899,False
US M2 money supply,US 10-year yield,1.686063790239336,0.6400365660517564,771,3,0.8207837567694899,False
US unemployment rate,US 10-year yield,1.683403776701234,0.6406297976084447,770,3,0.8207837567694899,False
USD broad index,Geopolitical risk,1.6820148532146806,0.6409396802485039,245,3,0.8207837567694899,False
POS Gold,US CPI,1.68091498974136,0.6411851326465363,482,3,0.8207837567694899,False
S&P PE10,Fed funds effective,1.6807875231832756,0.6412135824161278,862,3,0.8207837567694899,False
POS US 10-year notes,MXN per USD,1.6785360137248082,0.6417162267935399,391,3,0.8209411138033332,False
Bitcoin,POS Gold,1.6763389651392862,0.6422069334673959,173,3,0.8210830219730987,False
Geopolitical acts,US housing starts,1.6706377999924407,0.6434812918263497,496,3,0.8222260951114468,False
Consumer sentiment,US nonfarm payrolls,1.664164398299455,0.6449300336915,579,3,0.8235905096521106,False
USD per EUR,St. Louis financial stress,1.656322586668006,0.6466875319909382,329,3,0.8247629691361452,False
POS S&P 500,US nonfarm payrolls,1.6552267488971473,0.6469333479326014,417,3,0.8247629691361452,False
MXN per USD,US unemployment rate,1.6537844504009058,0.6472569624573115,388,3,0.8247629691361452,False
US economic policy uncertainty,US housing starts,1.6532625822880438,0.6473740789195368,496,3,0.8247629691361452,False
Consumer sentiment,S&P PE10,1.6445321279305327,0.6493351349900709,579,3,0.8264348146250299,False
US economic policy uncertainty,USD broad index,1.6439473789259678,0.6494666029737481,245,3,0.8264348146250299,False
POS S&P 500,US M2 money supply,1.6423175642990873,0.6498331104822159,417,3,0.8264348146250299,False
Gold,US economic policy uncertainty,1.6372826701929353,0.6509660786925613,496,3,0.8273889842053601,False
US house prices (Case-Shiller),US 10-year yield,1.633105908441761,0.6519067902384075,470,3,0.8280978146271663,False
Henry Hub natural gas,CAD per USD,1.626915847433165,0.6533023478735249,351,3,0.8291329805573706,False
MXN per USD,WTI (long),1.624803523764068,0.6537789556293676,391,3,0.8291329805573706,False
Geopolitical threats,POS S&P 500,1.6217744502943245,0.6544627492487254,417,3,0.8291329805573706,False
Fed total assets,Geopolitical acts,1.6207039893373731,0.6547044938709266,282,3,0.8291329805573706,False
MXN per USD,Geopolitical acts,1.6196864737954135,0.6549343276536559,391,3,0.8291329805573706,False
Geopolitical risk,10y minus 3m spread,1.6192951769149067,0.655022724695647,497,3,0.8291329805573706,False
POS US 10-year notes,US industrial production,1.6154734526419245,0.6558864297232647,483,3,0.8292236218276184,False
POS USD index,VIX,1.6143946102377829,0.6561303607224351,397,3,0.8292236218276184,False
Sticky CPI,VIX,1.6138878168993405,0.6562449662104788,436,3,0.8292236218276184,False
Fed total assets,Supply chain pressure,1.6076004236860892,0.6576677051281459,281,3,0.8305359687424365,False
St. Louis financial stress,Supply chain pressure,1.6021001674357889,0.6589137146227468,340,3,0.8306897520719462,False
Bitcoin,US equity market uncertainty,1.6020710850579662,0.6589203062761955,173,3,0.8306897520719462,False
Bitcoin,Geopolitical threats,1.6006615969302602,0.6592398163440223,173,3,0.8306897520719462,False
Nasdaq Composite,Gold,1.6002798325934713,0.6593263712097408,663,3,0.8306897520719462,False
Henry Hub natural gas,US M2 money supply,1.5950115363226416,0.6605214486773086,349,3,0.8317107583228545,False
Bitcoin,WTI (long),1.5878176117741332,0.6621552384508038,173,3,0.833231985337809,False
S&P PE10,Geopolitical threats,1.5850251967342037,0.6627900024103646,496,3,0.833231985337809,False
Supply chain pressure,Geopolitical acts,1.583568171202362,0.6631213393254276,340,3,0.833231985337809,False
Henry Hub natural gas,US 10-year yield,1.5824546333522962,0.6633746249308237,351,3,0.833231985337809,False
US housing starts,Geopolitical threats,1.581215418160015,0.6636565581645268,496,3,0.833231985337809,False
WTI (long),10y minus 3m spread,1.5785089706995796,0.664272523867298,485,3,0.8333627110129609,False
10y real yield (TIPS),US M2 money supply,1.5755465441388612,0.6649470986069042,279,3,0.8333627110129609,False
Brent (long),Fed total assets,1.5746155590379067,0.6651591688541978,282,3,0.8333627110129609,False
US industrial production,S&P PE10,1.5722834884740722,0.6656905521782355,1287,3,0.8333627110129609,False
JPY per USD,US economic policy uncertainty,1.5715678878795876,0.665853653483403,497,3,0.8333627110129609,False
10y minus 3m spread,US core CPI,1.5706037560552968,0.6660734341491195,530,3,0.8333627110129609,False
CAD per USD,Geopolitical risk,1.565619583489203,0.6672102246354887,497,3,0.8343022010768806,False
US 2-year yield,POS S&P 500,1.5629608243167634,0.6678170537454883,417,3,0.8343113627074993,False
Chicago financial conditions,USD per EUR,1.5622061700588956,0.667989347292637,329,3,0.8343113627074993,False
Consumer sentiment,Henry Hub natural gas,1.5578059773404498,0.6689944115600328,349,3,0.8343347202958022,False
US unemployment rate,10y minus 3m spread,1.5541503085037482,0.66983001891792,530,3,0.8343347202958022,False
CAD per USD,Geopolitical acts,1.5540170108399942,0.6698604982062081,497,3,0.8343347202958022,False
St. Louis financial stress,CAD per USD,1.5531008552226768,0.6700700021208188,390,3,0.8343347202958022,False
Geopolitical threats,US unemployment rate,1.552043514414858,0.6703118343563742,494,3,0.8343347202958022,False
10y minus 2y spread,Supply chain pressure,1.5519925104690384,0.6703235009962112,340,3,0.8343347202958022,False
US economic policy uncertainty,Geopolitical threats,1.5341236497393478,0.6744172972773911,497,3,0.8387068511918793,False
Nasdaq Composite,St. Louis financial stress,1.5314855312296425,0.6750227823662176,390,3,0.8387068511918793,False
Fed total assets,US nonfarm payrolls,1.529965877364004,0.6753716900722788,281,3,0.8387068511918793,False
Brent (long),POS US 10-year notes,1.5291011262339103,0.6755702751991424,469,3,0.8387068511918793,False
Geopolitical threats,US equity market uncertainty,1.5282061809747332,0.6757758255209314,497,3,0.8387068511918793,False
Geopolitical threats,10y real yield (TIPS),1.5263596810442552,0.6762000286077978,281,3,0.8387518427137458,False
USD per EUR,US M2 money supply,1.5224919522190035,0.6770890133766256,327,3,0.8393729626836379,False
US equity market uncertainty,US nonfarm payrolls,1.517256121588225,0.6782933916347944,496,3,0.8403841333607023,False
10y inflation breakeven,US nonfarm payrolls,1.5120231529255348,0.679498186053044,280,3,0.8406800571579064,False
POS US 10-year notes,POS Crude oil,1.5116189078678963,0.679591300530354,485,3,0.8406800571579064,False
US equity market uncertainty,10y minus 3m spread,1.5111523784124503,0.6796987696170307,497,3,0.8406800571579064,False
US economic policy uncertainty,US 10-year yield,1.5079519001754507,0.6804362557958928,497,3,0.8411110263183078,False
VIX,10y minus 3m spread,1.5018390066830243,0.681845953634731,437,3,0.8417705770607583,False
Geopolitical threats,10y minus 2y spread,1.500257210595846,0.6822109675359082,497,3,0.8417705770607583,False
MXN per USD,CAD per USD,1.4987056298098862,0.6825691025155771,391,3,0.8417705770607583,False
USD per EUR,10y real yield (TIPS),1.4979273514338627,0.6827487791133082,281,3,0.8417705770607583,False
POS S&P 500,VIX,1.4972007119698103,0.6829165551177475,369,3,0.8417705770607583,False
POS S&P 500,US economic policy uncertainty,1.4929921050095656,0.6838886908601072,417,3,0.8424885183131349,False
US industrial production,Sticky CPI,1.4852759221705123,0.6856727855935163,699,3,0.8442053316931561,False
Geopolitical threats,10y minus 3m spread,1.479363243104218,0.6870414077316964,497,3,0.8454089490699646,False
Gold,Initial jobless claims,1.4717129568212195,0.6888141831620682,712,3,0.8471082275292329,False
POS US 10-year notes,Fed funds effective,1.4660188760061683,0.6901350665162723,485,3,0.8482501499762256,False
US economic policy uncertainty,Sticky CPI,1.4636578632315058,0.6906831132893956,496,3,0.8484414153020872,False
Brent (long),JPY per USD,1.4560973466760974,0.692439463619486,469,3,0.8501159116100675,False
10y real yield (TIPS),CAD per USD,1.4524703006959125,0.6932827866162328,281,3,0.8506682092305876,False
10y minus 2y spread,Brent (long),1.4405387049431015,0.6960603467849349,469,3,0.8535918716670613,False
POS USD index,Nasdaq Composite,1.438086240287749,0.6966318880757345,397,3,0.8536705970841175,False
MXN per USD,USD broad index,1.4368749821213858,0.6969142478508175,245,3,0.8536705970841175,False
US M2 money supply,Fed total assets,1.4343617351847817,0.6975002836393183,280,3,0.8538318218557526,False
Chicago financial conditions,US unemployment rate,1.430070067370234,0.6985015245936897,662,3,0.8538318218557526,False
Geopolitical acts,US house prices (Case-Shiller),1.4295374292703664,0.6986258335928244,470,3,0.8538318218557526,False
POS Gold,US 3-month yield,1.4285172881156594,0.6988639455767085,485,3,0.8538318218557526,False
Recession probability,Geopolitical risk,1.427846641082788,0.6990205017042932,495,3,0.8538318218557526,False
Bitcoin,POS US 10-year notes,1.4236109010757165,0.7000096574453917,173,3,0.8544383528090728,False
US core CPI,VIX,1.4219864974678895,0.7003891636828559,434,3,0.8544383528090728,False
Sticky CPI,US 3-month yield,1.4206448357275938,0.7007026824840361,536,3,0.8544383528090728,False
10y inflation breakeven,Geopolitical risk,1.4160337260403169,0.7017806782015802,281,3,0.8545464462288682,False
US 10-year yield,US 3-month yield,1.4132820679929712,0.7024243154239047,537,3,0.8545464462288682,False
10y minus 3m spread,US M2 money supply,1.4129262342411093,0.7025075670305532,531,3,0.8545464462288682,False
US M2 money supply,Geopolitical threats,1.4111760737741856,0.7029171011836803,495,3,0.8545464462288682,False
US core CPI,Geopolitical risk,1.4103325759739187,0.7031145153449572,494,3,0.8545464462288682,False
Geopolitical risk,S&P PE10,1.4082200900606776,0.7036090326349946,496,3,0.8545464462288682,False
10y real yield (TIPS),Recession probability,1.4070022833520213,0.7038941810034938,279,3,0.8545464462288682,False
USD broad index,US nonfarm payrolls,1.4065545086270146,0.7039990396961102,244,3,0.8545464462288682,False
Recession probability,US M2 money supply,1.4037367901210467,0.704659041021034,706,3,0.8545464462288682,False
Nasdaq Composite,Supply chain pressure,1.403374584254506,0.7047439008446217,340,3,0.8545464462288682,False
US core CPI,JPY per USD,1.4007169469920036,0.705366683438027,662,3,0.8548221802651426,False
Henry Hub natural gas,US 2-year yield,1.3950079401285866,0.7067053140045456,351,3,0.855674496358637,False
10y minus 2y spread,WTI (long),1.3922077318111639,0.7073622946365813,485,3,0.855674496358637,False
US nonfarm payrolls,Henry Hub natural gas,1.3919056885100165,0.7074331750862073,350,3,0.855674496358637,False
US industrial production,Fed total assets,1.3896473555963045,0.7079632330924821,280,3,0.855674496358637,False
Geopolitical acts,US core CPI,1.3869194813903936,0.708603721873682,494,3,0.855674496358637,False
Supply chain pressure,VIX,1.377751778276079,0.710758024052333,340,3,0.855674496358637,False
Supply chain pressure,St. Louis financial stress,1.3771136214048973,0.7109080847626252,340,3,0.855674496358637,False
US industrial production,POS Gold,1.3769509764420393,0.7109463323444511,483,3,0.855674496358637,False
Brent (long),VIX,1.3766325919516764,0.711021206090914,437,3,0.855674496358637,False
POS USD index,Geopolitical acts,1.375187173736313,0.711361162740308,397,3,0.855674496358637,False
Bitcoin,US CPI,1.3743522469906295,0.7115575647665164,170,3,0.855674496358637,False
US economic policy uncertainty,US nonfarm payrolls,1.373832686912443,0.7116797935331449,496,3,0.855674496358637,False
Sticky CPI,Geopolitical acts,1.3737679071918223,0.7116950338499646,496,3,0.855674496358637,False
Recession probability,Nasdaq Composite,1.3728767519403535,0.7119047039579789,662,3,0.855674496358637,False
Bitcoin,US nonfarm payrolls,1.3724434105122512,0.7120066692641942,172,3,0.855674496358637,False
US nonfarm payrolls,10y minus 3m spread,1.3667250811960798,0.7133527528146348,532,3,0.8568159175473558,False
Fed funds effective,US 3-month yield,1.3619680420779523,0.714473338175615,537,3,0.8568684480434131,False
US 3-month yield,POS S&P 500,1.3615314430226118,0.7145762206280545,417,3,0.8568684480434131,False
US CPI,US unemployment rate,1.3614921425829207,0.7145854818789426,938,3,0.8568684480434131,False
10y inflation breakeven,Geopolitical acts,1.3555147918960757,0.7159946205521648,281,3,0.8580822448080823,False
Fed total assets,POS USD index,1.353429001873701,0.7164865986797196,282,3,0.8581961364795312,False
POS USD index,S&P PE10,1.3494146876758508,0.7174338370779736,396,3,0.8588549035230226,False
JPY per USD,Sticky CPI,1.3395189287376414,0.7197709865932395,664,3,0.8611759120169251,False
VIX,MXN per USD,1.3349020383972126,0.7208623963773928,391,3,0.8620047018627894,False
Supply chain pressure,S&P PE10,1.330355667501733,0.7219377536003886,340,3,0.862813390427883,False
Supply chain pressure,Fed funds effective,1.3272001477472162,0.7226844888692336,340,3,0.8632286546603773,False
US economic policy uncertainty,US unemployment rate,1.3164853995277914,0.7252222273297105,494,3,0.8657815877895274,False
Fed funds effective,Bitcoin,1.3140354531805127,0.7258029480385473,173,3,0.8659966742049333,False
JPY per USD,POS S&P 500,1.3080572830660075,0.7272206896301183,417,3,0.8672096695975267,False
CAD per USD,POS Crude oil,1.303376573967474,0.7283314318881544,485,3,0.8680554331544597,False
JPY per USD,US 10-year yield,1.2989251936413952,0.729388315522004,665,3,0.8684666282176382,False
10y inflation breakeven,S&P PE10,1.2979616558957723,0.7296171581370678,280,3,0.8684666282176382,False
Consumer sentiment,10y minus 3m spread,1.2968486640620696,0.7298815279701428,531,3,0.8684666282176382,False
MXN per USD,Gold,1.2932626573929584,0.7307335435691171,390,3,0.8686723069022114,False
US 3-month yield,10y inflation breakeven,1.29273909691401,0.7308579677405747,281,3,0.8686723069022114,False
US house prices (Case-Shiller),USD per EUR,1.287429290541413,0.7321202585123724,326,3,0.8694790380229062,False
POS S&P 500,US CPI,1.2865009017020805,0.7323410398888585,417,3,0.8694790380229062,False
POS Gold,CAD per USD,1.2835184480265076,0.7330504553006172,485,3,0.8698436247859135,False
US housing starts,10y minus 3m spread,1.2774042727878938,0.7345055201077058,532,3,0.8708618565189971,False
Supply chain pressure,POS USD index,1.276527879225949,0.734714165721855,328,3,0.8708618565189971,False
POS Crude oil,US nonfarm payrolls,1.2720636083469092,0.7357772943394427,484,3,0.8709217378171785,False
POS S&P 500,Sticky CPI,1.2715518551179061,0.7358991966244844,417,3,0.8709217378171785,False
Fed total assets,Recession probability,1.2709184148063342,0.7360500946313082,280,3,0.8709217378171785,False
USD per EUR,US 3-month yield,1.269550425625704,0.7363760114383915,329,3,0.8709217378171785,False
Geopolitical threats,US 3-month yield,1.265360296483715,0.7373745831998318,497,3,0.871625942524897,False
Fed funds effective,POS Crude oil,1.2588140854796224,0.7389355215786664,485,3,0.8729937692093315,False
US equity market uncertainty,JPY per USD,1.2525014863116821,0.7404417508441297,497,3,0.8734364731324562,False
St. Louis financial stress,Nasdaq Composite,1.251691113806582,0.7406351810833145,390,3,0.8734364731324562,False
CAD per USD,US nonfarm payrolls,1.250280333935246,0.7409719619325221,664,3,0.8734364731324562,False
US nonfarm payrolls,Fed total assets,1.2488273888097754,0.7413188581650999,281,3,0.8734364731324562,False
JPY per USD,CAD per USD,1.2475994339060403,0.7416120762810983,665,3,0.8734364731324562,False
Fed total assets,Initial jobless claims,1.2454133514069636,0.7421341699386209,282,3,0.8734364731324562,False
JPY per USD,POS Crude oil,1.2414030642160734,0.7430922231982009,485,3,0.8734364731324562,False
Gold,Recession probability,1.2409716260643715,0.7431953156512164,706,3,0.8734364731324562,False
Consumer sentiment,10y inflation breakeven,1.2406021557362723,0.743283604281571,279,3,0.8734364731324562,False
JPY per USD,WTI (long),1.2391144800690024,0.7436391312338394,485,3,0.8734364731324562,False
Bitcoin,Recession probability,1.2386330938663952,0.7437541845683866,171,3,0.8734364731324562,False
10y real yield (TIPS),POS Crude oil,1.2367337836286993,0.7442081797047375,281,3,0.8734951598923141,False
POS Gold,US housing starts,1.2317964492318798,0.7453887434172932,484,3,0.8739757433692823,False
Fed funds effective,US 10-year yield,1.2316401724443415,0.7454261196914693,773,3,0.8739757433692823,False
POS Crude oil,VIX,1.222108246860565,0.747706870543767,437,3,0.875908688162327,False
Gold,US industrial production,1.221364010868075,0.7478850316131617,1287,3,0.875908688162327,False
POS USD index,POS S&P 500,1.2099403938017244,0.7506211952753798,329,3,0.8786372626883439,False
JPY per USD,US core CPI,1.205830732500296,0.7516062035346799,662,3,0.8793141840053993,False
Sticky CPI,S&P PE10,1.2040445894140728,0.752034416383021,700,3,0.8793393229962636,False
POS Gold,WTI (long),1.2019474312974068,0.7525372751701158,485,3,0.8794516696852921,False
POS S&P 500,US housing starts,1.1981534339709297,0.7534472284740046,417,3,0.880039388417503,False
Geopolitical threats,Bitcoin,1.192072443913137,0.7549062883892105,173,3,0.8800743937662079,False
Geopolitical threats,JPY per USD,1.1904641507526268,0.7552922991688278,497,3,0.8800743937662079,False
Geopolitical risk,Fed funds effective,1.1844197571159052,0.7567434716214549,497,3,0.8800743937662079,False
Fed funds effective,JPY per USD,1.1826746278758242,0.7571625800782802,665,3,0.8800743937662079,False
Henry Hub natural gas,Fed funds effective,1.181355650833293,0.7574793817644849,351,3,0.8800743937662079,False
10y real yield (TIPS),Fed total assets,1.180491871474798,0.7576868680886077,281,3,0.8800743937662079,False
10y minus 2y spread,US 10-year yield,1.1794772898881212,0.7579305957410775,600,3,0.8800743937662079,False
US 2-year yield,US 10-year yield,1.1794772898881192,0.757930595741078,600,3,0.8800743937662079,False
US 10-year yield,USD broad index,1.176947778251415,0.7585383288886274,245,3,0.8800743937662079,False
Recession probability,VIX,1.1761022403816497,0.7587415012118555,435,3,0.8800743937662079,False
US equity market uncertainty,VIX,1.1748345192020746,0.7590461430601009,437,3,0.8800743937662079,False
US core CPI,Brent (long),1.1715979014242088,0.7598240538182808,466,3,0.8800743937662079,False
10y minus 2y spread,St. Louis financial stress,1.1710379984339725,0.7599586435070795,390,3,0.8800743937662079,False
MXN per USD,VIX,1.170470514925349,0.7600950610192259,391,3,0.8800743937662079,False
Geopolitical risk,US 3-month yield,1.170283680962773,0.7601399753197161,497,3,0.8800743937662079,False
JPY per USD,US 3-month yield,1.169613360998096,0.7603011231640677,537,3,0.8800743937662079,False
POS Crude oil,Geopolitical acts,1.1676805864956323,0.7607658143472847,485,3,0.8800743937662079,False
Consumer sentiment,USD broad index,1.1630770735974525,0.7618728817302621,243,3,0.8800743937662079,False
US equity market uncertainty,Gold,1.1614371258228697,0.7622673483397545,496,3,0.8800743937662079,False
MXN per USD,POS US 10-year notes,1.1612178054766038,0.7623201062132329,391,3,0.8800743937662079,False
St. Louis financial stress,Geopolitical threats,1.1594092039446413,0.7627551988521598,390,3,0.8800743937662079,False
Henry Hub natural gas,US core CPI,1.1584722615986949,0.7629806190147524,348,3,0.8800743937662079,False
Bitcoin,Initial jobless claims,1.1572912621317446,0.7632647777655117,173,3,0.8800743937662079,False
US house prices (Case-Shiller),POS USD index,1.1558442145880612,0.7636129810759712,394,3,0.8800743937662079,False
US industrial production,POS US 10-year notes,1.1532188142423658,0.7642448181725976,483,3,0.8800743937662079,False
MXN per USD,US nonfarm payrolls,1.1500159404825727,0.7650157809077315,390,3,0.8800743937662079,False
Nasdaq Composite,POS US 10-year notes,1.1464139392682515,0.7658830097698215,485,3,0.8800743937662079,False
Geopolitical threats,US 10-year yield,1.143099469156768,0.7666811881052964,497,3,0.8800743937662079,False
10y minus 3m spread,USD per EUR,1.140780841001606,0.7672396501376266,329,3,0.8800743937662079,False
Gold,CAD per USD,1.1405705162229163,0.7672903126847287,664,3,0.8800743937662079,False
Fed total assets,US unemployment rate,1.1390167824143917,0.7676645927833847,279,3,0.8800743937662079,False
US economic policy uncertainty,St. Louis financial stress,1.1366147881915316,0.7682432806854895,390,3,0.8800743937662079,False
POS S&P 500,10y minus 3m spread,1.1365473134433886,0.7682595378988043,417,3,0.8800743937662079,False
US core CPI,POS US 10-year notes,1.1346373039781166,0.7687197584883672,482,3,0.8800743937662079,False
10y minus 2y spread,Geopolitical acts,1.1312785305334103,0.7695291877516481,497,3,0.8800743937662079,False
CAD per USD,JPY per USD,1.1283531473107775,0.770234303166714,665,3,0.8800743937662079,False
Henry Hub natural gas,Nasdaq Composite,1.127454308183584,0.7704509771976786,351,3,0.8800743937662079,False
CAD per USD,US house prices (Case-Shiller),1.1272503871277066,0.7705001359126383,470,3,0.8800743937662079,False
US economic policy uncertainty,POS US 10-year notes,1.12713441947876,0.7705280921825324,485,3,0.8800743937662079,False
Geopolitical risk,Bitcoin,1.1266435224673133,0.7706464345315712,173,3,0.8800743937662079,False
MXN per USD,POS S&P 500,1.1260019162835806,0.7708011138163223,323,3,0.8800743937662079,False
US CPI,Brent (long),1.1252761749278333,0.7709760832134209,466,3,0.8800743937662079,False
USD per EUR,VIX,1.1239129994433381,0.7713047510471516,329,3,0.8800743937662079,False
US core CPI,10y minus 3m spread,1.1235675036607717,0.77138805559064,530,3,0.8800743937662079,False
USD broad index,Recession probability,1.1143148175086348,0.773619601992989,243,3,0.8813289587201361,False
10y minus 3m spread,MXN per USD,1.1139512496871853,0.7737073087622869,391,3,0.8813289587201361,False
Consumer sentiment,Nasdaq Composite,1.1139375177050423,0.7737106214851148,579,3,0.8813289587201361,False
VIX,POS S&P 500,1.109212151727442,0.774850711909312,369,3,0.8820479335223294,False
US unemployment rate,Sticky CPI,1.1079397167840546,0.775157758414628,698,3,0.8820479335223294,False
POS Gold,POS US 10-year notes,1.1035549630401886,0.776215971431753,485,3,0.8825114555485386,False
10y minus 3m spread,VIX,1.1028691982264605,0.7763814932716561,437,3,0.8825114555485386,False
US economic policy uncertainty,VIX,1.09970329337865,0.7771457102590367,437,3,0.8829159356700143,False
US equity market uncertainty,Geopolitical acts,1.0883517444255415,0.7798867370998621,497,3,0.8849788682083275,False
WTI (long),POS Gold,1.0880903761057528,0.779949864422995,485,3,0.8849788682083275,False
US equity market uncertainty,Sticky CPI,1.0869324552212922,0.780229540778359,496,3,0.8849788682083275,False
Sticky CPI,POS US 10-year notes,1.0849520159631962,0.780707912572226,484,3,0.8849788682083275,False
US equity market uncertainty,Bitcoin,1.0837090088338308,0.7810081778637784,173,3,0.8849788682083275,False
USD broad index,Nasdaq Composite,1.0717677678574216,0.7838934526443182,245,3,0.887154630026067,False
POS USD index,CAD per USD,1.0706791493226695,0.7841565476473946,397,3,0.887154630026067,False
USD broad index,US core CPI,1.070667586128993,0.784159342266334,242,3,0.887154630026067,False
Gold,US M2 money supply,1.0681506245419705,0.7847676723659113,807,3,0.8873785081878139,False
POS USD index,US nonfarm payrolls,1.0649057542294325,0.7855520041994235,396,3,0.8878010627700751,False
10y inflation breakeven,Geopolitical threats,1.0619283202967682,0.7862717611375106,281,3,0.8881502338449833,False
S&P PE10,US M2 money supply,1.0509207283664264,0.7889332274458732,807,3,0.8906911946412418,False
POS USD index,Consumer sentiment,1.048615670799466,0.7894906496142908,395,3,0.8908553154833491,False
Chicago financial conditions,Geopolitical threats,1.0441405013924612,0.7905729444449714,497,3,0.8909538765893603,False
VIX,Sticky CPI,1.0433206382054825,0.7907712351856366,436,3,0.8909538765893603,False
VIX,Bitcoin,1.0396675831651363,0.7916547971396954,173,3,0.8909538765893603,False
Recession probability,CAD per USD,1.0372946019774687,0.7922287818273482,663,3,0.8909538765893603,False
Geopolitical risk,USD per EUR,1.0364812152918388,0.7924255322508814,329,3,0.8909538765893603,False
Fed total assets,Geopolitical risk,1.0360164912773873,0.7925379457926394,282,3,0.8909538765893603,False
10y real yield (TIPS),US core CPI,1.0356950526967013,0.7926157001057278,278,3,0.8909538765893603,False
Gold,10y minus 3m spread,1.0337778216683624,0.7930794770903924,532,3,0.8909538765893603,False
US housing starts,US 3-month yield,1.031675869937462,0.793587954561013,536,3,0.8909538765893603,False
US CPI,10y minus 2y spread,1.0310689394063126,0.7937347785872244,597,3,0.8909538765893603,False
10y minus 3m spread,USD broad index,1.0287208574393403,0.7943028211652846,245,3,0.8909538765893603,False
USD broad index,Sticky CPI,1.0278100735745768,0.794523160991807,244,3,0.8909538765893603,False
Consumer sentiment,Recession probability,1.021290921551279,0.7961003697455907,579,3,0.8922597197459654,False
Geopolitical acts,US 3-month yield,1.013216438176842,0.7980540120247439,497,3,0.8939858932629514,False
US 3-month yield,CAD per USD,1.0049888662007265,0.8000447998295784,537,3,0.8951071149023111,False
US CPI,WTI (long),1.004522890070908,0.80015755177526,482,3,0.8951071149023111,False
Recession probability,US 3-month yield,1.0027953029705934,0.8005755758559623,535,3,0.8951071149023111,False
US 2-year yield,US equity market uncertainty,1.0022356721080958,0.8007109899264891,497,3,0.8951071149023111,False
POS Crude oil,Fed total assets,0.9969486274899355,0.801990299144479,282,3,0.895327668287869,False
10y real yield (TIPS),USD broad index,0.9967793604419117,0.802031256713791,245,3,0.895327668287869,False
Initial jobless claims,CAD per USD,0.9959244678237329,0.8022381150069006,665,3,0.895327668287869,False
US 10-year yield,MXN per USD,0.9945745049697139,0.8025647646354719,391,3,0.895327668287869,False
US equity market uncertainty,POS USD index,0.9859617211509414,0.8046487532255129,397,3,0.8964856895441496,False
US equity market uncertainty,Fed funds effective,0.98564906186666,0.8047244037717042,497,3,0.8964856895441496,False
POS US 10-year notes,US unemployment rate,0.9851433151447674,0.8048467730828837,482,3,0.8964856895441496,False
Nasdaq Composite,POS S&P 500,0.9831300677950274,0.8053338889862758,417,3,0.8965663583873987,False
US 3-month yield,JPY per USD,0.9786086259332456,0.8064278436734639,537,3,0.8973221811744874,False
Brent (long),10y minus 3m spread,0.9743099533910592,0.8074678497671443,469,3,0.8978568983546272,False
POS USD index,US unemployment rate,0.9691209450522333,0.8087231811944122,394,3,0.8978568983546272,False
VIX,JPY per USD,0.9664243981576102,0.809375493369539,437,3,0.8978568983546272,False
Supply chain pressure,US 2-year yield,0.9662046379581565,0.8094286534741247,340,3,0.8978568983546272,False
Initial jobless claims,USD per EUR,0.9659423112854082,0.8094921101627386,329,3,0.8978568983546272,False
Consumer sentiment,10y minus 2y spread,0.9650180044684427,0.8097156971569263,579,3,0.8978568983546272,False
US housing starts,Supply chain pressure,0.9646057197823941,0.8098154263605565,340,3,0.8978568983546272,False
POS USD index,US core CPI,0.9595157274125309,0.8110466001315925,394,3,0.8986327510487572,False
USD per EUR,POS S&P 500,0.9579152856664745,0.8114336904956708,261,3,0.8986327510487572,False
Geopolitical risk,Sticky CPI,0.9541841332853709,0.8123360707726969,496,3,0.8986327510487572,False
Sticky CPI,Henry Hub natural gas,0.9538474412090192,0.8124174959748307,350,3,0.8986327510487572,False
US economic policy uncertainty,JPY per USD,0.95131363974612,0.8130302458070123,497,3,0.8986327510487572,False
Geopolitical acts,CAD per USD,0.9499597568019357,0.8133576395057066,497,3,0.8986327510487572,False
10y real yield (TIPS),St. Louis financial stress,0.9496822564683667,0.8134247427393237,281,3,0.8986327510487572,False
Geopolitical risk,US economic policy uncertainty,0.9447542444028596,0.8146163160925369,497,3,0.8991863309364073,False
Gold,Geopolitical acts,0.9425127238882695,0.8151582508387795,496,3,0.8991863309364073,False
Geopolitical threats,Consumer sentiment,0.9424494545178619,0.815173547009879,495,3,0.8991863309364073,False
POS US 10-year notes,WTI (long),0.9376743744391222,0.816327895315857,485,3,0.9000004638821433,False
Recession probability,Geopolitical threats,0.9159063918182826,0.8215876326252001,495,3,0.9052123848403235,False
USD per EUR,Initial jobless claims,0.911393729789181,0.8226774055367982,329,3,0.9052123848403235,False
Sticky CPI,Chicago financial conditions,0.9088532766849589,0.8232908009657602,664,3,0.9052123848403235,False
US economic policy uncertainty,Bitcoin,0.9087246273401419,0.823321861444856,173,3,0.9052123848403235,False
US housing starts,St. Louis financial stress,0.9080704213571444,0.8234798066796035,389,3,0.9052123848403235,False
Geopolitical threats,US M2 money supply,0.9064607537098496,0.8238684070881105,495,3,0.9052123848403235,False
US CPI,10y minus 3m spread,0.9059731695201694,0.8239861116400354,530,3,0.9052123848403235,False
Chicago financial conditions,US M2 money supply,0.8948642140838372,0.8266670123910544,663,3,0.9076963335649872,False
Gold,S&P PE10,0.8881111430300686,0.8282958749913978,1288,3,0.9090231886961432,False
Henry Hub natural gas,VIX,0.8860648311462174,0.82878931741434,351,3,0.9091032492388651,False
10y inflation breakeven,Supply chain pressure,0.8820984121626773,0.8297455835344104,280,3,0.9093450905233762,False
VIX,POS Gold,0.8816610970251288,0.8298510007412679,437,3,0.9093450905233762,False
US equity market uncertainty,US M2 money supply,0.8763738664724618,0.831125268000581,495,3,0.9100343269651922,False
USD broad index,USD per EUR,0.8744765064075437,0.831582433168927,245,3,0.9100343269651922,False
US 3-month yield,POS Crude oil,0.8738110780943904,0.8317427521198981,485,3,0.9100343269651922,False
WTI (long),VIX,0.8656181089442612,0.8337160054463811,437,3,0.911526185600016,False
10y minus 3m spread,St. Louis financial stress,0.8646483451848865,0.8339494889532061,390,3,0.911526185600016,False
10y real yield (TIPS),Geopolitical threats,0.8590420054095633,0.835298937801246,281,3,0.9118846287438286,False
10y real yield (TIPS),US unemployment rate,0.8585236009295953,0.8354236871140327,278,3,0.9118846287438286,False
Bitcoin,US core CPI,0.858028759928709,0.835542761120039,170,3,0.9118846287438286,False
CAD per USD,Bitcoin,0.8512544095448027,0.8371723802234619,173,3,0.9132021624839175,False
Bitcoin,Sticky CPI,0.8423914601534961,0.8393029629305477,172,3,0.9142789164283337,False
US nonfarm payrolls,US CPI,0.8403182711216851,0.8398010905605267,950,3,0.9142789164283337,False
Geopolitical threats,US 2-year yield,0.8367706258165768,0.8406532591632502,497,3,0.9142789164283337,False
Geopolitical acts,USD per EUR,0.8367329773056619,0.8406623010247902,329,3,0.9142789164283337,False
US equity market uncertainty,10y minus 2y spread,0.834792250344841,0.8411283508840458,497,3,0.9142789164283337,False
CAD per USD,POS S&P 500,0.8342883911346011,0.841249334009077,417,3,0.9142789164283337,False
US core CPI,Geopolitical threats,0.8341915089343364,0.8412725959874374,494,3,0.9142789164283337,False
US 3-month yield,USD per EUR,0.8330670303185476,0.8415425734007327,329,3,0.9142789164283337,False
POS USD index,Geopolitical risk,0.8288814832066126,0.8425472171625676,397,3,0.9149106396310756,False
USD per EUR,US nonfarm payrolls,0.8252375758640527,0.843421499909405,328,3,0.9154002423715529,False
10y minus 3m spread,US 3-month yield,0.8228036138668875,0.8440052930873236,533,3,0.9154611464343873,False
Geopolitical risk,US M2 money supply,0.8197195097956044,0.8447448047558471,495,3,0.9154611464343873,False
MXN per USD,Recession probability,0.8181635042742439,0.845117811531077,389,3,0.9154611464343873,False
10y real yield (TIPS),US nonfarm payrolls,0.8179401655231675,0.8451713451817932,280,3,0.9154611464343873,False
US unemployment rate,Initial jobless claims,0.813969079804542,0.8461229789084943,710,3,0.9160329896846092,False
USD per EUR,US 2-year yield,0.8109678719904474,0.8468419045684289,329,3,0.9163524512897614,False
US industrial production,Brent (long),0.7999364441015904,0.849482235065424,467,3,0.918420135415388,False
Geopolitical threats,Nasdaq Composite,0.7994342630304596,0.8496023454351416,497,3,0.918420135415388,False
10y inflation breakeven,US 2-year yield,0.7911550892339054,0.8515814288446983,281,3,0.9200994748436971,False
St. Louis financial stress,Henry Hub natural gas,0.7844978134728133,0.8531712450518766,351,3,0.9213567591419366,False
St. Louis financial stress,Gold,0.7643370336157517,0.8579767205570974,389,3,0.9256338793613552,False
10y minus 2y spread,S&P PE10,0.7642891780279377,0.8579881101943367,599,3,0.9256338793613552,False
Geopolitical risk,10y minus 2y spread,0.762030256353573,0.8585256378994689,497,3,0.9257518349818712,False
WTI (long),Geopolitical acts,0.7597988439109324,0.8590564334697881,485,3,0.9258624173288543,False
US economic policy uncertainty,Gold,0.7571718206551845,0.8596810945875927,496,3,0.9260740042343674,False
POS S&P 500,US unemployment rate,0.7495583018204377,0.8614899597282153,417,3,0.9275604048468136,False
US M2 money supply,MXN per USD,0.7469777328893913,0.8621025494162181,389,3,0.9277579451656862,False
MXN per USD,Sticky CPI,0.7433009046746788,0.8629749119100404,390,3,0.928234706243536,False
Brent (long),Geopolitical acts,0.7400217782761791,0.863752449079914,469,3,0.9286090476930751,False
VIX,Gold,0.7350498905214297,0.864930512513009,436,3,0.9294134036049332,False
JPY per USD,VIX,0.7310039702250607,0.865888395175569,437,3,0.9299804820514557,False
US economic policy uncertainty,10y minus 2y spread,0.7265702640129154,0.8669372681306091,497,3,0.9299844861416503,False
USD per EUR,US 10-year yield,0.7241707305218796,0.8675045573470094,329,3,0.9299844861416503,False
US 10-year yield,St. Louis financial stress,0.7224080113989311,0.8679211282007373,390,3,0.9299844861416503,False
US house prices (Case-Shiller),US M2 money supply,0.7220707986460079,0.86800080325177,470,3,0.9299844861416503,False
USD per EUR,Nasdaq Composite,0.7218927327461931,0.8680428737436865,329,3,0.9299844861416503,False
US M2 money supply,US 2-year yield,0.7069486089391017,0.8715683618469574,598,3,0.9332990581045676,False
POS USD index,US CPI,0.7026869446336373,0.8725717712706922,394,3,0.9339109749936815,False
US industrial production,WTI (long),0.6914075680536966,0.8752230911273549,483,3,0.9362399155433772,False
POS Gold,USD broad index,0.6897428828505928,0.8756138340558319,245,3,0.9362399155433772,False
US nonfarm payrolls,US industrial production,0.682370433132736,0.8773425577039436,1047,3,0.9376246217280901,False
Geopolitical acts,Consumer sentiment,0.6799295020294932,0.877914269312888,495,3,0.937772060402403,False
Consumer sentiment,WTI (long),0.6757091811900848,0.8789019705105787,483,3,0.9383634865401833,False
US house prices (Case-Shiller),POS Gold,0.6713894959766319,0.8799118908988026,470,3,0.9385688679781192,False
US housing starts,POS Crude oil,0.6711725712877322,0.879962578812048,484,3,0.9385688679781192,False
Fed total assets,Nasdaq Composite,0.6689921085561288,0.8804719286802779,282,3,0.9386490679520517,False
US M2 money supply,Consumer sentiment,0.6663991380867199,0.8810772814167862,579,3,0.9387445429456208,False
10y minus 2y spread,Henry Hub natural gas,0.6648879982591196,0.8814298899998197,351,3,0.9387445429456208,False
US economic policy uncertainty,Geopolitical risk,0.662150770585778,0.8820682508530399,497,3,0.9389618701842797,False
USD broad index,POS S&P 500,0.6601882894438408,0.8825256556965284,177,3,0.9389864505983733,False
VIX,10y minus 2y spread,0.6541085268427431,0.8839412203989052,437,3,0.9400299648314969,False
POS Crude oil,Brent (long),0.647453108726918,0.8854882072927741,469,3,0.9403693774644316,False
Geopolitical risk,US house prices (Case-Shiller),0.6474490338701788,0.8854891536033063,470,3,0.9403693774644316,False
Geopolitical acts,10y minus 3m spread,0.6471213802935809,0.8855652416825083,497,3,0.9403693774644316,False
VIX,POS US 10-year notes,0.6350528070559232,0.8883630065960321,437,3,0.9428771822585279,False
Chicago financial conditions,US nonfarm payrolls,0.6314423897876452,0.8891981210416302,664,3,0.9433004601040257,False
POS USD index,Geopolitical threats,0.6257662282994625,0.8905092732393018,397,3,0.9437664073772823,False
US housing starts,10y real yield (TIPS),0.6257613738390349,0.8905103936399889,280,3,0.9437664073772823,False
Consumer sentiment,US 3-month yield,0.6214660170393917,0.8915011132073741,535,3,0.9443534574984531,False
US core CPI,WTI (long),0.6125267079709152,0.8935587774126829,482,3,0.9458500375522918,False
Supply chain pressure,US core CPI,0.6115253582681263,0.8937889115260557,338,3,0.9458500375522918,False
MXN per USD,Bitcoin,0.6043383912205341,0.8954384835408621,173,3,0.9466234406780796,False
Supply chain pressure,Sticky CPI,0.6033869067194269,0.8956565825734817,340,3,0.9466234406780796,False
Supply chain pressure,US 3-month yield,0.60251395340435,0.8958566207325983,340,3,0.9466234406780796,False
Geopolitical acts,US 2-year yield,0.6007042607858881,0.8962711300037136,497,3,0.9466234406780796,False
US core CPI,Henry Hub natural gas,0.5984916925968317,0.8967775789240139,348,3,0.9466958621258388,False
10y minus 3m spread,US industrial production,0.5937567349879136,0.8978601272425902,531,3,0.9473760835034066,False
Consumer sentiment,CAD per USD,0.5916497334008965,0.8983412873356481,579,3,0.9474213966925226,False
St. Louis financial stress,Chicago financial conditions,0.585184395053906,0.8998155328360288,390,3,0.9485102315972613,False
US equity market uncertainty,MXN per USD,0.5832711461308817,0.9002511541339409,391,3,0.9485102315972613,False
POS Crude oil,WTI (long),0.5779954343426095,0.9014508150101411,485,3,0.9492741714578078,False
Fed total assets,Brent (long),0.5761891124670971,0.901861032111462,282,3,0.9492741714578078,False
Geopolitical threats,S&P PE10,0.5732147730854229,0.9025359124224563,496,3,0.9492741714578078,False
US house prices (Case-Shiller),Nasdaq Composite,0.5709967896833753,0.9030386892003726,470,3,0.9492741714578078,False
POS USD index,US equity market uncertainty,0.5704102079381848,0.9031715868125396,397,3,0.9492741714578078,False
US equity market uncertainty,Nasdaq Composite,0.5647665865782883,0.9044487124508358,497,3,0.9498291995939413,False
POS US 10-year notes,S&P PE10,0.564193180690305,0.9045783172821116,484,3,0.9498291995939413,False
US housing starts,US M2 money supply,0.5591171825021519,0.9057243680806422,807,3,0.9500596157745735,False
POS USD index,10y minus 3m spread,0.5569025872432913,0.9062236604654769,397,3,0.9500596157745735,False
Consumer sentiment,Bitcoin,0.5562753532802535,0.9063649939805488,171,3,0.9500596157745735,False
JPY per USD,Consumer sentiment,0.5535190653346231,0.9069856433560973,579,3,0.9500596157745735,False
POS USD index,US 3-month yield,0.5534777833414193,0.9069949338384458,397,3,0.9500596157745735,False
US house prices (Case-Shiller),POS S&P 500,0.5442076328441358,0.9090772122743505,405,3,0.9517796285409906,False
US core CPI,POS Gold,0.5372106006810303,0.9106435699296419,482,3,0.9526015975947963,False
Henry Hub natural gas,USD broad index,0.536734533884734,0.9107499724437876,245,3,0.9526015975947963,False
US 2-year yield,USD per EUR,0.5347909764426638,0.9111841368298053,329,3,0.9526015975947963,False
POS Gold,Brent (long),0.5311032823751954,0.9120069071735964,469,3,0.9530009344172622,False
POS Gold,USD per EUR,0.5251480873949741,0.9133327518166622,329,3,0.9539253185640694,False
Consumer sentiment,Supply chain pressure,0.5211061842487048,0.9142306012227184,339,3,0.9544020086158943,False
Supply chain pressure,MXN per USD,0.5098388512580716,0.9167246026789777,340,3,0.9562999617510084,False
Initial jobless claims,10y inflation breakeven,0.5088932143706735,0.9169333120767069,281,3,0.9562999617510084,False
Henry Hub natural gas,POS US 10-year notes,0.5003255914418272,0.9188198748126828,351,3,0.957805481844272,False
POS USD index,US 10-year yield,0.4957804993426642,0.9198174348677596,397,3,0.9583119244629215,False
Recession probability,POS Gold,0.49312635231360225,0.9203989062077171,483,3,0.9583119244629215,False
Geopolitical acts,Sticky CPI,0.4920455537596033,0.9206354611977279,496,3,0.9583119244629215,False
WTI (long),Bitcoin,0.4857459132640737,0.9220116255057094,173,3,0.9592428830779492,False
Chicago financial conditions,Geopolitical acts,0.4824229601189244,0.9227356893706646,497,3,0.9592428830779492,False
POS US 10-year notes,US CPI,0.48184787743177415,0.9228608680860937,482,3,0.9592428830779492,False
US M2 money supply,POS Gold,0.47757958167806747,0.923788736759173,483,3,0.9597459148838693,False
US M2 money supply,10y minus 2y spread,0.4718446993854433,0.9250320088190398,598,3,0.9604661562242571,False
Fed funds effective,VIX,0.47028019202237253,0.9253704918663865,437,3,0.9604661562242571,False
Chicago financial conditions,Geopolitical risk,0.4498512163455472,0.9297623605637249,497,3,0.9642432703041177,False
US industrial production,Geopolitical risk,0.4491995433946415,0.9299015812137306,495,3,0.9642432703041177,False
US CPI,CAD per USD,0.44535082334403364,0.9307226672186623,662,3,0.9645205172155776,False
St. Louis financial stress,POS Crude oil,0.4437613084625228,0.9310612023260455,390,3,0.9645205172155776,False
JPY per USD,US unemployment rate,0.4400698461405006,0.9318461069358419,662,3,0.9647636588874345,False
Gold,POS US 10-year notes,0.438457387951199,0.9321883827085341,484,3,0.9647636588874345,False
Henry Hub natural gas,S&P PE10,0.4360045803286461,0.9327083610766148,350,3,0.9648399409797326,False
Geopolitical risk,Consumer sentiment,0.42915009934285114,0.934157071693079,495,3,0.9658764175037957,False
Sticky CPI,JPY per USD,0.41244049479304873,0.9376607583877493,664,3,0.9687561908973797,False
10y inflation breakeven,USD per EUR,0.41100327633329664,0.9379602126275323,281,3,0.9687561908973797,False
10y real yield (TIPS),Initial jobless claims,0.4094354734196909,0.9382865234686,281,3,0.9687561908973797,False
POS Gold,Supply chain pressure,0.3933172994165142,0.9416194985209843,340,3,0.971690429090701,False
US economic policy uncertainty,Henry Hub natural gas,0.391331360154201,0.9420273540120765,351,3,0.971690429090701,False
Supply chain pressure,JPY per USD,0.3880003625617181,0.9427100308360815,340,3,0.971930894929713,False
POS S&P 500,Fed funds effective,0.38124297772058724,0.9440894104247801,417,3,0.9728890873872138,False
POS US 10-year notes,Initial jobless claims,0.37287188985776853,0.9457877132968338,485,3,0.9741748623857812,False
US industrial production,US CPI,0.365389855526567,0.9472955739859434,949,3,0.9752633480750522,False
Geopolitical acts,POS USD index,0.3561641493732518,0.9491413655978383,397,3,0.9766985399440868,False
USD per EUR,US core CPI,0.3459665180315114,0.9511637534648408,326,3,0.9783140033258734,False
Supply chain pressure,US economic policy uncertainty,0.33777133591300035,0.952774987108965,340,3,0.9795052411457833,False
10y real yield (TIPS),US industrial production,0.3341539111885371,0.9534821197359047,279,3,0.9797663226563812,False
JPY per USD,10y minus 3m spread,0.32694803887859203,0.9548831073010596,533,3,0.9805847781934897,False
CAD per USD,USD per EUR,0.3249478661469613,0.955270162348074,329,3,0.9805847781934897,False
Geopolitical acts,MXN per USD,0.3230364992022927,0.9556392819859773,391,3,0.9805847781934897,False
POS US 10-year notes,Recession probability,0.319535207453931,0.9563135258520017,483,3,0.980599948995395,False
Chicago financial conditions,POS Gold,0.3181621323619425,0.9565772557834026,485,3,0.980599948995395,False
USD per EUR,Sticky CPI,0.31169364204262184,0.9578144273064472,328,3,0.980599948995395,False
US housing starts,Chicago financial conditions,0.3093002803766399,0.9582699637274728,664,3,0.980599948995395,False
Gold,POS Crude oil,0.30803052747321163,0.9585111470649844,484,3,0.980599948995395,False
10y minus 3m spread,US housing starts,0.3058291983332323,0.9589284633134555,532,3,0.980599948995395,False
Geopolitical risk,US housing starts,0.30570113979798874,0.9589527079979914,496,3,0.980599948995395,False
US M2 money supply,Supply chain pressure,0.3025293455166261,0.9595520788788559,339,3,0.980599948995395,False
Fed funds effective,MXN per USD,0.3015530981465113,0.9597361202933653,391,3,0.980599948995395,False
Geopolitical risk,Supply chain pressure,0.29650594625668675,0.96068427257375,340,3,0.9811050530488651,False
POS Crude oil,Supply chain pressure,0.2800374850298478,0.963738101067661,340,3,0.9837417944119294,False
10y minus 3m spread,POS US 10-year notes,0.2776469475505191,0.9641761620531353,485,3,0.9837417944119294,False
Geopolitical risk,US 2-year yield,0.2743782821354419,0.964772934392642,497,3,0.9838863604513641,False
US 3-month yield,USD broad index,0.270660271480614,0.9654486147008322,245,3,0.9841112234715697,False
Supply chain pressure,USD broad index,0.2574504473989246,0.9678216226162335,244,3,0.9859977693207367,False
Gold,US unemployment rate,0.2552562988870988,0.9682115005864588,938,3,0.9859977693207367,False
10y real yield (TIPS),Consumer sentiment,0.2524277701291854,0.9687122616190288,279,3,0.9860432719493126,False
US 3-month yield,VIX,0.24947439974321606,0.969232890532326,437,3,0.9861089455674771,False
Geopolitical acts,US economic policy uncertainty,0.24588186650865895,0.9698630793678782,497,3,0.9862859725274472,False
CAD per USD,10y minus 2y spread,0.24019949859958784,0.9708527706854202,600,3,0.9866088739583672,False
VIX,USD broad index,0.2351900221026858,0.9717179270376759,245,3,0.9866088739583672,False
Recession probability,US CPI,0.23218173812573012,0.972234105440038,704,3,0.9866088739583672,False
Geopolitical acts,US 10-year yield,0.23179295955684745,0.9723006280228499,497,3,0.9866088739583672,False
Geopolitical acts,10y minus 2y spread,0.23084700377975975,0.9724623082355598,497,3,0.9866088739583672,False
Fed funds effective,US equity market uncertainty,0.2273197133097472,0.973062930925546,497,3,0.9867551860511399,False
Sticky CPI,POS Gold,0.22058931403844126,0.9741989718817673,484,3,0.9871024471589338,False
US industrial production,10y inflation breakeven,0.2198764866778447,0.9743185116730643,279,3,0.9871024471589338,False
US 2-year yield,USD broad index,0.2100741155943457,0.9759468370007859,245,3,0.9882890218246834,False
Geopolitical acts,Bitcoin,0.20691393584402828,0.9764655096284793,173,3,0.988351325756916,False
POS Gold,Henry Hub natural gas,0.20188407021045626,0.9772845728239703,351,3,0.9886675081342444,False
Consumer sentiment,Brent (long),0.19908980819658986,0.9777360999580674,467,3,0.9886675081342444,False
Geopolitical threats,Supply chain pressure,0.1949163687872918,0.978405767527269,340,3,0.9886675081342444,False
Gold,Nasdaq Composite,0.19365486177738117,0.9786070617054963,663,3,0.9886675081342444,False
US housing starts,CAD per USD,0.184582456184997,0.9800389829759908,664,3,0.9896516960271332,False
Consumer sentiment,VIX,0.17397959078420563,0.9816763615545646,435,3,0.9899689449088551,False
10y minus 2y spread,US 2-year yield,0.1736485693436997,0.9817268352842666,600,3,0.9899689449088551,False
US 10-year yield,US 2-year yield,0.17364856934369685,0.9817268352842671,600,3,0.9899689449088551,False
VIX,USD per EUR,0.16941322664068828,0.982369106884638,329,3,0.9901547827900173,False
10y minus 3m spread,POS Gold,0.15675456938360297,0.9842486599795617,485,3,0.9915869538097914,False
Geopolitical threats,US housing starts,0.15317496854022059,0.984768904935229,496,3,0.991648985780142,False
Geopolitical risk,US 10-year yield,0.14847113846536297,0.9854447375045037,497,3,0.991867561678183,False
Brent (long),Bitcoin,0.13765064179835507,0.9869646538341715,173,3,0.9929351240528054,False
POS USD index,10y real yield (TIPS),0.1051675864896833,0.9912101635879298,281,3,0.9953201378489887,False
Supply chain pressure,Consumer sentiment,0.10327835193198955,0.9914411275160873,339,3,0.9953201378489887,False
Supply chain pressure,USD per EUR,0.09928308994621637,0.9919233167370776,328,3,0.9953201378489887,False
POS Crude oil,CAD per USD,0.09884630253602875,0.991975511617129,485,3,0.9953201378489887,False
Chicago financial conditions,JPY per USD,0.09475021414078752,0.9924598892597768,665,3,0.9953201378489887,False
Initial jobless claims,US 3-month yield,0.09430346084003878,0.9925121564361237,537,3,0.9953201378489887,False
Consumer sentiment,USD per EUR,0.09391153191731688,0.9925579172999166,327,3,0.9953201378489887,False
US equity market uncertainty,Henry Hub natural gas,0.08257747325894922,0.993842878491012,351,3,0.9961466403790301,False
Initial jobless claims,POS Gold,0.07546146707629489,0.9946099084126194,485,3,0.9962549415504316,False
Gold,US housing starts,0.07295349200763883,0.9948725341384745,808,3,0.9962549415504316,False
10y inflation breakeven,St. Louis financial stress,0.058219801639496825,0.9963284270986892,281,3,0.99715973938831,False
10y minus 3m spread,Nasdaq Composite,0.054195107303934745,0.9966985184172702,533,3,0.99715973938831,False
10y minus 3m spread,POS USD index,0.0418551648297806,0.9977509677822329,397,3,0.9977509677822329,False
