date,series,value,unit,source_repo
1985-12-31,Alabama: aidscapita,0.67950445,"AIDS deaths per 100,000",github.com/NickCH-K/causaldata
1986-12-31,Alabama: aidscapita,0.85169166,"AIDS deaths per 100,000",github.com/NickCH-K/causaldata
1987-12-31,Alabama: aidscapita,1.9672137,"AIDS deaths per 100,000",github.com/NickCH-K/causaldata
1988-12-31,Alabama: aidscapita,2.7581367,"AIDS deaths per 100,000",github.com/NickCH-K/causaldata
1989-12-31,Alabama: aidscapita,3.8459067,"AIDS deaths per 100,000",github.com/NickCH-K/causaldata
1990-12-31,Alabama: aidscapita,4.370311,"AIDS deaths per 100,000",github.com/NickCH-K/causaldata
1991-12-31,Alabama: aidscapita,5.9280496,"AIDS deaths per 100,000",github.com/NickCH-K/causaldata
1992-12-31,Alabama: aidscapita,6.812688,"AIDS deaths per 100,000",github.com/NickCH-K/causaldata
1993-12-31,Alabama: aidscapita,7.356078,"AIDS deaths per 100,000",github.com/NickCH-K/causaldata
1994-12-31,Alabama: aidscapita,8.192048,"AIDS deaths per 100,000",github.com/NickCH-K/causaldata
1995-12-31,Alabama: aidscapita,8.448148,"AIDS deaths per 100,000",github.com/NickCH-K/causaldata
1996-12-31,Alabama: aidscapita,7.850196,"AIDS deaths per 100,000",github.com/NickCH-K/causaldata
1997-12-31,Alabama: aidscapita,4.3269873,"AIDS deaths per 100,000",github.com/NickCH-K/causaldata
1998-12-31,Alabama: aidscapita,4.29087,"AIDS deaths per 100,000",github.com/NickCH-K/causaldata
1999-12-31,Alabama: aidscapita,3.6567686,"AIDS deaths per 100,000",github.com/NickCH-K/causaldata
2000-12-31,Alabama: aidscapita,3.9308398,"AIDS deaths per 100,000",github.com/NickCH-K/causaldata
1985-12-31,Alabama: alcohol,1.9,per capita,github.com/NickCH-K/causaldata
1986-12-31,Alabama: alcohol,1.9,per capita,github.com/NickCH-K/causaldata
1987-12-31,Alabama: alcohol,1.89,per capita,github.com/NickCH-K/causaldata
1988-12-31,Alabama: alcohol,1.89,per capita,github.com/NickCH-K/causaldata
1989-12-31,Alabama: alcohol,1.87,per capita,github.com/NickCH-K/causaldata
1990-12-31,Alabama: alcohol,1.92,per capita,github.com/NickCH-K/causaldata
1991-12-31,Alabama: alcohol,1.76,per capita,github.com/NickCH-K/causaldata
1992-12-31,Alabama: alcohol,1.79,per capita,github.com/NickCH-K/causaldata
1993-12-31,Alabama: alcohol,1.86,per capita,github.com/NickCH-K/causaldata
1994-12-31,Alabama: alcohol,1.87,per capita,github.com/NickCH-K/causaldata
1995-12-31,Alabama: alcohol,1.81,per capita,github.com/NickCH-K/causaldata
1996-12-31,Alabama: alcohol,1.86,per capita,github.com/NickCH-K/causaldata
1997-12-31,Alabama: alcohol,1.81,per capita,github.com/NickCH-K/causaldata
1998-12-31,Alabama: alcohol,1.85,per capita,github.com/NickCH-K/causaldata
1999-12-31,Alabama: alcohol,1.87,per capita,github.com/NickCH-K/causaldata
2000-12-31,Alabama: alcohol,1.88,per capita,github.com/NickCH-K/causaldata
1985-12-31,Alabama: black,25.866339,percent of population,github.com/NickCH-K/causaldata
1986-12-31,Alabama: black,25.827267,percent of population,github.com/NickCH-K/causaldata
1987-12-31,Alabama: black,25.777328,percent of population,github.com/NickCH-K/causaldata
1988-12-31,Alabama: black,25.734392,percent of population,github.com/NickCH-K/causaldata
1989-12-31,Alabama: black,25.69405,percent of population,github.com/NickCH-K/causaldata
1990-12-31,Alabama: black,25.595875,percent of population,github.com/NickCH-K/causaldata
1991-12-31,Alabama: black,25.702427,percent of population,github.com/NickCH-K/causaldata
1992-12-31,Alabama: black,25.873686,percent of population,github.com/NickCH-K/causaldata
1993-12-31,Alabama: black,26.02926,percent of population,github.com/NickCH-K/causaldata
1994-12-31,Alabama: black,26.206093,percent of population,github.com/NickCH-K/causaldata
1995-12-31,Alabama: black,26.356558,percent of population,github.com/NickCH-K/causaldata
1996-12-31,Alabama: black,26.443373,percent of population,github.com/NickCH-K/causaldata
1997-12-31,Alabama: black,26.610456,percent of population,github.com/NickCH-K/causaldata
1998-12-31,Alabama: black,26.70941,percent of population,github.com/NickCH-K/causaldata
1999-12-31,Alabama: black,26.842972,percent of population,github.com/NickCH-K/causaldata
2000-12-31,Alabama: black,26.936117,percent of population,github.com/NickCH-K/causaldata
1985-12-31,Alabama: bmprison,6227.0,persons,github.com/NickCH-K/causaldata
1986-12-31,Alabama: bmprison,6657.0,persons,github.com/NickCH-K/causaldata
1987-12-31,Alabama: bmprison,7281.0,persons,github.com/NickCH-K/causaldata
1988-12-31,Alabama: bmprison,7244.0,persons,github.com/NickCH-K/causaldata
1989-12-31,Alabama: bmprison,8056.0,persons,github.com/NickCH-K/causaldata
1990-12-31,Alabama: bmprison,9282.0,persons,github.com/NickCH-K/causaldata
1991-12-31,Alabama: bmprison,10119.0,persons,github.com/NickCH-K/causaldata
1992-12-31,Alabama: bmprison,10660.0,persons,github.com/NickCH-K/causaldata
1993-12-31,Alabama: bmprison,11450.0,persons,github.com/NickCH-K/causaldata
1994-12-31,Alabama: bmprison,11996.0,persons,github.com/NickCH-K/causaldata
1995-12-31,Alabama: bmprison,12715.0,persons,github.com/NickCH-K/causaldata
1996-12-31,Alabama: bmprison,13397.0,persons,github.com/NickCH-K/causaldata
1997-12-31,Alabama: bmprison,13784.0,persons,github.com/NickCH-K/causaldata
1998-12-31,Alabama: bmprison,14080.0,persons,github.com/NickCH-K/causaldata
1999-12-31,Alabama: bmprison,15206.0,persons,github.com/NickCH-K/causaldata
2000-12-31,Alabama: bmprison,14727.0,persons,github.com/NickCH-K/causaldata
1985-12-31,Alabama: income,11566.0,median income,github.com/NickCH-K/causaldata
1986-12-31,Alabama: income,12164.0,median income,github.com/NickCH-K/causaldata
1987-12-31,Alabama: income,12826.0,median income,github.com/NickCH-K/causaldata
1988-12-31,Alabama: income,13698.0,median income,github.com/NickCH-K/causaldata
1989-12-31,Alabama: income,14865.0,median income,github.com/NickCH-K/causaldata
1990-12-31,Alabama: income,15723.0,median income,github.com/NickCH-K/causaldata
1991-12-31,Alabama: income,16406.0,median income,github.com/NickCH-K/causaldata
1992-12-31,Alabama: income,17327.0,median income,github.com/NickCH-K/causaldata
1993-12-31,Alabama: income,17764.0,median income,github.com/NickCH-K/causaldata
1994-12-31,Alabama: income,18606.0,median income,github.com/NickCH-K/causaldata
1995-12-31,Alabama: income,19441.0,median income,github.com/NickCH-K/causaldata
1996-12-31,Alabama: income,20081.0,median income,github.com/NickCH-K/causaldata
1997-12-31,Alabama: income,20930.0,median income,github.com/NickCH-K/causaldata
1998-12-31,Alabama: income,22025.0,median income,github.com/NickCH-K/causaldata
1999-12-31,Alabama: income,22722.0,median income,github.com/NickCH-K/causaldata
2000-12-31,Alabama: income,23764.0,median income,github.com/NickCH-K/causaldata
1985-12-31,Alabama: perc1519,8.461768,percent of population,github.com/NickCH-K/causaldata
1986-12-31,Alabama: perc1519,8.47358,percent of population,github.com/NickCH-K/causaldata
1987-12-31,Alabama: perc1519,8.397089,percent of population,github.com/NickCH-K/causaldata
1988-12-31,Alabama: perc1519,8.280076,percent of population,github.com/NickCH-K/causaldata
1989-12-31,Alabama: perc1519,8.088959,percent of population,github.com/NickCH-K/causaldata
1990-12-31,Alabama: perc1519,7.8683624,percent of population,github.com/NickCH-K/causaldata
1991-12-31,Alabama: perc1519,7.5744863,percent of population,github.com/NickCH-K/causaldata
1992-12-31,Alabama: perc1519,7.4390697,percent of population,github.com/NickCH-K/causaldata
1993-12-31,Alabama: perc1519,7.4111776,percent of population,github.com/NickCH-K/causaldata
1994-12-31,Alabama: perc1519,7.429225,percent of population,github.com/NickCH-K/causaldata
1995-12-31,Alabama: perc1519,7.4919477,percent of population,github.com/NickCH-K/causaldata
1996-12-31,Alabama: perc1519,7.5468783,percent of population,github.com/NickCH-K/causaldata
1997-12-31,Alabama: perc1519,7.5384593,percent of population,github.com/NickCH-K/causaldata
1998-12-31,Alabama: perc1519,7.493403,percent of population,github.com/NickCH-K/causaldata
1999-12-31,Alabama: perc1519,7.3990645,percent of population,github.com/NickCH-K/causaldata
2000-12-31,Alabama: perc1519,7.2434816,percent of population,github.com/NickCH-K/causaldata
1985-12-31,Alabama: poverty,20.6,rate,github.com/NickCH-K/causaldata
1986-12-31,Alabama: poverty,23.8,rate,github.com/NickCH-K/causaldata
1987-12-31,Alabama: poverty,21.3,rate,github.com/NickCH-K/causaldata
1988-12-31,Alabama: poverty,19.3,rate,github.com/NickCH-K/causaldata
1989-12-31,Alabama: poverty,18.9,rate,github.com/NickCH-K/causaldata
1990-12-31,Alabama: poverty,19.2,rate,github.com/NickCH-K/causaldata
1991-12-31,Alabama: poverty,18.8,rate,github.com/NickCH-K/causaldata
1992-12-31,Alabama: poverty,17.3,rate,github.com/NickCH-K/causaldata
1993-12-31,Alabama: poverty,17.4,rate,github.com/NickCH-K/causaldata
1994-12-31,Alabama: poverty,16.4,rate,github.com/NickCH-K/causaldata
1995-12-31,Alabama: poverty,20.1,rate,github.com/NickCH-K/causaldata
1996-12-31,Alabama: poverty,14.0,rate,github.com/NickCH-K/causaldata
1997-12-31,Alabama: poverty,15.7,rate,github.com/NickCH-K/causaldata
1998-12-31,Alabama: poverty,14.5,rate,github.com/NickCH-K/causaldata
1999-12-31,Alabama: poverty,15.2,rate,github.com/NickCH-K/causaldata
2000-12-31,Alabama: poverty,13.3,rate,github.com/NickCH-K/causaldata
1985-12-31,Alabama: ur,8.616667,rate,github.com/NickCH-K/causaldata
1986-12-31,Alabama: ur,9.083334,rate,github.com/NickCH-K/causaldata
1987-12-31,Alabama: ur,7.65,rate,github.com/NickCH-K/causaldata
1988-12-31,Alabama: ur,6.9166665,rate,github.com/NickCH-K/causaldata
1989-12-31,Alabama: ur,6.616667,rate,github.com/NickCH-K/causaldata
1990-12-31,Alabama: ur,6.3333335,rate,github.com/NickCH-K/causaldata
1991-12-31,Alabama: ur,6.875,rate,github.com/NickCH-K/causaldata
1992-12-31,Alabama: ur,6.883333,rate,github.com/NickCH-K/causaldata
1993-12-31,Alabama: ur,6.625,rate,github.com/NickCH-K/causaldata
1994-12-31,Alabama: ur,5.383333,rate,github.com/NickCH-K/causaldata
1995-12-31,Alabama: ur,5.225,rate,github.com/NickCH-K/causaldata
1996-12-31,Alabama: ur,4.491667,rate,github.com/NickCH-K/causaldata
1997-12-31,Alabama: ur,4.4416666,rate,github.com/NickCH-K/causaldata
1998-12-31,Alabama: ur,3.8833334,rate,github.com/NickCH-K/causaldata
1999-12-31,Alabama: ur,4.275,rate,github.com/NickCH-K/causaldata
2000-12-31,Alabama: ur,4.0666666,rate,github.com/NickCH-K/causaldata
1985-12-31,Alabama: wmprison,4210.0,persons,github.com/NickCH-K/causaldata
1986-12-31,Alabama: wmprison,4423.0,persons,github.com/NickCH-K/causaldata
1987-12-31,Alabama: wmprison,4803.0,persons,github.com/NickCH-K/causaldata
1988-12-31,Alabama: wmprison,4605.0,persons,github.com/NickCH-K/causaldata
1989-12-31,Alabama: wmprison,4998.0,persons,github.com/NickCH-K/causaldata
1990-12-31,Alabama: wmprison,5421.0,persons,github.com/NickCH-K/causaldata
1991-12-31,Alabama: wmprison,5579.0,persons,github.com/NickCH-K/causaldata
1992-12-31,Alabama: wmprison,5658.0,persons,github.com/NickCH-K/causaldata
1993-12-31,Alabama: wmprison,6011.0,persons,github.com/NickCH-K/causaldata
1994-12-31,Alabama: wmprison,6323.0,persons,github.com/NickCH-K/causaldata
1995-12-31,Alabama: wmprison,6654.0,persons,github.com/NickCH-K/causaldata
1996-12-31,Alabama: wmprison,6940.0,persons,github.com/NickCH-K/causaldata
1997-12-31,Alabama: wmprison,7070.0,persons,github.com/NickCH-K/causaldata
1998-12-31,Alabama: wmprison,7062.0,persons,github.com/NickCH-K/causaldata
1999-12-31,Alabama: wmprison,7788.0,persons,github.com/NickCH-K/causaldata
2000-12-31,Alabama: wmprison,7358.0,persons,github.com/NickCH-K/causaldata
1985-12-31,Alaska: aidscapita,1.3142258,"AIDS deaths per 100,000",github.com/NickCH-K/causaldata
1986-12-31,Alaska: aidscapita,2.204468,"AIDS deaths per 100,000",github.com/NickCH-K/causaldata
1987-12-31,Alaska: aidscapita,1.1123676,"AIDS deaths per 100,000",github.com/NickCH-K/causaldata
1988-12-31,Alaska: aidscapita,1.2913723,"AIDS deaths per 100,000",github.com/NickCH-K/causaldata
1989-12-31,Alaska: aidscapita,2.0103993,"AIDS deaths per 100,000",github.com/NickCH-K/causaldata
1990-12-31,Alaska: aidscapita,1.8073704,"AIDS deaths per 100,000",github.com/NickCH-K/causaldata
1991-12-31,Alaska: aidscapita,3.332205,"AIDS deaths per 100,000",github.com/NickCH-K/causaldata
1992-12-31,Alaska: aidscapita,2.887542,"AIDS deaths per 100,000",github.com/NickCH-K/causaldata
1993-12-31,Alaska: aidscapita,4.504264,"AIDS deaths per 100,000",github.com/NickCH-K/causaldata
1994-12-31,Alaska: aidscapita,5.138337,"AIDS deaths per 100,000",github.com/NickCH-K/causaldata
1995-12-31,Alaska: aidscapita,4.798052,"AIDS deaths per 100,000",github.com/NickCH-K/causaldata
1996-12-31,Alaska: aidscapita,4.4366374,"AIDS deaths per 100,000",github.com/NickCH-K/causaldata
1997-12-31,Alaska: aidscapita,2.2839692,"AIDS deaths per 100,000",github.com/NickCH-K/causaldata
1998-12-31,Alaska: aidscapita,0.96784806,"AIDS deaths per 100,000",github.com/NickCH-K/causaldata
1999-12-31,Alaska: aidscapita,2.2407923,"AIDS deaths per 100,000",github.com/NickCH-K/causaldata
2000-12-31,Alaska: aidscapita,1.115186,"AIDS deaths per 100,000",github.com/NickCH-K/causaldata
1985-12-31,Alaska: alcohol,3.78,per capita,github.com/NickCH-K/causaldata
1986-12-31,Alaska: alcohol,3.51,per capita,github.com/NickCH-K/causaldata
1987-12-31,Alaska: alcohol,3.46,per capita,github.com/NickCH-K/causaldata
1988-12-31,Alaska: alcohol,3.32,per capita,github.com/NickCH-K/causaldata
1989-12-31,Alaska: alcohol,3.27,per capita,github.com/NickCH-K/causaldata
1990-12-31,Alaska: alcohol,3.33,per capita,github.com/NickCH-K/causaldata
1991-12-31,Alaska: alcohol,3.11,per capita,github.com/NickCH-K/causaldata
1992-12-31,Alaska: alcohol,3.02,per capita,github.com/NickCH-K/causaldata
1993-12-31,Alaska: alcohol,2.55,per capita,github.com/NickCH-K/causaldata
1994-12-31,Alaska: alcohol,3.03,per capita,github.com/NickCH-K/causaldata
1995-12-31,Alaska: alcohol,2.86,per capita,github.com/NickCH-K/causaldata
1996-12-31,Alaska: alcohol,2.63,per capita,github.com/NickCH-K/causaldata
1997-12-31,Alaska: alcohol,2.56,per capita,github.com/NickCH-K/causaldata
1998-12-31,Alaska: alcohol,2.74,per capita,github.com/NickCH-K/causaldata
1999-12-31,Alaska: alcohol,2.82,per capita,github.com/NickCH-K/causaldata
2000-12-31,Alaska: alcohol,2.63,per capita,github.com/NickCH-K/causaldata
1985-12-31,Alaska: black,5.3355293,percent of population,github.com/NickCH-K/causaldata
1986-12-31,Alaska: black,5.3034697,percent of population,github.com/NickCH-K/causaldata
1987-12-31,Alaska: black,5.264394,percent of population,github.com/NickCH-K/causaldata
1988-12-31,Alaska: black,5.230387,percent of population,github.com/NickCH-K/causaldata
1989-12-31,Alaska: black,5.1979246,percent of population,github.com/NickCH-K/causaldata
1990-12-31,Alaska: black,5.03644,percent of population,github.com/NickCH-K/causaldata
1991-12-31,Alaska: black,4.953708,percent of population,github.com/NickCH-K/causaldata
1992-12-31,Alaska: black,5.1625433,percent of population,github.com/NickCH-K/causaldata
1993-12-31,Alaska: black,5.461102,percent of population,github.com/NickCH-K/causaldata
1994-12-31,Alaska: black,5.342025,percent of population,github.com/NickCH-K/causaldata
1995-12-31,Alaska: black,5.0708356,percent of population,github.com/NickCH-K/causaldata
1996-12-31,Alaska: black,4.9712353,percent of population,github.com/NickCH-K/causaldata
1997-12-31,Alaska: black,5.138917,percent of population,github.com/NickCH-K/causaldata
1998-12-31,Alaska: black,5.276637,percent of population,github.com/NickCH-K/causaldata
1999-12-31,Alaska: black,5.3234706,percent of population,github.com/NickCH-K/causaldata
2000-12-31,Alaska: black,5.3758383,percent of population,github.com/NickCH-K/causaldata
1985-12-31,Alaska: bmprison,198.0,persons,github.com/NickCH-K/causaldata
1986-12-31,Alaska: bmprison,211.0,persons,github.com/NickCH-K/causaldata
1987-12-31,Alaska: bmprison,217.0,persons,github.com/NickCH-K/causaldata
1988-12-31,Alaska: bmprison,271.0,persons,github.com/NickCH-K/causaldata
1989-12-31,Alaska: bmprison,310.0,persons,github.com/NickCH-K/causaldata
1990-12-31,Alaska: bmprison,288.0,persons,github.com/NickCH-K/causaldata
1991-12-31,Alaska: bmprison,314.0,persons,github.com/NickCH-K/causaldata
1992-12-31,Alaska: bmprison,327.0,persons,github.com/NickCH-K/causaldata
1993-12-31,Alaska: bmprison,313.0,persons,github.com/NickCH-K/causaldata
1994-12-31,Alaska: bmprison,415.0,persons,github.com/NickCH-K/causaldata
1995-12-31,Alaska: bmprison,440.0,persons,github.com/NickCH-K/causaldata
1996-12-31,Alaska: bmprison,486.0,persons,github.com/NickCH-K/causaldata
1997-12-31,Alaska: bmprison,538.0,persons,github.com/NickCH-K/causaldata
1998-12-31,Alaska: bmprison,509.0,persons,github.com/NickCH-K/causaldata
1999-12-31,Alaska: bmprison,467.0,persons,github.com/NickCH-K/causaldata
2000-12-31,Alaska: bmprison,474.0,persons,github.com/NickCH-K/causaldata
1985-12-31,Alaska: income,20321.0,median income,github.com/NickCH-K/causaldata
1986-12-31,Alaska: income,19807.0,median income,github.com/NickCH-K/causaldata
1987-12-31,Alaska: income,19357.0,median income,github.com/NickCH-K/causaldata
1988-12-31,Alaska: income,19907.0,median income,github.com/NickCH-K/causaldata
1989-12-31,Alaska: income,21628.0,median income,github.com/NickCH-K/causaldata
1990-12-31,Alaska: income,22804.0,median income,github.com/NickCH-K/causaldata
1991-12-31,Alaska: income,23161.0,median income,github.com/NickCH-K/causaldata
1992-12-31,Alaska: income,23786.0,median income,github.com/NickCH-K/causaldata
1993-12-31,Alaska: income,24538.0,median income,github.com/NickCH-K/causaldata
1994-12-31,Alaska: income,25050.0,median income,github.com/NickCH-K/causaldata
1995-12-31,Alaska: income,25504.0,median income,github.com/NickCH-K/causaldata
1996-12-31,Alaska: income,25805.0,median income,github.com/NickCH-K/causaldata
1997-12-31,Alaska: income,26759.0,median income,github.com/NickCH-K/causaldata
1998-12-31,Alaska: income,27560.0,median income,github.com/NickCH-K/causaldata
1999-12-31,Alaska: income,28100.0,median income,github.com/NickCH-K/causaldata
2000-12-31,Alaska: income,29867.0,median income,github.com/NickCH-K/causaldata
1985-12-31,Alaska: perc1519,7.45748,percent of population,github.com/NickCH-K/causaldata
1986-12-31,Alaska: perc1519,7.40738,percent of population,github.com/NickCH-K/causaldata
1987-12-31,Alaska: perc1519,7.298059,percent of population,github.com/NickCH-K/causaldata
1988-12-31,Alaska: perc1519,7.1556787,percent of population,github.com/NickCH-K/causaldata
1989-12-31,Alaska: perc1519,6.95324,percent of population,github.com/NickCH-K/causaldata
1990-12-31,Alaska: perc1519,6.837102,percent of population,github.com/NickCH-K/causaldata
1991-12-31,Alaska: perc1519,6.8573275,percent of population,github.com/NickCH-K/causaldata
1992-12-31,Alaska: perc1519,6.959486,percent of population,github.com/NickCH-K/causaldata
1993-12-31,Alaska: perc1519,7.015141,percent of population,github.com/NickCH-K/causaldata
1994-12-31,Alaska: perc1519,7.1295257,percent of population,github.com/NickCH-K/causaldata
1995-12-31,Alaska: perc1519,7.267228,percent of population,github.com/NickCH-K/causaldata
1996-12-31,Alaska: perc1519,7.4640675,percent of population,github.com/NickCH-K/causaldata
1997-12-31,Alaska: perc1519,7.6646743,percent of population,github.com/NickCH-K/causaldata
1998-12-31,Alaska: perc1519,7.881187,percent of population,github.com/NickCH-K/causaldata
1999-12-31,Alaska: perc1519,7.9599347,percent of population,github.com/NickCH-K/causaldata
2000-12-31,Alaska: perc1519,8.118713,percent of population,github.com/NickCH-K/causaldata
1985-12-31,Alaska: poverty,8.7,rate,github.com/NickCH-K/causaldata
1986-12-31,Alaska: poverty,11.4,rate,github.com/NickCH-K/causaldata
1987-12-31,Alaska: poverty,12.0,rate,github.com/NickCH-K/causaldata
1988-12-31,Alaska: poverty,11.0,rate,github.com/NickCH-K/causaldata
1989-12-31,Alaska: poverty,10.5,rate,github.com/NickCH-K/causaldata
1990-12-31,Alaska: poverty,11.4,rate,github.com/NickCH-K/causaldata
1991-12-31,Alaska: poverty,11.8,rate,github.com/NickCH-K/causaldata
1992-12-31,Alaska: poverty,10.2,rate,github.com/NickCH-K/causaldata
1993-12-31,Alaska: poverty,9.1,rate,github.com/NickCH-K/causaldata
1994-12-31,Alaska: poverty,10.2,rate,github.com/NickCH-K/causaldata
1995-12-31,Alaska: poverty,7.1,rate,github.com/NickCH-K/causaldata
1996-12-31,Alaska: poverty,8.2,rate,github.com/NickCH-K/causaldata
1997-12-31,Alaska: poverty,8.8,rate,github.com/NickCH-K/causaldata
1998-12-31,Alaska: poverty,9.4,rate,github.com/NickCH-K/causaldata
1999-12-31,Alaska: poverty,7.6,rate,github.com/NickCH-K/causaldata
2000-12-31,Alaska: poverty,7.6,rate,github.com/NickCH-K/causaldata
1985-12-31,Alaska: ur,9.658333,rate,github.com/NickCH-K/causaldata
1986-12-31,Alaska: ur,11.025,rate,github.com/NickCH-K/causaldata
1987-12-31,Alaska: ur,10.166667,rate,github.com/NickCH-K/causaldata
1988-12-31,Alaska: ur,8.741667,rate,github.com/NickCH-K/causaldata
1989-12-31,Alaska: ur,6.9333334,rate,github.com/NickCH-K/causaldata
1990-12-31,Alaska: ur,7.0583334,rate,github.com/NickCH-K/causaldata
1991-12-31,Alaska: ur,8.266666,rate,github.com/NickCH-K/causaldata
1992-12-31,Alaska: ur,8.95,rate,github.com/NickCH-K/causaldata
1993-12-31,Alaska: ur,7.6666665,rate,github.com/NickCH-K/causaldata
1994-12-31,Alaska: ur,7.508333,rate,github.com/NickCH-K/causaldata
1995-12-31,Alaska: ur,7.0916667,rate,github.com/NickCH-K/causaldata
1996-12-31,Alaska: ur,7.4583335,rate,github.com/NickCH-K/causaldata
1997-12-31,Alaska: ur,7.05,rate,github.com/NickCH-K/causaldata
1998-12-31,Alaska: ur,6.116667,rate,github.com/NickCH-K/causaldata
1999-12-31,Alaska: ur,6.1583333,rate,github.com/NickCH-K/causaldata
2000-12-31,Alaska: ur,6.175,rate,github.com/NickCH-K/causaldata
1985-12-31,Alaska: wmprison,1238.0,persons,github.com/NickCH-K/causaldata
1986-12-31,Alaska: wmprison,1313.0,persons,github.com/NickCH-K/causaldata
1987-12-31,Alaska: wmprison,1348.0,persons,github.com/NickCH-K/causaldata
1988-12-31,Alaska: wmprison,1380.0,persons,github.com/NickCH-K/causaldata
1989-12-31,Alaska: wmprison,1420.0,persons,github.com/NickCH-K/causaldata
1990-12-31,Alaska: wmprison,1390.0,persons,github.com/NickCH-K/causaldata
1991-12-31,Alaska: wmprison,1414.0,persons,github.com/NickCH-K/causaldata
1992-12-31,Alaska: wmprison,1377.0,persons,github.com/NickCH-K/causaldata
1993-12-31,Alaska: wmprison,1325.0,persons,github.com/NickCH-K/causaldata
1994-12-31,Alaska: wmprison,1492.0,persons,github.com/NickCH-K/causaldata
1995-12-31,Alaska: wmprison,1630.0,persons,github.com/NickCH-K/causaldata
1996-12-31,Alaska: wmprison,1651.0,persons,github.com/NickCH-K/causaldata
1997-12-31,Alaska: wmprison,1743.0,persons,github.com/NickCH-K/causaldata
1998-12-31,Alaska: wmprison,1732.0,persons,github.com/NickCH-K/causaldata
1999-12-31,Alaska: wmprison,1698.0,persons,github.com/NickCH-K/causaldata
2000-12-31,Alaska: wmprison,1764.0,persons,github.com/NickCH-K/causaldata
1985-12-31,Arizona: aidscapita,1.3503745,"AIDS deaths per 100,000",github.com/NickCH-K/causaldata
1986-12-31,Arizona: aidscapita,2.9619017,"AIDS deaths per 100,000",github.com/NickCH-K/causaldata
1987-12-31,Arizona: aidscapita,4.0726786,"AIDS deaths per 100,000",github.com/NickCH-K/causaldata
1988-12-31,Arizona: aidscapita,5.9111333,"AIDS deaths per 100,000",github.com/NickCH-K/causaldata
1989-12-31,Arizona: aidscapita,6.819109,"AIDS deaths per 100,000",github.com/NickCH-K/causaldata
1990-12-31,Arizona: aidscapita,8.143108,"AIDS deaths per 100,000",github.com/NickCH-K/causaldata
1991-12-31,Arizona: aidscapita,8.631211,"AIDS deaths per 100,000",github.com/NickCH-K/causaldata
1992-12-31,Arizona: aidscapita,11.313315,"AIDS deaths per 100,000",github.com/NickCH-K/causaldata
1993-12-31,Arizona: aidscapita,12.224999,"AIDS deaths per 100,000",github.com/NickCH-K/causaldata
1994-12-31,Arizona: aidscapita,11.990326,"AIDS deaths per 100,000",github.com/NickCH-K/causaldata
1995-12-31,Arizona: aidscapita,12.272986,"AIDS deaths per 100,000",github.com/NickCH-K/causaldata
1996-12-31,Arizona: aidscapita,8.742211,"AIDS deaths per 100,000",github.com/NickCH-K/causaldata
1997-12-31,Arizona: aidscapita,4.4754157,"AIDS deaths per 100,000",github.com/NickCH-K/causaldata
1998-12-31,Arizona: aidscapita,3.6860003,"AIDS deaths per 100,000",github.com/NickCH-K/causaldata
1999-12-31,Arizona: aidscapita,3.5630236,"AIDS deaths per 100,000",github.com/NickCH-K/causaldata
2000-12-31,Arizona: aidscapita,2.4771914,"AIDS deaths per 100,000",github.com/NickCH-K/causaldata
1985-12-31,Arizona: alcohol,3.12,per capita,github.com/NickCH-K/causaldata
1986-12-31,Arizona: alcohol,3.14,per capita,github.com/NickCH-K/causaldata
1987-12-31,Arizona: alcohol,2.99,per capita,github.com/NickCH-K/causaldata
1988-12-31,Arizona: alcohol,2.94,per capita,github.com/NickCH-K/causaldata
1989-12-31,Arizona: alcohol,2.89,per capita,github.com/NickCH-K/causaldata
1990-12-31,Arizona: alcohol,2.77,per capita,github.com/NickCH-K/causaldata
1991-12-31,Arizona: alcohol,2.71,per capita,github.com/NickCH-K/causaldata
1992-12-31,Arizona: alcohol,2.69,per capita,github.com/NickCH-K/causaldata
1993-12-31,Arizona: alcohol,2.62,per capita,github.com/NickCH-K/causaldata
1994-12-31,Arizona: alcohol,2.5,per capita,github.com/NickCH-K/causaldata
1995-12-31,Arizona: alcohol,2.44,per capita,github.com/NickCH-K/causaldata
1996-12-31,Arizona: alcohol,2.58,per capita,github.com/NickCH-K/causaldata
1997-12-31,Arizona: alcohol,2.44,per capita,github.com/NickCH-K/causaldata
1998-12-31,Arizona: alcohol,2.44,per capita,github.com/NickCH-K/causaldata
1999-12-31,Arizona: alcohol,2.51,per capita,github.com/NickCH-K/causaldata
2000-12-31,Arizona: alcohol,2.5,per capita,github.com/NickCH-K/causaldata
1985-12-31,Arizona: black,3.5100439,percent of population,github.com/NickCH-K/causaldata
1986-12-31,Arizona: black,3.503285,percent of population,github.com/NickCH-K/causaldata
1987-12-31,Arizona: black,3.4939847,percent of population,github.com/NickCH-K/causaldata
1988-12-31,Arizona: black,3.4867585,percent of population,github.com/NickCH-K/causaldata
1989-12-31,Arizona: black,3.4798274,percent of population,github.com/NickCH-K/causaldata
1990-12-31,Arizona: black,3.8698525,percent of population,github.com/NickCH-K/causaldata
1991-12-31,Arizona: black,3.9716406,percent of population,github.com/NickCH-K/causaldata
1992-12-31,Arizona: black,4.031487,percent of population,github.com/NickCH-K/causaldata
1993-12-31,Arizona: black,4.069799,percent of population,github.com/NickCH-K/causaldata
1994-12-31,Arizona: black,4.1674285,percent of population,github.com/NickCH-K/causaldata
1995-12-31,Arizona: black,4.2598,percent of population,github.com/NickCH-K/causaldata
1996-12-31,Arizona: black,4.356447,percent of population,github.com/NickCH-K/causaldata
1997-12-31,Arizona: black,4.4364505,percent of population,github.com/NickCH-K/causaldata
1998-12-31,Arizona: black,4.5358176,percent of population,github.com/NickCH-K/causaldata
1999-12-31,Arizona: black,4.6258907,percent of population,github.com/NickCH-K/causaldata
2000-12-31,Arizona: black,4.745077,percent of population,github.com/NickCH-K/causaldata
1985-12-31,Arizona: bmprison,1297.0,persons,github.com/NickCH-K/causaldata
1986-12-31,Arizona: bmprison,1452.0,persons,github.com/NickCH-K/causaldata
1987-12-31,Arizona: bmprison,1675.0,persons,github.com/NickCH-K/causaldata
1988-12-31,Arizona: bmprison,1775.0,persons,github.com/NickCH-K/causaldata
1989-12-31,Arizona: bmprison,2033.0,persons,github.com/NickCH-K/causaldata
1990-12-31,Arizona: bmprison,2283.0,persons,github.com/NickCH-K/causaldata
1991-12-31,Arizona: bmprison,2432.0,persons,github.com/NickCH-K/causaldata
1992-12-31,Arizona: bmprison,2654.0,persons,github.com/NickCH-K/causaldata
1993-12-31,Arizona: bmprison,2865.0,persons,github.com/NickCH-K/causaldata
1994-12-31,Arizona: bmprison,3085.0,persons,github.com/NickCH-K/causaldata
1995-12-31,Arizona: bmprison,3142.0,persons,github.com/NickCH-K/causaldata
1996-12-31,Arizona: bmprison,3172.0,persons,github.com/NickCH-K/causaldata
1997-12-31,Arizona: bmprison,3255.0,persons,github.com/NickCH-K/causaldata
1998-12-31,Arizona: bmprison,3444.0,persons,github.com/NickCH-K/causaldata
1999-12-31,Arizona: bmprison,3539.0,persons,github.com/NickCH-K/causaldata
2000-12-31,Arizona: bmprison,3544.0,persons,github.com/NickCH-K/causaldata
1985-12-31,Arizona: income,13769.0,median income,github.com/NickCH-K/causaldata
1986-12-31,Arizona: income,14427.0,median income,github.com/NickCH-K/causaldata
1987-12-31,Arizona: income,14985.0,median income,github.com/NickCH-K/causaldata
1988-12-31,Arizona: income,15627.0,median income,github.com/NickCH-K/causaldata
1989-12-31,Arizona: income,16403.0,median income,github.com/NickCH-K/causaldata
1990-12-31,Arizona: income,17005.0,median income,github.com/NickCH-K/causaldata
1991-12-31,Arizona: income,17260.0,median income,github.com/NickCH-K/causaldata
1992-12-31,Arizona: income,17777.0,median income,github.com/NickCH-K/causaldata
1993-12-31,Arizona: income,18293.0,median income,github.com/NickCH-K/causaldata
1994-12-31,Arizona: income,19212.0,median income,github.com/NickCH-K/causaldata
1995-12-31,Arizona: income,19929.0,median income,github.com/NickCH-K/causaldata
1996-12-31,Arizona: income,20823.0,median income,github.com/NickCH-K/causaldata
1997-12-31,Arizona: income,21861.0,median income,github.com/NickCH-K/causaldata
1998-12-31,Arizona: income,23216.0,median income,github.com/NickCH-K/causaldata
1999-12-31,Arizona: income,24057.0,median income,github.com/NickCH-K/causaldata
2000-12-31,Arizona: income,25660.0,median income,github.com/NickCH-K/causaldata
1985-12-31,Arizona: perc1519,7.7164164,percent of population,github.com/NickCH-K/causaldata
1986-12-31,Arizona: perc1519,7.6993732,percent of population,github.com/NickCH-K/causaldata
1987-12-31,Arizona: perc1519,7.6082,percent of population,github.com/NickCH-K/causaldata
1988-12-31,Arizona: perc1519,7.485192,percent of population,github.com/NickCH-K/causaldata
1989-12-31,Arizona: perc1519,7.304398,percent of population,github.com/NickCH-K/causaldata
1990-12-31,Arizona: perc1519,7.1105075,percent of population,github.com/NickCH-K/causaldata
1991-12-31,Arizona: perc1519,6.7880387,percent of population,github.com/NickCH-K/causaldata
1992-12-31,Arizona: perc1519,6.678227,percent of population,github.com/NickCH-K/causaldata
1993-12-31,Arizona: perc1519,6.6825485,percent of population,github.com/NickCH-K/causaldata
1994-12-31,Arizona: perc1519,6.7246175,percent of population,github.com/NickCH-K/causaldata
1995-12-31,Arizona: perc1519,6.8330526,percent of population,github.com/NickCH-K/causaldata
1996-12-31,Arizona: perc1519,6.9587784,percent of population,github.com/NickCH-K/causaldata
1997-12-31,Arizona: perc1519,7.039048,percent of population,github.com/NickCH-K/causaldata
1998-12-31,Arizona: perc1519,7.1380215,percent of population,github.com/NickCH-K/causaldata
1999-12-31,Arizona: perc1519,7.162593,percent of population,github.com/NickCH-K/causaldata
2000-12-31,Arizona: perc1519,7.1785913,percent of population,github.com/NickCH-K/causaldata
1985-12-31,Arizona: poverty,10.7,rate,github.com/NickCH-K/causaldata
1986-12-31,Arizona: poverty,14.3,rate,github.com/NickCH-K/causaldata
1987-12-31,Arizona: poverty,12.8,rate,github.com/NickCH-K/causaldata
1988-12-31,Arizona: poverty,14.1,rate,github.com/NickCH-K/causaldata
1989-12-31,Arizona: poverty,14.1,rate,github.com/NickCH-K/causaldata
1990-12-31,Arizona: poverty,13.7,rate,github.com/NickCH-K/causaldata
1991-12-31,Arizona: poverty,14.8,rate,github.com/NickCH-K/causaldata
1992-12-31,Arizona: poverty,15.8,rate,github.com/NickCH-K/causaldata
1993-12-31,Arizona: poverty,15.4,rate,github.com/NickCH-K/causaldata
1994-12-31,Arizona: poverty,15.9,rate,github.com/NickCH-K/causaldata
1995-12-31,Arizona: poverty,16.1,rate,github.com/NickCH-K/causaldata
1996-12-31,Arizona: poverty,20.5,rate,github.com/NickCH-K/causaldata
1997-12-31,Arizona: poverty,17.2,rate,github.com/NickCH-K/causaldata
1998-12-31,Arizona: poverty,16.6,rate,github.com/NickCH-K/causaldata
1999-12-31,Arizona: poverty,12.2,rate,github.com/NickCH-K/causaldata
2000-12-31,Arizona: poverty,11.7,rate,github.com/NickCH-K/causaldata
1985-12-31,Arizona: ur,6.3333335,rate,github.com/NickCH-K/causaldata
1986-12-31,Arizona: ur,6.8583336,rate,github.com/NickCH-K/causaldata
1987-12-31,Arizona: ur,6.45,rate,github.com/NickCH-K/causaldata
1988-12-31,Arizona: ur,6.3333335,rate,github.com/NickCH-K/causaldata
1989-12-31,Arizona: ur,5.266667,rate,github.com/NickCH-K/causaldata
1990-12-31,Arizona: ur,5.275,rate,github.com/NickCH-K/causaldata
1991-12-31,Arizona: ur,5.7333336,rate,github.com/NickCH-K/causaldata
1992-12-31,Arizona: ur,7.3916664,rate,github.com/NickCH-K/causaldata
1993-12-31,Arizona: ur,6.383333,rate,github.com/NickCH-K/causaldata
1994-12-31,Arizona: ur,6.133333,rate,github.com/NickCH-K/causaldata
1995-12-31,Arizona: ur,5.35,rate,github.com/NickCH-K/causaldata
1996-12-31,Arizona: ur,5.55,rate,github.com/NickCH-K/causaldata
1997-12-31,Arizona: ur,4.5916667,rate,github.com/NickCH-K/causaldata
1998-12-31,Arizona: ur,4.3416667,rate,github.com/NickCH-K/causaldata
1999-12-31,Arizona: ur,4.508333,rate,github.com/NickCH-K/causaldata
2000-12-31,Arizona: ur,4.008333,rate,github.com/NickCH-K/causaldata
1985-12-31,Arizona: wmprison,6499.0,persons,github.com/NickCH-K/causaldata
1986-12-31,Arizona: wmprison,7148.0,persons,github.com/NickCH-K/causaldata
1987-12-31,Arizona: wmprison,8260.0,persons,github.com/NickCH-K/causaldata
1988-12-31,Arizona: wmprison,9199.0,persons,github.com/NickCH-K/causaldata
1989-12-31,Arizona: wmprison,10036.0,persons,github.com/NickCH-K/causaldata
1990-12-31,Arizona: wmprison,10702.0,persons,github.com/NickCH-K/causaldata
1991-12-31,Arizona: wmprison,11569.0,persons,github.com/NickCH-K/causaldata
1992-12-31,Arizona: wmprison,12144.0,persons,github.com/NickCH-K/causaldata
1993-12-31,Arizona: wmprison,13164.0,persons,github.com/NickCH-K/causaldata
1994-12-31,Arizona: wmprison,14503.0,persons,github.com/NickCH-K/causaldata
1995-12-31,Arizona: wmprison,15793.0,persons,github.com/NickCH-K/causaldata
1996-12-31,Arizona: wmprison,16682.0,persons,github.com/NickCH-K/causaldata
1997-12-31,Arizona: wmprison,17490.0,persons,github.com/NickCH-K/causaldata
1998-12-31,Arizona: wmprison,18752.0,persons,github.com/NickCH-K/causaldata
1999-12-31,Arizona: wmprison,10854.0,persons,github.com/NickCH-K/causaldata
2000-12-31,Arizona: wmprison,10893.0,persons,github.com/NickCH-K/causaldata
1985-12-31,Arkansas: aidscapita,0.3436981,"AIDS deaths per 100,000",github.com/NickCH-K/causaldata
1986-12-31,Arkansas: aidscapita,1.0290227,"AIDS deaths per 100,000",github.com/NickCH-K/causaldata
1987-12-31,Arkansas: aidscapita,1.6220635,"AIDS deaths per 100,000",github.com/NickCH-K/causaldata
1988-12-31,Arkansas: aidscapita,2.731493,"AIDS deaths per 100,000",github.com/NickCH-K/causaldata
1989-12-31,Arkansas: aidscapita,3.6651986,"AIDS deaths per 100,000",github.com/NickCH-K/causaldata
1990-12-31,Arkansas: aidscapita,3.18257,"AIDS deaths per 100,000",github.com/NickCH-K/causaldata
1991-12-31,Arkansas: aidscapita,4.6157513,"AIDS deaths per 100,000",github.com/NickCH-K/causaldata
1992-12-31,Arkansas: aidscapita,4.6357923,"AIDS deaths per 100,000",github.com/NickCH-K/causaldata
1993-12-31,Arkansas: aidscapita,5.8624687,"AIDS deaths per 100,000",github.com/NickCH-K/causaldata
1994-12-31,Arkansas: aidscapita,7.3776503,"AIDS deaths per 100,000",github.com/NickCH-K/causaldata
1995-12-31,Arkansas: aidscapita,7.3361235,"AIDS deaths per 100,000",github.com/NickCH-K/causaldata
1996-12-31,Arkansas: aidscapita,5.9095473,"AIDS deaths per 100,000",github.com/NickCH-K/causaldata
1997-12-31,Arkansas: aidscapita,2.8834066,"AIDS deaths per 100,000",github.com/NickCH-K/causaldata
1998-12-31,Arkansas: aidscapita,2.4368987,"AIDS deaths per 100,000",github.com/NickCH-K/causaldata
1999-12-31,Arkansas: aidscapita,2.3002722,"AIDS deaths per 100,000",github.com/NickCH-K/causaldata
2000-12-31,Arkansas: aidscapita,1.7172714,"AIDS deaths per 100,000",github.com/NickCH-K/causaldata
1985-12-31,Arkansas: alcohol,1.75,per capita,github.com/NickCH-K/causaldata
1986-12-31,Arkansas: alcohol,1.63,per capita,github.com/NickCH-K/causaldata
1987-12-31,Arkansas: alcohol,1.71,per capita,github.com/NickCH-K/causaldata
1988-12-31,Arkansas: alcohol,1.74,per capita,github.com/NickCH-K/causaldata
1989-12-31,Arkansas: alcohol,1.78,per capita,github.com/NickCH-K/causaldata
1990-12-31,Arkansas: alcohol,1.86,per capita,github.com/NickCH-K/causaldata
1991-12-31,Arkansas: alcohol,1.81,per capita,github.com/NickCH-K/causaldata
1992-12-31,Arkansas: alcohol,1.9,per capita,github.com/NickCH-K/causaldata
1993-12-31,Arkansas: alcohol,1.79,per capita,github.com/NickCH-K/causaldata
1994-12-31,Arkansas: alcohol,1.65,per capita,github.com/NickCH-K/causaldata
1995-12-31,Arkansas: alcohol,1.7,per capita,github.com/NickCH-K/causaldata
1996-12-31,Arkansas: alcohol,1.75,per capita,github.com/NickCH-K/causaldata
1997-12-31,Arkansas: alcohol,1.71,per capita,github.com/NickCH-K/causaldata
1998-12-31,Arkansas: alcohol,1.73,per capita,github.com/NickCH-K/causaldata
1999-12-31,Arkansas: alcohol,1.75,per capita,github.com/NickCH-K/causaldata
2000-12-31,Arkansas: alcohol,1.74,per capita,github.com/NickCH-K/causaldata
1985-12-31,Arkansas: black,16.356998,percent of population,github.com/NickCH-K/causaldata
1986-12-31,Arkansas: black,16.32884,percent of population,github.com/NickCH-K/causaldata
1987-12-31,Arkansas: black,16.290709,percent of population,github.com/NickCH-K/causaldata
1988-12-31,Arkansas: black,16.260614,percent of population,github.com/NickCH-K/causaldata
1989-12-31,Arkansas: black,16.232267,percent of population,github.com/NickCH-K/causaldata
1990-12-31,Arkansas: black,16.173077,percent of population,github.com/NickCH-K/causaldata
1991-12-31,Arkansas: black,16.21316,percent of population,github.com/NickCH-K/causaldata
1992-12-31,Arkansas: black,16.28474,percent of population,github.com/NickCH-K/causaldata
1993-12-31,Arkansas: black,16.338202,percent of population,github.com/NickCH-K/causaldata
1994-12-31,Arkansas: black,16.312723,percent of population,github.com/NickCH-K/causaldata
1995-12-31,Arkansas: black,16.341269,percent of population,github.com/NickCH-K/causaldata
1996-12-31,Arkansas: black,16.44394,percent of population,github.com/NickCH-K/causaldata
1997-12-31,Arkansas: black,16.501972,percent of population,github.com/NickCH-K/causaldata
1998-12-31,Arkansas: black,16.577486,percent of population,github.com/NickCH-K/causaldata
1999-12-31,Arkansas: black,16.623539,percent of population,github.com/NickCH-K/causaldata
2000-12-31,Arkansas: black,16.631834,percent of population,github.com/NickCH-K/causaldata
1985-12-31,Arkansas: bmprison,2153.0,persons,github.com/NickCH-K/causaldata
1986-12-31,Arkansas: bmprison,2238.0,persons,github.com/NickCH-K/causaldata
1987-12-31,Arkansas: bmprison,2536.0,persons,github.com/NickCH-K/causaldata
1988-12-31,Arkansas: bmprison,2646.0,persons,github.com/NickCH-K/causaldata
1989-12-31,Arkansas: bmprison,3126.0,persons,github.com/NickCH-K/causaldata
1990-12-31,Arkansas: bmprison,3648.5,persons,github.com/NickCH-K/causaldata
1991-12-31,Arkansas: bmprison,4171.0,persons,github.com/NickCH-K/causaldata
1992-12-31,Arkansas: bmprison,4449.0,persons,github.com/NickCH-K/causaldata
1993-12-31,Arkansas: bmprison,4642.0,persons,github.com/NickCH-K/causaldata
1994-12-31,Arkansas: bmprison,4612.0,persons,github.com/NickCH-K/causaldata
1995-12-31,Arkansas: bmprison,4841.0,persons,github.com/NickCH-K/causaldata
1996-12-31,Arkansas: bmprison,4873.0,persons,github.com/NickCH-K/causaldata
1997-12-31,Arkansas: bmprison,5222.0,persons,github.com/NickCH-K/causaldata
1998-12-31,Arkansas: bmprison,5421.0,persons,github.com/NickCH-K/causaldata
1999-12-31,Arkansas: bmprison,4839.0,persons,github.com/NickCH-K/causaldata
2000-12-31,Arkansas: bmprison,5772.0,persons,github.com/NickCH-K/causaldata
1985-12-31,Arkansas: income,11260.0,median income,github.com/NickCH-K/causaldata
1986-12-31,Arkansas: income,11710.0,median income,github.com/NickCH-K/causaldata
1987-12-31,Arkansas: income,12085.0,median income,github.com/NickCH-K/causaldata
1988-12-31,Arkansas: income,12901.0,median income,github.com/NickCH-K/causaldata
1989-12-31,Arkansas: income,13781.0,median income,github.com/NickCH-K/causaldata
1990-12-31,Arkansas: income,14460.0,median income,github.com/NickCH-K/causaldata
1991-12-31,Arkansas: income,15124.0,median income,github.com/NickCH-K/causaldata
1992-12-31,Arkansas: income,16209.0,median income,github.com/NickCH-K/causaldata
1993-12-31,Arkansas: income,16619.0,median income,github.com/NickCH-K/causaldata
1994-12-31,Arkansas: income,17350.0,median income,github.com/NickCH-K/causaldata
1995-12-31,Arkansas: income,18076.0,median income,github.com/NickCH-K/causaldata
1996-12-31,Arkansas: income,18926.0,median income,github.com/NickCH-K/causaldata
1997-12-31,Arkansas: income,19590.0,median income,github.com/NickCH-K/causaldata
1998-12-31,Arkansas: income,20489.0,median income,github.com/NickCH-K/causaldata
1999-12-31,Arkansas: income,21137.0,median income,github.com/NickCH-K/causaldata
2000-12-31,Arkansas: income,21925.0,median income,github.com/NickCH-K/causaldata
1985-12-31,Arkansas: perc1519,8.16326,percent of population,github.com/NickCH-K/causaldata
1986-12-31,Arkansas: perc1519,8.175586,percent of population,github.com/NickCH-K/causaldata
1987-12-31,Arkansas: perc1519,8.097042,percent of population,github.com/NickCH-K/causaldata
1988-12-31,Arkansas: perc1519,7.9778376,percent of population,github.com/NickCH-K/causaldata
1989-12-31,Arkansas: perc1519,7.7865868,percent of population,github.com/NickCH-K/causaldata
1990-12-31,Arkansas: perc1519,7.611859,percent of population,github.com/NickCH-K/causaldata
1991-12-31,Arkansas: perc1519,7.460355,percent of population,github.com/NickCH-K/causaldata
1992-12-31,Arkansas: perc1519,7.4477315,percent of population,github.com/NickCH-K/causaldata
1993-12-31,Arkansas: perc1519,7.452053,percent of population,github.com/NickCH-K/causaldata
1994-12-31,Arkansas: perc1519,7.4889965,percent of population,github.com/NickCH-K/causaldata
1995-12-31,Arkansas: perc1519,7.5677633,percent of population,github.com/NickCH-K/causaldata
1996-12-31,Arkansas: perc1519,7.6459045,percent of population,github.com/NickCH-K/causaldata
1997-12-31,Arkansas: perc1519,7.638605,percent of population,github.com/NickCH-K/causaldata
1998-12-31,Arkansas: perc1519,7.6328235,percent of population,github.com/NickCH-K/causaldata
1999-12-31,Arkansas: perc1519,7.546477,percent of population,github.com/NickCH-K/causaldata
2000-12-31,Arkansas: perc1519,7.399349,percent of population,github.com/NickCH-K/causaldata
1985-12-31,Arkansas: poverty,22.9,rate,github.com/NickCH-K/causaldata
1986-12-31,Arkansas: poverty,21.3,rate,github.com/NickCH-K/causaldata
1987-12-31,Arkansas: poverty,21.8,rate,github.com/NickCH-K/causaldata
1988-12-31,Arkansas: poverty,21.6,rate,github.com/NickCH-K/causaldata
1989-12-31,Arkansas: poverty,18.3,rate,github.com/NickCH-K/causaldata
1990-12-31,Arkansas: poverty,19.6,rate,github.com/NickCH-K/causaldata
1991-12-31,Arkansas: poverty,17.3,rate,github.com/NickCH-K/causaldata
1992-12-31,Arkansas: poverty,17.5,rate,github.com/NickCH-K/causaldata
1993-12-31,Arkansas: poverty,20.0,rate,github.com/NickCH-K/causaldata
1994-12-31,Arkansas: poverty,15.3,rate,github.com/NickCH-K/causaldata
1995-12-31,Arkansas: poverty,14.9,rate,github.com/NickCH-K/causaldata
1996-12-31,Arkansas: poverty,17.2,rate,github.com/NickCH-K/causaldata
1997-12-31,Arkansas: poverty,19.7,rate,github.com/NickCH-K/causaldata
1998-12-31,Arkansas: poverty,14.7,rate,github.com/NickCH-K/causaldata
1999-12-31,Arkansas: poverty,14.7,rate,github.com/NickCH-K/causaldata
2000-12-31,Arkansas: poverty,16.5,rate,github.com/NickCH-K/causaldata
1985-12-31,Arkansas: ur,8.516666,rate,github.com/NickCH-K/causaldata
1986-12-31,Arkansas: ur,8.516666,rate,github.com/NickCH-K/causaldata
1987-12-31,Arkansas: ur,8.15,rate,github.com/NickCH-K/causaldata
1988-12-31,Arkansas: ur,7.675,rate,github.com/NickCH-K/causaldata
1989-12-31,Arkansas: ur,7.008333,rate,github.com/NickCH-K/causaldata
1990-12-31,Arkansas: ur,6.75,rate,github.com/NickCH-K/causaldata
1991-12-31,Arkansas: ur,7.2083335,rate,github.com/NickCH-K/causaldata
1992-12-31,Arkansas: ur,7.125,rate,github.com/NickCH-K/causaldata
1993-12-31,Arkansas: ur,6.133333,rate,github.com/NickCH-K/causaldata
1994-12-31,Arkansas: ur,5.35,rate,github.com/NickCH-K/causaldata
1995-12-31,Arkansas: ur,4.7916665,rate,github.com/NickCH-K/causaldata
1996-12-31,Arkansas: ur,5.15,rate,github.com/NickCH-K/causaldata
1997-12-31,Arkansas: ur,5.0916667,rate,github.com/NickCH-K/causaldata
1998-12-31,Arkansas: ur,5.016667,rate,github.com/NickCH-K/causaldata
1999-12-31,Arkansas: ur,4.4416666,rate,github.com/NickCH-K/causaldata
2000-12-31,Arkansas: ur,4.2083335,rate,github.com/NickCH-K/causaldata
1985-12-31,Arkansas: wmprison,2241.0,persons,github.com/NickCH-K/causaldata
1986-12-31,Arkansas: wmprison,2237.0,persons,github.com/NickCH-K/causaldata
1987-12-31,Arkansas: wmprison,2634.0,persons,github.com/NickCH-K/causaldata
1988-12-31,Arkansas: wmprison,2547.0,persons,github.com/NickCH-K/causaldata
1989-12-31,Arkansas: wmprison,2877.0,persons,github.com/NickCH-K/causaldata
1990-12-31,Arkansas: wmprison,3396.0,persons,github.com/NickCH-K/causaldata
1991-12-31,Arkansas: wmprison,3134.0,persons,github.com/NickCH-K/causaldata
1992-12-31,Arkansas: wmprison,3344.0,persons,github.com/NickCH-K/causaldata
1993-12-31,Arkansas: wmprison,3444.0,persons,github.com/NickCH-K/causaldata
1994-12-31,Arkansas: wmprison,3421.0,persons,github.com/NickCH-K/causaldata
1995-12-31,Arkansas: wmprison,3994.0,persons,github.com/NickCH-K/causaldata
1996-12-31,Arkansas: wmprison,3898.0,persons,github.com/NickCH-K/causaldata
1997-12-31,Arkansas: wmprison,4160.0,persons,github.com/NickCH-K/causaldata
1998-12-31,Arkansas: wmprison,4452.0,persons,github.com/NickCH-K/causaldata
1999-12-31,Arkansas: wmprison,4885.5,persons,github.com/NickCH-K/causaldata
2000-12-31,Arkansas: wmprison,5319.0,persons,github.com/NickCH-K/causaldata
1985-12-31,California: aidscapita,5.6640778,"AIDS deaths per 100,000",github.com/NickCH-K/causaldata
1986-12-31,California: aidscapita,9.983185,"AIDS deaths per 100,000",github.com/NickCH-K/causaldata
1987-12-31,California: aidscapita,11.518715,"AIDS deaths per 100,000",github.com/NickCH-K/causaldata
1988-12-31,California: aidscapita,13.822357,"AIDS deaths per 100,000",github.com/NickCH-K/causaldata
1989-12-31,California: aidscapita,18.337824,"AIDS deaths per 100,000",github.com/NickCH-K/causaldata
1990-12-31,California: aidscapita,20.337444,"AIDS deaths per 100,000",github.com/NickCH-K/causaldata
1991-12-31,California: aidscapita,22.408386,"AIDS deaths per 100,000",github.com/NickCH-K/causaldata
1992-12-31,California: aidscapita,23.793642,"AIDS deaths per 100,000",github.com/NickCH-K/causaldata
1993-12-31,California: aidscapita,24.629953,"AIDS deaths per 100,000",github.com/NickCH-K/causaldata
1994-12-31,California: aidscapita,25.688883,"AIDS deaths per 100,000",github.com/NickCH-K/causaldata
1995-12-31,California: aidscapita,24.185574,"AIDS deaths per 100,000",github.com/NickCH-K/causaldata
1996-12-31,California: aidscapita,16.1811,"AIDS deaths per 100,000",github.com/NickCH-K/causaldata
1997-12-31,California: aidscapita,8.009602,"AIDS deaths per 100,000",github.com/NickCH-K/causaldata
1998-12-31,California: aidscapita,6.744943,"AIDS deaths per 100,000",github.com/NickCH-K/causaldata
1999-12-31,California: aidscapita,6.194177,"AIDS deaths per 100,000",github.com/NickCH-K/causaldata
2000-12-31,California: aidscapita,5.195473,"AIDS deaths per 100,000",github.com/NickCH-K/causaldata
1985-12-31,California: alcohol,3.12,per capita,github.com/NickCH-K/causaldata
1986-12-31,California: alcohol,3.11,per capita,github.com/NickCH-K/causaldata
1987-12-31,California: alcohol,3.03,per capita,github.com/NickCH-K/causaldata
1988-12-31,California: alcohol,2.9,per capita,github.com/NickCH-K/causaldata
1989-12-31,California: alcohol,2.79,per capita,github.com/NickCH-K/causaldata
1990-12-31,California: alcohol,2.78,per capita,github.com/NickCH-K/causaldata
1991-12-31,California: alcohol,2.46,per capita,github.com/NickCH-K/causaldata
1992-12-31,California: alcohol,2.54,per capita,github.com/NickCH-K/causaldata
1993-12-31,California: alcohol,2.35,per capita,github.com/NickCH-K/causaldata
1994-12-31,California: alcohol,2.24,per capita,github.com/NickCH-K/causaldata
1995-12-31,California: alcohol,2.23,per capita,github.com/NickCH-K/causaldata
1996-12-31,California: alcohol,2.24,per capita,github.com/NickCH-K/causaldata
1997-12-31,California: alcohol,2.24,per capita,github.com/NickCH-K/causaldata
1998-12-31,California: alcohol,2.17,per capita,github.com/NickCH-K/causaldata
1999-12-31,California: alcohol,2.18,per capita,github.com/NickCH-K/causaldata
2000-12-31,California: alcohol,2.19,per capita,github.com/NickCH-K/causaldata
1985-12-31,California: black,10.874739,percent of population,github.com/NickCH-K/causaldata
1986-12-31,California: black,10.868618,percent of population,github.com/NickCH-K/causaldata
1987-12-31,California: black,10.856063,percent of population,github.com/NickCH-K/causaldata
1988-12-31,California: black,10.849557,percent of population,github.com/NickCH-K/causaldata
1989-12-31,California: black,10.843377,percent of population,github.com/NickCH-K/causaldata
1990-12-31,California: black,11.1023655,percent of population,github.com/NickCH-K/causaldata
1991-12-31,California: black,11.268958,percent of population,github.com/NickCH-K/causaldata
1992-12-31,California: black,11.423231,percent of population,github.com/NickCH-K/causaldata
1993-12-31,California: black,11.583383,percent of population,github.com/NickCH-K/causaldata
1994-12-31,California: black,11.737287,percent of population,github.com/NickCH-K/causaldata
1995-12-31,California: black,11.88276,percent of population,github.com/NickCH-K/causaldata
1996-12-31,California: black,12.028435,percent of population,github.com/NickCH-K/causaldata
1997-12-31,California: black,12.139122,percent of population,github.com/NickCH-K/causaldata
1998-12-31,California: black,12.244769,percent of population,github.com/NickCH-K/causaldata
1999-12-31,California: black,12.362754,percent of population,github.com/NickCH-K/causaldata
2000-12-31,California: black,12.446319,percent of population,github.com/NickCH-K/causaldata
1985-12-31,California: bmprison,16138.0,persons,github.com/NickCH-K/causaldata
1986-12-31,California: bmprison,19549.0,persons,github.com/NickCH-K/causaldata
1987-12-31,California: bmprison,22184.0,persons,github.com/NickCH-K/causaldata
1988-12-31,California: bmprison,26438.0,persons,github.com/NickCH-K/causaldata
1989-12-31,California: bmprison,30066.0,persons,github.com/NickCH-K/causaldata
1990-12-31,California: bmprison,32190.0,persons,github.com/NickCH-K/causaldata
1991-12-31,California: bmprison,32981.0,persons,github.com/NickCH-K/causaldata
1992-12-31,California: bmprison,34279.0,persons,github.com/NickCH-K/causaldata
1993-12-31,California: bmprison,36461.0,persons,github.com/NickCH-K/causaldata
1994-12-31,California: bmprison,37472.0,persons,github.com/NickCH-K/causaldata
1995-12-31,California: bmprison,39399.0,persons,github.com/NickCH-K/causaldata
1996-12-31,California: bmprison,42300.0,persons,github.com/NickCH-K/causaldata
1997-12-31,California: bmprison,44682.0,persons,github.com/NickCH-K/causaldata
1998-12-31,California: bmprison,46235.0,persons,github.com/NickCH-K/causaldata
1999-12-31,California: bmprison,46578.0,persons,github.com/NickCH-K/causaldata
2000-12-31,California: bmprison,46243.0,persons,github.com/NickCH-K/causaldata
1985-12-31,California: income,16956.0,median income,github.com/NickCH-K/causaldata
1986-12-31,California: income,17668.0,median income,github.com/NickCH-K/causaldata
1987-12-31,California: income,18549.0,median income,github.com/NickCH-K/causaldata
1988-12-31,California: income,19599.0,median income,github.com/NickCH-K/causaldata
1989-12-31,California: income,20585.0,median income,github.com/NickCH-K/causaldata
1990-12-31,California: income,21638.0,median income,github.com/NickCH-K/causaldata
1991-12-31,California: income,21750.0,median income,github.com/NickCH-K/causaldata
1992-12-31,California: income,22492.0,median income,github.com/NickCH-K/causaldata
1993-12-31,California: income,22635.0,median income,github.com/NickCH-K/causaldata
1994-12-31,California: income,23203.0,median income,github.com/NickCH-K/causaldata
1995-12-31,California: income,24161.0,median income,github.com/NickCH-K/causaldata
1996-12-31,California: income,25312.0,median income,github.com/NickCH-K/causaldata
1997-12-31,California: income,26490.0,median income,github.com/NickCH-K/causaldata
1998-12-31,California: income,28374.0,median income,github.com/NickCH-K/causaldata
1999-12-31,California: income,29828.0,median income,github.com/NickCH-K/causaldata
2000-12-31,California: income,32463.0,median income,github.com/NickCH-K/causaldata
1985-12-31,California: perc1519,7.5497737,percent of population,github.com/NickCH-K/causaldata
1986-12-31,California: perc1519,7.532254,percent of population,github.com/NickCH-K/causaldata
1987-12-31,California: perc1519,7.443257,percent of population,github.com/NickCH-K/causaldata
1988-12-31,California: perc1519,7.3218203,percent of population,github.com/NickCH-K/causaldata
1989-12-31,California: perc1519,7.142572,percent of population,github.com/NickCH-K/causaldata
1990-12-31,California: perc1519,6.9386067,percent of population,github.com/NickCH-K/causaldata
1991-12-31,California: perc1519,6.6050425,percent of population,github.com/NickCH-K/causaldata
1992-12-31,California: perc1519,6.474586,percent of population,github.com/NickCH-K/causaldata
1993-12-31,California: perc1519,6.4243665,percent of population,github.com/NickCH-K/causaldata
1994-12-31,California: perc1519,6.484391,percent of population,github.com/NickCH-K/causaldata
1995-12-31,California: perc1519,6.599112,percent of population,github.com/NickCH-K/causaldata
1996-12-31,California: perc1519,6.7712865,percent of population,github.com/NickCH-K/causaldata
1997-12-31,California: perc1519,6.9181747,percent of population,github.com/NickCH-K/causaldata
1998-12-31,California: perc1519,7.0743175,percent of population,github.com/NickCH-K/causaldata
1999-12-31,California: perc1519,7.173654,percent of population,github.com/NickCH-K/causaldata
2000-12-31,California: perc1519,7.2266006,percent of population,github.com/NickCH-K/causaldata
1985-12-31,California: poverty,13.6,rate,github.com/NickCH-K/causaldata
1986-12-31,California: poverty,12.7,rate,github.com/NickCH-K/causaldata
1987-12-31,California: poverty,12.3,rate,github.com/NickCH-K/causaldata
1988-12-31,California: poverty,13.2,rate,github.com/NickCH-K/causaldata
1989-12-31,California: poverty,12.9,rate,github.com/NickCH-K/causaldata
1990-12-31,California: poverty,13.9,rate,github.com/NickCH-K/causaldata
1991-12-31,California: poverty,15.7,rate,github.com/NickCH-K/causaldata
1992-12-31,California: poverty,16.4,rate,github.com/NickCH-K/causaldata
1993-12-31,California: poverty,18.2,rate,github.com/NickCH-K/causaldata
1994-12-31,California: poverty,17.9,rate,github.com/NickCH-K/causaldata
1995-12-31,California: poverty,16.7,rate,github.com/NickCH-K/causaldata
1996-12-31,California: poverty,16.9,rate,github.com/NickCH-K/causaldata
1997-12-31,California: poverty,16.6,rate,github.com/NickCH-K/causaldata
1998-12-31,California: poverty,15.4,rate,github.com/NickCH-K/causaldata
1999-12-31,California: poverty,14.0,rate,github.com/NickCH-K/causaldata
2000-12-31,California: poverty,12.7,rate,github.com/NickCH-K/causaldata
1985-12-31,California: ur,7.2083335,rate,github.com/NickCH-K/causaldata
1986-12-31,California: ur,6.758333,rate,github.com/NickCH-K/causaldata
1987-12-31,California: ur,5.8416667,rate,github.com/NickCH-K/causaldata
1988-12-31,California: ur,5.3,rate,github.com/NickCH-K/causaldata
1989-12-31,California: ur,5.15,rate,github.com/NickCH-K/causaldata
1990-12-31,California: ur,5.7666664,rate,github.com/NickCH-K/causaldata
1991-12-31,California: ur,7.766667,rate,github.com/NickCH-K/causaldata
1992-12-31,California: ur,9.375,rate,github.com/NickCH-K/causaldata
1993-12-31,California: ur,9.541667,rate,github.com/NickCH-K/causaldata
1994-12-31,California: ur,8.633333,rate,github.com/NickCH-K/causaldata
1995-12-31,California: ur,7.875,rate,github.com/NickCH-K/causaldata
1996-12-31,California: ur,7.3416667,rate,github.com/NickCH-K/causaldata
1997-12-31,California: ur,6.4166665,rate,github.com/NickCH-K/causaldata
1998-12-31,California: ur,5.9666667,rate,github.com/NickCH-K/causaldata
1999-12-31,California: ur,5.25,rate,github.com/NickCH-K/causaldata
2000-12-31,California: ur,4.9333334,rate,github.com/NickCH-K/causaldata
1985-12-31,California: wmprison,29173.0,persons,github.com/NickCH-K/causaldata
1986-12-31,California: wmprison,34038.0,persons,github.com/NickCH-K/causaldata
1987-12-31,California: wmprison,37923.0,persons,github.com/NickCH-K/causaldata
1988-12-31,California: wmprison,41741.0,persons,github.com/NickCH-K/causaldata
1989-12-31,California: wmprison,47496.0,persons,github.com/NickCH-K/causaldata
1990-12-31,California: wmprison,54409.0,persons,github.com/NickCH-K/causaldata
1991-12-31,California: wmprison,57880.0,persons,github.com/NickCH-K/causaldata
1992-12-31,California: wmprison,63015.0,persons,github.com/NickCH-K/causaldata
1993-12-31,California: wmprison,71139.0,persons,github.com/NickCH-K/causaldata
1994-12-31,California: wmprison,74992.0,persons,github.com/NickCH-K/causaldata
1985-12-31,Colorado: aidscapita,1.7759427,"AIDS deaths per 100,000",github.com/NickCH-K/causaldata
1986-12-31,Colorado: aidscapita,3.489925,"AIDS deaths per 100,000",github.com/NickCH-K/causaldata
1987-12-31,Colorado: aidscapita,4.691857,"AIDS deaths per 100,000",github.com/NickCH-K/causaldata
1988-12-31,Colorado: aidscapita,5.670003,"AIDS deaths per 100,000",github.com/NickCH-K/causaldata
1989-12-31,Colorado: aidscapita,7.295774,"AIDS deaths per 100,000",github.com/NickCH-K/causaldata
1990-12-31,Colorado: aidscapita,9.704869,"AIDS deaths per 100,000",github.com/NickCH-K/causaldata
1991-12-31,Colorado: aidscapita,11.898017,"AIDS deaths per 100,000",github.com/NickCH-K/causaldata
1992-12-31,Colorado: aidscapita,11.842312,"AIDS deaths per 100,000",github.com/NickCH-K/causaldata
1993-12-31,Colorado: aidscapita,12.175772,"AIDS deaths per 100,000",github.com/NickCH-K/causaldata
1994-12-31,Colorado: aidscapita,12.700824,"AIDS deaths per 100,000",github.com/NickCH-K/causaldata
1995-12-31,Colorado: aidscapita,13.562766,"AIDS deaths per 100,000",github.com/NickCH-K/causaldata
1996-12-31,Colorado: aidscapita,7.576585,"AIDS deaths per 100,000",github.com/NickCH-K/causaldata
1997-12-31,Colorado: aidscapita,3.9569042,"AIDS deaths per 100,000",github.com/NickCH-K/causaldata
1998-12-31,Colorado: aidscapita,3.0607493,"AIDS deaths per 100,000",github.com/NickCH-K/causaldata
1999-12-31,Colorado: aidscapita,2.7922266,"AIDS deaths per 100,000",github.com/NickCH-K/causaldata
2000-12-31,Colorado: aidscapita,2.3574233,"AIDS deaths per 100,000",github.com/NickCH-K/causaldata
1985-12-31,Colorado: alcohol,3.15,per capita,github.com/NickCH-K/causaldata
1986-12-31,Colorado: alcohol,2.87,per capita,github.com/NickCH-K/causaldata
1987-12-31,Colorado: alcohol,2.8,per capita,github.com/NickCH-K/causaldata
1988-12-31,Colorado: alcohol,2.72,per capita,github.com/NickCH-K/causaldata
1989-12-31,Colorado: alcohol,2.6,per capita,github.com/NickCH-K/causaldata
1990-12-31,Colorado: alcohol,2.39,per capita,github.com/NickCH-K/causaldata
1991-12-31,Colorado: alcohol,2.61,per capita,github.com/NickCH-K/causaldata
1992-12-31,Colorado: alcohol,2.52,per capita,github.com/NickCH-K/causaldata
1993-12-31,Colorado: alcohol,2.63,per capita,github.com/NickCH-K/causaldata
1994-12-31,Colorado: alcohol,2.55,per capita,github.com/NickCH-K/causaldata
1995-12-31,Colorado: alcohol,2.47,per capita,github.com/NickCH-K/causaldata
1996-12-31,Colorado: alcohol,2.57,per capita,github.com/NickCH-K/causaldata
1997-12-31,Colorado: alcohol,2.48,per capita,github.com/NickCH-K/causaldata
1998-12-31,Colorado: alcohol,2.53,per capita,github.com/NickCH-K/causaldata
1999-12-31,Colorado: alcohol,2.45,per capita,github.com/NickCH-K/causaldata
2000-12-31,Colorado: alcohol,2.6,per capita,github.com/NickCH-K/causaldata
1985-12-31,Colorado: black,4.510971,percent of population,github.com/NickCH-K/causaldata
1986-12-31,Colorado: black,4.494842,percent of population,github.com/NickCH-K/causaldata
1987-12-31,Colorado: black,4.4746203,percent of population,github.com/NickCH-K/causaldata
1988-12-31,Colorado: black,4.4571905,percent of population,github.com/NickCH-K/causaldata
1989-12-31,Colorado: black,4.4402037,percent of population,github.com/NickCH-K/causaldata
1990-12-31,Colorado: black,4.6158686,percent of population,github.com/NickCH-K/causaldata
1991-12-31,Colorado: black,4.6926584,percent of population,github.com/NickCH-K/causaldata
1992-12-31,Colorado: black,4.740485,percent of population,github.com/NickCH-K/causaldata
1993-12-31,Colorado: black,4.7829986,percent of population,github.com/NickCH-K/causaldata
1994-12-31,Colorado: black,4.802063,percent of population,github.com/NickCH-K/causaldata
1995-12-31,Colorado: black,4.797534,percent of population,github.com/NickCH-K/causaldata
1996-12-31,Colorado: black,4.822409,percent of population,github.com/NickCH-K/causaldata
1997-12-31,Colorado: black,4.862424,percent of population,github.com/NickCH-K/causaldata
1998-12-31,Colorado: black,4.9495363,percent of population,github.com/NickCH-K/causaldata
1999-12-31,Colorado: black,5.0094194,percent of population,github.com/NickCH-K/causaldata
2000-12-31,Colorado: black,5.1044645,percent of population,github.com/NickCH-K/causaldata
1985-12-31,Colorado: bmprison,665.0,persons,github.com/NickCH-K/causaldata
1986-12-31,Colorado: bmprison,786.0,persons,github.com/NickCH-K/causaldata
1987-12-31,Colorado: bmprison,959.0,persons,github.com/NickCH-K/causaldata
1988-12-31,Colorado: bmprison,1229.0,persons,github.com/NickCH-K/causaldata
1989-12-31,Colorado: bmprison,1492.0,persons,github.com/NickCH-K/causaldata
1990-12-31,Colorado: bmprison,1525.0,persons,github.com/NickCH-K/causaldata
1991-12-31,Colorado: bmprison,1801.0,persons,github.com/NickCH-K/causaldata
1992-12-31,Colorado: bmprison,1912.0,persons,github.com/NickCH-K/causaldata
1993-12-31,Colorado: bmprison,2152.0,persons,github.com/NickCH-K/causaldata
1994-12-31,Colorado: bmprison,2364.0,persons,github.com/NickCH-K/causaldata
1995-12-31,Colorado: bmprison,2496.0,persons,github.com/NickCH-K/causaldata
1996-12-31,Colorado: bmprison,2747.0,persons,github.com/NickCH-K/causaldata
1997-12-31,Colorado: bmprison,3030.0,persons,github.com/NickCH-K/causaldata
1998-12-31,Colorado: bmprison,3059.0,persons,github.com/NickCH-K/causaldata
1999-12-31,Colorado: bmprison,3310.0,persons,github.com/NickCH-K/causaldata
2000-12-31,Colorado: bmprison,3586.0,persons,github.com/NickCH-K/causaldata
1985-12-31,Colorado: income,15438.0,median income,github.com/NickCH-K/causaldata
1986-12-31,Colorado: income,15786.0,median income,github.com/NickCH-K/causaldata
1987-12-31,Colorado: income,16275.0,median income,github.com/NickCH-K/causaldata
1988-12-31,Colorado: income,17130.0,median income,github.com/NickCH-K/causaldata
1989-12-31,Colorado: income,18515.0,median income,github.com/NickCH-K/causaldata
1990-12-31,Colorado: income,19575.0,median income,github.com/NickCH-K/causaldata
1991-12-31,Colorado: income,20160.0,median income,github.com/NickCH-K/causaldata
1992-12-31,Colorado: income,21109.0,median income,github.com/NickCH-K/causaldata
1993-12-31,Colorado: income,22054.0,median income,github.com/NickCH-K/causaldata
1994-12-31,Colorado: income,23004.0,median income,github.com/NickCH-K/causaldata
1995-12-31,Colorado: income,24226.0,median income,github.com/NickCH-K/causaldata
1996-12-31,Colorado: income,25570.0,median income,github.com/NickCH-K/causaldata
1997-12-31,Colorado: income,26846.0,median income,github.com/NickCH-K/causaldata
1998-12-31,Colorado: income,28784.0,median income,github.com/NickCH-K/causaldata
1999-12-31,Colorado: income,30492.0,median income,github.com/NickCH-K/causaldata
2000-12-31,Colorado: income,33371.0,median income,github.com/NickCH-K/causaldata
1985-12-31,Colorado: perc1519,7.648518,percent of population,github.com/NickCH-K/causaldata
1986-12-31,Colorado: perc1519,7.5978446,percent of population,github.com/NickCH-K/causaldata
1987-12-31,Colorado: perc1519,7.459378,percent of population,github.com/NickCH-K/causaldata
1988-12-31,Colorado: perc1519,7.2835016,percent of population,github.com/NickCH-K/causaldata
1989-12-31,Colorado: perc1519,7.0475955,percent of population,github.com/NickCH-K/causaldata
1990-12-31,Colorado: perc1519,6.8282976,percent of population,github.com/NickCH-K/causaldata
1991-12-31,Colorado: perc1519,6.5622435,percent of population,github.com/NickCH-K/causaldata
1992-12-31,Colorado: perc1519,6.49731,percent of population,github.com/NickCH-K/causaldata
1993-12-31,Colorado: perc1519,6.511575,percent of population,github.com/NickCH-K/causaldata
1994-12-31,Colorado: perc1519,6.59213,percent of population,github.com/NickCH-K/causaldata
1995-12-31,Colorado: perc1519,6.713543,percent of population,github.com/NickCH-K/causaldata
1996-12-31,Colorado: perc1519,6.8491817,percent of population,github.com/NickCH-K/causaldata
1997-12-31,Colorado: perc1519,6.985628,percent of population,github.com/NickCH-K/causaldata
1998-12-31,Colorado: perc1519,7.115975,percent of population,github.com/NickCH-K/causaldata
1999-12-31,Colorado: perc1519,7.1548443,percent of population,github.com/NickCH-K/causaldata
2000-12-31,Colorado: perc1519,7.154202,percent of population,github.com/NickCH-K/causaldata
1985-12-31,Colorado: poverty,10.2,rate,github.com/NickCH-K/causaldata
1986-12-31,Colorado: poverty,13.5,rate,github.com/NickCH-K/causaldata
1987-12-31,Colorado: poverty,12.5,rate,github.com/NickCH-K/causaldata
1988-12-31,Colorado: poverty,12.5,rate,github.com/NickCH-K/causaldata
1989-12-31,Colorado: poverty,12.1,rate,github.com/NickCH-K/causaldata
1990-12-31,Colorado: poverty,13.7,rate,github.com/NickCH-K/causaldata
1991-12-31,Colorado: poverty,10.4,rate,github.com/NickCH-K/causaldata
1992-12-31,Colorado: poverty,10.8,rate,github.com/NickCH-K/causaldata
1993-12-31,Colorado: poverty,9.9,rate,github.com/NickCH-K/causaldata
1994-12-31,Colorado: poverty,9.0,rate,github.com/NickCH-K/causaldata
1995-12-31,Colorado: poverty,8.8,rate,github.com/NickCH-K/causaldata
1996-12-31,Colorado: poverty,10.6,rate,github.com/NickCH-K/causaldata
1997-12-31,Colorado: poverty,8.2,rate,github.com/NickCH-K/causaldata
1998-12-31,Colorado: poverty,9.2,rate,github.com/NickCH-K/causaldata
1999-12-31,Colorado: poverty,8.5,rate,github.com/NickCH-K/causaldata
2000-12-31,Colorado: poverty,9.8,rate,github.com/NickCH-K/causaldata
1985-12-31,Colorado: ur,6.008333,rate,github.com/NickCH-K/causaldata
1986-12-31,Colorado: ur,7.516667,rate,github.com/NickCH-K/causaldata
1987-12-31,Colorado: ur,7.4666667,rate,github.com/NickCH-K/causaldata
1988-12-31,Colorado: ur,6.4083333,rate,github.com/NickCH-K/causaldata
1989-12-31,Colorado: ur,5.616667,rate,github.com/NickCH-K/causaldata
1990-12-31,Colorado: ur,5.1416664,rate,github.com/NickCH-K/causaldata
1991-12-31,Colorado: ur,5.45,rate,github.com/NickCH-K/causaldata
1992-12-31,Colorado: ur,6.008333,rate,github.com/NickCH-K/causaldata
1993-12-31,Colorado: ur,5.2999997,rate,github.com/NickCH-K/causaldata
1994-12-31,Colorado: ur,4.2916665,rate,github.com/NickCH-K/causaldata
1995-12-31,Colorado: ur,4.016667,rate,github.com/NickCH-K/causaldata
1996-12-31,Colorado: ur,4.2166667,rate,github.com/NickCH-K/causaldata
1997-12-31,Colorado: ur,3.4,rate,github.com/NickCH-K/causaldata
1998-12-31,Colorado: ur,3.5166667,rate,github.com/NickCH-K/causaldata
1999-12-31,Colorado: ur,3.0416667,rate,github.com/NickCH-K/causaldata
2000-12-31,Colorado: ur,2.7416668,rate,github.com/NickCH-K/causaldata
1985-12-31,Colorado: wmprison,2534.0,persons,github.com/NickCH-K/causaldata
1986-12-31,Colorado: wmprison,2796.0,persons,github.com/NickCH-K/causaldata
1987-12-31,Colorado: wmprison,3465.0,persons,github.com/NickCH-K/causaldata
1988-12-31,Colorado: wmprison,4138.0,persons,github.com/NickCH-K/causaldata
1989-12-31,Colorado: wmprison,4779.0,persons,github.com/NickCH-K/causaldata
1990-12-31,Colorado: wmprison,4807.0,persons,github.com/NickCH-K/causaldata
1991-12-31,Colorado: wmprison,5699.0,persons,github.com/NickCH-K/causaldata
1992-12-31,Colorado: wmprison,6012.0,persons,github.com/NickCH-K/causaldata
1993-12-31,Colorado: wmprison,6469.0,persons,github.com/NickCH-K/causaldata
1994-12-31,Colorado: wmprison,7052.0,persons,github.com/NickCH-K/causaldata
1995-12-31,Colorado: wmprison,7451.0,persons,github.com/NickCH-K/causaldata
1996-12-31,Colorado: wmprison,8137.0,persons,github.com/NickCH-K/causaldata
1997-12-31,Colorado: wmprison,8978.0,persons,github.com/NickCH-K/causaldata
1998-12-31,Colorado: wmprison,9770.0,persons,github.com/NickCH-K/causaldata
1999-12-31,Colorado: wmprison,10725.0,persons,github.com/NickCH-K/causaldata
1985-12-31,Connecticut: aidscapita,2.6859195,"AIDS deaths per 100,000",github.com/NickCH-K/causaldata
1986-12-31,Connecticut: aidscapita,4.5283546,"AIDS deaths per 100,000",github.com/NickCH-K/causaldata
1987-12-31,Connecticut: aidscapita,6.0349956,"AIDS deaths per 100,000",github.com/NickCH-K/causaldata
1988-12-31,Connecticut: aidscapita,7.395105,"AIDS deaths per 100,000",github.com/NickCH-K/causaldata
1989-12-31,Connecticut: aidscapita,9.50225,"AIDS deaths per 100,000",github.com/NickCH-K/causaldata
1990-12-31,Connecticut: aidscapita,10.115533,"AIDS deaths per 100,000",github.com/NickCH-K/causaldata
1991-12-31,Connecticut: aidscapita,12.2619705,"AIDS deaths per 100,000",github.com/NickCH-K/causaldata
1992-12-31,Connecticut: aidscapita,16.390404,"AIDS deaths per 100,000",github.com/NickCH-K/causaldata
1993-12-31,Connecticut: aidscapita,19.370386,"AIDS deaths per 100,000",github.com/NickCH-K/causaldata
1994-12-31,Connecticut: aidscapita,20.837599,"AIDS deaths per 100,000",github.com/NickCH-K/causaldata
1995-12-31,Connecticut: aidscapita,22.98336,"AIDS deaths per 100,000",github.com/NickCH-K/causaldata
1996-12-31,Connecticut: aidscapita,16.213697,"AIDS deaths per 100,000",github.com/NickCH-K/causaldata
1997-12-31,Connecticut: aidscapita,8.270267,"AIDS deaths per 100,000",github.com/NickCH-K/causaldata
1998-12-31,Connecticut: aidscapita,7.9932203,"AIDS deaths per 100,000",github.com/NickCH-K/causaldata
1999-12-31,Connecticut: aidscapita,6.644222,"AIDS deaths per 100,000",github.com/NickCH-K/causaldata
2000-12-31,Connecticut: aidscapita,6.5944576,"AIDS deaths per 100,000",github.com/NickCH-K/causaldata
1985-12-31,Connecticut: alcohol,2.84,per capita,github.com/NickCH-K/causaldata
1986-12-31,Connecticut: alcohol,2.79,per capita,github.com/NickCH-K/causaldata
1987-12-31,Connecticut: alcohol,2.79,per capita,github.com/NickCH-K/causaldata
1988-12-31,Connecticut: alcohol,2.71,per capita,github.com/NickCH-K/causaldata
1989-12-31,Connecticut: alcohol,2.54,per capita,github.com/NickCH-K/causaldata
1990-12-31,Connecticut: alcohol,2.46,per capita,github.com/NickCH-K/causaldata
1991-12-31,Connecticut: alcohol,2.29,per capita,github.com/NickCH-K/causaldata
1992-12-31,Connecticut: alcohol,2.3,per capita,github.com/NickCH-K/causaldata
1993-12-31,Connecticut: alcohol,2.2,per capita,github.com/NickCH-K/causaldata
1994-12-31,Connecticut: alcohol,2.2,per capita,github.com/NickCH-K/causaldata
1995-12-31,Connecticut: alcohol,2.22,per capita,github.com/NickCH-K/causaldata
1996-12-31,Connecticut: alcohol,2.13,per capita,github.com/NickCH-K/causaldata
1997-12-31,Connecticut: alcohol,2.17,per capita,github.com/NickCH-K/causaldata
1998-12-31,Connecticut: alcohol,2.18,per capita,github.com/NickCH-K/causaldata
1999-12-31,Connecticut: alcohol,2.18,per capita,github.com/NickCH-K/causaldata
2000-12-31,Connecticut: alcohol,2.18,per capita,github.com/NickCH-K/causaldata
1985-12-31,Connecticut: black,9.060162,percent of population,github.com/NickCH-K/causaldata
1986-12-31,Connecticut: black,9.035372,percent of population,github.com/NickCH-K/causaldata
1987-12-31,Connecticut: black,9.009533,percent of population,github.com/NickCH-K/causaldata
1988-12-31,Connecticut: black,8.988366,percent of population,github.com/NickCH-K/causaldata
1989-12-31,Connecticut: black,8.9670725,percent of population,github.com/NickCH-K/causaldata
1990-12-31,Connecticut: black,8.7048435,percent of population,github.com/NickCH-K/causaldata
1991-12-31,Connecticut: black,8.951908,percent of population,github.com/NickCH-K/causaldata
1992-12-31,Connecticut: black,9.121269,percent of population,github.com/NickCH-K/causaldata
1993-12-31,Connecticut: black,9.339019,percent of population,github.com/NickCH-K/causaldata
1994-12-31,Connecticut: black,9.478453,percent of population,github.com/NickCH-K/causaldata
1995-12-31,Connecticut: black,9.624425,percent of population,github.com/NickCH-K/causaldata
1996-12-31,Connecticut: black,9.783073,percent of population,github.com/NickCH-K/causaldata
1997-12-31,Connecticut: black,9.958548,percent of population,github.com/NickCH-K/causaldata
1998-12-31,Connecticut: black,10.192262,percent of population,github.com/NickCH-K/causaldata
1999-12-31,Connecticut: black,10.3954935,percent of population,github.com/NickCH-K/causaldata
2000-12-31,Connecticut: black,10.566577,percent of population,github.com/NickCH-K/causaldata
1985-12-31,Connecticut: bmprison,2620.0,persons,github.com/NickCH-K/causaldata
1986-12-31,Connecticut: bmprison,2890.0,persons,github.com/NickCH-K/causaldata
1987-12-31,Connecticut: bmprison,3070.0,persons,github.com/NickCH-K/causaldata
1988-12-31,Connecticut: bmprison,3541.0,persons,github.com/NickCH-K/causaldata
1989-12-31,Connecticut: bmprison,4172.0,persons,github.com/NickCH-K/causaldata
1990-12-31,Connecticut: bmprison,4818.0,persons,github.com/NickCH-K/causaldata
1991-12-31,Connecticut: bmprison,4856.0,persons,github.com/NickCH-K/causaldata
1992-12-31,Connecticut: bmprison,4897.0,persons,github.com/NickCH-K/causaldata
1993-12-31,Connecticut: bmprison,5873.0,persons,github.com/NickCH-K/causaldata
1994-12-31,Connecticut: bmprison,6175.0,persons,github.com/NickCH-K/causaldata
1995-12-31,Connecticut: bmprison,6406.0,persons,github.com/NickCH-K/causaldata
1996-12-31,Connecticut: bmprison,6396.0,persons,github.com/NickCH-K/causaldata
1997-12-31,Connecticut: bmprison,7456.0,persons,github.com/NickCH-K/causaldata
1998-12-31,Connecticut: bmprison,7675.0,persons,github.com/NickCH-K/causaldata
1999-12-31,Connecticut: bmprison,8042.0,persons,github.com/NickCH-K/causaldata
2000-12-31,Connecticut: bmprison,7882.0,persons,github.com/NickCH-K/causaldata
1985-12-31,Connecticut: income,18731.0,median income,github.com/NickCH-K/causaldata
1986-12-31,Connecticut: income,20024.0,median income,github.com/NickCH-K/causaldata
1987-12-31,Connecticut: income,21741.0,median income,github.com/NickCH-K/causaldata
1988-12-31,Connecticut: income,23784.0,median income,github.com/NickCH-K/causaldata
1989-12-31,Connecticut: income,25684.0,median income,github.com/NickCH-K/causaldata
1990-12-31,Connecticut: income,26504.0,median income,github.com/NickCH-K/causaldata
1991-12-31,Connecticut: income,26512.0,median income,github.com/NickCH-K/causaldata
1992-12-31,Connecticut: income,28362.0,median income,github.com/NickCH-K/causaldata
1993-12-31,Connecticut: income,28975.0,median income,github.com/NickCH-K/causaldata
1994-12-31,Connecticut: income,29693.0,median income,github.com/NickCH-K/causaldata
1995-12-31,Connecticut: income,31045.0,median income,github.com/NickCH-K/causaldata
1996-12-31,Connecticut: income,32424.0,median income,github.com/NickCH-K/causaldata
1997-12-31,Connecticut: income,34375.0,median income,github.com/NickCH-K/causaldata
1998-12-31,Connecticut: income,36822.0,median income,github.com/NickCH-K/causaldata
1999-12-31,Connecticut: income,38332.0,median income,github.com/NickCH-K/causaldata
2000-12-31,Connecticut: income,41489.0,median income,github.com/NickCH-K/causaldata
1985-12-31,Connecticut: perc1519,7.510393,percent of population,github.com/NickCH-K/causaldata
1986-12-31,Connecticut: perc1519,7.4125137,percent of population,github.com/NickCH-K/causaldata
1987-12-31,Connecticut: perc1519,7.227246,percent of population,github.com/NickCH-K/causaldata
1988-12-31,Connecticut: perc1519,7.004845,percent of population,github.com/NickCH-K/causaldata
1989-12-31,Connecticut: perc1519,6.723725,percent of population,github.com/NickCH-K/causaldata
1990-12-31,Connecticut: perc1519,6.4157996,percent of population,github.com/NickCH-K/causaldata
1991-12-31,Connecticut: perc1519,6.065043,percent of population,github.com/NickCH-K/causaldata
1992-12-31,Connecticut: perc1519,5.9105124,percent of population,github.com/NickCH-K/causaldata
1993-12-31,Connecticut: perc1519,5.863697,percent of population,github.com/NickCH-K/causaldata
1994-12-31,Connecticut: perc1519,5.902408,percent of population,github.com/NickCH-K/causaldata
1995-12-31,Connecticut: perc1519,5.9643626,percent of population,github.com/NickCH-K/causaldata
1996-12-31,Connecticut: perc1519,6.0414753,percent of population,github.com/NickCH-K/causaldata
1997-12-31,Connecticut: perc1519,6.127133,percent of population,github.com/NickCH-K/causaldata
1998-12-31,Connecticut: perc1519,6.2368217,percent of population,github.com/NickCH-K/causaldata
1999-12-31,Connecticut: perc1519,6.294647,percent of population,github.com/NickCH-K/causaldata
2000-12-31,Connecticut: perc1519,6.4164076,percent of population,github.com/NickCH-K/causaldata
1985-12-31,Connecticut: poverty,7.6,rate,github.com/NickCH-K/causaldata
1986-12-31,Connecticut: poverty,6.0,rate,github.com/NickCH-K/causaldata
1987-12-31,Connecticut: poverty,6.6,rate,github.com/NickCH-K/causaldata
1988-12-31,Connecticut: poverty,4.0,rate,github.com/NickCH-K/causaldata
1989-12-31,Connecticut: poverty,2.9,rate,github.com/NickCH-K/causaldata
1990-12-31,Connecticut: poverty,6.0,rate,github.com/NickCH-K/causaldata
1991-12-31,Connecticut: poverty,8.6,rate,github.com/NickCH-K/causaldata
1992-12-31,Connecticut: poverty,9.8,rate,github.com/NickCH-K/causaldata
1993-12-31,Connecticut: poverty,8.5,rate,github.com/NickCH-K/causaldata
1994-12-31,Connecticut: poverty,10.8,rate,github.com/NickCH-K/causaldata
1995-12-31,Connecticut: poverty,9.7,rate,github.com/NickCH-K/causaldata
1996-12-31,Connecticut: poverty,11.7,rate,github.com/NickCH-K/causaldata
1997-12-31,Connecticut: poverty,8.6,rate,github.com/NickCH-K/causaldata
1998-12-31,Connecticut: poverty,9.5,rate,github.com/NickCH-K/causaldata
1999-12-31,Connecticut: poverty,7.2,rate,github.com/NickCH-K/causaldata
2000-12-31,Connecticut: poverty,7.7,rate,github.com/NickCH-K/causaldata
1985-12-31,Connecticut: ur,4.5916667,rate,github.com/NickCH-K/causaldata
1986-12-31,Connecticut: ur,3.7833333,rate,github.com/NickCH-K/causaldata
1987-12-31,Connecticut: ur,3.2083333,rate,github.com/NickCH-K/causaldata
1988-12-31,Connecticut: ur,2.8583333,rate,github.com/NickCH-K/causaldata
1989-12-31,Connecticut: ur,3.625,rate,github.com/NickCH-K/causaldata
1990-12-31,Connecticut: ur,4.925,rate,github.com/NickCH-K/causaldata
1991-12-31,Connecticut: ur,6.5416665,rate,github.com/NickCH-K/causaldata
1992-12-31,Connecticut: ur,7.2916665,rate,github.com/NickCH-K/causaldata
1993-12-31,Connecticut: ur,6.3583336,rate,github.com/NickCH-K/causaldata
1994-12-31,Connecticut: ur,5.475,rate,github.com/NickCH-K/causaldata
1995-12-31,Connecticut: ur,5.266667,rate,github.com/NickCH-K/causaldata
1996-12-31,Connecticut: ur,5.3166666,rate,github.com/NickCH-K/causaldata
1997-12-31,Connecticut: ur,4.8333335,rate,github.com/NickCH-K/causaldata
1998-12-31,Connecticut: ur,3.2666667,rate,github.com/NickCH-K/causaldata
1999-12-31,Connecticut: ur,2.65,rate,github.com/NickCH-K/causaldata
2000-12-31,Connecticut: ur,2.2583332,rate,github.com/NickCH-K/causaldata
1985-12-31,Connecticut: wmprison,2094.0,persons,github.com/NickCH-K/causaldata
1986-12-31,Connecticut: wmprison,2246.0,persons,github.com/NickCH-K/causaldata
1987-12-31,Connecticut: wmprison,2305.0,persons,github.com/NickCH-K/causaldata
1988-12-31,Connecticut: wmprison,2204.0,persons,github.com/NickCH-K/causaldata
1989-12-31,Connecticut: wmprison,2447.0,persons,github.com/NickCH-K/causaldata
1990-12-31,Connecticut: wmprison,2586.0,persons,github.com/NickCH-K/causaldata
1991-12-31,Connecticut: wmprison,2813.0,persons,github.com/NickCH-K/causaldata
1992-12-31,Connecticut: wmprison,2969.0,persons,github.com/NickCH-K/causaldata
1993-12-31,Connecticut: wmprison,3323.0,persons,github.com/NickCH-K/causaldata
1994-12-31,Connecticut: wmprison,3467.0,persons,github.com/NickCH-K/causaldata
1995-12-31,Connecticut: wmprison,3538.0,persons,github.com/NickCH-K/causaldata
1996-12-31,Connecticut: wmprison,3635.0,persons,github.com/NickCH-K/causaldata
1997-12-31,Connecticut: wmprison,4138.0,persons,github.com/NickCH-K/causaldata
1998-12-31,Connecticut: wmprison,4245.0,persons,github.com/NickCH-K/causaldata
1999-12-31,Connecticut: wmprison,4550.0,persons,github.com/NickCH-K/causaldata
2000-12-31,Connecticut: wmprison,4524.0,persons,github.com/NickCH-K/causaldata
1985-12-31,Delaware: aidscapita,1.1318948,"AIDS deaths per 100,000",github.com/NickCH-K/causaldata
1986-12-31,Delaware: aidscapita,3.8238358,"AIDS deaths per 100,000",github.com/NickCH-K/causaldata
1987-12-31,Delaware: aidscapita,4.709273,"AIDS deaths per 100,000",github.com/NickCH-K/causaldata
1988-12-31,Delaware: aidscapita,5.0947704,"AIDS deaths per 100,000",github.com/NickCH-K/causaldata
1989-12-31,Delaware: aidscapita,7.2918186,"AIDS deaths per 100,000",github.com/NickCH-K/causaldata
1990-12-31,Delaware: aidscapita,10.603868,"AIDS deaths per 100,000",github.com/NickCH-K/causaldata
1991-12-31,Delaware: aidscapita,10.833284,"AIDS deaths per 100,000",github.com/NickCH-K/causaldata
1992-12-31,Delaware: aidscapita,13.094938,"AIDS deaths per 100,000",github.com/NickCH-K/causaldata
1993-12-31,Delaware: aidscapita,19.253147,"AIDS deaths per 100,000",github.com/NickCH-K/causaldata
1994-12-31,Delaware: aidscapita,25.364264,"AIDS deaths per 100,000",github.com/NickCH-K/causaldata
1995-12-31,Delaware: aidscapita,25.214666,"AIDS deaths per 100,000",github.com/NickCH-K/causaldata
1996-12-31,Delaware: aidscapita,21.863028,"AIDS deaths per 100,000",github.com/NickCH-K/causaldata
1997-12-31,Delaware: aidscapita,11.310907,"AIDS deaths per 100,000",github.com/NickCH-K/causaldata
1998-12-31,Delaware: aidscapita,10.087315,"AIDS deaths per 100,000",github.com/NickCH-K/causaldata
1999-12-31,Delaware: aidscapita,9.806578,"AIDS deaths per 100,000",github.com/NickCH-K/causaldata
2000-12-31,Delaware: aidscapita,12.58722,"AIDS deaths per 100,000",github.com/NickCH-K/causaldata
1985-12-31,Delaware: alcohol,3.16,per capita,github.com/NickCH-K/causaldata
1986-12-31,Delaware: alcohol,3.13,per capita,github.com/NickCH-K/causaldata
1987-12-31,Delaware: alcohol,3.08,per capita,github.com/NickCH-K/causaldata
1988-12-31,Delaware: alcohol,3.03,per capita,github.com/NickCH-K/causaldata
1989-12-31,Delaware: alcohol,2.91,per capita,github.com/NickCH-K/causaldata
1990-12-31,Delaware: alcohol,2.95,per capita,github.com/NickCH-K/causaldata
1991-12-31,Delaware: alcohol,2.7,per capita,github.com/NickCH-K/causaldata
1992-12-31,Delaware: alcohol,2.73,per capita,github.com/NickCH-K/causaldata
1993-12-31,Delaware: alcohol,2.76,per capita,github.com/NickCH-K/causaldata
1994-12-31,Delaware: alcohol,2.76,per capita,github.com/NickCH-K/causaldata
1995-12-31,Delaware: alcohol,2.62,per capita,github.com/NickCH-K/causaldata
1996-12-31,Delaware: alcohol,2.78,per capita,github.com/NickCH-K/causaldata
1997-12-31,Delaware: alcohol,2.81,per capita,github.com/NickCH-K/causaldata
1998-12-31,Delaware: alcohol,2.82,per capita,github.com/NickCH-K/causaldata
1999-12-31,Delaware: alcohol,2.9,per capita,github.com/NickCH-K/causaldata
2000-12-31,Delaware: alcohol,2.89,per capita,github.com/NickCH-K/causaldata
1985-12-31,Delaware: black,17.703888,percent of population,github.com/NickCH-K/causaldata
1986-12-31,Delaware: black,17.66928,percent of population,github.com/NickCH-K/causaldata
1987-12-31,Delaware: black,17.634352,percent of population,github.com/NickCH-K/causaldata
1988-12-31,Delaware: black,17.606497,percent of population,github.com/NickCH-K/causaldata
1989-12-31,Delaware: black,17.580656,percent of population,github.com/NickCH-K/causaldata
1990-12-31,Delaware: black,17.415047,percent of population,github.com/NickCH-K/causaldata
1991-12-31,Delaware: black,17.765415,percent of population,github.com/NickCH-K/causaldata
1992-12-31,Delaware: black,18.07557,percent of population,github.com/NickCH-K/causaldata
1993-12-31,Delaware: black,18.3874,percent of population,github.com/NickCH-K/causaldata
1994-12-31,Delaware: black,18.745676,percent of population,github.com/NickCH-K/causaldata
1995-12-31,Delaware: black,19.138985,percent of population,github.com/NickCH-K/causaldata
1996-12-31,Delaware: black,19.503323,percent of population,github.com/NickCH-K/causaldata
1997-12-31,Delaware: black,19.947557,percent of population,github.com/NickCH-K/causaldata
1998-12-31,Delaware: black,20.34408,percent of population,github.com/NickCH-K/causaldata
1999-12-31,Delaware: black,20.73824,percent of population,github.com/NickCH-K/causaldata
2000-12-31,Delaware: black,21.016884,percent of population,github.com/NickCH-K/causaldata
1985-12-31,Delaware: bmprison,1356.0,persons,github.com/NickCH-K/causaldata
1986-12-31,Delaware: bmprison,1545.0,persons,github.com/NickCH-K/causaldata
1987-12-31,Delaware: bmprison,1595.0,persons,github.com/NickCH-K/causaldata
1988-12-31,Delaware: bmprison,1823.0,persons,github.com/NickCH-K/causaldata
1989-12-31,Delaware: bmprison,2045.0,persons,github.com/NickCH-K/causaldata
1990-12-31,Delaware: bmprison,2102.0,persons,github.com/NickCH-K/causaldata
1991-12-31,Delaware: bmprison,2287.0,persons,github.com/NickCH-K/causaldata
1992-12-31,Delaware: bmprison,2476.0,persons,github.com/NickCH-K/causaldata
1993-12-31,Delaware: bmprison,2606.0,persons,github.com/NickCH-K/causaldata
1994-12-31,Delaware: bmprison,2797.0,persons,github.com/NickCH-K/causaldata
1995-12-31,Delaware: bmprison,2929.0,persons,github.com/NickCH-K/causaldata
1996-12-31,Delaware: bmprison,3060.0,persons,github.com/NickCH-K/causaldata
1997-12-31,Delaware: bmprison,3237.0,persons,github.com/NickCH-K/causaldata
1998-12-31,Delaware: bmprison,3260.0,persons,github.com/NickCH-K/causaldata
1999-12-31,Delaware: bmprison,4070.0,persons,github.com/NickCH-K/causaldata
2000-12-31,Delaware: bmprison,3965.0,persons,github.com/NickCH-K/causaldata
1985-12-31,Delaware: income,15987.0,median income,github.com/NickCH-K/causaldata
1986-12-31,Delaware: income,16706.0,median income,github.com/NickCH-K/causaldata
1987-12-31,Delaware: income,17730.0,median income,github.com/NickCH-K/causaldata
1988-12-31,Delaware: income,19006.0,median income,github.com/NickCH-K/causaldata
1989-12-31,Delaware: income,20743.0,median income,github.com/NickCH-K/causaldata
1990-12-31,Delaware: income,21422.0,median income,github.com/NickCH-K/causaldata
1991-12-31,Delaware: income,22090.0,median income,github.com/NickCH-K/causaldata
1992-12-31,Delaware: income,22670.0,median income,github.com/NickCH-K/causaldata
1993-12-31,Delaware: income,22967.0,median income,github.com/NickCH-K/causaldata
1994-12-31,Delaware: income,23530.0,median income,github.com/NickCH-K/causaldata
1995-12-31,Delaware: income,24407.0,median income,github.com/NickCH-K/causaldata
1996-12-31,Delaware: income,25727.0,median income,github.com/NickCH-K/causaldata
1997-12-31,Delaware: income,26475.0,median income,github.com/NickCH-K/causaldata
1998-12-31,Delaware: income,28252.0,median income,github.com/NickCH-K/causaldata
1999-12-31,Delaware: income,28925.0,median income,github.com/NickCH-K/causaldata
2000-12-31,Delaware: income,30869.0,median income,github.com/NickCH-K/causaldata
1985-12-31,Delaware: perc1519,8.069602,percent of population,github.com/NickCH-K/causaldata
1986-12-31,Delaware: perc1519,7.9537377,percent of population,github.com/NickCH-K/causaldata
1987-12-31,Delaware: perc1519,7.754289,percent of population,github.com/NickCH-K/causaldata
1988-12-31,Delaware: perc1519,7.5204988,percent of population,github.com/NickCH-K/causaldata
1989-12-31,Delaware: perc1519,7.224825,percent of population,github.com/NickCH-K/causaldata
1990-12-31,Delaware: perc1519,6.884897,percent of population,github.com/NickCH-K/causaldata
1991-12-31,Delaware: perc1519,6.398372,percent of population,github.com/NickCH-K/causaldata
1992-12-31,Delaware: perc1519,6.220959,percent of population,github.com/NickCH-K/causaldata
1993-12-31,Delaware: perc1519,6.257839,percent of population,github.com/NickCH-K/causaldata
1994-12-31,Delaware: perc1519,6.4064274,percent of population,github.com/NickCH-K/causaldata
1995-12-31,Delaware: perc1519,6.5623913,percent of population,github.com/NickCH-K/causaldata
1996-12-31,Delaware: perc1519,6.7267947,percent of population,github.com/NickCH-K/causaldata
1997-12-31,Delaware: perc1519,6.873572,percent of population,github.com/NickCH-K/causaldata
1998-12-31,Delaware: perc1519,6.999024,percent of population,github.com/NickCH-K/causaldata
1999-12-31,Delaware: perc1519,7.07493,percent of population,github.com/NickCH-K/causaldata
2000-12-31,Delaware: perc1519,7.006886,percent of population,github.com/NickCH-K/causaldata
1985-12-31,Delaware: poverty,11.4,rate,github.com/NickCH-K/causaldata
1986-12-31,Delaware: poverty,12.4,rate,github.com/NickCH-K/causaldata
1987-12-31,Delaware: poverty,6.6,rate,github.com/NickCH-K/causaldata
1988-12-31,Delaware: poverty,8.6,rate,github.com/NickCH-K/causaldata
1989-12-31,Delaware: poverty,10.0,rate,github.com/NickCH-K/causaldata
1990-12-31,Delaware: poverty,6.9,rate,github.com/NickCH-K/causaldata
1991-12-31,Delaware: poverty,7.5,rate,github.com/NickCH-K/causaldata
1992-12-31,Delaware: poverty,7.8,rate,github.com/NickCH-K/causaldata
1993-12-31,Delaware: poverty,10.2,rate,github.com/NickCH-K/causaldata
1994-12-31,Delaware: poverty,8.3,rate,github.com/NickCH-K/causaldata
1995-12-31,Delaware: poverty,10.3,rate,github.com/NickCH-K/causaldata
1996-12-31,Delaware: poverty,8.6,rate,github.com/NickCH-K/causaldata
1997-12-31,Delaware: poverty,9.6,rate,github.com/NickCH-K/causaldata
1998-12-31,Delaware: poverty,10.3,rate,github.com/NickCH-K/causaldata
1999-12-31,Delaware: poverty,10.4,rate,github.com/NickCH-K/causaldata
2000-12-31,Delaware: poverty,8.4,rate,github.com/NickCH-K/causaldata
1985-12-31,Delaware: ur,5.1083336,rate,github.com/NickCH-K/causaldata
1986-12-31,Delaware: ur,3.9,rate,github.com/NickCH-K/causaldata
1987-12-31,Delaware: ur,3.0916667,rate,github.com/NickCH-K/causaldata
1988-12-31,Delaware: ur,2.9166667,rate,github.com/NickCH-K/causaldata
1989-12-31,Delaware: ur,3.1083333,rate,github.com/NickCH-K/causaldata
1990-12-31,Delaware: ur,4.1583333,rate,github.com/NickCH-K/causaldata
1991-12-31,Delaware: ur,5.7333336,rate,github.com/NickCH-K/causaldata
1992-12-31,Delaware: ur,5.4,rate,github.com/NickCH-K/causaldata
1993-12-31,Delaware: ur,4.983333,rate,github.com/NickCH-K/causaldata
1994-12-31,Delaware: ur,4.575,rate,github.com/NickCH-K/causaldata
1995-12-31,Delaware: ur,4.3916664,rate,github.com/NickCH-K/causaldata
1996-12-31,Delaware: ur,4.241667,rate,github.com/NickCH-K/causaldata
1997-12-31,Delaware: ur,3.9,rate,github.com/NickCH-K/causaldata
1998-12-31,Delaware: ur,3.5166667,rate,github.com/NickCH-K/causaldata
1999-12-31,Delaware: ur,3.3333333,rate,github.com/NickCH-K/causaldata
2000-12-31,Delaware: ur,3.3,rate,github.com/NickCH-K/causaldata
1985-12-31,Delaware: wmprison,1063.0,persons,github.com/NickCH-K/causaldata
1986-12-31,Delaware: wmprison,1117.0,persons,github.com/NickCH-K/causaldata
1987-12-31,Delaware: wmprison,1173.0,persons,github.com/NickCH-K/causaldata
1988-12-31,Delaware: wmprison,1193.0,persons,github.com/NickCH-K/causaldata
1989-12-31,Delaware: wmprison,1141.0,persons,github.com/NickCH-K/causaldata
1990-12-31,Delaware: wmprison,1079.0,persons,github.com/NickCH-K/causaldata
1991-12-31,Delaware: wmprison,1101.0,persons,github.com/NickCH-K/causaldata
1992-12-31,Delaware: wmprison,1205.0,persons,github.com/NickCH-K/causaldata
1993-12-31,Delaware: wmprison,1264.0,persons,github.com/NickCH-K/causaldata
1994-12-31,Delaware: wmprison,1308.0,persons,github.com/NickCH-K/causaldata
1995-12-31,Delaware: wmprison,1431.0,persons,github.com/NickCH-K/causaldata
1996-12-31,Delaware: wmprison,1586.0,persons,github.com/NickCH-K/causaldata
1997-12-31,Delaware: wmprison,1806.0,persons,github.com/NickCH-K/causaldata
1998-12-31,Delaware: wmprison,1850.0,persons,github.com/NickCH-K/causaldata
1999-12-31,Delaware: wmprison,2294.0,persons,github.com/NickCH-K/causaldata
2000-12-31,Delaware: wmprison,2355.0,persons,github.com/NickCH-K/causaldata
1985-12-31,District of Columbia: aidscapita,21.427277,"AIDS deaths per 100,000",github.com/NickCH-K/causaldata
1986-12-31,District of Columbia: aidscapita,33.6809,"AIDS deaths per 100,000",github.com/NickCH-K/causaldata
1987-12-31,District of Columbia: aidscapita,40.657936,"AIDS deaths per 100,000",github.com/NickCH-K/causaldata
1988-12-31,District of Columbia: aidscapita,53.76506,"AIDS deaths per 100,000",github.com/NickCH-K/causaldata
1989-12-31,District of Columbia: aidscapita,72.57731,"AIDS deaths per 100,000",github.com/NickCH-K/causaldata
1990-12-31,District of Columbia: aidscapita,86.89604,"AIDS deaths per 100,000",github.com/NickCH-K/causaldata
1991-12-31,District of Columbia: aidscapita,86.54118,"AIDS deaths per 100,000",github.com/NickCH-K/causaldata
1992-12-31,District of Columbia: aidscapita,95.387115,"AIDS deaths per 100,000",github.com/NickCH-K/causaldata
1993-12-31,District of Columbia: aidscapita,106.668724,"AIDS deaths per 100,000",github.com/NickCH-K/causaldata
1994-12-31,District of Columbia: aidscapita,121.17324,"AIDS deaths per 100,000",github.com/NickCH-K/causaldata
1995-12-31,District of Columbia: aidscapita,120.23765,"AIDS deaths per 100,000",github.com/NickCH-K/causaldata
1996-12-31,District of Columbia: aidscapita,106.223694,"AIDS deaths per 100,000",github.com/NickCH-K/causaldata
1997-12-31,District of Columbia: aidscapita,58.125607,"AIDS deaths per 100,000",github.com/NickCH-K/causaldata
1998-12-31,District of Columbia: aidscapita,47.414326,"AIDS deaths per 100,000",github.com/NickCH-K/causaldata
1999-12-31,District of Columbia: aidscapita,40.68655,"AIDS deaths per 100,000",github.com/NickCH-K/causaldata
2000-12-31,District of Columbia: aidscapita,25.890375,"AIDS deaths per 100,000",github.com/NickCH-K/causaldata
1985-12-31,District of Columbia: alcohol,4.94,per capita,github.com/NickCH-K/causaldata
1986-12-31,District of Columbia: alcohol,4.75,per capita,github.com/NickCH-K/causaldata
1987-12-31,District of Columbia: alcohol,4.85,per capita,github.com/NickCH-K/causaldata
1988-12-31,District of Columbia: alcohol,4.48,per capita,github.com/NickCH-K/causaldata
1989-12-31,District of Columbia: alcohol,4.22,per capita,github.com/NickCH-K/causaldata
1990-12-31,District of Columbia: alcohol,4.14,per capita,github.com/NickCH-K/causaldata
1991-12-31,District of Columbia: alcohol,3.89,per capita,github.com/NickCH-K/causaldata
1992-12-31,District of Columbia: alcohol,4.05,per capita,github.com/NickCH-K/causaldata
1993-12-31,District of Columbia: alcohol,3.78,per capita,github.com/NickCH-K/causaldata
1994-12-31,District of Columbia: alcohol,3.76,per capita,github.com/NickCH-K/causaldata
1995-12-31,District of Columbia: alcohol,3.74,per capita,github.com/NickCH-K/causaldata
1996-12-31,District of Columbia: alcohol,3.63,per capita,github.com/NickCH-K/causaldata
1997-12-31,District of Columbia: alcohol,3.75,per capita,github.com/NickCH-K/causaldata
1998-12-31,District of Columbia: alcohol,3.55,per capita,github.com/NickCH-K/causaldata
1999-12-31,District of Columbia: alcohol,3.45,per capita,github.com/NickCH-K/causaldata
2000-12-31,District of Columbia: alcohol,3.53,per capita,github.com/NickCH-K/causaldata
1985-12-31,District of Columbia: black,71.346375,percent of population,github.com/NickCH-K/causaldata
1986-12-31,District of Columbia: black,71.29006,percent of population,github.com/NickCH-K/causaldata
1987-12-31,District of Columbia: black,71.25234,percent of population,github.com/NickCH-K/causaldata
1988-12-31,District of Columbia: black,71.234665,percent of population,github.com/NickCH-K/causaldata
1989-12-31,District of Columbia: black,71.21854,percent of population,github.com/NickCH-K/causaldata
1990-12-31,District of Columbia: black,70.217514,percent of population,github.com/NickCH-K/causaldata
1991-12-31,District of Columbia: black,70.8131,percent of population,github.com/NickCH-K/causaldata
1992-12-31,District of Columbia: black,71.039635,percent of population,github.com/NickCH-K/causaldata
1993-12-31,District of Columbia: black,70.960556,percent of population,github.com/NickCH-K/causaldata
1994-12-31,District of Columbia: black,70.69074,percent of population,github.com/NickCH-K/causaldata
1995-12-31,District of Columbia: black,70.34821,percent of population,github.com/NickCH-K/causaldata
1996-12-31,District of Columbia: black,69.908745,percent of population,github.com/NickCH-K/causaldata
1997-12-31,District of Columbia: black,69.37512,percent of population,github.com/NickCH-K/causaldata
1998-12-31,District of Columbia: black,68.89477,percent of population,github.com/NickCH-K/causaldata
1999-12-31,District of Columbia: black,68.18535,percent of population,github.com/NickCH-K/causaldata
2000-12-31,District of Columbia: black,67.85356,percent of population,github.com/NickCH-K/causaldata
1985-12-31,District of Columbia: bmprison,6021.0,persons,github.com/NickCH-K/causaldata
1986-12-31,District of Columbia: bmprison,6241.0,persons,github.com/NickCH-K/causaldata
1987-12-31,District of Columbia: bmprison,7126.0,persons,github.com/NickCH-K/causaldata
1988-12-31,District of Columbia: bmprison,8205.0,persons,github.com/NickCH-K/causaldata
1989-12-31,District of Columbia: bmprison,9320.0,persons,github.com/NickCH-K/causaldata
1990-12-31,District of Columbia: bmprison,9222.0,persons,github.com/NickCH-K/causaldata
1991-12-31,District of Columbia: bmprison,9513.0,persons,github.com/NickCH-K/causaldata
1992-12-31,District of Columbia: bmprison,9996.0,persons,github.com/NickCH-K/causaldata
1993-12-31,District of Columbia: bmprison,10023.0,persons,github.com/NickCH-K/causaldata
1994-12-31,District of Columbia: bmprison,10129.0,persons,github.com/NickCH-K/causaldata
1995-12-31,District of Columbia: bmprison,9070.0,persons,github.com/NickCH-K/causaldata
1996-12-31,District of Columbia: bmprison,8617.0,persons,github.com/NickCH-K/causaldata
1997-12-31,District of Columbia: bmprison,8704.0,persons,github.com/NickCH-K/causaldata
1998-12-31,District of Columbia: bmprison,9229.0,persons,github.com/NickCH-K/causaldata
1999-12-31,District of Columbia: bmprison,8058.0,persons,github.com/NickCH-K/causaldata
2000-12-31,District of Columbia: bmprison,9319.0,persons,github.com/NickCH-K/causaldata
1985-12-31,District of Columbia: income,18148.0,median income,github.com/NickCH-K/causaldata
1986-12-31,District of Columbia: income,19013.0,median income,github.com/NickCH-K/causaldata
1987-12-31,District of Columbia: income,20141.0,median income,github.com/NickCH-K/causaldata
1988-12-31,District of Columbia: income,22273.0,median income,github.com/NickCH-K/causaldata
1989-12-31,District of Columbia: income,24133.0,median income,github.com/NickCH-K/causaldata
1990-12-31,District of Columbia: income,26473.0,median income,github.com/NickCH-K/causaldata
1991-12-31,District of Columbia: income,27567.0,median income,github.com/NickCH-K/causaldata
1992-12-31,District of Columbia: income,28916.0,median income,github.com/NickCH-K/causaldata
1993-12-31,District of Columbia: income,29996.0,median income,github.com/NickCH-K/causaldata
1994-12-31,District of Columbia: income,30835.0,median income,github.com/NickCH-K/causaldata
1995-12-31,District of Columbia: income,31266.0,median income,github.com/NickCH-K/causaldata
1996-12-31,District of Columbia: income,32786.0,median income,github.com/NickCH-K/causaldata
1997-12-31,District of Columbia: income,34488.0,median income,github.com/NickCH-K/causaldata
1998-12-31,District of Columbia: income,36379.0,median income,github.com/NickCH-K/causaldata
1999-12-31,District of Columbia: income,37030.0,median income,github.com/NickCH-K/causaldata
2000-12-31,District of Columbia: income,40456.0,median income,github.com/NickCH-K/causaldata
1985-12-31,District of Columbia: perc1519,7.6838846,percent of population,github.com/NickCH-K/causaldata
1986-12-31,District of Columbia: perc1519,7.6140766,percent of population,github.com/NickCH-K/causaldata
1987-12-31,District of Columbia: perc1519,7.5035086,percent of population,github.com/NickCH-K/causaldata
1988-12-31,District of Columbia: perc1519,7.359628,percent of population,github.com/NickCH-K/causaldata
1989-12-31,District of Columbia: perc1519,7.139973,percent of population,github.com/NickCH-K/causaldata
1990-12-31,District of Columbia: perc1519,6.689674,percent of population,github.com/NickCH-K/causaldata
1991-12-31,District of Columbia: perc1519,5.7623115,percent of population,github.com/NickCH-K/causaldata
1992-12-31,District of Columbia: perc1519,5.2334056,percent of population,github.com/NickCH-K/causaldata
1993-12-31,District of Columbia: perc1519,5.1367292,percent of population,github.com/NickCH-K/causaldata
1994-12-31,District of Columbia: perc1519,5.275618,percent of population,github.com/NickCH-K/causaldata
1995-12-31,District of Columbia: perc1519,5.5161176,percent of population,github.com/NickCH-K/causaldata
1996-12-31,District of Columbia: perc1519,5.7706723,percent of population,github.com/NickCH-K/causaldata
1997-12-31,District of Columbia: perc1519,5.9953923,percent of population,github.com/NickCH-K/causaldata
1998-12-31,District of Columbia: perc1519,6.199954,percent of population,github.com/NickCH-K/causaldata
1999-12-31,District of Columbia: perc1519,6.4391727,percent of population,github.com/NickCH-K/causaldata
2000-12-31,District of Columbia: perc1519,6.2693195,percent of population,github.com/NickCH-K/causaldata
1985-12-31,District of Columbia: poverty,20.4,rate,github.com/NickCH-K/causaldata
1986-12-31,District of Columbia: poverty,12.8,rate,github.com/NickCH-K/causaldata
1987-12-31,District of Columbia: poverty,14.9,rate,github.com/NickCH-K/causaldata
1988-12-31,District of Columbia: poverty,15.2,rate,github.com/NickCH-K/causaldata
1989-12-31,District of Columbia: poverty,18.0,rate,github.com/NickCH-K/causaldata
1990-12-31,District of Columbia: poverty,21.1,rate,github.com/NickCH-K/causaldata
1991-12-31,District of Columbia: poverty,18.6,rate,github.com/NickCH-K/causaldata
1992-12-31,District of Columbia: poverty,20.3,rate,github.com/NickCH-K/causaldata
1993-12-31,District of Columbia: poverty,26.4,rate,github.com/NickCH-K/causaldata
1994-12-31,District of Columbia: poverty,21.2,rate,github.com/NickCH-K/causaldata
1995-12-31,District of Columbia: poverty,22.2,rate,github.com/NickCH-K/causaldata
1996-12-31,District of Columbia: poverty,24.1,rate,github.com/NickCH-K/causaldata
1997-12-31,District of Columbia: poverty,21.8,rate,github.com/NickCH-K/causaldata
1998-12-31,District of Columbia: poverty,22.3,rate,github.com/NickCH-K/causaldata
1999-12-31,District of Columbia: poverty,14.7,rate,github.com/NickCH-K/causaldata
2000-12-31,District of Columbia: poverty,15.2,rate,github.com/NickCH-K/causaldata
1985-12-31,District of Columbia: ur,8.041667,rate,github.com/NickCH-K/causaldata
1986-12-31,District of Columbia: ur,7.2833333,rate,github.com/NickCH-K/causaldata
1987-12-31,District of Columbia: ur,6.175,rate,github.com/NickCH-K/causaldata
1988-12-31,District of Columbia: ur,5.075,rate,github.com/NickCH-K/causaldata
1989-12-31,District of Columbia: ur,5.0583334,rate,github.com/NickCH-K/causaldata
1990-12-31,District of Columbia: ur,5.983333,rate,github.com/NickCH-K/causaldata
1991-12-31,District of Columbia: ur,7.6583333,rate,github.com/NickCH-K/causaldata
1992-12-31,District of Columbia: ur,8.566667,rate,github.com/NickCH-K/causaldata
1993-12-31,District of Columbia: ur,8.45,rate,github.com/NickCH-K/causaldata
1994-12-31,District of Columbia: ur,8.016666,rate,github.com/NickCH-K/causaldata
1995-12-31,District of Columbia: ur,8.591667,rate,github.com/NickCH-K/causaldata
1996-12-31,District of Columbia: ur,8.508333,rate,github.com/NickCH-K/causaldata
1997-12-31,District of Columbia: ur,8.275,rate,github.com/NickCH-K/causaldata
1998-12-31,District of Columbia: ur,8.041667,rate,github.com/NickCH-K/causaldata
1999-12-31,District of Columbia: ur,6.516667,rate,github.com/NickCH-K/causaldata
2000-12-31,District of Columbia: ur,5.641667,rate,github.com/NickCH-K/causaldata
1985-12-31,District of Columbia: wmprison,155.0,persons,github.com/NickCH-K/causaldata
1986-12-31,District of Columbia: wmprison,128.0,persons,github.com/NickCH-K/causaldata
1987-12-31,District of Columbia: wmprison,169.0,persons,github.com/NickCH-K/causaldata
1988-12-31,District of Columbia: wmprison,254.0,persons,github.com/NickCH-K/causaldata
1989-12-31,District of Columbia: wmprison,120.0,persons,github.com/NickCH-K/causaldata
1990-12-31,District of Columbia: wmprison,110.0,persons,github.com/NickCH-K/causaldata
1991-12-31,District of Columbia: wmprison,188.0,persons,github.com/NickCH-K/causaldata
1992-12-31,District of Columbia: wmprison,159.0,persons,github.com/NickCH-K/causaldata
1993-12-31,District of Columbia: wmprison,135.0,persons,github.com/NickCH-K/causaldata
1994-12-31,District of Columbia: wmprison,133.0,persons,github.com/NickCH-K/causaldata
1995-12-31,District of Columbia: wmprison,112.0,persons,github.com/NickCH-K/causaldata
1996-12-31,District of Columbia: wmprison,124.0,persons,github.com/NickCH-K/causaldata
1997-12-31,District of Columbia: wmprison,76.0,persons,github.com/NickCH-K/causaldata
1998-12-31,District of Columbia: wmprison,81.0,persons,github.com/NickCH-K/causaldata
1999-12-31,District of Columbia: wmprison,108.0,persons,github.com/NickCH-K/causaldata
2000-12-31,District of Columbia: wmprison,311.0,persons,github.com/NickCH-K/causaldata
1985-12-31,Florida: aidscapita,4.518297,"AIDS deaths per 100,000",github.com/NickCH-K/causaldata
1986-12-31,Florida: aidscapita,8.038411,"AIDS deaths per 100,000",github.com/NickCH-K/causaldata
1987-12-31,Florida: aidscapita,12.067724,"AIDS deaths per 100,000",github.com/NickCH-K/causaldata
1988-12-31,Florida: aidscapita,15.20117,"AIDS deaths per 100,000",github.com/NickCH-K/causaldata
1989-12-31,Florida: aidscapita,20.3831,"AIDS deaths per 100,000",github.com/NickCH-K/causaldata
1990-12-31,Florida: aidscapita,22.219994,"AIDS deaths per 100,000",github.com/NickCH-K/causaldata
1991-12-31,Florida: aidscapita,26.073692,"AIDS deaths per 100,000",github.com/NickCH-K/causaldata
1992-12-31,Florida: aidscapita,29.507961,"AIDS deaths per 100,000",github.com/NickCH-K/causaldata
1993-12-31,Florida: aidscapita,31.894457,"AIDS deaths per 100,000",github.com/NickCH-K/causaldata
1994-12-31,Florida: aidscapita,36.806213,"AIDS deaths per 100,000",github.com/NickCH-K/causaldata
1995-12-31,Florida: aidscapita,37.36447,"AIDS deaths per 100,000",github.com/NickCH-K/causaldata
1996-12-31,Florida: aidscapita,26.59331,"AIDS deaths per 100,000",github.com/NickCH-K/causaldata
1997-12-31,Florida: aidscapita,17.140444,"AIDS deaths per 100,000",github.com/NickCH-K/causaldata
1998-12-31,Florida: aidscapita,13.863635,"AIDS deaths per 100,000",github.com/NickCH-K/causaldata
1999-12-31,Florida: aidscapita,13.014438,"AIDS deaths per 100,000",github.com/NickCH-K/causaldata
2000-12-31,Florida: aidscapita,13.350862,"AIDS deaths per 100,000",github.com/NickCH-K/causaldata
1985-12-31,Florida: alcohol,3.04,per capita,github.com/NickCH-K/causaldata
1986-12-31,Florida: alcohol,2.96,per capita,github.com/NickCH-K/causaldata
1987-12-31,Florida: alcohol,2.95,per capita,github.com/NickCH-K/causaldata
1988-12-31,Florida: alcohol,2.92,per capita,github.com/NickCH-K/causaldata
1989-12-31,Florida: alcohol,2.9,per capita,github.com/NickCH-K/causaldata
1990-12-31,Florida: alcohol,2.96,per capita,github.com/NickCH-K/causaldata
1991-12-31,Florida: alcohol,2.69,per capita,github.com/NickCH-K/causaldata
1992-12-31,Florida: alcohol,2.75,per capita,github.com/NickCH-K/causaldata
1993-12-31,Florida: alcohol,2.68,per capita,github.com/NickCH-K/causaldata
1994-12-31,Florida: alcohol,2.6,per capita,github.com/NickCH-K/causaldata
1995-12-31,Florida: alcohol,2.5,per capita,github.com/NickCH-K/causaldata
1996-12-31,Florida: alcohol,2.54,per capita,github.com/NickCH-K/causaldata
1997-12-31,Florida: alcohol,2.51,per capita,github.com/NickCH-K/causaldata
1998-12-31,Florida: alcohol,2.47,per capita,github.com/NickCH-K/causaldata
1999-12-31,Florida: alcohol,2.53,per capita,github.com/NickCH-K/causaldata
2000-12-31,Florida: alcohol,2.55,per capita,github.com/NickCH-K/causaldata
1985-12-31,Florida: black,15.482015,percent of population,github.com/NickCH-K/causaldata
1986-12-31,Florida: black,15.464158,percent of population,github.com/NickCH-K/causaldata
1987-12-31,Florida: black,15.440745,percent of population,github.com/NickCH-K/causaldata
1988-12-31,Florida: black,15.430841,percent of population,github.com/NickCH-K/causaldata
1989-12-31,Florida: black,15.420786,percent of population,github.com/NickCH-K/causaldata
1990-12-31,Florida: black,15.326095,percent of population,github.com/NickCH-K/causaldata
1991-12-31,Florida: black,15.568524,percent of population,github.com/NickCH-K/causaldata
1992-12-31,Florida: black,15.887001,percent of population,github.com/NickCH-K/causaldata
1993-12-31,Florida: black,16.168661,percent of population,github.com/NickCH-K/causaldata
1994-12-31,Florida: black,16.470106,percent of population,github.com/NickCH-K/causaldata
1995-12-31,Florida: black,16.75823,percent of population,github.com/NickCH-K/causaldata
1996-12-31,Florida: black,17.046415,percent of population,github.com/NickCH-K/causaldata
1997-12-31,Florida: black,17.358229,percent of population,github.com/NickCH-K/causaldata
1998-12-31,Florida: black,17.641705,percent of population,github.com/NickCH-K/causaldata
1999-12-31,Florida: black,17.977783,percent of population,github.com/NickCH-K/causaldata
2000-12-31,Florida: black,18.291088,percent of population,github.com/NickCH-K/causaldata
1985-12-31,Florida: bmprison,13427.0,persons,github.com/NickCH-K/causaldata
1986-12-31,Florida: bmprison,15486.0,persons,github.com/NickCH-K/causaldata
1987-12-31,Florida: bmprison,16074.0,persons,github.com/NickCH-K/causaldata
1988-12-31,Florida: bmprison,17510.0,persons,github.com/NickCH-K/causaldata
1989-12-31,Florida: bmprison,20750.0,persons,github.com/NickCH-K/causaldata
1990-12-31,Florida: bmprison,23824.0,persons,github.com/NickCH-K/causaldata
1991-12-31,Florida: bmprison,25607.0,persons,github.com/NickCH-K/causaldata
1992-12-31,Florida: bmprison,26823.0,persons,github.com/NickCH-K/causaldata
1993-12-31,Florida: bmprison,29385.0,persons,github.com/NickCH-K/causaldata
1994-12-31,Florida: bmprison,31335.0,persons,github.com/NickCH-K/causaldata
1995-12-31,Florida: bmprison,34313.0,persons,github.com/NickCH-K/causaldata
1996-12-31,Florida: bmprison,33643.0,persons,github.com/NickCH-K/causaldata
1997-12-31,Florida: bmprison,33958.0,persons,github.com/NickCH-K/causaldata
1998-12-31,Florida: bmprison,35265.0,persons,github.com/NickCH-K/causaldata
1999-12-31,Florida: bmprison,35982.0,persons,github.com/NickCH-K/causaldata
2000-12-31,Florida: bmprison,36147.0,persons,github.com/NickCH-K/causaldata
1985-12-31,Florida: income,14698.0,median income,github.com/NickCH-K/causaldata
1986-12-31,Florida: income,15438.0,median income,github.com/NickCH-K/causaldata
1987-12-31,Florida: income,16253.0,median income,github.com/NickCH-K/causaldata
1988-12-31,Florida: income,17376.0,median income,github.com/NickCH-K/causaldata
1989-12-31,Florida: income,18836.0,median income,github.com/NickCH-K/causaldata
1990-12-31,Florida: income,19564.0,median income,github.com/NickCH-K/causaldata
1991-12-31,Florida: income,19780.0,median income,github.com/NickCH-K/causaldata
1992-12-31,Florida: income,20417.0,median income,github.com/NickCH-K/causaldata
1993-12-31,Florida: income,21050.0,median income,github.com/NickCH-K/causaldata
1994-12-31,Florida: income,21666.0,median income,github.com/NickCH-K/causaldata
1995-12-31,Florida: income,22691.0,median income,github.com/NickCH-K/causaldata
1996-12-31,Florida: income,23655.0,median income,github.com/NickCH-K/causaldata
1997-12-31,Florida: income,24502.0,median income,github.com/NickCH-K/causaldata
1998-12-31,Florida: income,25987.0,median income,github.com/NickCH-K/causaldata
1999-12-31,Florida: income,26894.0,median income,github.com/NickCH-K/causaldata
2000-12-31,Florida: income,28509.0,median income,github.com/NickCH-K/causaldata
1985-12-31,Florida: perc1519,6.814279,percent of population,github.com/NickCH-K/causaldata
1986-12-31,Florida: perc1519,6.7711706,percent of population,github.com/NickCH-K/causaldata
1987-12-31,Florida: perc1519,6.661459,percent of population,github.com/NickCH-K/causaldata
1988-12-31,Florida: perc1519,6.526567,percent of population,github.com/NickCH-K/causaldata
1989-12-31,Florida: perc1519,6.342523,percent of population,github.com/NickCH-K/causaldata
1990-12-31,Florida: perc1519,6.1900024,percent of population,github.com/NickCH-K/causaldata
1991-12-31,Florida: perc1519,5.929992,percent of population,github.com/NickCH-K/causaldata
1992-12-31,Florida: perc1519,5.829354,percent of population,github.com/NickCH-K/causaldata
1993-12-31,Florida: perc1519,5.8052363,percent of population,github.com/NickCH-K/causaldata
1994-12-31,Florida: perc1519,5.8333106,percent of population,github.com/NickCH-K/causaldata
1995-12-31,Florida: perc1519,5.902066,percent of population,github.com/NickCH-K/causaldata
1996-12-31,Florida: perc1519,6.0082903,percent of population,github.com/NickCH-K/causaldata
1997-12-31,Florida: perc1519,6.1183486,percent of population,github.com/NickCH-K/causaldata
1998-12-31,Florida: perc1519,6.2247205,percent of population,github.com/NickCH-K/causaldata
1999-12-31,Florida: perc1519,6.296329,percent of population,github.com/NickCH-K/causaldata
2000-12-31,Florida: perc1519,6.387456,percent of population,github.com/NickCH-K/causaldata
1985-12-31,Florida: poverty,13.4,rate,github.com/NickCH-K/causaldata
1986-12-31,Florida: poverty,11.4,rate,github.com/NickCH-K/causaldata
1987-12-31,Florida: poverty,12.4,rate,github.com/NickCH-K/causaldata
1988-12-31,Florida: poverty,13.6,rate,github.com/NickCH-K/causaldata
1989-12-31,Florida: poverty,12.5,rate,github.com/NickCH-K/causaldata
1990-12-31,Florida: poverty,14.4,rate,github.com/NickCH-K/causaldata
1991-12-31,Florida: poverty,15.4,rate,github.com/NickCH-K/causaldata
1992-12-31,Florida: poverty,15.6,rate,github.com/NickCH-K/causaldata
1993-12-31,Florida: poverty,17.8,rate,github.com/NickCH-K/causaldata
1994-12-31,Florida: poverty,14.9,rate,github.com/NickCH-K/causaldata
1995-12-31,Florida: poverty,16.2,rate,github.com/NickCH-K/causaldata
1996-12-31,Florida: poverty,14.2,rate,github.com/NickCH-K/causaldata
1997-12-31,Florida: poverty,14.3,rate,github.com/NickCH-K/causaldata
1998-12-31,Florida: poverty,13.1,rate,github.com/NickCH-K/causaldata
1999-12-31,Florida: poverty,12.4,rate,github.com/NickCH-K/causaldata
2000-12-31,Florida: poverty,11.0,rate,github.com/NickCH-K/causaldata
1985-12-31,Florida: ur,6.15,rate,github.com/NickCH-K/causaldata
1986-12-31,Florida: ur,5.875,rate,github.com/NickCH-K/causaldata
1987-12-31,Florida: ur,5.4583335,rate,github.com/NickCH-K/causaldata
1988-12-31,Florida: ur,5.266667,rate,github.com/NickCH-K/causaldata
1989-12-31,Florida: ur,5.7,rate,github.com/NickCH-K/causaldata
1990-12-31,Florida: ur,6.258333,rate,github.com/NickCH-K/causaldata
1991-12-31,Florida: ur,7.575,rate,github.com/NickCH-K/causaldata
1992-12-31,Florida: ur,8.341667,rate,github.com/NickCH-K/causaldata
1993-12-31,Florida: ur,7.2166667,rate,github.com/NickCH-K/causaldata
1994-12-31,Florida: ur,6.7166667,rate,github.com/NickCH-K/causaldata
1995-12-31,Florida: ur,5.5416665,rate,github.com/NickCH-K/causaldata
1996-12-31,Florida: ur,5.2833333,rate,github.com/NickCH-K/causaldata
1997-12-31,Florida: ur,4.975,rate,github.com/NickCH-K/causaldata
1998-12-31,Florida: ur,4.491667,rate,github.com/NickCH-K/causaldata
1999-12-31,Florida: ur,4.025,rate,github.com/NickCH-K/causaldata
2000-12-31,Florida: ur,3.8,rate,github.com/NickCH-K/causaldata
1985-12-31,Florida: wmprison,13747.0,persons,github.com/NickCH-K/causaldata
1986-12-31,Florida: wmprison,15116.0,persons,github.com/NickCH-K/causaldata
1987-12-31,Florida: wmprison,13857.0,persons,github.com/NickCH-K/causaldata
1988-12-31,Florida: wmprison,14640.0,persons,github.com/NickCH-K/causaldata
1989-12-31,Florida: wmprison,15883.0,persons,github.com/NickCH-K/causaldata
1990-12-31,Florida: wmprison,17106.0,persons,github.com/NickCH-K/causaldata
1991-12-31,Florida: wmprison,17323.0,persons,github.com/NickCH-K/causaldata
1992-12-31,Florida: wmprison,18057.0,persons,github.com/NickCH-K/causaldata
1993-12-31,Florida: wmprison,19949.0,persons,github.com/NickCH-K/causaldata
1994-12-31,Florida: wmprison,21513.0,persons,github.com/NickCH-K/causaldata
1995-12-31,Florida: wmprison,24657.0,persons,github.com/NickCH-K/causaldata
1996-12-31,Florida: wmprison,25551.0,persons,github.com/NickCH-K/causaldata
1997-12-31,Florida: wmprison,25968.0,persons,github.com/NickCH-K/causaldata
1998-12-31,Florida: wmprison,27117.0,persons,github.com/NickCH-K/causaldata
1999-12-31,Florida: wmprison,28360.0,persons,github.com/NickCH-K/causaldata
2000-12-31,Florida: wmprison,24414.0,persons,github.com/NickCH-K/causaldata
1985-12-31,Georgia: aidscapita,2.2468097,"AIDS deaths per 100,000",github.com/NickCH-K/causaldata
1986-12-31,Georgia: aidscapita,3.8452873,"AIDS deaths per 100,000",github.com/NickCH-K/causaldata
1987-12-31,Georgia: aidscapita,5.8622265,"AIDS deaths per 100,000",github.com/NickCH-K/causaldata
1988-12-31,Georgia: aidscapita,8.516603,"AIDS deaths per 100,000",github.com/NickCH-K/causaldata
1989-12-31,Georgia: aidscapita,11.308612,"AIDS deaths per 100,000",github.com/NickCH-K/causaldata
1990-12-31,Georgia: aidscapita,13.850071,"AIDS deaths per 100,000",github.com/NickCH-K/causaldata
1991-12-31,Georgia: aidscapita,15.827435,"AIDS deaths per 100,000",github.com/NickCH-K/causaldata
1992-12-31,Georgia: aidscapita,17.32382,"AIDS deaths per 100,000",github.com/NickCH-K/causaldata
1993-12-31,Georgia: aidscapita,16.365158,"AIDS deaths per 100,000",github.com/NickCH-K/causaldata
1994-12-31,Georgia: aidscapita,14.28706,"AIDS deaths per 100,000",github.com/NickCH-K/causaldata
1995-12-31,Georgia: aidscapita,20.877644,"AIDS deaths per 100,000",github.com/NickCH-K/causaldata
1996-12-31,Georgia: aidscapita,16.27768,"AIDS deaths per 100,000",github.com/NickCH-K/causaldata
1997-12-31,Georgia: aidscapita,9.420829,"AIDS deaths per 100,000",github.com/NickCH-K/causaldata
1998-12-31,Georgia: aidscapita,8.507623,"AIDS deaths per 100,000",github.com/NickCH-K/causaldata
1999-12-31,Georgia: aidscapita,8.289869,"AIDS deaths per 100,000",github.com/NickCH-K/causaldata
2000-12-31,Georgia: aidscapita,7.1893754,"AIDS deaths per 100,000",github.com/NickCH-K/causaldata
1985-12-31,Georgia: alcohol,2.43,per capita,github.com/NickCH-K/causaldata
1986-12-31,Georgia: alcohol,2.43,per capita,github.com/NickCH-K/causaldata
1987-12-31,Georgia: alcohol,2.49,per capita,github.com/NickCH-K/causaldata
1988-12-31,Georgia: alcohol,2.4,per capita,github.com/NickCH-K/causaldata
1989-12-31,Georgia: alcohol,2.37,per capita,github.com/NickCH-K/causaldata
1990-12-31,Georgia: alcohol,2.31,per capita,github.com/NickCH-K/causaldata
1991-12-31,Georgia: alcohol,2.17,per capita,github.com/NickCH-K/causaldata
1992-12-31,Georgia: alcohol,2.23,per capita,github.com/NickCH-K/causaldata
1993-12-31,Georgia: alcohol,2.2,per capita,github.com/NickCH-K/causaldata
1994-12-31,Georgia: alcohol,2.14,per capita,github.com/NickCH-K/causaldata
1995-12-31,Georgia: alcohol,2.13,per capita,github.com/NickCH-K/causaldata
1996-12-31,Georgia: alcohol,2.16,per capita,github.com/NickCH-K/causaldata
1997-12-31,Georgia: alcohol,2.14,per capita,github.com/NickCH-K/causaldata
1998-12-31,Georgia: alcohol,2.14,per capita,github.com/NickCH-K/causaldata
1999-12-31,Georgia: alcohol,2.2,per capita,github.com/NickCH-K/causaldata
2000-12-31,Georgia: alcohol,2.17,per capita,github.com/NickCH-K/causaldata
1985-12-31,Georgia: black,27.975336,percent of population,github.com/NickCH-K/causaldata
1986-12-31,Georgia: black,27.940363,percent of population,github.com/NickCH-K/causaldata
1987-12-31,Georgia: black,27.896322,percent of population,github.com/NickCH-K/causaldata
1988-12-31,Georgia: black,27.861074,percent of population,github.com/NickCH-K/causaldata
1989-12-31,Georgia: black,27.827816,percent of population,github.com/NickCH-K/causaldata
1990-12-31,Georgia: black,27.705833,percent of population,github.com/NickCH-K/causaldata
1991-12-31,Georgia: black,28.002098,percent of population,github.com/NickCH-K/causaldata
1992-12-31,Georgia: black,28.293571,percent of population,github.com/NickCH-K/causaldata
1993-12-31,Georgia: black,28.650047,percent of population,github.com/NickCH-K/causaldata
1994-12-31,Georgia: black,29.007195,percent of population,github.com/NickCH-K/causaldata
1995-12-31,Georgia: black,29.364342,percent of population,github.com/NickCH-K/causaldata
1996-12-31,Georgia: black,29.746914,percent of population,github.com/NickCH-K/causaldata
1997-12-31,Georgia: black,30.158981,percent of population,github.com/NickCH-K/causaldata
1998-12-31,Georgia: black,30.564777,percent of population,github.com/NickCH-K/causaldata
1999-12-31,Georgia: black,31.011389,percent of population,github.com/NickCH-K/causaldata
2000-12-31,Georgia: black,31.421509,percent of population,github.com/NickCH-K/causaldata
1985-12-31,Georgia: bmprison,9043.0,persons,github.com/NickCH-K/causaldata
1986-12-31,Georgia: bmprison,9847.0,persons,github.com/NickCH-K/causaldata
1987-12-31,Georgia: bmprison,10865.0,persons,github.com/NickCH-K/causaldata
1988-12-31,Georgia: bmprison,11429.0,persons,github.com/NickCH-K/causaldata
1989-12-31,Georgia: bmprison,13001.0,persons,github.com/NickCH-K/causaldata
1990-12-31,Georgia: bmprison,14025.0,persons,github.com/NickCH-K/causaldata
1991-12-31,Georgia: bmprison,15031.0,persons,github.com/NickCH-K/causaldata
1992-12-31,Georgia: bmprison,16125.0,persons,github.com/NickCH-K/causaldata
1993-12-31,Georgia: bmprison,17713.0,persons,github.com/NickCH-K/causaldata
1994-12-31,Georgia: bmprison,21153.0,persons,github.com/NickCH-K/causaldata
1995-12-31,Georgia: bmprison,21838.0,persons,github.com/NickCH-K/causaldata
1996-12-31,Georgia: bmprison,22206.0,persons,github.com/NickCH-K/causaldata
1997-12-31,Georgia: bmprison,22996.0,persons,github.com/NickCH-K/causaldata
1998-12-31,Georgia: bmprison,24508.0,persons,github.com/NickCH-K/causaldata
1999-12-31,Georgia: bmprison,26271.0,persons,github.com/NickCH-K/causaldata
2000-12-31,Georgia: bmprison,27126.0,persons,github.com/NickCH-K/causaldata
1985-12-31,Georgia: income,13137.0,median income,github.com/NickCH-K/causaldata
1986-12-31,Georgia: income,13970.0,median income,github.com/NickCH-K/causaldata
1987-12-31,Georgia: income,14721.0,median income,github.com/NickCH-K/causaldata
1988-12-31,Georgia: income,15738.0,median income,github.com/NickCH-K/causaldata
1989-12-31,Georgia: income,16701.0,median income,github.com/NickCH-K/causaldata
1990-12-31,Georgia: income,17603.0,median income,github.com/NickCH-K/causaldata
1991-12-31,Georgia: income,18070.0,median income,github.com/NickCH-K/causaldata
1992-12-31,Georgia: income,19075.0,median income,github.com/NickCH-K/causaldata
1993-12-31,Georgia: income,19719.0,median income,github.com/NickCH-K/causaldata
1994-12-31,Georgia: income,20711.0,median income,github.com/NickCH-K/causaldata
1995-12-31,Georgia: income,21677.0,median income,github.com/NickCH-K/causaldata
1996-12-31,Georgia: income,22945.0,median income,github.com/NickCH-K/causaldata
1997-12-31,Georgia: income,23795.0,median income,github.com/NickCH-K/causaldata
1998-12-31,Georgia: income,25279.0,median income,github.com/NickCH-K/causaldata
1999-12-31,Georgia: income,26359.0,median income,github.com/NickCH-K/causaldata
2000-12-31,Georgia: income,27989.0,median income,github.com/NickCH-K/causaldata
1985-12-31,Georgia: perc1519,8.299631,percent of population,github.com/NickCH-K/causaldata
1986-12-31,Georgia: perc1519,8.276225,percent of population,github.com/NickCH-K/causaldata
1987-12-31,Georgia: perc1519,8.182412,percent of population,github.com/NickCH-K/causaldata
1988-12-31,Georgia: perc1519,8.055014,percent of population,github.com/NickCH-K/causaldata
1989-12-31,Georgia: perc1519,7.8589864,percent of population,github.com/NickCH-K/causaldata
1990-12-31,Georgia: perc1519,7.6384983,percent of population,github.com/NickCH-K/causaldata
1991-12-31,Georgia: perc1519,7.2771025,percent of population,github.com/NickCH-K/causaldata
1992-12-31,Georgia: perc1519,7.108135,percent of population,github.com/NickCH-K/causaldata
1993-12-31,Georgia: perc1519,7.061007,percent of population,github.com/NickCH-K/causaldata
1994-12-31,Georgia: perc1519,7.108809,percent of population,github.com/NickCH-K/causaldata
1995-12-31,Georgia: perc1519,7.156611,percent of population,github.com/NickCH-K/causaldata
1996-12-31,Georgia: perc1519,7.2726965,percent of population,github.com/NickCH-K/causaldata
1997-12-31,Georgia: perc1519,7.3339977,percent of population,github.com/NickCH-K/causaldata
1998-12-31,Georgia: perc1519,7.3632016,percent of population,github.com/NickCH-K/causaldata
1999-12-31,Georgia: perc1519,7.328282,percent of population,github.com/NickCH-K/causaldata
2000-12-31,Georgia: perc1519,7.2582574,percent of population,github.com/NickCH-K/causaldata
1985-12-31,Georgia: poverty,17.7,rate,github.com/NickCH-K/causaldata
1986-12-31,Georgia: poverty,14.6,rate,github.com/NickCH-K/causaldata
1987-12-31,Georgia: poverty,14.6,rate,github.com/NickCH-K/causaldata
1988-12-31,Georgia: poverty,14.0,rate,github.com/NickCH-K/causaldata
1989-12-31,Georgia: poverty,15.0,rate,github.com/NickCH-K/causaldata
1990-12-31,Georgia: poverty,15.8,rate,github.com/NickCH-K/causaldata
1991-12-31,Georgia: poverty,17.2,rate,github.com/NickCH-K/causaldata
1992-12-31,Georgia: poverty,17.7,rate,github.com/NickCH-K/causaldata
1993-12-31,Georgia: poverty,13.5,rate,github.com/NickCH-K/causaldata
1994-12-31,Georgia: poverty,14.0,rate,github.com/NickCH-K/causaldata
1995-12-31,Georgia: poverty,12.1,rate,github.com/NickCH-K/causaldata
1996-12-31,Georgia: poverty,14.8,rate,github.com/NickCH-K/causaldata
1997-12-31,Georgia: poverty,14.5,rate,github.com/NickCH-K/causaldata
1998-12-31,Georgia: poverty,13.5,rate,github.com/NickCH-K/causaldata
1999-12-31,Georgia: poverty,12.8,rate,github.com/NickCH-K/causaldata
2000-12-31,Georgia: poverty,12.1,rate,github.com/NickCH-K/causaldata
1985-12-31,Georgia: ur,6.258333,rate,github.com/NickCH-K/causaldata
1986-12-31,Georgia: ur,5.875,rate,github.com/NickCH-K/causaldata
1987-12-31,Georgia: ur,5.5416665,rate,github.com/NickCH-K/causaldata
1988-12-31,Georgia: ur,5.525,rate,github.com/NickCH-K/causaldata
1989-12-31,Georgia: ur,5.2916665,rate,github.com/NickCH-K/causaldata
1990-12-31,Georgia: ur,5.1833334,rate,github.com/NickCH-K/causaldata
1991-12-31,Georgia: ur,5.016667,rate,github.com/NickCH-K/causaldata
1992-12-31,Georgia: ur,6.675,rate,github.com/NickCH-K/causaldata
1993-12-31,Georgia: ur,5.95,rate,github.com/NickCH-K/causaldata
1994-12-31,Georgia: ur,5.075,rate,github.com/NickCH-K/causaldata
1995-12-31,Georgia: ur,4.775,rate,github.com/NickCH-K/causaldata
1996-12-31,Georgia: ur,4.5833335,rate,github.com/NickCH-K/causaldata
1997-12-31,Georgia: ur,4.4666667,rate,github.com/NickCH-K/causaldata
1998-12-31,Georgia: ur,4.1583333,rate,github.com/NickCH-K/causaldata
1999-12-31,Georgia: ur,3.7833333,rate,github.com/NickCH-K/causaldata
2000-12-31,Georgia: ur,3.475,rate,github.com/NickCH-K/causaldata
1985-12-31,Georgia: wmprison,6138.0,persons,github.com/NickCH-K/causaldata
1986-12-31,Georgia: wmprison,6569.0,persons,github.com/NickCH-K/causaldata
1987-12-31,Georgia: wmprison,6782.0,persons,github.com/NickCH-K/causaldata
1988-12-31,Georgia: wmprison,6429.0,persons,github.com/NickCH-K/causaldata
1989-12-31,Georgia: wmprison,6696.0,persons,github.com/NickCH-K/causaldata
1990-12-31,Georgia: wmprison,7083.0,persons,github.com/NickCH-K/causaldata
1991-12-31,Georgia: wmprison,7130.0,persons,github.com/NickCH-K/causaldata
1992-12-31,Georgia: wmprison,7586.0,persons,github.com/NickCH-K/causaldata
1993-12-31,Georgia: wmprison,8153.0,persons,github.com/NickCH-K/causaldata
1994-12-31,Georgia: wmprison,10140.0,persons,github.com/NickCH-K/causaldata
1995-12-31,Georgia: wmprison,10291.0,persons,github.com/NickCH-K/causaldata
1996-12-31,Georgia: wmprison,10560.0,persons,github.com/NickCH-K/causaldata
1997-12-31,Georgia: wmprison,11103.0,persons,github.com/NickCH-K/causaldata
1998-12-31,Georgia: wmprison,12109.0,persons,github.com/NickCH-K/causaldata
1999-12-31,Georgia: wmprison,13048.0,persons,github.com/NickCH-K/causaldata
2000-12-31,Georgia: wmprison,13792.0,persons,github.com/NickCH-K/causaldata
1985-12-31,Hawaii: aidscapita,3.2693975,"AIDS deaths per 100,000",github.com/NickCH-K/causaldata
1986-12-31,Hawaii: aidscapita,3.517468,"AIDS deaths per 100,000",github.com/NickCH-K/causaldata
1987-12-31,Hawaii: aidscapita,4.8686357,"AIDS deaths per 100,000",github.com/NickCH-K/causaldata
1988-12-31,Hawaii: aidscapita,7.5927334,"AIDS deaths per 100,000",github.com/NickCH-K/causaldata
1989-12-31,Hawaii: aidscapita,8.03954,"AIDS deaths per 100,000",github.com/NickCH-K/causaldata
1990-12-31,Hawaii: aidscapita,9.87884,"AIDS deaths per 100,000",github.com/NickCH-K/causaldata
1991-12-31,Hawaii: aidscapita,12.667648,"AIDS deaths per 100,000",github.com/NickCH-K/causaldata
1992-12-31,Hawaii: aidscapita,12.6012745,"AIDS deaths per 100,000",github.com/NickCH-K/causaldata
1993-12-31,Hawaii: aidscapita,14.580019,"AIDS deaths per 100,000",github.com/NickCH-K/causaldata
1994-12-31,Hawaii: aidscapita,14.483771,"AIDS deaths per 100,000",github.com/NickCH-K/causaldata
1995-12-31,Hawaii: aidscapita,14.036799,"AIDS deaths per 100,000",github.com/NickCH-K/causaldata
1996-12-31,Hawaii: aidscapita,8.1411915,"AIDS deaths per 100,000",github.com/NickCH-K/causaldata
1997-12-31,Hawaii: aidscapita,4.8694334,"AIDS deaths per 100,000",github.com/NickCH-K/causaldata
1998-12-31,Hawaii: aidscapita,3.1269724,"AIDS deaths per 100,000",github.com/NickCH-K/causaldata
1999-12-31,Hawaii: aidscapita,2.891845,"AIDS deaths per 100,000",github.com/NickCH-K/causaldata
2000-12-31,Hawaii: aidscapita,2.9686534,"AIDS deaths per 100,000",github.com/NickCH-K/causaldata
1985-12-31,Hawaii: alcohol,2.88,per capita,github.com/NickCH-K/causaldata
1986-12-31,Hawaii: alcohol,2.88,per capita,github.com/NickCH-K/causaldata
1987-12-31,Hawaii: alcohol,2.73,per capita,github.com/NickCH-K/causaldata
1988-12-31,Hawaii: alcohol,2.86,per capita,github.com/NickCH-K/causaldata
1989-12-31,Hawaii: alcohol,2.76,per capita,github.com/NickCH-K/causaldata
1990-12-31,Hawaii: alcohol,2.84,per capita,github.com/NickCH-K/causaldata
1991-12-31,Hawaii: alcohol,2.67,per capita,github.com/NickCH-K/causaldata
1992-12-31,Hawaii: alcohol,2.63,per capita,github.com/NickCH-K/causaldata
1993-12-31,Hawaii: alcohol,2.51,per capita,github.com/NickCH-K/causaldata
1994-12-31,Hawaii: alcohol,2.47,per capita,github.com/NickCH-K/causaldata
1995-12-31,Hawaii: alcohol,2.32,per capita,github.com/NickCH-K/causaldata
1996-12-31,Hawaii: alcohol,2.34,per capita,github.com/NickCH-K/causaldata
1997-12-31,Hawaii: alcohol,2.3,per capita,github.com/NickCH-K/causaldata
1998-12-31,Hawaii: alcohol,2.22,per capita,github.com/NickCH-K/causaldata
1999-12-31,Hawaii: alcohol,2.26,per capita,github.com/NickCH-K/causaldata
2000-12-31,Hawaii: alcohol,2.33,per capita,github.com/NickCH-K/causaldata
1985-12-31,Hawaii: black,7.9494324,percent of population,github.com/NickCH-K/causaldata
1986-12-31,Hawaii: black,7.86692,percent of population,github.com/NickCH-K/causaldata
1987-12-31,Hawaii: black,7.769597,percent of population,github.com/NickCH-K/causaldata
1988-12-31,Hawaii: black,7.6763897,percent of population,github.com/NickCH-K/causaldata
1989-12-31,Hawaii: black,7.5921803,percent of population,github.com/NickCH-K/causaldata
1990-12-31,Hawaii: black,6.9399633,percent of population,github.com/NickCH-K/causaldata
1991-12-31,Hawaii: black,7.314233,percent of population,github.com/NickCH-K/causaldata
1992-12-31,Hawaii: black,7.9136915,percent of population,github.com/NickCH-K/causaldata
1993-12-31,Hawaii: black,7.9091563,percent of population,github.com/NickCH-K/causaldata
1994-12-31,Hawaii: black,8.107228,percent of population,github.com/NickCH-K/causaldata
1995-12-31,Hawaii: black,8.171312,percent of population,github.com/NickCH-K/causaldata
1996-12-31,Hawaii: black,8.169354,percent of population,github.com/NickCH-K/causaldata
1997-12-31,Hawaii: black,8.151962,percent of population,github.com/NickCH-K/causaldata
1998-12-31,Hawaii: black,8.2006445,percent of population,github.com/NickCH-K/causaldata
1999-12-31,Hawaii: black,7.9640164,percent of population,github.com/NickCH-K/causaldata
2000-12-31,Hawaii: black,7.616404,percent of population,github.com/NickCH-K/causaldata
1985-12-31,Hawaii: bmprison,98.0,persons,github.com/NickCH-K/causaldata
1986-12-31,Hawaii: bmprison,101.0,persons,github.com/NickCH-K/causaldata
1987-12-31,Hawaii: bmprison,109.0,persons,github.com/NickCH-K/causaldata
1988-12-31,Hawaii: bmprison,140.0,persons,github.com/NickCH-K/causaldata
1989-12-31,Hawaii: bmprison,137.0,persons,github.com/NickCH-K/causaldata
1990-12-31,Hawaii: bmprison,132.0,persons,github.com/NickCH-K/causaldata
1991-12-31,Hawaii: bmprison,145.0,persons,github.com/NickCH-K/causaldata
1992-12-31,Hawaii: bmprison,156.0,persons,github.com/NickCH-K/causaldata
1993-12-31,Hawaii: bmprison,152.0,persons,github.com/NickCH-K/causaldata
1994-12-31,Hawaii: bmprison,162.0,persons,github.com/NickCH-K/causaldata
1995-12-31,Hawaii: bmprison,156.0,persons,github.com/NickCH-K/causaldata
1996-12-31,Hawaii: bmprison,187.0,persons,github.com/NickCH-K/causaldata
1997-12-31,Hawaii: bmprison,208.0,persons,github.com/NickCH-K/causaldata
1998-12-31,Hawaii: bmprison,204.0,persons,github.com/NickCH-K/causaldata
1999-12-31,Hawaii: bmprison,192.0,persons,github.com/NickCH-K/causaldata
2000-12-31,Hawaii: bmprison,210.0,persons,github.com/NickCH-K/causaldata
1985-12-31,Hawaii: income,15688.0,median income,github.com/NickCH-K/causaldata
1986-12-31,Hawaii: income,16377.0,median income,github.com/NickCH-K/causaldata
1987-12-31,Hawaii: income,17217.0,median income,github.com/NickCH-K/causaldata
1988-12-31,Hawaii: income,18671.0,median income,github.com/NickCH-K/causaldata
1989-12-31,Hawaii: income,20521.0,median income,github.com/NickCH-K/causaldata
1990-12-31,Hawaii: income,22186.0,median income,github.com/NickCH-K/causaldata
1991-12-31,Hawaii: income,22895.0,median income,github.com/NickCH-K/causaldata
1992-12-31,Hawaii: income,24089.0,median income,github.com/NickCH-K/causaldata
1993-12-31,Hawaii: income,24555.0,median income,github.com/NickCH-K/causaldata
1994-12-31,Hawaii: income,24777.0,median income,github.com/NickCH-K/causaldata
1995-12-31,Hawaii: income,25004.0,median income,github.com/NickCH-K/causaldata
1996-12-31,Hawaii: income,25024.0,median income,github.com/NickCH-K/causaldata
1997-12-31,Hawaii: income,25587.0,median income,github.com/NickCH-K/causaldata
1998-12-31,Hawaii: income,26132.0,median income,github.com/NickCH-K/causaldata
1999-12-31,Hawaii: income,26973.0,median income,github.com/NickCH-K/causaldata
2000-12-31,Hawaii: income,28422.0,median income,github.com/NickCH-K/causaldata
1985-12-31,Hawaii: perc1519,7.349413,percent of population,github.com/NickCH-K/causaldata
1986-12-31,Hawaii: perc1519,7.2549205,percent of population,github.com/NickCH-K/causaldata
1987-12-31,Hawaii: perc1519,7.134611,percent of population,github.com/NickCH-K/causaldata
1988-12-31,Hawaii: perc1519,6.984111,percent of population,github.com/NickCH-K/causaldata
1989-12-31,Hawaii: perc1519,6.770846,percent of population,github.com/NickCH-K/causaldata
1990-12-31,Hawaii: perc1519,6.5307217,percent of population,github.com/NickCH-K/causaldata
1991-12-31,Hawaii: perc1519,6.445634,percent of population,github.com/NickCH-K/causaldata
1992-12-31,Hawaii: perc1519,6.5095077,percent of population,github.com/NickCH-K/causaldata
1993-12-31,Hawaii: perc1519,6.4950147,percent of population,github.com/NickCH-K/causaldata
1994-12-31,Hawaii: perc1519,6.518876,percent of population,github.com/NickCH-K/causaldata
1995-12-31,Hawaii: perc1519,6.566465,percent of population,github.com/NickCH-K/causaldata
1996-12-31,Hawaii: perc1519,6.6609898,percent of population,github.com/NickCH-K/causaldata
1997-12-31,Hawaii: perc1519,6.7073555,percent of population,github.com/NickCH-K/causaldata
1998-12-31,Hawaii: perc1519,6.7508864,percent of population,github.com/NickCH-K/causaldata
1999-12-31,Hawaii: perc1519,6.7362638,percent of population,github.com/NickCH-K/causaldata
2000-12-31,Hawaii: perc1519,6.686892,percent of population,github.com/NickCH-K/causaldata
1985-12-31,Hawaii: poverty,10.7,rate,github.com/NickCH-K/causaldata
1986-12-31,Hawaii: poverty,10.7,rate,github.com/NickCH-K/causaldata
1987-12-31,Hawaii: poverty,8.8,rate,github.com/NickCH-K/causaldata
1988-12-31,Hawaii: poverty,11.1,rate,github.com/NickCH-K/causaldata
1989-12-31,Hawaii: poverty,11.3,rate,github.com/NickCH-K/causaldata
1990-12-31,Hawaii: poverty,11.0,rate,github.com/NickCH-K/causaldata
1991-12-31,Hawaii: poverty,7.7,rate,github.com/NickCH-K/causaldata
1992-12-31,Hawaii: poverty,11.2,rate,github.com/NickCH-K/causaldata
1993-12-31,Hawaii: poverty,8.0,rate,github.com/NickCH-K/causaldata
1994-12-31,Hawaii: poverty,8.7,rate,github.com/NickCH-K/causaldata
1995-12-31,Hawaii: poverty,10.3,rate,github.com/NickCH-K/causaldata
1996-12-31,Hawaii: poverty,12.1,rate,github.com/NickCH-K/causaldata
1997-12-31,Hawaii: poverty,13.9,rate,github.com/NickCH-K/causaldata
1998-12-31,Hawaii: poverty,10.9,rate,github.com/NickCH-K/causaldata
1999-12-31,Hawaii: poverty,10.8,rate,github.com/NickCH-K/causaldata
2000-12-31,Hawaii: poverty,8.9,rate,github.com/NickCH-K/causaldata
1985-12-31,Hawaii: ur,5.0416665,rate,github.com/NickCH-K/causaldata
1986-12-31,Hawaii: ur,4.508333,rate,github.com/NickCH-K/causaldata
1987-12-31,Hawaii: ur,3.6416667,rate,github.com/NickCH-K/causaldata
1988-12-31,Hawaii: ur,3.0416665,rate,github.com/NickCH-K/causaldata
1989-12-31,Hawaii: ur,2.3916667,rate,github.com/NickCH-K/causaldata
1990-12-31,Hawaii: ur,2.425,rate,github.com/NickCH-K/causaldata
1991-12-31,Hawaii: ur,2.775,rate,github.com/NickCH-K/causaldata
1992-12-31,Hawaii: ur,4.241667,rate,github.com/NickCH-K/causaldata
1993-12-31,Hawaii: ur,4.366667,rate,github.com/NickCH-K/causaldata
1994-12-31,Hawaii: ur,5.133333,rate,github.com/NickCH-K/causaldata
1995-12-31,Hawaii: ur,5.508333,rate,github.com/NickCH-K/causaldata
1996-12-31,Hawaii: ur,5.875,rate,github.com/NickCH-K/causaldata
1997-12-31,Hawaii: ur,5.7916665,rate,github.com/NickCH-K/causaldata
1998-12-31,Hawaii: ur,5.65,rate,github.com/NickCH-K/causaldata
1999-12-31,Hawaii: ur,4.991667,rate,github.com/NickCH-K/causaldata
2000-12-31,Hawaii: ur,3.95,rate,github.com/NickCH-K/causaldata
1985-12-31,Hawaii: wmprison,491.0,persons,github.com/NickCH-K/causaldata
1986-12-31,Hawaii: wmprison,530.0,persons,github.com/NickCH-K/causaldata
1987-12-31,Hawaii: wmprison,520.0,persons,github.com/NickCH-K/causaldata
1988-12-31,Hawaii: wmprison,632.0,persons,github.com/NickCH-K/causaldata
1989-12-31,Hawaii: wmprison,599.0,persons,github.com/NickCH-K/causaldata
1990-12-31,Hawaii: wmprison,538.0,persons,github.com/NickCH-K/causaldata
1991-12-31,Hawaii: wmprison,592.0,persons,github.com/NickCH-K/causaldata
1992-12-31,Hawaii: wmprison,547.0,persons,github.com/NickCH-K/causaldata
1993-12-31,Hawaii: wmprison,581.0,persons,github.com/NickCH-K/causaldata
1994-12-31,Hawaii: wmprison,604.0,persons,github.com/NickCH-K/causaldata
1995-12-31,Hawaii: wmprison,630.0,persons,github.com/NickCH-K/causaldata
1996-12-31,Hawaii: wmprison,768.0,persons,github.com/NickCH-K/causaldata
1997-12-31,Hawaii: wmprison,890.0,persons,github.com/NickCH-K/causaldata
1998-12-31,Hawaii: wmprison,934.0,persons,github.com/NickCH-K/causaldata
1999-12-31,Hawaii: wmprison,882.0,persons,github.com/NickCH-K/causaldata
2000-12-31,Hawaii: wmprison,1019.0,persons,github.com/NickCH-K/causaldata
1985-12-31,Idaho: aidscapita,0.0,"AIDS deaths per 100,000",github.com/NickCH-K/causaldata
1986-12-31,Idaho: aidscapita,0.0,"AIDS deaths per 100,000",github.com/NickCH-K/causaldata
1987-12-31,Idaho: aidscapita,0.91353583,"AIDS deaths per 100,000",github.com/NickCH-K/causaldata
1988-12-31,Idaho: aidscapita,1.2171546,"AIDS deaths per 100,000",github.com/NickCH-K/causaldata
1989-12-31,Idaho: aidscapita,0.8043798,"AIDS deaths per 100,000",github.com/NickCH-K/causaldata
1990-12-31,Idaho: aidscapita,2.0743117,"AIDS deaths per 100,000",github.com/NickCH-K/causaldata
1991-12-31,Idaho: aidscapita,1.5365173,"AIDS deaths per 100,000",github.com/NickCH-K/causaldata
1992-12-31,Idaho: aidscapita,2.706019,"AIDS deaths per 100,000",github.com/NickCH-K/causaldata
1993-12-31,Idaho: aidscapita,3.1566567,"AIDS deaths per 100,000",github.com/NickCH-K/causaldata
1994-12-31,Idaho: aidscapita,3.0563948,"AIDS deaths per 100,000",github.com/NickCH-K/causaldata
1995-12-31,Idaho: aidscapita,3.3126028,"AIDS deaths per 100,000",github.com/NickCH-K/causaldata
1996-12-31,Idaho: aidscapita,2.0779946,"AIDS deaths per 100,000",github.com/NickCH-K/causaldata
1997-12-31,Idaho: aidscapita,1.1395826,"AIDS deaths per 100,000",github.com/NickCH-K/causaldata
1998-12-31,Idaho: aidscapita,1.4373208,"AIDS deaths per 100,000",github.com/NickCH-K/causaldata
1999-12-31,Idaho: aidscapita,0.0,"AIDS deaths per 100,000",github.com/NickCH-K/causaldata
2000-12-31,Idaho: aidscapita,0.38469794,"AIDS deaths per 100,000",github.com/NickCH-K/causaldata
1985-12-31,Idaho: alcohol,2.42,per capita,github.com/NickCH-K/causaldata
1986-12-31,Idaho: alcohol,2.33,per capita,github.com/NickCH-K/causaldata
1987-12-31,Idaho: alcohol,2.26,per capita,github.com/NickCH-K/causaldata
1988-12-31,Idaho: alcohol,2.18,per capita,github.com/NickCH-K/causaldata
1989-12-31,Idaho: alcohol,2.09,per capita,github.com/NickCH-K/causaldata
1990-12-31,Idaho: alcohol,2.27,per capita,github.com/NickCH-K/causaldata
1991-12-31,Idaho: alcohol,2.19,per capita,github.com/NickCH-K/causaldata
1992-12-31,Idaho: alcohol,2.2,per capita,github.com/NickCH-K/causaldata
1993-12-31,Idaho: alcohol,2.11,per capita,github.com/NickCH-K/causaldata
1994-12-31,Idaho: alcohol,2.12,per capita,github.com/NickCH-K/causaldata
1995-12-31,Idaho: alcohol,1.98,per capita,github.com/NickCH-K/causaldata
1996-12-31,Idaho: alcohol,1.98,per capita,github.com/NickCH-K/causaldata
1997-12-31,Idaho: alcohol,2.0,per capita,github.com/NickCH-K/causaldata
1998-12-31,Idaho: alcohol,2.25,per capita,github.com/NickCH-K/causaldata
1999-12-31,Idaho: alcohol,2.36,per capita,github.com/NickCH-K/causaldata
2000-12-31,Idaho: alcohol,2.32,per capita,github.com/NickCH-K/causaldata
1985-12-31,Idaho: black,0.23065238,percent of population,github.com/NickCH-K/causaldata
1986-12-31,Idaho: black,0.22905523,percent of population,github.com/NickCH-K/causaldata
1987-12-31,Idaho: black,0.22683814,percent of population,github.com/NickCH-K/causaldata
1988-12-31,Idaho: black,0.22424537,percent of population,github.com/NickCH-K/causaldata
1989-12-31,Idaho: black,0.22241163,percent of population,github.com/NickCH-K/causaldata
1990-12-31,Idaho: black,0.33340475,percent of population,github.com/NickCH-K/causaldata
1991-12-31,Idaho: black,0.35322738,percent of population,github.com/NickCH-K/causaldata
1992-12-31,Idaho: black,0.36404192,percent of population,github.com/NickCH-K/causaldata
1993-12-31,Idaho: black,0.39953583,percent of population,github.com/NickCH-K/causaldata
1994-12-31,Idaho: black,0.40179536,percent of population,github.com/NickCH-K/causaldata
1995-12-31,Idaho: black,0.42868412,percent of population,github.com/NickCH-K/causaldata
1996-12-31,Idaho: black,0.4276884,percent of population,github.com/NickCH-K/causaldata
1997-12-31,Idaho: black,0.42430937,percent of population,github.com/NickCH-K/causaldata
1998-12-31,Idaho: black,0.46320093,percent of population,github.com/NickCH-K/causaldata
1999-12-31,Idaho: black,0.4849701,percent of population,github.com/NickCH-K/causaldata
2000-12-31,Idaho: black,0.58787805,percent of population,github.com/NickCH-K/causaldata
1985-12-31,Idaho: bmprison,31.0,persons,github.com/NickCH-K/causaldata
1986-12-31,Idaho: bmprison,31.0,persons,github.com/NickCH-K/causaldata
1987-12-31,Idaho: bmprison,25.0,persons,github.com/NickCH-K/causaldata
1988-12-31,Idaho: bmprison,23.0,persons,github.com/NickCH-K/causaldata
1989-12-31,Idaho: bmprison,24.0,persons,github.com/NickCH-K/causaldata
1990-12-31,Idaho: bmprison,27.0,persons,github.com/NickCH-K/causaldata
1991-12-31,Idaho: bmprison,29.0,persons,github.com/NickCH-K/causaldata
1992-12-31,Idaho: bmprison,26.0,persons,github.com/NickCH-K/causaldata
1993-12-31,Idaho: bmprison,47.0,persons,github.com/NickCH-K/causaldata
1994-12-31,Idaho: bmprison,35.0,persons,github.com/NickCH-K/causaldata
1995-12-31,Idaho: bmprison,50.0,persons,github.com/NickCH-K/causaldata
1996-12-31,Idaho: bmprison,57.0,persons,github.com/NickCH-K/causaldata
1997-12-31,Idaho: bmprison,59.0,persons,github.com/NickCH-K/causaldata
1998-12-31,Idaho: bmprison,53.0,persons,github.com/NickCH-K/causaldata
1999-12-31,Idaho: bmprison,71.0,persons,github.com/NickCH-K/causaldata
2000-12-31,Idaho: bmprison,74.0,persons,github.com/NickCH-K/causaldata
1985-12-31,Idaho: income,11641.0,median income,github.com/NickCH-K/causaldata
1986-12-31,Idaho: income,11949.0,median income,github.com/NickCH-K/causaldata
1987-12-31,Idaho: income,12554.0,median income,github.com/NickCH-K/causaldata
1988-12-31,Idaho: income,13493.0,median income,github.com/NickCH-K/causaldata
1989-12-31,Idaho: income,14729.0,median income,github.com/NickCH-K/causaldata
1990-12-31,Idaho: income,15724.0,median income,github.com/NickCH-K/causaldata
1991-12-31,Idaho: income,16030.0,median income,github.com/NickCH-K/causaldata
1992-12-31,Idaho: income,17093.0,median income,github.com/NickCH-K/causaldata
1993-12-31,Idaho: income,18103.0,median income,github.com/NickCH-K/causaldata
1994-12-31,Idaho: income,18707.0,median income,github.com/NickCH-K/causaldata
1995-12-31,Idaho: income,19426.0,median income,github.com/NickCH-K/causaldata
1996-12-31,Idaho: income,20248.0,median income,github.com/NickCH-K/causaldata
1997-12-31,Idaho: income,20648.0,median income,github.com/NickCH-K/causaldata
1998-12-31,Idaho: income,21789.0,median income,github.com/NickCH-K/causaldata
1999-12-31,Idaho: income,22786.0,median income,github.com/NickCH-K/causaldata
2000-12-31,Idaho: income,24075.0,median income,github.com/NickCH-K/causaldata
1985-12-31,Idaho: perc1519,8.3151045,percent of population,github.com/NickCH-K/causaldata
1986-12-31,Idaho: perc1519,8.39443,percent of population,github.com/NickCH-K/causaldata
1987-12-31,Idaho: perc1519,8.363929,percent of population,github.com/NickCH-K/causaldata
1988-12-31,Idaho: perc1519,8.283954,percent of population,github.com/NickCH-K/causaldata
1989-12-31,Idaho: perc1519,8.133487,percent of population,github.com/NickCH-K/causaldata
1990-12-31,Idaho: perc1519,8.042601,percent of population,github.com/NickCH-K/causaldata
1991-12-31,Idaho: perc1519,8.047894,percent of population,github.com/NickCH-K/causaldata
1992-12-31,Idaho: perc1519,8.214821,percent of population,github.com/NickCH-K/causaldata
1993-12-31,Idaho: perc1519,8.422591,percent of population,github.com/NickCH-K/causaldata
1994-12-31,Idaho: perc1519,8.664792,percent of population,github.com/NickCH-K/causaldata
1995-12-31,Idaho: perc1519,8.832588,percent of population,github.com/NickCH-K/causaldata
1996-12-31,Idaho: perc1519,8.940946,percent of population,github.com/NickCH-K/causaldata
1997-12-31,Idaho: perc1519,8.963957,percent of population,github.com/NickCH-K/causaldata
1998-12-31,Idaho: perc1519,8.929595,percent of population,github.com/NickCH-K/causaldata
1999-12-31,Idaho: perc1519,8.747297,percent of population,github.com/NickCH-K/causaldata
2000-12-31,Idaho: perc1519,8.536294,percent of population,github.com/NickCH-K/causaldata
1985-12-31,Idaho: poverty,16.0,rate,github.com/NickCH-K/causaldata
1986-12-31,Idaho: poverty,18.5,rate,github.com/NickCH-K/causaldata
1987-12-31,Idaho: poverty,15.1,rate,github.com/NickCH-K/causaldata
1988-12-31,Idaho: poverty,12.5,rate,github.com/NickCH-K/causaldata
1989-12-31,Idaho: poverty,12.4,rate,github.com/NickCH-K/causaldata
1990-12-31,Idaho: poverty,14.9,rate,github.com/NickCH-K/causaldata
1991-12-31,Idaho: poverty,13.9,rate,github.com/NickCH-K/causaldata
1992-12-31,Idaho: poverty,15.2,rate,github.com/NickCH-K/causaldata
1993-12-31,Idaho: poverty,13.1,rate,github.com/NickCH-K/causaldata
1994-12-31,Idaho: poverty,12.0,rate,github.com/NickCH-K/causaldata
1995-12-31,Idaho: poverty,14.5,rate,github.com/NickCH-K/causaldata
1996-12-31,Idaho: poverty,11.9,rate,github.com/NickCH-K/causaldata
1997-12-31,Idaho: poverty,14.7,rate,github.com/NickCH-K/causaldata
1998-12-31,Idaho: poverty,13.0,rate,github.com/NickCH-K/causaldata
1999-12-31,Idaho: poverty,14.1,rate,github.com/NickCH-K/causaldata
2000-12-31,Idaho: poverty,12.5,rate,github.com/NickCH-K/causaldata
1985-12-31,Idaho: ur,7.85,rate,github.com/NickCH-K/causaldata
1986-12-31,Idaho: ur,8.108334,rate,github.com/NickCH-K/causaldata
1987-12-31,Idaho: ur,7.5499997,rate,github.com/NickCH-K/causaldata
1988-12-31,Idaho: ur,6.0666666,rate,github.com/NickCH-K/causaldata
1989-12-31,Idaho: ur,5.3,rate,github.com/NickCH-K/causaldata
1990-12-31,Idaho: ur,5.4833336,rate,github.com/NickCH-K/causaldata
1991-12-31,Idaho: ur,5.9666667,rate,github.com/NickCH-K/causaldata
1992-12-31,Idaho: ur,6.425,rate,github.com/NickCH-K/causaldata
1993-12-31,Idaho: ur,6.116667,rate,github.com/NickCH-K/causaldata
1994-12-31,Idaho: ur,5.45,rate,github.com/NickCH-K/causaldata
1995-12-31,Idaho: ur,5.258333,rate,github.com/NickCH-K/causaldata
1996-12-31,Idaho: ur,5.3333335,rate,github.com/NickCH-K/causaldata
1997-12-31,Idaho: ur,5.05,rate,github.com/NickCH-K/causaldata
1998-12-31,Idaho: ur,5.1416664,rate,github.com/NickCH-K/causaldata
1999-12-31,Idaho: ur,4.8916664,rate,github.com/NickCH-K/causaldata
2000-12-31,Idaho: ur,4.6083336,rate,github.com/NickCH-K/causaldata
1985-12-31,Idaho: wmprison,1215.0,persons,github.com/NickCH-K/causaldata
1986-12-31,Idaho: wmprison,1307.0,persons,github.com/NickCH-K/causaldata
1987-12-31,Idaho: wmprison,1286.0,persons,github.com/NickCH-K/causaldata
1988-12-31,Idaho: wmprison,1419.0,persons,github.com/NickCH-K/causaldata
1989-12-31,Idaho: wmprison,1559.0,persons,github.com/NickCH-K/causaldata
1990-12-31,Idaho: wmprison,1720.0,persons,github.com/NickCH-K/causaldata
1991-12-31,Idaho: wmprison,1888.0,persons,github.com/NickCH-K/causaldata
1992-12-31,Idaho: wmprison,1983.0,persons,github.com/NickCH-K/causaldata
1993-12-31,Idaho: wmprison,2237.0,persons,github.com/NickCH-K/causaldata
1994-12-31,Idaho: wmprison,2144.0,persons,github.com/NickCH-K/causaldata
1995-12-31,Idaho: wmprison,2506.0,persons,github.com/NickCH-K/causaldata
1996-12-31,Idaho: wmprison,2863.0,persons,github.com/NickCH-K/causaldata
1997-12-31,Idaho: wmprison,2927.0,persons,github.com/NickCH-K/causaldata
1998-12-31,Idaho: wmprison,3039.0,persons,github.com/NickCH-K/causaldata
1999-12-31,Idaho: wmprison,4111.0,persons,github.com/NickCH-K/causaldata
2000-12-31,Idaho: wmprison,3928.0,persons,github.com/NickCH-K/causaldata
1985-12-31,Illinois: aidscapita,1.4645807,"AIDS deaths per 100,000",github.com/NickCH-K/causaldata
1986-12-31,Illinois: aidscapita,2.7219968,"AIDS deaths per 100,000",github.com/NickCH-K/causaldata
1987-12-31,Illinois: aidscapita,3.9147658,"AIDS deaths per 100,000",github.com/NickCH-K/causaldata
1988-12-31,Illinois: aidscapita,5.6004643,"AIDS deaths per 100,000",github.com/NickCH-K/causaldata
1989-12-31,Illinois: aidscapita,7.7914753,"AIDS deaths per 100,000",github.com/NickCH-K/causaldata
1990-12-31,Illinois: aidscapita,8.565205,"AIDS deaths per 100,000",github.com/NickCH-K/causaldata
1991-12-31,Illinois: aidscapita,10.597319,"AIDS deaths per 100,000",github.com/NickCH-K/causaldata
1992-12-31,Illinois: aidscapita,12.510492,"AIDS deaths per 100,000",github.com/NickCH-K/causaldata
1993-12-31,Illinois: aidscapita,13.878564,"AIDS deaths per 100,000",github.com/NickCH-K/causaldata
1994-12-31,Illinois: aidscapita,14.581218,"AIDS deaths per 100,000",github.com/NickCH-K/causaldata
1995-12-31,Illinois: aidscapita,14.806256,"AIDS deaths per 100,000",github.com/NickCH-K/causaldata
1996-12-31,Illinois: aidscapita,11.6509695,"AIDS deaths per 100,000",github.com/NickCH-K/causaldata
1997-12-31,Illinois: aidscapita,6.392731,"AIDS deaths per 100,000",github.com/NickCH-K/causaldata
1998-12-31,Illinois: aidscapita,5.818195,"AIDS deaths per 100,000",github.com/NickCH-K/causaldata
1999-12-31,Illinois: aidscapita,4.6524725,"AIDS deaths per 100,000",github.com/NickCH-K/causaldata
2000-12-31,Illinois: aidscapita,4.541492,"AIDS deaths per 100,000",github.com/NickCH-K/causaldata
1985-12-31,Illinois: alcohol,2.72,per capita,github.com/NickCH-K/causaldata
1986-12-31,Illinois: alcohol,2.68,per capita,github.com/NickCH-K/causaldata
1987-12-31,Illinois: alcohol,2.66,per capita,github.com/NickCH-K/causaldata
1988-12-31,Illinois: alcohol,2.64,per capita,github.com/NickCH-K/causaldata
1989-12-31,Illinois: alcohol,2.56,per capita,github.com/NickCH-K/causaldata
1990-12-31,Illinois: alcohol,2.62,per capita,github.com/NickCH-K/causaldata
1991-12-31,Illinois: alcohol,2.48,per capita,github.com/NickCH-K/causaldata
1992-12-31,Illinois: alcohol,2.43,per capita,github.com/NickCH-K/causaldata
1993-12-31,Illinois: alcohol,2.38,per capita,github.com/NickCH-K/causaldata
1994-12-31,Illinois: alcohol,2.35,per capita,github.com/NickCH-K/causaldata
1995-12-31,Illinois: alcohol,2.29,per capita,github.com/NickCH-K/causaldata
1996-12-31,Illinois: alcohol,2.3,per capita,github.com/NickCH-K/causaldata
1997-12-31,Illinois: alcohol,2.26,per capita,github.com/NickCH-K/causaldata
1998-12-31,Illinois: alcohol,2.25,per capita,github.com/NickCH-K/causaldata
1999-12-31,Illinois: alcohol,2.27,per capita,github.com/NickCH-K/causaldata
2000-12-31,Illinois: alcohol,2.24,per capita,github.com/NickCH-K/causaldata
1985-12-31,Illinois: black,16.581856,percent of population,github.com/NickCH-K/causaldata
1986-12-31,Illinois: black,16.550257,percent of population,github.com/NickCH-K/causaldata
1987-12-31,Illinois: black,16.516014,percent of population,github.com/NickCH-K/causaldata
1988-12-31,Illinois: black,16.48927,percent of population,github.com/NickCH-K/causaldata
1989-12-31,Illinois: black,16.461693,percent of population,github.com/NickCH-K/causaldata
1990-12-31,Illinois: black,16.403374,percent of population,github.com/NickCH-K/causaldata
1991-12-31,Illinois: black,16.577324,percent of population,github.com/NickCH-K/causaldata
1992-12-31,Illinois: black,16.776812,percent of population,github.com/NickCH-K/causaldata
1993-12-31,Illinois: black,16.992579,percent of population,github.com/NickCH-K/causaldata
1994-12-31,Illinois: black,17.181564,percent of population,github.com/NickCH-K/causaldata
1995-12-31,Illinois: black,17.362085,percent of population,github.com/NickCH-K/causaldata
1996-12-31,Illinois: black,17.51935,percent of population,github.com/NickCH-K/causaldata
1997-12-31,Illinois: black,17.695417,percent of population,github.com/NickCH-K/causaldata
1998-12-31,Illinois: black,17.858059,percent of population,github.com/NickCH-K/causaldata
1999-12-31,Illinois: black,18.051342,percent of population,github.com/NickCH-K/causaldata
2000-12-31,Illinois: black,18.201712,percent of population,github.com/NickCH-K/causaldata
1985-12-31,Illinois: bmprison,10721.0,persons,github.com/NickCH-K/causaldata
1986-12-31,Illinois: bmprison,11103.0,persons,github.com/NickCH-K/causaldata
1987-12-31,Illinois: bmprison,11422.0,persons,github.com/NickCH-K/causaldata
1988-12-31,Illinois: bmprison,11975.0,persons,github.com/NickCH-K/causaldata
1989-12-31,Illinois: bmprison,14276.0,persons,github.com/NickCH-K/causaldata
1990-12-31,Illinois: bmprison,16220.0,persons,github.com/NickCH-K/causaldata
1991-12-31,Illinois: bmprison,17501.0,persons,github.com/NickCH-K/causaldata
1992-12-31,Illinois: bmprison,19444.0,persons,github.com/NickCH-K/causaldata
1993-12-31,Illinois: bmprison,21428.0,persons,github.com/NickCH-K/causaldata
1994-12-31,Illinois: bmprison,22794.0,persons,github.com/NickCH-K/causaldata
1995-12-31,Illinois: bmprison,23153.0,persons,github.com/NickCH-K/causaldata
1996-12-31,Illinois: bmprison,23751.0,persons,github.com/NickCH-K/causaldata
1997-12-31,Illinois: bmprison,24841.0,persons,github.com/NickCH-K/causaldata
1998-12-31,Illinois: bmprison,26374.0,persons,github.com/NickCH-K/causaldata
1999-12-31,Illinois: bmprison,27204.0,persons,github.com/NickCH-K/causaldata
2000-12-31,Illinois: bmprison,27271.0,persons,github.com/NickCH-K/causaldata
1985-12-31,Illinois: income,15661.0,median income,github.com/NickCH-K/causaldata
1986-12-31,Illinois: income,16424.0,median income,github.com/NickCH-K/causaldata
1987-12-31,Illinois: income,17347.0,median income,github.com/NickCH-K/causaldata
1988-12-31,Illinois: income,18613.0,median income,github.com/NickCH-K/causaldata
1989-12-31,Illinois: income,19770.0,median income,github.com/NickCH-K/causaldata
1990-12-31,Illinois: income,20824.0,median income,github.com/NickCH-K/causaldata
1991-12-31,Illinois: income,21215.0,median income,github.com/NickCH-K/causaldata
1992-12-31,Illinois: income,22550.0,median income,github.com/NickCH-K/causaldata
1993-12-31,Illinois: income,22962.0,median income,github.com/NickCH-K/causaldata
1994-12-31,Illinois: income,23969.0,median income,github.com/NickCH-K/causaldata
1995-12-31,Illinois: income,25123.0,median income,github.com/NickCH-K/causaldata
1996-12-31,Illinois: income,26449.0,median income,github.com/NickCH-K/causaldata
1997-12-31,Illinois: income,27729.0,median income,github.com/NickCH-K/causaldata
1998-12-31,Illinois: income,29343.0,median income,github.com/NickCH-K/causaldata
1999-12-31,Illinois: income,30212.0,median income,github.com/NickCH-K/causaldata
2000-12-31,Illinois: income,32185.0,median income,github.com/NickCH-K/causaldata
1985-12-31,Illinois: perc1519,7.9198384,percent of population,github.com/NickCH-K/causaldata
1986-12-31,Illinois: perc1519,7.885291,percent of population,github.com/NickCH-K/causaldata
1987-12-31,Illinois: perc1519,7.764394,percent of population,github.com/NickCH-K/causaldata
1988-12-31,Illinois: perc1519,7.601682,percent of population,github.com/NickCH-K/causaldata
1989-12-31,Illinois: perc1519,7.370788,percent of population,github.com/NickCH-K/causaldata
1990-12-31,Illinois: perc1519,7.1209683,percent of population,github.com/NickCH-K/causaldata
1991-12-31,Illinois: perc1519,6.8583755,percent of population,github.com/NickCH-K/causaldata
1992-12-31,Illinois: perc1519,6.7560678,percent of population,github.com/NickCH-K/causaldata
1993-12-31,Illinois: perc1519,6.7377253,percent of population,github.com/NickCH-K/causaldata
1994-12-31,Illinois: perc1519,6.8115444,percent of population,github.com/NickCH-K/causaldata
1995-12-31,Illinois: perc1519,6.9421606,percent of population,github.com/NickCH-K/causaldata
1996-12-31,Illinois: perc1519,7.0820293,percent of population,github.com/NickCH-K/causaldata
1997-12-31,Illinois: perc1519,7.168287,percent of population,github.com/NickCH-K/causaldata
1998-12-31,Illinois: perc1519,7.2384133,percent of population,github.com/NickCH-K/causaldata
1999-12-31,Illinois: perc1519,7.2313905,percent of population,github.com/NickCH-K/causaldata
2000-12-31,Illinois: perc1519,7.1670127,percent of population,github.com/NickCH-K/causaldata
1985-12-31,Illinois: poverty,15.6,rate,github.com/NickCH-K/causaldata
1986-12-31,Illinois: poverty,13.3,rate,github.com/NickCH-K/causaldata
1987-12-31,Illinois: poverty,14.4,rate,github.com/NickCH-K/causaldata
1988-12-31,Illinois: poverty,12.7,rate,github.com/NickCH-K/causaldata
1989-12-31,Illinois: poverty,12.7,rate,github.com/NickCH-K/causaldata
1990-12-31,Illinois: poverty,13.7,rate,github.com/NickCH-K/causaldata
1991-12-31,Illinois: poverty,13.5,rate,github.com/NickCH-K/causaldata
1992-12-31,Illinois: poverty,15.6,rate,github.com/NickCH-K/causaldata
1993-12-31,Illinois: poverty,13.6,rate,github.com/NickCH-K/causaldata
1994-12-31,Illinois: poverty,12.4,rate,github.com/NickCH-K/causaldata
1995-12-31,Illinois: poverty,12.4,rate,github.com/NickCH-K/causaldata
1996-12-31,Illinois: poverty,12.1,rate,github.com/NickCH-K/causaldata
1997-12-31,Illinois: poverty,11.2,rate,github.com/NickCH-K/causaldata
1998-12-31,Illinois: poverty,10.1,rate,github.com/NickCH-K/causaldata
1999-12-31,Illinois: poverty,9.9,rate,github.com/NickCH-K/causaldata
2000-12-31,Illinois: poverty,10.7,rate,github.com/NickCH-K/causaldata
1985-12-31,Illinois: ur,9.075,rate,github.com/NickCH-K/causaldata
1986-12-31,Illinois: ur,8.258333,rate,github.com/NickCH-K/causaldata
1987-12-31,Illinois: ur,7.4166665,rate,github.com/NickCH-K/causaldata
1988-12-31,Illinois: ur,6.7833333,rate,github.com/NickCH-K/causaldata
1989-12-31,Illinois: ur,6.075,rate,github.com/NickCH-K/causaldata
1990-12-31,Illinois: ur,6.258333,rate,github.com/NickCH-K/causaldata
1991-12-31,Illinois: ur,7.241667,rate,github.com/NickCH-K/causaldata
1992-12-31,Illinois: ur,7.8333335,rate,github.com/NickCH-K/causaldata
1993-12-31,Illinois: ur,7.383333,rate,github.com/NickCH-K/causaldata
1994-12-31,Illinois: ur,5.8,rate,github.com/NickCH-K/causaldata
1995-12-31,Illinois: ur,5.1916666,rate,github.com/NickCH-K/causaldata
1996-12-31,Illinois: ur,5.3083334,rate,github.com/NickCH-K/causaldata
1997-12-31,Illinois: ur,4.825,rate,github.com/NickCH-K/causaldata
1998-12-31,Illinois: ur,4.4666667,rate,github.com/NickCH-K/causaldata
1999-12-31,Illinois: ur,4.45,rate,github.com/NickCH-K/causaldata
2000-12-31,Illinois: ur,4.5,rate,github.com/NickCH-K/causaldata
1985-12-31,Illinois: wmprison,5828.0,persons,github.com/NickCH-K/causaldata
1986-12-31,Illinois: wmprison,6112.0,persons,github.com/NickCH-K/causaldata
1987-12-31,Illinois: wmprison,6103.0,persons,github.com/NickCH-K/causaldata
1988-12-31,Illinois: wmprison,6338.0,persons,github.com/NickCH-K/causaldata
1989-12-31,Illinois: wmprison,7176.0,persons,github.com/NickCH-K/causaldata
1990-12-31,Illinois: wmprison,7556.0,persons,github.com/NickCH-K/causaldata
1991-12-31,Illinois: wmprison,7685.0,persons,github.com/NickCH-K/causaldata
1992-12-31,Illinois: wmprison,7865.0,persons,github.com/NickCH-K/causaldata
1993-12-31,Illinois: wmprison,8105.0,persons,github.com/NickCH-K/causaldata
1994-12-31,Illinois: wmprison,8421.0,persons,github.com/NickCH-K/causaldata
1995-12-31,Illinois: wmprison,8637.0,persons,github.com/NickCH-K/causaldata
1996-12-31,Illinois: wmprison,8930.0,persons,github.com/NickCH-K/causaldata
1997-12-31,Illinois: wmprison,9412.0,persons,github.com/NickCH-K/causaldata
1998-12-31,Illinois: wmprison,9735.0,persons,github.com/NickCH-K/causaldata
1999-12-31,Illinois: wmprison,10167.0,persons,github.com/NickCH-K/causaldata
2000-12-31,Illinois: wmprison,10608.0,persons,github.com/NickCH-K/causaldata
1985-12-31,Indiana: aidscapita,0.42119613,"AIDS deaths per 100,000",github.com/NickCH-K/causaldata
1986-12-31,Indiana: aidscapita,1.2282588,"AIDS deaths per 100,000",github.com/NickCH-K/causaldata
1987-12-31,Indiana: aidscapita,1.6259195,"AIDS deaths per 100,000",github.com/NickCH-K/causaldata
1988-12-31,Indiana: aidscapita,2.2757788,"AIDS deaths per 100,000",github.com/NickCH-K/causaldata
1989-12-31,Indiana: aidscapita,3.1319184,"AIDS deaths per 100,000",github.com/NickCH-K/causaldata
1990-12-31,Indiana: aidscapita,3.7964675,"AIDS deaths per 100,000",github.com/NickCH-K/causaldata
1991-12-31,Indiana: aidscapita,4.66492,"AIDS deaths per 100,000",github.com/NickCH-K/causaldata
1992-12-31,Indiana: aidscapita,5.815442,"AIDS deaths per 100,000",github.com/NickCH-K/causaldata
1993-12-31,Indiana: aidscapita,6.6213408,"AIDS deaths per 100,000",github.com/NickCH-K/causaldata
1994-12-31,Indiana: aidscapita,7.3875566,"AIDS deaths per 100,000",github.com/NickCH-K/causaldata
1995-12-31,Indiana: aidscapita,8.288531,"AIDS deaths per 100,000",github.com/NickCH-K/causaldata
1996-12-31,Indiana: aidscapita,5.3166156,"AIDS deaths per 100,000",github.com/NickCH-K/causaldata
1997-12-31,Indiana: aidscapita,3.8285437,"AIDS deaths per 100,000",github.com/NickCH-K/causaldata
1998-12-31,Indiana: aidscapita,2.4171178,"AIDS deaths per 100,000",github.com/NickCH-K/causaldata
1999-12-31,Indiana: aidscapita,1.9354938,"AIDS deaths per 100,000",github.com/NickCH-K/causaldata
2000-12-31,Indiana: aidscapita,1.8220767,"AIDS deaths per 100,000",github.com/NickCH-K/causaldata
1985-12-31,Indiana: alcohol,2.19,per capita,github.com/NickCH-K/causaldata
1986-12-31,Indiana: alcohol,2.14,per capita,github.com/NickCH-K/causaldata
1987-12-31,Indiana: alcohol,2.13,per capita,github.com/NickCH-K/causaldata
1988-12-31,Indiana: alcohol,2.1,per capita,github.com/NickCH-K/causaldata
1989-12-31,Indiana: alcohol,2.04,per capita,github.com/NickCH-K/causaldata
1990-12-31,Indiana: alcohol,2.09,per capita,github.com/NickCH-K/causaldata
1991-12-31,Indiana: alcohol,2.0,per capita,github.com/NickCH-K/causaldata
1992-12-31,Indiana: alcohol,1.95,per capita,github.com/NickCH-K/causaldata
1993-12-31,Indiana: alcohol,1.98,per capita,github.com/NickCH-K/causaldata
1994-12-31,Indiana: alcohol,1.94,per capita,github.com/NickCH-K/causaldata
1995-12-31,Indiana: alcohol,1.91,per capita,github.com/NickCH-K/causaldata
1996-12-31,Indiana: alcohol,1.89,per capita,github.com/NickCH-K/causaldata
1997-12-31,Indiana: alcohol,1.9,per capita,github.com/NickCH-K/causaldata
1998-12-31,Indiana: alcohol,1.91,per capita,github.com/NickCH-K/causaldata
1999-12-31,Indiana: alcohol,1.94,per capita,github.com/NickCH-K/causaldata
2000-12-31,Indiana: alcohol,1.98,per capita,github.com/NickCH-K/causaldata
1985-12-31,Indiana: black,8.03671,percent of population,github.com/NickCH-K/causaldata
1986-12-31,Indiana: black,8.023561,percent of population,github.com/NickCH-K/causaldata
1987-12-31,Indiana: black,8.007266,percent of population,github.com/NickCH-K/causaldata
1988-12-31,Indiana: black,7.994506,percent of population,github.com/NickCH-K/causaldata
1989-12-31,Indiana: black,7.981402,percent of population,github.com/NickCH-K/causaldata
1990-12-31,Indiana: black,7.9561167,percent of population,github.com/NickCH-K/causaldata
1991-12-31,Indiana: black,8.045338,percent of population,github.com/NickCH-K/causaldata
1992-12-31,Indiana: black,8.168668,percent of population,github.com/NickCH-K/causaldata
1993-12-31,Indiana: black,8.274939,percent of population,github.com/NickCH-K/causaldata
1994-12-31,Indiana: black,8.395803,percent of population,github.com/NickCH-K/causaldata
1995-12-31,Indiana: black,8.502243,percent of population,github.com/NickCH-K/causaldata
1996-12-31,Indiana: black,8.586349,percent of population,github.com/NickCH-K/causaldata
1997-12-31,Indiana: black,8.732049,percent of population,github.com/NickCH-K/causaldata
1998-12-31,Indiana: black,8.856983,percent of population,github.com/NickCH-K/causaldata
1999-12-31,Indiana: black,8.967178,percent of population,github.com/NickCH-K/causaldata
2000-12-31,Indiana: black,9.101893,percent of population,github.com/NickCH-K/causaldata
1985-12-31,Indiana: bmprison,3249.0,persons,github.com/NickCH-K/causaldata
1986-12-31,Indiana: bmprison,3216.0,persons,github.com/NickCH-K/causaldata
1987-12-31,Indiana: bmprison,3192.0,persons,github.com/NickCH-K/causaldata
1988-12-31,Indiana: bmprison,3367.0,persons,github.com/NickCH-K/causaldata
1989-12-31,Indiana: bmprison,4488.0,persons,github.com/NickCH-K/causaldata
1990-12-31,Indiana: bmprison,4566.0,persons,github.com/NickCH-K/causaldata
1991-12-31,Indiana: bmprison,4687.0,persons,github.com/NickCH-K/causaldata
1992-12-31,Indiana: bmprison,5255.0,persons,github.com/NickCH-K/causaldata
1993-12-31,Indiana: bmprison,5565.0,persons,github.com/NickCH-K/causaldata
1994-12-31,Indiana: bmprison,5909.0,persons,github.com/NickCH-K/causaldata
1995-12-31,Indiana: bmprison,6484.0,persons,github.com/NickCH-K/causaldata
1996-12-31,Indiana: bmprison,6769.0,persons,github.com/NickCH-K/causaldata
1997-12-31,Indiana: bmprison,7262.0,persons,github.com/NickCH-K/causaldata
1998-12-31,Indiana: bmprison,7629.0,persons,github.com/NickCH-K/causaldata
1999-12-31,Indiana: bmprison,7728.0,persons,github.com/NickCH-K/causaldata
2000-12-31,Indiana: bmprison,7754.0,persons,github.com/NickCH-K/causaldata
1985-12-31,Indiana: income,13159.0,median income,github.com/NickCH-K/causaldata
1986-12-31,Indiana: income,13820.0,median income,github.com/NickCH-K/causaldata
1987-12-31,Indiana: income,14589.0,median income,github.com/NickCH-K/causaldata
1988-12-31,Indiana: income,15472.0,median income,github.com/NickCH-K/causaldata
1989-12-31,Indiana: income,16717.0,median income,github.com/NickCH-K/causaldata
1990-12-31,Indiana: income,17491.0,median income,github.com/NickCH-K/causaldata
1991-12-31,Indiana: income,17869.0,median income,github.com/NickCH-K/causaldata
1992-12-31,Indiana: income,19037.0,median income,github.com/NickCH-K/causaldata
1993-12-31,Indiana: income,19764.0,median income,github.com/NickCH-K/causaldata
1994-12-31,Indiana: income,20761.0,median income,github.com/NickCH-K/causaldata
1995-12-31,Indiana: income,21408.0,median income,github.com/NickCH-K/causaldata
1996-12-31,Indiana: income,22368.0,median income,github.com/NickCH-K/causaldata
1997-12-31,Indiana: income,23306.0,median income,github.com/NickCH-K/causaldata
1998-12-31,Indiana: income,24894.0,median income,github.com/NickCH-K/causaldata
1999-12-31,Indiana: income,25615.0,median income,github.com/NickCH-K/causaldata
2000-12-31,Indiana: income,27132.0,median income,github.com/NickCH-K/causaldata
1985-12-31,Indiana: perc1519,8.336406,percent of population,github.com/NickCH-K/causaldata
1986-12-31,Indiana: perc1519,8.341491,percent of population,github.com/NickCH-K/causaldata
1987-12-31,Indiana: perc1519,8.246006,percent of population,github.com/NickCH-K/causaldata
1988-12-31,Indiana: perc1519,8.104595,percent of population,github.com/NickCH-K/causaldata
1989-12-31,Indiana: perc1519,7.892724,percent of population,github.com/NickCH-K/causaldata
1990-12-31,Indiana: perc1519,7.635398,percent of population,github.com/NickCH-K/causaldata
1991-12-31,Indiana: perc1519,7.3089857,percent of population,github.com/NickCH-K/causaldata
1992-12-31,Indiana: perc1519,7.179093,percent of population,github.com/NickCH-K/causaldata
1993-12-31,Indiana: perc1519,7.199558,percent of population,github.com/NickCH-K/causaldata
1994-12-31,Indiana: perc1519,7.2782445,percent of population,github.com/NickCH-K/causaldata
1995-12-31,Indiana: perc1519,7.3911138,percent of population,github.com/NickCH-K/causaldata
1996-12-31,Indiana: perc1519,7.4940405,percent of population,github.com/NickCH-K/causaldata
1997-12-31,Indiana: perc1519,7.55815,percent of population,github.com/NickCH-K/causaldata
1998-12-31,Indiana: perc1519,7.586149,percent of population,github.com/NickCH-K/causaldata
1999-12-31,Indiana: perc1519,7.5294185,percent of population,github.com/NickCH-K/causaldata
2000-12-31,Indiana: perc1519,7.410665,percent of population,github.com/NickCH-K/causaldata
1985-12-31,Indiana: poverty,12.0,rate,github.com/NickCH-K/causaldata
1986-12-31,Indiana: poverty,12.7,rate,github.com/NickCH-K/causaldata
1987-12-31,Indiana: poverty,11.1,rate,github.com/NickCH-K/causaldata
1988-12-31,Indiana: poverty,10.1,rate,github.com/NickCH-K/causaldata
1989-12-31,Indiana: poverty,13.7,rate,github.com/NickCH-K/causaldata
1990-12-31,Indiana: poverty,13.0,rate,github.com/NickCH-K/causaldata
1991-12-31,Indiana: poverty,15.7,rate,github.com/NickCH-K/causaldata
1992-12-31,Indiana: poverty,11.8,rate,github.com/NickCH-K/causaldata
1993-12-31,Indiana: poverty,12.2,rate,github.com/NickCH-K/causaldata
1994-12-31,Indiana: poverty,13.7,rate,github.com/NickCH-K/causaldata
1995-12-31,Indiana: poverty,9.6,rate,github.com/NickCH-K/causaldata
1996-12-31,Indiana: poverty,7.5,rate,github.com/NickCH-K/causaldata
1997-12-31,Indiana: poverty,8.8,rate,github.com/NickCH-K/causaldata
1998-12-31,Indiana: poverty,9.4,rate,github.com/NickCH-K/causaldata
1999-12-31,Indiana: poverty,6.7,rate,github.com/NickCH-K/causaldata
2000-12-31,Indiana: poverty,8.5,rate,github.com/NickCH-K/causaldata
1985-12-31,Indiana: ur,7.7083335,rate,github.com/NickCH-K/causaldata
1986-12-31,Indiana: ur,6.766667,rate,github.com/NickCH-K/causaldata
1987-12-31,Indiana: ur,6.0583334,rate,github.com/NickCH-K/causaldata
1988-12-31,Indiana: ur,5.141667,rate,github.com/NickCH-K/causaldata
1989-12-31,Indiana: ur,4.7083335,rate,github.com/NickCH-K/causaldata
1990-12-31,Indiana: ur,5.008333,rate,github.com/NickCH-K/causaldata
1991-12-31,Indiana: ur,5.625,rate,github.com/NickCH-K/causaldata
1992-12-31,Indiana: ur,6.05,rate,github.com/NickCH-K/causaldata
1993-12-31,Indiana: ur,5.0416665,rate,github.com/NickCH-K/causaldata
1994-12-31,Indiana: ur,4.5333333,rate,github.com/NickCH-K/causaldata
1995-12-31,Indiana: ur,4.3416667,rate,github.com/NickCH-K/causaldata
1996-12-31,Indiana: ur,3.875,rate,github.com/NickCH-K/causaldata
1997-12-31,Indiana: ur,3.3083334,rate,github.com/NickCH-K/causaldata
1998-12-31,Indiana: ur,2.9083333,rate,github.com/NickCH-K/causaldata
1999-12-31,Indiana: ur,2.8583333,rate,github.com/NickCH-K/causaldata
2000-12-31,Indiana: ur,2.9166667,rate,github.com/NickCH-K/causaldata
1985-12-31,Indiana: wmprison,6198.0,persons,github.com/NickCH-K/causaldata
1986-12-31,Indiana: wmprison,6546.0,persons,github.com/NickCH-K/causaldata
1987-12-31,Indiana: wmprison,7132.0,persons,github.com/NickCH-K/causaldata
1988-12-31,Indiana: wmprison,7524.0,persons,github.com/NickCH-K/causaldata
1989-12-31,Indiana: wmprison,7206.0,persons,github.com/NickCH-K/causaldata
1990-12-31,Indiana: wmprison,7471.0,persons,github.com/NickCH-K/causaldata
1991-12-31,Indiana: wmprison,7580.0,persons,github.com/NickCH-K/causaldata
1992-12-31,Indiana: wmprison,7906.0,persons,github.com/NickCH-K/causaldata
1993-12-31,Indiana: wmprison,8072.0,persons,github.com/NickCH-K/causaldata
1994-12-31,Indiana: wmprison,8217.0,persons,github.com/NickCH-K/causaldata
1995-12-31,Indiana: wmprison,8688.0,persons,github.com/NickCH-K/causaldata
1996-12-31,Indiana: wmprison,9117.0,persons,github.com/NickCH-K/causaldata
1997-12-31,Indiana: wmprison,9509.0,persons,github.com/NickCH-K/causaldata
1998-12-31,Indiana: wmprison,10302.0,persons,github.com/NickCH-K/causaldata
1999-12-31,Indiana: wmprison,10289.0,persons,github.com/NickCH-K/causaldata
2000-12-31,Indiana: wmprison,10321.0,persons,github.com/NickCH-K/causaldata
1985-12-31,Iowa: aidscapita,0.24731505,"AIDS deaths per 100,000",github.com/NickCH-K/causaldata
1986-12-31,Iowa: aidscapita,0.57299286,"AIDS deaths per 100,000",github.com/NickCH-K/causaldata
1987-12-31,Iowa: aidscapita,0.79495305,"AIDS deaths per 100,000",github.com/NickCH-K/causaldata
1988-12-31,Iowa: aidscapita,0.8667602,"AIDS deaths per 100,000",github.com/NickCH-K/causaldata
1989-12-31,Iowa: aidscapita,1.479756,"AIDS deaths per 100,000",github.com/NickCH-K/causaldata
1990-12-31,Iowa: aidscapita,1.4023641,"AIDS deaths per 100,000",github.com/NickCH-K/causaldata
1991-12-31,Iowa: aidscapita,2.8595808,"AIDS deaths per 100,000",github.com/NickCH-K/causaldata
1992-12-31,Iowa: aidscapita,2.590121,"AIDS deaths per 100,000",github.com/NickCH-K/causaldata
1993-12-31,Iowa: aidscapita,2.855157,"AIDS deaths per 100,000",github.com/NickCH-K/causaldata
1994-12-31,Iowa: aidscapita,3.2272255,"AIDS deaths per 100,000",github.com/NickCH-K/causaldata
1995-12-31,Iowa: aidscapita,3.6967635,"AIDS deaths per 100,000",github.com/NickCH-K/causaldata
1996-12-31,Iowa: aidscapita,2.4305556,"AIDS deaths per 100,000",github.com/NickCH-K/causaldata
1997-12-31,Iowa: aidscapita,1.0722492,"AIDS deaths per 100,000",github.com/NickCH-K/causaldata
1998-12-31,Iowa: aidscapita,0.5511783,"AIDS deaths per 100,000",github.com/NickCH-K/causaldata
1999-12-31,Iowa: aidscapita,0.82258433,"AIDS deaths per 100,000",github.com/NickCH-K/causaldata
2000-12-31,Iowa: aidscapita,1.0243306,"AIDS deaths per 100,000",github.com/NickCH-K/causaldata
1985-12-31,Iowa: alcohol,2.02,per capita,github.com/NickCH-K/causaldata
1986-12-31,Iowa: alcohol,2.04,per capita,github.com/NickCH-K/causaldata
1987-12-31,Iowa: alcohol,2.08,per capita,github.com/NickCH-K/causaldata
1988-12-31,Iowa: alcohol,1.99,per capita,github.com/NickCH-K/causaldata
1989-12-31,Iowa: alcohol,1.94,per capita,github.com/NickCH-K/causaldata
1990-12-31,Iowa: alcohol,2.06,per capita,github.com/NickCH-K/causaldata
1991-12-31,Iowa: alcohol,2.01,per capita,github.com/NickCH-K/causaldata
1992-12-31,Iowa: alcohol,1.9,per capita,github.com/NickCH-K/causaldata
1993-12-31,Iowa: alcohol,1.87,per capita,github.com/NickCH-K/causaldata
1994-12-31,Iowa: alcohol,1.84,per capita,github.com/NickCH-K/causaldata
1995-12-31,Iowa: alcohol,1.8,per capita,github.com/NickCH-K/causaldata
1996-12-31,Iowa: alcohol,1.85,per capita,github.com/NickCH-K/causaldata
1997-12-31,Iowa: alcohol,1.85,per capita,github.com/NickCH-K/causaldata
1998-12-31,Iowa: alcohol,1.9,per capita,github.com/NickCH-K/causaldata
1999-12-31,Iowa: alcohol,1.95,per capita,github.com/NickCH-K/causaldata
2000-12-31,Iowa: alcohol,1.98,per capita,github.com/NickCH-K/causaldata
1985-12-31,Iowa: black,1.7798641,percent of population,github.com/NickCH-K/causaldata
1986-12-31,Iowa: black,1.7733164,percent of population,github.com/NickCH-K/causaldata
1987-12-31,Iowa: black,1.7652278,percent of population,github.com/NickCH-K/causaldata
1988-12-31,Iowa: black,1.757972,percent of population,github.com/NickCH-K/causaldata
1989-12-31,Iowa: black,1.7506367,percent of population,github.com/NickCH-K/causaldata
1990-12-31,Iowa: black,1.7485955,percent of population,github.com/NickCH-K/causaldata
1991-12-31,Iowa: black,1.803921,percent of population,github.com/NickCH-K/causaldata
1992-12-31,Iowa: black,1.865178,percent of population,github.com/NickCH-K/causaldata
1993-12-31,Iowa: black,1.9237232,percent of population,github.com/NickCH-K/causaldata
1994-12-31,Iowa: black,1.9847058,percent of population,github.com/NickCH-K/causaldata
1995-12-31,Iowa: black,2.0288367,percent of population,github.com/NickCH-K/causaldata
1996-12-31,Iowa: black,2.0884593,percent of population,github.com/NickCH-K/causaldata
1997-12-31,Iowa: black,2.139999,percent of population,github.com/NickCH-K/causaldata
1998-12-31,Iowa: black,2.20864,percent of population,github.com/NickCH-K/causaldata
1999-12-31,Iowa: black,2.2774744,percent of population,github.com/NickCH-K/causaldata
2000-12-31,Iowa: black,2.4535549,percent of population,github.com/NickCH-K/causaldata
1985-12-31,Iowa: bmprison,545.0,persons,github.com/NickCH-K/causaldata
1986-12-31,Iowa: bmprison,525.0,persons,github.com/NickCH-K/causaldata
1987-12-31,Iowa: bmprison,573.0,persons,github.com/NickCH-K/causaldata
1988-12-31,Iowa: bmprison,629.0,persons,github.com/NickCH-K/causaldata
1989-12-31,Iowa: bmprison,735.0,persons,github.com/NickCH-K/causaldata
1990-12-31,Iowa: bmprison,810.0,persons,github.com/NickCH-K/causaldata
1991-12-31,Iowa: bmprison,885.0,persons,github.com/NickCH-K/causaldata
1992-12-31,Iowa: bmprison,1000.0,persons,github.com/NickCH-K/causaldata
1993-12-31,Iowa: bmprison,1121.0,persons,github.com/NickCH-K/causaldata
1994-12-31,Iowa: bmprison,1271.0,persons,github.com/NickCH-K/causaldata
1995-12-31,Iowa: bmprison,1362.0,persons,github.com/NickCH-K/causaldata
1996-12-31,Iowa: bmprison,1457.0,persons,github.com/NickCH-K/causaldata
1997-12-31,Iowa: bmprison,1569.0,persons,github.com/NickCH-K/causaldata
1998-12-31,Iowa: bmprison,1671.0,persons,github.com/NickCH-K/causaldata
1999-12-31,Iowa: bmprison,1627.0,persons,github.com/NickCH-K/causaldata
2000-12-31,Iowa: bmprison,1719.0,persons,github.com/NickCH-K/causaldata
1985-12-31,Iowa: income,13490.0,median income,github.com/NickCH-K/causaldata
1986-12-31,Iowa: income,14108.0,median income,github.com/NickCH-K/causaldata
1987-12-31,Iowa: income,14905.0,median income,github.com/NickCH-K/causaldata
1988-12-31,Iowa: income,15321.0,median income,github.com/NickCH-K/causaldata
1989-12-31,Iowa: income,16596.0,median income,github.com/NickCH-K/causaldata
1990-12-31,Iowa: income,17389.0,median income,github.com/NickCH-K/causaldata
1991-12-31,Iowa: income,17804.0,median income,github.com/NickCH-K/causaldata
1992-12-31,Iowa: income,18834.0,median income,github.com/NickCH-K/causaldata
1993-12-31,Iowa: income,18716.0,median income,github.com/NickCH-K/causaldata
1994-12-31,Iowa: income,20301.0,median income,github.com/NickCH-K/causaldata
1995-12-31,Iowa: income,20929.0,median income,github.com/NickCH-K/causaldata
1996-12-31,Iowa: income,22521.0,median income,github.com/NickCH-K/causaldata
1997-12-31,Iowa: income,23623.0,median income,github.com/NickCH-K/causaldata
1998-12-31,Iowa: income,24701.0,median income,github.com/NickCH-K/causaldata
1999-12-31,Iowa: income,25118.0,median income,github.com/NickCH-K/causaldata
2000-12-31,Iowa: income,26554.0,median income,github.com/NickCH-K/causaldata
1985-12-31,Iowa: perc1519,8.052472,percent of population,github.com/NickCH-K/causaldata
1986-12-31,Iowa: perc1519,8.018391,percent of population,github.com/NickCH-K/causaldata
1987-12-31,Iowa: perc1519,7.876684,percent of population,github.com/NickCH-K/causaldata
1988-12-31,Iowa: perc1519,7.685707,percent of population,github.com/NickCH-K/causaldata
1989-12-31,Iowa: perc1519,7.4267874,percent of population,github.com/NickCH-K/causaldata
1990-12-31,Iowa: perc1519,7.166944,percent of population,github.com/NickCH-K/causaldata
1991-12-31,Iowa: perc1519,6.934662,percent of population,github.com/NickCH-K/causaldata
1992-12-31,Iowa: perc1519,6.9182134,percent of population,github.com/NickCH-K/causaldata
1993-12-31,Iowa: perc1519,7.0766296,percent of population,github.com/NickCH-K/causaldata
1994-12-31,Iowa: perc1519,7.2940907,percent of population,github.com/NickCH-K/causaldata
1995-12-31,Iowa: perc1519,7.5113354,percent of population,github.com/NickCH-K/causaldata
1996-12-31,Iowa: perc1519,7.6994443,percent of population,github.com/NickCH-K/causaldata
1997-12-31,Iowa: perc1519,7.8113008,percent of population,github.com/NickCH-K/causaldata
1998-12-31,Iowa: perc1519,7.871584,percent of population,github.com/NickCH-K/causaldata
1999-12-31,Iowa: perc1519,7.8237367,percent of population,github.com/NickCH-K/causaldata
2000-12-31,Iowa: perc1519,7.6547885,percent of population,github.com/NickCH-K/causaldata
1985-12-31,Iowa: poverty,17.9,rate,github.com/NickCH-K/causaldata
1986-12-31,Iowa: poverty,12.9,rate,github.com/NickCH-K/causaldata
1987-12-31,Iowa: poverty,14.5,rate,github.com/NickCH-K/causaldata
1988-12-31,Iowa: poverty,9.4,rate,github.com/NickCH-K/causaldata
1989-12-31,Iowa: poverty,10.3,rate,github.com/NickCH-K/causaldata
1990-12-31,Iowa: poverty,10.4,rate,github.com/NickCH-K/causaldata
1991-12-31,Iowa: poverty,9.6,rate,github.com/NickCH-K/causaldata
1992-12-31,Iowa: poverty,11.5,rate,github.com/NickCH-K/causaldata
1993-12-31,Iowa: poverty,10.3,rate,github.com/NickCH-K/causaldata
1994-12-31,Iowa: poverty,10.7,rate,github.com/NickCH-K/causaldata
1995-12-31,Iowa: poverty,12.2,rate,github.com/NickCH-K/causaldata
1996-12-31,Iowa: poverty,9.6,rate,github.com/NickCH-K/causaldata
1997-12-31,Iowa: poverty,9.6,rate,github.com/NickCH-K/causaldata
1998-12-31,Iowa: poverty,9.1,rate,github.com/NickCH-K/causaldata
1999-12-31,Iowa: poverty,7.4,rate,github.com/NickCH-K/causaldata
2000-12-31,Iowa: poverty,8.3,rate,github.com/NickCH-K/causaldata
1985-12-31,Iowa: ur,7.95,rate,github.com/NickCH-K/causaldata
1986-12-31,Iowa: ur,6.8166666,rate,github.com/NickCH-K/causaldata
1987-12-31,Iowa: ur,5.775,rate,github.com/NickCH-K/causaldata
1988-12-31,Iowa: ur,4.7083335,rate,github.com/NickCH-K/causaldata
1989-12-31,Iowa: ur,4.3166666,rate,github.com/NickCH-K/causaldata
1990-12-31,Iowa: ur,4.508333,rate,github.com/NickCH-K/causaldata
1991-12-31,Iowa: ur,4.575,rate,github.com/NickCH-K/causaldata
1992-12-31,Iowa: ur,4.491667,rate,github.com/NickCH-K/causaldata
1993-12-31,Iowa: ur,4.2083335,rate,github.com/NickCH-K/causaldata
1994-12-31,Iowa: ur,3.7666667,rate,github.com/NickCH-K/causaldata
1995-12-31,Iowa: ur,3.625,rate,github.com/NickCH-K/causaldata
1996-12-31,Iowa: ur,3.625,rate,github.com/NickCH-K/causaldata
1997-12-31,Iowa: ur,3.15,rate,github.com/NickCH-K/causaldata
1998-12-31,Iowa: ur,2.9,rate,github.com/NickCH-K/causaldata
1999-12-31,Iowa: ur,2.6166666,rate,github.com/NickCH-K/causaldata
2000-12-31,Iowa: ur,2.7916667,rate,github.com/NickCH-K/causaldata
1985-12-31,Iowa: wmprison,2088.0,persons,github.com/NickCH-K/causaldata
1986-12-31,Iowa: wmprison,2058.0,persons,github.com/NickCH-K/causaldata
1987-12-31,Iowa: wmprison,2093.0,persons,github.com/NickCH-K/causaldata
1988-12-31,Iowa: wmprison,2199.0,persons,github.com/NickCH-K/causaldata
1989-12-31,Iowa: wmprison,2589.0,persons,github.com/NickCH-K/causaldata
1990-12-31,Iowa: wmprison,2854.0,persons,github.com/NickCH-K/causaldata
1991-12-31,Iowa: wmprison,2956.0,persons,github.com/NickCH-K/causaldata
1992-12-31,Iowa: wmprison,3169.0,persons,github.com/NickCH-K/causaldata
1993-12-31,Iowa: wmprison,3288.0,persons,github.com/NickCH-K/causaldata
1994-12-31,Iowa: wmprison,3547.0,persons,github.com/NickCH-K/causaldata
1995-12-31,Iowa: wmprison,3841.0,persons,github.com/NickCH-K/causaldata
1996-12-31,Iowa: wmprison,4052.0,persons,github.com/NickCH-K/causaldata
1997-12-31,Iowa: wmprison,4428.0,persons,github.com/NickCH-K/causaldata
1998-12-31,Iowa: wmprison,4753.0,persons,github.com/NickCH-K/causaldata
1999-12-31,Iowa: wmprison,4613.0,persons,github.com/NickCH-K/causaldata
2000-12-31,Iowa: wmprison,5033.0,persons,github.com/NickCH-K/causaldata
1985-12-31,Kansas: aidscapita,0.45303193,"AIDS deaths per 100,000",github.com/NickCH-K/causaldata
1986-12-31,Kansas: aidscapita,1.2741371,"AIDS deaths per 100,000",github.com/NickCH-K/causaldata
1987-12-31,Kansas: aidscapita,2.2487917,"AIDS deaths per 100,000",github.com/NickCH-K/causaldata
1988-12-31,Kansas: aidscapita,2.1929655,"AIDS deaths per 100,000",github.com/NickCH-K/causaldata
1989-12-31,Kansas: aidscapita,3.1137946,"AIDS deaths per 100,000",github.com/NickCH-K/causaldata
1990-12-31,Kansas: aidscapita,3.8285625,"AIDS deaths per 100,000",github.com/NickCH-K/causaldata
1991-12-31,Kansas: aidscapita,5.2026596,"AIDS deaths per 100,000",github.com/NickCH-K/causaldata
1992-12-31,Kansas: aidscapita,6.081202,"AIDS deaths per 100,000",github.com/NickCH-K/causaldata
1993-12-31,Kansas: aidscapita,5.7499433,"AIDS deaths per 100,000",github.com/NickCH-K/causaldata
1994-12-31,Kansas: aidscapita,5.5802855,"AIDS deaths per 100,000",github.com/NickCH-K/causaldata
1995-12-31,Kansas: aidscapita,6.343697,"AIDS deaths per 100,000",github.com/NickCH-K/causaldata
1996-12-31,Kansas: aidscapita,4.666188,"AIDS deaths per 100,000",github.com/NickCH-K/causaldata
1997-12-31,Kansas: aidscapita,2.5424128,"AIDS deaths per 100,000",github.com/NickCH-K/causaldata
1998-12-31,Kansas: aidscapita,1.3530793,"AIDS deaths per 100,000",github.com/NickCH-K/causaldata
1999-12-31,Kansas: aidscapita,2.090849,"AIDS deaths per 100,000",github.com/NickCH-K/causaldata
2000-12-31,Kansas: aidscapita,1.1141826,"AIDS deaths per 100,000",github.com/NickCH-K/causaldata
1985-12-31,Kansas: alcohol,1.96,per capita,github.com/NickCH-K/causaldata
1986-12-31,Kansas: alcohol,1.88,per capita,github.com/NickCH-K/causaldata
1987-12-31,Kansas: alcohol,1.84,per capita,github.com/NickCH-K/causaldata
1988-12-31,Kansas: alcohol,1.88,per capita,github.com/NickCH-K/causaldata
1989-12-31,Kansas: alcohol,1.77,per capita,github.com/NickCH-K/causaldata
1990-12-31,Kansas: alcohol,1.79,per capita,github.com/NickCH-K/causaldata
1991-12-31,Kansas: alcohol,1.85,per capita,github.com/NickCH-K/causaldata
1992-12-31,Kansas: alcohol,1.78,per capita,github.com/NickCH-K/causaldata
1993-12-31,Kansas: alcohol,1.75,per capita,github.com/NickCH-K/causaldata
1994-12-31,Kansas: alcohol,1.73,per capita,github.com/NickCH-K/causaldata
1995-12-31,Kansas: alcohol,1.72,per capita,github.com/NickCH-K/causaldata
1996-12-31,Kansas: alcohol,1.69,per capita,github.com/NickCH-K/causaldata
1997-12-31,Kansas: alcohol,1.71,per capita,github.com/NickCH-K/causaldata
1998-12-31,Kansas: alcohol,1.79,per capita,github.com/NickCH-K/causaldata
1999-12-31,Kansas: alcohol,1.84,per capita,github.com/NickCH-K/causaldata
2000-12-31,Kansas: alcohol,1.82,per capita,github.com/NickCH-K/causaldata
1985-12-31,Kansas: black,6.1079793,percent of population,github.com/NickCH-K/causaldata
1986-12-31,Kansas: black,6.098382,percent of population,github.com/NickCH-K/causaldata
1987-12-31,Kansas: black,6.084802,percent of population,github.com/NickCH-K/causaldata
1988-12-31,Kansas: black,6.0737543,percent of population,github.com/NickCH-K/causaldata
1989-12-31,Kansas: black,6.062644,percent of population,github.com/NickCH-K/causaldata
1990-12-31,Kansas: black,6.036761,percent of population,github.com/NickCH-K/causaldata
1991-12-31,Kansas: black,6.0826,percent of population,github.com/NickCH-K/causaldata
1992-12-31,Kansas: black,6.2297993,percent of population,github.com/NickCH-K/causaldata
1993-12-31,Kansas: black,6.246128,percent of population,github.com/NickCH-K/causaldata
1994-12-31,Kansas: black,6.29089,percent of population,github.com/NickCH-K/causaldata
1995-12-31,Kansas: black,6.3196363,percent of population,github.com/NickCH-K/causaldata
1996-12-31,Kansas: black,6.3256273,percent of population,github.com/NickCH-K/causaldata
1997-12-31,Kansas: black,6.3650427,percent of population,github.com/NickCH-K/causaldata
1998-12-31,Kansas: black,6.4815545,percent of population,github.com/NickCH-K/causaldata
1999-12-31,Kansas: black,6.585618,percent of population,github.com/NickCH-K/causaldata
2000-12-31,Kansas: black,6.6952367,percent of population,github.com/NickCH-K/causaldata
1985-12-31,Kansas: bmprison,1556.0,persons,github.com/NickCH-K/causaldata
1986-12-31,Kansas: bmprison,1681.0,persons,github.com/NickCH-K/causaldata
1987-12-31,Kansas: bmprison,1829.0,persons,github.com/NickCH-K/causaldata
1988-12-31,Kansas: bmprison,1857.0,persons,github.com/NickCH-K/causaldata
1989-12-31,Kansas: bmprison,1757.0,persons,github.com/NickCH-K/causaldata
1990-12-31,Kansas: bmprison,1876.0,persons,github.com/NickCH-K/causaldata
1991-12-31,Kansas: bmprison,2014.0,persons,github.com/NickCH-K/causaldata
1992-12-31,Kansas: bmprison,2112.0,persons,github.com/NickCH-K/causaldata
1993-12-31,Kansas: bmprison,2099.0,persons,github.com/NickCH-K/causaldata
1994-12-31,Kansas: bmprison,2356.0,persons,github.com/NickCH-K/causaldata
1995-12-31,Kansas: bmprison,2581.0,persons,github.com/NickCH-K/causaldata
1996-12-31,Kansas: bmprison,2771.0,persons,github.com/NickCH-K/causaldata
1997-12-31,Kansas: bmprison,2830.0,persons,github.com/NickCH-K/causaldata
1998-12-31,Kansas: bmprison,2851.0,persons,github.com/NickCH-K/causaldata
1999-12-31,Kansas: bmprison,2878.0,persons,github.com/NickCH-K/causaldata
2000-12-31,Kansas: bmprison,2803.0,persons,github.com/NickCH-K/causaldata
1985-12-31,Kansas: income,14451.0,median income,github.com/NickCH-K/causaldata
1986-12-31,Kansas: income,15005.0,median income,github.com/NickCH-K/causaldata
1987-12-31,Kansas: income,15599.0,median income,github.com/NickCH-K/causaldata
1988-12-31,Kansas: income,16275.0,median income,github.com/NickCH-K/causaldata
1989-12-31,Kansas: income,17048.0,median income,github.com/NickCH-K/causaldata
1990-12-31,Kansas: income,18085.0,median income,github.com/NickCH-K/causaldata
1991-12-31,Kansas: income,18626.0,median income,github.com/NickCH-K/causaldata
1992-12-31,Kansas: income,19692.0,median income,github.com/NickCH-K/causaldata
1993-12-31,Kansas: income,20234.0,median income,github.com/NickCH-K/causaldata
1994-12-31,Kansas: income,20990.0,median income,github.com/NickCH-K/causaldata
1995-12-31,Kansas: income,21558.0,median income,github.com/NickCH-K/causaldata
1996-12-31,Kansas: income,22845.0,median income,github.com/NickCH-K/causaldata
1997-12-31,Kansas: income,24041.0,median income,github.com/NickCH-K/causaldata
1998-12-31,Kansas: income,25483.0,median income,github.com/NickCH-K/causaldata
1999-12-31,Kansas: income,26195.0,median income,github.com/NickCH-K/causaldata
2000-12-31,Kansas: income,27694.0,median income,github.com/NickCH-K/causaldata
1985-12-31,Kansas: perc1519,7.727942,percent of population,github.com/NickCH-K/causaldata
1986-12-31,Kansas: perc1519,7.6895003,percent of population,github.com/NickCH-K/causaldata
1987-12-31,Kansas: perc1519,7.560478,percent of population,github.com/NickCH-K/causaldata
1988-12-31,Kansas: perc1519,7.389238,percent of population,github.com/NickCH-K/causaldata
1989-12-31,Kansas: perc1519,7.1560664,percent of population,github.com/NickCH-K/causaldata
1990-12-31,Kansas: perc1519,6.9244995,percent of population,github.com/NickCH-K/causaldata
1991-12-31,Kansas: perc1519,6.7380047,percent of population,github.com/NickCH-K/causaldata
1992-12-31,Kansas: perc1519,6.783265,percent of population,github.com/NickCH-K/causaldata
1993-12-31,Kansas: perc1519,6.9190593,percent of population,github.com/NickCH-K/causaldata
1994-12-31,Kansas: perc1519,7.1024637,percent of population,github.com/NickCH-K/causaldata
1995-12-31,Kansas: perc1519,7.308669,percent of population,github.com/NickCH-K/causaldata
1996-12-31,Kansas: perc1519,7.5171137,percent of population,github.com/NickCH-K/causaldata
1997-12-31,Kansas: perc1519,7.6838546,percent of population,github.com/NickCH-K/causaldata
1998-12-31,Kansas: perc1519,7.826098,percent of population,github.com/NickCH-K/causaldata
1999-12-31,Kansas: perc1519,7.8562527,percent of population,github.com/NickCH-K/causaldata
2000-12-31,Kansas: perc1519,7.7690835,percent of population,github.com/NickCH-K/causaldata
1985-12-31,Kansas: poverty,13.8,rate,github.com/NickCH-K/causaldata
1986-12-31,Kansas: poverty,11.1,rate,github.com/NickCH-K/causaldata
1987-12-31,Kansas: poverty,9.2,rate,github.com/NickCH-K/causaldata
1988-12-31,Kansas: poverty,8.1,rate,github.com/NickCH-K/causaldata
1989-12-31,Kansas: poverty,10.8,rate,github.com/NickCH-K/causaldata
1990-12-31,Kansas: poverty,10.3,rate,github.com/NickCH-K/causaldata
1991-12-31,Kansas: poverty,12.3,rate,github.com/NickCH-K/causaldata
1992-12-31,Kansas: poverty,11.1,rate,github.com/NickCH-K/causaldata
1993-12-31,Kansas: poverty,13.1,rate,github.com/NickCH-K/causaldata
1994-12-31,Kansas: poverty,14.9,rate,github.com/NickCH-K/causaldata
1995-12-31,Kansas: poverty,10.8,rate,github.com/NickCH-K/causaldata
1996-12-31,Kansas: poverty,11.2,rate,github.com/NickCH-K/causaldata
1997-12-31,Kansas: poverty,9.7,rate,github.com/NickCH-K/causaldata
1998-12-31,Kansas: poverty,9.6,rate,github.com/NickCH-K/causaldata
1999-12-31,Kansas: poverty,12.3,rate,github.com/NickCH-K/causaldata
2000-12-31,Kansas: poverty,8.0,rate,github.com/NickCH-K/causaldata
1985-12-31,Kansas: ur,5.1416664,rate,github.com/NickCH-K/causaldata
1986-12-31,Kansas: ur,5.391667,rate,github.com/NickCH-K/causaldata
1987-12-31,Kansas: ur,4.9083333,rate,github.com/NickCH-K/causaldata
1988-12-31,Kansas: ur,4.55,rate,github.com/NickCH-K/causaldata
1989-12-31,Kansas: ur,4.1916666,rate,github.com/NickCH-K/causaldata
1990-12-31,Kansas: ur,4.35,rate,github.com/NickCH-K/causaldata
1991-12-31,Kansas: ur,4.5333333,rate,github.com/NickCH-K/causaldata
1992-12-31,Kansas: ur,4.625,rate,github.com/NickCH-K/causaldata
1993-12-31,Kansas: ur,5.075,rate,github.com/NickCH-K/causaldata
1994-12-31,Kansas: ur,4.85,rate,github.com/NickCH-K/causaldata
1995-12-31,Kansas: ur,4.3916664,rate,github.com/NickCH-K/causaldata
1996-12-31,Kansas: ur,4.375,rate,github.com/NickCH-K/causaldata
1997-12-31,Kansas: ur,3.9,rate,github.com/NickCH-K/causaldata
1998-12-31,Kansas: ur,3.7666667,rate,github.com/NickCH-K/causaldata
1999-12-31,Kansas: ur,3.525,rate,github.com/NickCH-K/causaldata
2000-12-31,Kansas: ur,3.775,rate,github.com/NickCH-K/causaldata
1985-12-31,Kansas: wmprison,2827.0,persons,github.com/NickCH-K/causaldata
1986-12-31,Kansas: wmprison,3290.0,persons,github.com/NickCH-K/causaldata
1987-12-31,Kansas: wmprison,3342.0,persons,github.com/NickCH-K/causaldata
1988-12-31,Kansas: wmprison,3348.0,persons,github.com/NickCH-K/causaldata
1989-12-31,Kansas: wmprison,3258.0,persons,github.com/NickCH-K/causaldata
1990-12-31,Kansas: wmprison,3211.0,persons,github.com/NickCH-K/causaldata
1991-12-31,Kansas: wmprison,3178.0,persons,github.com/NickCH-K/causaldata
1992-12-31,Kansas: wmprison,3115.0,persons,github.com/NickCH-K/causaldata
1993-12-31,Kansas: wmprison,3246.0,persons,github.com/NickCH-K/causaldata
1994-12-31,Kansas: wmprison,3537.0,persons,github.com/NickCH-K/causaldata
1995-12-31,Kansas: wmprison,3873.0,persons,github.com/NickCH-K/causaldata
1996-12-31,Kansas: wmprison,4276.0,persons,github.com/NickCH-K/causaldata
1997-12-31,Kansas: wmprison,4339.0,persons,github.com/NickCH-K/causaldata
1998-12-31,Kansas: wmprison,4539.0,persons,github.com/NickCH-K/causaldata
1999-12-31,Kansas: wmprison,4847.0,persons,github.com/NickCH-K/causaldata
2000-12-31,Kansas: wmprison,4191.0,persons,github.com/NickCH-K/causaldata
1985-12-31,Kentucky: aidscapita,0.56820947,"AIDS deaths per 100,000",github.com/NickCH-K/causaldata
1986-12-31,Kentucky: aidscapita,0.73203903,"AIDS deaths per 100,000",github.com/NickCH-K/causaldata
1987-12-31,Kentucky: aidscapita,1.1672447,"AIDS deaths per 100,000",github.com/NickCH-K/causaldata
1988-12-31,Kentucky: aidscapita,1.7116896,"AIDS deaths per 100,000",github.com/NickCH-K/causaldata
1989-12-31,Kentucky: aidscapita,2.882408,"AIDS deaths per 100,000",github.com/NickCH-K/causaldata
1990-12-31,Kentucky: aidscapita,3.2755394,"AIDS deaths per 100,000",github.com/NickCH-K/causaldata
1991-12-31,Kentucky: aidscapita,3.3043838,"AIDS deaths per 100,000",github.com/NickCH-K/causaldata
1992-12-31,Kentucky: aidscapita,3.9835675,"AIDS deaths per 100,000",github.com/NickCH-K/causaldata
1993-12-31,Kentucky: aidscapita,4.144582,"AIDS deaths per 100,000",github.com/NickCH-K/causaldata
1994-12-31,Kentucky: aidscapita,5.7676,"AIDS deaths per 100,000",github.com/NickCH-K/causaldata
1995-12-31,Kentucky: aidscapita,5.78789,"AIDS deaths per 100,000",github.com/NickCH-K/causaldata
1996-12-31,Kentucky: aidscapita,4.005577,"AIDS deaths per 100,000",github.com/NickCH-K/causaldata
1997-12-31,Kentucky: aidscapita,2.4286907,"AIDS deaths per 100,000",github.com/NickCH-K/causaldata
1998-12-31,Kentucky: aidscapita,2.1076984,"AIDS deaths per 100,000",github.com/NickCH-K/causaldata
1999-12-31,Kentucky: aidscapita,1.8665757,"AIDS deaths per 100,000",github.com/NickCH-K/causaldata
2000-12-31,Kentucky: aidscapita,1.5313058,"AIDS deaths per 100,000",github.com/NickCH-K/causaldata
1985-12-31,Kentucky: alcohol,1.86,per capita,github.com/NickCH-K/causaldata
1986-12-31,Kentucky: alcohol,1.84,per capita,github.com/NickCH-K/causaldata
1987-12-31,Kentucky: alcohol,1.76,per capita,github.com/NickCH-K/causaldata
1988-12-31,Kentucky: alcohol,1.79,per capita,github.com/NickCH-K/causaldata
1989-12-31,Kentucky: alcohol,1.76,per capita,github.com/NickCH-K/causaldata
1990-12-31,Kentucky: alcohol,1.83,per capita,github.com/NickCH-K/causaldata
1991-12-31,Kentucky: alcohol,1.78,per capita,github.com/NickCH-K/causaldata
1992-12-31,Kentucky: alcohol,1.71,per capita,github.com/NickCH-K/causaldata
1993-12-31,Kentucky: alcohol,1.73,per capita,github.com/NickCH-K/causaldata
1994-12-31,Kentucky: alcohol,1.73,per capita,github.com/NickCH-K/causaldata
1995-12-31,Kentucky: alcohol,1.71,per capita,github.com/NickCH-K/causaldata
1996-12-31,Kentucky: alcohol,1.72,per capita,github.com/NickCH-K/causaldata
1997-12-31,Kentucky: alcohol,1.72,per capita,github.com/NickCH-K/causaldata
1998-12-31,Kentucky: alcohol,1.72,per capita,github.com/NickCH-K/causaldata
1999-12-31,Kentucky: alcohol,1.74,per capita,github.com/NickCH-K/causaldata
2000-12-31,Kentucky: alcohol,1.74,per capita,github.com/NickCH-K/causaldata
1985-12-31,Kentucky: black,7.2884235,percent of population,github.com/NickCH-K/causaldata
1986-12-31,Kentucky: black,7.275475,percent of population,github.com/NickCH-K/causaldata
1987-12-31,Kentucky: black,7.257083,percent of population,github.com/NickCH-K/causaldata
1988-12-31,Kentucky: black,7.2409515,percent of population,github.com/NickCH-K/causaldata
1989-12-31,Kentucky: black,7.22464,percent of population,github.com/NickCH-K/causaldata
1990-12-31,Kentucky: black,7.1910043,percent of population,github.com/NickCH-K/causaldata
1991-12-31,Kentucky: black,7.211855,percent of population,github.com/NickCH-K/causaldata
1992-12-31,Kentucky: black,7.2585773,percent of population,github.com/NickCH-K/causaldata
1993-12-31,Kentucky: black,7.265865,percent of population,github.com/NickCH-K/causaldata
1994-12-31,Kentucky: black,7.3155923,percent of population,github.com/NickCH-K/causaldata
1995-12-31,Kentucky: black,7.355535,percent of population,github.com/NickCH-K/causaldata
1996-12-31,Kentucky: black,7.408015,percent of population,github.com/NickCH-K/causaldata
1997-12-31,Kentucky: black,7.4781985,percent of population,github.com/NickCH-K/causaldata
1998-12-31,Kentucky: black,7.5613084,percent of population,github.com/NickCH-K/causaldata
1999-12-31,Kentucky: black,7.6482654,percent of population,github.com/NickCH-K/causaldata
2000-12-31,Kentucky: black,7.716046,percent of population,github.com/NickCH-K/causaldata
1985-12-31,Kentucky: bmprison,1520.0,persons,github.com/NickCH-K/causaldata
1986-12-31,Kentucky: bmprison,1645.0,persons,github.com/NickCH-K/causaldata
1987-12-31,Kentucky: bmprison,1702.0,persons,github.com/NickCH-K/causaldata
1988-12-31,Kentucky: bmprison,2058.0,persons,github.com/NickCH-K/causaldata
1989-12-31,Kentucky: bmprison,2356.0,persons,github.com/NickCH-K/causaldata
1990-12-31,Kentucky: bmprison,2563.0,persons,github.com/NickCH-K/causaldata
1991-12-31,Kentucky: bmprison,2929.0,persons,github.com/NickCH-K/causaldata
1992-12-31,Kentucky: bmprison,3140.0,persons,github.com/NickCH-K/causaldata
1993-12-31,Kentucky: bmprison,3275.0,persons,github.com/NickCH-K/causaldata
1994-12-31,Kentucky: bmprison,3746.0,persons,github.com/NickCH-K/causaldata
1995-12-31,Kentucky: bmprison,4109.0,persons,github.com/NickCH-K/causaldata
1996-12-31,Kentucky: bmprison,4451.0,persons,github.com/NickCH-K/causaldata
1997-12-31,Kentucky: bmprison,5176.0,persons,github.com/NickCH-K/causaldata
1998-12-31,Kentucky: bmprison,5166.0,persons,github.com/NickCH-K/causaldata
1999-12-31,Kentucky: bmprison,5335.0,persons,github.com/NickCH-K/causaldata
2000-12-31,Kentucky: bmprison,4850.0,persons,github.com/NickCH-K/causaldata
1985-12-31,Kentucky: income,11631.0,median income,github.com/NickCH-K/causaldata
1986-12-31,Kentucky: income,12065.0,median income,github.com/NickCH-K/causaldata
1987-12-31,Kentucky: income,12807.0,median income,github.com/NickCH-K/causaldata
1988-12-31,Kentucky: income,13564.0,median income,github.com/NickCH-K/causaldata
1989-12-31,Kentucky: income,14612.0,median income,github.com/NickCH-K/causaldata
1990-12-31,Kentucky: income,15437.0,median income,github.com/NickCH-K/causaldata
1991-12-31,Kentucky: income,16162.0,median income,github.com/NickCH-K/causaldata
1992-12-31,Kentucky: income,17175.0,median income,github.com/NickCH-K/causaldata
1993-12-31,Kentucky: income,17520.0,median income,github.com/NickCH-K/causaldata
1994-12-31,Kentucky: income,18225.0,median income,github.com/NickCH-K/causaldata
1995-12-31,Kentucky: income,18879.0,median income,github.com/NickCH-K/causaldata
1996-12-31,Kentucky: income,19854.0,median income,github.com/NickCH-K/causaldata
1997-12-31,Kentucky: income,20855.0,median income,github.com/NickCH-K/causaldata
1998-12-31,Kentucky: income,22043.0,median income,github.com/NickCH-K/causaldata
1999-12-31,Kentucky: income,22763.0,median income,github.com/NickCH-K/causaldata
2000-12-31,Kentucky: income,24412.0,median income,github.com/NickCH-K/causaldata
1985-12-31,Kentucky: perc1519,8.37465,percent of population,github.com/NickCH-K/causaldata
1986-12-31,Kentucky: perc1519,8.37092,percent of population,github.com/NickCH-K/causaldata
1987-12-31,Kentucky: perc1519,8.271693,percent of population,github.com/NickCH-K/causaldata
1988-12-31,Kentucky: perc1519,8.129737,percent of population,github.com/NickCH-K/causaldata
1989-12-31,Kentucky: perc1519,7.911992,percent of population,github.com/NickCH-K/causaldata
1990-12-31,Kentucky: perc1519,7.69879,percent of population,github.com/NickCH-K/causaldata
1991-12-31,Kentucky: perc1519,7.4519763,percent of population,github.com/NickCH-K/causaldata
1992-12-31,Kentucky: perc1519,7.3643417,percent of population,github.com/NickCH-K/causaldata
1993-12-31,Kentucky: perc1519,7.3807397,percent of population,github.com/NickCH-K/causaldata
1994-12-31,Kentucky: perc1519,7.4371123,percent of population,github.com/NickCH-K/causaldata
1995-12-31,Kentucky: perc1519,7.4962177,percent of population,github.com/NickCH-K/causaldata
1996-12-31,Kentucky: perc1519,7.5285206,percent of population,github.com/NickCH-K/causaldata
1997-12-31,Kentucky: perc1519,7.509208,percent of population,github.com/NickCH-K/causaldata
1998-12-31,Kentucky: perc1519,7.4318447,percent of population,github.com/NickCH-K/causaldata
1999-12-31,Kentucky: perc1519,7.2797694,percent of population,github.com/NickCH-K/causaldata
2000-12-31,Kentucky: perc1519,7.0569983,percent of population,github.com/NickCH-K/causaldata
1985-12-31,Kentucky: poverty,19.4,rate,github.com/NickCH-K/causaldata
1986-12-31,Kentucky: poverty,17.7,rate,github.com/NickCH-K/causaldata
1987-12-31,Kentucky: poverty,17.3,rate,github.com/NickCH-K/causaldata
1988-12-31,Kentucky: poverty,17.6,rate,github.com/NickCH-K/causaldata
1989-12-31,Kentucky: poverty,16.1,rate,github.com/NickCH-K/causaldata
1990-12-31,Kentucky: poverty,17.3,rate,github.com/NickCH-K/causaldata
1991-12-31,Kentucky: poverty,18.8,rate,github.com/NickCH-K/causaldata
1992-12-31,Kentucky: poverty,19.7,rate,github.com/NickCH-K/causaldata
1993-12-31,Kentucky: poverty,20.4,rate,github.com/NickCH-K/causaldata
1994-12-31,Kentucky: poverty,18.5,rate,github.com/NickCH-K/causaldata
1995-12-31,Kentucky: poverty,14.7,rate,github.com/NickCH-K/causaldata
1996-12-31,Kentucky: poverty,17.0,rate,github.com/NickCH-K/causaldata
1997-12-31,Kentucky: poverty,15.9,rate,github.com/NickCH-K/causaldata
1998-12-31,Kentucky: poverty,13.5,rate,github.com/NickCH-K/causaldata
1999-12-31,Kentucky: poverty,12.1,rate,github.com/NickCH-K/causaldata
2000-12-31,Kentucky: poverty,12.6,rate,github.com/NickCH-K/causaldata
1985-12-31,Kentucky: ur,9.091667,rate,github.com/NickCH-K/causaldata
1986-12-31,Kentucky: ur,9.225,rate,github.com/NickCH-K/causaldata
1987-12-31,Kentucky: ur,8.325,rate,github.com/NickCH-K/causaldata
1988-12-31,Kentucky: ur,7.625,rate,github.com/NickCH-K/causaldata
1989-12-31,Kentucky: ur,6.491667,rate,github.com/NickCH-K/causaldata
1990-12-31,Kentucky: ur,6.108333,rate,github.com/NickCH-K/causaldata
1991-12-31,Kentucky: ur,7.4166665,rate,github.com/NickCH-K/causaldata
1992-12-31,Kentucky: ur,6.9583335,rate,github.com/NickCH-K/causaldata
1993-12-31,Kentucky: ur,6.383333,rate,github.com/NickCH-K/causaldata
1994-12-31,Kentucky: ur,5.4583335,rate,github.com/NickCH-K/causaldata
1995-12-31,Kentucky: ur,5.5666666,rate,github.com/NickCH-K/causaldata
1996-12-31,Kentucky: ur,5.491667,rate,github.com/NickCH-K/causaldata
1997-12-31,Kentucky: ur,5.383333,rate,github.com/NickCH-K/causaldata
1998-12-31,Kentucky: ur,4.5583334,rate,github.com/NickCH-K/causaldata
1999-12-31,Kentucky: ur,4.65,rate,github.com/NickCH-K/causaldata
2000-12-31,Kentucky: ur,4.233333,rate,github.com/NickCH-K/causaldata
1985-12-31,Kentucky: wmprison,3230.0,persons,github.com/NickCH-K/causaldata
1986-12-31,Kentucky: wmprison,3421.0,persons,github.com/NickCH-K/causaldata
1987-12-31,Kentucky: wmprison,3543.0,persons,github.com/NickCH-K/causaldata
1988-12-31,Kentucky: wmprison,4712.0,persons,github.com/NickCH-K/causaldata
1989-12-31,Kentucky: wmprison,5485.0,persons,github.com/NickCH-K/causaldata
1990-12-31,Kentucky: wmprison,5979.0,persons,github.com/NickCH-K/causaldata
1991-12-31,Kentucky: wmprison,6354.0,persons,github.com/NickCH-K/causaldata
1992-12-31,Kentucky: wmprison,6676.0,persons,github.com/NickCH-K/causaldata
1993-12-31,Kentucky: wmprison,6607.0,persons,github.com/NickCH-K/causaldata
1994-12-31,Kentucky: wmprison,6659.0,persons,github.com/NickCH-K/causaldata
1995-12-31,Kentucky: wmprison,7190.0,persons,github.com/NickCH-K/causaldata
1996-12-31,Kentucky: wmprison,7609.0,persons,github.com/NickCH-K/causaldata
1997-12-31,Kentucky: wmprison,8334.0,persons,github.com/NickCH-K/causaldata
1998-12-31,Kentucky: wmprison,8736.0,persons,github.com/NickCH-K/causaldata
1999-12-31,Kentucky: wmprison,8750.0,persons,github.com/NickCH-K/causaldata
2000-12-31,Kentucky: wmprison,8869.0,persons,github.com/NickCH-K/causaldata
1985-12-31,Louisiana: aidscapita,2.2679718,"AIDS deaths per 100,000",github.com/NickCH-K/causaldata
1986-12-31,Louisiana: aidscapita,3.4486763,"AIDS deaths per 100,000",github.com/NickCH-K/causaldata
1987-12-31,Louisiana: aidscapita,5.293687,"AIDS deaths per 100,000",github.com/NickCH-K/causaldata
1988-12-31,Louisiana: aidscapita,6.480892,"AIDS deaths per 100,000",github.com/NickCH-K/causaldata
1989-12-31,Louisiana: aidscapita,9.522858,"AIDS deaths per 100,000",github.com/NickCH-K/causaldata
1990-12-31,Louisiana: aidscapita,9.806867,"AIDS deaths per 100,000",github.com/NickCH-K/causaldata
1991-12-31,Louisiana: aidscapita,11.849681,"AIDS deaths per 100,000",github.com/NickCH-K/causaldata
1992-12-31,Louisiana: aidscapita,14.744924,"AIDS deaths per 100,000",github.com/NickCH-K/causaldata
1993-12-31,Louisiana: aidscapita,16.170778,"AIDS deaths per 100,000",github.com/NickCH-K/causaldata
1994-12-31,Louisiana: aidscapita,17.044353,"AIDS deaths per 100,000",github.com/NickCH-K/causaldata
1995-12-31,Louisiana: aidscapita,18.429794,"AIDS deaths per 100,000",github.com/NickCH-K/causaldata
1996-12-31,Louisiana: aidscapita,15.685822,"AIDS deaths per 100,000",github.com/NickCH-K/causaldata
1997-12-31,Louisiana: aidscapita,10.517814,"AIDS deaths per 100,000",github.com/NickCH-K/causaldata
1998-12-31,Louisiana: aidscapita,9.661413,"AIDS deaths per 100,000",github.com/NickCH-K/causaldata
1999-12-31,Louisiana: aidscapita,8.720387,"AIDS deaths per 100,000",github.com/NickCH-K/causaldata
2000-12-31,Louisiana: aidscapita,9.038501,"AIDS deaths per 100,000",github.com/NickCH-K/causaldata
1985-12-31,Louisiana: alcohol,2.49,per capita,github.com/NickCH-K/causaldata
1986-12-31,Louisiana: alcohol,2.42,per capita,github.com/NickCH-K/causaldata
1987-12-31,Louisiana: alcohol,2.34,per capita,github.com/NickCH-K/causaldata
1988-12-31,Louisiana: alcohol,2.37,per capita,github.com/NickCH-K/causaldata
1989-12-31,Louisiana: alcohol,2.38,per capita,github.com/NickCH-K/causaldata
1990-12-31,Louisiana: alcohol,2.54,per capita,github.com/NickCH-K/causaldata
1991-12-31,Louisiana: alcohol,2.46,per capita,github.com/NickCH-K/causaldata
1992-12-31,Louisiana: alcohol,2.51,per capita,github.com/NickCH-K/causaldata
1993-12-31,Louisiana: alcohol,2.47,per capita,github.com/NickCH-K/causaldata
1994-12-31,Louisiana: alcohol,2.39,per capita,github.com/NickCH-K/causaldata
1995-12-31,Louisiana: alcohol,2.5,per capita,github.com/NickCH-K/causaldata
1996-12-31,Louisiana: alcohol,2.44,per capita,github.com/NickCH-K/causaldata
1997-12-31,Louisiana: alcohol,2.44,per capita,github.com/NickCH-K/causaldata
1998-12-31,Louisiana: alcohol,2.43,per capita,github.com/NickCH-K/causaldata
1999-12-31,Louisiana: alcohol,2.46,per capita,github.com/NickCH-K/causaldata
2000-12-31,Louisiana: alcohol,2.43,per capita,github.com/NickCH-K/causaldata
1985-12-31,Louisiana: black,32.13612,percent of population,github.com/NickCH-K/causaldata
1986-12-31,Louisiana: black,32.08527,percent of population,github.com/NickCH-K/causaldata
1987-12-31,Louisiana: black,32.02994,percent of population,github.com/NickCH-K/causaldata
1988-12-31,Louisiana: black,31.985506,percent of population,github.com/NickCH-K/causaldata
1989-12-31,Louisiana: black,31.944277,percent of population,github.com/NickCH-K/causaldata
1990-12-31,Louisiana: black,31.76111,percent of population,github.com/NickCH-K/causaldata
1991-12-31,Louisiana: black,32.01483,percent of population,github.com/NickCH-K/causaldata
1992-12-31,Louisiana: black,32.316837,percent of population,github.com/NickCH-K/causaldata
1993-12-31,Louisiana: black,32.64448,percent of population,github.com/NickCH-K/causaldata
1994-12-31,Louisiana: black,32.91712,percent of population,github.com/NickCH-K/causaldata
1995-12-31,Louisiana: black,33.166264,percent of population,github.com/NickCH-K/causaldata
1996-12-31,Louisiana: black,33.406094,percent of population,github.com/NickCH-K/causaldata
1997-12-31,Louisiana: black,33.590733,percent of population,github.com/NickCH-K/causaldata
1998-12-31,Louisiana: black,33.7578,percent of population,github.com/NickCH-K/causaldata
1999-12-31,Louisiana: black,33.93404,percent of population,github.com/NickCH-K/causaldata
2000-12-31,Louisiana: black,34.08516,percent of population,github.com/NickCH-K/causaldata
1985-12-31,Louisiana: bmprison,9562.0,persons,github.com/NickCH-K/causaldata
1986-12-31,Louisiana: bmprison,9845.0,persons,github.com/NickCH-K/causaldata
1987-12-31,Louisiana: bmprison,10585.0,persons,github.com/NickCH-K/causaldata
1988-12-31,Louisiana: bmprison,11213.0,persons,github.com/NickCH-K/causaldata
1989-12-31,Louisiana: bmprison,11922.0,persons,github.com/NickCH-K/causaldata
1990-12-31,Louisiana: bmprison,12830.0,persons,github.com/NickCH-K/causaldata
1991-12-31,Louisiana: bmprison,14135.0,persons,github.com/NickCH-K/causaldata
1992-12-31,Louisiana: bmprison,15303.0,persons,github.com/NickCH-K/causaldata
1993-12-31,Louisiana: bmprison,16424.0,persons,github.com/NickCH-K/causaldata
1994-12-31,Louisiana: bmprison,17593.0,persons,github.com/NickCH-K/causaldata
1995-12-31,Louisiana: bmprison,18439.0,persons,github.com/NickCH-K/causaldata
1996-12-31,Louisiana: bmprison,19561.0,persons,github.com/NickCH-K/causaldata
1997-12-31,Louisiana: bmprison,21085.0,persons,github.com/NickCH-K/causaldata
1998-12-31,Louisiana: bmprison,23149.0,persons,github.com/NickCH-K/causaldata
1999-12-31,Louisiana: bmprison,23475.0,persons,github.com/NickCH-K/causaldata
2000-12-31,Louisiana: bmprison,25374.0,persons,github.com/NickCH-K/causaldata
1985-12-31,Louisiana: income,12113.0,median income,github.com/NickCH-K/causaldata
1986-12-31,Louisiana: income,12005.0,median income,github.com/NickCH-K/causaldata
1987-12-31,Louisiana: income,12212.0,median income,github.com/NickCH-K/causaldata
1988-12-31,Louisiana: income,13036.0,median income,github.com/NickCH-K/causaldata
1989-12-31,Louisiana: income,13976.0,median income,github.com/NickCH-K/causaldata
1990-12-31,Louisiana: income,15173.0,median income,github.com/NickCH-K/causaldata
1991-12-31,Louisiana: income,15900.0,median income,github.com/NickCH-K/causaldata
1992-12-31,Louisiana: income,16771.0,median income,github.com/NickCH-K/causaldata
1993-12-31,Louisiana: income,17413.0,median income,github.com/NickCH-K/causaldata
1994-12-31,Louisiana: income,18411.0,median income,github.com/NickCH-K/causaldata
1995-12-31,Louisiana: income,19077.0,median income,github.com/NickCH-K/causaldata
1996-12-31,Louisiana: income,19786.0,median income,github.com/NickCH-K/causaldata
1997-12-31,Louisiana: income,20681.0,median income,github.com/NickCH-K/causaldata
1998-12-31,Louisiana: income,21772.0,median income,github.com/NickCH-K/causaldata
1999-12-31,Louisiana: income,22014.0,median income,github.com/NickCH-K/causaldata
2000-12-31,Louisiana: income,23079.0,median income,github.com/NickCH-K/causaldata
1985-12-31,Louisiana: perc1519,8.640042,percent of population,github.com/NickCH-K/causaldata
1986-12-31,Louisiana: perc1519,8.599615,percent of population,github.com/NickCH-K/causaldata
1987-12-31,Louisiana: perc1519,8.474111,percent of population,github.com/NickCH-K/causaldata
1988-12-31,Louisiana: perc1519,8.305309,percent of population,github.com/NickCH-K/causaldata
1989-12-31,Louisiana: perc1519,8.058595,percent of population,github.com/NickCH-K/causaldata
1990-12-31,Louisiana: perc1519,7.815504,percent of population,github.com/NickCH-K/causaldata
1991-12-31,Louisiana: perc1519,7.6520023,percent of population,github.com/NickCH-K/causaldata
1992-12-31,Louisiana: perc1519,7.6441364,percent of population,github.com/NickCH-K/causaldata
1993-12-31,Louisiana: perc1519,7.7218246,percent of population,github.com/NickCH-K/causaldata
1994-12-31,Louisiana: perc1519,7.8649683,percent of population,github.com/NickCH-K/causaldata
1995-12-31,Louisiana: perc1519,8.052701,percent of population,github.com/NickCH-K/causaldata
1996-12-31,Louisiana: perc1519,8.205344,percent of population,github.com/NickCH-K/causaldata
1997-12-31,Louisiana: perc1519,8.283264,percent of population,github.com/NickCH-K/causaldata
1998-12-31,Louisiana: perc1519,8.332868,percent of population,github.com/NickCH-K/causaldata
1999-12-31,Louisiana: perc1519,8.278271,percent of population,github.com/NickCH-K/causaldata
2000-12-31,Louisiana: perc1519,8.140019,percent of population,github.com/NickCH-K/causaldata
1985-12-31,Louisiana: poverty,18.1,rate,github.com/NickCH-K/causaldata
1986-12-31,Louisiana: poverty,22.0,rate,github.com/NickCH-K/causaldata
1987-12-31,Louisiana: poverty,25.1,rate,github.com/NickCH-K/causaldata
1988-12-31,Louisiana: poverty,22.8,rate,github.com/NickCH-K/causaldata
1989-12-31,Louisiana: poverty,23.3,rate,github.com/NickCH-K/causaldata
1990-12-31,Louisiana: poverty,23.6,rate,github.com/NickCH-K/causaldata
1991-12-31,Louisiana: poverty,19.0,rate,github.com/NickCH-K/causaldata
1992-12-31,Louisiana: poverty,24.5,rate,github.com/NickCH-K/causaldata
1993-12-31,Louisiana: poverty,26.4,rate,github.com/NickCH-K/causaldata
1994-12-31,Louisiana: poverty,25.7,rate,github.com/NickCH-K/causaldata
1995-12-31,Louisiana: poverty,19.7,rate,github.com/NickCH-K/causaldata
1996-12-31,Louisiana: poverty,20.5,rate,github.com/NickCH-K/causaldata
1997-12-31,Louisiana: poverty,16.3,rate,github.com/NickCH-K/causaldata
1998-12-31,Louisiana: poverty,19.1,rate,github.com/NickCH-K/causaldata
1999-12-31,Louisiana: poverty,19.2,rate,github.com/NickCH-K/causaldata
2000-12-31,Louisiana: poverty,17.2,rate,github.com/NickCH-K/causaldata
1985-12-31,Louisiana: ur,11.458333,rate,github.com/NickCH-K/causaldata
1986-12-31,Louisiana: ur,12.475,rate,github.com/NickCH-K/causaldata
1987-12-31,Louisiana: ur,11.8,rate,github.com/NickCH-K/causaldata
1988-12-31,Louisiana: ur,10.5,rate,github.com/NickCH-K/causaldata
1989-12-31,Louisiana: ur,7.625,rate,github.com/NickCH-K/causaldata
1990-12-31,Louisiana: ur,5.8583336,rate,github.com/NickCH-K/causaldata
1991-12-31,Louisiana: ur,6.883333,rate,github.com/NickCH-K/causaldata
1992-12-31,Louisiana: ur,7.8416667,rate,github.com/NickCH-K/causaldata
1993-12-31,Louisiana: ur,7.4416666,rate,github.com/NickCH-K/causaldata
1994-12-31,Louisiana: ur,7.5416665,rate,github.com/NickCH-K/causaldata
1995-12-31,Louisiana: ur,6.6916666,rate,github.com/NickCH-K/causaldata
1996-12-31,Louisiana: ur,6.3333335,rate,github.com/NickCH-K/causaldata
1997-12-31,Louisiana: ur,5.725,rate,github.com/NickCH-K/causaldata
1998-12-31,Louisiana: ur,5.333333,rate,github.com/NickCH-K/causaldata
1999-12-31,Louisiana: ur,4.7083335,rate,github.com/NickCH-K/causaldata
2000-12-31,Louisiana: ur,4.95,rate,github.com/NickCH-K/causaldata
1985-12-31,Louisiana: wmprison,3718.0,persons,github.com/NickCH-K/causaldata
1986-12-31,Louisiana: wmprison,3828.0,persons,github.com/NickCH-K/causaldata
1987-12-31,Louisiana: wmprison,4117.0,persons,github.com/NickCH-K/causaldata
1988-12-31,Louisiana: wmprison,4360.0,persons,github.com/NickCH-K/causaldata
1989-12-31,Louisiana: wmprison,4637.0,persons,github.com/NickCH-K/causaldata
1990-12-31,Louisiana: wmprison,4991.0,persons,github.com/NickCH-K/causaldata
1991-12-31,Louisiana: wmprison,4956.0,persons,github.com/NickCH-K/causaldata
1992-12-31,Louisiana: wmprison,4571.0,persons,github.com/NickCH-K/causaldata
1993-12-31,Louisiana: wmprison,4885.0,persons,github.com/NickCH-K/causaldata
1994-12-31,Louisiana: wmprison,5130.0,persons,github.com/NickCH-K/causaldata
1995-12-31,Louisiana: wmprison,5282.0,persons,github.com/NickCH-K/causaldata
1996-12-31,Louisiana: wmprison,5603.0,persons,github.com/NickCH-K/causaldata
1997-12-31,Louisiana: wmprison,6262.0,persons,github.com/NickCH-K/causaldata
1998-12-31,Louisiana: wmprison,6854.0,persons,github.com/NickCH-K/causaldata
1999-12-31,Louisiana: wmprison,7183.0,persons,github.com/NickCH-K/causaldata
2000-12-31,Louisiana: wmprison,7562.0,persons,github.com/NickCH-K/causaldata
1985-12-31,Maine: aidscapita,0.42983538,"AIDS deaths per 100,000",github.com/NickCH-K/causaldata
1986-12-31,Maine: aidscapita,1.452655,"AIDS deaths per 100,000",github.com/NickCH-K/causaldata
1987-12-31,Maine: aidscapita,0.59084696,"AIDS deaths per 100,000",github.com/NickCH-K/causaldata
1988-12-31,Maine: aidscapita,1.6611061,"AIDS deaths per 100,000",github.com/NickCH-K/causaldata
1989-12-31,Maine: aidscapita,2.2951498,"AIDS deaths per 100,000",github.com/NickCH-K/causaldata
1990-12-31,Maine: aidscapita,3.491056,"AIDS deaths per 100,000",github.com/NickCH-K/causaldata
1991-12-31,Maine: aidscapita,2.9909117,"AIDS deaths per 100,000",github.com/NickCH-K/causaldata
1992-12-31,Maine: aidscapita,3.5526617,"AIDS deaths per 100,000",github.com/NickCH-K/causaldata
1993-12-31,Maine: aidscapita,5.876188,"AIDS deaths per 100,000",github.com/NickCH-K/causaldata
1994-12-31,Maine: aidscapita,5.954958,"AIDS deaths per 100,000",github.com/NickCH-K/causaldata
1995-12-31,Maine: aidscapita,6.0314603,"AIDS deaths per 100,000",github.com/NickCH-K/causaldata
1996-12-31,Maine: aidscapita,2.802107,"AIDS deaths per 100,000",github.com/NickCH-K/causaldata
1997-12-31,Maine: aidscapita,2.2314775,"AIDS deaths per 100,000",github.com/NickCH-K/causaldata
1998-12-31,Maine: aidscapita,1.5089821,"AIDS deaths per 100,000",github.com/NickCH-K/causaldata
1999-12-31,Maine: aidscapita,1.4998326,"AIDS deaths per 100,000",github.com/NickCH-K/causaldata
2000-12-31,Maine: aidscapita,1.4875267,"AIDS deaths per 100,000",github.com/NickCH-K/causaldata
1985-12-31,Maine: alcohol,2.56,per capita,github.com/NickCH-K/causaldata
1986-12-31,Maine: alcohol,2.56,per capita,github.com/NickCH-K/causaldata
1987-12-31,Maine: alcohol,2.55,per capita,github.com/NickCH-K/causaldata
1988-12-31,Maine: alcohol,2.54,per capita,github.com/NickCH-K/causaldata
1989-12-31,Maine: alcohol,2.44,per capita,github.com/NickCH-K/causaldata
1990-12-31,Maine: alcohol,2.34,per capita,github.com/NickCH-K/causaldata
1991-12-31,Maine: alcohol,2.25,per capita,github.com/NickCH-K/causaldata
1992-12-31,Maine: alcohol,2.23,per capita,github.com/NickCH-K/causaldata
1993-12-31,Maine: alcohol,2.22,per capita,github.com/NickCH-K/causaldata
1994-12-31,Maine: alcohol,2.17,per capita,github.com/NickCH-K/causaldata
1995-12-31,Maine: alcohol,2.19,per capita,github.com/NickCH-K/causaldata
1996-12-31,Maine: alcohol,2.22,per capita,github.com/NickCH-K/causaldata
1997-12-31,Maine: alcohol,2.19,per capita,github.com/NickCH-K/causaldata
1998-12-31,Maine: alcohol,2.16,per capita,github.com/NickCH-K/causaldata
1999-12-31,Maine: alcohol,2.26,per capita,github.com/NickCH-K/causaldata
2000-12-31,Maine: alcohol,2.29,per capita,github.com/NickCH-K/causaldata
1985-12-31,Maine: black,0.42222336,percent of population,github.com/NickCH-K/causaldata
1986-12-31,Maine: black,0.42071036,percent of population,github.com/NickCH-K/causaldata
1987-12-31,Maine: black,0.41812253,percent of population,github.com/NickCH-K/causaldata
1988-12-31,Maine: black,0.41579866,percent of population,github.com/NickCH-K/causaldata
1989-12-31,Maine: black,0.41342795,percent of population,github.com/NickCH-K/causaldata
1990-12-31,Maine: black,0.40554872,percent of population,github.com/NickCH-K/causaldata
1991-12-31,Maine: black,0.4133324,percent of population,github.com/NickCH-K/causaldata
1992-12-31,Maine: black,0.41557226,percent of population,github.com/NickCH-K/causaldata
1993-12-31,Maine: black,0.41577932,percent of population,github.com/NickCH-K/causaldata
1994-12-31,Maine: black,0.40298286,percent of population,github.com/NickCH-K/causaldata
1995-12-31,Maine: black,0.43394637,percent of population,github.com/NickCH-K/causaldata
1996-12-31,Maine: black,0.46105233,percent of population,github.com/NickCH-K/causaldata
1997-12-31,Maine: black,0.5146983,percent of population,github.com/NickCH-K/causaldata
1998-12-31,Maine: black,0.5688829,percent of population,github.com/NickCH-K/causaldata
1999-12-31,Maine: black,0.574865,percent of population,github.com/NickCH-K/causaldata
2000-12-31,Maine: black,0.6530922,percent of population,github.com/NickCH-K/causaldata
1985-12-31,Maine: bmprison,15.0,persons,github.com/NickCH-K/causaldata
1986-12-31,Maine: bmprison,11.0,persons,github.com/NickCH-K/causaldata
1987-12-31,Maine: bmprison,15.0,persons,github.com/NickCH-K/causaldata
1988-12-31,Maine: bmprison,15.0,persons,github.com/NickCH-K/causaldata
1989-12-31,Maine: bmprison,16.0,persons,github.com/NickCH-K/causaldata
1990-12-31,Maine: bmprison,29.0,persons,github.com/NickCH-K/causaldata
1991-12-31,Maine: bmprison,34.0,persons,github.com/NickCH-K/causaldata
1992-12-31,Maine: bmprison,29.0,persons,github.com/NickCH-K/causaldata
1993-12-31,Maine: bmprison,34.0,persons,github.com/NickCH-K/causaldata
1994-12-31,Maine: bmprison,25.0,persons,github.com/NickCH-K/causaldata
1995-12-31,Maine: bmprison,26.0,persons,github.com/NickCH-K/causaldata
1996-12-31,Maine: bmprison,41.0,persons,github.com/NickCH-K/causaldata
1997-12-31,Maine: bmprison,56.0,persons,github.com/NickCH-K/causaldata
1998-12-31,Maine: bmprison,56.0,persons,github.com/NickCH-K/causaldata
1999-12-31,Maine: bmprison,60.0,persons,github.com/NickCH-K/causaldata
2000-12-31,Maine: bmprison,46.0,persons,github.com/NickCH-K/causaldata
1985-12-31,Maine: income,12556.0,median income,github.com/NickCH-K/causaldata
1986-12-31,Maine: income,13494.0,median income,github.com/NickCH-K/causaldata
1987-12-31,Maine: income,14546.0,median income,github.com/NickCH-K/causaldata
1988-12-31,Maine: income,15710.0,median income,github.com/NickCH-K/causaldata
1989-12-31,Maine: income,16803.0,median income,github.com/NickCH-K/causaldata
1990-12-31,Maine: income,17376.0,median income,github.com/NickCH-K/causaldata
1991-12-31,Maine: income,17526.0,median income,github.com/NickCH-K/causaldata
1992-12-31,Maine: income,18253.0,median income,github.com/NickCH-K/causaldata
1993-12-31,Maine: income,18639.0,median income,github.com/NickCH-K/causaldata
1994-12-31,Maine: income,19387.0,median income,github.com/NickCH-K/causaldata
1995-12-31,Maine: income,20140.0,median income,github.com/NickCH-K/causaldata
1996-12-31,Maine: income,21203.0,median income,github.com/NickCH-K/causaldata
1997-12-31,Maine: income,22179.0,median income,github.com/NickCH-K/causaldata
1998-12-31,Maine: income,23596.0,median income,github.com/NickCH-K/causaldata
1999-12-31,Maine: income,24484.0,median income,github.com/NickCH-K/causaldata
2000-12-31,Maine: income,25969.0,median income,github.com/NickCH-K/causaldata
1985-12-31,Maine: perc1519,7.975682,percent of population,github.com/NickCH-K/causaldata
1986-12-31,Maine: perc1519,7.9370503,percent of population,github.com/NickCH-K/causaldata
1987-12-31,Maine: perc1519,7.7994328,percent of population,github.com/NickCH-K/causaldata
1988-12-31,Maine: perc1519,7.6207395,percent of population,github.com/NickCH-K/causaldata
1989-12-31,Maine: perc1519,7.3802996,percent of population,github.com/NickCH-K/causaldata
1990-12-31,Maine: perc1519,7.126382,percent of population,github.com/NickCH-K/causaldata
1991-12-31,Maine: perc1519,6.8651123,percent of population,github.com/NickCH-K/causaldata
1992-12-31,Maine: perc1519,6.7190523,percent of population,github.com/NickCH-K/causaldata
1993-12-31,Maine: perc1519,6.694588,percent of population,github.com/NickCH-K/causaldata
1994-12-31,Maine: perc1519,6.7529225,percent of population,github.com/NickCH-K/causaldata
1995-12-31,Maine: perc1519,6.8315535,percent of population,github.com/NickCH-K/causaldata
1996-12-31,Maine: perc1519,6.911117,percent of population,github.com/NickCH-K/causaldata
1997-12-31,Maine: perc1519,6.9809384,percent of population,github.com/NickCH-K/causaldata
1998-12-31,Maine: perc1519,7.042896,percent of population,github.com/NickCH-K/causaldata
1999-12-31,Maine: perc1519,7.030268,percent of population,github.com/NickCH-K/causaldata
2000-12-31,Maine: perc1519,6.9945073,percent of population,github.com/NickCH-K/causaldata
1985-12-31,Maine: poverty,11.9,rate,github.com/NickCH-K/causaldata
1986-12-31,Maine: poverty,10.2,rate,github.com/NickCH-K/causaldata
1987-12-31,Maine: poverty,11.7,rate,github.com/NickCH-K/causaldata
1988-12-31,Maine: poverty,13.2,rate,github.com/NickCH-K/causaldata
1989-12-31,Maine: poverty,10.4,rate,github.com/NickCH-K/causaldata
1990-12-31,Maine: poverty,13.1,rate,github.com/NickCH-K/causaldata
1991-12-31,Maine: poverty,14.1,rate,github.com/NickCH-K/causaldata
1992-12-31,Maine: poverty,13.5,rate,github.com/NickCH-K/causaldata
1993-12-31,Maine: poverty,15.4,rate,github.com/NickCH-K/causaldata
1994-12-31,Maine: poverty,9.4,rate,github.com/NickCH-K/causaldata
1995-12-31,Maine: poverty,11.2,rate,github.com/NickCH-K/causaldata
1996-12-31,Maine: poverty,11.2,rate,github.com/NickCH-K/causaldata
1997-12-31,Maine: poverty,10.1,rate,github.com/NickCH-K/causaldata
1998-12-31,Maine: poverty,10.4,rate,github.com/NickCH-K/causaldata
1999-12-31,Maine: poverty,10.6,rate,github.com/NickCH-K/causaldata
2000-12-31,Maine: poverty,10.1,rate,github.com/NickCH-K/causaldata
1985-12-31,Maine: ur,5.55,rate,github.com/NickCH-K/causaldata
1986-12-31,Maine: ur,5.233333,rate,github.com/NickCH-K/causaldata
1987-12-31,Maine: ur,4.3416667,rate,github.com/NickCH-K/causaldata
1988-12-31,Maine: ur,3.65,rate,github.com/NickCH-K/causaldata
1989-12-31,Maine: ur,4.0,rate,github.com/NickCH-K/causaldata
1990-12-31,Maine: ur,5.275,rate,github.com/NickCH-K/causaldata
1991-12-31,Maine: ur,7.5666666,rate,github.com/NickCH-K/causaldata
1992-12-31,Maine: ur,7.125,rate,github.com/NickCH-K/causaldata
1993-12-31,Maine: ur,6.6083336,rate,github.com/NickCH-K/causaldata
1994-12-31,Maine: ur,6.4666667,rate,github.com/NickCH-K/causaldata
1995-12-31,Maine: ur,5.825,rate,github.com/NickCH-K/causaldata
1996-12-31,Maine: ur,5.258333,rate,github.com/NickCH-K/causaldata
1997-12-31,Maine: ur,5.125,rate,github.com/NickCH-K/causaldata
1998-12-31,Maine: ur,4.508333,rate,github.com/NickCH-K/causaldata
1999-12-31,Maine: ur,3.95,rate,github.com/NickCH-K/causaldata
2000-12-31,Maine: ur,3.275,rate,github.com/NickCH-K/causaldata
1985-12-31,Maine: wmprison,1161.0,persons,github.com/NickCH-K/causaldata
1986-12-31,Maine: wmprison,1270.0,persons,github.com/NickCH-K/causaldata
1987-12-31,Maine: wmprison,1265.0,persons,github.com/NickCH-K/causaldata
1988-12-31,Maine: wmprison,1221.0,persons,github.com/NickCH-K/causaldata
1989-12-31,Maine: wmprison,1378.0,persons,github.com/NickCH-K/causaldata
1990-12-31,Maine: wmprison,1440.0,persons,github.com/NickCH-K/causaldata
1991-12-31,Maine: wmprison,1463.0,persons,github.com/NickCH-K/causaldata
1992-12-31,Maine: wmprison,1411.0,persons,github.com/NickCH-K/causaldata
1993-12-31,Maine: wmprison,1368.0,persons,github.com/NickCH-K/causaldata
1994-12-31,Maine: wmprison,1383.0,persons,github.com/NickCH-K/causaldata
1995-12-31,Maine: wmprison,1303.0,persons,github.com/NickCH-K/causaldata
1996-12-31,Maine: wmprison,1357.5,persons,github.com/NickCH-K/causaldata
1997-12-31,Maine: wmprison,1412.0,persons,github.com/NickCH-K/causaldata
1998-12-31,Maine: wmprison,1433.0,persons,github.com/NickCH-K/causaldata
1999-12-31,Maine: wmprison,1508.0,persons,github.com/NickCH-K/causaldata
2000-12-31,Maine: wmprison,1394.0,persons,github.com/NickCH-K/causaldata
1985-12-31,Maryland: aidscapita,2.7185462,"AIDS deaths per 100,000",github.com/NickCH-K/causaldata
1986-12-31,Maryland: aidscapita,4.122558,"AIDS deaths per 100,000",github.com/NickCH-K/causaldata
1987-12-31,Maryland: aidscapita,6.2634687,"AIDS deaths per 100,000",github.com/NickCH-K/causaldata
1988-12-31,Maryland: aidscapita,7.770595,"AIDS deaths per 100,000",github.com/NickCH-K/causaldata
1989-12-31,Maryland: aidscapita,11.613306,"AIDS deaths per 100,000",github.com/NickCH-K/causaldata
1990-12-31,Maryland: aidscapita,14.229849,"AIDS deaths per 100,000",github.com/NickCH-K/causaldata
1991-12-31,Maryland: aidscapita,17.790958,"AIDS deaths per 100,000",github.com/NickCH-K/causaldata
1992-12-31,Maryland: aidscapita,20.717525,"AIDS deaths per 100,000",github.com/NickCH-K/causaldata
1993-12-31,Maryland: aidscapita,24.980446,"AIDS deaths per 100,000",github.com/NickCH-K/causaldata
1994-12-31,Maryland: aidscapita,29.58356,"AIDS deaths per 100,000",github.com/NickCH-K/causaldata
1995-12-31,Maryland: aidscapita,31.71577,"AIDS deaths per 100,000",github.com/NickCH-K/causaldata
1996-12-31,Maryland: aidscapita,25.01963,"AIDS deaths per 100,000",github.com/NickCH-K/causaldata
1997-12-31,Maryland: aidscapita,14.910822,"AIDS deaths per 100,000",github.com/NickCH-K/causaldata
1998-12-31,Maryland: aidscapita,13.334706,"AIDS deaths per 100,000",github.com/NickCH-K/causaldata
1999-12-31,Maryland: aidscapita,13.930893,"AIDS deaths per 100,000",github.com/NickCH-K/causaldata
2000-12-31,Maryland: aidscapita,12.197734,"AIDS deaths per 100,000",github.com/NickCH-K/causaldata
1985-12-31,Maryland: alcohol,2.81,per capita,github.com/NickCH-K/causaldata
1986-12-31,Maryland: alcohol,2.75,per capita,github.com/NickCH-K/causaldata
1987-12-31,Maryland: alcohol,2.74,per capita,github.com/NickCH-K/causaldata
1988-12-31,Maryland: alcohol,2.62,per capita,github.com/NickCH-K/causaldata
1989-12-31,Maryland: alcohol,2.54,per capita,github.com/NickCH-K/causaldata
1990-12-31,Maryland: alcohol,2.51,per capita,github.com/NickCH-K/causaldata
1991-12-31,Maryland: alcohol,2.33,per capita,github.com/NickCH-K/causaldata
1992-12-31,Maryland: alcohol,2.26,per capita,github.com/NickCH-K/causaldata
1993-12-31,Maryland: alcohol,2.19,per capita,github.com/NickCH-K/causaldata
1994-12-31,Maryland: alcohol,2.15,per capita,github.com/NickCH-K/causaldata
1995-12-31,Maryland: alcohol,2.09,per capita,github.com/NickCH-K/causaldata
1996-12-31,Maryland: alcohol,2.08,per capita,github.com/NickCH-K/causaldata
1997-12-31,Maryland: alcohol,2.07,per capita,github.com/NickCH-K/causaldata
1998-12-31,Maryland: alcohol,2.08,per capita,github.com/NickCH-K/causaldata
1999-12-31,Maryland: alcohol,2.08,per capita,github.com/NickCH-K/causaldata
2000-12-31,Maryland: alcohol,2.09,per capita,github.com/NickCH-K/causaldata
1985-12-31,Maryland: black,26.559769,percent of population,github.com/NickCH-K/causaldata
1986-12-31,Maryland: black,26.52174,percent of population,github.com/NickCH-K/causaldata
1987-12-31,Maryland: black,26.480854,percent of population,github.com/NickCH-K/causaldata
1988-12-31,Maryland: black,26.447197,percent of population,github.com/NickCH-K/causaldata
1989-12-31,Maryland: black,26.41271,percent of population,github.com/NickCH-K/causaldata
1990-12-31,Maryland: black,26.216133,percent of population,github.com/NickCH-K/causaldata
1991-12-31,Maryland: black,26.69498,percent of population,github.com/NickCH-K/causaldata
1992-12-31,Maryland: black,27.140617,percent of population,github.com/NickCH-K/causaldata
1993-12-31,Maryland: black,27.672722,percent of population,github.com/NickCH-K/causaldata
1994-12-31,Maryland: black,28.197813,percent of population,github.com/NickCH-K/causaldata
1995-12-31,Maryland: black,28.72117,percent of population,github.com/NickCH-K/causaldata
1996-12-31,Maryland: black,29.28471,percent of population,github.com/NickCH-K/causaldata
1997-12-31,Maryland: black,29.803646,percent of population,github.com/NickCH-K/causaldata
1998-12-31,Maryland: black,30.313568,percent of population,github.com/NickCH-K/causaldata
1999-12-31,Maryland: black,30.778193,percent of population,github.com/NickCH-K/causaldata
2000-12-31,Maryland: black,31.12084,percent of population,github.com/NickCH-K/causaldata
1985-12-31,Maryland: bmprison,9093.0,persons,github.com/NickCH-K/causaldata
1986-12-31,Maryland: bmprison,9333.0,persons,github.com/NickCH-K/causaldata
1987-12-31,Maryland: bmprison,9382.0,persons,github.com/NickCH-K/causaldata
1988-12-31,Maryland: bmprison,10031.0,persons,github.com/NickCH-K/causaldata
1989-12-31,Maryland: bmprison,11674.0,persons,github.com/NickCH-K/causaldata
1990-12-31,Maryland: bmprison,13135.0,persons,github.com/NickCH-K/causaldata
1991-12-31,Maryland: bmprison,13946.0,persons,github.com/NickCH-K/causaldata
1992-12-31,Maryland: bmprison,14570.0,persons,github.com/NickCH-K/causaldata
1993-12-31,Maryland: bmprison,14816.0,persons,github.com/NickCH-K/causaldata
1994-12-31,Maryland: bmprison,15454.0,persons,github.com/NickCH-K/causaldata
1995-12-31,Maryland: bmprison,15879.0,persons,github.com/NickCH-K/causaldata
1996-12-31,Maryland: bmprison,16349.0,persons,github.com/NickCH-K/causaldata
1997-12-31,Maryland: bmprison,16423.0,persons,github.com/NickCH-K/causaldata
1998-12-31,Maryland: bmprison,16690.0,persons,github.com/NickCH-K/causaldata
1999-12-31,Maryland: bmprison,17183.0,persons,github.com/NickCH-K/causaldata
2000-12-31,Maryland: bmprison,17481.0,persons,github.com/NickCH-K/causaldata
1985-12-31,Maryland: income,17069.0,median income,github.com/NickCH-K/causaldata
1986-12-31,Maryland: income,18068.0,median income,github.com/NickCH-K/causaldata
1987-12-31,Maryland: income,19208.0,median income,github.com/NickCH-K/causaldata
1988-12-31,Maryland: income,20582.0,median income,github.com/NickCH-K/causaldata
1989-12-31,Maryland: income,21900.0,median income,github.com/NickCH-K/causaldata
1990-12-31,Maryland: income,22852.0,median income,github.com/NickCH-K/causaldata
1991-12-31,Maryland: income,23304.0,median income,github.com/NickCH-K/causaldata
1992-12-31,Maryland: income,24139.0,median income,github.com/NickCH-K/causaldata
1993-12-31,Maryland: income,24720.0,median income,github.com/NickCH-K/causaldata
1994-12-31,Maryland: income,25587.0,median income,github.com/NickCH-K/causaldata
1995-12-31,Maryland: income,26393.0,median income,github.com/NickCH-K/causaldata
1996-12-31,Maryland: income,27393.0,median income,github.com/NickCH-K/causaldata
1997-12-31,Maryland: income,28666.0,median income,github.com/NickCH-K/causaldata
1998-12-31,Maryland: income,30317.0,median income,github.com/NickCH-K/causaldata
1999-12-31,Maryland: income,31796.0,median income,github.com/NickCH-K/causaldata
2000-12-31,Maryland: income,34257.0,median income,github.com/NickCH-K/causaldata
1985-12-31,Maryland: perc1519,7.6285806,percent of population,github.com/NickCH-K/causaldata
1986-12-31,Maryland: perc1519,7.4974623,percent of population,github.com/NickCH-K/causaldata
1987-12-31,Maryland: perc1519,7.2931304,percent of population,github.com/NickCH-K/causaldata
1988-12-31,Maryland: perc1519,7.0576963,percent of population,github.com/NickCH-K/causaldata
1989-12-31,Maryland: perc1519,6.7651634,percent of population,github.com/NickCH-K/causaldata
1990-12-31,Maryland: perc1519,6.4829564,percent of population,github.com/NickCH-K/causaldata
1991-12-31,Maryland: perc1519,6.181413,percent of population,github.com/NickCH-K/causaldata
1992-12-31,Maryland: perc1519,6.0493345,percent of population,github.com/NickCH-K/causaldata
1993-12-31,Maryland: perc1519,6.0144143,percent of population,github.com/NickCH-K/causaldata
1994-12-31,Maryland: perc1519,6.0645504,percent of population,github.com/NickCH-K/causaldata
1995-12-31,Maryland: perc1519,6.176508,percent of population,github.com/NickCH-K/causaldata
1996-12-31,Maryland: perc1519,6.301015,percent of population,github.com/NickCH-K/causaldata
1997-12-31,Maryland: perc1519,6.442018,percent of population,github.com/NickCH-K/causaldata
1998-12-31,Maryland: perc1519,6.584309,percent of population,github.com/NickCH-K/causaldata
1999-12-31,Maryland: perc1519,6.6724977,percent of population,github.com/NickCH-K/causaldata
2000-12-31,Maryland: perc1519,6.7467213,percent of population,github.com/NickCH-K/causaldata
1985-12-31,Maryland: poverty,8.7,rate,github.com/NickCH-K/causaldata
1986-12-31,Maryland: poverty,9.2,rate,github.com/NickCH-K/causaldata
1987-12-31,Maryland: poverty,9.2,rate,github.com/NickCH-K/causaldata
1988-12-31,Maryland: poverty,9.8,rate,github.com/NickCH-K/causaldata
1989-12-31,Maryland: poverty,9.0,rate,github.com/NickCH-K/causaldata
1990-12-31,Maryland: poverty,9.9,rate,github.com/NickCH-K/causaldata
1991-12-31,Maryland: poverty,9.1,rate,github.com/NickCH-K/causaldata
1992-12-31,Maryland: poverty,11.8,rate,github.com/NickCH-K/causaldata
1993-12-31,Maryland: poverty,9.7,rate,github.com/NickCH-K/causaldata
1994-12-31,Maryland: poverty,10.7,rate,github.com/NickCH-K/causaldata
1995-12-31,Maryland: poverty,10.1,rate,github.com/NickCH-K/causaldata
1996-12-31,Maryland: poverty,10.3,rate,github.com/NickCH-K/causaldata
1997-12-31,Maryland: poverty,8.4,rate,github.com/NickCH-K/causaldata
1998-12-31,Maryland: poverty,7.2,rate,github.com/NickCH-K/causaldata
1999-12-31,Maryland: poverty,7.3,rate,github.com/NickCH-K/causaldata
2000-12-31,Maryland: poverty,7.4,rate,github.com/NickCH-K/causaldata
1985-12-31,Maryland: ur,4.6916666,rate,github.com/NickCH-K/causaldata
1986-12-31,Maryland: ur,4.5583334,rate,github.com/NickCH-K/causaldata
1987-12-31,Maryland: ur,4.3166666,rate,github.com/NickCH-K/causaldata
1988-12-31,Maryland: ur,4.116667,rate,github.com/NickCH-K/causaldata
1989-12-31,Maryland: ur,3.725,rate,github.com/NickCH-K/causaldata
1990-12-31,Maryland: ur,4.55,rate,github.com/NickCH-K/causaldata
1991-12-31,Maryland: ur,6.225,rate,github.com/NickCH-K/causaldata
1992-12-31,Maryland: ur,6.5833335,rate,github.com/NickCH-K/causaldata
1993-12-31,Maryland: ur,5.991667,rate,github.com/NickCH-K/causaldata
1994-12-31,Maryland: ur,5.1583333,rate,github.com/NickCH-K/causaldata
1995-12-31,Maryland: ur,5.0583334,rate,github.com/NickCH-K/causaldata
1996-12-31,Maryland: ur,4.9416666,rate,github.com/NickCH-K/causaldata
1997-12-31,Maryland: ur,4.758333,rate,github.com/NickCH-K/causaldata
1998-12-31,Maryland: ur,4.2833333,rate,github.com/NickCH-K/causaldata
1999-12-31,Maryland: ur,3.5833333,rate,github.com/NickCH-K/causaldata
2000-12-31,Maryland: ur,3.5666666,rate,github.com/NickCH-K/causaldata
1985-12-31,Maryland: wmprison,3476.0,persons,github.com/NickCH-K/causaldata
1986-12-31,Maryland: wmprison,3525.0,persons,github.com/NickCH-K/causaldata
1987-12-31,Maryland: wmprison,3597.0,persons,github.com/NickCH-K/causaldata
1988-12-31,Maryland: wmprison,3701.0,persons,github.com/NickCH-K/causaldata
1989-12-31,Maryland: wmprison,4087.0,persons,github.com/NickCH-K/causaldata
1990-12-31,Maryland: wmprison,3735.0,persons,github.com/NickCH-K/causaldata
1991-12-31,Maryland: wmprison,4346.0,persons,github.com/NickCH-K/causaldata
1992-12-31,Maryland: wmprison,4387.0,persons,github.com/NickCH-K/causaldata
1993-12-31,Maryland: wmprison,4414.0,persons,github.com/NickCH-K/causaldata
1994-12-31,Maryland: wmprison,4462.0,persons,github.com/NickCH-K/causaldata
1995-12-31,Maryland: wmprison,4458.0,persons,github.com/NickCH-K/causaldata
1996-12-31,Maryland: wmprison,4605.0,persons,github.com/NickCH-K/causaldata
1997-12-31,Maryland: wmprison,4665.0,persons,github.com/NickCH-K/causaldata
1998-12-31,Maryland: wmprison,4706.0,persons,github.com/NickCH-K/causaldata
1999-12-31,Maryland: wmprison,4760.0,persons,github.com/NickCH-K/causaldata
2000-12-31,Maryland: wmprison,4788.0,persons,github.com/NickCH-K/causaldata
1985-12-31,Massachusetts: aidscapita,2.0570753,"AIDS deaths per 100,000",github.com/NickCH-K/causaldata
1986-12-31,Massachusetts: aidscapita,3.4217522,"AIDS deaths per 100,000",github.com/NickCH-K/causaldata
1987-12-31,Massachusetts: aidscapita,5.5593133,"AIDS deaths per 100,000",github.com/NickCH-K/causaldata
1988-12-31,Massachusetts: aidscapita,7.172878,"AIDS deaths per 100,000",github.com/NickCH-K/causaldata
1989-12-31,Massachusetts: aidscapita,9.47552,"AIDS deaths per 100,000",github.com/NickCH-K/causaldata
1990-12-31,Massachusetts: aidscapita,10.5435505,"AIDS deaths per 100,000",github.com/NickCH-K/causaldata
1991-12-31,Massachusetts: aidscapita,13.591495,"AIDS deaths per 100,000",github.com/NickCH-K/causaldata
1992-12-31,Massachusetts: aidscapita,15.210553,"AIDS deaths per 100,000",github.com/NickCH-K/causaldata
1993-12-31,Massachusetts: aidscapita,17.209606,"AIDS deaths per 100,000",github.com/NickCH-K/causaldata
1994-12-31,Massachusetts: aidscapita,19.802334,"AIDS deaths per 100,000",github.com/NickCH-K/causaldata
1995-12-31,Massachusetts: aidscapita,18.839214,"AIDS deaths per 100,000",github.com/NickCH-K/causaldata
1996-12-31,Massachusetts: aidscapita,12.411493,"AIDS deaths per 100,000",github.com/NickCH-K/causaldata
1997-12-31,Massachusetts: aidscapita,6.151565,"AIDS deaths per 100,000",github.com/NickCH-K/causaldata
1998-12-31,Massachusetts: aidscapita,5.070284,"AIDS deaths per 100,000",github.com/NickCH-K/causaldata
1999-12-31,Massachusetts: aidscapita,5.03376,"AIDS deaths per 100,000",github.com/NickCH-K/causaldata
2000-12-31,Massachusetts: aidscapita,4.7785788,"AIDS deaths per 100,000",github.com/NickCH-K/causaldata
1985-12-31,Massachusetts: alcohol,3.01,per capita,github.com/NickCH-K/causaldata
1986-12-31,Massachusetts: alcohol,2.96,per capita,github.com/NickCH-K/causaldata
1987-12-31,Massachusetts: alcohol,2.93,per capita,github.com/NickCH-K/causaldata
1988-12-31,Massachusetts: alcohol,2.86,per capita,github.com/NickCH-K/causaldata
1989-12-31,Massachusetts: alcohol,2.75,per capita,github.com/NickCH-K/causaldata
1990-12-31,Massachusetts: alcohol,2.63,per capita,github.com/NickCH-K/causaldata
1991-12-31,Massachusetts: alcohol,2.49,per capita,github.com/NickCH-K/causaldata
1992-12-31,Massachusetts: alcohol,2.38,per capita,github.com/NickCH-K/causaldata
1993-12-31,Massachusetts: alcohol,2.38,per capita,github.com/NickCH-K/causaldata
1994-12-31,Massachusetts: alcohol,2.38,per capita,github.com/NickCH-K/causaldata
1995-12-31,Massachusetts: alcohol,2.35,per capita,github.com/NickCH-K/causaldata
1996-12-31,Massachusetts: alcohol,2.35,per capita,github.com/NickCH-K/causaldata
1997-12-31,Massachusetts: alcohol,2.39,per capita,github.com/NickCH-K/causaldata
1998-12-31,Massachusetts: alcohol,2.39,per capita,github.com/NickCH-K/causaldata
1999-12-31,Massachusetts: alcohol,2.39,per capita,github.com/NickCH-K/causaldata
2000-12-31,Massachusetts: alcohol,2.55,per capita,github.com/NickCH-K/causaldata
1985-12-31,Massachusetts: black,5.3110743,percent of population,github.com/NickCH-K/causaldata
1986-12-31,Massachusetts: black,5.3041058,percent of population,github.com/NickCH-K/causaldata
1987-12-31,Massachusetts: black,5.294887,percent of population,github.com/NickCH-K/causaldata
1988-12-31,Massachusetts: black,5.2884865,percent of population,github.com/NickCH-K/causaldata
1989-12-31,Massachusetts: black,5.28217,percent of population,github.com/NickCH-K/causaldata
1990-12-31,Massachusetts: black,5.014848,percent of population,github.com/NickCH-K/causaldata
1991-12-31,Massachusetts: black,5.1766615,percent of population,github.com/NickCH-K/causaldata
1992-12-31,Massachusetts: black,5.3308015,percent of population,github.com/NickCH-K/causaldata
1993-12-31,Massachusetts: black,5.468412,percent of population,github.com/NickCH-K/causaldata
1994-12-31,Massachusetts: black,5.571593,percent of population,github.com/NickCH-K/causaldata
1995-12-31,Massachusetts: black,5.657262,percent of population,github.com/NickCH-K/causaldata
1996-12-31,Massachusetts: black,5.7669315,percent of population,github.com/NickCH-K/causaldata
1997-12-31,Massachusetts: black,5.9412785,percent of population,github.com/NickCH-K/causaldata
1998-12-31,Massachusetts: black,6.107834,percent of population,github.com/NickCH-K/causaldata
1999-12-31,Massachusetts: black,6.276429,percent of population,github.com/NickCH-K/causaldata
2000-12-31,Massachusetts: black,6.406675,percent of population,github.com/NickCH-K/causaldata
1985-12-31,Massachusetts: bmprison,1740.0,persons,github.com/NickCH-K/causaldata
1986-12-31,Massachusetts: bmprison,1721.0,persons,github.com/NickCH-K/causaldata
1987-12-31,Massachusetts: bmprison,2001.0,persons,github.com/NickCH-K/causaldata
1988-12-31,Massachusetts: bmprison,2215.0,persons,github.com/NickCH-K/causaldata
1989-12-31,Massachusetts: bmprison,2657.0,persons,github.com/NickCH-K/causaldata
1990-12-31,Massachusetts: bmprison,2895.0,persons,github.com/NickCH-K/causaldata
1991-12-31,Massachusetts: bmprison,2899.0,persons,github.com/NickCH-K/causaldata
1992-12-31,Massachusetts: bmprison,3062.0,persons,github.com/NickCH-K/causaldata
1993-12-31,Massachusetts: bmprison,2883.0,persons,github.com/NickCH-K/causaldata
1994-12-31,Massachusetts: bmprison,2866.0,persons,github.com/NickCH-K/causaldata
1995-12-31,Massachusetts: bmprison,2718.0,persons,github.com/NickCH-K/causaldata
1996-12-31,Massachusetts: bmprison,3328.0,persons,github.com/NickCH-K/causaldata
1997-12-31,Massachusetts: bmprison,3290.0,persons,github.com/NickCH-K/causaldata
1998-12-31,Massachusetts: bmprison,3223.0,persons,github.com/NickCH-K/causaldata
1999-12-31,Massachusetts: bmprison,3034.0,persons,github.com/NickCH-K/causaldata
2000-12-31,Massachusetts: bmprison,2837.0,persons,github.com/NickCH-K/causaldata
1985-12-31,Massachusetts: income,16910.0,median income,github.com/NickCH-K/causaldata
1986-12-31,Massachusetts: income,18148.0,median income,github.com/NickCH-K/causaldata
1987-12-31,Massachusetts: income,19575.0,median income,github.com/NickCH-K/causaldata
1988-12-31,Massachusetts: income,21341.0,median income,github.com/NickCH-K/causaldata
1989-12-31,Massachusetts: income,22342.0,median income,github.com/NickCH-K/causaldata
1990-12-31,Massachusetts: income,23043.0,median income,github.com/NickCH-K/causaldata
1991-12-31,Massachusetts: income,23432.0,median income,github.com/NickCH-K/causaldata
1992-12-31,Massachusetts: income,24538.0,median income,github.com/NickCH-K/causaldata
1993-12-31,Massachusetts: income,25176.0,median income,github.com/NickCH-K/causaldata
1994-12-31,Massachusetts: income,26303.0,median income,github.com/NickCH-K/causaldata
1995-12-31,Massachusetts: income,27457.0,median income,github.com/NickCH-K/causaldata
1996-12-31,Massachusetts: income,28933.0,median income,github.com/NickCH-K/causaldata
1997-12-31,Massachusetts: income,30498.0,median income,github.com/NickCH-K/causaldata
1998-12-31,Massachusetts: income,32524.0,median income,github.com/NickCH-K/causaldata
1999-12-31,Massachusetts: income,34227.0,median income,github.com/NickCH-K/causaldata
2000-12-31,Massachusetts: income,37756.0,median income,github.com/NickCH-K/causaldata
1985-12-31,Massachusetts: perc1519,7.8369465,percent of population,github.com/NickCH-K/causaldata
1986-12-31,Massachusetts: perc1519,7.7604327,percent of population,github.com/NickCH-K/causaldata
1987-12-31,Massachusetts: perc1519,7.592573,percent of population,github.com/NickCH-K/causaldata
1988-12-31,Massachusetts: perc1519,7.385339,percent of population,github.com/NickCH-K/causaldata
1989-12-31,Massachusetts: perc1519,7.115816,percent of population,github.com/NickCH-K/causaldata
1990-12-31,Massachusetts: perc1519,6.753601,percent of population,github.com/NickCH-K/causaldata
1991-12-31,Massachusetts: perc1519,6.1719675,percent of population,github.com/NickCH-K/causaldata
1992-12-31,Massachusetts: perc1519,5.860774,percent of population,github.com/NickCH-K/causaldata
1993-12-31,Massachusetts: perc1519,5.8060555,percent of population,github.com/NickCH-K/causaldata
1994-12-31,Massachusetts: perc1519,5.8560276,percent of population,github.com/NickCH-K/causaldata
1995-12-31,Massachusetts: perc1519,5.948258,percent of population,github.com/NickCH-K/causaldata
1996-12-31,Massachusetts: perc1519,6.083363,percent of population,github.com/NickCH-K/causaldata
1997-12-31,Massachusetts: perc1519,6.225769,percent of population,github.com/NickCH-K/causaldata
1998-12-31,Massachusetts: perc1519,6.3749094,percent of population,github.com/NickCH-K/causaldata
1999-12-31,Massachusetts: perc1519,6.464852,percent of population,github.com/NickCH-K/causaldata
2000-12-31,Massachusetts: perc1519,6.47936,percent of population,github.com/NickCH-K/causaldata
1985-12-31,Massachusetts: poverty,9.2,rate,github.com/NickCH-K/causaldata
1986-12-31,Massachusetts: poverty,9.2,rate,github.com/NickCH-K/causaldata
1987-12-31,Massachusetts: poverty,8.2,rate,github.com/NickCH-K/causaldata
1988-12-31,Massachusetts: poverty,8.5,rate,github.com/NickCH-K/causaldata
1989-12-31,Massachusetts: poverty,8.8,rate,github.com/NickCH-K/causaldata
1990-12-31,Massachusetts: poverty,10.7,rate,github.com/NickCH-K/causaldata
1991-12-31,Massachusetts: poverty,11.0,rate,github.com/NickCH-K/causaldata
1992-12-31,Massachusetts: poverty,10.3,rate,github.com/NickCH-K/causaldata
1993-12-31,Massachusetts: poverty,10.7,rate,github.com/NickCH-K/causaldata
1994-12-31,Massachusetts: poverty,9.7,rate,github.com/NickCH-K/causaldata
1995-12-31,Massachusetts: poverty,11.0,rate,github.com/NickCH-K/causaldata
1996-12-31,Massachusetts: poverty,10.1,rate,github.com/NickCH-K/causaldata
1997-12-31,Massachusetts: poverty,12.2,rate,github.com/NickCH-K/causaldata
1998-12-31,Massachusetts: poverty,8.7,rate,github.com/NickCH-K/causaldata
1999-12-31,Massachusetts: poverty,11.8,rate,github.com/NickCH-K/causaldata
2000-12-31,Massachusetts: poverty,9.8,rate,github.com/NickCH-K/causaldata
1985-12-31,Massachusetts: ur,4.0916667,rate,github.com/NickCH-K/causaldata
1986-12-31,Massachusetts: ur,3.9833333,rate,github.com/NickCH-K/causaldata
1987-12-31,Massachusetts: ur,3.3583333,rate,github.com/NickCH-K/causaldata
1988-12-31,Massachusetts: ur,3.3,rate,github.com/NickCH-K/causaldata
1989-12-31,Massachusetts: ur,4.1666665,rate,github.com/NickCH-K/causaldata
1990-12-31,Massachusetts: ur,6.3166666,rate,github.com/NickCH-K/causaldata
1991-12-31,Massachusetts: ur,8.833333,rate,github.com/NickCH-K/causaldata
1992-12-31,Massachusetts: ur,8.841667,rate,github.com/NickCH-K/causaldata
1993-12-31,Massachusetts: ur,7.325,rate,github.com/NickCH-K/causaldata
1994-12-31,Massachusetts: ur,6.2333336,rate,github.com/NickCH-K/causaldata
1995-12-31,Massachusetts: ur,5.475,rate,github.com/NickCH-K/causaldata
1996-12-31,Massachusetts: ur,4.5833335,rate,github.com/NickCH-K/causaldata
1997-12-31,Massachusetts: ur,4.0833335,rate,github.com/NickCH-K/causaldata
1998-12-31,Massachusetts: ur,3.4,rate,github.com/NickCH-K/causaldata
1999-12-31,Massachusetts: ur,3.2583332,rate,github.com/NickCH-K/causaldata
2000-12-31,Massachusetts: ur,2.7583332,rate,github.com/NickCH-K/causaldata
1985-12-31,Massachusetts: wmprison,3326.0,persons,github.com/NickCH-K/causaldata
1986-12-31,Massachusetts: wmprison,3249.0,persons,github.com/NickCH-K/causaldata
1987-12-31,Massachusetts: wmprison,3460.0,persons,github.com/NickCH-K/causaldata
1988-12-31,Massachusetts: wmprison,3602.0,persons,github.com/NickCH-K/causaldata
1989-12-31,Massachusetts: wmprison,3819.0,persons,github.com/NickCH-K/causaldata
1990-12-31,Massachusetts: wmprison,4017.0,persons,github.com/NickCH-K/causaldata
1991-12-31,Massachusetts: wmprison,4128.0,persons,github.com/NickCH-K/causaldata
1992-12-31,Massachusetts: wmprison,4702.0,persons,github.com/NickCH-K/causaldata
1993-12-31,Massachusetts: wmprison,4515.0,persons,github.com/NickCH-K/causaldata
1994-12-31,Massachusetts: wmprison,4428.0,persons,github.com/NickCH-K/causaldata
1995-12-31,Massachusetts: wmprison,4315.0,persons,github.com/NickCH-K/causaldata
1996-12-31,Massachusetts: wmprison,5174.0,persons,github.com/NickCH-K/causaldata
1997-12-31,Massachusetts: wmprison,5187.0,persons,github.com/NickCH-K/causaldata
1998-12-31,Massachusetts: wmprison,4930.0,persons,github.com/NickCH-K/causaldata
1999-12-31,Massachusetts: wmprison,4774.0,persons,github.com/NickCH-K/causaldata
2000-12-31,Massachusetts: wmprison,4561.0,persons,github.com/NickCH-K/causaldata
1985-12-31,Michigan: aidscapita,0.68292904,"AIDS deaths per 100,000",github.com/NickCH-K/causaldata
1986-12-31,Michigan: aidscapita,1.0954154,"AIDS deaths per 100,000",github.com/NickCH-K/causaldata
1987-12-31,Michigan: aidscapita,1.882736,"AIDS deaths per 100,000",github.com/NickCH-K/causaldata
1988-12-31,Michigan: aidscapita,2.7767515,"AIDS deaths per 100,000",github.com/NickCH-K/causaldata
1989-12-31,Michigan: aidscapita,4.0309415,"AIDS deaths per 100,000",github.com/NickCH-K/causaldata
1990-12-31,Michigan: aidscapita,4.6717334,"AIDS deaths per 100,000",github.com/NickCH-K/causaldata
1991-12-31,Michigan: aidscapita,5.5635657,"AIDS deaths per 100,000",github.com/NickCH-K/causaldata
1992-12-31,Michigan: aidscapita,6.7622705,"AIDS deaths per 100,000",github.com/NickCH-K/causaldata
1993-12-31,Michigan: aidscapita,8.186485,"AIDS deaths per 100,000",github.com/NickCH-K/causaldata
1994-12-31,Michigan: aidscapita,8.845836,"AIDS deaths per 100,000",github.com/NickCH-K/causaldata
1995-12-31,Michigan: aidscapita,8.970453,"AIDS deaths per 100,000",github.com/NickCH-K/causaldata
1996-12-31,Michigan: aidscapita,6.168889,"AIDS deaths per 100,000",github.com/NickCH-K/causaldata
1997-12-31,Michigan: aidscapita,4.332733,"AIDS deaths per 100,000",github.com/NickCH-K/causaldata
1998-12-31,Michigan: aidscapita,3.5438876,"AIDS deaths per 100,000",github.com/NickCH-K/causaldata
1999-12-31,Michigan: aidscapita,3.243369,"AIDS deaths per 100,000",github.com/NickCH-K/causaldata
2000-12-31,Michigan: aidscapita,3.2844136,"AIDS deaths per 100,000",github.com/NickCH-K/causaldata
1985-12-31,Michigan: alcohol,2.58,per capita,github.com/NickCH-K/causaldata
1986-12-31,Michigan: alcohol,2.56,per capita,github.com/NickCH-K/causaldata
1987-12-31,Michigan: alcohol,2.5,per capita,github.com/NickCH-K/causaldata
1988-12-31,Michigan: alcohol,2.47,per capita,github.com/NickCH-K/causaldata
1989-12-31,Michigan: alcohol,2.38,per capita,github.com/NickCH-K/causaldata
1990-12-31,Michigan: alcohol,2.42,per capita,github.com/NickCH-K/causaldata
1991-12-31,Michigan: alcohol,2.26,per capita,github.com/NickCH-K/causaldata
1992-12-31,Michigan: alcohol,2.21,per capita,github.com/NickCH-K/causaldata
1993-12-31,Michigan: alcohol,2.18,per capita,github.com/NickCH-K/causaldata
1994-12-31,Michigan: alcohol,2.1,per capita,github.com/NickCH-K/causaldata
1995-12-31,Michigan: alcohol,2.06,per capita,github.com/NickCH-K/causaldata
1996-12-31,Michigan: alcohol,2.08,per capita,github.com/NickCH-K/causaldata
1997-12-31,Michigan: alcohol,2.06,per capita,github.com/NickCH-K/causaldata
1998-12-31,Michigan: alcohol,2.12,per capita,github.com/NickCH-K/causaldata
1999-12-31,Michigan: alcohol,2.11,per capita,github.com/NickCH-K/causaldata
2000-12-31,Michigan: alcohol,2.12,per capita,github.com/NickCH-K/causaldata
1985-12-31,Michigan: black,14.541648,percent of population,github.com/NickCH-K/causaldata
1986-12-31,Michigan: black,14.516467,percent of population,github.com/NickCH-K/causaldata
1987-12-31,Michigan: black,14.489078,percent of population,github.com/NickCH-K/causaldata
1988-12-31,Michigan: black,14.463719,percent of population,github.com/NickCH-K/causaldata
1989-12-31,Michigan: black,14.439843,percent of population,github.com/NickCH-K/causaldata
1990-12-31,Michigan: black,14.397829,percent of population,github.com/NickCH-K/causaldata
1991-12-31,Michigan: black,14.529696,percent of population,github.com/NickCH-K/causaldata
1992-12-31,Michigan: black,14.64006,percent of population,github.com/NickCH-K/causaldata
1993-12-31,Michigan: black,14.777655,percent of population,github.com/NickCH-K/causaldata
1994-12-31,Michigan: black,14.90519,percent of population,github.com/NickCH-K/causaldata
1995-12-31,Michigan: black,15.014131,percent of population,github.com/NickCH-K/causaldata
1996-12-31,Michigan: black,15.076863,percent of population,github.com/NickCH-K/causaldata
1997-12-31,Michigan: black,15.157505,percent of population,github.com/NickCH-K/causaldata
1998-12-31,Michigan: black,15.268511,percent of population,github.com/NickCH-K/causaldata
1999-12-31,Michigan: black,15.375669,percent of population,github.com/NickCH-K/causaldata
2000-12-31,Michigan: black,15.44845,percent of population,github.com/NickCH-K/causaldata
1985-12-31,Michigan: bmprison,9497.0,persons,github.com/NickCH-K/causaldata
1986-12-31,Michigan: bmprison,11174.0,persons,github.com/NickCH-K/causaldata
1987-12-31,Michigan: bmprison,12674.0,persons,github.com/NickCH-K/causaldata
1988-12-31,Michigan: bmprison,14939.0,persons,github.com/NickCH-K/causaldata
1989-12-31,Michigan: bmprison,17290.0,persons,github.com/NickCH-K/causaldata
1990-12-31,Michigan: bmprison,18616.0,persons,github.com/NickCH-K/causaldata
1991-12-31,Michigan: bmprison,19930.0,persons,github.com/NickCH-K/causaldata
1992-12-31,Michigan: bmprison,21272.0,persons,github.com/NickCH-K/causaldata
1993-12-31,Michigan: bmprison,21026.0,persons,github.com/NickCH-K/causaldata
1994-12-31,Michigan: bmprison,21686.0,persons,github.com/NickCH-K/causaldata
1995-12-31,Michigan: bmprison,21859.0,persons,github.com/NickCH-K/causaldata
1996-12-31,Michigan: bmprison,22493.0,persons,github.com/NickCH-K/causaldata
1997-12-31,Michigan: bmprison,23763.0,persons,github.com/NickCH-K/causaldata
1998-12-31,Michigan: bmprison,24186.0,persons,github.com/NickCH-K/causaldata
1999-12-31,Michigan: bmprison,24476.0,persons,github.com/NickCH-K/causaldata
2000-12-31,Michigan: bmprison,25076.0,persons,github.com/NickCH-K/causaldata
1985-12-31,Michigan: income,14773.0,median income,github.com/NickCH-K/causaldata
1986-12-31,Michigan: income,15607.0,median income,github.com/NickCH-K/causaldata
1987-12-31,Michigan: income,16053.0,median income,github.com/NickCH-K/causaldata
1988-12-31,Michigan: income,17028.0,median income,github.com/NickCH-K/causaldata
1989-12-31,Michigan: income,18225.0,median income,github.com/NickCH-K/causaldata
1990-12-31,Michigan: income,18922.0,median income,github.com/NickCH-K/causaldata
1991-12-31,Michigan: income,19324.0,median income,github.com/NickCH-K/causaldata
1992-12-31,Michigan: income,20338.0,median income,github.com/NickCH-K/causaldata
1993-12-31,Michigan: income,21129.0,median income,github.com/NickCH-K/causaldata
1994-12-31,Michigan: income,22694.0,median income,github.com/NickCH-K/causaldata
1995-12-31,Michigan: income,23508.0,median income,github.com/NickCH-K/causaldata
1996-12-31,Michigan: income,24306.0,median income,github.com/NickCH-K/causaldata
1997-12-31,Michigan: income,25367.0,median income,github.com/NickCH-K/causaldata
1998-12-31,Michigan: income,26919.0,median income,github.com/NickCH-K/causaldata
1999-12-31,Michigan: income,28095.0,median income,github.com/NickCH-K/causaldata
2000-12-31,Michigan: income,29552.0,median income,github.com/NickCH-K/causaldata
1985-12-31,Michigan: perc1519,8.272518,percent of population,github.com/NickCH-K/causaldata
1986-12-31,Michigan: perc1519,8.243592,percent of population,github.com/NickCH-K/causaldata
1987-12-31,Michigan: perc1519,8.119239,percent of population,github.com/NickCH-K/causaldata
1988-12-31,Michigan: perc1519,7.9510546,percent of population,github.com/NickCH-K/causaldata
1989-12-31,Michigan: perc1519,7.7110615,percent of population,github.com/NickCH-K/causaldata
1990-12-31,Michigan: perc1519,7.44888,percent of population,github.com/NickCH-K/causaldata
1991-12-31,Michigan: perc1519,7.135119,percent of population,github.com/NickCH-K/causaldata
1992-12-31,Michigan: perc1519,6.9833364,percent of population,github.com/NickCH-K/causaldata
1993-12-31,Michigan: perc1519,6.945462,percent of population,github.com/NickCH-K/causaldata
1994-12-31,Michigan: perc1519,6.990783,percent of population,github.com/NickCH-K/causaldata
1995-12-31,Michigan: perc1519,7.0922594,percent of population,github.com/NickCH-K/causaldata
1996-12-31,Michigan: perc1519,7.193591,percent of population,github.com/NickCH-K/causaldata
1997-12-31,Michigan: perc1519,7.2625885,percent of population,github.com/NickCH-K/causaldata
1998-12-31,Michigan: perc1519,7.3055873,percent of population,github.com/NickCH-K/causaldata
1999-12-31,Michigan: perc1519,7.270552,percent of population,github.com/NickCH-K/causaldata
2000-12-31,Michigan: perc1519,7.2188396,percent of population,github.com/NickCH-K/causaldata
1985-12-31,Michigan: poverty,14.5,rate,github.com/NickCH-K/causaldata
1986-12-31,Michigan: poverty,13.9,rate,github.com/NickCH-K/causaldata
1987-12-31,Michigan: poverty,12.2,rate,github.com/NickCH-K/causaldata
1988-12-31,Michigan: poverty,12.1,rate,github.com/NickCH-K/causaldata
1989-12-31,Michigan: poverty,13.2,rate,github.com/NickCH-K/causaldata
1990-12-31,Michigan: poverty,14.3,rate,github.com/NickCH-K/causaldata
1991-12-31,Michigan: poverty,14.1,rate,github.com/NickCH-K/causaldata
1992-12-31,Michigan: poverty,13.6,rate,github.com/NickCH-K/causaldata
1993-12-31,Michigan: poverty,15.4,rate,github.com/NickCH-K/causaldata
1994-12-31,Michigan: poverty,14.1,rate,github.com/NickCH-K/causaldata
1995-12-31,Michigan: poverty,12.2,rate,github.com/NickCH-K/causaldata
1996-12-31,Michigan: poverty,11.2,rate,github.com/NickCH-K/causaldata
1997-12-31,Michigan: poverty,10.3,rate,github.com/NickCH-K/causaldata
1998-12-31,Michigan: poverty,11.0,rate,github.com/NickCH-K/causaldata
1999-12-31,Michigan: poverty,9.7,rate,github.com/NickCH-K/causaldata
2000-12-31,Michigan: poverty,9.9,rate,github.com/NickCH-K/causaldata
1985-12-31,Michigan: ur,10.05,rate,github.com/NickCH-K/causaldata
1986-12-31,Michigan: ur,8.858334,rate,github.com/NickCH-K/causaldata
1987-12-31,Michigan: ur,8.333333,rate,github.com/NickCH-K/causaldata
1988-12-31,Michigan: ur,7.6083336,rate,github.com/NickCH-K/causaldata
1989-12-31,Michigan: ur,7.1833334,rate,github.com/NickCH-K/causaldata
1990-12-31,Michigan: ur,7.741667,rate,github.com/NickCH-K/causaldata
1991-12-31,Michigan: ur,9.3,rate,github.com/NickCH-K/causaldata
1992-12-31,Michigan: ur,9.141666,rate,github.com/NickCH-K/causaldata
1993-12-31,Michigan: ur,7.4,rate,github.com/NickCH-K/causaldata
1994-12-31,Michigan: ur,6.1666665,rate,github.com/NickCH-K/causaldata
1995-12-31,Michigan: ur,5.358333,rate,github.com/NickCH-K/causaldata
1996-12-31,Michigan: ur,4.9333334,rate,github.com/NickCH-K/causaldata
1997-12-31,Michigan: ur,4.3166666,rate,github.com/NickCH-K/causaldata
1998-12-31,Michigan: ur,3.975,rate,github.com/NickCH-K/causaldata
1999-12-31,Michigan: ur,3.775,rate,github.com/NickCH-K/causaldata
2000-12-31,Michigan: ur,3.7166667,rate,github.com/NickCH-K/causaldata
1985-12-31,Michigan: wmprison,7108.0,persons,github.com/NickCH-K/causaldata
1986-12-31,Michigan: wmprison,8224.0,persons,github.com/NickCH-K/causaldata
1987-12-31,Michigan: wmprison,9533.0,persons,github.com/NickCH-K/causaldata
1988-12-31,Michigan: wmprison,10787.0,persons,github.com/NickCH-K/causaldata
1989-12-31,Michigan: wmprison,12147.0,persons,github.com/NickCH-K/causaldata
1990-12-31,Michigan: wmprison,13247.0,persons,github.com/NickCH-K/causaldata
1991-12-31,Michigan: wmprison,13951.0,persons,github.com/NickCH-K/causaldata
1992-12-31,Michigan: wmprison,15118.0,persons,github.com/NickCH-K/causaldata
1993-12-31,Michigan: wmprison,15554.0,persons,github.com/NickCH-K/causaldata
1994-12-31,Michigan: wmprison,15915.0,persons,github.com/NickCH-K/causaldata
1995-12-31,Michigan: wmprison,16170.0,persons,github.com/NickCH-K/causaldata
1996-12-31,Michigan: wmprison,16599.0,persons,github.com/NickCH-K/causaldata
1997-12-31,Michigan: wmprison,17645.0,persons,github.com/NickCH-K/causaldata
1998-12-31,Michigan: wmprison,18226.0,persons,github.com/NickCH-K/causaldata
1999-12-31,Michigan: wmprison,18585.0,persons,github.com/NickCH-K/causaldata
2000-12-31,Michigan: wmprison,18946.0,persons,github.com/NickCH-K/causaldata
1985-12-31,Minnesota: aidscapita,0.62121505,"AIDS deaths per 100,000",github.com/NickCH-K/causaldata
1986-12-31,Minnesota: aidscapita,1.4504005,"AIDS deaths per 100,000",github.com/NickCH-K/causaldata
1987-12-31,Minnesota: aidscapita,1.8414494,"AIDS deaths per 100,000",github.com/NickCH-K/causaldata
1988-12-31,Minnesota: aidscapita,2.0014565,"AIDS deaths per 100,000",github.com/NickCH-K/causaldata
1989-12-31,Minnesota: aidscapita,2.4664965,"AIDS deaths per 100,000",github.com/NickCH-K/causaldata
1990-12-31,Minnesota: aidscapita,3.8042243,"AIDS deaths per 100,000",github.com/NickCH-K/causaldata
1991-12-31,Minnesota: aidscapita,4.4585967,"AIDS deaths per 100,000",github.com/NickCH-K/causaldata
1992-12-31,Minnesota: aidscapita,4.204137,"AIDS deaths per 100,000",github.com/NickCH-K/causaldata
1993-12-31,Minnesota: aidscapita,4.609353,"AIDS deaths per 100,000",github.com/NickCH-K/causaldata
1994-12-31,Minnesota: aidscapita,5.9865236,"AIDS deaths per 100,000",github.com/NickCH-K/causaldata
1995-12-31,Minnesota: aidscapita,5.4504333,"AIDS deaths per 100,000",github.com/NickCH-K/causaldata
1996-12-31,Minnesota: aidscapita,3.925457,"AIDS deaths per 100,000",github.com/NickCH-K/causaldata
1997-12-31,Minnesota: aidscapita,1.6794761,"AIDS deaths per 100,000",github.com/NickCH-K/causaldata
1998-12-31,Minnesota: aidscapita,1.4542699,"AIDS deaths per 100,000",github.com/NickCH-K/causaldata
1999-12-31,Minnesota: aidscapita,1.4158257,"AIDS deaths per 100,000",github.com/NickCH-K/causaldata
2000-12-31,Minnesota: aidscapita,1.4591889,"AIDS deaths per 100,000",github.com/NickCH-K/causaldata
1985-12-31,Minnesota: alcohol,2.68,per capita,github.com/NickCH-K/causaldata
1986-12-31,Minnesota: alcohol,2.56,per capita,github.com/NickCH-K/causaldata
1987-12-31,Minnesota: alcohol,2.56,per capita,github.com/NickCH-K/causaldata
1988-12-31,Minnesota: alcohol,2.49,per capita,github.com/NickCH-K/causaldata
1989-12-31,Minnesota: alcohol,2.43,per capita,github.com/NickCH-K/causaldata
1990-12-31,Minnesota: alcohol,2.55,per capita,github.com/NickCH-K/causaldata
1991-12-31,Minnesota: alcohol,2.35,per capita,github.com/NickCH-K/causaldata
1992-12-31,Minnesota: alcohol,2.35,per capita,github.com/NickCH-K/causaldata
1993-12-31,Minnesota: alcohol,2.33,per capita,github.com/NickCH-K/causaldata
1994-12-31,Minnesota: alcohol,2.35,per capita,github.com/NickCH-K/causaldata
1995-12-31,Minnesota: alcohol,2.32,per capita,github.com/NickCH-K/causaldata
1996-12-31,Minnesota: alcohol,2.34,per capita,github.com/NickCH-K/causaldata
1997-12-31,Minnesota: alcohol,2.33,per capita,github.com/NickCH-K/causaldata
1998-12-31,Minnesota: alcohol,2.27,per capita,github.com/NickCH-K/causaldata
1999-12-31,Minnesota: alcohol,2.36,per capita,github.com/NickCH-K/causaldata
2000-12-31,Minnesota: alcohol,2.37,per capita,github.com/NickCH-K/causaldata
1985-12-31,Minnesota: black,2.2583935,percent of population,github.com/NickCH-K/causaldata
1986-12-31,Minnesota: black,2.2542665,percent of population,github.com/NickCH-K/causaldata
1987-12-31,Minnesota: black,2.2482853,percent of population,github.com/NickCH-K/causaldata
1988-12-31,Minnesota: black,2.2432668,percent of population,github.com/NickCH-K/causaldata
1989-12-31,Minnesota: black,2.2385952,percent of population,github.com/NickCH-K/causaldata
1990-12-31,Minnesota: black,2.2344627,percent of population,github.com/NickCH-K/causaldata
1991-12-31,Minnesota: black,2.3439474,percent of population,github.com/NickCH-K/causaldata
1992-12-31,Minnesota: black,2.515478,percent of population,github.com/NickCH-K/causaldata
1993-12-31,Minnesota: black,2.682735,percent of population,github.com/NickCH-K/causaldata
1994-12-31,Minnesota: black,2.867141,percent of population,github.com/NickCH-K/causaldata
1995-12-31,Minnesota: black,3.0443041,percent of population,github.com/NickCH-K/causaldata
1996-12-31,Minnesota: black,3.217128,percent of population,github.com/NickCH-K/causaldata
1997-12-31,Minnesota: black,3.4147894,percent of population,github.com/NickCH-K/causaldata
1998-12-31,Minnesota: black,3.6527605,percent of population,github.com/NickCH-K/causaldata
1999-12-31,Minnesota: black,3.9075692,percent of population,github.com/NickCH-K/causaldata
2000-12-31,Minnesota: black,4.164414,percent of population,github.com/NickCH-K/causaldata
1985-12-31,Minnesota: bmprison,480.0,persons,github.com/NickCH-K/causaldata
1986-12-31,Minnesota: bmprison,514.0,persons,github.com/NickCH-K/causaldata
1987-12-31,Minnesota: bmprison,576.0,persons,github.com/NickCH-K/causaldata
1988-12-31,Minnesota: bmprison,707.0,persons,github.com/NickCH-K/causaldata
1989-12-31,Minnesota: bmprison,795.0,persons,github.com/NickCH-K/causaldata
1990-12-31,Minnesota: bmprison,838.0,persons,github.com/NickCH-K/causaldata
1991-12-31,Minnesota: bmprison,991.0,persons,github.com/NickCH-K/causaldata
1992-12-31,Minnesota: bmprison,1126.0,persons,github.com/NickCH-K/causaldata
1993-12-31,Minnesota: bmprison,1335.0,persons,github.com/NickCH-K/causaldata
1994-12-31,Minnesota: bmprison,1458.0,persons,github.com/NickCH-K/causaldata
1995-12-31,Minnesota: bmprison,1620.0,persons,github.com/NickCH-K/causaldata
1996-12-31,Minnesota: bmprison,1758.0,persons,github.com/NickCH-K/causaldata
1997-12-31,Minnesota: bmprison,1858.0,persons,github.com/NickCH-K/causaldata
1998-12-31,Minnesota: bmprison,1981.0,persons,github.com/NickCH-K/causaldata
1999-12-31,Minnesota: bmprison,2112.0,persons,github.com/NickCH-K/causaldata
2000-12-31,Minnesota: bmprison,2157.0,persons,github.com/NickCH-K/causaldata
1985-12-31,Minnesota: income,15166.0,median income,github.com/NickCH-K/causaldata
1986-12-31,Minnesota: income,15957.0,median income,github.com/NickCH-K/causaldata
1987-12-31,Minnesota: income,16886.0,median income,github.com/NickCH-K/causaldata
1988-12-31,Minnesota: income,17511.0,median income,github.com/NickCH-K/causaldata
1989-12-31,Minnesota: income,18923.0,median income,github.com/NickCH-K/causaldata
1990-12-31,Minnesota: income,19891.0,median income,github.com/NickCH-K/causaldata
1991-12-31,Minnesota: income,20278.0,median income,github.com/NickCH-K/causaldata
1992-12-31,Minnesota: income,21443.0,median income,github.com/NickCH-K/causaldata
1993-12-31,Minnesota: income,21636.0,median income,github.com/NickCH-K/causaldata
1994-12-31,Minnesota: income,22985.0,median income,github.com/NickCH-K/causaldata
1995-12-31,Minnesota: income,24078.0,median income,github.com/NickCH-K/causaldata
1996-12-31,Minnesota: income,25716.0,median income,github.com/NickCH-K/causaldata
1997-12-31,Minnesota: income,26953.0,median income,github.com/NickCH-K/causaldata
1998-12-31,Minnesota: income,28993.0,median income,github.com/NickCH-K/causaldata
1999-12-31,Minnesota: income,30106.0,median income,github.com/NickCH-K/causaldata
2000-12-31,Minnesota: income,32017.0,median income,github.com/NickCH-K/causaldata
1985-12-31,Minnesota: perc1519,7.90532,percent of population,github.com/NickCH-K/causaldata
1986-12-31,Minnesota: perc1519,7.803511,percent of population,github.com/NickCH-K/causaldata
1987-12-31,Minnesota: perc1519,7.607216,percent of population,github.com/NickCH-K/causaldata
1988-12-31,Minnesota: perc1519,7.369246,percent of population,github.com/NickCH-K/causaldata
1989-12-31,Minnesota: perc1519,7.0708003,percent of population,github.com/NickCH-K/causaldata
1990-12-31,Minnesota: perc1519,6.795734,percent of population,github.com/NickCH-K/causaldata
1991-12-31,Minnesota: perc1519,6.5833883,percent of population,github.com/NickCH-K/causaldata
1992-12-31,Minnesota: perc1519,6.5892396,percent of population,github.com/NickCH-K/causaldata
1993-12-31,Minnesota: perc1519,6.6997385,percent of population,github.com/NickCH-K/causaldata
1994-12-31,Minnesota: perc1519,6.8873005,percent of population,github.com/NickCH-K/causaldata
1995-12-31,Minnesota: perc1519,7.0928593,percent of population,github.com/NickCH-K/causaldata
1996-12-31,Minnesota: perc1519,7.304066,percent of population,github.com/NickCH-K/causaldata
1997-12-31,Minnesota: perc1519,7.4856143,percent of population,github.com/NickCH-K/causaldata
1998-12-31,Minnesota: perc1519,7.615118,percent of population,github.com/NickCH-K/causaldata
1999-12-31,Minnesota: perc1519,7.626417,percent of population,github.com/NickCH-K/causaldata
2000-12-31,Minnesota: perc1519,7.5886946,percent of population,github.com/NickCH-K/causaldata
1985-12-31,Minnesota: poverty,12.6,rate,github.com/NickCH-K/causaldata
1986-12-31,Minnesota: poverty,12.5,rate,github.com/NickCH-K/causaldata
1987-12-31,Minnesota: poverty,11.3,rate,github.com/NickCH-K/causaldata
1988-12-31,Minnesota: poverty,11.6,rate,github.com/NickCH-K/causaldata
1989-12-31,Minnesota: poverty,11.2,rate,github.com/NickCH-K/causaldata
1990-12-31,Minnesota: poverty,12.0,rate,github.com/NickCH-K/causaldata
1991-12-31,Minnesota: poverty,12.9,rate,github.com/NickCH-K/causaldata
1992-12-31,Minnesota: poverty,13.0,rate,github.com/NickCH-K/causaldata
1993-12-31,Minnesota: poverty,11.6,rate,github.com/NickCH-K/causaldata
1994-12-31,Minnesota: poverty,11.7,rate,github.com/NickCH-K/causaldata
1995-12-31,Minnesota: poverty,9.2,rate,github.com/NickCH-K/causaldata
1996-12-31,Minnesota: poverty,9.8,rate,github.com/NickCH-K/causaldata
1997-12-31,Minnesota: poverty,9.6,rate,github.com/NickCH-K/causaldata
1998-12-31,Minnesota: poverty,10.3,rate,github.com/NickCH-K/causaldata
1999-12-31,Minnesota: poverty,7.3,rate,github.com/NickCH-K/causaldata
2000-12-31,Minnesota: poverty,5.7,rate,github.com/NickCH-K/causaldata
1985-12-31,Minnesota: ur,6.0,rate,github.com/NickCH-K/causaldata
1986-12-31,Minnesota: ur,5.5666666,rate,github.com/NickCH-K/causaldata
1987-12-31,Minnesota: ur,5.15,rate,github.com/NickCH-K/causaldata
1988-12-31,Minnesota: ur,4.3,rate,github.com/NickCH-K/causaldata
1989-12-31,Minnesota: ur,4.358333,rate,github.com/NickCH-K/causaldata
1990-12-31,Minnesota: ur,4.7833333,rate,github.com/NickCH-K/causaldata
1991-12-31,Minnesota: ur,5.2083335,rate,github.com/NickCH-K/causaldata
1992-12-31,Minnesota: ur,5.116667,rate,github.com/NickCH-K/causaldata
1993-12-31,Minnesota: ur,4.9416666,rate,github.com/NickCH-K/causaldata
1994-12-31,Minnesota: ur,4.0916667,rate,github.com/NickCH-K/causaldata
1995-12-31,Minnesota: ur,3.7166667,rate,github.com/NickCH-K/causaldata
1996-12-31,Minnesota: ur,3.9166667,rate,github.com/NickCH-K/causaldata
1997-12-31,Minnesota: ur,3.2916667,rate,github.com/NickCH-K/causaldata
1998-12-31,Minnesota: ur,2.7416668,rate,github.com/NickCH-K/causaldata
1999-12-31,Minnesota: ur,2.7916667,rate,github.com/NickCH-K/causaldata
2000-12-31,Minnesota: ur,3.1083333,rate,github.com/NickCH-K/causaldata
1985-12-31,Minnesota: wmprison,1504.0,persons,github.com/NickCH-K/causaldata
1986-12-31,Minnesota: wmprison,1537.0,persons,github.com/NickCH-K/causaldata
1987-12-31,Minnesota: wmprison,1572.0,persons,github.com/NickCH-K/causaldata
1988-12-31,Minnesota: wmprison,1664.0,persons,github.com/NickCH-K/causaldata
1989-12-31,Minnesota: wmprison,1820.0,persons,github.com/NickCH-K/causaldata
1990-12-31,Minnesota: wmprison,1806.0,persons,github.com/NickCH-K/causaldata
1991-12-31,Minnesota: wmprison,1865.0,persons,github.com/NickCH-K/causaldata
1992-12-31,Minnesota: wmprison,2008.0,persons,github.com/NickCH-K/causaldata
1993-12-31,Minnesota: wmprison,2111.0,persons,github.com/NickCH-K/causaldata
1994-12-31,Minnesota: wmprison,2285.0,persons,github.com/NickCH-K/causaldata
1995-12-31,Minnesota: wmprison,2369.0,persons,github.com/NickCH-K/causaldata
1996-12-31,Minnesota: wmprison,2461.0,persons,github.com/NickCH-K/causaldata
1997-12-31,Minnesota: wmprison,2435.0,persons,github.com/NickCH-K/causaldata
1998-12-31,Minnesota: wmprison,2481.0,persons,github.com/NickCH-K/causaldata
1999-12-31,Minnesota: wmprison,2550.0,persons,github.com/NickCH-K/causaldata
2000-12-31,Minnesota: wmprison,2898.0,persons,github.com/NickCH-K/causaldata
1985-12-31,Mississippi: aidscapita,0.3862828,"AIDS deaths per 100,000",github.com/NickCH-K/causaldata
1986-12-31,Mississippi: aidscapita,1.1565217,"AIDS deaths per 100,000",github.com/NickCH-K/causaldata
1987-12-31,Mississippi: aidscapita,2.124442,"AIDS deaths per 100,000",github.com/NickCH-K/causaldata
1988-12-31,Mississippi: aidscapita,3.5648248,"AIDS deaths per 100,000",github.com/NickCH-K/causaldata
1989-12-31,Mississippi: aidscapita,4.972235,"AIDS deaths per 100,000",github.com/NickCH-K/causaldata
1990-12-31,Mississippi: aidscapita,5.661335,"AIDS deaths per 100,000",github.com/NickCH-K/causaldata
1991-12-31,Mississippi: aidscapita,5.8490043,"AIDS deaths per 100,000",github.com/NickCH-K/causaldata
1992-12-31,Mississippi: aidscapita,6.593656,"AIDS deaths per 100,000",github.com/NickCH-K/causaldata
1993-12-31,Mississippi: aidscapita,7.758653,"AIDS deaths per 100,000",github.com/NickCH-K/causaldata
1994-12-31,Mississippi: aidscapita,10.598767,"AIDS deaths per 100,000",github.com/NickCH-K/causaldata
1995-12-31,Mississippi: aidscapita,9.622946,"AIDS deaths per 100,000",github.com/NickCH-K/causaldata
1996-12-31,Mississippi: aidscapita,9.279189,"AIDS deaths per 100,000",github.com/NickCH-K/causaldata
1997-12-31,Mississippi: aidscapita,6.193725,"AIDS deaths per 100,000",github.com/NickCH-K/causaldata
1998-12-31,Mississippi: aidscapita,5.5974793,"AIDS deaths per 100,000",github.com/NickCH-K/causaldata
1999-12-31,Mississippi: aidscapita,5.1619143,"AIDS deaths per 100,000",github.com/NickCH-K/causaldata
2000-12-31,Mississippi: aidscapita,5.5812407,"AIDS deaths per 100,000",github.com/NickCH-K/causaldata
1985-12-31,Mississippi: alcohol,2.04,per capita,github.com/NickCH-K/causaldata
1986-12-31,Mississippi: alcohol,2.04,per capita,github.com/NickCH-K/causaldata
1987-12-31,Mississippi: alcohol,2.01,per capita,github.com/NickCH-K/causaldata
1988-12-31,Mississippi: alcohol,2.03,per capita,github.com/NickCH-K/causaldata
1989-12-31,Mississippi: alcohol,2.0,per capita,github.com/NickCH-K/causaldata
1990-12-31,Mississippi: alcohol,2.08,per capita,github.com/NickCH-K/causaldata
1991-12-31,Mississippi: alcohol,2.05,per capita,github.com/NickCH-K/causaldata
1992-12-31,Mississippi: alcohol,2.08,per capita,github.com/NickCH-K/causaldata
1993-12-31,Mississippi: alcohol,2.11,per capita,github.com/NickCH-K/causaldata
1994-12-31,Mississippi: alcohol,2.0,per capita,github.com/NickCH-K/causaldata
1995-12-31,Mississippi: alcohol,2.06,per capita,github.com/NickCH-K/causaldata
1996-12-31,Mississippi: alcohol,2.08,per capita,github.com/NickCH-K/causaldata
1997-12-31,Mississippi: alcohol,2.07,per capita,github.com/NickCH-K/causaldata
1998-12-31,Mississippi: alcohol,2.08,per capita,github.com/NickCH-K/causaldata
1999-12-31,Mississippi: alcohol,2.15,per capita,github.com/NickCH-K/causaldata
2000-12-31,Mississippi: alcohol,2.13,per capita,github.com/NickCH-K/causaldata
1985-12-31,Mississippi: black,36.34675,percent of population,github.com/NickCH-K/causaldata
1986-12-31,Mississippi: black,36.293922,percent of population,github.com/NickCH-K/causaldata
1987-12-31,Mississippi: black,36.230766,percent of population,github.com/NickCH-K/causaldata
1988-12-31,Mississippi: black,36.180332,percent of population,github.com/NickCH-K/causaldata
1989-12-31,Mississippi: black,36.131935,percent of population,github.com/NickCH-K/causaldata
1990-12-31,Mississippi: black,35.963394,percent of population,github.com/NickCH-K/causaldata
1991-12-31,Mississippi: black,36.20175,percent of population,github.com/NickCH-K/causaldata
1992-12-31,Mississippi: black,36.467625,percent of population,github.com/NickCH-K/causaldata
1993-12-31,Mississippi: black,36.64734,percent of population,github.com/NickCH-K/causaldata
1994-12-31,Mississippi: black,36.77572,percent of population,github.com/NickCH-K/causaldata
1995-12-31,Mississippi: black,36.919697,percent of population,github.com/NickCH-K/causaldata
1996-12-31,Mississippi: black,37.055668,percent of population,github.com/NickCH-K/causaldata
1997-12-31,Mississippi: black,37.14162,percent of population,github.com/NickCH-K/causaldata
1998-12-31,Mississippi: black,37.243286,percent of population,github.com/NickCH-K/causaldata
1999-12-31,Mississippi: black,37.343327,percent of population,github.com/NickCH-K/causaldata
2000-12-31,Mississippi: black,37.33196,percent of population,github.com/NickCH-K/causaldata
1985-12-31,Mississippi: bmprison,4156.0,persons,github.com/NickCH-K/causaldata
1986-12-31,Mississippi: bmprison,4432.0,persons,github.com/NickCH-K/causaldata
1987-12-31,Mississippi: bmprison,4542.0,persons,github.com/NickCH-K/causaldata
1988-12-31,Mississippi: bmprison,4898.0,persons,github.com/NickCH-K/causaldata
1989-12-31,Mississippi: bmprison,5221.0,persons,github.com/NickCH-K/causaldata
1990-12-31,Mississippi: bmprison,5663.0,persons,github.com/NickCH-K/causaldata
1991-12-31,Mississippi: bmprison,6055.0,persons,github.com/NickCH-K/causaldata
1992-12-31,Mississippi: bmprison,6069.0,persons,github.com/NickCH-K/causaldata
1993-12-31,Mississippi: bmprison,6945.0,persons,github.com/NickCH-K/causaldata
1994-12-31,Mississippi: bmprison,7693.0,persons,github.com/NickCH-K/causaldata
1995-12-31,Mississippi: bmprison,8852.0,persons,github.com/NickCH-K/causaldata
1996-12-31,Mississippi: bmprison,9726.0,persons,github.com/NickCH-K/causaldata
1997-12-31,Mississippi: bmprison,9946.0,persons,github.com/NickCH-K/causaldata
1998-12-31,Mississippi: bmprison,11643.0,persons,github.com/NickCH-K/causaldata
1999-12-31,Mississippi: bmprison,12707.0,persons,github.com/NickCH-K/causaldata
2000-12-31,Mississippi: bmprison,13662.0,persons,github.com/NickCH-K/causaldata
1985-12-31,Mississippi: income,9892.0,median income,github.com/NickCH-K/causaldata
1986-12-31,Mississippi: income,10194.0,median income,github.com/NickCH-K/causaldata
1987-12-31,Mississippi: income,10802.0,median income,github.com/NickCH-K/causaldata
1988-12-31,Mississippi: income,11561.0,median income,github.com/NickCH-K/causaldata
1989-12-31,Mississippi: income,12495.0,median income,github.com/NickCH-K/causaldata
1990-12-31,Mississippi: income,13089.0,median income,github.com/NickCH-K/causaldata
1991-12-31,Mississippi: income,13702.0,median income,github.com/NickCH-K/causaldata
1992-12-31,Mississippi: income,14559.0,median income,github.com/NickCH-K/causaldata
1993-12-31,Mississippi: income,15290.0,median income,github.com/NickCH-K/causaldata
1994-12-31,Mississippi: income,16291.0,median income,github.com/NickCH-K/causaldata
1995-12-31,Mississippi: income,16885.0,median income,github.com/NickCH-K/causaldata
1996-12-31,Mississippi: income,17702.0,median income,github.com/NickCH-K/causaldata
1997-12-31,Mississippi: income,18550.0,median income,github.com/NickCH-K/causaldata
1998-12-31,Mississippi: income,19545.0,median income,github.com/NickCH-K/causaldata
1999-12-31,Mississippi: income,20053.0,median income,github.com/NickCH-K/causaldata
2000-12-31,Mississippi: income,21005.0,median income,github.com/NickCH-K/causaldata
1985-12-31,Mississippi: perc1519,9.101981,percent of population,github.com/NickCH-K/causaldata
1986-12-31,Mississippi: perc1519,9.127462,percent of population,github.com/NickCH-K/causaldata
1987-12-31,Mississippi: perc1519,9.072102,percent of population,github.com/NickCH-K/causaldata
1988-12-31,Mississippi: perc1519,8.972238,percent of population,github.com/NickCH-K/causaldata
1989-12-31,Mississippi: perc1519,8.789863,percent of population,github.com/NickCH-K/causaldata
1990-12-31,Mississippi: perc1519,8.575604,percent of population,github.com/NickCH-K/causaldata
1991-12-31,Mississippi: perc1519,8.286192,percent of population,github.com/NickCH-K/causaldata
1992-12-31,Mississippi: perc1519,8.156124,percent of population,github.com/NickCH-K/causaldata
1993-12-31,Mississippi: perc1519,8.171556,percent of population,github.com/NickCH-K/causaldata
1994-12-31,Mississippi: perc1519,8.245209,percent of population,github.com/NickCH-K/causaldata
1995-12-31,Mississippi: perc1519,8.3585205,percent of population,github.com/NickCH-K/causaldata
1996-12-31,Mississippi: perc1519,8.459673,percent of population,github.com/NickCH-K/causaldata
1997-12-31,Mississippi: perc1519,8.483999,percent of population,github.com/NickCH-K/causaldata
1998-12-31,Mississippi: perc1519,8.457292,percent of population,github.com/NickCH-K/causaldata
1999-12-31,Mississippi: perc1519,8.336633,percent of population,github.com/NickCH-K/causaldata
2000-12-31,Mississippi: perc1519,8.104278,percent of population,github.com/NickCH-K/causaldata
1985-12-31,Mississippi: poverty,25.1,rate,github.com/NickCH-K/causaldata
1986-12-31,Mississippi: poverty,26.6,rate,github.com/NickCH-K/causaldata
1987-12-31,Mississippi: poverty,25.0,rate,github.com/NickCH-K/causaldata
1988-12-31,Mississippi: poverty,27.2,rate,github.com/NickCH-K/causaldata
1989-12-31,Mississippi: poverty,22.0,rate,github.com/NickCH-K/causaldata
1990-12-31,Mississippi: poverty,25.7,rate,github.com/NickCH-K/causaldata
1991-12-31,Mississippi: poverty,23.7,rate,github.com/NickCH-K/causaldata
1992-12-31,Mississippi: poverty,24.6,rate,github.com/NickCH-K/causaldata
1993-12-31,Mississippi: poverty,24.7,rate,github.com/NickCH-K/causaldata
1994-12-31,Mississippi: poverty,19.9,rate,github.com/NickCH-K/causaldata
1995-12-31,Mississippi: poverty,23.5,rate,github.com/NickCH-K/causaldata
1996-12-31,Mississippi: poverty,20.6,rate,github.com/NickCH-K/causaldata
1997-12-31,Mississippi: poverty,16.7,rate,github.com/NickCH-K/causaldata
1998-12-31,Mississippi: poverty,17.6,rate,github.com/NickCH-K/causaldata
1999-12-31,Mississippi: poverty,16.2,rate,github.com/NickCH-K/causaldata
2000-12-31,Mississippi: poverty,14.9,rate,github.com/NickCH-K/causaldata
1985-12-31,Mississippi: ur,10.783333,rate,github.com/NickCH-K/causaldata
1986-12-31,Mississippi: ur,12.083333,rate,github.com/NickCH-K/causaldata
1987-12-31,Mississippi: ur,10.433333,rate,github.com/NickCH-K/causaldata
1988-12-31,Mississippi: ur,8.725,rate,github.com/NickCH-K/causaldata
1989-12-31,Mississippi: ur,8.041667,rate,github.com/NickCH-K/causaldata
1990-12-31,Mississippi: ur,7.6833334,rate,github.com/NickCH-K/causaldata
1991-12-31,Mississippi: ur,8.9,rate,github.com/NickCH-K/causaldata
1992-12-31,Mississippi: ur,8.333333,rate,github.com/NickCH-K/causaldata
1993-12-31,Mississippi: ur,6.9666667,rate,github.com/NickCH-K/causaldata
1994-12-31,Mississippi: ur,6.65,rate,github.com/NickCH-K/causaldata
1995-12-31,Mississippi: ur,6.5416665,rate,github.com/NickCH-K/causaldata
1996-12-31,Mississippi: ur,6.2833333,rate,github.com/NickCH-K/causaldata
1997-12-31,Mississippi: ur,6.0416665,rate,github.com/NickCH-K/causaldata
1998-12-31,Mississippi: ur,5.4416666,rate,github.com/NickCH-K/causaldata
1999-12-31,Mississippi: ur,5.2666664,rate,github.com/NickCH-K/causaldata
2000-12-31,Mississippi: ur,5.633333,rate,github.com/NickCH-K/causaldata
1985-12-31,Mississippi: wmprison,1831.0,persons,github.com/NickCH-K/causaldata
1986-12-31,Mississippi: wmprison,1881.0,persons,github.com/NickCH-K/causaldata
1987-12-31,Mississippi: wmprison,1950.0,persons,github.com/NickCH-K/causaldata
1988-12-31,Mississippi: wmprison,2095.0,persons,github.com/NickCH-K/causaldata
1989-12-31,Mississippi: wmprison,2252.0,persons,github.com/NickCH-K/causaldata
1990-12-31,Mississippi: wmprison,2217.0,persons,github.com/NickCH-K/causaldata
1991-12-31,Mississippi: wmprison,2287.0,persons,github.com/NickCH-K/causaldata
1992-12-31,Mississippi: wmprison,2147.0,persons,github.com/NickCH-K/causaldata
1993-12-31,Mississippi: wmprison,2318.0,persons,github.com/NickCH-K/causaldata
1994-12-31,Mississippi: wmprison,2520.0,persons,github.com/NickCH-K/causaldata
1995-12-31,Mississippi: wmprison,2952.0,persons,github.com/NickCH-K/causaldata
1996-12-31,Mississippi: wmprison,3177.0,persons,github.com/NickCH-K/causaldata
1997-12-31,Mississippi: wmprison,3320.0,persons,github.com/NickCH-K/causaldata
1998-12-31,Mississippi: wmprison,3740.0,persons,github.com/NickCH-K/causaldata
1999-12-31,Mississippi: wmprison,4054.0,persons,github.com/NickCH-K/causaldata
2000-12-31,Mississippi: wmprison,4803.0,persons,github.com/NickCH-K/causaldata
1985-12-31,Missouri: aidscapita,0.97969747,"AIDS deaths per 100,000",github.com/NickCH-K/causaldata
1986-12-31,Missouri: aidscapita,1.9905422,"AIDS deaths per 100,000",github.com/NickCH-K/causaldata
1987-12-31,Missouri: aidscapita,2.8868127,"AIDS deaths per 100,000",github.com/NickCH-K/causaldata
1988-12-31,Missouri: aidscapita,4.230119,"AIDS deaths per 100,000",github.com/NickCH-K/causaldata
1989-12-31,Missouri: aidscapita,6.2598877,"AIDS deaths per 100,000",github.com/NickCH-K/causaldata
1990-12-31,Missouri: aidscapita,6.824102,"AIDS deaths per 100,000",github.com/NickCH-K/causaldata
1991-12-31,Missouri: aidscapita,8.083856,"AIDS deaths per 100,000",github.com/NickCH-K/causaldata
1992-12-31,Missouri: aidscapita,10.446415,"AIDS deaths per 100,000",github.com/NickCH-K/causaldata
1993-12-31,Missouri: aidscapita,10.092627,"AIDS deaths per 100,000",github.com/NickCH-K/causaldata
1994-12-31,Missouri: aidscapita,10.461082,"AIDS deaths per 100,000",github.com/NickCH-K/causaldata
1995-12-31,Missouri: aidscapita,11.044491,"AIDS deaths per 100,000",github.com/NickCH-K/causaldata
1996-12-31,Missouri: aidscapita,7.6773624,"AIDS deaths per 100,000",github.com/NickCH-K/causaldata
1997-12-31,Missouri: aidscapita,3.9954805,"AIDS deaths per 100,000",github.com/NickCH-K/causaldata
1998-12-31,Missouri: aidscapita,3.7669115,"AIDS deaths per 100,000",github.com/NickCH-K/causaldata
1999-12-31,Missouri: aidscapita,3.2003176,"AIDS deaths per 100,000",github.com/NickCH-K/causaldata
2000-12-31,Missouri: aidscapita,3.175698,"AIDS deaths per 100,000",github.com/NickCH-K/causaldata
1985-12-31,Missouri: alcohol,2.36,per capita,github.com/NickCH-K/causaldata
1986-12-31,Missouri: alcohol,2.36,per capita,github.com/NickCH-K/causaldata
1987-12-31,Missouri: alcohol,2.35,per capita,github.com/NickCH-K/causaldata
1988-12-31,Missouri: alcohol,2.28,per capita,github.com/NickCH-K/causaldata
1989-12-31,Missouri: alcohol,2.24,per capita,github.com/NickCH-K/causaldata
1990-12-31,Missouri: alcohol,2.3,per capita,github.com/NickCH-K/causaldata
1991-12-31,Missouri: alcohol,2.2,per capita,github.com/NickCH-K/causaldata
1992-12-31,Missouri: alcohol,2.24,per capita,github.com/NickCH-K/causaldata
1993-12-31,Missouri: alcohol,2.2,per capita,github.com/NickCH-K/causaldata
1994-12-31,Missouri: alcohol,2.21,per capita,github.com/NickCH-K/causaldata
1995-12-31,Missouri: alcohol,2.14,per capita,github.com/NickCH-K/causaldata
1996-12-31,Missouri: alcohol,2.09,per capita,github.com/NickCH-K/causaldata
1997-12-31,Missouri: alcohol,2.15,per capita,github.com/NickCH-K/causaldata
1998-12-31,Missouri: alcohol,2.18,per capita,github.com/NickCH-K/causaldata
1999-12-31,Missouri: alcohol,2.23,per capita,github.com/NickCH-K/causaldata
2000-12-31,Missouri: alcohol,2.25,per capita,github.com/NickCH-K/causaldata
1985-12-31,Missouri: black,11.023231,percent of population,github.com/NickCH-K/causaldata
1986-12-31,Missouri: black,11.01001,percent of population,github.com/NickCH-K/causaldata
1987-12-31,Missouri: black,10.992474,percent of population,github.com/NickCH-K/causaldata
1988-12-31,Missouri: black,10.978658,percent of population,github.com/NickCH-K/causaldata
1989-12-31,Missouri: black,10.965012,percent of population,github.com/NickCH-K/causaldata
1990-12-31,Missouri: black,10.943214,percent of population,github.com/NickCH-K/causaldata
1991-12-31,Missouri: black,11.038062,percent of population,github.com/NickCH-K/causaldata
1992-12-31,Missouri: black,11.150923,percent of population,github.com/NickCH-K/causaldata
1993-12-31,Missouri: black,11.270995,percent of population,github.com/NickCH-K/causaldata
1994-12-31,Missouri: black,11.383168,percent of population,github.com/NickCH-K/causaldata
1995-12-31,Missouri: black,11.463302,percent of population,github.com/NickCH-K/causaldata
1996-12-31,Missouri: black,11.564363,percent of population,github.com/NickCH-K/causaldata
1997-12-31,Missouri: black,11.684611,percent of population,github.com/NickCH-K/causaldata
1998-12-31,Missouri: black,11.790879,percent of population,github.com/NickCH-K/causaldata
1999-12-31,Missouri: black,11.879115,percent of population,github.com/NickCH-K/causaldata
2000-12-31,Missouri: black,11.979021,percent of population,github.com/NickCH-K/causaldata
1985-12-31,Missouri: bmprison,3766.0,persons,github.com/NickCH-K/causaldata
1986-12-31,Missouri: bmprison,3942.0,persons,github.com/NickCH-K/causaldata
1987-12-31,Missouri: bmprison,4240.0,persons,github.com/NickCH-K/causaldata
1988-12-31,Missouri: bmprison,5369.0,persons,github.com/NickCH-K/causaldata
1989-12-31,Missouri: bmprison,6129.0,persons,github.com/NickCH-K/causaldata
1990-12-31,Missouri: bmprison,6531.0,persons,github.com/NickCH-K/causaldata
1991-12-31,Missouri: bmprison,6941.0,persons,github.com/NickCH-K/causaldata
1992-12-31,Missouri: bmprison,7282.0,persons,github.com/NickCH-K/causaldata
1993-12-31,Missouri: bmprison,7284.0,persons,github.com/NickCH-K/causaldata
1994-12-31,Missouri: bmprison,8666.0,persons,github.com/NickCH-K/causaldata
1995-12-31,Missouri: bmprison,8626.0,persons,github.com/NickCH-K/causaldata
1996-12-31,Missouri: bmprison,9665.0,persons,github.com/NickCH-K/causaldata
1997-12-31,Missouri: bmprison,10225.0,persons,github.com/NickCH-K/causaldata
1998-12-31,Missouri: bmprison,10450.0,persons,github.com/NickCH-K/causaldata
1999-12-31,Missouri: bmprison,10971.0,persons,github.com/NickCH-K/causaldata
2000-12-31,Missouri: bmprison,11112.0,persons,github.com/NickCH-K/causaldata
1985-12-31,Missouri: income,13962.0,median income,github.com/NickCH-K/causaldata
1986-12-31,Missouri: income,14595.0,median income,github.com/NickCH-K/causaldata
1987-12-31,Missouri: income,15239.0,median income,github.com/NickCH-K/causaldata
1988-12-31,Missouri: income,16006.0,median income,github.com/NickCH-K/causaldata
1989-12-31,Missouri: income,16988.0,median income,github.com/NickCH-K/causaldata
1990-12-31,Missouri: income,17627.0,median income,github.com/NickCH-K/causaldata
1991-12-31,Missouri: income,18353.0,median income,github.com/NickCH-K/causaldata
1992-12-31,Missouri: income,19349.0,median income,github.com/NickCH-K/causaldata
1993-12-31,Missouri: income,19862.0,median income,github.com/NickCH-K/causaldata
1994-12-31,Missouri: income,20848.0,median income,github.com/NickCH-K/causaldata
1995-12-31,Missouri: income,21559.0,median income,github.com/NickCH-K/causaldata
1996-12-31,Missouri: income,22548.0,median income,github.com/NickCH-K/causaldata
1997-12-31,Missouri: income,23716.0,median income,github.com/NickCH-K/causaldata
1998-12-31,Missouri: income,24923.0,median income,github.com/NickCH-K/causaldata
1999-12-31,Missouri: income,25697.0,median income,github.com/NickCH-K/causaldata
2000-12-31,Missouri: income,27241.0,median income,github.com/NickCH-K/causaldata
1985-12-31,Missouri: perc1519,7.885065,percent of population,github.com/NickCH-K/causaldata
1986-12-31,Missouri: perc1519,7.8411636,percent of population,github.com/NickCH-K/causaldata
1987-12-31,Missouri: perc1519,7.706623,percent of population,github.com/NickCH-K/causaldata
1988-12-31,Missouri: perc1519,7.531875,percent of population,github.com/NickCH-K/causaldata
1989-12-31,Missouri: perc1519,7.2920823,percent of population,github.com/NickCH-K/causaldata
1990-12-31,Missouri: perc1519,7.050974,percent of population,github.com/NickCH-K/causaldata
1991-12-31,Missouri: perc1519,6.806471,percent of population,github.com/NickCH-K/causaldata
1992-12-31,Missouri: perc1519,6.7402377,percent of population,github.com/NickCH-K/causaldata
1993-12-31,Missouri: perc1519,6.8047447,percent of population,github.com/NickCH-K/causaldata
1994-12-31,Missouri: perc1519,6.9314904,percent of population,github.com/NickCH-K/causaldata
1995-12-31,Missouri: perc1519,7.094579,percent of population,github.com/NickCH-K/causaldata
1996-12-31,Missouri: perc1519,7.2623796,percent of population,github.com/NickCH-K/causaldata
1997-12-31,Missouri: perc1519,7.3739057,percent of population,github.com/NickCH-K/causaldata
1998-12-31,Missouri: perc1519,7.456076,percent of population,github.com/NickCH-K/causaldata
1999-12-31,Missouri: perc1519,7.4337087,percent of population,github.com/NickCH-K/causaldata
2000-12-31,Missouri: perc1519,7.353061,percent of population,github.com/NickCH-K/causaldata
1985-12-31,Missouri: poverty,13.7,rate,github.com/NickCH-K/causaldata
1986-12-31,Missouri: poverty,14.4,rate,github.com/NickCH-K/causaldata
1987-12-31,Missouri: poverty,14.0,rate,github.com/NickCH-K/causaldata
1988-12-31,Missouri: poverty,12.7,rate,github.com/NickCH-K/causaldata
1989-12-31,Missouri: poverty,12.6,rate,github.com/NickCH-K/causaldata
1990-12-31,Missouri: poverty,13.4,rate,github.com/NickCH-K/causaldata
1991-12-31,Missouri: poverty,14.8,rate,github.com/NickCH-K/causaldata
1992-12-31,Missouri: poverty,15.7,rate,github.com/NickCH-K/causaldata
1993-12-31,Missouri: poverty,16.1,rate,github.com/NickCH-K/causaldata
1994-12-31,Missouri: poverty,15.6,rate,github.com/NickCH-K/causaldata
1995-12-31,Missouri: poverty,9.4,rate,github.com/NickCH-K/causaldata
1996-12-31,Missouri: poverty,9.5,rate,github.com/NickCH-K/causaldata
1997-12-31,Missouri: poverty,11.8,rate,github.com/NickCH-K/causaldata
1998-12-31,Missouri: poverty,9.8,rate,github.com/NickCH-K/causaldata
1999-12-31,Missouri: poverty,11.7,rate,github.com/NickCH-K/causaldata
2000-12-31,Missouri: poverty,9.2,rate,github.com/NickCH-K/causaldata
1985-12-31,Missouri: ur,6.4,rate,github.com/NickCH-K/causaldata
1986-12-31,Missouri: ur,6.225,rate,github.com/NickCH-K/causaldata
1987-12-31,Missouri: ur,6.1666665,rate,github.com/NickCH-K/causaldata
1988-12-31,Missouri: ur,5.5833335,rate,github.com/NickCH-K/causaldata
1989-12-31,Missouri: ur,5.4583335,rate,github.com/NickCH-K/causaldata
1990-12-31,Missouri: ur,5.775,rate,github.com/NickCH-K/causaldata
1991-12-31,Missouri: ur,6.5333333,rate,github.com/NickCH-K/causaldata
1992-12-31,Missouri: ur,6.0,rate,github.com/NickCH-K/causaldata
1993-12-31,Missouri: ur,6.1416664,rate,github.com/NickCH-K/causaldata
1994-12-31,Missouri: ur,4.9416666,rate,github.com/NickCH-K/causaldata
1995-12-31,Missouri: ur,4.6916666,rate,github.com/NickCH-K/causaldata
1996-12-31,Missouri: ur,4.6916666,rate,github.com/NickCH-K/causaldata
1997-12-31,Missouri: ur,4.258333,rate,github.com/NickCH-K/causaldata
1998-12-31,Missouri: ur,3.9833333,rate,github.com/NickCH-K/causaldata
1999-12-31,Missouri: ur,3.1333334,rate,github.com/NickCH-K/causaldata
2000-12-31,Missouri: ur,3.2833333,rate,github.com/NickCH-K/causaldata
1985-12-31,Missouri: wmprison,5649.0,persons,github.com/NickCH-K/causaldata
1986-12-31,Missouri: wmprison,5914.0,persons,github.com/NickCH-K/causaldata
1987-12-31,Missouri: wmprison,6359.0,persons,github.com/NickCH-K/causaldata
1988-12-31,Missouri: wmprison,6154.0,persons,github.com/NickCH-K/causaldata
1989-12-31,Missouri: wmprison,7039.0,persons,github.com/NickCH-K/causaldata
1990-12-31,Missouri: wmprison,7606.0,persons,github.com/NickCH-K/causaldata
1991-12-31,Missouri: wmprison,8103.0,persons,github.com/NickCH-K/causaldata
1992-12-31,Missouri: wmprison,7946.0,persons,github.com/NickCH-K/causaldata
1993-12-31,Missouri: wmprison,7930.0,persons,github.com/NickCH-K/causaldata
1994-12-31,Missouri: wmprison,8125.0,persons,github.com/NickCH-K/causaldata
1995-12-31,Missouri: wmprison,9258.0,persons,github.com/NickCH-K/causaldata
1996-12-31,Missouri: wmprison,10776.0,persons,github.com/NickCH-K/causaldata
1997-12-31,Missouri: wmprison,11981.0,persons,github.com/NickCH-K/causaldata
1998-12-31,Missouri: wmprison,12543.0,persons,github.com/NickCH-K/causaldata
1999-12-31,Missouri: wmprison,13212.0,persons,github.com/NickCH-K/causaldata
2000-12-31,Missouri: wmprison,13768.0,persons,github.com/NickCH-K/causaldata
1985-12-31,Montana: aidscapita,0.0,"AIDS deaths per 100,000",github.com/NickCH-K/causaldata
1986-12-31,Montana: aidscapita,0.0,"AIDS deaths per 100,000",github.com/NickCH-K/causaldata
1987-12-31,Montana: aidscapita,0.4967611,"AIDS deaths per 100,000",github.com/NickCH-K/causaldata
1988-12-31,Montana: aidscapita,0.49976948,"AIDS deaths per 100,000",github.com/NickCH-K/causaldata
1989-12-31,Montana: aidscapita,1.2505659,"AIDS deaths per 100,000",github.com/NickCH-K/causaldata
1990-12-31,Montana: aidscapita,0.6248407,"AIDS deaths per 100,000",github.com/NickCH-K/causaldata
1991-12-31,Montana: aidscapita,2.7171228,"AIDS deaths per 100,000",github.com/NickCH-K/causaldata
1992-12-31,Montana: aidscapita,1.8164865,"AIDS deaths per 100,000",github.com/NickCH-K/causaldata
1993-12-31,Montana: aidscapita,2.249157,"AIDS deaths per 100,000",github.com/NickCH-K/causaldata
1994-12-31,Montana: aidscapita,1.8576441,"AIDS deaths per 100,000",github.com/NickCH-K/causaldata
1995-12-31,Montana: aidscapita,2.2816646,"AIDS deaths per 100,000",github.com/NickCH-K/causaldata
1996-12-31,Montana: aidscapita,0.0,"AIDS deaths per 100,000",github.com/NickCH-K/causaldata
1997-12-31,Montana: aidscapita,1.123766,"AIDS deaths per 100,000",github.com/NickCH-K/causaldata
1998-12-31,Montana: aidscapita,0.44821393,"AIDS deaths per 100,000",github.com/NickCH-K/causaldata
1999-12-31,Montana: aidscapita,0.55709875,"AIDS deaths per 100,000",github.com/NickCH-K/causaldata
2000-12-31,Montana: aidscapita,0.0,"AIDS deaths per 100,000",github.com/NickCH-K/causaldata
1985-12-31,Montana: alcohol,2.81,per capita,github.com/NickCH-K/causaldata
1986-12-31,Montana: alcohol,2.73,per capita,github.com/NickCH-K/causaldata
1987-12-31,Montana: alcohol,2.67,per capita,github.com/NickCH-K/causaldata
1988-12-31,Montana: alcohol,2.66,per capita,github.com/NickCH-K/causaldata
1989-12-31,Montana: alcohol,2.57,per capita,github.com/NickCH-K/causaldata
1990-12-31,Montana: alcohol,2.67,per capita,github.com/NickCH-K/causaldata
1991-12-31,Montana: alcohol,2.64,per capita,github.com/NickCH-K/causaldata
1992-12-31,Montana: alcohol,2.61,per capita,github.com/NickCH-K/causaldata
1993-12-31,Montana: alcohol,2.47,per capita,github.com/NickCH-K/causaldata
1994-12-31,Montana: alcohol,2.51,per capita,github.com/NickCH-K/causaldata
1995-12-31,Montana: alcohol,2.54,per capita,github.com/NickCH-K/causaldata
1996-12-31,Montana: alcohol,2.4,per capita,github.com/NickCH-K/causaldata
1997-12-31,Montana: alcohol,2.42,per capita,github.com/NickCH-K/causaldata
1998-12-31,Montana: alcohol,2.44,per capita,github.com/NickCH-K/causaldata
1999-12-31,Montana: alcohol,2.52,per capita,github.com/NickCH-K/causaldata
2000-12-31,Montana: alcohol,2.53,per capita,github.com/NickCH-K/causaldata
1985-12-31,Montana: black,0.30002928,percent of population,github.com/NickCH-K/causaldata
1986-12-31,Montana: black,0.2970668,percent of population,github.com/NickCH-K/causaldata
1987-12-31,Montana: black,0.2933412,percent of population,github.com/NickCH-K/causaldata
1988-12-31,Montana: black,0.2894049,percent of population,github.com/NickCH-K/causaldata
1989-12-31,Montana: black,0.28532165,percent of population,github.com/NickCH-K/causaldata
1990-12-31,Montana: black,0.28137395,percent of population,github.com/NickCH-K/causaldata
1991-12-31,Montana: black,0.2870171,percent of population,github.com/NickCH-K/causaldata
1992-12-31,Montana: black,0.28554833,percent of population,github.com/NickCH-K/causaldata
1993-12-31,Montana: black,0.30943248,percent of population,github.com/NickCH-K/causaldata
1994-12-31,Montana: black,0.31589878,percent of population,github.com/NickCH-K/causaldata
1995-12-31,Montana: black,0.3229037,percent of population,github.com/NickCH-K/causaldata
1996-12-31,Montana: black,0.33762124,percent of population,github.com/NickCH-K/causaldata
1997-12-31,Montana: black,0.3335306,percent of population,github.com/NickCH-K/causaldata
1998-12-31,Montana: black,0.34888434,percent of population,github.com/NickCH-K/causaldata
1999-12-31,Montana: black,0.35520595,percent of population,github.com/NickCH-K/causaldata
2000-12-31,Montana: black,0.4626515,percent of population,github.com/NickCH-K/causaldata
1985-12-31,Montana: bmprison,16.0,persons,github.com/NickCH-K/causaldata
1986-12-31,Montana: bmprison,16.0,persons,github.com/NickCH-K/causaldata
1987-12-31,Montana: bmprison,22.0,persons,github.com/NickCH-K/causaldata
1988-12-31,Montana: bmprison,17.0,persons,github.com/NickCH-K/causaldata
1989-12-31,Montana: bmprison,24.0,persons,github.com/NickCH-K/causaldata
1990-12-31,Montana: bmprison,20.0,persons,github.com/NickCH-K/causaldata
1991-12-31,Montana: bmprison,19.0,persons,github.com/NickCH-K/causaldata
1992-12-31,Montana: bmprison,24.0,persons,github.com/NickCH-K/causaldata
1993-12-31,Montana: bmprison,27.0,persons,github.com/NickCH-K/causaldata
1994-12-31,Montana: bmprison,32.0,persons,github.com/NickCH-K/causaldata
1995-12-31,Montana: bmprison,36.0,persons,github.com/NickCH-K/causaldata
1996-12-31,Montana: bmprison,51.0,persons,github.com/NickCH-K/causaldata
1997-12-31,Montana: bmprison,33.0,persons,github.com/NickCH-K/causaldata
1998-12-31,Montana: bmprison,48.0,persons,github.com/NickCH-K/causaldata
1999-12-31,Montana: bmprison,48.0,persons,github.com/NickCH-K/causaldata
2000-12-31,Montana: bmprison,45.0,persons,github.com/NickCH-K/causaldata
1985-12-31,Montana: income,11909.0,median income,github.com/NickCH-K/causaldata
1986-12-31,Montana: income,12470.0,median income,github.com/NickCH-K/causaldata
1987-12-31,Montana: income,12978.0,median income,github.com/NickCH-K/causaldata
1988-12-31,Montana: income,13296.0,median income,github.com/NickCH-K/causaldata
1989-12-31,Montana: income,14641.0,median income,github.com/NickCH-K/causaldata
1990-12-31,Montana: income,15448.0,median income,github.com/NickCH-K/causaldata
1991-12-31,Montana: income,16318.0,median income,github.com/NickCH-K/causaldata
1992-12-31,Montana: income,16867.0,median income,github.com/NickCH-K/causaldata
1993-12-31,Montana: income,17770.0,median income,github.com/NickCH-K/causaldata
1994-12-31,Montana: income,17861.0,median income,github.com/NickCH-K/causaldata
1995-12-31,Montana: income,18349.0,median income,github.com/NickCH-K/causaldata
1996-12-31,Montana: income,19047.0,median income,github.com/NickCH-K/causaldata
1997-12-31,Montana: income,19877.0,median income,github.com/NickCH-K/causaldata
1998-12-31,Montana: income,21130.0,median income,github.com/NickCH-K/causaldata
1999-12-31,Montana: income,21585.0,median income,github.com/NickCH-K/causaldata
2000-12-31,Montana: income,22929.0,median income,github.com/NickCH-K/causaldata
1985-12-31,Montana: perc1519,7.945535,percent of population,github.com/NickCH-K/causaldata
1986-12-31,Montana: perc1519,7.9077544,percent of population,github.com/NickCH-K/causaldata
1987-12-31,Montana: perc1519,7.7699647,percent of population,github.com/NickCH-K/causaldata
1988-12-31,Montana: perc1519,7.5822525,percent of population,github.com/NickCH-K/causaldata
1989-12-31,Montana: perc1519,7.328566,percent of population,github.com/NickCH-K/causaldata
1990-12-31,Montana: perc1519,7.1541758,percent of population,github.com/NickCH-K/causaldata
1991-12-31,Montana: perc1519,7.18679,percent of population,github.com/NickCH-K/causaldata
1992-12-31,Montana: perc1519,7.343086,percent of population,github.com/NickCH-K/causaldata
1993-12-31,Montana: perc1519,7.482353,percent of population,github.com/NickCH-K/causaldata
1994-12-31,Montana: perc1519,7.639561,percent of population,github.com/NickCH-K/causaldata
1995-12-31,Montana: perc1519,7.7859526,percent of population,github.com/NickCH-K/causaldata
1996-12-31,Montana: perc1519,7.8988643,percent of population,github.com/NickCH-K/causaldata
1997-12-31,Montana: perc1519,7.9828963,percent of population,github.com/NickCH-K/causaldata
1998-12-31,Montana: perc1519,8.03177,percent of population,github.com/NickCH-K/causaldata
1999-12-31,Montana: perc1519,7.984116,percent of population,github.com/NickCH-K/causaldata
2000-12-31,Montana: perc1519,7.8888354,percent of population,github.com/NickCH-K/causaldata
1985-12-31,Montana: poverty,16.0,rate,github.com/NickCH-K/causaldata
1986-12-31,Montana: poverty,16.5,rate,github.com/NickCH-K/causaldata
1987-12-31,Montana: poverty,18.0,rate,github.com/NickCH-K/causaldata
1988-12-31,Montana: poverty,14.6,rate,github.com/NickCH-K/causaldata
1989-12-31,Montana: poverty,15.6,rate,github.com/NickCH-K/causaldata
1990-12-31,Montana: poverty,16.3,rate,github.com/NickCH-K/causaldata
1991-12-31,Montana: poverty,15.4,rate,github.com/NickCH-K/causaldata
1992-12-31,Montana: poverty,13.8,rate,github.com/NickCH-K/causaldata
1993-12-31,Montana: poverty,14.9,rate,github.com/NickCH-K/causaldata
1994-12-31,Montana: poverty,11.5,rate,github.com/NickCH-K/causaldata
1995-12-31,Montana: poverty,15.3,rate,github.com/NickCH-K/causaldata
1996-12-31,Montana: poverty,17.0,rate,github.com/NickCH-K/causaldata
1997-12-31,Montana: poverty,15.6,rate,github.com/NickCH-K/causaldata
1998-12-31,Montana: poverty,16.6,rate,github.com/NickCH-K/causaldata
1999-12-31,Montana: poverty,15.8,rate,github.com/NickCH-K/causaldata
2000-12-31,Montana: poverty,14.1,rate,github.com/NickCH-K/causaldata
1985-12-31,Montana: ur,7.8333335,rate,github.com/NickCH-K/causaldata
1986-12-31,Montana: ur,7.5666666,rate,github.com/NickCH-K/causaldata
1987-12-31,Montana: ur,7.258333,rate,github.com/NickCH-K/causaldata
1988-12-31,Montana: ur,6.5333333,rate,github.com/NickCH-K/causaldata
1989-12-31,Montana: ur,6.0583334,rate,github.com/NickCH-K/causaldata
1990-12-31,Montana: ur,6.0333333,rate,github.com/NickCH-K/causaldata
1991-12-31,Montana: ur,6.325,rate,github.com/NickCH-K/causaldata
1992-12-31,Montana: ur,6.4666667,rate,github.com/NickCH-K/causaldata
1993-12-31,Montana: ur,6.008333,rate,github.com/NickCH-K/causaldata
1994-12-31,Montana: ur,5.4833336,rate,github.com/NickCH-K/causaldata
1995-12-31,Montana: ur,5.4333334,rate,github.com/NickCH-K/causaldata
1996-12-31,Montana: ur,5.516667,rate,github.com/NickCH-K/causaldata
1997-12-31,Montana: ur,5.35,rate,github.com/NickCH-K/causaldata
1998-12-31,Montana: ur,5.5666666,rate,github.com/NickCH-K/causaldata
1999-12-31,Montana: ur,5.2916665,rate,github.com/NickCH-K/causaldata
2000-12-31,Montana: ur,4.758333,rate,github.com/NickCH-K/causaldata
1985-12-31,Montana: wmprison,861.0,persons,github.com/NickCH-K/causaldata
1986-12-31,Montana: wmprison,864.0,persons,github.com/NickCH-K/causaldata
1987-12-31,Montana: wmprison,922.0,persons,github.com/NickCH-K/causaldata
1988-12-31,Montana: wmprison,964.0,persons,github.com/NickCH-K/causaldata
1989-12-31,Montana: wmprison,1011.0,persons,github.com/NickCH-K/causaldata
1990-12-31,Montana: wmprison,1089.0,persons,github.com/NickCH-K/causaldata
1991-12-31,Montana: wmprison,1134.0,persons,github.com/NickCH-K/causaldata
1992-12-31,Montana: wmprison,1144.0,persons,github.com/NickCH-K/causaldata
1993-12-31,Montana: wmprison,1207.0,persons,github.com/NickCH-K/causaldata
1994-12-31,Montana: wmprison,1352.0,persons,github.com/NickCH-K/causaldata
1995-12-31,Montana: wmprison,1526.0,persons,github.com/NickCH-K/causaldata
1996-12-31,Montana: wmprison,1692.0,persons,github.com/NickCH-K/causaldata
1997-12-31,Montana: wmprison,1935.0,persons,github.com/NickCH-K/causaldata
1998-12-31,Montana: wmprison,1941.0,persons,github.com/NickCH-K/causaldata
1999-12-31,Montana: wmprison,2112.0,persons,github.com/NickCH-K/causaldata
2000-12-31,Montana: wmprison,2180.0,persons,github.com/NickCH-K/causaldata
1985-12-31,Nebraska: aidscapita,0.0,"AIDS deaths per 100,000",github.com/NickCH-K/causaldata
1986-12-31,Nebraska: aidscapita,0.8256002,"AIDS deaths per 100,000",github.com/NickCH-K/causaldata
1987-12-31,Nebraska: aidscapita,1.0211884,"AIDS deaths per 100,000",github.com/NickCH-K/causaldata
1988-12-31,Nebraska: aidscapita,1.908732,"AIDS deaths per 100,000",github.com/NickCH-K/causaldata
1989-12-31,Nebraska: aidscapita,1.7778839,"AIDS deaths per 100,000",github.com/NickCH-K/causaldata
1990-12-31,Nebraska: aidscapita,2.1496403,"AIDS deaths per 100,000",github.com/NickCH-K/causaldata
1991-12-31,Nebraska: aidscapita,2.7570322,"AIDS deaths per 100,000",github.com/NickCH-K/causaldata
1992-12-31,Nebraska: aidscapita,3.2884798,"AIDS deaths per 100,000",github.com/NickCH-K/causaldata
1993-12-31,Nebraska: aidscapita,3.5679352,"AIDS deaths per 100,000",github.com/NickCH-K/causaldata
1994-12-31,Nebraska: aidscapita,5.4300046,"AIDS deaths per 100,000",github.com/NickCH-K/causaldata
1995-12-31,Nebraska: aidscapita,4.526274,"AIDS deaths per 100,000",github.com/NickCH-K/causaldata
1996-12-31,Nebraska: aidscapita,3.7640254,"AIDS deaths per 100,000",github.com/NickCH-K/causaldata
1997-12-31,Nebraska: aidscapita,2.134702,"AIDS deaths per 100,000",github.com/NickCH-K/causaldata
1998-12-31,Nebraska: aidscapita,1.7100912,"AIDS deaths per 100,000",github.com/NickCH-K/causaldata
1999-12-31,Nebraska: aidscapita,1.173183,"AIDS deaths per 100,000",github.com/NickCH-K/causaldata
2000-12-31,Nebraska: aidscapita,1.5758371,"AIDS deaths per 100,000",github.com/NickCH-K/causaldata
1985-12-31,Nebraska: alcohol,2.37,per capita,github.com/NickCH-K/causaldata
1986-12-31,Nebraska: alcohol,2.28,per capita,github.com/NickCH-K/causaldata
1987-12-31,Nebraska: alcohol,2.27,per capita,github.com/NickCH-K/causaldata
1988-12-31,Nebraska: alcohol,2.23,per capita,github.com/NickCH-K/causaldata
1989-12-31,Nebraska: alcohol,2.18,per capita,github.com/NickCH-K/causaldata
1990-12-31,Nebraska: alcohol,2.25,per capita,github.com/NickCH-K/causaldata
1991-12-31,Nebraska: alcohol,2.19,per capita,github.com/NickCH-K/causaldata
1992-12-31,Nebraska: alcohol,2.16,per capita,github.com/NickCH-K/causaldata
1993-12-31,Nebraska: alcohol,2.14,per capita,github.com/NickCH-K/causaldata
1994-12-31,Nebraska: alcohol,2.14,per capita,github.com/NickCH-K/causaldata
1995-12-31,Nebraska: alcohol,2.1,per capita,github.com/NickCH-K/causaldata
1996-12-31,Nebraska: alcohol,2.11,per capita,github.com/NickCH-K/causaldata
1997-12-31,Nebraska: alcohol,2.09,per capita,github.com/NickCH-K/causaldata
1998-12-31,Nebraska: alcohol,2.16,per capita,github.com/NickCH-K/causaldata
1999-12-31,Nebraska: alcohol,2.19,per capita,github.com/NickCH-K/causaldata
2000-12-31,Nebraska: alcohol,2.23,per capita,github.com/NickCH-K/causaldata
1985-12-31,Nebraska: black,3.770889,percent of population,github.com/NickCH-K/causaldata
1986-12-31,Nebraska: black,3.762133,percent of population,github.com/NickCH-K/causaldata
1987-12-31,Nebraska: black,3.7519643,percent of population,github.com/NickCH-K/causaldata
1988-12-31,Nebraska: black,3.744069,percent of population,github.com/NickCH-K/causaldata
1989-12-31,Nebraska: black,3.735585,percent of population,github.com/NickCH-K/causaldata
1990-12-31,Nebraska: black,3.74044,percent of population,github.com/NickCH-K/causaldata
1991-12-31,Nebraska: black,3.7814808,percent of population,github.com/NickCH-K/causaldata
1992-12-31,Nebraska: black,3.8364801,percent of population,github.com/NickCH-K/causaldata
1993-12-31,Nebraska: black,3.87678,percent of population,github.com/NickCH-K/causaldata
1994-12-31,Nebraska: black,3.9700232,percent of population,github.com/NickCH-K/causaldata
1995-12-31,Nebraska: black,4.040156,percent of population,github.com/NickCH-K/causaldata
1996-12-31,Nebraska: black,4.1292033,percent of population,github.com/NickCH-K/causaldata
1997-12-31,Nebraska: black,4.2457247,percent of population,github.com/NickCH-K/causaldata
1998-12-31,Nebraska: black,4.346097,percent of population,github.com/NickCH-K/causaldata
1999-12-31,Nebraska: black,4.4500823,percent of population,github.com/NickCH-K/causaldata
2000-12-31,Nebraska: black,4.6118045,percent of population,github.com/NickCH-K/causaldata
1985-12-31,Nebraska: bmprison,524.0,persons,github.com/NickCH-K/causaldata
1986-12-31,Nebraska: bmprison,539.0,persons,github.com/NickCH-K/causaldata
1987-12-31,Nebraska: bmprison,547.0,persons,github.com/NickCH-K/causaldata
1988-12-31,Nebraska: bmprison,593.0,persons,github.com/NickCH-K/causaldata
1989-12-31,Nebraska: bmprison,711.0,persons,github.com/NickCH-K/causaldata
1990-12-31,Nebraska: bmprison,727.0,persons,github.com/NickCH-K/causaldata
1991-12-31,Nebraska: bmprison,773.0,persons,github.com/NickCH-K/causaldata
1992-12-31,Nebraska: bmprison,787.0,persons,github.com/NickCH-K/causaldata
1993-12-31,Nebraska: bmprison,796.0,persons,github.com/NickCH-K/causaldata
1994-12-31,Nebraska: bmprison,831.0,persons,github.com/NickCH-K/causaldata
1995-12-31,Nebraska: bmprison,896.0,persons,github.com/NickCH-K/causaldata
1996-12-31,Nebraska: bmprison,931.0,persons,github.com/NickCH-K/causaldata
1997-12-31,Nebraska: bmprison,932.0,persons,github.com/NickCH-K/causaldata
1998-12-31,Nebraska: bmprison,908.0,persons,github.com/NickCH-K/causaldata
1999-12-31,Nebraska: bmprison,896.0,persons,github.com/NickCH-K/causaldata
2000-12-31,Nebraska: bmprison,920.0,persons,github.com/NickCH-K/causaldata
1985-12-31,Nebraska: income,13869.0,median income,github.com/NickCH-K/causaldata
1986-12-31,Nebraska: income,14333.0,median income,github.com/NickCH-K/causaldata
1987-12-31,Nebraska: income,15032.0,median income,github.com/NickCH-K/causaldata
1988-12-31,Nebraska: income,15969.0,median income,github.com/NickCH-K/causaldata
1989-12-31,Nebraska: income,16825.0,median income,github.com/NickCH-K/causaldata
1990-12-31,Nebraska: income,17983.0,median income,github.com/NickCH-K/causaldata
1991-12-31,Nebraska: income,18524.0,median income,github.com/NickCH-K/causaldata
1992-12-31,Nebraska: income,19349.0,median income,github.com/NickCH-K/causaldata
1993-12-31,Nebraska: income,19750.0,median income,github.com/NickCH-K/causaldata
1994-12-31,Nebraska: income,20751.0,median income,github.com/NickCH-K/causaldata
1995-12-31,Nebraska: income,21730.0,median income,github.com/NickCH-K/causaldata
1996-12-31,Nebraska: income,23530.0,median income,github.com/NickCH-K/causaldata
1997-12-31,Nebraska: income,24061.0,median income,github.com/NickCH-K/causaldata
1998-12-31,Nebraska: income,25542.0,median income,github.com/NickCH-K/causaldata
1999-12-31,Nebraska: income,26465.0,median income,github.com/NickCH-K/causaldata
2000-12-31,Nebraska: income,27625.0,median income,github.com/NickCH-K/causaldata
1985-12-31,Nebraska: perc1519,7.926595,percent of population,github.com/NickCH-K/causaldata
1986-12-31,Nebraska: perc1519,7.898136,percent of population,github.com/NickCH-K/causaldata
1987-12-31,Nebraska: perc1519,7.771116,percent of population,github.com/NickCH-K/causaldata
1988-12-31,Nebraska: perc1519,7.5989804,percent of population,github.com/NickCH-K/causaldata
1989-12-31,Nebraska: perc1519,7.3603125,percent of population,github.com/NickCH-K/causaldata
1990-12-31,Nebraska: perc1519,7.1508417,percent of population,github.com/NickCH-K/causaldata
1991-12-31,Nebraska: perc1519,7.033941,percent of population,github.com/NickCH-K/causaldata
1992-12-31,Nebraska: perc1519,7.047522,percent of population,github.com/NickCH-K/causaldata
1993-12-31,Nebraska: perc1519,7.1566014,percent of population,github.com/NickCH-K/causaldata
1994-12-31,Nebraska: perc1519,7.3076878,percent of population,github.com/NickCH-K/causaldata
1995-12-31,Nebraska: perc1519,7.4739046,percent of population,github.com/NickCH-K/causaldata
1996-12-31,Nebraska: perc1519,7.6636753,percent of population,github.com/NickCH-K/causaldata
1997-12-31,Nebraska: perc1519,7.813484,percent of population,github.com/NickCH-K/causaldata
1998-12-31,Nebraska: perc1519,7.923796,percent of population,github.com/NickCH-K/causaldata
1999-12-31,Nebraska: perc1519,7.9315963,percent of population,github.com/NickCH-K/causaldata
2000-12-31,Nebraska: perc1519,7.839498,percent of population,github.com/NickCH-K/causaldata
1985-12-31,Nebraska: poverty,14.8,rate,github.com/NickCH-K/causaldata
1986-12-31,Nebraska: poverty,13.6,rate,github.com/NickCH-K/causaldata
1987-12-31,Nebraska: poverty,11.9,rate,github.com/NickCH-K/causaldata
1988-12-31,Nebraska: poverty,10.3,rate,github.com/NickCH-K/causaldata
1989-12-31,Nebraska: poverty,12.8,rate,github.com/NickCH-K/causaldata
1990-12-31,Nebraska: poverty,10.3,rate,github.com/NickCH-K/causaldata
1991-12-31,Nebraska: poverty,9.5,rate,github.com/NickCH-K/causaldata
1992-12-31,Nebraska: poverty,10.6,rate,github.com/NickCH-K/causaldata
1993-12-31,Nebraska: poverty,10.3,rate,github.com/NickCH-K/causaldata
1994-12-31,Nebraska: poverty,8.8,rate,github.com/NickCH-K/causaldata
1995-12-31,Nebraska: poverty,9.6,rate,github.com/NickCH-K/causaldata
1996-12-31,Nebraska: poverty,10.2,rate,github.com/NickCH-K/causaldata
1997-12-31,Nebraska: poverty,9.8,rate,github.com/NickCH-K/causaldata
1998-12-31,Nebraska: poverty,12.3,rate,github.com/NickCH-K/causaldata
1999-12-31,Nebraska: poverty,11.0,rate,github.com/NickCH-K/causaldata
2000-12-31,Nebraska: poverty,8.6,rate,github.com/NickCH-K/causaldata
1985-12-31,Nebraska: ur,5.1416664,rate,github.com/NickCH-K/causaldata
1986-12-31,Nebraska: ur,4.95,rate,github.com/NickCH-K/causaldata
1987-12-31,Nebraska: ur,4.383333,rate,github.com/NickCH-K/causaldata
1988-12-31,Nebraska: ur,3.4666667,rate,github.com/NickCH-K/causaldata
1989-12-31,Nebraska: ur,2.85,rate,github.com/NickCH-K/causaldata
1990-12-31,Nebraska: ur,2.325,rate,github.com/NickCH-K/causaldata
1991-12-31,Nebraska: ur,2.65,rate,github.com/NickCH-K/causaldata
1992-12-31,Nebraska: ur,2.8583333,rate,github.com/NickCH-K/causaldata
1993-12-31,Nebraska: ur,2.7916667,rate,github.com/NickCH-K/causaldata
1994-12-31,Nebraska: ur,2.6166666,rate,github.com/NickCH-K/causaldata
1995-12-31,Nebraska: ur,2.6166666,rate,github.com/NickCH-K/causaldata
1996-12-31,Nebraska: ur,2.7666667,rate,github.com/NickCH-K/causaldata
1997-12-31,Nebraska: ur,2.4166667,rate,github.com/NickCH-K/causaldata
1998-12-31,Nebraska: ur,2.5,rate,github.com/NickCH-K/causaldata
1999-12-31,Nebraska: ur,2.75,rate,github.com/NickCH-K/causaldata
2000-12-31,Nebraska: ur,2.7916667,rate,github.com/NickCH-K/causaldata
1985-12-31,Nebraska: wmprison,1136.0,persons,github.com/NickCH-K/causaldata
1986-12-31,Nebraska: wmprison,1246.0,persons,github.com/NickCH-K/causaldata
1987-12-31,Nebraska: wmprison,1367.0,persons,github.com/NickCH-K/causaldata
1988-12-31,Nebraska: wmprison,1396.0,persons,github.com/NickCH-K/causaldata
1989-12-31,Nebraska: wmprison,1454.0,persons,github.com/NickCH-K/causaldata
1990-12-31,Nebraska: wmprison,1436.0,persons,github.com/NickCH-K/causaldata
1991-12-31,Nebraska: wmprison,1490.0,persons,github.com/NickCH-K/causaldata
1992-12-31,Nebraska: wmprison,1472.0,persons,github.com/NickCH-K/causaldata
1993-12-31,Nebraska: wmprison,1489.0,persons,github.com/NickCH-K/causaldata
1994-12-31,Nebraska: wmprison,1617.0,persons,github.com/NickCH-K/causaldata
1995-12-31,Nebraska: wmprison,1860.0,persons,github.com/NickCH-K/causaldata
1996-12-31,Nebraska: wmprison,2004.0,persons,github.com/NickCH-K/causaldata
1997-12-31,Nebraska: wmprison,2105.0,persons,github.com/NickCH-K/causaldata
1998-12-31,Nebraska: wmprison,2366.0,persons,github.com/NickCH-K/causaldata
1999-12-31,Nebraska: wmprison,2379.0,persons,github.com/NickCH-K/causaldata
2000-12-31,Nebraska: wmprison,2086.0,persons,github.com/NickCH-K/causaldata
1985-12-31,Nevada: aidscapita,1.4717121,"AIDS deaths per 100,000",github.com/NickCH-K/causaldata
1986-12-31,Nevada: aidscapita,2.752984,"AIDS deaths per 100,000",github.com/NickCH-K/causaldata
1987-12-31,Nevada: aidscapita,6.057302,"AIDS deaths per 100,000",github.com/NickCH-K/causaldata
1988-12-31,Nevada: aidscapita,7.7192497,"AIDS deaths per 100,000",github.com/NickCH-K/causaldata
1989-12-31,Nevada: aidscapita,9.494873,"AIDS deaths per 100,000",github.com/NickCH-K/causaldata
1990-12-31,Nevada: aidscapita,10.158148,"AIDS deaths per 100,000",github.com/NickCH-K/causaldata
1991-12-31,Nevada: aidscapita,14.041357,"AIDS deaths per 100,000",github.com/NickCH-K/causaldata
1992-12-31,Nevada: aidscapita,15.983815,"AIDS deaths per 100,000",github.com/NickCH-K/causaldata
1993-12-31,Nevada: aidscapita,17.219204,"AIDS deaths per 100,000",github.com/NickCH-K/causaldata
1994-12-31,Nevada: aidscapita,21.009832,"AIDS deaths per 100,000",github.com/NickCH-K/causaldata
1995-12-31,Nevada: aidscapita,18.083206,"AIDS deaths per 100,000",github.com/NickCH-K/causaldata
1996-12-31,Nevada: aidscapita,11.702435,"AIDS deaths per 100,000",github.com/NickCH-K/causaldata
1997-12-31,Nevada: aidscapita,8.332842,"AIDS deaths per 100,000",github.com/NickCH-K/causaldata
1998-12-31,Nevada: aidscapita,6.691161,"AIDS deaths per 100,000",github.com/NickCH-K/causaldata
1999-12-31,Nevada: aidscapita,7.2361965,"AIDS deaths per 100,000",github.com/NickCH-K/causaldata
2000-12-31,Nevada: aidscapita,5.0524364,"AIDS deaths per 100,000",github.com/NickCH-K/causaldata
1985-12-31,Nevada: alcohol,4.99,per capita,github.com/NickCH-K/causaldata
1986-12-31,Nevada: alcohol,5.05,per capita,github.com/NickCH-K/causaldata
1987-12-31,Nevada: alcohol,4.99,per capita,github.com/NickCH-K/causaldata
1988-12-31,Nevada: alcohol,4.91,per capita,github.com/NickCH-K/causaldata
1989-12-31,Nevada: alcohol,4.83,per capita,github.com/NickCH-K/causaldata
1990-12-31,Nevada: alcohol,4.78,per capita,github.com/NickCH-K/causaldata
1991-12-31,Nevada: alcohol,4.31,per capita,github.com/NickCH-K/causaldata
1992-12-31,Nevada: alcohol,4.25,per capita,github.com/NickCH-K/causaldata
1993-12-31,Nevada: alcohol,4.06,per capita,github.com/NickCH-K/causaldata
1994-12-31,Nevada: alcohol,4.0,per capita,github.com/NickCH-K/causaldata
1995-12-31,Nevada: alcohol,3.84,per capita,github.com/NickCH-K/causaldata
1996-12-31,Nevada: alcohol,3.89,per capita,github.com/NickCH-K/causaldata
1997-12-31,Nevada: alcohol,3.72,per capita,github.com/NickCH-K/causaldata
1998-12-31,Nevada: alcohol,3.62,per capita,github.com/NickCH-K/causaldata
1999-12-31,Nevada: alcohol,3.74,per capita,github.com/NickCH-K/causaldata
2000-12-31,Nevada: alcohol,3.67,per capita,github.com/NickCH-K/causaldata
1985-12-31,Nevada: black,7.5715027,percent of population,github.com/NickCH-K/causaldata
1986-12-31,Nevada: black,7.548329,percent of population,github.com/NickCH-K/causaldata
1987-12-31,Nevada: black,7.520745,percent of population,github.com/NickCH-K/causaldata
1988-12-31,Nevada: black,7.4992423,percent of population,github.com/NickCH-K/causaldata
1989-12-31,Nevada: black,7.47947,percent of population,github.com/NickCH-K/causaldata
1990-12-31,Nevada: black,7.5361247,percent of population,github.com/NickCH-K/causaldata
1991-12-31,Nevada: black,7.692786,percent of population,github.com/NickCH-K/causaldata
1992-12-31,Nevada: black,7.8925076,percent of population,github.com/NickCH-K/causaldata
1993-12-31,Nevada: black,8.009884,percent of population,github.com/NickCH-K/causaldata
1994-12-31,Nevada: black,8.250412,percent of population,github.com/NickCH-K/causaldata
1995-12-31,Nevada: black,8.435534,percent of population,github.com/NickCH-K/causaldata
1996-12-31,Nevada: black,8.57265,percent of population,github.com/NickCH-K/causaldata
1997-12-31,Nevada: black,8.806453,percent of population,github.com/NickCH-K/causaldata
1998-12-31,Nevada: black,9.117256,percent of population,github.com/NickCH-K/causaldata
1999-12-31,Nevada: black,9.385614,percent of population,github.com/NickCH-K/causaldata
2000-12-31,Nevada: black,9.6651945,percent of population,github.com/NickCH-K/causaldata
1985-12-31,Nevada: bmprison,1123.0,persons,github.com/NickCH-K/causaldata
1986-12-31,Nevada: bmprison,1300.0,persons,github.com/NickCH-K/causaldata
1987-12-31,Nevada: bmprison,1245.0,persons,github.com/NickCH-K/causaldata
1988-12-31,Nevada: bmprison,1421.0,persons,github.com/NickCH-K/causaldata
1989-12-31,Nevada: bmprison,1351.0,persons,github.com/NickCH-K/causaldata
1990-12-31,Nevada: bmprison,1529.0,persons,github.com/NickCH-K/causaldata
1991-12-31,Nevada: bmprison,1567.0,persons,github.com/NickCH-K/causaldata
1992-12-31,Nevada: bmprison,1622.0,persons,github.com/NickCH-K/causaldata
1993-12-31,Nevada: bmprison,1709.0,persons,github.com/NickCH-K/causaldata
1994-12-31,Nevada: bmprison,1861.0,persons,github.com/NickCH-K/causaldata
1995-12-31,Nevada: bmprison,1954.0,persons,github.com/NickCH-K/causaldata
1996-12-31,Nevada: bmprison,2127.0,persons,github.com/NickCH-K/causaldata
1997-12-31,Nevada: bmprison,2208.0,persons,github.com/NickCH-K/causaldata
1998-12-31,Nevada: bmprison,2435.0,persons,github.com/NickCH-K/causaldata
1999-12-31,Nevada: bmprison,2460.0,persons,github.com/NickCH-K/causaldata
2000-12-31,Nevada: bmprison,2526.0,persons,github.com/NickCH-K/causaldata
1985-12-31,Nevada: income,15481.0,median income,github.com/NickCH-K/causaldata
1986-12-31,Nevada: income,16170.0,median income,github.com/NickCH-K/causaldata
1987-12-31,Nevada: income,16865.0,median income,github.com/NickCH-K/causaldata
1988-12-31,Nevada: income,18168.0,median income,github.com/NickCH-K/causaldata
1989-12-31,Nevada: income,19360.0,median income,github.com/NickCH-K/causaldata
1990-12-31,Nevada: income,20346.0,median income,github.com/NickCH-K/causaldata
1991-12-31,Nevada: income,20761.0,median income,github.com/NickCH-K/causaldata
1992-12-31,Nevada: income,22084.0,median income,github.com/NickCH-K/causaldata
1993-12-31,Nevada: income,22777.0,median income,github.com/NickCH-K/causaldata
1994-12-31,Nevada: income,23772.0,median income,github.com/NickCH-K/causaldata
1995-12-31,Nevada: income,24817.0,median income,github.com/NickCH-K/causaldata
1996-12-31,Nevada: income,26085.0,median income,github.com/NickCH-K/causaldata
1997-12-31,Nevada: income,26862.0,median income,github.com/NickCH-K/causaldata
1998-12-31,Nevada: income,28260.0,median income,github.com/NickCH-K/causaldata
1999-12-31,Nevada: income,29184.0,median income,github.com/NickCH-K/causaldata
2000-12-31,Nevada: income,30437.0,median income,github.com/NickCH-K/causaldata
1985-12-31,Nevada: perc1519,6.923985,percent of population,github.com/NickCH-K/causaldata
1986-12-31,Nevada: perc1519,6.858193,percent of population,github.com/NickCH-K/causaldata
1987-12-31,Nevada: perc1519,6.728295,percent of population,github.com/NickCH-K/causaldata
1988-12-31,Nevada: perc1519,6.576336,percent of population,github.com/NickCH-K/causaldata
1989-12-31,Nevada: perc1519,6.3805547,percent of population,github.com/NickCH-K/causaldata
1990-12-31,Nevada: perc1519,6.2541423,percent of population,github.com/NickCH-K/causaldata
1991-12-31,Nevada: perc1519,5.9785323,percent of population,github.com/NickCH-K/causaldata
1992-12-31,Nevada: perc1519,5.880934,percent of population,github.com/NickCH-K/causaldata
1993-12-31,Nevada: perc1519,5.8378773,percent of population,github.com/NickCH-K/causaldata
1994-12-31,Nevada: perc1519,5.887822,percent of population,github.com/NickCH-K/causaldata
1995-12-31,Nevada: perc1519,5.9646125,percent of population,github.com/NickCH-K/causaldata
1996-12-31,Nevada: perc1519,6.0784845,percent of population,github.com/NickCH-K/causaldata
1997-12-31,Nevada: perc1519,6.198331,percent of population,github.com/NickCH-K/causaldata
1998-12-31,Nevada: perc1519,6.302696,percent of population,github.com/NickCH-K/causaldata
1999-12-31,Nevada: perc1519,6.335549,percent of population,github.com/NickCH-K/causaldata
2000-12-31,Nevada: perc1519,6.455478,percent of population,github.com/NickCH-K/causaldata
1985-12-31,Nevada: poverty,14.4,rate,github.com/NickCH-K/causaldata
1986-12-31,Nevada: poverty,8.1,rate,github.com/NickCH-K/causaldata
1987-12-31,Nevada: poverty,10.4,rate,github.com/NickCH-K/causaldata
1988-12-31,Nevada: poverty,8.6,rate,github.com/NickCH-K/causaldata
1989-12-31,Nevada: poverty,10.8,rate,github.com/NickCH-K/causaldata
1990-12-31,Nevada: poverty,9.8,rate,github.com/NickCH-K/causaldata
1991-12-31,Nevada: poverty,11.4,rate,github.com/NickCH-K/causaldata
1992-12-31,Nevada: poverty,14.7,rate,github.com/NickCH-K/causaldata
1993-12-31,Nevada: poverty,9.8,rate,github.com/NickCH-K/causaldata
1994-12-31,Nevada: poverty,11.1,rate,github.com/NickCH-K/causaldata
1995-12-31,Nevada: poverty,11.1,rate,github.com/NickCH-K/causaldata
1996-12-31,Nevada: poverty,8.1,rate,github.com/NickCH-K/causaldata
1997-12-31,Nevada: poverty,11.0,rate,github.com/NickCH-K/causaldata
1998-12-31,Nevada: poverty,10.6,rate,github.com/NickCH-K/causaldata
1999-12-31,Nevada: poverty,11.3,rate,github.com/NickCH-K/causaldata
2000-12-31,Nevada: poverty,8.8,rate,github.com/NickCH-K/causaldata
1985-12-31,Nevada: ur,7.4416666,rate,github.com/NickCH-K/causaldata
1986-12-31,Nevada: ur,6.6083336,rate,github.com/NickCH-K/causaldata
1987-12-31,Nevada: ur,6.125,rate,github.com/NickCH-K/causaldata
1988-12-31,Nevada: ur,5.2833333,rate,github.com/NickCH-K/causaldata
1989-12-31,Nevada: ur,4.758333,rate,github.com/NickCH-K/causaldata
1990-12-31,Nevada: ur,5.0833335,rate,github.com/NickCH-K/causaldata
1991-12-31,Nevada: ur,6.25,rate,github.com/NickCH-K/causaldata
1992-12-31,Nevada: ur,6.95,rate,github.com/NickCH-K/causaldata
1993-12-31,Nevada: ur,6.7833333,rate,github.com/NickCH-K/causaldata
1994-12-31,Nevada: ur,6.116667,rate,github.com/NickCH-K/causaldata
1995-12-31,Nevada: ur,5.5583334,rate,github.com/NickCH-K/causaldata
1996-12-31,Nevada: ur,5.175,rate,github.com/NickCH-K/causaldata
1997-12-31,Nevada: ur,4.5416665,rate,github.com/NickCH-K/causaldata
1998-12-31,Nevada: ur,4.4166665,rate,github.com/NickCH-K/causaldata
1999-12-31,Nevada: ur,4.2666664,rate,github.com/NickCH-K/causaldata
2000-12-31,Nevada: ur,4.475,rate,github.com/NickCH-K/causaldata
1985-12-31,Nevada: wmprison,2109.0,persons,github.com/NickCH-K/causaldata
1986-12-31,Nevada: wmprison,2438.0,persons,github.com/NickCH-K/causaldata
1987-12-31,Nevada: wmprison,2530.0,persons,github.com/NickCH-K/causaldata
1988-12-31,Nevada: wmprison,2624.0,persons,github.com/NickCH-K/causaldata
1989-12-31,Nevada: wmprison,2491.0,persons,github.com/NickCH-K/causaldata
1990-12-31,Nevada: wmprison,2822.0,persons,github.com/NickCH-K/causaldata
1991-12-31,Nevada: wmprison,2895.0,persons,github.com/NickCH-K/causaldata
1992-12-31,Nevada: wmprison,3379.0,persons,github.com/NickCH-K/causaldata
1993-12-31,Nevada: wmprison,3297.0,persons,github.com/NickCH-K/causaldata
1994-12-31,Nevada: wmprison,3669.0,persons,github.com/NickCH-K/causaldata
1995-12-31,Nevada: wmprison,4043.0,persons,github.com/NickCH-K/causaldata
1996-12-31,Nevada: wmprison,4332.0,persons,github.com/NickCH-K/causaldata
1997-12-31,Nevada: wmprison,4620.0,persons,github.com/NickCH-K/causaldata
1998-12-31,Nevada: wmprison,4861.0,persons,github.com/NickCH-K/causaldata
1999-12-31,Nevada: wmprison,4729.0,persons,github.com/NickCH-K/causaldata
2000-12-31,Nevada: wmprison,4976.0,persons,github.com/NickCH-K/causaldata
1985-12-31,New Hampshire: aidscapita,0.501503,"AIDS deaths per 100,000",github.com/NickCH-K/causaldata
1986-12-31,New Hampshire: aidscapita,1.3656058,"AIDS deaths per 100,000",github.com/NickCH-K/causaldata
1987-12-31,New Hampshire: aidscapita,1.6122546,"AIDS deaths per 100,000",github.com/NickCH-K/causaldata
1988-12-31,New Hampshire: aidscapita,2.401364,"AIDS deaths per 100,000",github.com/NickCH-K/causaldata
1989-12-31,New Hampshire: aidscapita,2.0823958,"AIDS deaths per 100,000",github.com/NickCH-K/causaldata
1990-12-31,New Hampshire: aidscapita,2.6969104,"AIDS deaths per 100,000",github.com/NickCH-K/causaldata
1991-12-31,New Hampshire: aidscapita,2.8830674,"AIDS deaths per 100,000",github.com/NickCH-K/causaldata
1992-12-31,New Hampshire: aidscapita,3.3101208,"AIDS deaths per 100,000",github.com/NickCH-K/causaldata
1993-12-31,New Hampshire: aidscapita,3.0988314,"AIDS deaths per 100,000",github.com/NickCH-K/causaldata
1994-12-31,New Hampshire: aidscapita,4.3761377,"AIDS deaths per 100,000",github.com/NickCH-K/causaldata
1995-12-31,New Hampshire: aidscapita,5.4424777,"AIDS deaths per 100,000",github.com/NickCH-K/causaldata
1996-12-31,New Hampshire: aidscapita,3.1496894,"AIDS deaths per 100,000",github.com/NickCH-K/causaldata
1997-12-31,New Hampshire: aidscapita,1.429262,"AIDS deaths per 100,000",github.com/NickCH-K/causaldata
1998-12-31,New Hampshire: aidscapita,1.1609201,"AIDS deaths per 100,000",github.com/NickCH-K/causaldata
1999-12-31,New Hampshire: aidscapita,1.3911461,"AIDS deaths per 100,000",github.com/NickCH-K/causaldata
2000-12-31,New Hampshire: aidscapita,1.370445,"AIDS deaths per 100,000",github.com/NickCH-K/causaldata
1985-12-31,New Hampshire: alcohol,4.73,per capita,github.com/NickCH-K/causaldata
1986-12-31,New Hampshire: alcohol,4.51,per capita,github.com/NickCH-K/causaldata
1987-12-31,New Hampshire: alcohol,4.41,per capita,github.com/NickCH-K/causaldata
1988-12-31,New Hampshire: alcohol,4.33,per capita,github.com/NickCH-K/causaldata
1989-12-31,New Hampshire: alcohol,4.37,per capita,github.com/NickCH-K/causaldata
1990-12-31,New Hampshire: alcohol,4.3,per capita,github.com/NickCH-K/causaldata
1991-12-31,New Hampshire: alcohol,4.3,per capita,github.com/NickCH-K/causaldata
1992-12-31,New Hampshire: alcohol,4.3,per capita,github.com/NickCH-K/causaldata
1993-12-31,New Hampshire: alcohol,4.38,per capita,github.com/NickCH-K/causaldata
1994-12-31,New Hampshire: alcohol,4.13,per capita,github.com/NickCH-K/causaldata
1995-12-31,New Hampshire: alcohol,4.12,per capita,github.com/NickCH-K/causaldata
1996-12-31,New Hampshire: alcohol,4.13,per capita,github.com/NickCH-K/causaldata
1997-12-31,New Hampshire: alcohol,4.04,per capita,github.com/NickCH-K/causaldata
1998-12-31,New Hampshire: alcohol,3.98,per capita,github.com/NickCH-K/causaldata
1999-12-31,New Hampshire: alcohol,4.01,per capita,github.com/NickCH-K/causaldata
2000-12-31,New Hampshire: alcohol,4.0,per capita,github.com/NickCH-K/causaldata
1985-12-31,New Hampshire: black,0.6450503,percent of population,github.com/NickCH-K/causaldata
1986-12-31,New Hampshire: black,0.644142,percent of population,github.com/NickCH-K/causaldata
1987-12-31,New Hampshire: black,0.6416521,percent of population,github.com/NickCH-K/causaldata
1988-12-31,New Hampshire: black,0.6400492,percent of population,github.com/NickCH-K/causaldata
1989-12-31,New Hampshire: black,0.6383148,percent of population,github.com/NickCH-K/causaldata
1990-12-31,New Hampshire: black,0.62132204,percent of population,github.com/NickCH-K/causaldata
1991-12-31,New Hampshire: black,0.5643912,percent of population,github.com/NickCH-K/causaldata
1992-12-31,New Hampshire: black,0.5781557,percent of population,github.com/NickCH-K/causaldata
1993-12-31,New Hampshire: black,0.5877353,percent of population,github.com/NickCH-K/causaldata
1994-12-31,New Hampshire: black,0.6290097,percent of population,github.com/NickCH-K/causaldata
1995-12-31,New Hampshire: black,0.64297855,percent of population,github.com/NickCH-K/causaldata
1996-12-31,New Hampshire: black,0.6855867,percent of population,github.com/NickCH-K/causaldata
1997-12-31,New Hampshire: black,0.7078437,percent of population,github.com/NickCH-K/causaldata
1998-12-31,New Hampshire: black,0.7237017,percent of population,github.com/NickCH-K/causaldata
1999-12-31,New Hampshire: black,0.78508574,percent of population,github.com/NickCH-K/causaldata
2000-12-31,New Hampshire: black,0.84992385,percent of population,github.com/NickCH-K/causaldata
1985-12-31,New Hampshire: bmprison,11.0,persons,github.com/NickCH-K/causaldata
1986-12-31,New Hampshire: bmprison,21.0,persons,github.com/NickCH-K/causaldata
1987-12-31,New Hampshire: bmprison,21.0,persons,github.com/NickCH-K/causaldata
1988-12-31,New Hampshire: bmprison,32.0,persons,github.com/NickCH-K/causaldata
1989-12-31,New Hampshire: bmprison,46.0,persons,github.com/NickCH-K/causaldata
1990-12-31,New Hampshire: bmprison,56.0,persons,github.com/NickCH-K/causaldata
1991-12-31,New Hampshire: bmprison,79.0,persons,github.com/NickCH-K/causaldata
1992-12-31,New Hampshire: bmprison,78.0,persons,github.com/NickCH-K/causaldata
1993-12-31,New Hampshire: bmprison,73.0,persons,github.com/NickCH-K/causaldata
1994-12-31,New Hampshire: bmprison,97.0,persons,github.com/NickCH-K/causaldata
1995-12-31,New Hampshire: bmprison,121.0,persons,github.com/NickCH-K/causaldata
1996-12-31,New Hampshire: bmprison,110.0,persons,github.com/NickCH-K/causaldata
1997-12-31,New Hampshire: bmprison,117.0,persons,github.com/NickCH-K/causaldata
1998-12-31,New Hampshire: bmprison,108.0,persons,github.com/NickCH-K/causaldata
1999-12-31,New Hampshire: bmprison,115.0,persons,github.com/NickCH-K/causaldata
2000-12-31,New Hampshire: bmprison,98.0,persons,github.com/NickCH-K/causaldata
1985-12-31,New Hampshire: income,15815.0,median income,github.com/NickCH-K/causaldata
1986-12-31,New Hampshire: income,16981.0,median income,github.com/NickCH-K/causaldata
1987-12-31,New Hampshire: income,18261.0,median income,github.com/NickCH-K/causaldata
1988-12-31,New Hampshire: income,19563.0,median income,github.com/NickCH-K/causaldata
1989-12-31,New Hampshire: income,20475.0,median income,github.com/NickCH-K/causaldata
1990-12-31,New Hampshire: income,20512.0,median income,github.com/NickCH-K/causaldata
1991-12-31,New Hampshire: income,21189.0,median income,github.com/NickCH-K/causaldata
1992-12-31,New Hampshire: income,22002.0,median income,github.com/NickCH-K/causaldata
1993-12-31,New Hampshire: income,22376.0,median income,github.com/NickCH-K/causaldata
1994-12-31,New Hampshire: income,23607.0,median income,github.com/NickCH-K/causaldata
1995-12-31,New Hampshire: income,24748.0,median income,github.com/NickCH-K/causaldata
1996-12-31,New Hampshire: income,26427.0,median income,github.com/NickCH-K/causaldata
1997-12-31,New Hampshire: income,27257.0,median income,github.com/NickCH-K/causaldata
1998-12-31,New Hampshire: income,29147.0,median income,github.com/NickCH-K/causaldata
1999-12-31,New Hampshire: income,30380.0,median income,github.com/NickCH-K/causaldata
2000-12-31,New Hampshire: income,33396.0,median income,github.com/NickCH-K/causaldata
1985-12-31,New Hampshire: perc1519,7.76437,percent of population,github.com/NickCH-K/causaldata
1986-12-31,New Hampshire: perc1519,7.701822,percent of population,github.com/NickCH-K/causaldata
1987-12-31,New Hampshire: perc1519,7.5473433,percent of population,github.com/NickCH-K/causaldata
1988-12-31,New Hampshire: perc1519,7.3594418,percent of population,github.com/NickCH-K/causaldata
1989-12-31,New Hampshire: perc1519,7.116543,percent of population,github.com/NickCH-K/causaldata
1990-12-31,New Hampshire: perc1519,6.801698,percent of population,github.com/NickCH-K/causaldata
1991-12-31,New Hampshire: perc1519,6.3506765,percent of population,github.com/NickCH-K/causaldata
1992-12-31,New Hampshire: perc1519,6.150741,percent of population,github.com/NickCH-K/causaldata
1993-12-31,New Hampshire: perc1519,6.160831,percent of population,github.com/NickCH-K/causaldata
1994-12-31,New Hampshire: perc1519,6.2585773,percent of population,github.com/NickCH-K/causaldata
1995-12-31,New Hampshire: perc1519,6.3889503,percent of population,github.com/NickCH-K/causaldata
1996-12-31,New Hampshire: perc1519,6.5767217,percent of population,github.com/NickCH-K/causaldata
1997-12-31,New Hampshire: perc1519,6.7479663,percent of population,github.com/NickCH-K/causaldata
1998-12-31,New Hampshire: perc1519,6.901587,percent of population,github.com/NickCH-K/causaldata
1999-12-31,New Hampshire: perc1519,6.962768,percent of population,github.com/NickCH-K/causaldata
2000-12-31,New Hampshire: perc1519,7.012164,percent of population,github.com/NickCH-K/causaldata
1985-12-31,New Hampshire: poverty,6.0,rate,github.com/NickCH-K/causaldata
1986-12-31,New Hampshire: poverty,3.7,rate,github.com/NickCH-K/causaldata
1987-12-31,New Hampshire: poverty,4.8,rate,github.com/NickCH-K/causaldata
1988-12-31,New Hampshire: poverty,6.7,rate,github.com/NickCH-K/causaldata
1989-12-31,New Hampshire: poverty,7.7,rate,github.com/NickCH-K/causaldata
1990-12-31,New Hampshire: poverty,6.3,rate,github.com/NickCH-K/causaldata
1991-12-31,New Hampshire: poverty,7.3,rate,github.com/NickCH-K/causaldata
1992-12-31,New Hampshire: poverty,8.7,rate,github.com/NickCH-K/causaldata
1993-12-31,New Hampshire: poverty,9.9,rate,github.com/NickCH-K/causaldata
1994-12-31,New Hampshire: poverty,7.7,rate,github.com/NickCH-K/causaldata
1995-12-31,New Hampshire: poverty,5.3,rate,github.com/NickCH-K/causaldata
1996-12-31,New Hampshire: poverty,6.4,rate,github.com/NickCH-K/causaldata
1997-12-31,New Hampshire: poverty,9.1,rate,github.com/NickCH-K/causaldata
1998-12-31,New Hampshire: poverty,9.8,rate,github.com/NickCH-K/causaldata
1999-12-31,New Hampshire: poverty,7.6,rate,github.com/NickCH-K/causaldata
2000-12-31,New Hampshire: poverty,4.5,rate,github.com/NickCH-K/causaldata
1985-12-31,New Hampshire: ur,3.7583332,rate,github.com/NickCH-K/causaldata
1986-12-31,New Hampshire: ur,2.5166667,rate,github.com/NickCH-K/causaldata
1987-12-31,New Hampshire: ur,2.275,rate,github.com/NickCH-K/causaldata
1988-12-31,New Hampshire: ur,2.45,rate,github.com/NickCH-K/causaldata
1989-12-31,New Hampshire: ur,3.5333333,rate,github.com/NickCH-K/causaldata
1990-12-31,New Hampshire: ur,5.6583333,rate,github.com/NickCH-K/causaldata
1991-12-31,New Hampshire: ur,7.2916665,rate,github.com/NickCH-K/causaldata
1992-12-31,New Hampshire: ur,7.5916667,rate,github.com/NickCH-K/causaldata
1993-12-31,New Hampshire: ur,6.3333335,rate,github.com/NickCH-K/causaldata
1994-12-31,New Hampshire: ur,4.75,rate,github.com/NickCH-K/causaldata
1995-12-31,New Hampshire: ur,4.0,rate,github.com/NickCH-K/causaldata
1996-12-31,New Hampshire: ur,3.7,rate,github.com/NickCH-K/causaldata
1997-12-31,New Hampshire: ur,3.15,rate,github.com/NickCH-K/causaldata
1998-12-31,New Hampshire: ur,2.875,rate,github.com/NickCH-K/causaldata
1999-12-31,New Hampshire: ur,2.75,rate,github.com/NickCH-K/causaldata
2000-12-31,New Hampshire: ur,2.6916666,rate,github.com/NickCH-K/causaldata
1985-12-31,New Hampshire: wmprison,654.0,persons,github.com/NickCH-K/causaldata
1986-12-31,New Hampshire: wmprison,738.0,persons,github.com/NickCH-K/causaldata
1987-12-31,New Hampshire: wmprison,827.0,persons,github.com/NickCH-K/causaldata
1988-12-31,New Hampshire: wmprison,962.0,persons,github.com/NickCH-K/causaldata
1989-12-31,New Hampshire: wmprison,1079.0,persons,github.com/NickCH-K/causaldata
1990-12-31,New Hampshire: wmprison,1239.0,persons,github.com/NickCH-K/causaldata
1991-12-31,New Hampshire: wmprison,1371.0,persons,github.com/NickCH-K/causaldata
1992-12-31,New Hampshire: wmprison,1609.0,persons,github.com/NickCH-K/causaldata
1993-12-31,New Hampshire: wmprison,1610.0,persons,github.com/NickCH-K/causaldata
1994-12-31,New Hampshire: wmprison,1806.0,persons,github.com/NickCH-K/causaldata
1995-12-31,New Hampshire: wmprison,1773.0,persons,github.com/NickCH-K/causaldata
1996-12-31,New Hampshire: wmprison,1831.0,persons,github.com/NickCH-K/causaldata
1997-12-31,New Hampshire: wmprison,1916.0,persons,github.com/NickCH-K/causaldata
1998-12-31,New Hampshire: wmprison,1925.0,persons,github.com/NickCH-K/causaldata
1999-12-31,New Hampshire: wmprison,1987.0,persons,github.com/NickCH-K/causaldata
2000-12-31,New Hampshire: wmprison,1911.0,persons,github.com/NickCH-K/causaldata
1985-12-31,New Jersey: aidscapita,5.801272,"AIDS deaths per 100,000",github.com/NickCH-K/causaldata
1986-12-31,New Jersey: aidscapita,11.124087,"AIDS deaths per 100,000",github.com/NickCH-K/causaldata
1987-12-31,New Jersey: aidscapita,15.693932,"AIDS deaths per 100,000",github.com/NickCH-K/causaldata
1988-12-31,New Jersey: aidscapita,17.683416,"AIDS deaths per 100,000",github.com/NickCH-K/causaldata
1989-12-31,New Jersey: aidscapita,21.73146,"AIDS deaths per 100,000",github.com/NickCH-K/causaldata
1990-12-31,New Jersey: aidscapita,22.968035,"AIDS deaths per 100,000",github.com/NickCH-K/causaldata
1991-12-31,New Jersey: aidscapita,25.618465,"AIDS deaths per 100,000",github.com/NickCH-K/causaldata
1992-12-31,New Jersey: aidscapita,27.396711,"AIDS deaths per 100,000",github.com/NickCH-K/causaldata
1993-12-31,New Jersey: aidscapita,32.243393,"AIDS deaths per 100,000",github.com/NickCH-K/causaldata
1994-12-31,New Jersey: aidscapita,36.921474,"AIDS deaths per 100,000",github.com/NickCH-K/causaldata
1995-12-31,New Jersey: aidscapita,37.39836,"AIDS deaths per 100,000",github.com/NickCH-K/causaldata
1996-12-31,New Jersey: aidscapita,27.59646,"AIDS deaths per 100,000",github.com/NickCH-K/causaldata
1997-12-31,New Jersey: aidscapita,17.301779,"AIDS deaths per 100,000",github.com/NickCH-K/causaldata
1998-12-31,New Jersey: aidscapita,13.164535,"AIDS deaths per 100,000",github.com/NickCH-K/causaldata
1999-12-31,New Jersey: aidscapita,13.6609535,"AIDS deaths per 100,000",github.com/NickCH-K/causaldata
2000-12-31,New Jersey: aidscapita,11.774781,"AIDS deaths per 100,000",github.com/NickCH-K/causaldata
1985-12-31,New Jersey: alcohol,2.81,per capita,github.com/NickCH-K/causaldata
1986-12-31,New Jersey: alcohol,2.77,per capita,github.com/NickCH-K/causaldata
1987-12-31,New Jersey: alcohol,2.72,per capita,github.com/NickCH-K/causaldata
1988-12-31,New Jersey: alcohol,2.58,per capita,github.com/NickCH-K/causaldata
1989-12-31,New Jersey: alcohol,2.59,per capita,github.com/NickCH-K/causaldata
1990-12-31,New Jersey: alcohol,2.59,per capita,github.com/NickCH-K/causaldata
1991-12-31,New Jersey: alcohol,2.35,per capita,github.com/NickCH-K/causaldata
1992-12-31,New Jersey: alcohol,2.35,per capita,github.com/NickCH-K/causaldata
1993-12-31,New Jersey: alcohol,2.31,per capita,github.com/NickCH-K/causaldata
1994-12-31,New Jersey: alcohol,2.3,per capita,github.com/NickCH-K/causaldata
1995-12-31,New Jersey: alcohol,2.25,per capita,github.com/NickCH-K/causaldata
1996-12-31,New Jersey: alcohol,2.25,per capita,github.com/NickCH-K/causaldata
1997-12-31,New Jersey: alcohol,2.19,per capita,github.com/NickCH-K/causaldata
1998-12-31,New Jersey: alcohol,2.17,per capita,github.com/NickCH-K/causaldata
1999-12-31,New Jersey: alcohol,2.2,per capita,github.com/NickCH-K/causaldata
2000-12-31,New Jersey: alcohol,2.2,per capita,github.com/NickCH-K/causaldata
1985-12-31,New Jersey: black,15.413174,percent of population,github.com/NickCH-K/causaldata
1986-12-31,New Jersey: black,15.378667,percent of population,github.com/NickCH-K/causaldata
1987-12-31,New Jersey: black,15.340863,percent of population,github.com/NickCH-K/causaldata
1988-12-31,New Jersey: black,15.310806,percent of population,github.com/NickCH-K/causaldata
1989-12-31,New Jersey: black,15.279606,percent of population,github.com/NickCH-K/causaldata
1990-12-31,New Jersey: black,14.853047,percent of population,github.com/NickCH-K/causaldata
1991-12-31,New Jersey: black,15.100997,percent of population,github.com/NickCH-K/causaldata
1992-12-31,New Jersey: black,15.360851,percent of population,github.com/NickCH-K/causaldata
1993-12-31,New Jersey: black,15.566392,percent of population,github.com/NickCH-K/causaldata
1994-12-31,New Jersey: black,15.764684,percent of population,github.com/NickCH-K/causaldata
1995-12-31,New Jersey: black,15.931532,percent of population,github.com/NickCH-K/causaldata
1996-12-31,New Jersey: black,16.112616,percent of population,github.com/NickCH-K/causaldata
1997-12-31,New Jersey: black,16.30959,percent of population,github.com/NickCH-K/causaldata
1998-12-31,New Jersey: black,16.52152,percent of population,github.com/NickCH-K/causaldata
1999-12-31,New Jersey: black,16.694195,percent of population,github.com/NickCH-K/causaldata
2000-12-31,New Jersey: black,16.856531,percent of population,github.com/NickCH-K/causaldata
1985-12-31,New Jersey: bmprison,7238.0,persons,github.com/NickCH-K/causaldata
1986-12-31,New Jersey: bmprison,7542.0,persons,github.com/NickCH-K/causaldata
1987-12-31,New Jersey: bmprison,8697.0,persons,github.com/NickCH-K/causaldata
1988-12-31,New Jersey: bmprison,9393.0,persons,github.com/NickCH-K/causaldata
1989-12-31,New Jersey: bmprison,11448.0,persons,github.com/NickCH-K/causaldata
1990-12-31,New Jersey: bmprison,12856.0,persons,github.com/NickCH-K/causaldata
1991-12-31,New Jersey: bmprison,14226.0,persons,github.com/NickCH-K/causaldata
1992-12-31,New Jersey: bmprison,14038.0,persons,github.com/NickCH-K/causaldata
1993-12-31,New Jersey: bmprison,14885.0,persons,github.com/NickCH-K/causaldata
1994-12-31,New Jersey: bmprison,15256.0,persons,github.com/NickCH-K/causaldata
1995-12-31,New Jersey: bmprison,16668.0,persons,github.com/NickCH-K/causaldata
1996-12-31,New Jersey: bmprison,16991.0,persons,github.com/NickCH-K/causaldata
1997-12-31,New Jersey: bmprison,17653.0,persons,github.com/NickCH-K/causaldata
1998-12-31,New Jersey: bmprison,19205.0,persons,github.com/NickCH-K/causaldata
1999-12-31,New Jersey: bmprison,19196.0,persons,github.com/NickCH-K/causaldata
2000-12-31,New Jersey: bmprison,17691.0,persons,github.com/NickCH-K/causaldata
1985-12-31,New Jersey: income,17701.0,median income,github.com/NickCH-K/causaldata
1986-12-31,New Jersey: income,18763.0,median income,github.com/NickCH-K/causaldata
1987-12-31,New Jersey: income,20134.0,median income,github.com/NickCH-K/causaldata
1988-12-31,New Jersey: income,21988.0,median income,github.com/NickCH-K/causaldata
1989-12-31,New Jersey: income,23487.0,median income,github.com/NickCH-K/causaldata
1990-12-31,New Jersey: income,24572.0,median income,github.com/NickCH-K/causaldata
1991-12-31,New Jersey: income,24847.0,median income,github.com/NickCH-K/causaldata
1992-12-31,New Jersey: income,26382.0,median income,github.com/NickCH-K/causaldata
1993-12-31,New Jersey: income,26824.0,median income,github.com/NickCH-K/causaldata
1994-12-31,New Jersey: income,27558.0,median income,github.com/NickCH-K/causaldata
1995-12-31,New Jersey: income,28941.0,median income,github.com/NickCH-K/causaldata
1996-12-31,New Jersey: income,30470.0,median income,github.com/NickCH-K/causaldata
1997-12-31,New Jersey: income,32051.0,median income,github.com/NickCH-K/causaldata
1998-12-31,New Jersey: income,34115.0,median income,github.com/NickCH-K/causaldata
1999-12-31,New Jersey: income,35215.0,median income,github.com/NickCH-K/causaldata
2000-12-31,New Jersey: income,38364.0,median income,github.com/NickCH-K/causaldata
1985-12-31,New Jersey: perc1519,7.483575,percent of population,github.com/NickCH-K/causaldata
1986-12-31,New Jersey: perc1519,7.4045234,percent of population,github.com/NickCH-K/causaldata
1987-12-31,New Jersey: perc1519,7.242541,percent of population,github.com/NickCH-K/causaldata
1988-12-31,New Jersey: perc1519,7.044028,percent of population,github.com/NickCH-K/causaldata
1989-12-31,New Jersey: perc1519,6.7854576,percent of population,github.com/NickCH-K/causaldata
1990-12-31,New Jersey: perc1519,6.5390882,percent of population,github.com/NickCH-K/causaldata
1991-12-31,New Jersey: perc1519,6.3074017,percent of population,github.com/NickCH-K/causaldata
1992-12-31,New Jersey: perc1519,6.2132287,percent of population,github.com/NickCH-K/causaldata
1993-12-31,New Jersey: perc1519,6.1556454,percent of population,github.com/NickCH-K/causaldata
1994-12-31,New Jersey: perc1519,6.161681,percent of population,github.com/NickCH-K/causaldata
1995-12-31,New Jersey: perc1519,6.189435,percent of population,github.com/NickCH-K/causaldata
1996-12-31,New Jersey: perc1519,6.2256336,percent of population,github.com/NickCH-K/causaldata
1997-12-31,New Jersey: perc1519,6.2372303,percent of population,github.com/NickCH-K/causaldata
1998-12-31,New Jersey: perc1519,6.256979,percent of population,github.com/NickCH-K/causaldata
1999-12-31,New Jersey: perc1519,6.241381,percent of population,github.com/NickCH-K/causaldata
2000-12-31,New Jersey: perc1519,6.286583,percent of population,github.com/NickCH-K/causaldata
1985-12-31,New Jersey: poverty,8.3,rate,github.com/NickCH-K/causaldata
1986-12-31,New Jersey: poverty,8.9,rate,github.com/NickCH-K/causaldata
1987-12-31,New Jersey: poverty,8.3,rate,github.com/NickCH-K/causaldata
1988-12-31,New Jersey: poverty,6.2,rate,github.com/NickCH-K/causaldata
1989-12-31,New Jersey: poverty,8.2,rate,github.com/NickCH-K/causaldata
1990-12-31,New Jersey: poverty,9.2,rate,github.com/NickCH-K/causaldata
1991-12-31,New Jersey: poverty,9.7,rate,github.com/NickCH-K/causaldata
1992-12-31,New Jersey: poverty,10.3,rate,github.com/NickCH-K/causaldata
1993-12-31,New Jersey: poverty,10.9,rate,github.com/NickCH-K/causaldata
1994-12-31,New Jersey: poverty,9.2,rate,github.com/NickCH-K/causaldata
1995-12-31,New Jersey: poverty,7.8,rate,github.com/NickCH-K/causaldata
1996-12-31,New Jersey: poverty,9.2,rate,github.com/NickCH-K/causaldata
1997-12-31,New Jersey: poverty,9.3,rate,github.com/NickCH-K/causaldata
1998-12-31,New Jersey: poverty,8.6,rate,github.com/NickCH-K/causaldata
1999-12-31,New Jersey: poverty,7.8,rate,github.com/NickCH-K/causaldata
2000-12-31,New Jersey: poverty,7.3,rate,github.com/NickCH-K/causaldata
1985-12-31,New Jersey: ur,5.608333,rate,github.com/NickCH-K/causaldata
1986-12-31,New Jersey: ur,5.05,rate,github.com/NickCH-K/causaldata
1987-12-31,New Jersey: ur,4.0833335,rate,github.com/NickCH-K/causaldata
1988-12-31,New Jersey: ur,3.8166666,rate,github.com/NickCH-K/causaldata
1989-12-31,New Jersey: ur,4.108333,rate,github.com/NickCH-K/causaldata
1990-12-31,New Jersey: ur,5.0916667,rate,github.com/NickCH-K/causaldata
1991-12-31,New Jersey: ur,6.766667,rate,github.com/NickCH-K/causaldata
1992-12-31,New Jersey: ur,8.458333,rate,github.com/NickCH-K/causaldata
1993-12-31,New Jersey: ur,7.616667,rate,github.com/NickCH-K/causaldata
1994-12-31,New Jersey: ur,6.8166666,rate,github.com/NickCH-K/causaldata
1995-12-31,New Jersey: ur,6.45,rate,github.com/NickCH-K/causaldata
1996-12-31,New Jersey: ur,6.175,rate,github.com/NickCH-K/causaldata
1997-12-31,New Jersey: ur,5.3166666,rate,github.com/NickCH-K/causaldata
1998-12-31,New Jersey: ur,4.6,rate,github.com/NickCH-K/causaldata
1999-12-31,New Jersey: ur,4.475,rate,github.com/NickCH-K/causaldata
2000-12-31,New Jersey: ur,3.675,rate,github.com/NickCH-K/causaldata
1985-12-31,New Jersey: wmprison,3709.0,persons,github.com/NickCH-K/causaldata
1986-12-31,New Jersey: wmprison,4061.0,persons,github.com/NickCH-K/causaldata
1987-12-31,New Jersey: wmprison,4481.0,persons,github.com/NickCH-K/causaldata
1988-12-31,New Jersey: wmprison,5587.0,persons,github.com/NickCH-K/causaldata
1989-12-31,New Jersey: wmprison,6274.0,persons,github.com/NickCH-K/causaldata
1990-12-31,New Jersey: wmprison,6629.0,persons,github.com/NickCH-K/causaldata
1991-12-31,New Jersey: wmprison,6467.0,persons,github.com/NickCH-K/causaldata
1992-12-31,New Jersey: wmprison,6267.0,persons,github.com/NickCH-K/causaldata
1993-12-31,New Jersey: wmprison,6301.0,persons,github.com/NickCH-K/causaldata
1994-12-31,New Jersey: wmprison,6621.0,persons,github.com/NickCH-K/causaldata
1995-12-31,New Jersey: wmprison,7229.0,persons,github.com/NickCH-K/causaldata
1996-12-31,New Jersey: wmprison,7022.0,persons,github.com/NickCH-K/causaldata
1997-12-31,New Jersey: wmprison,6881.0,persons,github.com/NickCH-K/causaldata
1998-12-31,New Jersey: wmprison,7394.0,persons,github.com/NickCH-K/causaldata
1999-12-31,New Jersey: wmprison,7291.0,persons,github.com/NickCH-K/causaldata
1985-12-31,New Mexico: aidscapita,0.6255447,"AIDS deaths per 100,000",github.com/NickCH-K/causaldata
1986-12-31,New Mexico: aidscapita,1.6405131,"AIDS deaths per 100,000",github.com/NickCH-K/causaldata
1987-12-31,New Mexico: aidscapita,1.7582477,"AIDS deaths per 100,000",github.com/NickCH-K/causaldata
1988-12-31,New Mexico: aidscapita,2.213933,"AIDS deaths per 100,000",github.com/NickCH-K/causaldata
1989-12-31,New Mexico: aidscapita,3.9895978,"AIDS deaths per 100,000",github.com/NickCH-K/causaldata
1990-12-31,New Mexico: aidscapita,4.5347776,"AIDS deaths per 100,000",github.com/NickCH-K/causaldata
1991-12-31,New Mexico: aidscapita,5.7866464,"AIDS deaths per 100,000",github.com/NickCH-K/causaldata
1992-12-31,New Mexico: aidscapita,7.019998,"AIDS deaths per 100,000",github.com/NickCH-K/causaldata
1993-12-31,New Mexico: aidscapita,7.9440107,"AIDS deaths per 100,000",github.com/NickCH-K/causaldata
1994-12-31,New Mexico: aidscapita,8.678089,"AIDS deaths per 100,000",github.com/NickCH-K/causaldata
1995-12-31,New Mexico: aidscapita,10.172089,"AIDS deaths per 100,000",github.com/NickCH-K/causaldata
1996-12-31,New Mexico: aidscapita,5.4784327,"AIDS deaths per 100,000",github.com/NickCH-K/causaldata
1997-12-31,New Mexico: aidscapita,3.4369314,"AIDS deaths per 100,000",github.com/NickCH-K/causaldata
1998-12-31,New Mexico: aidscapita,3.2896864,"AIDS deaths per 100,000",github.com/NickCH-K/causaldata
1999-12-31,New Mexico: aidscapita,1.7698312,"AIDS deaths per 100,000",github.com/NickCH-K/causaldata
2000-12-31,New Mexico: aidscapita,2.4152374,"AIDS deaths per 100,000",github.com/NickCH-K/causaldata
1985-12-31,New Mexico: alcohol,2.83,per capita,github.com/NickCH-K/causaldata
1986-12-31,New Mexico: alcohol,2.7,per capita,github.com/NickCH-K/causaldata
1987-12-31,New Mexico: alcohol,2.65,per capita,github.com/NickCH-K/causaldata
1988-12-31,New Mexico: alcohol,2.64,per capita,github.com/NickCH-K/causaldata
1989-12-31,New Mexico: alcohol,2.58,per capita,github.com/NickCH-K/causaldata
1990-12-31,New Mexico: alcohol,2.64,per capita,github.com/NickCH-K/causaldata
1991-12-31,New Mexico: alcohol,2.54,per capita,github.com/NickCH-K/causaldata
1992-12-31,New Mexico: alcohol,2.47,per capita,github.com/NickCH-K/causaldata
1993-12-31,New Mexico: alcohol,2.39,per capita,github.com/NickCH-K/causaldata
1994-12-31,New Mexico: alcohol,2.25,per capita,github.com/NickCH-K/causaldata
1995-12-31,New Mexico: alcohol,2.4,per capita,github.com/NickCH-K/causaldata
1996-12-31,New Mexico: alcohol,2.38,per capita,github.com/NickCH-K/causaldata
1997-12-31,New Mexico: alcohol,2.33,per capita,github.com/NickCH-K/causaldata
1998-12-31,New Mexico: alcohol,2.31,per capita,github.com/NickCH-K/causaldata
1999-12-31,New Mexico: alcohol,2.36,per capita,github.com/NickCH-K/causaldata
2000-12-31,New Mexico: alcohol,2.38,per capita,github.com/NickCH-K/causaldata
1985-12-31,New Mexico: black,2.0834563,percent of population,github.com/NickCH-K/causaldata
1986-12-31,New Mexico: black,2.0740738,percent of population,github.com/NickCH-K/causaldata
1987-12-31,New Mexico: black,2.060842,percent of population,github.com/NickCH-K/causaldata
1988-12-31,New Mexico: black,2.049756,percent of population,github.com/NickCH-K/causaldata
1989-12-31,New Mexico: black,2.0390291,percent of population,github.com/NickCH-K/causaldata
1990-12-31,New Mexico: black,3.5010765,percent of population,github.com/NickCH-K/causaldata
1991-12-31,New Mexico: black,3.5747705,percent of population,github.com/NickCH-K/causaldata
1992-12-31,New Mexico: black,3.658733,percent of population,github.com/NickCH-K/causaldata
1993-12-31,New Mexico: black,3.6899836,percent of population,github.com/NickCH-K/causaldata
1994-12-31,New Mexico: black,3.6948237,percent of population,github.com/NickCH-K/causaldata
1995-12-31,New Mexico: black,3.720103,percent of population,github.com/NickCH-K/causaldata
1996-12-31,New Mexico: black,3.7993436,percent of population,github.com/NickCH-K/causaldata
1997-12-31,New Mexico: black,3.8848352,percent of population,github.com/NickCH-K/causaldata
1998-12-31,New Mexico: black,3.8965614,percent of population,github.com/NickCH-K/causaldata
1999-12-31,New Mexico: black,3.9661326,percent of population,github.com/NickCH-K/causaldata
2000-12-31,New Mexico: black,3.9875238,percent of population,github.com/NickCH-K/causaldata
1985-12-31,New Mexico: bmprison,230.0,persons,github.com/NickCH-K/causaldata
1986-12-31,New Mexico: bmprison,205.0,persons,github.com/NickCH-K/causaldata
1987-12-31,New Mexico: bmprison,257.0,persons,github.com/NickCH-K/causaldata
1988-12-31,New Mexico: bmprison,284.0,persons,github.com/NickCH-K/causaldata
1989-12-31,New Mexico: bmprison,312.0,persons,github.com/NickCH-K/causaldata
1990-12-31,New Mexico: bmprison,295.0,persons,github.com/NickCH-K/causaldata
1991-12-31,New Mexico: bmprison,300.0,persons,github.com/NickCH-K/causaldata
1992-12-31,New Mexico: bmprison,339.0,persons,github.com/NickCH-K/causaldata
1993-12-31,New Mexico: bmprison,367.0,persons,github.com/NickCH-K/causaldata
1994-12-31,New Mexico: bmprison,402.0,persons,github.com/NickCH-K/causaldata
1995-12-31,New Mexico: bmprison,444.0,persons,github.com/NickCH-K/causaldata
1996-12-31,New Mexico: bmprison,496.0,persons,github.com/NickCH-K/causaldata
1997-12-31,New Mexico: bmprison,488.0,persons,github.com/NickCH-K/causaldata
1998-12-31,New Mexico: bmprison,506.0,persons,github.com/NickCH-K/causaldata
1999-12-31,New Mexico: bmprison,533.0,persons,github.com/NickCH-K/causaldata
2000-12-31,New Mexico: bmprison,490.0,persons,github.com/NickCH-K/causaldata
1985-12-31,New Mexico: income,12080.0,median income,github.com/NickCH-K/causaldata
1986-12-31,New Mexico: income,12301.0,median income,github.com/NickCH-K/causaldata
1987-12-31,New Mexico: income,12695.0,median income,github.com/NickCH-K/causaldata
1988-12-31,New Mexico: income,13296.0,median income,github.com/NickCH-K/causaldata
1989-12-31,New Mexico: income,14078.0,median income,github.com/NickCH-K/causaldata
1990-12-31,New Mexico: income,14924.0,median income,github.com/NickCH-K/causaldata
1991-12-31,New Mexico: income,15625.0,median income,github.com/NickCH-K/causaldata
1992-12-31,New Mexico: income,16273.0,median income,github.com/NickCH-K/causaldata
1993-12-31,New Mexico: income,16959.0,median income,github.com/NickCH-K/causaldata
1994-12-31,New Mexico: income,17631.0,median income,github.com/NickCH-K/causaldata
1995-12-31,New Mexico: income,18426.0,median income,github.com/NickCH-K/causaldata
1996-12-31,New Mexico: income,19029.0,median income,github.com/NickCH-K/causaldata
1997-12-31,New Mexico: income,19698.0,median income,github.com/NickCH-K/causaldata
1998-12-31,New Mexico: income,20656.0,median income,github.com/NickCH-K/causaldata
1999-12-31,New Mexico: income,21042.0,median income,github.com/NickCH-K/causaldata
2000-12-31,New Mexico: income,22134.0,median income,github.com/NickCH-K/causaldata
1985-12-31,New Mexico: perc1519,8.385635,percent of population,github.com/NickCH-K/causaldata
1986-12-31,New Mexico: perc1519,8.323416,percent of population,github.com/NickCH-K/causaldata
1987-12-31,New Mexico: perc1519,8.172538,percent of population,github.com/NickCH-K/causaldata
1988-12-31,New Mexico: perc1519,7.9860587,percent of population,github.com/NickCH-K/causaldata
1989-12-31,New Mexico: perc1519,7.7285824,percent of population,github.com/NickCH-K/causaldata
1990-12-31,New Mexico: perc1519,7.5302286,percent of population,github.com/NickCH-K/causaldata
1991-12-31,New Mexico: perc1519,7.4685674,percent of population,github.com/NickCH-K/causaldata
1992-12-31,New Mexico: perc1519,7.51635,percent of population,github.com/NickCH-K/causaldata
1993-12-31,New Mexico: perc1519,7.567159,percent of population,github.com/NickCH-K/causaldata
1994-12-31,New Mexico: perc1519,7.6649523,percent of population,github.com/NickCH-K/causaldata
1995-12-31,New Mexico: perc1519,7.801004,percent of population,github.com/NickCH-K/causaldata
1996-12-31,New Mexico: perc1519,7.9338546,percent of population,github.com/NickCH-K/causaldata
1997-12-31,New Mexico: perc1519,8.030982,percent of population,github.com/NickCH-K/causaldata
1998-12-31,New Mexico: perc1519,8.106234,percent of population,github.com/NickCH-K/causaldata
1999-12-31,New Mexico: perc1519,8.075021,percent of population,github.com/NickCH-K/causaldata
2000-12-31,New Mexico: perc1519,8.00234,percent of population,github.com/NickCH-K/causaldata
1985-12-31,New Mexico: poverty,18.5,rate,github.com/NickCH-K/causaldata
1986-12-31,New Mexico: poverty,21.3,rate,github.com/NickCH-K/causaldata
1987-12-31,New Mexico: poverty,19.4,rate,github.com/NickCH-K/causaldata
1988-12-31,New Mexico: poverty,23.0,rate,github.com/NickCH-K/causaldata
1989-12-31,New Mexico: poverty,19.5,rate,github.com/NickCH-K/causaldata
1990-12-31,New Mexico: poverty,20.9,rate,github.com/NickCH-K/causaldata
1991-12-31,New Mexico: poverty,22.4,rate,github.com/NickCH-K/causaldata
1992-12-31,New Mexico: poverty,21.6,rate,github.com/NickCH-K/causaldata
1993-12-31,New Mexico: poverty,17.4,rate,github.com/NickCH-K/causaldata
1994-12-31,New Mexico: poverty,21.1,rate,github.com/NickCH-K/causaldata
1995-12-31,New Mexico: poverty,25.3,rate,github.com/NickCH-K/causaldata
1996-12-31,New Mexico: poverty,25.5,rate,github.com/NickCH-K/causaldata
1997-12-31,New Mexico: poverty,21.2,rate,github.com/NickCH-K/causaldata
1998-12-31,New Mexico: poverty,20.4,rate,github.com/NickCH-K/causaldata
1999-12-31,New Mexico: poverty,20.9,rate,github.com/NickCH-K/causaldata
2000-12-31,New Mexico: poverty,17.5,rate,github.com/NickCH-K/causaldata
1985-12-31,New Mexico: ur,8.675,rate,github.com/NickCH-K/causaldata
1986-12-31,New Mexico: ur,9.191667,rate,github.com/NickCH-K/causaldata
1987-12-31,New Mexico: ur,9.008333,rate,github.com/NickCH-K/causaldata
1988-12-31,New Mexico: ur,7.5833335,rate,github.com/NickCH-K/causaldata
1989-12-31,New Mexico: ur,6.725,rate,github.com/NickCH-K/causaldata
1990-12-31,New Mexico: ur,6.7666664,rate,github.com/NickCH-K/causaldata
1991-12-31,New Mexico: ur,7.15,rate,github.com/NickCH-K/causaldata
1992-12-31,New Mexico: ur,7.475,rate,github.com/NickCH-K/causaldata
1993-12-31,New Mexico: ur,7.2666664,rate,github.com/NickCH-K/causaldata
1994-12-31,New Mexico: ur,6.633333,rate,github.com/NickCH-K/causaldata
1995-12-31,New Mexico: ur,6.758333,rate,github.com/NickCH-K/causaldata
1996-12-31,New Mexico: ur,7.516667,rate,github.com/NickCH-K/causaldata
1997-12-31,New Mexico: ur,6.575,rate,github.com/NickCH-K/causaldata
1998-12-31,New Mexico: ur,6.233333,rate,github.com/NickCH-K/causaldata
1999-12-31,New Mexico: ur,5.5833335,rate,github.com/NickCH-K/causaldata
2000-12-31,New Mexico: ur,4.9583335,rate,github.com/NickCH-K/causaldata
1985-12-31,New Mexico: wmprison,1826.0,persons,github.com/NickCH-K/causaldata
1986-12-31,New Mexico: wmprison,1978.0,persons,github.com/NickCH-K/causaldata
1987-12-31,New Mexico: wmprison,2215.0,persons,github.com/NickCH-K/causaldata
1988-12-31,New Mexico: wmprison,2310.0,persons,github.com/NickCH-K/causaldata
1989-12-31,New Mexico: wmprison,2351.0,persons,github.com/NickCH-K/causaldata
1990-12-31,New Mexico: wmprison,2561.0,persons,github.com/NickCH-K/causaldata
1991-12-31,New Mexico: wmprison,2551.0,persons,github.com/NickCH-K/causaldata
1992-12-31,New Mexico: wmprison,2622.0,persons,github.com/NickCH-K/causaldata
1993-12-31,New Mexico: wmprison,2788.0,persons,github.com/NickCH-K/causaldata
1994-12-31,New Mexico: wmprison,2948.0,persons,github.com/NickCH-K/causaldata
1995-12-31,New Mexico: wmprison,3078.0,persons,github.com/NickCH-K/causaldata
1996-12-31,New Mexico: wmprison,3639.0,persons,github.com/NickCH-K/causaldata
1997-12-31,New Mexico: wmprison,3595.0,persons,github.com/NickCH-K/causaldata
1998-12-31,New Mexico: wmprison,3900.0,persons,github.com/NickCH-K/causaldata
1999-12-31,New Mexico: wmprison,3842.0,persons,github.com/NickCH-K/causaldata
1985-12-31,New York: aidscapita,11.755508,"AIDS deaths per 100,000",github.com/NickCH-K/causaldata
1986-12-31,New York: aidscapita,17.403372,"AIDS deaths per 100,000",github.com/NickCH-K/causaldata
1987-12-31,New York: aidscapita,21.587791,"AIDS deaths per 100,000",github.com/NickCH-K/causaldata
1988-12-31,New York: aidscapita,27.50789,"AIDS deaths per 100,000",github.com/NickCH-K/causaldata
1989-12-31,New York: aidscapita,34.05959,"AIDS deaths per 100,000",github.com/NickCH-K/causaldata
1990-12-31,New York: aidscapita,36.108307,"AIDS deaths per 100,000",github.com/NickCH-K/causaldata
1991-12-31,New York: aidscapita,41.169792,"AIDS deaths per 100,000",github.com/NickCH-K/causaldata
1992-12-31,New York: aidscapita,44.32594,"AIDS deaths per 100,000",github.com/NickCH-K/causaldata
1993-12-31,New York: aidscapita,45.56202,"AIDS deaths per 100,000",github.com/NickCH-K/causaldata
1994-12-31,New York: aidscapita,51.469517,"AIDS deaths per 100,000",github.com/NickCH-K/causaldata
1995-12-31,New York: aidscapita,51.208954,"AIDS deaths per 100,000",github.com/NickCH-K/causaldata
1996-12-31,New York: aidscapita,37.297333,"AIDS deaths per 100,000",github.com/NickCH-K/causaldata
1997-12-31,New York: aidscapita,21.070353,"AIDS deaths per 100,000",github.com/NickCH-K/causaldata
1998-12-31,New York: aidscapita,16.949327,"AIDS deaths per 100,000",github.com/NickCH-K/causaldata
1999-12-31,New York: aidscapita,16.872566,"AIDS deaths per 100,000",github.com/NickCH-K/causaldata
2000-12-31,New York: aidscapita,12.521211,"AIDS deaths per 100,000",github.com/NickCH-K/causaldata
1985-12-31,New York: alcohol,2.62,per capita,github.com/NickCH-K/causaldata
1986-12-31,New York: alcohol,2.55,per capita,github.com/NickCH-K/causaldata
1987-12-31,New York: alcohol,2.53,per capita,github.com/NickCH-K/causaldata
1988-12-31,New York: alcohol,2.47,per capita,github.com/NickCH-K/causaldata
1989-12-31,New York: alcohol,2.36,per capita,github.com/NickCH-K/causaldata
1990-12-31,New York: alcohol,2.3,per capita,github.com/NickCH-K/causaldata
1991-12-31,New York: alcohol,2.14,per capita,github.com/NickCH-K/causaldata
1992-12-31,New York: alcohol,2.09,per capita,github.com/NickCH-K/causaldata
1993-12-31,New York: alcohol,1.98,per capita,github.com/NickCH-K/causaldata
1994-12-31,New York: alcohol,1.93,per capita,github.com/NickCH-K/causaldata
1995-12-31,New York: alcohol,1.93,per capita,github.com/NickCH-K/causaldata
1996-12-31,New York: alcohol,1.9,per capita,github.com/NickCH-K/causaldata
1997-12-31,New York: alcohol,1.87,per capita,github.com/NickCH-K/causaldata
1998-12-31,New York: alcohol,1.84,per capita,github.com/NickCH-K/causaldata
1999-12-31,New York: alcohol,1.85,per capita,github.com/NickCH-K/causaldata
2000-12-31,New York: alcohol,1.88,per capita,github.com/NickCH-K/causaldata
1985-12-31,New York: black,18.88022,percent of population,github.com/NickCH-K/causaldata
1986-12-31,New York: black,18.858627,percent of population,github.com/NickCH-K/causaldata
1987-12-31,New York: black,18.83536,percent of population,github.com/NickCH-K/causaldata
1988-12-31,New York: black,18.821793,percent of population,github.com/NickCH-K/causaldata
1989-12-31,New York: black,18.807144,percent of population,github.com/NickCH-K/causaldata
1990-12-31,New York: black,17.193024,percent of population,github.com/NickCH-K/causaldata
1991-12-31,New York: black,17.471136,percent of population,github.com/NickCH-K/causaldata
1992-12-31,New York: black,17.738049,percent of population,github.com/NickCH-K/causaldata
1993-12-31,New York: black,18.018194,percent of population,github.com/NickCH-K/causaldata
1994-12-31,New York: black,18.30923,percent of population,github.com/NickCH-K/causaldata
1995-12-31,New York: black,18.591173,percent of population,github.com/NickCH-K/causaldata
1996-12-31,New York: black,18.861795,percent of population,github.com/NickCH-K/causaldata
1997-12-31,New York: black,19.13356,percent of population,github.com/NickCH-K/causaldata
1998-12-31,New York: black,19.39716,percent of population,github.com/NickCH-K/causaldata
1999-12-31,New York: black,19.624945,percent of population,github.com/NickCH-K/causaldata
2000-12-31,New York: black,19.821173,percent of population,github.com/NickCH-K/causaldata
1985-12-31,New York: bmprison,16958.0,persons,github.com/NickCH-K/causaldata
1986-12-31,New York: bmprison,18844.0,persons,github.com/NickCH-K/causaldata
1987-12-31,New York: bmprison,19576.0,persons,github.com/NickCH-K/causaldata
1988-12-31,New York: bmprison,21495.0,persons,github.com/NickCH-K/causaldata
1989-12-31,New York: bmprison,24112.0,persons,github.com/NickCH-K/causaldata
1990-12-31,New York: bmprison,26026.0,persons,github.com/NickCH-K/causaldata
1991-12-31,New York: bmprison,27438.0,persons,github.com/NickCH-K/causaldata
1992-12-31,New York: bmprison,29314.0,persons,github.com/NickCH-K/causaldata
1993-12-31,New York: bmprison,33221.0,persons,github.com/NickCH-K/causaldata
1994-12-31,New York: bmprison,34218.0,persons,github.com/NickCH-K/causaldata
1995-12-31,New York: bmprison,34953.0,persons,github.com/NickCH-K/causaldata
1996-12-31,New York: bmprison,35501.0,persons,github.com/NickCH-K/causaldata
1997-12-31,New York: bmprison,35394.0,persons,github.com/NickCH-K/causaldata
1998-12-31,New York: bmprison,36079.0,persons,github.com/NickCH-K/causaldata
1999-12-31,New York: bmprison,36963.0,persons,github.com/NickCH-K/causaldata
2000-12-31,New York: bmprison,33972.0,persons,github.com/NickCH-K/causaldata
1985-12-31,New York: income,16877.0,median income,github.com/NickCH-K/causaldata
1986-12-31,New York: income,17956.0,median income,github.com/NickCH-K/causaldata
1987-12-31,New York: income,19115.0,median income,github.com/NickCH-K/causaldata
1988-12-31,New York: income,20777.0,median income,github.com/NickCH-K/causaldata
1989-12-31,New York: income,22286.0,median income,github.com/NickCH-K/causaldata
1990-12-31,New York: income,23523.0,median income,github.com/NickCH-K/causaldata
1991-12-31,New York: income,23965.0,median income,github.com/NickCH-K/causaldata
1992-12-31,New York: income,24867.0,median income,github.com/NickCH-K/causaldata
1993-12-31,New York: income,25143.0,median income,github.com/NickCH-K/causaldata
1994-12-31,New York: income,25785.0,median income,github.com/NickCH-K/causaldata
1995-12-31,New York: income,27082.0,median income,github.com/NickCH-K/causaldata
1996-12-31,New York: income,28424.0,median income,github.com/NickCH-K/causaldata
1997-12-31,New York: income,29857.0,median income,github.com/NickCH-K/causaldata
1998-12-31,New York: income,31555.0,median income,github.com/NickCH-K/causaldata
1999-12-31,New York: income,32816.0,median income,github.com/NickCH-K/causaldata
2000-12-31,New York: income,34897.0,median income,github.com/NickCH-K/causaldata
1985-12-31,New York: perc1519,7.657652,percent of population,github.com/NickCH-K/causaldata
1986-12-31,New York: perc1519,7.6109924,percent of population,github.com/NickCH-K/causaldata
1987-12-31,New York: perc1519,7.4829006,percent of population,github.com/NickCH-K/causaldata
1988-12-31,New York: perc1519,7.3177342,percent of population,github.com/NickCH-K/causaldata
1989-12-31,New York: perc1519,7.0860353,percent of population,github.com/NickCH-K/causaldata
1990-12-31,New York: perc1519,6.8214846,percent of population,github.com/NickCH-K/causaldata
1991-12-31,New York: perc1519,6.498079,percent of population,github.com/NickCH-K/causaldata
1992-12-31,New York: perc1519,6.3928056,percent of population,github.com/NickCH-K/causaldata
1993-12-31,New York: perc1519,6.3933983,percent of population,github.com/NickCH-K/causaldata
1994-12-31,New York: perc1519,6.4559927,percent of population,github.com/NickCH-K/causaldata
1995-12-31,New York: perc1519,6.5248394,percent of population,github.com/NickCH-K/causaldata
1996-12-31,New York: perc1519,6.6123443,percent of population,github.com/NickCH-K/causaldata
1997-12-31,New York: perc1519,6.6688766,percent of population,github.com/NickCH-K/causaldata
1998-12-31,New York: perc1519,6.7281365,percent of population,github.com/NickCH-K/causaldata
1999-12-31,New York: perc1519,6.7550106,percent of population,github.com/NickCH-K/causaldata
2000-12-31,New York: perc1519,6.7411275,percent of population,github.com/NickCH-K/causaldata
1985-12-31,New York: poverty,15.8,rate,github.com/NickCH-K/causaldata
1986-12-31,New York: poverty,13.2,rate,github.com/NickCH-K/causaldata
1987-12-31,New York: poverty,14.3,rate,github.com/NickCH-K/causaldata
1988-12-31,New York: poverty,13.4,rate,github.com/NickCH-K/causaldata
1989-12-31,New York: poverty,12.6,rate,github.com/NickCH-K/causaldata
1990-12-31,New York: poverty,14.3,rate,github.com/NickCH-K/causaldata
1991-12-31,New York: poverty,15.3,rate,github.com/NickCH-K/causaldata
1992-12-31,New York: poverty,15.7,rate,github.com/NickCH-K/causaldata
1993-12-31,New York: poverty,16.4,rate,github.com/NickCH-K/causaldata
1994-12-31,New York: poverty,17.0,rate,github.com/NickCH-K/causaldata
1995-12-31,New York: poverty,16.5,rate,github.com/NickCH-K/causaldata
1996-12-31,New York: poverty,16.7,rate,github.com/NickCH-K/causaldata
1997-12-31,New York: poverty,16.5,rate,github.com/NickCH-K/causaldata
1998-12-31,New York: poverty,16.7,rate,github.com/NickCH-K/causaldata
1999-12-31,New York: poverty,14.2,rate,github.com/NickCH-K/causaldata
2000-12-31,New York: poverty,13.9,rate,github.com/NickCH-K/causaldata
1985-12-31,New York: ur,6.633333,rate,github.com/NickCH-K/causaldata
1986-12-31,New York: ur,6.25,rate,github.com/NickCH-K/causaldata
1987-12-31,New York: ur,4.8916664,rate,github.com/NickCH-K/causaldata
1988-12-31,New York: ur,4.2833333,rate,github.com/NickCH-K/causaldata
1989-12-31,New York: ur,4.983333,rate,github.com/NickCH-K/causaldata
1990-12-31,New York: ur,5.325,rate,github.com/NickCH-K/causaldata
1991-12-31,New York: ur,7.325,rate,github.com/NickCH-K/causaldata
1992-12-31,New York: ur,8.666667,rate,github.com/NickCH-K/causaldata
1993-12-31,New York: ur,7.875,rate,github.com/NickCH-K/causaldata
1994-12-31,New York: ur,6.925,rate,github.com/NickCH-K/causaldata
1995-12-31,New York: ur,6.358333,rate,github.com/NickCH-K/causaldata
1996-12-31,New York: ur,6.266667,rate,github.com/NickCH-K/causaldata
1997-12-31,New York: ur,6.4666667,rate,github.com/NickCH-K/causaldata
1998-12-31,New York: ur,5.6583333,rate,github.com/NickCH-K/causaldata
1999-12-31,New York: ur,5.225,rate,github.com/NickCH-K/causaldata
2000-12-31,New York: ur,4.5333333,rate,github.com/NickCH-K/causaldata
1985-12-31,New York: wmprison,16518.0,persons,github.com/NickCH-K/causaldata
1986-12-31,New York: wmprison,18121.0,persons,github.com/NickCH-K/causaldata
1987-12-31,New York: wmprison,19616.0,persons,github.com/NickCH-K/causaldata
1988-12-31,New York: wmprison,21121.0,persons,github.com/NickCH-K/causaldata
1989-12-31,New York: wmprison,24102.0,persons,github.com/NickCH-K/causaldata
1990-12-31,New York: wmprison,25426.0,persons,github.com/NickCH-K/causaldata
1991-12-31,New York: wmprison,26541.0,persons,github.com/NickCH-K/causaldata
1992-12-31,New York: wmprison,28039.0,persons,github.com/NickCH-K/causaldata
1993-12-31,New York: wmprison,25508.0,persons,github.com/NickCH-K/causaldata
1994-12-31,New York: wmprison,26816.0,persons,github.com/NickCH-K/causaldata
1995-12-31,New York: wmprison,27867.0,persons,github.com/NickCH-K/causaldata
1996-12-31,New York: wmprison,28451.0,persons,github.com/NickCH-K/causaldata
1997-12-31,New York: wmprison,28274.0,persons,github.com/NickCH-K/causaldata
1998-12-31,New York: wmprison,29527.0,persons,github.com/NickCH-K/causaldata
1985-12-31,North Carolina: aidscapita,0.70338035,"AIDS deaths per 100,000",github.com/NickCH-K/causaldata
1986-12-31,North Carolina: aidscapita,1.4551418,"AIDS deaths per 100,000",github.com/NickCH-K/causaldata
1987-12-31,North Carolina: aidscapita,2.1390848,"AIDS deaths per 100,000",github.com/NickCH-K/causaldata
1988-12-31,North Carolina: aidscapita,3.0393684,"AIDS deaths per 100,000",github.com/NickCH-K/causaldata
1989-12-31,North Carolina: aidscapita,5.0719447,"AIDS deaths per 100,000",github.com/NickCH-K/causaldata
1990-12-31,North Carolina: aidscapita,4.921957,"AIDS deaths per 100,000",github.com/NickCH-K/causaldata
1991-12-31,North Carolina: aidscapita,6.95726,"AIDS deaths per 100,000",github.com/NickCH-K/causaldata
1992-12-31,North Carolina: aidscapita,8.01773,"AIDS deaths per 100,000",github.com/NickCH-K/causaldata
1993-12-31,North Carolina: aidscapita,8.98788,"AIDS deaths per 100,000",github.com/NickCH-K/causaldata
1994-12-31,North Carolina: aidscapita,9.099259,"AIDS deaths per 100,000",github.com/NickCH-K/causaldata
1995-12-31,North Carolina: aidscapita,9.966406,"AIDS deaths per 100,000",github.com/NickCH-K/causaldata
1996-12-31,North Carolina: aidscapita,8.172604,"AIDS deaths per 100,000",github.com/NickCH-K/causaldata
1997-12-31,North Carolina: aidscapita,3.0952778,"AIDS deaths per 100,000",github.com/NickCH-K/causaldata
1998-12-31,North Carolina: aidscapita,3.8928838,"AIDS deaths per 100,000",github.com/NickCH-K/causaldata
1999-12-31,North Carolina: aidscapita,3.5851939,"AIDS deaths per 100,000",github.com/NickCH-K/causaldata
2000-12-31,North Carolina: aidscapita,2.9447205,"AIDS deaths per 100,000",github.com/NickCH-K/causaldata
1985-12-31,North Carolina: alcohol,2.13,per capita,github.com/NickCH-K/causaldata
1986-12-31,North Carolina: alcohol,2.15,per capita,github.com/NickCH-K/causaldata
1987-12-31,North Carolina: alcohol,2.1,per capita,github.com/NickCH-K/causaldata
1988-12-31,North Carolina: alcohol,2.09,per capita,github.com/NickCH-K/causaldata
1989-12-31,North Carolina: alcohol,2.06,per capita,github.com/NickCH-K/causaldata
1990-12-31,North Carolina: alcohol,2.08,per capita,github.com/NickCH-K/causaldata
1991-12-31,North Carolina: alcohol,1.96,per capita,github.com/NickCH-K/causaldata
1992-12-31,North Carolina: alcohol,1.96,per capita,github.com/NickCH-K/causaldata
1993-12-31,North Carolina: alcohol,1.92,per capita,github.com/NickCH-K/causaldata
1994-12-31,North Carolina: alcohol,1.89,per capita,github.com/NickCH-K/causaldata
1995-12-31,North Carolina: alcohol,1.86,per capita,github.com/NickCH-K/causaldata
1996-12-31,North Carolina: alcohol,1.9,per capita,github.com/NickCH-K/causaldata
1997-12-31,North Carolina: alcohol,1.89,per capita,github.com/NickCH-K/causaldata
1998-12-31,North Carolina: alcohol,1.87,per capita,github.com/NickCH-K/causaldata
1999-12-31,North Carolina: alcohol,1.9,per capita,github.com/NickCH-K/causaldata
2000-12-31,North Carolina: alcohol,1.94,per capita,github.com/NickCH-K/causaldata
1985-12-31,North Carolina: black,22.872452,percent of population,github.com/NickCH-K/causaldata
1986-12-31,North Carolina: black,22.83402,percent of population,github.com/NickCH-K/causaldata
1987-12-31,North Carolina: black,22.78717,percent of population,github.com/NickCH-K/causaldata
1988-12-31,North Carolina: black,22.747002,percent of population,github.com/NickCH-K/causaldata
1989-12-31,North Carolina: black,22.709677,percent of population,github.com/NickCH-K/causaldata
1990-12-31,North Carolina: black,22.622822,percent of population,github.com/NickCH-K/causaldata
1991-12-31,North Carolina: black,22.752274,percent of population,github.com/NickCH-K/causaldata
1992-12-31,North Carolina: black,22.902775,percent of population,github.com/NickCH-K/causaldata
1993-12-31,North Carolina: black,23.020075,percent of population,github.com/NickCH-K/causaldata
1994-12-31,North Carolina: black,23.106447,percent of population,github.com/NickCH-K/causaldata
1995-12-31,North Carolina: black,23.169212,percent of population,github.com/NickCH-K/causaldata
1996-12-31,North Carolina: black,23.223845,percent of population,github.com/NickCH-K/causaldata
1997-12-31,North Carolina: black,23.29929,percent of population,github.com/NickCH-K/causaldata
1998-12-31,North Carolina: black,23.364658,percent of population,github.com/NickCH-K/causaldata
1999-12-31,North Carolina: black,23.436705,percent of population,github.com/NickCH-K/causaldata
2000-12-31,North Carolina: black,23.58442,percent of population,github.com/NickCH-K/causaldata
1985-12-31,North Carolina: bmprison,8930.0,persons,github.com/NickCH-K/causaldata
1986-12-31,North Carolina: bmprison,9133.0,persons,github.com/NickCH-K/causaldata
1987-12-31,North Carolina: bmprison,8983.0,persons,github.com/NickCH-K/causaldata
1988-12-31,North Carolina: bmprison,9256.0,persons,github.com/NickCH-K/causaldata
1989-12-31,North Carolina: bmprison,9673.0,persons,github.com/NickCH-K/causaldata
1990-12-31,North Carolina: bmprison,10500.0,persons,github.com/NickCH-K/causaldata
1991-12-31,North Carolina: bmprison,10939.0,persons,github.com/NickCH-K/causaldata
1992-12-31,North Carolina: bmprison,12167.0,persons,github.com/NickCH-K/causaldata
1993-12-31,North Carolina: bmprison,13288.0,persons,github.com/NickCH-K/causaldata
1994-12-31,North Carolina: bmprison,14674.0,persons,github.com/NickCH-K/causaldata
1995-12-31,North Carolina: bmprison,18104.0,persons,github.com/NickCH-K/causaldata
1996-12-31,North Carolina: bmprison,18919.0,persons,github.com/NickCH-K/causaldata
1997-12-31,North Carolina: bmprison,19346.0,persons,github.com/NickCH-K/causaldata
1998-12-31,North Carolina: bmprison,19290.0,persons,github.com/NickCH-K/causaldata
1999-12-31,North Carolina: bmprison,18691.0,persons,github.com/NickCH-K/causaldata
2000-12-31,North Carolina: bmprison,18935.0,persons,github.com/NickCH-K/causaldata
1985-12-31,North Carolina: income,12699.0,median income,github.com/NickCH-K/causaldata
1986-12-31,North Carolina: income,13481.0,median income,github.com/NickCH-K/causaldata
1987-12-31,North Carolina: income,14306.0,median income,github.com/NickCH-K/causaldata
1988-12-31,North Carolina: income,15398.0,median income,github.com/NickCH-K/causaldata
1989-12-31,North Carolina: income,16497.0,median income,github.com/NickCH-K/causaldata
1990-12-31,North Carolina: income,17246.0,median income,github.com/NickCH-K/causaldata
1991-12-31,North Carolina: income,17677.0,median income,github.com/NickCH-K/causaldata
1992-12-31,North Carolina: income,18842.0,median income,github.com/NickCH-K/causaldata
1993-12-31,North Carolina: income,19575.0,median income,github.com/NickCH-K/causaldata
1994-12-31,North Carolina: income,20400.0,median income,github.com/NickCH-K/causaldata
1995-12-31,North Carolina: income,21295.0,median income,github.com/NickCH-K/causaldata
1996-12-31,North Carolina: income,22320.0,median income,github.com/NickCH-K/causaldata
1997-12-31,North Carolina: income,23530.0,median income,github.com/NickCH-K/causaldata
1998-12-31,North Carolina: income,24743.0,median income,github.com/NickCH-K/causaldata
1999-12-31,North Carolina: income,25560.0,median income,github.com/NickCH-K/causaldata
2000-12-31,North Carolina: income,27068.0,median income,github.com/NickCH-K/causaldata
1985-12-31,North Carolina: perc1519,8.185861,percent of population,github.com/NickCH-K/causaldata
1986-12-31,North Carolina: perc1519,8.164405,percent of population,github.com/NickCH-K/causaldata
1987-12-31,North Carolina: perc1519,8.063616,percent of population,github.com/NickCH-K/causaldata
1988-12-31,North Carolina: perc1519,7.924914,percent of population,github.com/NickCH-K/causaldata
1989-12-31,North Carolina: perc1519,7.718845,percent of population,github.com/NickCH-K/causaldata
1990-12-31,North Carolina: perc1519,7.4754624,percent of population,github.com/NickCH-K/causaldata
1991-12-31,North Carolina: perc1519,6.9722652,percent of population,github.com/NickCH-K/causaldata
1992-12-31,North Carolina: perc1519,6.7394023,percent of population,github.com/NickCH-K/causaldata
1993-12-31,North Carolina: perc1519,6.6697307,percent of population,github.com/NickCH-K/causaldata
1994-12-31,North Carolina: perc1519,6.6575274,percent of population,github.com/NickCH-K/causaldata
1995-12-31,North Carolina: perc1519,6.6701803,percent of population,github.com/NickCH-K/causaldata
1996-12-31,North Carolina: perc1519,6.713267,percent of population,github.com/NickCH-K/causaldata
1997-12-31,North Carolina: perc1519,6.7349586,percent of population,github.com/NickCH-K/causaldata
1998-12-31,North Carolina: perc1519,6.745945,percent of population,github.com/NickCH-K/causaldata
1999-12-31,North Carolina: perc1519,6.7137847,percent of population,github.com/NickCH-K/causaldata
2000-12-31,North Carolina: perc1519,6.687621,percent of population,github.com/NickCH-K/causaldata
1985-12-31,North Carolina: poverty,14.2,rate,github.com/NickCH-K/causaldata
1986-12-31,North Carolina: poverty,14.3,rate,github.com/NickCH-K/causaldata
1987-12-31,North Carolina: poverty,13.8,rate,github.com/NickCH-K/causaldata
1988-12-31,North Carolina: poverty,12.6,rate,github.com/NickCH-K/causaldata
1989-12-31,North Carolina: poverty,12.2,rate,github.com/NickCH-K/causaldata
1990-12-31,North Carolina: poverty,13.0,rate,github.com/NickCH-K/causaldata
1991-12-31,North Carolina: poverty,14.5,rate,github.com/NickCH-K/causaldata
1992-12-31,North Carolina: poverty,15.8,rate,github.com/NickCH-K/causaldata
1993-12-31,North Carolina: poverty,14.4,rate,github.com/NickCH-K/causaldata
1994-12-31,North Carolina: poverty,14.2,rate,github.com/NickCH-K/causaldata
1995-12-31,North Carolina: poverty,12.6,rate,github.com/NickCH-K/causaldata
1996-12-31,North Carolina: poverty,12.2,rate,github.com/NickCH-K/causaldata
1997-12-31,North Carolina: poverty,11.4,rate,github.com/NickCH-K/causaldata
1998-12-31,North Carolina: poverty,14.0,rate,github.com/NickCH-K/causaldata
1999-12-31,North Carolina: poverty,13.8,rate,github.com/NickCH-K/causaldata
2000-12-31,North Carolina: poverty,12.5,rate,github.com/NickCH-K/causaldata
1985-12-31,North Carolina: ur,5.758333,rate,github.com/NickCH-K/causaldata
1986-12-31,North Carolina: ur,5.3333335,rate,github.com/NickCH-K/causaldata
1987-12-31,North Carolina: ur,4.5499997,rate,github.com/NickCH-K/causaldata
1988-12-31,North Carolina: ur,3.7333333,rate,github.com/NickCH-K/causaldata
1989-12-31,North Carolina: ur,3.5833333,rate,github.com/NickCH-K/causaldata
1990-12-31,North Carolina: ur,4.1583333,rate,github.com/NickCH-K/causaldata
1991-12-31,North Carolina: ur,5.925,rate,github.com/NickCH-K/causaldata
1992-12-31,North Carolina: ur,6.233333,rate,github.com/NickCH-K/causaldata
1993-12-31,North Carolina: ur,5.1833334,rate,github.com/NickCH-K/causaldata
1994-12-31,North Carolina: ur,4.4083333,rate,github.com/NickCH-K/causaldata
1995-12-31,North Carolina: ur,4.425,rate,github.com/NickCH-K/causaldata
1996-12-31,North Carolina: ur,4.4166665,rate,github.com/NickCH-K/causaldata
1997-12-31,North Carolina: ur,3.875,rate,github.com/NickCH-K/causaldata
1998-12-31,North Carolina: ur,3.525,rate,github.com/NickCH-K/causaldata
1999-12-31,North Carolina: ur,3.2666667,rate,github.com/NickCH-K/causaldata
2000-12-31,North Carolina: ur,3.75,rate,github.com/NickCH-K/causaldata
1985-12-31,North Carolina: wmprison,7276.0,persons,github.com/NickCH-K/causaldata
1986-12-31,North Carolina: wmprison,7219.0,persons,github.com/NickCH-K/causaldata
1987-12-31,North Carolina: wmprison,6873.0,persons,github.com/NickCH-K/causaldata
1988-12-31,North Carolina: wmprison,6487.0,persons,github.com/NickCH-K/causaldata
1989-12-31,North Carolina: wmprison,6366.0,persons,github.com/NickCH-K/causaldata
1990-12-31,North Carolina: wmprison,6364.0,persons,github.com/NickCH-K/causaldata
1991-12-31,North Carolina: wmprison,6338.0,persons,github.com/NickCH-K/causaldata
1992-12-31,North Carolina: wmprison,6658.0,persons,github.com/NickCH-K/causaldata
1993-12-31,North Carolina: wmprison,6822.0,persons,github.com/NickCH-K/causaldata
1994-12-31,North Carolina: wmprison,7063.0,persons,github.com/NickCH-K/causaldata
1995-12-31,North Carolina: wmprison,8554.0,persons,github.com/NickCH-K/causaldata
1996-12-31,North Carolina: wmprison,8877.0,persons,github.com/NickCH-K/causaldata
1997-12-31,North Carolina: wmprison,9318.0,persons,github.com/NickCH-K/causaldata
1998-12-31,North Carolina: wmprison,9605.0,persons,github.com/NickCH-K/causaldata
1999-12-31,North Carolina: wmprison,9347.0,persons,github.com/NickCH-K/causaldata
2000-12-31,North Carolina: wmprison,9328.0,persons,github.com/NickCH-K/causaldata
1985-12-31,North Dakota: aidscapita,0.0,"AIDS deaths per 100,000",github.com/NickCH-K/causaldata
1986-12-31,North Dakota: aidscapita,0.0,"AIDS deaths per 100,000",github.com/NickCH-K/causaldata
1987-12-31,North Dakota: aidscapita,0.0,"AIDS deaths per 100,000",github.com/NickCH-K/causaldata
1988-12-31,North Dakota: aidscapita,0.0,"AIDS deaths per 100,000",github.com/NickCH-K/causaldata
1989-12-31,North Dakota: aidscapita,0.77363455,"AIDS deaths per 100,000",github.com/NickCH-K/causaldata
1990-12-31,North Dakota: aidscapita,0.0,"AIDS deaths per 100,000",github.com/NickCH-K/causaldata
1991-12-31,North Dakota: aidscapita,0.0,"AIDS deaths per 100,000",github.com/NickCH-K/causaldata
1992-12-31,North Dakota: aidscapita,0.0,"AIDS deaths per 100,000",github.com/NickCH-K/causaldata
1993-12-31,North Dakota: aidscapita,0.0,"AIDS deaths per 100,000",github.com/NickCH-K/causaldata
1994-12-31,North Dakota: aidscapita,0.93051535,"AIDS deaths per 100,000",github.com/NickCH-K/causaldata
1995-12-31,North Dakota: aidscapita,0.77180505,"AIDS deaths per 100,000",github.com/NickCH-K/causaldata
1996-12-31,North Dakota: aidscapita,0.768779,"AIDS deaths per 100,000",github.com/NickCH-K/causaldata
1997-12-31,North Dakota: aidscapita,0.0,"AIDS deaths per 100,000",github.com/NickCH-K/causaldata
1998-12-31,North Dakota: aidscapita,0.0,"AIDS deaths per 100,000",github.com/NickCH-K/causaldata
1999-12-31,North Dakota: aidscapita,0.0,"AIDS deaths per 100,000",github.com/NickCH-K/causaldata
2000-12-31,North Dakota: aidscapita,0.0,"AIDS deaths per 100,000",github.com/NickCH-K/causaldata
1985-12-31,North Dakota: alcohol,2.48,per capita,github.com/NickCH-K/causaldata
1986-12-31,North Dakota: alcohol,2.4,per capita,github.com/NickCH-K/causaldata
1987-12-31,North Dakota: alcohol,2.42,per capita,github.com/NickCH-K/causaldata
1988-12-31,North Dakota: alcohol,2.43,per capita,github.com/NickCH-K/causaldata
1989-12-31,North Dakota: alcohol,2.38,per capita,github.com/NickCH-K/causaldata
1990-12-31,North Dakota: alcohol,2.56,per capita,github.com/NickCH-K/causaldata
1991-12-31,North Dakota: alcohol,2.44,per capita,github.com/NickCH-K/causaldata
1992-12-31,North Dakota: alcohol,2.39,per capita,github.com/NickCH-K/causaldata
1993-12-31,North Dakota: alcohol,2.36,per capita,github.com/NickCH-K/causaldata
1994-12-31,North Dakota: alcohol,2.32,per capita,github.com/NickCH-K/causaldata
1995-12-31,North Dakota: alcohol,2.28,per capita,github.com/NickCH-K/causaldata
1996-12-31,North Dakota: alcohol,2.29,per capita,github.com/NickCH-K/causaldata
1997-12-31,North Dakota: alcohol,2.3,per capita,github.com/NickCH-K/causaldata
1998-12-31,North Dakota: alcohol,2.35,per capita,github.com/NickCH-K/causaldata
1999-12-31,North Dakota: alcohol,2.42,per capita,github.com/NickCH-K/causaldata
2000-12-31,North Dakota: alcohol,2.4,per capita,github.com/NickCH-K/causaldata
1985-12-31,North Dakota: black,0.5915459,percent of population,github.com/NickCH-K/causaldata
1986-12-31,North Dakota: black,0.5871549,percent of population,github.com/NickCH-K/causaldata
1987-12-31,North Dakota: black,0.58082277,percent of population,github.com/NickCH-K/causaldata
1988-12-31,North Dakota: black,0.5742789,percent of population,github.com/NickCH-K/causaldata
1989-12-31,North Dakota: black,0.56834066,percent of population,github.com/NickCH-K/causaldata
1990-12-31,North Dakota: black,0.54344416,percent of population,github.com/NickCH-K/causaldata
1991-12-31,North Dakota: black,0.55407184,percent of population,github.com/NickCH-K/causaldata
1992-12-31,North Dakota: black,0.5601935,percent of population,github.com/NickCH-K/causaldata
1993-12-31,North Dakota: black,0.5393224,percent of population,github.com/NickCH-K/causaldata
1994-12-31,North Dakota: black,0.5335028,percent of population,github.com/NickCH-K/causaldata
1995-12-31,North Dakota: black,0.5157331,percent of population,github.com/NickCH-K/causaldata
1996-12-31,North Dakota: black,0.551473,percent of population,github.com/NickCH-K/causaldata
1997-12-31,North Dakota: black,0.548189,percent of population,github.com/NickCH-K/causaldata
1998-12-31,North Dakota: black,0.5871867,percent of population,github.com/NickCH-K/causaldata
1999-12-31,North Dakota: black,0.63637525,percent of population,github.com/NickCH-K/causaldata
2000-12-31,North Dakota: black,0.7933877,percent of population,github.com/NickCH-K/causaldata
1985-12-31,North Dakota: bmprison,4.0,persons,github.com/NickCH-K/causaldata
1986-12-31,North Dakota: bmprison,6.0,persons,github.com/NickCH-K/causaldata
1987-12-31,North Dakota: bmprison,4.0,persons,github.com/NickCH-K/causaldata
1988-12-31,North Dakota: bmprison,7.0,persons,github.com/NickCH-K/causaldata
1989-12-31,North Dakota: bmprison,4.0,persons,github.com/NickCH-K/causaldata
1990-12-31,North Dakota: bmprison,5.0,persons,github.com/NickCH-K/causaldata
1991-12-31,North Dakota: bmprison,4.0,persons,github.com/NickCH-K/causaldata
1992-12-31,North Dakota: bmprison,7.0,persons,github.com/NickCH-K/causaldata
1993-12-31,North Dakota: bmprison,12.0,persons,github.com/NickCH-K/causaldata
1994-12-31,North Dakota: bmprison,18.0,persons,github.com/NickCH-K/causaldata
1995-12-31,North Dakota: bmprison,18.0,persons,github.com/NickCH-K/causaldata
1996-12-31,North Dakota: bmprison,22.0,persons,github.com/NickCH-K/causaldata
1997-12-31,North Dakota: bmprison,19.0,persons,github.com/NickCH-K/causaldata
1998-12-31,North Dakota: bmprison,30.0,persons,github.com/NickCH-K/causaldata
1999-12-31,North Dakota: bmprison,38.0,persons,github.com/NickCH-K/causaldata
2000-12-31,North Dakota: bmprison,45.0,persons,github.com/NickCH-K/causaldata
1985-12-31,North Dakota: income,12866.0,median income,github.com/NickCH-K/causaldata
1986-12-31,North Dakota: income,13137.0,median income,github.com/NickCH-K/causaldata
1987-12-31,North Dakota: income,13699.0,median income,github.com/NickCH-K/causaldata
1988-12-31,North Dakota: income,12731.0,median income,github.com/NickCH-K/causaldata
1989-12-31,North Dakota: income,14447.0,median income,github.com/NickCH-K/causaldata
1990-12-31,North Dakota: income,15943.0,median income,github.com/NickCH-K/causaldata
1991-12-31,North Dakota: income,16282.0,median income,github.com/NickCH-K/causaldata
1992-12-31,North Dakota: income,17669.0,median income,github.com/NickCH-K/causaldata
1993-12-31,North Dakota: income,17703.0,median income,github.com/NickCH-K/causaldata
1994-12-31,North Dakota: income,19006.0,median income,github.com/NickCH-K/causaldata
1995-12-31,North Dakota: income,18865.0,median income,github.com/NickCH-K/causaldata
1996-12-31,North Dakota: income,21068.0,median income,github.com/NickCH-K/causaldata
1997-12-31,North Dakota: income,20686.0,median income,github.com/NickCH-K/causaldata
1998-12-31,North Dakota: income,22872.0,median income,github.com/NickCH-K/causaldata
1999-12-31,North Dakota: income,23180.0,median income,github.com/NickCH-K/causaldata
2000-12-31,North Dakota: income,25106.0,median income,github.com/NickCH-K/causaldata
1985-12-31,North Dakota: perc1519,8.20785,percent of population,github.com/NickCH-K/causaldata
1986-12-31,North Dakota: perc1519,8.169815,percent of population,github.com/NickCH-K/causaldata
1987-12-31,North Dakota: perc1519,8.024426,percent of population,github.com/NickCH-K/causaldata
1988-12-31,North Dakota: perc1519,7.829088,percent of population,github.com/NickCH-K/causaldata
1989-12-31,North Dakota: perc1519,7.5638247,percent of population,github.com/NickCH-K/causaldata
1990-12-31,North Dakota: perc1519,7.274281,percent of population,github.com/NickCH-K/causaldata
1991-12-31,North Dakota: perc1519,7.1276107,percent of population,github.com/NickCH-K/causaldata
1992-12-31,North Dakota: perc1519,7.2059455,percent of population,github.com/NickCH-K/causaldata
1993-12-31,North Dakota: perc1519,7.38815,percent of population,github.com/NickCH-K/causaldata
1994-12-31,North Dakota: perc1519,7.6061873,percent of population,github.com/NickCH-K/causaldata
1995-12-31,North Dakota: perc1519,7.833667,percent of population,github.com/NickCH-K/causaldata
1996-12-31,North Dakota: perc1519,8.0358925,percent of population,github.com/NickCH-K/causaldata
1997-12-31,North Dakota: perc1519,8.225132,percent of population,github.com/NickCH-K/causaldata
1998-12-31,North Dakota: perc1519,8.3765745,percent of population,github.com/NickCH-K/causaldata
1999-12-31,North Dakota: perc1519,8.409351,percent of population,github.com/NickCH-K/causaldata
2000-12-31,North Dakota: perc1519,8.241373,percent of population,github.com/NickCH-K/causaldata
1985-12-31,North Dakota: poverty,15.9,rate,github.com/NickCH-K/causaldata
1986-12-31,North Dakota: poverty,13.5,rate,github.com/NickCH-K/causaldata
1987-12-31,North Dakota: poverty,11.4,rate,github.com/NickCH-K/causaldata
1988-12-31,North Dakota: poverty,11.6,rate,github.com/NickCH-K/causaldata
1989-12-31,North Dakota: poverty,12.2,rate,github.com/NickCH-K/causaldata
1990-12-31,North Dakota: poverty,13.7,rate,github.com/NickCH-K/causaldata
1991-12-31,North Dakota: poverty,14.5,rate,github.com/NickCH-K/causaldata
1992-12-31,North Dakota: poverty,12.1,rate,github.com/NickCH-K/causaldata
1993-12-31,North Dakota: poverty,11.2,rate,github.com/NickCH-K/causaldata
1994-12-31,North Dakota: poverty,10.4,rate,github.com/NickCH-K/causaldata
1995-12-31,North Dakota: poverty,12.0,rate,github.com/NickCH-K/causaldata
1996-12-31,North Dakota: poverty,11.0,rate,github.com/NickCH-K/causaldata
1997-12-31,North Dakota: poverty,13.6,rate,github.com/NickCH-K/causaldata
1998-12-31,North Dakota: poverty,15.1,rate,github.com/NickCH-K/causaldata
1999-12-31,North Dakota: poverty,13.1,rate,github.com/NickCH-K/causaldata
2000-12-31,North Dakota: poverty,10.4,rate,github.com/NickCH-K/causaldata
1985-12-31,North Dakota: ur,5.6916666,rate,github.com/NickCH-K/causaldata
1986-12-31,North Dakota: ur,5.85,rate,github.com/NickCH-K/causaldata
1987-12-31,North Dakota: ur,5.116667,rate,github.com/NickCH-K/causaldata
1988-12-31,North Dakota: ur,4.7166667,rate,github.com/NickCH-K/causaldata
1989-12-31,North Dakota: ur,4.358333,rate,github.com/NickCH-K/causaldata
1990-12-31,North Dakota: ur,4.05,rate,github.com/NickCH-K/causaldata
1991-12-31,North Dakota: ur,4.3416667,rate,github.com/NickCH-K/causaldata
1992-12-31,North Dakota: ur,4.75,rate,github.com/NickCH-K/causaldata
1993-12-31,North Dakota: ur,4.4416666,rate,github.com/NickCH-K/causaldata
1994-12-31,North Dakota: ur,3.7333333,rate,github.com/NickCH-K/causaldata
1995-12-31,North Dakota: ur,3.3,rate,github.com/NickCH-K/causaldata
1996-12-31,North Dakota: ur,3.1916666,rate,github.com/NickCH-K/causaldata
1997-12-31,North Dakota: ur,2.8916667,rate,github.com/NickCH-K/causaldata
1998-12-31,North Dakota: ur,3.0,rate,github.com/NickCH-K/causaldata
1999-12-31,North Dakota: ur,3.2166667,rate,github.com/NickCH-K/causaldata
2000-12-31,North Dakota: ur,2.925,rate,github.com/NickCH-K/causaldata
1985-12-31,North Dakota: wmprison,339.0,persons,github.com/NickCH-K/causaldata
1986-12-31,North Dakota: wmprison,332.0,persons,github.com/NickCH-K/causaldata
1987-12-31,North Dakota: wmprison,359.0,persons,github.com/NickCH-K/causaldata
1988-12-31,North Dakota: wmprison,376.0,persons,github.com/NickCH-K/causaldata
1989-12-31,North Dakota: wmprison,359.0,persons,github.com/NickCH-K/causaldata
1990-12-31,North Dakota: wmprison,374.0,persons,github.com/NickCH-K/causaldata
1991-12-31,North Dakota: wmprison,372.0,persons,github.com/NickCH-K/causaldata
1992-12-31,North Dakota: wmprison,367.0,persons,github.com/NickCH-K/causaldata
1993-12-31,North Dakota: wmprison,374.0,persons,github.com/NickCH-K/causaldata
1994-12-31,North Dakota: wmprison,411.0,persons,github.com/NickCH-K/causaldata
1995-12-31,North Dakota: wmprison,451.0,persons,github.com/NickCH-K/causaldata
1996-12-31,North Dakota: wmprison,496.0,persons,github.com/NickCH-K/causaldata
1997-12-31,North Dakota: wmprison,567.0,persons,github.com/NickCH-K/causaldata
1998-12-31,North Dakota: wmprison,649.0,persons,github.com/NickCH-K/causaldata
1999-12-31,North Dakota: wmprison,667.0,persons,github.com/NickCH-K/causaldata
2000-12-31,North Dakota: wmprison,721.0,persons,github.com/NickCH-K/causaldata
1985-12-31,Ohio: aidscapita,0.596042,"AIDS deaths per 100,000",github.com/NickCH-K/causaldata
1986-12-31,Ohio: aidscapita,1.2020599,"AIDS deaths per 100,000",github.com/NickCH-K/causaldata
1987-12-31,Ohio: aidscapita,1.7841291,"AIDS deaths per 100,000",github.com/NickCH-K/causaldata
1988-12-31,Ohio: aidscapita,2.4999788,"AIDS deaths per 100,000",github.com/NickCH-K/causaldata
1989-12-31,Ohio: aidscapita,3.776794,"AIDS deaths per 100,000",github.com/NickCH-K/causaldata
1990-12-31,Ohio: aidscapita,4.473424,"AIDS deaths per 100,000",github.com/NickCH-K/causaldata
1991-12-31,Ohio: aidscapita,4.942552,"AIDS deaths per 100,000",github.com/NickCH-K/causaldata
1992-12-31,Ohio: aidscapita,6.183456,"AIDS deaths per 100,000",github.com/NickCH-K/causaldata
1993-12-31,Ohio: aidscapita,6.8101115,"AIDS deaths per 100,000",github.com/NickCH-K/causaldata
1994-12-31,Ohio: aidscapita,7.576808,"AIDS deaths per 100,000",github.com/NickCH-K/causaldata
1995-12-31,Ohio: aidscapita,8.194416,"AIDS deaths per 100,000",github.com/NickCH-K/causaldata
1996-12-31,Ohio: aidscapita,6.208403,"AIDS deaths per 100,000",github.com/NickCH-K/causaldata
1997-12-31,Ohio: aidscapita,2.9262176,"AIDS deaths per 100,000",github.com/NickCH-K/causaldata
1998-12-31,Ohio: aidscapita,2.2454953,"AIDS deaths per 100,000",github.com/NickCH-K/causaldata
1999-12-31,Ohio: aidscapita,1.967279,"AIDS deaths per 100,000",github.com/NickCH-K/causaldata
2000-12-31,Ohio: aidscapita,1.3552082,"AIDS deaths per 100,000",github.com/NickCH-K/causaldata
1985-12-31,Ohio: alcohol,2.2,per capita,github.com/NickCH-K/causaldata
1986-12-31,Ohio: alcohol,2.17,per capita,github.com/NickCH-K/causaldata
1987-12-31,Ohio: alcohol,2.17,per capita,github.com/NickCH-K/causaldata
1988-12-31,Ohio: alcohol,2.11,per capita,github.com/NickCH-K/causaldata
1989-12-31,Ohio: alcohol,2.07,per capita,github.com/NickCH-K/causaldata
1990-12-31,Ohio: alcohol,2.09,per capita,github.com/NickCH-K/causaldata
1991-12-31,Ohio: alcohol,2.03,per capita,github.com/NickCH-K/causaldata
1992-12-31,Ohio: alcohol,1.98,per capita,github.com/NickCH-K/causaldata
1993-12-31,Ohio: alcohol,1.95,per capita,github.com/NickCH-K/causaldata
1994-12-31,Ohio: alcohol,1.85,per capita,github.com/NickCH-K/causaldata
1995-12-31,Ohio: alcohol,1.9,per capita,github.com/NickCH-K/causaldata
1996-12-31,Ohio: alcohol,1.93,per capita,github.com/NickCH-K/causaldata
1997-12-31,Ohio: alcohol,1.91,per capita,github.com/NickCH-K/causaldata
1998-12-31,Ohio: alcohol,1.97,per capita,github.com/NickCH-K/causaldata
1999-12-31,Ohio: alcohol,2.0,per capita,github.com/NickCH-K/causaldata
2000-12-31,Ohio: alcohol,1.99,per capita,github.com/NickCH-K/causaldata
1985-12-31,Ohio: black,10.954328,percent of population,github.com/NickCH-K/causaldata
1986-12-31,Ohio: black,10.938476,percent of population,github.com/NickCH-K/causaldata
1987-12-31,Ohio: black,10.9187155,percent of population,github.com/NickCH-K/causaldata
1988-12-31,Ohio: black,10.903028,percent of population,github.com/NickCH-K/causaldata
1989-12-31,Ohio: black,10.887298,percent of population,github.com/NickCH-K/causaldata
1990-12-31,Ohio: black,10.860348,percent of population,github.com/NickCH-K/causaldata
1991-12-31,Ohio: black,11.011151,percent of population,github.com/NickCH-K/causaldata
1992-12-31,Ohio: black,11.182008,percent of population,github.com/NickCH-K/causaldata
1993-12-31,Ohio: black,11.340651,percent of population,github.com/NickCH-K/causaldata
1994-12-31,Ohio: black,11.492277,percent of population,github.com/NickCH-K/causaldata
1995-12-31,Ohio: black,11.619752,percent of population,github.com/NickCH-K/causaldata
1996-12-31,Ohio: black,11.764244,percent of population,github.com/NickCH-K/causaldata
1997-12-31,Ohio: black,11.900041,percent of population,github.com/NickCH-K/causaldata
1998-12-31,Ohio: black,12.0168705,percent of population,github.com/NickCH-K/causaldata
1999-12-31,Ohio: black,12.128245,percent of population,github.com/NickCH-K/causaldata
2000-12-31,Ohio: black,12.24565,percent of population,github.com/NickCH-K/causaldata
1985-12-31,Ohio: bmprison,8904.0,persons,github.com/NickCH-K/causaldata
1986-12-31,Ohio: bmprison,10415.0,persons,github.com/NickCH-K/causaldata
1987-12-31,Ohio: bmprison,10576.0,persons,github.com/NickCH-K/causaldata
1988-12-31,Ohio: bmprison,12196.0,persons,github.com/NickCH-K/causaldata
1989-12-31,Ohio: bmprison,14557.0,persons,github.com/NickCH-K/causaldata
1990-12-31,Ohio: bmprison,15535.0,persons,github.com/NickCH-K/causaldata
1991-12-31,Ohio: bmprison,17896.0,persons,github.com/NickCH-K/causaldata
1992-12-31,Ohio: bmprison,19166.0,persons,github.com/NickCH-K/causaldata
1993-12-31,Ohio: bmprison,20665.0,persons,github.com/NickCH-K/causaldata
1994-12-31,Ohio: bmprison,21562.0,persons,github.com/NickCH-K/causaldata
1995-12-31,Ohio: bmprison,22739.0,persons,github.com/NickCH-K/causaldata
1996-12-31,Ohio: bmprison,23516.0,persons,github.com/NickCH-K/causaldata
1997-12-31,Ohio: bmprison,24344.0,persons,github.com/NickCH-K/causaldata
1998-12-31,Ohio: bmprison,24216.0,persons,github.com/NickCH-K/causaldata
1999-12-31,Ohio: bmprison,23111.0,persons,github.com/NickCH-K/causaldata
2000-12-31,Ohio: bmprison,22175.0,persons,github.com/NickCH-K/causaldata
1985-12-31,Ohio: income,14323.0,median income,github.com/NickCH-K/causaldata
1986-12-31,Ohio: income,14955.0,median income,github.com/NickCH-K/causaldata
1987-12-31,Ohio: income,15612.0,median income,github.com/NickCH-K/causaldata
1988-12-31,Ohio: income,16634.0,median income,github.com/NickCH-K/causaldata
1989-12-31,Ohio: income,17763.0,median income,github.com/NickCH-K/causaldata
1990-12-31,Ohio: income,18743.0,median income,github.com/NickCH-K/causaldata
1991-12-31,Ohio: income,19100.0,median income,github.com/NickCH-K/causaldata
1992-12-31,Ohio: income,20062.0,median income,github.com/NickCH-K/causaldata
1993-12-31,Ohio: income,20634.0,median income,github.com/NickCH-K/causaldata
1994-12-31,Ohio: income,21712.0,median income,github.com/NickCH-K/causaldata
1995-12-31,Ohio: income,22495.0,median income,github.com/NickCH-K/causaldata
1996-12-31,Ohio: income,23322.0,median income,github.com/NickCH-K/causaldata
1997-12-31,Ohio: income,24656.0,median income,github.com/NickCH-K/causaldata
1998-12-31,Ohio: income,26017.0,median income,github.com/NickCH-K/causaldata
1999-12-31,Ohio: income,26859.0,median income,github.com/NickCH-K/causaldata
2000-12-31,Ohio: income,28207.0,median income,github.com/NickCH-K/causaldata
1985-12-31,Ohio: perc1519,7.993845,percent of population,github.com/NickCH-K/causaldata
1986-12-31,Ohio: perc1519,7.9820967,percent of population,github.com/NickCH-K/causaldata
1987-12-31,Ohio: perc1519,7.8756385,percent of population,github.com/NickCH-K/causaldata
1988-12-31,Ohio: perc1519,7.7254896,percent of population,github.com/NickCH-K/causaldata
1989-12-31,Ohio: perc1519,7.5067797,percent of population,github.com/NickCH-K/causaldata
1990-12-31,Ohio: perc1519,7.2601275,percent of population,github.com/NickCH-K/causaldata
1991-12-31,Ohio: perc1519,6.977175,percent of population,github.com/NickCH-K/causaldata
1992-12-31,Ohio: perc1519,6.863337,percent of population,github.com/NickCH-K/causaldata
1993-12-31,Ohio: perc1519,6.859863,percent of population,github.com/NickCH-K/causaldata
1994-12-31,Ohio: perc1519,6.9353795,percent of population,github.com/NickCH-K/causaldata
1995-12-31,Ohio: perc1519,7.041065,percent of population,github.com/NickCH-K/causaldata
1996-12-31,Ohio: perc1519,7.154437,percent of population,github.com/NickCH-K/causaldata
1997-12-31,Ohio: perc1519,7.238478,percent of population,github.com/NickCH-K/causaldata
1998-12-31,Ohio: perc1519,7.2837234,percent of population,github.com/NickCH-K/causaldata
1999-12-31,Ohio: perc1519,7.2414303,percent of population,github.com/NickCH-K/causaldata
2000-12-31,Ohio: perc1519,7.1720257,percent of population,github.com/NickCH-K/causaldata
1985-12-31,Ohio: poverty,12.8,rate,github.com/NickCH-K/causaldata
1986-12-31,Ohio: poverty,12.8,rate,github.com/NickCH-K/causaldata
1987-12-31,Ohio: poverty,12.7,rate,github.com/NickCH-K/causaldata
1988-12-31,Ohio: poverty,12.4,rate,github.com/NickCH-K/causaldata
1989-12-31,Ohio: poverty,10.6,rate,github.com/NickCH-K/causaldata
1990-12-31,Ohio: poverty,11.5,rate,github.com/NickCH-K/causaldata
1991-12-31,Ohio: poverty,13.4,rate,github.com/NickCH-K/causaldata
1992-12-31,Ohio: poverty,12.5,rate,github.com/NickCH-K/causaldata
1993-12-31,Ohio: poverty,13.0,rate,github.com/NickCH-K/causaldata
1994-12-31,Ohio: poverty,14.1,rate,github.com/NickCH-K/causaldata
1995-12-31,Ohio: poverty,11.5,rate,github.com/NickCH-K/causaldata
1996-12-31,Ohio: poverty,12.7,rate,github.com/NickCH-K/causaldata
1997-12-31,Ohio: poverty,11.0,rate,github.com/NickCH-K/causaldata
1998-12-31,Ohio: poverty,11.2,rate,github.com/NickCH-K/causaldata
1999-12-31,Ohio: poverty,12.0,rate,github.com/NickCH-K/causaldata
2000-12-31,Ohio: poverty,10.0,rate,github.com/NickCH-K/causaldata
1985-12-31,Ohio: ur,8.916667,rate,github.com/NickCH-K/causaldata
1986-12-31,Ohio: ur,8.241667,rate,github.com/NickCH-K/causaldata
1987-12-31,Ohio: ur,7.0416665,rate,github.com/NickCH-K/causaldata
1988-12-31,Ohio: ur,6.0583334,rate,github.com/NickCH-K/causaldata
1989-12-31,Ohio: ur,5.5416665,rate,github.com/NickCH-K/causaldata
1990-12-31,Ohio: ur,5.75,rate,github.com/NickCH-K/causaldata
1991-12-31,Ohio: ur,6.5833335,rate,github.com/NickCH-K/causaldata
1992-12-31,Ohio: ur,7.3333335,rate,github.com/NickCH-K/causaldata
1993-12-31,Ohio: ur,6.741667,rate,github.com/NickCH-K/causaldata
1994-12-31,Ohio: ur,5.633333,rate,github.com/NickCH-K/causaldata
1995-12-31,Ohio: ur,4.883333,rate,github.com/NickCH-K/causaldata
1996-12-31,Ohio: ur,4.991667,rate,github.com/NickCH-K/causaldata
1997-12-31,Ohio: ur,4.616667,rate,github.com/NickCH-K/causaldata
1998-12-31,Ohio: ur,4.3166666,rate,github.com/NickCH-K/causaldata
1999-12-31,Ohio: ur,4.2833333,rate,github.com/NickCH-K/causaldata
2000-12-31,Ohio: ur,4.025,rate,github.com/NickCH-K/causaldata
1985-12-31,Ohio: wmprison,10523.0,persons,github.com/NickCH-K/causaldata
1986-12-31,Ohio: wmprison,10607.0,persons,github.com/NickCH-K/causaldata
1987-12-31,Ohio: wmprison,11585.0,persons,github.com/NickCH-K/causaldata
1988-12-31,Ohio: wmprison,12689.0,persons,github.com/NickCH-K/causaldata
1989-12-31,Ohio: wmprison,13986.0,persons,github.com/NickCH-K/causaldata
1990-12-31,Ohio: wmprison,14340.0,persons,github.com/NickCH-K/causaldata
1991-12-31,Ohio: wmprison,15555.0,persons,github.com/NickCH-K/causaldata
1992-12-31,Ohio: wmprison,16793.0,persons,github.com/NickCH-K/causaldata
1993-12-31,Ohio: wmprison,17392.0,persons,github.com/NickCH-K/causaldata
1994-12-31,Ohio: wmprison,17615.0,persons,github.com/NickCH-K/causaldata
1995-12-31,Ohio: wmprison,18583.0,persons,github.com/NickCH-K/causaldata
1996-12-31,Ohio: wmprison,19535.0,persons,github.com/NickCH-K/causaldata
1997-12-31,Ohio: wmprison,20599.0,persons,github.com/NickCH-K/causaldata
1998-12-31,Ohio: wmprison,21109.0,persons,github.com/NickCH-K/causaldata
1999-12-31,Ohio: wmprison,20592.0,persons,github.com/NickCH-K/causaldata
2000-12-31,Ohio: wmprison,19797.0,persons,github.com/NickCH-K/causaldata
1985-12-31,Oklahoma: aidscapita,0.36672777,"AIDS deaths per 100,000",github.com/NickCH-K/causaldata
1986-12-31,Oklahoma: aidscapita,1.2910397,"AIDS deaths per 100,000",github.com/NickCH-K/causaldata
1987-12-31,Oklahoma: aidscapita,2.1802893,"AIDS deaths per 100,000",github.com/NickCH-K/causaldata
1988-12-31,Oklahoma: aidscapita,3.0622814,"AIDS deaths per 100,000",github.com/NickCH-K/causaldata
1989-12-31,Oklahoma: aidscapita,4.316875,"AIDS deaths per 100,000",github.com/NickCH-K/causaldata
1990-12-31,Oklahoma: aidscapita,4.065008,"AIDS deaths per 100,000",github.com/NickCH-K/causaldata
1991-12-31,Oklahoma: aidscapita,5.8889475,"AIDS deaths per 100,000",github.com/NickCH-K/causaldata
1992-12-31,Oklahoma: aidscapita,6.9554048,"AIDS deaths per 100,000",github.com/NickCH-K/causaldata
1993-12-31,Oklahoma: aidscapita,7.8098936,"AIDS deaths per 100,000",github.com/NickCH-K/causaldata
1994-12-31,Oklahoma: aidscapita,8.960847,"AIDS deaths per 100,000",github.com/NickCH-K/causaldata
1995-12-31,Oklahoma: aidscapita,8.070835,"AIDS deaths per 100,000",github.com/NickCH-K/causaldata
1996-12-31,Oklahoma: aidscapita,5.3291354,"AIDS deaths per 100,000",github.com/NickCH-K/causaldata
1997-12-31,Oklahoma: aidscapita,3.29092,"AIDS deaths per 100,000",github.com/NickCH-K/causaldata
1998-12-31,Oklahoma: aidscapita,2.8485894,"AIDS deaths per 100,000",github.com/NickCH-K/causaldata
1999-12-31,Oklahoma: aidscapita,2.8512018,"AIDS deaths per 100,000",github.com/NickCH-K/causaldata
2000-12-31,Oklahoma: aidscapita,2.4027271,"AIDS deaths per 100,000",github.com/NickCH-K/causaldata
1985-12-31,Oklahoma: alcohol,1.87,per capita,github.com/NickCH-K/causaldata
1986-12-31,Oklahoma: alcohol,1.8,per capita,github.com/NickCH-K/causaldata
1987-12-31,Oklahoma: alcohol,1.76,per capita,github.com/NickCH-K/causaldata
1988-12-31,Oklahoma: alcohol,1.69,per capita,github.com/NickCH-K/causaldata
1989-12-31,Oklahoma: alcohol,1.7,per capita,github.com/NickCH-K/causaldata
1990-12-31,Oklahoma: alcohol,1.81,per capita,github.com/NickCH-K/causaldata
1991-12-31,Oklahoma: alcohol,1.76,per capita,github.com/NickCH-K/causaldata
1992-12-31,Oklahoma: alcohol,1.81,per capita,github.com/NickCH-K/causaldata
1993-12-31,Oklahoma: alcohol,1.7,per capita,github.com/NickCH-K/causaldata
1994-12-31,Oklahoma: alcohol,1.78,per capita,github.com/NickCH-K/causaldata
1995-12-31,Oklahoma: alcohol,1.66,per capita,github.com/NickCH-K/causaldata
1996-12-31,Oklahoma: alcohol,1.66,per capita,github.com/NickCH-K/causaldata
1997-12-31,Oklahoma: alcohol,1.65,per capita,github.com/NickCH-K/causaldata
1998-12-31,Oklahoma: alcohol,1.68,per capita,github.com/NickCH-K/causaldata
1999-12-31,Oklahoma: alcohol,1.68,per capita,github.com/NickCH-K/causaldata
2000-12-31,Oklahoma: alcohol,1.69,per capita,github.com/NickCH-K/causaldata
1985-12-31,Oklahoma: black,8.468095,percent of population,github.com/NickCH-K/causaldata
1986-12-31,Oklahoma: black,8.450868,percent of population,github.com/NickCH-K/causaldata
1987-12-31,Oklahoma: black,8.426729,percent of population,github.com/NickCH-K/causaldata
1988-12-31,Oklahoma: black,8.405215,percent of population,github.com/NickCH-K/causaldata
1989-12-31,Oklahoma: black,8.385308,percent of population,github.com/NickCH-K/causaldata
1990-12-31,Oklahoma: black,8.349623,percent of population,github.com/NickCH-K/causaldata
1991-12-31,Oklahoma: black,8.449389,percent of population,github.com/NickCH-K/causaldata
1992-12-31,Oklahoma: black,8.5989065,percent of population,github.com/NickCH-K/causaldata
1993-12-31,Oklahoma: black,8.647824,percent of population,github.com/NickCH-K/causaldata
1994-12-31,Oklahoma: black,8.718068,percent of population,github.com/NickCH-K/causaldata
1995-12-31,Oklahoma: black,8.770981,percent of population,github.com/NickCH-K/causaldata
1996-12-31,Oklahoma: black,8.8708105,percent of population,github.com/NickCH-K/causaldata
1997-12-31,Oklahoma: black,8.994972,percent of population,github.com/NickCH-K/causaldata
1998-12-31,Oklahoma: black,9.158192,percent of population,github.com/NickCH-K/causaldata
1999-12-31,Oklahoma: black,9.307943,percent of population,github.com/NickCH-K/causaldata
2000-12-31,Oklahoma: black,9.397414,percent of population,github.com/NickCH-K/causaldata
1985-12-31,Oklahoma: bmprison,2271.0,persons,github.com/NickCH-K/causaldata
1986-12-31,Oklahoma: bmprison,2621.0,persons,github.com/NickCH-K/causaldata
1987-12-31,Oklahoma: bmprison,2675.0,persons,github.com/NickCH-K/causaldata
1988-12-31,Oklahoma: bmprison,3003.0,persons,github.com/NickCH-K/causaldata
1989-12-31,Oklahoma: bmprison,3457.0,persons,github.com/NickCH-K/causaldata
1990-12-31,Oklahoma: bmprison,3793.0,persons,github.com/NickCH-K/causaldata
1991-12-31,Oklahoma: bmprison,4090.0,persons,github.com/NickCH-K/causaldata
1992-12-31,Oklahoma: bmprison,4644.0,persons,github.com/NickCH-K/causaldata
1993-12-31,Oklahoma: bmprison,5066.0,persons,github.com/NickCH-K/causaldata
1994-12-31,Oklahoma: bmprison,5334.0,persons,github.com/NickCH-K/causaldata
1995-12-31,Oklahoma: bmprison,5796.0,persons,github.com/NickCH-K/causaldata
1996-12-31,Oklahoma: bmprison,6123.0,persons,github.com/NickCH-K/causaldata
1997-12-31,Oklahoma: bmprison,6310.0,persons,github.com/NickCH-K/causaldata
1998-12-31,Oklahoma: bmprison,6338.0,persons,github.com/NickCH-K/causaldata
1999-12-31,Oklahoma: bmprison,6593.0,persons,github.com/NickCH-K/causaldata
2000-12-31,Oklahoma: bmprison,6575.0,persons,github.com/NickCH-K/causaldata
1985-12-31,Oklahoma: income,13332.0,median income,github.com/NickCH-K/causaldata
1986-12-31,Oklahoma: income,13309.0,median income,github.com/NickCH-K/causaldata
1987-12-31,Oklahoma: income,13448.0,median income,github.com/NickCH-K/causaldata
1988-12-31,Oklahoma: income,14216.0,median income,github.com/NickCH-K/causaldata
1989-12-31,Oklahoma: income,15272.0,median income,github.com/NickCH-K/causaldata
1990-12-31,Oklahoma: income,16187.0,median income,github.com/NickCH-K/causaldata
1991-12-31,Oklahoma: income,16554.0,median income,github.com/NickCH-K/causaldata
1992-12-31,Oklahoma: income,17376.0,median income,github.com/NickCH-K/causaldata
1993-12-31,Oklahoma: income,17814.0,median income,github.com/NickCH-K/causaldata
1994-12-31,Oklahoma: income,18374.0,median income,github.com/NickCH-K/causaldata
1995-12-31,Oklahoma: income,18861.0,median income,github.com/NickCH-K/causaldata
1996-12-31,Oklahoma: income,19743.0,median income,github.com/NickCH-K/causaldata
1997-12-31,Oklahoma: income,20671.0,median income,github.com/NickCH-K/causaldata
1998-12-31,Oklahoma: income,21766.0,median income,github.com/NickCH-K/causaldata
1999-12-31,Oklahoma: income,22567.0,median income,github.com/NickCH-K/causaldata
2000-12-31,Oklahoma: income,24407.0,median income,github.com/NickCH-K/causaldata
1985-12-31,Oklahoma: perc1519,7.974312,percent of population,github.com/NickCH-K/causaldata
1986-12-31,Oklahoma: perc1519,7.9806232,percent of population,github.com/NickCH-K/causaldata
1987-12-31,Oklahoma: perc1519,7.904172,percent of population,github.com/NickCH-K/causaldata
1988-12-31,Oklahoma: perc1519,7.780878,percent of population,github.com/NickCH-K/causaldata
1989-12-31,Oklahoma: perc1519,7.5916376,percent of population,github.com/NickCH-K/causaldata
1990-12-31,Oklahoma: perc1519,7.4090495,percent of population,github.com/NickCH-K/causaldata
1991-12-31,Oklahoma: perc1519,7.2416105,percent of population,github.com/NickCH-K/causaldata
1992-12-31,Oklahoma: perc1519,7.2167296,percent of population,github.com/NickCH-K/causaldata
1993-12-31,Oklahoma: perc1519,7.261264,percent of population,github.com/NickCH-K/causaldata
1994-12-31,Oklahoma: perc1519,7.368498,percent of population,github.com/NickCH-K/causaldata
1995-12-31,Oklahoma: perc1519,7.496022,percent of population,github.com/NickCH-K/causaldata
1996-12-31,Oklahoma: perc1519,7.6344357,percent of population,github.com/NickCH-K/causaldata
1997-12-31,Oklahoma: perc1519,7.7548604,percent of population,github.com/NickCH-K/causaldata
1998-12-31,Oklahoma: perc1519,7.8722973,percent of population,github.com/NickCH-K/causaldata
1999-12-31,Oklahoma: perc1519,7.8654766,percent of population,github.com/NickCH-K/causaldata
2000-12-31,Oklahoma: perc1519,7.7529635,percent of population,github.com/NickCH-K/causaldata
1985-12-31,Oklahoma: poverty,16.0,rate,github.com/NickCH-K/causaldata
1986-12-31,Oklahoma: poverty,14.7,rate,github.com/NickCH-K/causaldata
1987-12-31,Oklahoma: poverty,17.0,rate,github.com/NickCH-K/causaldata
1988-12-31,Oklahoma: poverty,17.3,rate,github.com/NickCH-K/causaldata
1989-12-31,Oklahoma: poverty,14.7,rate,github.com/NickCH-K/causaldata
1990-12-31,Oklahoma: poverty,15.6,rate,github.com/NickCH-K/causaldata
1991-12-31,Oklahoma: poverty,17.0,rate,github.com/NickCH-K/causaldata
1992-12-31,Oklahoma: poverty,18.6,rate,github.com/NickCH-K/causaldata
1993-12-31,Oklahoma: poverty,19.9,rate,github.com/NickCH-K/causaldata
1994-12-31,Oklahoma: poverty,16.7,rate,github.com/NickCH-K/causaldata
1995-12-31,Oklahoma: poverty,17.1,rate,github.com/NickCH-K/causaldata
1996-12-31,Oklahoma: poverty,16.6,rate,github.com/NickCH-K/causaldata
1997-12-31,Oklahoma: poverty,13.7,rate,github.com/NickCH-K/causaldata
1998-12-31,Oklahoma: poverty,14.1,rate,github.com/NickCH-K/causaldata
1999-12-31,Oklahoma: poverty,12.8,rate,github.com/NickCH-K/causaldata
2000-12-31,Oklahoma: poverty,14.9,rate,github.com/NickCH-K/causaldata
1985-12-31,Oklahoma: ur,7.391667,rate,github.com/NickCH-K/causaldata
1986-12-31,Oklahoma: ur,8.55,rate,github.com/NickCH-K/causaldata
1987-12-31,Oklahoma: ur,7.508333,rate,github.com/NickCH-K/causaldata
1988-12-31,Oklahoma: ur,6.525,rate,github.com/NickCH-K/causaldata
1989-12-31,Oklahoma: ur,5.725,rate,github.com/NickCH-K/causaldata
1990-12-31,Oklahoma: ur,5.6666665,rate,github.com/NickCH-K/causaldata
1991-12-31,Oklahoma: ur,6.1916666,rate,github.com/NickCH-K/causaldata
1992-12-31,Oklahoma: ur,6.2166667,rate,github.com/NickCH-K/causaldata
1993-12-31,Oklahoma: ur,6.0166664,rate,github.com/NickCH-K/causaldata
1994-12-31,Oklahoma: ur,5.5916667,rate,github.com/NickCH-K/causaldata
1995-12-31,Oklahoma: ur,4.633333,rate,github.com/NickCH-K/causaldata
1996-12-31,Oklahoma: ur,4.175,rate,github.com/NickCH-K/causaldata
1997-12-31,Oklahoma: ur,4.1916666,rate,github.com/NickCH-K/causaldata
1998-12-31,Oklahoma: ur,4.3416667,rate,github.com/NickCH-K/causaldata
1999-12-31,Oklahoma: ur,3.6083333,rate,github.com/NickCH-K/causaldata
2000-12-31,Oklahoma: ur,3.1,rate,github.com/NickCH-K/causaldata
1985-12-31,Oklahoma: wmprison,4952.0,persons,github.com/NickCH-K/causaldata
1986-12-31,Oklahoma: wmprison,5571.0,persons,github.com/NickCH-K/causaldata
1987-12-31,Oklahoma: wmprison,5559.0,persons,github.com/NickCH-K/causaldata
1988-12-31,Oklahoma: wmprison,5791.0,persons,github.com/NickCH-K/causaldata
1989-12-31,Oklahoma: wmprison,6230.0,persons,github.com/NickCH-K/causaldata
1990-12-31,Oklahoma: wmprison,6413.0,persons,github.com/NickCH-K/causaldata
1991-12-31,Oklahoma: wmprison,6927.0,persons,github.com/NickCH-K/causaldata
1992-12-31,Oklahoma: wmprison,7489.0,persons,github.com/NickCH-K/causaldata
1993-12-31,Oklahoma: wmprison,8310.0,persons,github.com/NickCH-K/causaldata
1994-12-31,Oklahoma: wmprison,8158.0,persons,github.com/NickCH-K/causaldata
1995-12-31,Oklahoma: wmprison,8853.0,persons,github.com/NickCH-K/causaldata
1996-12-31,Oklahoma: wmprison,9587.0,persons,github.com/NickCH-K/causaldata
1997-12-31,Oklahoma: wmprison,10102.0,persons,github.com/NickCH-K/causaldata
1998-12-31,Oklahoma: wmprison,10273.0,persons,github.com/NickCH-K/causaldata
1999-12-31,Oklahoma: wmprison,10984.0,persons,github.com/NickCH-K/causaldata
2000-12-31,Oklahoma: wmprison,11666.0,persons,github.com/NickCH-K/causaldata
1985-12-31,Oregon: aidscapita,0.89775103,"AIDS deaths per 100,000",github.com/NickCH-K/causaldata
1986-12-31,Oregon: aidscapita,2.4963849,"AIDS deaths per 100,000",github.com/NickCH-K/causaldata
1987-12-31,Oregon: aidscapita,2.776338,"AIDS deaths per 100,000",github.com/NickCH-K/causaldata
1988-12-31,Oregon: aidscapita,4.230891,"AIDS deaths per 100,000",github.com/NickCH-K/causaldata
1989-12-31,Oregon: aidscapita,5.303399,"AIDS deaths per 100,000",github.com/NickCH-K/causaldata
1990-12-31,Oregon: aidscapita,7.4116154,"AIDS deaths per 100,000",github.com/NickCH-K/causaldata
1991-12-31,Oregon: aidscapita,8.024567,"AIDS deaths per 100,000",github.com/NickCH-K/causaldata
1992-12-31,Oregon: aidscapita,9.125079,"AIDS deaths per 100,000",github.com/NickCH-K/causaldata
1993-12-31,Oregon: aidscapita,10.979075,"AIDS deaths per 100,000",github.com/NickCH-K/causaldata
1994-12-31,Oregon: aidscapita,11.565827,"AIDS deaths per 100,000",github.com/NickCH-K/causaldata
1995-12-31,Oregon: aidscapita,11.399433,"AIDS deaths per 100,000",github.com/NickCH-K/causaldata
1996-12-31,Oregon: aidscapita,7.606762,"AIDS deaths per 100,000",github.com/NickCH-K/causaldata
1997-12-31,Oregon: aidscapita,3.6921475,"AIDS deaths per 100,000",github.com/NickCH-K/causaldata
1998-12-31,Oregon: aidscapita,2.5951178,"AIDS deaths per 100,000",github.com/NickCH-K/causaldata
1999-12-31,Oregon: aidscapita,2.5339274,"AIDS deaths per 100,000",github.com/NickCH-K/causaldata
2000-12-31,Oregon: aidscapita,2.3315885,"AIDS deaths per 100,000",github.com/NickCH-K/causaldata
1985-12-31,Oregon: alcohol,2.57,per capita,github.com/NickCH-K/causaldata
1986-12-31,Oregon: alcohol,2.54,per capita,github.com/NickCH-K/causaldata
1987-12-31,Oregon: alcohol,2.5,per capita,github.com/NickCH-K/causaldata
1988-12-31,Oregon: alcohol,2.48,per capita,github.com/NickCH-K/causaldata
1989-12-31,Oregon: alcohol,2.41,per capita,github.com/NickCH-K/causaldata
1990-12-31,Oregon: alcohol,2.51,per capita,github.com/NickCH-K/causaldata
1991-12-31,Oregon: alcohol,2.38,per capita,github.com/NickCH-K/causaldata
1992-12-31,Oregon: alcohol,2.41,per capita,github.com/NickCH-K/causaldata
1993-12-31,Oregon: alcohol,2.31,per capita,github.com/NickCH-K/causaldata
1994-12-31,Oregon: alcohol,2.21,per capita,github.com/NickCH-K/causaldata
1995-12-31,Oregon: alcohol,2.23,per capita,github.com/NickCH-K/causaldata
1996-12-31,Oregon: alcohol,2.27,per capita,github.com/NickCH-K/causaldata
1997-12-31,Oregon: alcohol,2.24,per capita,github.com/NickCH-K/causaldata
1998-12-31,Oregon: alcohol,2.25,per capita,github.com/NickCH-K/causaldata
1999-12-31,Oregon: alcohol,2.27,per capita,github.com/NickCH-K/causaldata
2000-12-31,Oregon: alcohol,2.28,per capita,github.com/NickCH-K/causaldata
1985-12-31,Oregon: black,1.6893691,percent of population,github.com/NickCH-K/causaldata
1986-12-31,Oregon: black,1.6833109,percent of population,github.com/NickCH-K/causaldata
1987-12-31,Oregon: black,1.6758839,percent of population,github.com/NickCH-K/causaldata
1988-12-31,Oregon: black,1.6694033,percent of population,github.com/NickCH-K/causaldata
1989-12-31,Oregon: black,1.6631747,percent of population,github.com/NickCH-K/causaldata
1990-12-31,Oregon: black,1.7228905,percent of population,github.com/NickCH-K/causaldata
1991-12-31,Oregon: black,1.764278,percent of population,github.com/NickCH-K/causaldata
1992-12-31,Oregon: black,1.7853935,percent of population,github.com/NickCH-K/causaldata
1993-12-31,Oregon: black,1.8120908,percent of population,github.com/NickCH-K/causaldata
1994-12-31,Oregon: black,1.8581886,percent of population,github.com/NickCH-K/causaldata
1995-12-31,Oregon: black,1.9098966,percent of population,github.com/NickCH-K/causaldata
1996-12-31,Oregon: black,1.9615129,percent of population,github.com/NickCH-K/causaldata
1997-12-31,Oregon: black,1.9834621,percent of population,github.com/NickCH-K/causaldata
1998-12-31,Oregon: black,2.0413425,percent of population,github.com/NickCH-K/causaldata
1999-12-31,Oregon: black,2.090208,percent of population,github.com/NickCH-K/causaldata
2000-12-31,Oregon: black,2.1730313,percent of population,github.com/NickCH-K/causaldata
1985-12-31,Oregon: bmprison,462.0,persons,github.com/NickCH-K/causaldata
1986-12-31,Oregon: bmprison,529.0,persons,github.com/NickCH-K/causaldata
1987-12-31,Oregon: bmprison,670.0,persons,github.com/NickCH-K/causaldata
1988-12-31,Oregon: bmprison,703.0,persons,github.com/NickCH-K/causaldata
1989-12-31,Oregon: bmprison,872.0,persons,github.com/NickCH-K/causaldata
1990-12-31,Oregon: bmprison,811.0,persons,github.com/NickCH-K/causaldata
1991-12-31,Oregon: bmprison,849.0,persons,github.com/NickCH-K/causaldata
1992-12-31,Oregon: bmprison,855.0,persons,github.com/NickCH-K/causaldata
1993-12-31,Oregon: bmprison,817.0,persons,github.com/NickCH-K/causaldata
1994-12-31,Oregon: bmprison,823.0,persons,github.com/NickCH-K/causaldata
1995-12-31,Oregon: bmprison,938.0,persons,github.com/NickCH-K/causaldata
1996-12-31,Oregon: bmprison,981.0,persons,github.com/NickCH-K/causaldata
1997-12-31,Oregon: bmprison,940.0,persons,github.com/NickCH-K/causaldata
1998-12-31,Oregon: bmprison,1046.0,persons,github.com/NickCH-K/causaldata
1999-12-31,Oregon: bmprison,1043.0,persons,github.com/NickCH-K/causaldata
2000-12-31,Oregon: bmprison,1040.0,persons,github.com/NickCH-K/causaldata
1985-12-31,Oregon: income,13543.0,median income,github.com/NickCH-K/causaldata
1986-12-31,Oregon: income,14148.0,median income,github.com/NickCH-K/causaldata
1987-12-31,Oregon: income,14809.0,median income,github.com/NickCH-K/causaldata
1988-12-31,Oregon: income,15849.0,median income,github.com/NickCH-K/causaldata
1989-12-31,Oregon: income,17050.0,median income,github.com/NickCH-K/causaldata
1990-12-31,Oregon: income,18010.0,median income,github.com/NickCH-K/causaldata
1991-12-31,Oregon: income,18527.0,median income,github.com/NickCH-K/causaldata
1992-12-31,Oregon: income,19235.0,median income,github.com/NickCH-K/causaldata
1993-12-31,Oregon: income,20046.0,median income,github.com/NickCH-K/causaldata
1994-12-31,Oregon: income,21060.0,median income,github.com/NickCH-K/causaldata
1995-12-31,Oregon: income,22293.0,median income,github.com/NickCH-K/causaldata
1996-12-31,Oregon: income,23398.0,median income,github.com/NickCH-K/causaldata
1997-12-31,Oregon: income,24469.0,median income,github.com/NickCH-K/causaldata
1998-12-31,Oregon: income,25542.0,median income,github.com/NickCH-K/causaldata
1999-12-31,Oregon: income,26480.0,median income,github.com/NickCH-K/causaldata
2000-12-31,Oregon: income,28097.0,median income,github.com/NickCH-K/causaldata
1985-12-31,Oregon: perc1519,7.2928057,percent of population,github.com/NickCH-K/causaldata
1986-12-31,Oregon: perc1519,7.286873,percent of population,github.com/NickCH-K/causaldata
1987-12-31,Oregon: perc1519,7.1942697,percent of population,github.com/NickCH-K/causaldata
1988-12-31,Oregon: perc1519,7.0610294,percent of population,github.com/NickCH-K/causaldata
1989-12-31,Oregon: perc1519,6.867974,percent of population,github.com/NickCH-K/causaldata
1990-12-31,Oregon: perc1519,6.714609,percent of population,github.com/NickCH-K/causaldata
1991-12-31,Oregon: perc1519,6.5834227,percent of population,github.com/NickCH-K/causaldata
1992-12-31,Oregon: perc1519,6.6447287,percent of population,github.com/NickCH-K/causaldata
1993-12-31,Oregon: perc1519,6.734323,percent of population,github.com/NickCH-K/causaldata
1994-12-31,Oregon: perc1519,6.877278,percent of population,github.com/NickCH-K/causaldata
1995-12-31,Oregon: perc1519,7.0218935,percent of population,github.com/NickCH-K/causaldata
1996-12-31,Oregon: perc1519,7.1363745,percent of population,github.com/NickCH-K/causaldata
1997-12-31,Oregon: perc1519,7.216272,percent of population,github.com/NickCH-K/causaldata
1998-12-31,Oregon: perc1519,7.251803,percent of population,github.com/NickCH-K/causaldata
1999-12-31,Oregon: perc1519,7.207285,percent of population,github.com/NickCH-K/causaldata
2000-12-31,Oregon: perc1519,7.1357102,percent of population,github.com/NickCH-K/causaldata
1985-12-31,Oregon: poverty,11.9,rate,github.com/NickCH-K/causaldata
1986-12-31,Oregon: poverty,12.3,rate,github.com/NickCH-K/causaldata
1987-12-31,Oregon: poverty,14.2,rate,github.com/NickCH-K/causaldata
1988-12-31,Oregon: poverty,10.4,rate,github.com/NickCH-K/causaldata
1989-12-31,Oregon: poverty,11.2,rate,github.com/NickCH-K/causaldata
1990-12-31,Oregon: poverty,9.2,rate,github.com/NickCH-K/causaldata
1991-12-31,Oregon: poverty,13.5,rate,github.com/NickCH-K/causaldata
1992-12-31,Oregon: poverty,11.4,rate,github.com/NickCH-K/causaldata
1993-12-31,Oregon: poverty,11.8,rate,github.com/NickCH-K/causaldata
1994-12-31,Oregon: poverty,11.8,rate,github.com/NickCH-K/causaldata
1995-12-31,Oregon: poverty,11.2,rate,github.com/NickCH-K/causaldata
1996-12-31,Oregon: poverty,11.8,rate,github.com/NickCH-K/causaldata
1997-12-31,Oregon: poverty,11.6,rate,github.com/NickCH-K/causaldata
1998-12-31,Oregon: poverty,15.0,rate,github.com/NickCH-K/causaldata
1999-12-31,Oregon: poverty,12.6,rate,github.com/NickCH-K/causaldata
2000-12-31,Oregon: poverty,10.9,rate,github.com/NickCH-K/causaldata
1985-12-31,Oregon: ur,8.716666,rate,github.com/NickCH-K/causaldata
1986-12-31,Oregon: ur,7.9583335,rate,github.com/NickCH-K/causaldata
1987-12-31,Oregon: ur,6.2833333,rate,github.com/NickCH-K/causaldata
1988-12-31,Oregon: ur,5.766667,rate,github.com/NickCH-K/causaldata
1989-12-31,Oregon: ur,5.4166665,rate,github.com/NickCH-K/causaldata
1990-12-31,Oregon: ur,5.3916664,rate,github.com/NickCH-K/causaldata
1991-12-31,Oregon: ur,6.375,rate,github.com/NickCH-K/causaldata
1992-12-31,Oregon: ur,7.325,rate,github.com/NickCH-K/causaldata
1993-12-31,Oregon: ur,6.9416666,rate,github.com/NickCH-K/causaldata
1994-12-31,Oregon: ur,5.4833336,rate,github.com/NickCH-K/causaldata
1995-12-31,Oregon: ur,4.9166665,rate,github.com/NickCH-K/causaldata
1996-12-31,Oregon: ur,5.6416664,rate,github.com/NickCH-K/causaldata
1997-12-31,Oregon: ur,5.608333,rate,github.com/NickCH-K/causaldata
1998-12-31,Oregon: ur,5.6833334,rate,github.com/NickCH-K/causaldata
1999-12-31,Oregon: ur,5.475,rate,github.com/NickCH-K/causaldata
2000-12-31,Oregon: ur,5.15,rate,github.com/NickCH-K/causaldata
1985-12-31,Oregon: wmprison,3582.0,persons,github.com/NickCH-K/causaldata
1986-12-31,Oregon: wmprison,3862.0,persons,github.com/NickCH-K/causaldata
1987-12-31,Oregon: wmprison,4361.0,persons,github.com/NickCH-K/causaldata
1988-12-31,Oregon: wmprison,4485.0,persons,github.com/NickCH-K/causaldata
1989-12-31,Oregon: wmprison,4903.0,persons,github.com/NickCH-K/causaldata
1990-12-31,Oregon: wmprison,4601.0,persons,github.com/NickCH-K/causaldata
1991-12-31,Oregon: wmprison,4698.0,persons,github.com/NickCH-K/causaldata
1992-12-31,Oregon: wmprison,4546.0,persons,github.com/NickCH-K/causaldata
1993-12-31,Oregon: wmprison,4561.0,persons,github.com/NickCH-K/causaldata
1994-12-31,Oregon: wmprison,4913.0,persons,github.com/NickCH-K/causaldata
1995-12-31,Oregon: wmprison,5600.0,persons,github.com/NickCH-K/causaldata
1996-12-31,Oregon: wmprison,5988.0,persons,github.com/NickCH-K/causaldata
1997-12-31,Oregon: wmprison,5495.0,persons,github.com/NickCH-K/causaldata
1998-12-31,Oregon: wmprison,6181.0,persons,github.com/NickCH-K/causaldata
1999-12-31,Oregon: wmprison,6917.0,persons,github.com/NickCH-K/causaldata
2000-12-31,Oregon: wmprison,7496.0,persons,github.com/NickCH-K/causaldata
1985-12-31,Pennsylvania: aidscapita,1.3759519,"AIDS deaths per 100,000",github.com/NickCH-K/causaldata
1986-12-31,Pennsylvania: aidscapita,2.7579339,"AIDS deaths per 100,000",github.com/NickCH-K/causaldata
1987-12-31,Pennsylvania: aidscapita,3.860329,"AIDS deaths per 100,000",github.com/NickCH-K/causaldata
1988-12-31,Pennsylvania: aidscapita,4.988376,"AIDS deaths per 100,000",github.com/NickCH-K/causaldata
1989-12-31,Pennsylvania: aidscapita,6.421639,"AIDS deaths per 100,000",github.com/NickCH-K/causaldata
1990-12-31,Pennsylvania: aidscapita,7.510523,"AIDS deaths per 100,000",github.com/NickCH-K/causaldata
1991-12-31,Pennsylvania: aidscapita,8.354084,"AIDS deaths per 100,000",github.com/NickCH-K/causaldata
1992-12-31,Pennsylvania: aidscapita,9.701688,"AIDS deaths per 100,000",github.com/NickCH-K/causaldata
1993-12-31,Pennsylvania: aidscapita,11.006851,"AIDS deaths per 100,000",github.com/NickCH-K/causaldata
1994-12-31,Pennsylvania: aidscapita,12.937642,"AIDS deaths per 100,000",github.com/NickCH-K/causaldata
1995-12-31,Pennsylvania: aidscapita,12.681988,"AIDS deaths per 100,000",github.com/NickCH-K/causaldata
1996-12-31,Pennsylvania: aidscapita,10.310575,"AIDS deaths per 100,000",github.com/NickCH-K/causaldata
1997-12-31,Pennsylvania: aidscapita,6.0354204,"AIDS deaths per 100,000",github.com/NickCH-K/causaldata
1998-12-31,Pennsylvania: aidscapita,4.9078565,"AIDS deaths per 100,000",github.com/NickCH-K/causaldata
1999-12-31,Pennsylvania: aidscapita,4.1015005,"AIDS deaths per 100,000",github.com/NickCH-K/causaldata
2000-12-31,Pennsylvania: aidscapita,3.402217,"AIDS deaths per 100,000",github.com/NickCH-K/causaldata
1985-12-31,Pennsylvania: alcohol,2.22,per capita,github.com/NickCH-K/causaldata
1986-12-31,Pennsylvania: alcohol,2.23,per capita,github.com/NickCH-K/causaldata
1987-12-31,Pennsylvania: alcohol,2.2,per capita,github.com/NickCH-K/causaldata
1988-12-31,Pennsylvania: alcohol,2.11,per capita,github.com/NickCH-K/causaldata
1989-12-31,Pennsylvania: alcohol,2.1,per capita,github.com/NickCH-K/causaldata
1990-12-31,Pennsylvania: alcohol,2.15,per capita,github.com/NickCH-K/causaldata
1991-12-31,Pennsylvania: alcohol,2.05,per capita,github.com/NickCH-K/causaldata
1992-12-31,Pennsylvania: alcohol,1.99,per capita,github.com/NickCH-K/causaldata
1993-12-31,Pennsylvania: alcohol,1.96,per capita,github.com/NickCH-K/causaldata
1994-12-31,Pennsylvania: alcohol,1.93,per capita,github.com/NickCH-K/causaldata
1995-12-31,Pennsylvania: alcohol,1.86,per capita,github.com/NickCH-K/causaldata
1996-12-31,Pennsylvania: alcohol,1.86,per capita,github.com/NickCH-K/causaldata
1997-12-31,Pennsylvania: alcohol,1.84,per capita,github.com/NickCH-K/causaldata
1998-12-31,Pennsylvania: alcohol,1.86,per capita,github.com/NickCH-K/causaldata
1999-12-31,Pennsylvania: alcohol,1.87,per capita,github.com/NickCH-K/causaldata
2000-12-31,Pennsylvania: alcohol,1.9,per capita,github.com/NickCH-K/causaldata
1985-12-31,Pennsylvania: black,9.516897,percent of population,github.com/NickCH-K/causaldata
1986-12-31,Pennsylvania: black,9.501461,percent of population,github.com/NickCH-K/causaldata
1987-12-31,Pennsylvania: black,9.48341,percent of population,github.com/NickCH-K/causaldata
1988-12-31,Pennsylvania: black,9.468576,percent of population,github.com/NickCH-K/causaldata
1989-12-31,Pennsylvania: black,9.454364,percent of population,github.com/NickCH-K/causaldata
1990-12-31,Pennsylvania: black,9.369183,percent of population,github.com/NickCH-K/causaldata
1991-12-31,Pennsylvania: black,9.4947815,percent of population,github.com/NickCH-K/causaldata
1992-12-31,Pennsylvania: black,9.657706,percent of population,github.com/NickCH-K/causaldata
1993-12-31,Pennsylvania: black,9.805602,percent of population,github.com/NickCH-K/causaldata
1994-12-31,Pennsylvania: black,9.936207,percent of population,github.com/NickCH-K/causaldata
1995-12-31,Pennsylvania: black,10.055431,percent of population,github.com/NickCH-K/causaldata
1996-12-31,Pennsylvania: black,10.176294,percent of population,github.com/NickCH-K/causaldata
1997-12-31,Pennsylvania: black,10.299453,percent of population,github.com/NickCH-K/causaldata
1998-12-31,Pennsylvania: black,10.437475,percent of population,github.com/NickCH-K/causaldata
1999-12-31,Pennsylvania: black,10.576837,percent of population,github.com/NickCH-K/causaldata
2000-12-31,Pennsylvania: black,10.693368,percent of population,github.com/NickCH-K/causaldata
1985-12-31,Pennsylvania: bmprison,7731.0,persons,github.com/NickCH-K/causaldata
1986-12-31,Pennsylvania: bmprison,8263.0,persons,github.com/NickCH-K/causaldata
1987-12-31,Pennsylvania: bmprison,8817.0,persons,github.com/NickCH-K/causaldata
1988-12-31,Pennsylvania: bmprison,9785.0,persons,github.com/NickCH-K/causaldata
1989-12-31,Pennsylvania: bmprison,10975.0,persons,github.com/NickCH-K/causaldata
1990-12-31,Pennsylvania: bmprison,11672.0,persons,github.com/NickCH-K/causaldata
1991-12-31,Pennsylvania: bmprison,12510.0,persons,github.com/NickCH-K/causaldata
1992-12-31,Pennsylvania: bmprison,13542.0,persons,github.com/NickCH-K/causaldata
1993-12-31,Pennsylvania: bmprison,14068.0,persons,github.com/NickCH-K/causaldata
1994-12-31,Pennsylvania: bmprison,17828.0,persons,github.com/NickCH-K/causaldata
1995-12-31,Pennsylvania: bmprison,17563.0,persons,github.com/NickCH-K/causaldata
1996-12-31,Pennsylvania: bmprison,18772.0,persons,github.com/NickCH-K/causaldata
1997-12-31,Pennsylvania: bmprison,19108.0,persons,github.com/NickCH-K/causaldata
1998-12-31,Pennsylvania: bmprison,19656.0,persons,github.com/NickCH-K/causaldata
1999-12-31,Pennsylvania: bmprison,19623.0,persons,github.com/NickCH-K/causaldata
2000-12-31,Pennsylvania: bmprison,19596.0,persons,github.com/NickCH-K/causaldata
1985-12-31,Pennsylvania: income,14447.0,median income,github.com/NickCH-K/causaldata
1986-12-31,Pennsylvania: income,15187.0,median income,github.com/NickCH-K/causaldata
1987-12-31,Pennsylvania: income,16052.0,median income,github.com/NickCH-K/causaldata
1988-12-31,Pennsylvania: income,17193.0,median income,github.com/NickCH-K/causaldata
1989-12-31,Pennsylvania: income,18603.0,median income,github.com/NickCH-K/causaldata
1990-12-31,Pennsylvania: income,19687.0,median income,github.com/NickCH-K/causaldata
1991-12-31,Pennsylvania: income,20265.0,median income,github.com/NickCH-K/causaldata
1992-12-31,Pennsylvania: income,21235.0,median income,github.com/NickCH-K/causaldata
1993-12-31,Pennsylvania: income,21738.0,median income,github.com/NickCH-K/causaldata
1994-12-31,Pennsylvania: income,22414.0,median income,github.com/NickCH-K/causaldata
1995-12-31,Pennsylvania: income,23262.0,median income,github.com/NickCH-K/causaldata
1996-12-31,Pennsylvania: income,24344.0,median income,github.com/NickCH-K/causaldata
1997-12-31,Pennsylvania: income,25475.0,median income,github.com/NickCH-K/causaldata
1998-12-31,Pennsylvania: income,26961.0,median income,github.com/NickCH-K/causaldata
1999-12-31,Pennsylvania: income,27937.0,median income,github.com/NickCH-K/causaldata
2000-12-31,Pennsylvania: income,29695.0,median income,github.com/NickCH-K/causaldata
1985-12-31,Pennsylvania: perc1519,7.6840973,percent of population,github.com/NickCH-K/causaldata
1986-12-31,Pennsylvania: perc1519,7.647649,percent of population,github.com/NickCH-K/causaldata
1987-12-31,Pennsylvania: perc1519,7.5177283,percent of population,github.com/NickCH-K/causaldata
1988-12-31,Pennsylvania: perc1519,7.3464093,percent of population,github.com/NickCH-K/causaldata
1989-12-31,Pennsylvania: perc1519,7.1110463,percent of population,github.com/NickCH-K/causaldata
1990-12-31,Pennsylvania: perc1519,6.8462114,percent of population,github.com/NickCH-K/causaldata
1991-12-31,Pennsylvania: perc1519,6.4993186,percent of population,github.com/NickCH-K/causaldata
1992-12-31,Pennsylvania: perc1519,6.3573775,percent of population,github.com/NickCH-K/causaldata
1993-12-31,Pennsylvania: perc1519,6.357224,percent of population,github.com/NickCH-K/causaldata
1994-12-31,Pennsylvania: perc1519,6.437751,percent of population,github.com/NickCH-K/causaldata
1995-12-31,Pennsylvania: perc1519,6.5506935,percent of population,github.com/NickCH-K/causaldata
1996-12-31,Pennsylvania: perc1519,6.6732984,percent of population,github.com/NickCH-K/causaldata
1997-12-31,Pennsylvania: perc1519,6.789889,percent of population,github.com/NickCH-K/causaldata
1998-12-31,Pennsylvania: perc1519,6.894003,percent of population,github.com/NickCH-K/causaldata
1999-12-31,Pennsylvania: perc1519,6.9202175,percent of population,github.com/NickCH-K/causaldata
2000-12-31,Pennsylvania: perc1519,6.8984017,percent of population,github.com/NickCH-K/causaldata
1985-12-31,Pennsylvania: poverty,10.5,rate,github.com/NickCH-K/causaldata
1986-12-31,Pennsylvania: poverty,10.1,rate,github.com/NickCH-K/causaldata
1987-12-31,Pennsylvania: poverty,10.6,rate,github.com/NickCH-K/causaldata
1988-12-31,Pennsylvania: poverty,10.3,rate,github.com/NickCH-K/causaldata
1989-12-31,Pennsylvania: poverty,10.4,rate,github.com/NickCH-K/causaldata
1990-12-31,Pennsylvania: poverty,11.0,rate,github.com/NickCH-K/causaldata
1991-12-31,Pennsylvania: poverty,11.0,rate,github.com/NickCH-K/causaldata
1992-12-31,Pennsylvania: poverty,11.9,rate,github.com/NickCH-K/causaldata
1993-12-31,Pennsylvania: poverty,13.2,rate,github.com/NickCH-K/causaldata
1994-12-31,Pennsylvania: poverty,12.5,rate,github.com/NickCH-K/causaldata
1995-12-31,Pennsylvania: poverty,12.2,rate,github.com/NickCH-K/causaldata
1996-12-31,Pennsylvania: poverty,11.6,rate,github.com/NickCH-K/causaldata
1997-12-31,Pennsylvania: poverty,11.2,rate,github.com/NickCH-K/causaldata
1998-12-31,Pennsylvania: poverty,11.3,rate,github.com/NickCH-K/causaldata
1999-12-31,Pennsylvania: poverty,9.3,rate,github.com/NickCH-K/causaldata
2000-12-31,Pennsylvania: poverty,8.6,rate,github.com/NickCH-K/causaldata
1985-12-31,Pennsylvania: ur,8.058333,rate,github.com/NickCH-K/causaldata
1986-12-31,Pennsylvania: ur,6.925,rate,github.com/NickCH-K/causaldata
1987-12-31,Pennsylvania: ur,5.6583333,rate,github.com/NickCH-K/causaldata
1988-12-31,Pennsylvania: ur,5.0166664,rate,github.com/NickCH-K/causaldata
1989-12-31,Pennsylvania: ur,4.7,rate,github.com/NickCH-K/causaldata
1990-12-31,Pennsylvania: ur,5.425,rate,github.com/NickCH-K/causaldata
1991-12-31,Pennsylvania: ur,6.9083333,rate,github.com/NickCH-K/causaldata
1992-12-31,Pennsylvania: ur,7.6833334,rate,github.com/NickCH-K/causaldata
1993-12-31,Pennsylvania: ur,7.075,rate,github.com/NickCH-K/causaldata
1994-12-31,Pennsylvania: ur,6.325,rate,github.com/NickCH-K/causaldata
1995-12-31,Pennsylvania: ur,5.866667,rate,github.com/NickCH-K/causaldata
1996-12-31,Pennsylvania: ur,5.4583335,rate,github.com/NickCH-K/causaldata
1997-12-31,Pennsylvania: ur,5.1083336,rate,github.com/NickCH-K/causaldata
1998-12-31,Pennsylvania: ur,4.633333,rate,github.com/NickCH-K/causaldata
1999-12-31,Pennsylvania: ur,4.4083333,rate,github.com/NickCH-K/causaldata
2000-12-31,Pennsylvania: ur,4.1916666,rate,github.com/NickCH-K/causaldata
1985-12-31,Pennsylvania: wmprison,5988.0,persons,github.com/NickCH-K/causaldata
1986-12-31,Pennsylvania: wmprison,6334.0,persons,github.com/NickCH-K/causaldata
1987-12-31,Pennsylvania: wmprison,6753.0,persons,github.com/NickCH-K/causaldata
1988-12-31,Pennsylvania: wmprison,7318.0,persons,github.com/NickCH-K/causaldata
1989-12-31,Pennsylvania: wmprison,8507.0,persons,github.com/NickCH-K/causaldata
1990-12-31,Pennsylvania: wmprison,9534.0,persons,github.com/NickCH-K/causaldata
1991-12-31,Pennsylvania: wmprison,8042.0,persons,github.com/NickCH-K/causaldata
1992-12-31,Pennsylvania: wmprison,8200.0,persons,github.com/NickCH-K/causaldata
1993-12-31,Pennsylvania: wmprison,8442.0,persons,github.com/NickCH-K/causaldata
1994-12-31,Pennsylvania: wmprison,9023.0,persons,github.com/NickCH-K/causaldata
1995-12-31,Pennsylvania: wmprison,10260.0,persons,github.com/NickCH-K/causaldata
1996-12-31,Pennsylvania: wmprison,10922.0,persons,github.com/NickCH-K/causaldata
1997-12-31,Pennsylvania: wmprison,11063.0,persons,github.com/NickCH-K/causaldata
1998-12-31,Pennsylvania: wmprison,11656.0,persons,github.com/NickCH-K/causaldata
1999-12-31,Pennsylvania: wmprison,11563.0,persons,github.com/NickCH-K/causaldata
2000-12-31,Pennsylvania: wmprison,11820.0,persons,github.com/NickCH-K/causaldata
1985-12-31,Rhode Island: aidscapita,1.0317873,"AIDS deaths per 100,000",github.com/NickCH-K/causaldata
1986-12-31,Rhode Island: aidscapita,2.3530424,"AIDS deaths per 100,000",github.com/NickCH-K/causaldata
1987-12-31,Rhode Island: aidscapita,4.445639,"AIDS deaths per 100,000",github.com/NickCH-K/causaldata
1988-12-31,Rhode Island: aidscapita,4.615888,"AIDS deaths per 100,000",github.com/NickCH-K/causaldata
1989-12-31,Rhode Island: aidscapita,5.6961894,"AIDS deaths per 100,000",github.com/NickCH-K/causaldata
1990-12-31,Rhode Island: aidscapita,8.250538,"AIDS deaths per 100,000",github.com/NickCH-K/causaldata
1991-12-31,Rhode Island: aidscapita,9.498847,"AIDS deaths per 100,000",github.com/NickCH-K/causaldata
1992-12-31,Rhode Island: aidscapita,10.567056,"AIDS deaths per 100,000",github.com/NickCH-K/causaldata
1993-12-31,Rhode Island: aidscapita,12.707957,"AIDS deaths per 100,000",github.com/NickCH-K/causaldata
1994-12-31,Rhode Island: aidscapita,14.272216,"AIDS deaths per 100,000",github.com/NickCH-K/causaldata
1995-12-31,Rhode Island: aidscapita,12.782669,"AIDS deaths per 100,000",github.com/NickCH-K/causaldata
1996-12-31,Rhode Island: aidscapita,9.207625,"AIDS deaths per 100,000",github.com/NickCH-K/causaldata
1997-12-31,Rhode Island: aidscapita,6.33928,"AIDS deaths per 100,000",github.com/NickCH-K/causaldata
1998-12-31,Rhode Island: aidscapita,4.8489313,"AIDS deaths per 100,000",github.com/NickCH-K/causaldata
1999-12-31,Rhode Island: aidscapita,3.3640842,"AIDS deaths per 100,000",github.com/NickCH-K/causaldata
2000-12-31,Rhode Island: aidscapita,4.378042,"AIDS deaths per 100,000",github.com/NickCH-K/causaldata
1985-12-31,Rhode Island: alcohol,2.94,per capita,github.com/NickCH-K/causaldata
1986-12-31,Rhode Island: alcohol,2.86,per capita,github.com/NickCH-K/causaldata
1987-12-31,Rhode Island: alcohol,2.85,per capita,github.com/NickCH-K/causaldata
1988-12-31,Rhode Island: alcohol,2.85,per capita,github.com/NickCH-K/causaldata
1989-12-31,Rhode Island: alcohol,2.69,per capita,github.com/NickCH-K/causaldata
1990-12-31,Rhode Island: alcohol,2.54,per capita,github.com/NickCH-K/causaldata
1991-12-31,Rhode Island: alcohol,2.41,per capita,github.com/NickCH-K/causaldata
1992-12-31,Rhode Island: alcohol,2.33,per capita,github.com/NickCH-K/causaldata
1993-12-31,Rhode Island: alcohol,2.27,per capita,github.com/NickCH-K/causaldata
1994-12-31,Rhode Island: alcohol,2.27,per capita,github.com/NickCH-K/causaldata
1995-12-31,Rhode Island: alcohol,2.17,per capita,github.com/NickCH-K/causaldata
1996-12-31,Rhode Island: alcohol,2.24,per capita,github.com/NickCH-K/causaldata
1997-12-31,Rhode Island: alcohol,2.3,per capita,github.com/NickCH-K/causaldata
1998-12-31,Rhode Island: alcohol,2.24,per capita,github.com/NickCH-K/causaldata
1999-12-31,Rhode Island: alcohol,2.28,per capita,github.com/NickCH-K/causaldata
2000-12-31,Rhode Island: alcohol,2.31,per capita,github.com/NickCH-K/causaldata
1985-12-31,Rhode Island: black,4.080153,percent of population,github.com/NickCH-K/causaldata
1986-12-31,Rhode Island: black,4.0742903,percent of population,github.com/NickCH-K/causaldata
1987-12-31,Rhode Island: black,4.065286,percent of population,github.com/NickCH-K/causaldata
1988-12-31,Rhode Island: black,4.0594516,percent of population,github.com/NickCH-K/causaldata
1989-12-31,Rhode Island: black,4.053791,percent of population,github.com/NickCH-K/causaldata
1990-12-31,Rhode Island: black,3.7860188,percent of population,github.com/NickCH-K/causaldata
1991-12-31,Rhode Island: black,3.9247568,percent of population,github.com/NickCH-K/causaldata
1992-12-31,Rhode Island: black,4.0569324,percent of population,github.com/NickCH-K/causaldata
1993-12-31,Rhode Island: black,4.1929665,percent of population,github.com/NickCH-K/causaldata
1994-12-31,Rhode Island: black,4.3444324,percent of population,github.com/NickCH-K/causaldata
1995-12-31,Rhode Island: black,4.5013113,percent of population,github.com/NickCH-K/causaldata
1996-12-31,Rhode Island: black,4.666181,percent of population,github.com/NickCH-K/causaldata
1997-12-31,Rhode Island: black,4.851711,percent of population,github.com/NickCH-K/causaldata
1998-12-31,Rhode Island: black,5.0594826,percent of population,github.com/NickCH-K/causaldata
1999-12-31,Rhode Island: black,5.3009696,percent of population,github.com/NickCH-K/causaldata
2000-12-31,Rhode Island: black,5.494348,percent of population,github.com/NickCH-K/causaldata
1985-12-31,Rhode Island: bmprison,362.0,persons,github.com/NickCH-K/causaldata
1986-12-31,Rhode Island: bmprison,384.0,persons,github.com/NickCH-K/causaldata
1987-12-31,Rhode Island: bmprison,393.0,persons,github.com/NickCH-K/causaldata
1988-12-31,Rhode Island: bmprison,619.0,persons,github.com/NickCH-K/causaldata
1989-12-31,Rhode Island: bmprison,761.0,persons,github.com/NickCH-K/causaldata
1990-12-31,Rhode Island: bmprison,722.0,persons,github.com/NickCH-K/causaldata
1991-12-31,Rhode Island: bmprison,843.0,persons,github.com/NickCH-K/causaldata
1992-12-31,Rhode Island: bmprison,844.0,persons,github.com/NickCH-K/causaldata
1993-12-31,Rhode Island: bmprison,835.0,persons,github.com/NickCH-K/causaldata
1994-12-31,Rhode Island: bmprison,954.0,persons,github.com/NickCH-K/causaldata
1995-12-31,Rhode Island: bmprison,964.0,persons,github.com/NickCH-K/causaldata
1996-12-31,Rhode Island: bmprison,1096.0,persons,github.com/NickCH-K/causaldata
1997-12-31,Rhode Island: bmprison,1119.0,persons,github.com/NickCH-K/causaldata
1998-12-31,Rhode Island: bmprison,930.0,persons,github.com/NickCH-K/causaldata
1999-12-31,Rhode Island: bmprison,831.0,persons,github.com/NickCH-K/causaldata
2000-12-31,Rhode Island: bmprison,879.0,persons,github.com/NickCH-K/causaldata
1985-12-31,Rhode Island: income,14615.0,median income,github.com/NickCH-K/causaldata
1986-12-31,Rhode Island: income,15526.0,median income,github.com/NickCH-K/causaldata
1987-12-31,Rhode Island: income,16482.0,median income,github.com/NickCH-K/causaldata
1988-12-31,Rhode Island: income,18045.0,median income,github.com/NickCH-K/causaldata
1989-12-31,Rhode Island: income,19546.0,median income,github.com/NickCH-K/causaldata
1990-12-31,Rhode Island: income,20006.0,median income,github.com/NickCH-K/causaldata
1991-12-31,Rhode Island: income,20049.0,median income,github.com/NickCH-K/causaldata
1992-12-31,Rhode Island: income,20867.0,median income,github.com/NickCH-K/causaldata
1993-12-31,Rhode Island: income,21586.0,median income,github.com/NickCH-K/causaldata
1994-12-31,Rhode Island: income,22097.0,median income,github.com/NickCH-K/causaldata
1995-12-31,Rhode Island: income,23225.0,median income,github.com/NickCH-K/causaldata
1996-12-31,Rhode Island: income,24106.0,median income,github.com/NickCH-K/causaldata
1997-12-31,Rhode Island: income,25341.0,median income,github.com/NickCH-K/causaldata
1998-12-31,Rhode Island: income,26670.0,median income,github.com/NickCH-K/causaldata
1999-12-31,Rhode Island: income,27459.0,median income,github.com/NickCH-K/causaldata
2000-12-31,Rhode Island: income,29214.0,median income,github.com/NickCH-K/causaldata
1985-12-31,Rhode Island: perc1519,7.9430084,percent of population,github.com/NickCH-K/causaldata
1986-12-31,Rhode Island: perc1519,7.9071426,percent of population,github.com/NickCH-K/causaldata
1987-12-31,Rhode Island: perc1519,7.7773423,percent of population,github.com/NickCH-K/causaldata
1988-12-31,Rhode Island: perc1519,7.6067824,percent of population,github.com/NickCH-K/causaldata
1989-12-31,Rhode Island: perc1519,7.3744664,percent of population,github.com/NickCH-K/causaldata
1990-12-31,Rhode Island: perc1519,7.0127587,percent of population,github.com/NickCH-K/causaldata
1991-12-31,Rhode Island: perc1519,6.3341475,percent of population,github.com/NickCH-K/causaldata
1992-12-31,Rhode Island: perc1519,6.009198,percent of population,github.com/NickCH-K/causaldata
1993-12-31,Rhode Island: perc1519,6.0548983,percent of population,github.com/NickCH-K/causaldata
1994-12-31,Rhode Island: perc1519,6.177113,percent of population,github.com/NickCH-K/causaldata
1995-12-31,Rhode Island: perc1519,6.356428,percent of population,github.com/NickCH-K/causaldata
1996-12-31,Rhode Island: perc1519,6.56729,percent of population,github.com/NickCH-K/causaldata
1997-12-31,Rhode Island: perc1519,6.7835174,percent of population,github.com/NickCH-K/causaldata
1998-12-31,Rhode Island: perc1519,6.9587984,percent of population,github.com/NickCH-K/causaldata
1999-12-31,Rhode Island: perc1519,7.1028314,percent of population,github.com/NickCH-K/causaldata
2000-12-31,Rhode Island: perc1519,7.0512176,percent of population,github.com/NickCH-K/causaldata
1985-12-31,Rhode Island: poverty,9.0,rate,github.com/NickCH-K/causaldata
1986-12-31,Rhode Island: poverty,9.1,rate,github.com/NickCH-K/causaldata
1987-12-31,Rhode Island: poverty,8.1,rate,github.com/NickCH-K/causaldata
1988-12-31,Rhode Island: poverty,9.8,rate,github.com/NickCH-K/causaldata
1989-12-31,Rhode Island: poverty,6.7,rate,github.com/NickCH-K/causaldata
1990-12-31,Rhode Island: poverty,7.5,rate,github.com/NickCH-K/causaldata
1991-12-31,Rhode Island: poverty,10.4,rate,github.com/NickCH-K/causaldata
1992-12-31,Rhode Island: poverty,12.4,rate,github.com/NickCH-K/causaldata
1993-12-31,Rhode Island: poverty,11.2,rate,github.com/NickCH-K/causaldata
1994-12-31,Rhode Island: poverty,10.3,rate,github.com/NickCH-K/causaldata
1995-12-31,Rhode Island: poverty,10.6,rate,github.com/NickCH-K/causaldata
1996-12-31,Rhode Island: poverty,11.0,rate,github.com/NickCH-K/causaldata
1997-12-31,Rhode Island: poverty,12.7,rate,github.com/NickCH-K/causaldata
1998-12-31,Rhode Island: poverty,11.6,rate,github.com/NickCH-K/causaldata
1999-12-31,Rhode Island: poverty,10.0,rate,github.com/NickCH-K/causaldata
2000-12-31,Rhode Island: poverty,10.2,rate,github.com/NickCH-K/causaldata
1985-12-31,Rhode Island: ur,4.5,rate,github.com/NickCH-K/causaldata
1986-12-31,Rhode Island: ur,4.0166664,rate,github.com/NickCH-K/causaldata
1987-12-31,Rhode Island: ur,3.6,rate,github.com/NickCH-K/causaldata
1988-12-31,Rhode Island: ur,3.0166667,rate,github.com/NickCH-K/causaldata
1989-12-31,Rhode Island: ur,3.9916668,rate,github.com/NickCH-K/causaldata
1990-12-31,Rhode Island: ur,6.116667,rate,github.com/NickCH-K/causaldata
1991-12-31,Rhode Island: ur,8.133333,rate,github.com/NickCH-K/causaldata
1992-12-31,Rhode Island: ur,8.833333,rate,github.com/NickCH-K/causaldata
1993-12-31,Rhode Island: ur,7.9166665,rate,github.com/NickCH-K/causaldata
1994-12-31,Rhode Island: ur,6.8333335,rate,github.com/NickCH-K/causaldata
1995-12-31,Rhode Island: ur,6.175,rate,github.com/NickCH-K/causaldata
1996-12-31,Rhode Island: ur,5.3333335,rate,github.com/NickCH-K/causaldata
1997-12-31,Rhode Island: ur,5.2166667,rate,github.com/NickCH-K/causaldata
1998-12-31,Rhode Island: ur,4.5916667,rate,github.com/NickCH-K/causaldata
1999-12-31,Rhode Island: ur,4.1666665,rate,github.com/NickCH-K/causaldata
2000-12-31,Rhode Island: ur,4.1666665,rate,github.com/NickCH-K/causaldata
1985-12-31,Rhode Island: wmprison,903.0,persons,github.com/NickCH-K/causaldata
1986-12-31,Rhode Island: wmprison,924.0,persons,github.com/NickCH-K/causaldata
1987-12-31,Rhode Island: wmprison,949.0,persons,github.com/NickCH-K/causaldata
1988-12-31,Rhode Island: wmprison,1153.0,persons,github.com/NickCH-K/causaldata
1989-12-31,Rhode Island: wmprison,1501.0,persons,github.com/NickCH-K/causaldata
1990-12-31,Rhode Island: wmprison,1488.0,persons,github.com/NickCH-K/causaldata
1991-12-31,Rhode Island: wmprison,1717.0,persons,github.com/NickCH-K/causaldata
1992-12-31,Rhode Island: wmprison,1727.0,persons,github.com/NickCH-K/causaldata
1993-12-31,Rhode Island: wmprison,1766.0,persons,github.com/NickCH-K/causaldata
1994-12-31,Rhode Island: wmprison,1786.0,persons,github.com/NickCH-K/causaldata
1995-12-31,Rhode Island: wmprison,1739.0,persons,github.com/NickCH-K/causaldata
1996-12-31,Rhode Island: wmprison,1901.0,persons,github.com/NickCH-K/causaldata
1997-12-31,Rhode Island: wmprison,2002.0,persons,github.com/NickCH-K/causaldata
1998-12-31,Rhode Island: wmprison,1705.0,persons,github.com/NickCH-K/causaldata
1999-12-31,Rhode Island: wmprison,1469.0,persons,github.com/NickCH-K/causaldata
2000-12-31,Rhode Island: wmprison,1592.0,persons,github.com/NickCH-K/causaldata
1985-12-31,South Carolina: aidscapita,0.8474512,"AIDS deaths per 100,000",github.com/NickCH-K/causaldata
1986-12-31,South Carolina: aidscapita,1.4357587,"AIDS deaths per 100,000",github.com/NickCH-K/causaldata
1987-12-31,South Carolina: aidscapita,2.514032,"AIDS deaths per 100,000",github.com/NickCH-K/causaldata
1988-12-31,South Carolina: aidscapita,3.9266076,"AIDS deaths per 100,000",github.com/NickCH-K/causaldata
1989-12-31,South Carolina: aidscapita,5.2650123,"AIDS deaths per 100,000",github.com/NickCH-K/causaldata
1990-12-31,South Carolina: aidscapita,7.854551,"AIDS deaths per 100,000",github.com/NickCH-K/causaldata
1991-12-31,South Carolina: aidscapita,9.242652,"AIDS deaths per 100,000",github.com/NickCH-K/causaldata
1992-12-31,South Carolina: aidscapita,11.711206,"AIDS deaths per 100,000",github.com/NickCH-K/causaldata
1993-12-31,South Carolina: aidscapita,13.485058,"AIDS deaths per 100,000",github.com/NickCH-K/causaldata
1994-12-31,South Carolina: aidscapita,16.084646,"AIDS deaths per 100,000",github.com/NickCH-K/causaldata
1995-12-31,South Carolina: aidscapita,15.685931,"AIDS deaths per 100,000",github.com/NickCH-K/causaldata
1996-12-31,South Carolina: aidscapita,14.619883,"AIDS deaths per 100,000",github.com/NickCH-K/causaldata
1997-12-31,South Carolina: aidscapita,8.912619,"AIDS deaths per 100,000",github.com/NickCH-K/causaldata
1998-12-31,South Carolina: aidscapita,7.654555,"AIDS deaths per 100,000",github.com/NickCH-K/causaldata
1999-12-31,South Carolina: aidscapita,6.5162444,"AIDS deaths per 100,000",github.com/NickCH-K/causaldata
2000-12-31,South Carolina: aidscapita,5.243897,"AIDS deaths per 100,000",github.com/NickCH-K/causaldata
1985-12-31,South Carolina: alcohol,2.49,per capita,github.com/NickCH-K/causaldata
1986-12-31,South Carolina: alcohol,2.5,per capita,github.com/NickCH-K/causaldata
1987-12-31,South Carolina: alcohol,2.49,per capita,github.com/NickCH-K/causaldata
1988-12-31,South Carolina: alcohol,2.51,per capita,github.com/NickCH-K/causaldata
1989-12-31,South Carolina: alcohol,2.47,per capita,github.com/NickCH-K/causaldata
1990-12-31,South Carolina: alcohol,2.61,per capita,github.com/NickCH-K/causaldata
1991-12-31,South Carolina: alcohol,2.41,per capita,github.com/NickCH-K/causaldata
1992-12-31,South Carolina: alcohol,2.33,per capita,github.com/NickCH-K/causaldata
1993-12-31,South Carolina: alcohol,2.3,per capita,github.com/NickCH-K/causaldata
1994-12-31,South Carolina: alcohol,2.29,per capita,github.com/NickCH-K/causaldata
1995-12-31,South Carolina: alcohol,2.23,per capita,github.com/NickCH-K/causaldata
1996-12-31,South Carolina: alcohol,2.31,per capita,github.com/NickCH-K/causaldata
1997-12-31,South Carolina: alcohol,2.3,per capita,github.com/NickCH-K/causaldata
1998-12-31,South Carolina: alcohol,2.35,per capita,github.com/NickCH-K/causaldata
1999-12-31,South Carolina: alcohol,2.38,per capita,github.com/NickCH-K/causaldata
2000-12-31,South Carolina: alcohol,2.37,per capita,github.com/NickCH-K/causaldata
1985-12-31,South Carolina: black,30.593187,percent of population,github.com/NickCH-K/causaldata
1986-12-31,South Carolina: black,30.541891,percent of population,github.com/NickCH-K/causaldata
1987-12-31,South Carolina: black,30.485596,percent of population,github.com/NickCH-K/causaldata
1988-12-31,South Carolina: black,30.438303,percent of population,github.com/NickCH-K/causaldata
1989-12-31,South Carolina: black,30.395021,percent of population,github.com/NickCH-K/causaldata
1990-12-31,South Carolina: black,30.274008,percent of population,github.com/NickCH-K/causaldata
1991-12-31,South Carolina: black,30.372158,percent of population,github.com/NickCH-K/causaldata
1992-12-31,South Carolina: black,30.52598,percent of population,github.com/NickCH-K/causaldata
1993-12-31,South Carolina: black,30.708872,percent of population,github.com/NickCH-K/causaldata
1994-12-31,South Carolina: black,30.816746,percent of population,github.com/NickCH-K/causaldata
1995-12-31,South Carolina: black,30.920319,percent of population,github.com/NickCH-K/causaldata
1996-12-31,South Carolina: black,30.943937,percent of population,github.com/NickCH-K/causaldata
1997-12-31,South Carolina: black,30.937225,percent of population,github.com/NickCH-K/causaldata
1998-12-31,South Carolina: black,30.868147,percent of population,github.com/NickCH-K/causaldata
1999-12-31,South Carolina: black,30.81933,percent of population,github.com/NickCH-K/causaldata
2000-12-31,South Carolina: black,30.803387,percent of population,github.com/NickCH-K/causaldata
1985-12-31,South Carolina: bmprison,6032.0,persons,github.com/NickCH-K/causaldata
1986-12-31,South Carolina: bmprison,6489.0,persons,github.com/NickCH-K/causaldata
1987-12-31,South Carolina: bmprison,7242.0,persons,github.com/NickCH-K/causaldata
1988-12-31,South Carolina: bmprison,8131.0,persons,github.com/NickCH-K/causaldata
1989-12-31,South Carolina: bmprison,9361.0,persons,github.com/NickCH-K/causaldata
1990-12-31,South Carolina: bmprison,10598.0,persons,github.com/NickCH-K/causaldata
1991-12-31,South Carolina: bmprison,11410.0,persons,github.com/NickCH-K/causaldata
1992-12-31,South Carolina: bmprison,11857.0,persons,github.com/NickCH-K/causaldata
1993-12-31,South Carolina: bmprison,12151.0,persons,github.com/NickCH-K/causaldata
1994-12-31,South Carolina: bmprison,12502.0,persons,github.com/NickCH-K/causaldata
1995-12-31,South Carolina: bmprison,12931.0,persons,github.com/NickCH-K/causaldata
1996-12-31,South Carolina: bmprison,13464.0,persons,github.com/NickCH-K/causaldata
1997-12-31,South Carolina: bmprison,13893.0,persons,github.com/NickCH-K/causaldata
1998-12-31,South Carolina: bmprison,14429.0,persons,github.com/NickCH-K/causaldata
1999-12-31,South Carolina: bmprison,14269.0,persons,github.com/NickCH-K/causaldata
2000-12-31,South Carolina: bmprison,14467.0,persons,github.com/NickCH-K/causaldata
1985-12-31,South Carolina: income,11666.0,median income,github.com/NickCH-K/causaldata
1986-12-31,South Carolina: income,12235.0,median income,github.com/NickCH-K/causaldata
1987-12-31,South Carolina: income,12968.0,median income,github.com/NickCH-K/causaldata
1988-12-31,South Carolina: income,13924.0,median income,github.com/NickCH-K/causaldata
1989-12-31,South Carolina: income,14864.0,median income,github.com/NickCH-K/causaldata
1990-12-31,South Carolina: income,15894.0,median income,github.com/NickCH-K/causaldata
1991-12-31,South Carolina: income,16241.0,median income,github.com/NickCH-K/causaldata
1992-12-31,South Carolina: income,16953.0,median income,github.com/NickCH-K/causaldata
1993-12-31,South Carolina: income,17531.0,median income,github.com/NickCH-K/causaldata
1994-12-31,South Carolina: income,18365.0,median income,github.com/NickCH-K/causaldata
1995-12-31,South Carolina: income,19124.0,median income,github.com/NickCH-K/causaldata
1996-12-31,South Carolina: income,20058.0,median income,github.com/NickCH-K/causaldata
1997-12-31,South Carolina: income,20987.0,median income,github.com/NickCH-K/causaldata
1998-12-31,South Carolina: income,22161.0,median income,github.com/NickCH-K/causaldata
1999-12-31,South Carolina: income,23075.0,median income,github.com/NickCH-K/causaldata
2000-12-31,South Carolina: income,24424.0,median income,github.com/NickCH-K/causaldata
1985-12-31,South Carolina: perc1519,8.645727,percent of population,github.com/NickCH-K/causaldata
1986-12-31,South Carolina: perc1519,8.617245,percent of population,github.com/NickCH-K/causaldata
1987-12-31,South Carolina: perc1519,8.507662,percent of population,github.com/NickCH-K/causaldata
1988-12-31,South Carolina: perc1519,8.361418,percent of population,github.com/NickCH-K/causaldata
1989-12-31,South Carolina: perc1519,8.141589,percent of population,github.com/NickCH-K/causaldata
1990-12-31,South Carolina: perc1519,7.8861403,percent of population,github.com/NickCH-K/causaldata
1991-12-31,South Carolina: perc1519,7.50212,percent of population,github.com/NickCH-K/causaldata
1992-12-31,South Carolina: perc1519,7.320388,percent of population,github.com/NickCH-K/causaldata
1993-12-31,South Carolina: perc1519,7.2732506,percent of population,github.com/NickCH-K/causaldata
1994-12-31,South Carolina: perc1519,7.2955747,percent of population,github.com/NickCH-K/causaldata
1995-12-31,South Carolina: perc1519,7.363291,percent of population,github.com/NickCH-K/causaldata
1996-12-31,South Carolina: perc1519,7.453269,percent of population,github.com/NickCH-K/causaldata
1997-12-31,South Carolina: perc1519,7.4849677,percent of population,github.com/NickCH-K/causaldata
1998-12-31,South Carolina: perc1519,7.4919214,percent of population,github.com/NickCH-K/causaldata
1999-12-31,South Carolina: perc1519,7.428041,percent of population,github.com/NickCH-K/causaldata
2000-12-31,South Carolina: perc1519,7.2627726,percent of population,github.com/NickCH-K/causaldata
1985-12-31,South Carolina: poverty,15.2,rate,github.com/NickCH-K/causaldata
1986-12-31,South Carolina: poverty,17.3,rate,github.com/NickCH-K/causaldata
1987-12-31,South Carolina: poverty,15.6,rate,github.com/NickCH-K/causaldata
1988-12-31,South Carolina: poverty,15.5,rate,github.com/NickCH-K/causaldata
1989-12-31,South Carolina: poverty,17.0,rate,github.com/NickCH-K/causaldata
1990-12-31,South Carolina: poverty,16.2,rate,github.com/NickCH-K/causaldata
1991-12-31,South Carolina: poverty,16.4,rate,github.com/NickCH-K/causaldata
1992-12-31,South Carolina: poverty,19.0,rate,github.com/NickCH-K/causaldata
1993-12-31,South Carolina: poverty,18.7,rate,github.com/NickCH-K/causaldata
1994-12-31,South Carolina: poverty,13.8,rate,github.com/NickCH-K/causaldata
1995-12-31,South Carolina: poverty,19.9,rate,github.com/NickCH-K/causaldata
1996-12-31,South Carolina: poverty,13.0,rate,github.com/NickCH-K/causaldata
1997-12-31,South Carolina: poverty,13.1,rate,github.com/NickCH-K/causaldata
1998-12-31,South Carolina: poverty,13.7,rate,github.com/NickCH-K/causaldata
1999-12-31,South Carolina: poverty,11.7,rate,github.com/NickCH-K/causaldata
2000-12-31,South Carolina: poverty,11.1,rate,github.com/NickCH-K/causaldata
1985-12-31,South Carolina: ur,6.575,rate,github.com/NickCH-K/causaldata
1986-12-31,South Carolina: ur,6.175,rate,github.com/NickCH-K/causaldata
1987-12-31,South Carolina: ur,5.241667,rate,github.com/NickCH-K/causaldata
1988-12-31,South Carolina: ur,4.5916667,rate,github.com/NickCH-K/causaldata
1989-12-31,South Carolina: ur,4.641667,rate,github.com/NickCH-K/causaldata
1990-12-31,South Carolina: ur,4.85,rate,github.com/NickCH-K/causaldata
1991-12-31,South Carolina: ur,6.075,rate,github.com/NickCH-K/causaldata
1992-12-31,South Carolina: ur,6.633333,rate,github.com/NickCH-K/causaldata
1993-12-31,South Carolina: ur,7.2083335,rate,github.com/NickCH-K/causaldata
1994-12-31,South Carolina: ur,6.0416665,rate,github.com/NickCH-K/causaldata
1995-12-31,South Carolina: ur,5.15,rate,github.com/NickCH-K/causaldata
1996-12-31,South Carolina: ur,5.633333,rate,github.com/NickCH-K/causaldata
1997-12-31,South Carolina: ur,4.4416666,rate,github.com/NickCH-K/causaldata
1998-12-31,South Carolina: ur,3.6166668,rate,github.com/NickCH-K/causaldata
1999-12-31,South Carolina: ur,4.075,rate,github.com/NickCH-K/causaldata
2000-12-31,South Carolina: ur,3.5916667,rate,github.com/NickCH-K/causaldata
1985-12-31,South Carolina: wmprison,3953.0,persons,github.com/NickCH-K/causaldata
1986-12-31,South Carolina: wmprison,4564.0,persons,github.com/NickCH-K/causaldata
1987-12-31,South Carolina: wmprison,4723.0,persons,github.com/NickCH-K/causaldata
1988-12-31,South Carolina: wmprison,4918.0,persons,github.com/NickCH-K/causaldata
1989-12-31,South Carolina: wmprison,5386.0,persons,github.com/NickCH-K/causaldata
1990-12-31,South Carolina: wmprison,5621.0,persons,github.com/NickCH-K/causaldata
1991-12-31,South Carolina: wmprison,5767.0,persons,github.com/NickCH-K/causaldata
1992-12-31,South Carolina: wmprison,5601.0,persons,github.com/NickCH-K/causaldata
1993-12-31,South Carolina: wmprison,5376.0,persons,github.com/NickCH-K/causaldata
1994-12-31,South Carolina: wmprison,5398.0,persons,github.com/NickCH-K/causaldata
1995-12-31,South Carolina: wmprison,5537.0,persons,github.com/NickCH-K/causaldata
1996-12-31,South Carolina: wmprison,5681.0,persons,github.com/NickCH-K/causaldata
1997-12-31,South Carolina: wmprison,5858.0,persons,github.com/NickCH-K/causaldata
1998-12-31,South Carolina: wmprison,6158.0,persons,github.com/NickCH-K/causaldata
1999-12-31,South Carolina: wmprison,6163.0,persons,github.com/NickCH-K/causaldata
1985-12-31,South Dakota: aidscapita,0.0,"AIDS deaths per 100,000",github.com/NickCH-K/causaldata
1986-12-31,South Dakota: aidscapita,0.0,"AIDS deaths per 100,000",github.com/NickCH-K/causaldata
1987-12-31,South Dakota: aidscapita,0.0,"AIDS deaths per 100,000",github.com/NickCH-K/causaldata
1988-12-31,South Dakota: aidscapita,0.5728476,"AIDS deaths per 100,000",github.com/NickCH-K/causaldata
1989-12-31,South Dakota: aidscapita,0.0,"AIDS deaths per 100,000",github.com/NickCH-K/causaldata
1990-12-31,South Dakota: aidscapita,0.0,"AIDS deaths per 100,000",github.com/NickCH-K/causaldata
1991-12-31,South Dakota: aidscapita,0.9947859,"AIDS deaths per 100,000",github.com/NickCH-K/causaldata
1992-12-31,South Dakota: aidscapita,0.84174967,"AIDS deaths per 100,000",github.com/NickCH-K/causaldata
1993-12-31,South Dakota: aidscapita,1.1077893,"AIDS deaths per 100,000",github.com/NickCH-K/causaldata
1994-12-31,South Dakota: aidscapita,1.5052204,"AIDS deaths per 100,000",github.com/NickCH-K/causaldata
1995-12-31,South Dakota: aidscapita,2.3037572,"AIDS deaths per 100,000",github.com/NickCH-K/causaldata
1996-12-31,South Dakota: aidscapita,1.0778577,"AIDS deaths per 100,000",github.com/NickCH-K/causaldata
1997-12-31,South Dakota: aidscapita,0.5374733,"AIDS deaths per 100,000",github.com/NickCH-K/causaldata
1998-12-31,South Dakota: aidscapita,0.0,"AIDS deaths per 100,000",github.com/NickCH-K/causaldata
1999-12-31,South Dakota: aidscapita,0.7995608,"AIDS deaths per 100,000",github.com/NickCH-K/causaldata
2000-12-31,South Dakota: aidscapita,0.0,"AIDS deaths per 100,000",github.com/NickCH-K/causaldata
1985-12-31,South Dakota: alcohol,2.34,per capita,github.com/NickCH-K/causaldata
1986-12-31,South Dakota: alcohol,2.23,per capita,github.com/NickCH-K/causaldata
1987-12-31,South Dakota: alcohol,2.22,per capita,github.com/NickCH-K/causaldata
1988-12-31,South Dakota: alcohol,2.13,per capita,github.com/NickCH-K/causaldata
1989-12-31,South Dakota: alcohol,2.09,per capita,github.com/NickCH-K/causaldata
1990-12-31,South Dakota: alcohol,2.34,per capita,github.com/NickCH-K/causaldata
1991-12-31,South Dakota: alcohol,2.27,per capita,github.com/NickCH-K/causaldata
1992-12-31,South Dakota: alcohol,2.26,per capita,github.com/NickCH-K/causaldata
1993-12-31,South Dakota: alcohol,2.2,per capita,github.com/NickCH-K/causaldata
1994-12-31,South Dakota: alcohol,2.24,per capita,github.com/NickCH-K/causaldata
1995-12-31,South Dakota: alcohol,2.2,per capita,github.com/NickCH-K/causaldata
1996-12-31,South Dakota: alcohol,2.18,per capita,github.com/NickCH-K/causaldata
1997-12-31,South Dakota: alcohol,2.18,per capita,github.com/NickCH-K/causaldata
1998-12-31,South Dakota: alcohol,2.24,per capita,github.com/NickCH-K/causaldata
1999-12-31,South Dakota: alcohol,2.27,per capita,github.com/NickCH-K/causaldata
2000-12-31,South Dakota: alcohol,2.27,per capita,github.com/NickCH-K/causaldata
1985-12-31,South Dakota: black,0.5085922,percent of population,github.com/NickCH-K/causaldata
1986-12-31,South Dakota: black,0.5055172,percent of population,github.com/NickCH-K/causaldata
1987-12-31,South Dakota: black,0.5015708,percent of population,github.com/NickCH-K/causaldata
1988-12-31,South Dakota: black,0.49788243,percent of population,github.com/NickCH-K/causaldata
1989-12-31,South Dakota: black,0.49451438,percent of population,github.com/NickCH-K/causaldata
1990-12-31,South Dakota: black,0.47093233,percent of population,github.com/NickCH-K/causaldata
1991-12-31,South Dakota: black,0.47928992,percent of population,github.com/NickCH-K/causaldata
1992-12-31,South Dakota: black,0.52267396,percent of population,github.com/NickCH-K/causaldata
1993-12-31,South Dakota: black,0.51424235,percent of population,github.com/NickCH-K/causaldata
1994-12-31,South Dakota: black,0.5362143,percent of population,github.com/NickCH-K/causaldata
1995-12-31,South Dakota: black,0.4975804,percent of population,github.com/NickCH-K/causaldata
1996-12-31,South Dakota: black,0.5865555,percent of population,github.com/NickCH-K/causaldata
1997-12-31,South Dakota: black,0.60266507,percent of population,github.com/NickCH-K/causaldata
1998-12-31,South Dakota: black,0.6560872,percent of population,github.com/NickCH-K/causaldata
1999-12-31,South Dakota: black,0.6858678,percent of population,github.com/NickCH-K/causaldata
2000-12-31,South Dakota: black,0.90033877,percent of population,github.com/NickCH-K/causaldata
1985-12-31,South Dakota: bmprison,21.0,persons,github.com/NickCH-K/causaldata
1986-12-31,South Dakota: bmprison,28.0,persons,github.com/NickCH-K/causaldata
1987-12-31,South Dakota: bmprison,24.0,persons,github.com/NickCH-K/causaldata
1988-12-31,South Dakota: bmprison,28.0,persons,github.com/NickCH-K/causaldata
1989-12-31,South Dakota: bmprison,32.0,persons,github.com/NickCH-K/causaldata
1990-12-31,South Dakota: bmprison,39.0,persons,github.com/NickCH-K/causaldata
1991-12-31,South Dakota: bmprison,31.0,persons,github.com/NickCH-K/causaldata
1992-12-31,South Dakota: bmprison,41.0,persons,github.com/NickCH-K/causaldata
1993-12-31,South Dakota: bmprison,47.0,persons,github.com/NickCH-K/causaldata
1994-12-31,South Dakota: bmprison,57.0,persons,github.com/NickCH-K/causaldata
1995-12-31,South Dakota: bmprison,63.0,persons,github.com/NickCH-K/causaldata
1996-12-31,South Dakota: bmprison,80.0,persons,github.com/NickCH-K/causaldata
1997-12-31,South Dakota: bmprison,93.0,persons,github.com/NickCH-K/causaldata
1998-12-31,South Dakota: bmprison,92.0,persons,github.com/NickCH-K/causaldata
1999-12-31,South Dakota: bmprison,84.0,persons,github.com/NickCH-K/causaldata
2000-12-31,South Dakota: bmprison,105.0,persons,github.com/NickCH-K/causaldata
1985-12-31,South Dakota: income,12029.0,median income,github.com/NickCH-K/causaldata
1986-12-31,South Dakota: income,12578.0,median income,github.com/NickCH-K/causaldata
1987-12-31,South Dakota: income,13251.0,median income,github.com/NickCH-K/causaldata
1988-12-31,South Dakota: income,13717.0,median income,github.com/NickCH-K/causaldata
1989-12-31,South Dakota: income,14737.0,median income,github.com/NickCH-K/causaldata
1990-12-31,South Dakota: income,16172.0,median income,github.com/NickCH-K/causaldata
1991-12-31,South Dakota: income,16774.0,median income,github.com/NickCH-K/causaldata
1992-12-31,South Dakota: income,17799.0,median income,github.com/NickCH-K/causaldata
1993-12-31,South Dakota: income,18289.0,median income,github.com/NickCH-K/causaldata
1994-12-31,South Dakota: income,19392.0,median income,github.com/NickCH-K/causaldata
1995-12-31,South Dakota: income,19501.0,median income,github.com/NickCH-K/causaldata
1996-12-31,South Dakota: income,21488.0,median income,github.com/NickCH-K/causaldata
1997-12-31,South Dakota: income,21949.0,median income,github.com/NickCH-K/causaldata
1998-12-31,South Dakota: income,23488.0,median income,github.com/NickCH-K/causaldata
1999-12-31,South Dakota: income,24475.0,median income,github.com/NickCH-K/causaldata
2000-12-31,South Dakota: income,25720.0,median income,github.com/NickCH-K/causaldata
1985-12-31,South Dakota: perc1519,8.230974,percent of population,github.com/NickCH-K/causaldata
1986-12-31,South Dakota: perc1519,8.160269,percent of population,github.com/NickCH-K/causaldata
1987-12-31,South Dakota: perc1519,7.9935474,percent of population,github.com/NickCH-K/causaldata
1988-12-31,South Dakota: perc1519,7.7814183,percent of population,github.com/NickCH-K/causaldata
1989-12-31,South Dakota: perc1519,7.49836,percent of population,github.com/NickCH-K/causaldata
1990-12-31,South Dakota: perc1519,7.2675266,percent of population,github.com/NickCH-K/causaldata
1991-12-31,South Dakota: perc1519,7.228399,percent of population,github.com/NickCH-K/causaldata
1992-12-31,South Dakota: perc1519,7.3647485,percent of population,github.com/NickCH-K/causaldata
1993-12-31,South Dakota: perc1519,7.540445,percent of population,github.com/NickCH-K/causaldata
1994-12-31,South Dakota: perc1519,7.7606425,percent of population,github.com/NickCH-K/causaldata
1995-12-31,South Dakota: perc1519,7.9989157,percent of population,github.com/NickCH-K/causaldata
1996-12-31,South Dakota: perc1519,8.195895,percent of population,github.com/NickCH-K/causaldata
1997-12-31,South Dakota: perc1519,8.332449,percent of population,github.com/NickCH-K/causaldata
1998-12-31,South Dakota: perc1519,8.418514,percent of population,github.com/NickCH-K/causaldata
1999-12-31,South Dakota: perc1519,8.372601,percent of population,github.com/NickCH-K/causaldata
2000-12-31,South Dakota: perc1519,8.247462,percent of population,github.com/NickCH-K/causaldata
1985-12-31,South Dakota: poverty,17.3,rate,github.com/NickCH-K/causaldata
1986-12-31,South Dakota: poverty,17.0,rate,github.com/NickCH-K/causaldata
1987-12-31,South Dakota: poverty,15.2,rate,github.com/NickCH-K/causaldata
1988-12-31,South Dakota: poverty,14.2,rate,github.com/NickCH-K/causaldata
1989-12-31,South Dakota: poverty,13.2,rate,github.com/NickCH-K/causaldata
1990-12-31,South Dakota: poverty,13.3,rate,github.com/NickCH-K/causaldata
1991-12-31,South Dakota: poverty,14.0,rate,github.com/NickCH-K/causaldata
1992-12-31,South Dakota: poverty,15.1,rate,github.com/NickCH-K/causaldata
1993-12-31,South Dakota: poverty,14.2,rate,github.com/NickCH-K/causaldata
1994-12-31,South Dakota: poverty,14.5,rate,github.com/NickCH-K/causaldata
1995-12-31,South Dakota: poverty,14.5,rate,github.com/NickCH-K/causaldata
1996-12-31,South Dakota: poverty,11.8,rate,github.com/NickCH-K/causaldata
1997-12-31,South Dakota: poverty,16.5,rate,github.com/NickCH-K/causaldata
1998-12-31,South Dakota: poverty,10.8,rate,github.com/NickCH-K/causaldata
1999-12-31,South Dakota: poverty,7.7,rate,github.com/NickCH-K/causaldata
2000-12-31,South Dakota: poverty,10.7,rate,github.com/NickCH-K/causaldata
1985-12-31,South Dakota: ur,4.8333335,rate,github.com/NickCH-K/causaldata
1986-12-31,South Dakota: ur,4.6583333,rate,github.com/NickCH-K/causaldata
1987-12-31,South Dakota: ur,4.391667,rate,github.com/NickCH-K/causaldata
1988-12-31,South Dakota: ur,4.175,rate,github.com/NickCH-K/causaldata
1989-12-31,South Dakota: ur,3.9916668,rate,github.com/NickCH-K/causaldata
1990-12-31,South Dakota: ur,3.7583334,rate,github.com/NickCH-K/causaldata
1991-12-31,South Dakota: ur,3.6083333,rate,github.com/NickCH-K/causaldata
1992-12-31,South Dakota: ur,3.55,rate,github.com/NickCH-K/causaldata
1993-12-31,South Dakota: ur,3.5916667,rate,github.com/NickCH-K/causaldata
1994-12-31,South Dakota: ur,3.3666668,rate,github.com/NickCH-K/causaldata
1995-12-31,South Dakota: ur,3.25,rate,github.com/NickCH-K/causaldata
1996-12-31,South Dakota: ur,3.4083333,rate,github.com/NickCH-K/causaldata
1997-12-31,South Dakota: ur,3.05,rate,github.com/NickCH-K/causaldata
1998-12-31,South Dakota: ur,2.9666667,rate,github.com/NickCH-K/causaldata
1999-12-31,South Dakota: ur,2.8166666,rate,github.com/NickCH-K/causaldata
2000-12-31,South Dakota: ur,2.6833334,rate,github.com/NickCH-K/causaldata
1985-12-31,South Dakota: wmprison,760.0,persons,github.com/NickCH-K/causaldata
1986-12-31,South Dakota: wmprison,823.0,persons,github.com/NickCH-K/causaldata
1987-12-31,South Dakota: wmprison,810.0,persons,github.com/NickCH-K/causaldata
1988-12-31,South Dakota: wmprison,710.0,persons,github.com/NickCH-K/causaldata
1989-12-31,South Dakota: wmprison,847.0,persons,github.com/NickCH-K/causaldata
1990-12-31,South Dakota: wmprison,921.0,persons,github.com/NickCH-K/causaldata
1991-12-31,South Dakota: wmprison,943.0,persons,github.com/NickCH-K/causaldata
1992-12-31,South Dakota: wmprison,1029.0,persons,github.com/NickCH-K/causaldata
1993-12-31,South Dakota: wmprison,1092.0,persons,github.com/NickCH-K/causaldata
1994-12-31,South Dakota: wmprison,1187.0,persons,github.com/NickCH-K/causaldata
1995-12-31,South Dakota: wmprison,1275.0,persons,github.com/NickCH-K/causaldata
1996-12-31,South Dakota: wmprison,1457.0,persons,github.com/NickCH-K/causaldata
1997-12-31,South Dakota: wmprison,1599.0,persons,github.com/NickCH-K/causaldata
1998-12-31,South Dakota: wmprison,1688.0,persons,github.com/NickCH-K/causaldata
1999-12-31,South Dakota: wmprison,1761.0,persons,github.com/NickCH-K/causaldata
2000-12-31,South Dakota: wmprison,1804.0,persons,github.com/NickCH-K/causaldata
1985-12-31,Tennessee: aidscapita,0.5724675,"AIDS deaths per 100,000",github.com/NickCH-K/causaldata
1986-12-31,Tennessee: aidscapita,1.3714981,"AIDS deaths per 100,000",github.com/NickCH-K/causaldata
1987-12-31,Tennessee: aidscapita,1.8187056,"AIDS deaths per 100,000",github.com/NickCH-K/causaldata
1988-12-31,Tennessee: aidscapita,2.467257,"AIDS deaths per 100,000",github.com/NickCH-K/causaldata
1989-12-31,Tennessee: aidscapita,3.1311343,"AIDS deaths per 100,000",github.com/NickCH-K/causaldata
1990-12-31,Tennessee: aidscapita,4.3722615,"AIDS deaths per 100,000",github.com/NickCH-K/causaldata
1991-12-31,Tennessee: aidscapita,5.476598,"AIDS deaths per 100,000",github.com/NickCH-K/causaldata
1992-12-31,Tennessee: aidscapita,6.0201097,"AIDS deaths per 100,000",github.com/NickCH-K/causaldata
1993-12-31,Tennessee: aidscapita,8.525408,"AIDS deaths per 100,000",github.com/NickCH-K/causaldata
1994-12-31,Tennessee: aidscapita,9.175298,"AIDS deaths per 100,000",github.com/NickCH-K/causaldata
1995-12-31,Tennessee: aidscapita,10.324884,"AIDS deaths per 100,000",github.com/NickCH-K/causaldata
1996-12-31,Tennessee: aidscapita,7.458494,"AIDS deaths per 100,000",github.com/NickCH-K/causaldata
1997-12-31,Tennessee: aidscapita,4.455167,"AIDS deaths per 100,000",github.com/NickCH-K/causaldata
1998-12-31,Tennessee: aidscapita,3.5188227,"AIDS deaths per 100,000",github.com/NickCH-K/causaldata
1999-12-31,Tennessee: aidscapita,3.6355858,"AIDS deaths per 100,000",github.com/NickCH-K/causaldata
2000-12-31,Tennessee: aidscapita,4.3834686,"AIDS deaths per 100,000",github.com/NickCH-K/causaldata
1985-12-31,Tennessee: alcohol,1.94,per capita,github.com/NickCH-K/causaldata
1986-12-31,Tennessee: alcohol,1.96,per capita,github.com/NickCH-K/causaldata
1987-12-31,Tennessee: alcohol,1.94,per capita,github.com/NickCH-K/causaldata
1988-12-31,Tennessee: alcohol,1.95,per capita,github.com/NickCH-K/causaldata
1989-12-31,Tennessee: alcohol,1.9,per capita,github.com/NickCH-K/causaldata
1990-12-31,Tennessee: alcohol,1.96,per capita,github.com/NickCH-K/causaldata
1991-12-31,Tennessee: alcohol,1.87,per capita,github.com/NickCH-K/causaldata
1992-12-31,Tennessee: alcohol,1.9,per capita,github.com/NickCH-K/causaldata
1993-12-31,Tennessee: alcohol,1.87,per capita,github.com/NickCH-K/causaldata
1994-12-31,Tennessee: alcohol,1.86,per capita,github.com/NickCH-K/causaldata
1995-12-31,Tennessee: alcohol,1.84,per capita,github.com/NickCH-K/causaldata
1996-12-31,Tennessee: alcohol,1.84,per capita,github.com/NickCH-K/causaldata
1997-12-31,Tennessee: alcohol,1.82,per capita,github.com/NickCH-K/causaldata
1998-12-31,Tennessee: alcohol,1.84,per capita,github.com/NickCH-K/causaldata
1999-12-31,Tennessee: alcohol,1.86,per capita,github.com/NickCH-K/causaldata
2000-12-31,Tennessee: alcohol,1.86,per capita,github.com/NickCH-K/causaldata
1985-12-31,Tennessee: black,16.349577,percent of population,github.com/NickCH-K/causaldata
1986-12-31,Tennessee: black,16.322098,percent of population,github.com/NickCH-K/causaldata
1987-12-31,Tennessee: black,16.284079,percent of population,github.com/NickCH-K/causaldata
1988-12-31,Tennessee: black,16.251467,percent of population,github.com/NickCH-K/causaldata
1989-12-31,Tennessee: black,16.220673,percent of population,github.com/NickCH-K/causaldata
1990-12-31,Tennessee: black,16.159271,percent of population,github.com/NickCH-K/causaldata
1991-12-31,Tennessee: black,16.260235,percent of population,github.com/NickCH-K/causaldata
1992-12-31,Tennessee: black,16.396078,percent of population,github.com/NickCH-K/causaldata
1993-12-31,Tennessee: black,16.556377,percent of population,github.com/NickCH-K/causaldata
1994-12-31,Tennessee: black,16.655413,percent of population,github.com/NickCH-K/causaldata
1995-12-31,Tennessee: black,16.706266,percent of population,github.com/NickCH-K/causaldata
1996-12-31,Tennessee: black,16.794912,percent of population,github.com/NickCH-K/causaldata
1997-12-31,Tennessee: black,16.861095,percent of population,github.com/NickCH-K/causaldata
1998-12-31,Tennessee: black,16.981812,percent of population,github.com/NickCH-K/causaldata
1999-12-31,Tennessee: black,17.095999,percent of population,github.com/NickCH-K/causaldata
2000-12-31,Tennessee: black,17.204416,percent of population,github.com/NickCH-K/causaldata
1985-12-31,Tennessee: bmprison,3045.0,persons,github.com/NickCH-K/causaldata
1986-12-31,Tennessee: bmprison,3000.0,persons,github.com/NickCH-K/causaldata
1987-12-31,Tennessee: bmprison,3019.0,persons,github.com/NickCH-K/causaldata
1988-12-31,Tennessee: bmprison,2972.0,persons,github.com/NickCH-K/causaldata
1989-12-31,Tennessee: bmprison,4364.0,persons,github.com/NickCH-K/causaldata
1990-12-31,Tennessee: bmprison,4428.0,persons,github.com/NickCH-K/causaldata
1991-12-31,Tennessee: bmprison,5287.0,persons,github.com/NickCH-K/causaldata
1992-12-31,Tennessee: bmprison,5586.0,persons,github.com/NickCH-K/causaldata
1993-12-31,Tennessee: bmprison,5965.0,persons,github.com/NickCH-K/causaldata
1994-12-31,Tennessee: bmprison,6918.0,persons,github.com/NickCH-K/causaldata
1995-12-31,Tennessee: bmprison,7537.0,persons,github.com/NickCH-K/causaldata
1996-12-31,Tennessee: bmprison,7711.0,persons,github.com/NickCH-K/causaldata
1997-12-31,Tennessee: bmprison,8121.0,persons,github.com/NickCH-K/causaldata
1998-12-31,Tennessee: bmprison,8662.0,persons,github.com/NickCH-K/causaldata
1999-12-31,Tennessee: bmprison,11440.0,persons,github.com/NickCH-K/causaldata
2000-12-31,Tennessee: bmprison,11108.0,persons,github.com/NickCH-K/causaldata
1985-12-31,Tennessee: income,12297.0,median income,github.com/NickCH-K/causaldata
1986-12-31,Tennessee: income,13035.0,median income,github.com/NickCH-K/causaldata
1987-12-31,Tennessee: income,13885.0,median income,github.com/NickCH-K/causaldata
1988-12-31,Tennessee: income,14856.0,median income,github.com/NickCH-K/causaldata
1989-12-31,Tennessee: income,15833.0,median income,github.com/NickCH-K/causaldata
1990-12-31,Tennessee: income,16692.0,median income,github.com/NickCH-K/causaldata
1991-12-31,Tennessee: income,17298.0,median income,github.com/NickCH-K/causaldata
1992-12-31,Tennessee: income,18577.0,median income,github.com/NickCH-K/causaldata
1993-12-31,Tennessee: income,19284.0,median income,github.com/NickCH-K/causaldata
1994-12-31,Tennessee: income,20233.0,median income,github.com/NickCH-K/causaldata
1995-12-31,Tennessee: income,21174.0,median income,github.com/NickCH-K/causaldata
1996-12-31,Tennessee: income,21854.0,median income,github.com/NickCH-K/causaldata
1997-12-31,Tennessee: income,22676.0,median income,github.com/NickCH-K/causaldata
1998-12-31,Tennessee: income,23989.0,median income,github.com/NickCH-K/causaldata
1999-12-31,Tennessee: income,24898.0,median income,github.com/NickCH-K/causaldata
2000-12-31,Tennessee: income,26097.0,median income,github.com/NickCH-K/causaldata
1985-12-31,Tennessee: perc1519,8.091446,percent of population,github.com/NickCH-K/causaldata
1986-12-31,Tennessee: perc1519,8.093885,percent of population,github.com/NickCH-K/causaldata
1987-12-31,Tennessee: perc1519,8.006632,percent of population,github.com/NickCH-K/causaldata
1988-12-31,Tennessee: perc1519,7.879382,percent of population,github.com/NickCH-K/causaldata
1989-12-31,Tennessee: perc1519,7.684112,percent of population,github.com/NickCH-K/causaldata
1990-12-31,Tennessee: perc1519,7.4557076,percent of population,github.com/NickCH-K/causaldata
1991-12-31,Tennessee: perc1519,7.1158724,percent of population,github.com/NickCH-K/causaldata
1992-12-31,Tennessee: perc1519,6.9647913,percent of population,github.com/NickCH-K/causaldata
1993-12-31,Tennessee: perc1519,6.936704,percent of population,github.com/NickCH-K/causaldata
1994-12-31,Tennessee: perc1519,6.9645286,percent of population,github.com/NickCH-K/causaldata
1995-12-31,Tennessee: perc1519,7.0246196,percent of population,github.com/NickCH-K/causaldata
1996-12-31,Tennessee: perc1519,7.093268,percent of population,github.com/NickCH-K/causaldata
1997-12-31,Tennessee: perc1519,7.1069913,percent of population,github.com/NickCH-K/causaldata
1998-12-31,Tennessee: perc1519,7.095508,percent of population,github.com/NickCH-K/causaldata
1999-12-31,Tennessee: perc1519,7.0166097,percent of population,github.com/NickCH-K/causaldata
2000-12-31,Tennessee: perc1519,6.9015436,percent of population,github.com/NickCH-K/causaldata
1985-12-31,Tennessee: poverty,18.1,rate,github.com/NickCH-K/causaldata
1986-12-31,Tennessee: poverty,18.3,rate,github.com/NickCH-K/causaldata
1987-12-31,Tennessee: poverty,16.9,rate,github.com/NickCH-K/causaldata
1988-12-31,Tennessee: poverty,18.0,rate,github.com/NickCH-K/causaldata
1989-12-31,Tennessee: poverty,18.4,rate,github.com/NickCH-K/causaldata
1990-12-31,Tennessee: poverty,16.9,rate,github.com/NickCH-K/causaldata
1991-12-31,Tennessee: poverty,15.5,rate,github.com/NickCH-K/causaldata
1992-12-31,Tennessee: poverty,17.0,rate,github.com/NickCH-K/causaldata
1993-12-31,Tennessee: poverty,19.6,rate,github.com/NickCH-K/causaldata
1994-12-31,Tennessee: poverty,14.6,rate,github.com/NickCH-K/causaldata
1995-12-31,Tennessee: poverty,15.5,rate,github.com/NickCH-K/causaldata
1996-12-31,Tennessee: poverty,15.9,rate,github.com/NickCH-K/causaldata
1997-12-31,Tennessee: poverty,14.3,rate,github.com/NickCH-K/causaldata
1998-12-31,Tennessee: poverty,13.4,rate,github.com/NickCH-K/causaldata
1999-12-31,Tennessee: poverty,11.9,rate,github.com/NickCH-K/causaldata
2000-12-31,Tennessee: poverty,13.5,rate,github.com/NickCH-K/causaldata
1985-12-31,Tennessee: ur,8.233334,rate,github.com/NickCH-K/causaldata
1986-12-31,Tennessee: ur,7.866667,rate,github.com/NickCH-K/causaldata
1987-12-31,Tennessee: ur,6.775,rate,github.com/NickCH-K/causaldata
1988-12-31,Tennessee: ur,5.85,rate,github.com/NickCH-K/causaldata
1989-12-31,Tennessee: ur,5.225,rate,github.com/NickCH-K/causaldata
1990-12-31,Tennessee: ur,5.483333,rate,github.com/NickCH-K/causaldata
1991-12-31,Tennessee: ur,6.5666666,rate,github.com/NickCH-K/causaldata
1992-12-31,Tennessee: ur,6.5583334,rate,github.com/NickCH-K/causaldata
1993-12-31,Tennessee: ur,5.975,rate,github.com/NickCH-K/causaldata
1994-12-31,Tennessee: ur,5.1,rate,github.com/NickCH-K/causaldata
1995-12-31,Tennessee: ur,5.2916665,rate,github.com/NickCH-K/causaldata
1996-12-31,Tennessee: ur,5.3416667,rate,github.com/NickCH-K/causaldata
1997-12-31,Tennessee: ur,5.3333335,rate,github.com/NickCH-K/causaldata
1998-12-31,Tennessee: ur,4.508333,rate,github.com/NickCH-K/causaldata
1999-12-31,Tennessee: ur,4.108333,rate,github.com/NickCH-K/causaldata
2000-12-31,Tennessee: ur,4.0166664,rate,github.com/NickCH-K/causaldata
1985-12-31,Tennessee: wmprison,3716.0,persons,github.com/NickCH-K/causaldata
1986-12-31,Tennessee: wmprison,4030.0,persons,github.com/NickCH-K/causaldata
1987-12-31,Tennessee: wmprison,4052.0,persons,github.com/NickCH-K/causaldata
1988-12-31,Tennessee: wmprison,4134.0,persons,github.com/NickCH-K/causaldata
1989-12-31,Tennessee: wmprison,5365.0,persons,github.com/NickCH-K/causaldata
1990-12-31,Tennessee: wmprison,5219.0,persons,github.com/NickCH-K/causaldata
1991-12-31,Tennessee: wmprison,5618.0,persons,github.com/NickCH-K/causaldata
1992-12-31,Tennessee: wmprison,5685.0,persons,github.com/NickCH-K/causaldata
1993-12-31,Tennessee: wmprison,6308.0,persons,github.com/NickCH-K/causaldata
1994-12-31,Tennessee: wmprison,6845.0,persons,github.com/NickCH-K/causaldata
1995-12-31,Tennessee: wmprison,6967.0,persons,github.com/NickCH-K/causaldata
1996-12-31,Tennessee: wmprison,7158.0,persons,github.com/NickCH-K/causaldata
1997-12-31,Tennessee: wmprison,7639.0,persons,github.com/NickCH-K/causaldata
1998-12-31,Tennessee: wmprison,8068.0,persons,github.com/NickCH-K/causaldata
1999-12-31,Tennessee: wmprison,9500.0,persons,github.com/NickCH-K/causaldata
2000-12-31,Tennessee: wmprison,9464.0,persons,github.com/NickCH-K/causaldata
1985-12-31,Texas: aidscapita,2.5803497,"AIDS deaths per 100,000",github.com/NickCH-K/causaldata
1986-12-31,Texas: aidscapita,5.035212,"AIDS deaths per 100,000",github.com/NickCH-K/causaldata
1987-12-31,Texas: aidscapita,7.4589863,"AIDS deaths per 100,000",github.com/NickCH-K/causaldata
1988-12-31,Texas: aidscapita,9.046394,"AIDS deaths per 100,000",github.com/NickCH-K/causaldata
1989-12-31,Texas: aidscapita,11.370119,"AIDS deaths per 100,000",github.com/NickCH-K/causaldata
1990-12-31,Texas: aidscapita,13.589923,"AIDS deaths per 100,000",github.com/NickCH-K/causaldata
1991-12-31,Texas: aidscapita,14.835035,"AIDS deaths per 100,000",github.com/NickCH-K/causaldata
1992-12-31,Texas: aidscapita,16.464207,"AIDS deaths per 100,000",github.com/NickCH-K/causaldata
1993-12-31,Texas: aidscapita,17.476421,"AIDS deaths per 100,000",github.com/NickCH-K/causaldata
1994-12-31,Texas: aidscapita,18.713577,"AIDS deaths per 100,000",github.com/NickCH-K/causaldata
1995-12-31,Texas: aidscapita,17.722685,"AIDS deaths per 100,000",github.com/NickCH-K/causaldata
1996-12-31,Texas: aidscapita,13.484767,"AIDS deaths per 100,000",github.com/NickCH-K/causaldata
1997-12-31,Texas: aidscapita,7.9380693,"AIDS deaths per 100,000",github.com/NickCH-K/causaldata
1998-12-31,Texas: aidscapita,6.181312,"AIDS deaths per 100,000",github.com/NickCH-K/causaldata
1999-12-31,Texas: aidscapita,5.6765614,"AIDS deaths per 100,000",github.com/NickCH-K/causaldata
2000-12-31,Texas: aidscapita,5.4306207,"AIDS deaths per 100,000",github.com/NickCH-K/causaldata
1985-12-31,Texas: alcohol,2.7,per capita,github.com/NickCH-K/causaldata
1986-12-31,Texas: alcohol,2.63,per capita,github.com/NickCH-K/causaldata
1987-12-31,Texas: alcohol,2.51,per capita,github.com/NickCH-K/causaldata
1988-12-31,Texas: alcohol,2.47,per capita,github.com/NickCH-K/causaldata
1989-12-31,Texas: alcohol,2.46,per capita,github.com/NickCH-K/causaldata
1990-12-31,Texas: alcohol,2.47,per capita,github.com/NickCH-K/causaldata
1991-12-31,Texas: alcohol,2.4,per capita,github.com/NickCH-K/causaldata
1992-12-31,Texas: alcohol,2.45,per capita,github.com/NickCH-K/causaldata
1993-12-31,Texas: alcohol,2.33,per capita,github.com/NickCH-K/causaldata
1994-12-31,Texas: alcohol,2.31,per capita,github.com/NickCH-K/causaldata
1995-12-31,Texas: alcohol,2.23,per capita,github.com/NickCH-K/causaldata
1996-12-31,Texas: alcohol,2.26,per capita,github.com/NickCH-K/causaldata
1997-12-31,Texas: alcohol,2.22,per capita,github.com/NickCH-K/causaldata
1998-12-31,Texas: alcohol,2.25,per capita,github.com/NickCH-K/causaldata
1999-12-31,Texas: alcohol,2.23,per capita,github.com/NickCH-K/causaldata
2000-12-31,Texas: alcohol,2.25,per capita,github.com/NickCH-K/causaldata
1985-12-31,Texas: black,15.891891,percent of population,github.com/NickCH-K/causaldata
1986-12-31,Texas: black,15.874682,percent of population,github.com/NickCH-K/causaldata
1987-12-31,Texas: black,15.847252,percent of population,github.com/NickCH-K/causaldata
1988-12-31,Texas: black,15.826239,percent of population,github.com/NickCH-K/causaldata
1989-12-31,Texas: black,15.806763,percent of population,github.com/NickCH-K/causaldata
1990-12-31,Texas: black,16.15459,percent of population,github.com/NickCH-K/causaldata
1991-12-31,Texas: black,16.299847,percent of population,github.com/NickCH-K/causaldata
1992-12-31,Texas: black,16.459547,percent of population,github.com/NickCH-K/causaldata
1993-12-31,Texas: black,16.651266,percent of population,github.com/NickCH-K/causaldata
1994-12-31,Texas: black,16.823933,percent of population,github.com/NickCH-K/causaldata
1995-12-31,Texas: black,17.046606,percent of population,github.com/NickCH-K/causaldata
1996-12-31,Texas: black,17.220768,percent of population,github.com/NickCH-K/causaldata
1997-12-31,Texas: black,17.384232,percent of population,github.com/NickCH-K/causaldata
1998-12-31,Texas: black,17.540474,percent of population,github.com/NickCH-K/causaldata
1999-12-31,Texas: black,17.716562,percent of population,github.com/NickCH-K/causaldata
2000-12-31,Texas: black,17.900438,percent of population,github.com/NickCH-K/causaldata
1985-12-31,Texas: bmprison,14828.0,persons,github.com/NickCH-K/causaldata
1986-12-31,Texas: bmprison,15207.0,persons,github.com/NickCH-K/causaldata
1987-12-31,Texas: bmprison,15780.0,persons,github.com/NickCH-K/causaldata
1988-12-31,Texas: bmprison,16956.0,persons,github.com/NickCH-K/causaldata
1989-12-31,Texas: bmprison,19366.0,persons,github.com/NickCH-K/causaldata
1990-12-31,Texas: bmprison,22634.0,persons,github.com/NickCH-K/causaldata
1991-12-31,Texas: bmprison,23249.0,persons,github.com/NickCH-K/causaldata
1992-12-31,Texas: bmprison,27568.0,persons,github.com/NickCH-K/causaldata
1993-12-31,Texas: bmprison,29260.0,persons,github.com/NickCH-K/causaldata
1994-12-31,Texas: bmprison,40451.0,persons,github.com/NickCH-K/causaldata
1995-12-31,Texas: bmprison,55602.0,persons,github.com/NickCH-K/causaldata
1996-12-31,Texas: bmprison,55810.0,persons,github.com/NickCH-K/causaldata
1997-12-31,Texas: bmprison,58393.0,persons,github.com/NickCH-K/causaldata
1998-12-31,Texas: bmprison,59709.0,persons,github.com/NickCH-K/causaldata
1999-12-31,Texas: bmprison,60785.0,persons,github.com/NickCH-K/causaldata
2000-12-31,Texas: bmprison,61861.0,persons,github.com/NickCH-K/causaldata
1985-12-31,Texas: income,14272.0,median income,github.com/NickCH-K/causaldata
1986-12-31,Texas: income,14215.0,median income,github.com/NickCH-K/causaldata
1987-12-31,Texas: income,14479.0,median income,github.com/NickCH-K/causaldata
1988-12-31,Texas: income,15325.0,median income,github.com/NickCH-K/causaldata
1989-12-31,Texas: income,16312.0,median income,github.com/NickCH-K/causaldata
1990-12-31,Texas: income,17421.0,median income,github.com/NickCH-K/causaldata
1991-12-31,Texas: income,17929.0,median income,github.com/NickCH-K/causaldata
1992-12-31,Texas: income,18916.0,median income,github.com/NickCH-K/causaldata
1993-12-31,Texas: income,19503.0,median income,github.com/NickCH-K/causaldata
1994-12-31,Texas: income,20189.0,median income,github.com/NickCH-K/causaldata
1995-12-31,Texas: income,21003.0,median income,github.com/NickCH-K/causaldata
1996-12-31,Texas: income,22120.0,median income,github.com/NickCH-K/causaldata
1997-12-31,Texas: income,23616.0,median income,github.com/NickCH-K/causaldata
1998-12-31,Texas: income,25186.0,median income,github.com/NickCH-K/causaldata
1999-12-31,Texas: income,26250.0,median income,github.com/NickCH-K/causaldata
2000-12-31,Texas: income,28313.0,median income,github.com/NickCH-K/causaldata
1985-12-31,Texas: perc1519,8.1983185,percent of population,github.com/NickCH-K/causaldata
1986-12-31,Texas: perc1519,8.217521,percent of population,github.com/NickCH-K/causaldata
1987-12-31,Texas: perc1519,8.151902,percent of population,github.com/NickCH-K/causaldata
1988-12-31,Texas: perc1519,8.045563,percent of population,github.com/NickCH-K/causaldata
1989-12-31,Texas: perc1519,7.8735247,percent of population,github.com/NickCH-K/causaldata
1990-12-31,Texas: perc1519,7.7030005,percent of population,github.com/NickCH-K/causaldata
1991-12-31,Texas: perc1519,7.4686728,percent of population,github.com/NickCH-K/causaldata
1992-12-31,Texas: perc1519,7.3784533,percent of population,github.com/NickCH-K/causaldata
1993-12-31,Texas: perc1519,7.3598094,percent of population,github.com/NickCH-K/causaldata
1994-12-31,Texas: perc1519,7.412591,percent of population,github.com/NickCH-K/causaldata
1995-12-31,Texas: perc1519,7.5146666,percent of population,github.com/NickCH-K/causaldata
1996-12-31,Texas: perc1519,7.650408,percent of population,github.com/NickCH-K/causaldata
1997-12-31,Texas: perc1519,7.7624288,percent of population,github.com/NickCH-K/causaldata
1998-12-31,Texas: perc1519,7.870269,percent of population,github.com/NickCH-K/causaldata
1999-12-31,Texas: perc1519,7.8782697,percent of population,github.com/NickCH-K/causaldata
2000-12-31,Texas: perc1519,7.8365,percent of population,github.com/NickCH-K/causaldata
1985-12-31,Texas: poverty,15.9,rate,github.com/NickCH-K/causaldata
1986-12-31,Texas: poverty,17.3,rate,github.com/NickCH-K/causaldata
1987-12-31,Texas: poverty,17.6,rate,github.com/NickCH-K/causaldata
1988-12-31,Texas: poverty,18.0,rate,github.com/NickCH-K/causaldata
1989-12-31,Texas: poverty,17.1,rate,github.com/NickCH-K/causaldata
1990-12-31,Texas: poverty,15.9,rate,github.com/NickCH-K/causaldata
1991-12-31,Texas: poverty,17.5,rate,github.com/NickCH-K/causaldata
1992-12-31,Texas: poverty,18.3,rate,github.com/NickCH-K/causaldata
1993-12-31,Texas: poverty,17.4,rate,github.com/NickCH-K/causaldata
1994-12-31,Texas: poverty,19.1,rate,github.com/NickCH-K/causaldata
1995-12-31,Texas: poverty,17.4,rate,github.com/NickCH-K/causaldata
1996-12-31,Texas: poverty,16.6,rate,github.com/NickCH-K/causaldata
1997-12-31,Texas: poverty,16.7,rate,github.com/NickCH-K/causaldata
1998-12-31,Texas: poverty,15.1,rate,github.com/NickCH-K/causaldata
1999-12-31,Texas: poverty,15.2,rate,github.com/NickCH-K/causaldata
2000-12-31,Texas: poverty,15.5,rate,github.com/NickCH-K/causaldata
1985-12-31,Texas: ur,6.8333335,rate,github.com/NickCH-K/causaldata
1986-12-31,Texas: ur,8.916667,rate,github.com/NickCH-K/causaldata
1987-12-31,Texas: ur,8.5,rate,github.com/NickCH-K/causaldata
1988-12-31,Texas: ur,7.4,rate,github.com/NickCH-K/causaldata
1989-12-31,Texas: ur,6.725,rate,github.com/NickCH-K/causaldata
1990-12-31,Texas: ur,6.425,rate,github.com/NickCH-K/causaldata
1991-12-31,Texas: ur,6.991667,rate,github.com/NickCH-K/causaldata
1992-12-31,Texas: ur,7.616667,rate,github.com/NickCH-K/causaldata
1993-12-31,Texas: ur,7.1833334,rate,github.com/NickCH-K/causaldata
1994-12-31,Texas: ur,6.5666666,rate,github.com/NickCH-K/causaldata
1995-12-31,Texas: ur,6.125,rate,github.com/NickCH-K/causaldata
1996-12-31,Texas: ur,5.758333,rate,github.com/NickCH-K/causaldata
1997-12-31,Texas: ur,5.35,rate,github.com/NickCH-K/causaldata
1998-12-31,Texas: ur,4.9166665,rate,github.com/NickCH-K/causaldata
1999-12-31,Texas: ur,4.7166667,rate,github.com/NickCH-K/causaldata
2000-12-31,Texas: ur,4.375,rate,github.com/NickCH-K/causaldata
1986-12-31,Texas: wmprison,13423.0,persons,github.com/NickCH-K/causaldata
1987-12-31,Texas: wmprison,13108.0,persons,github.com/NickCH-K/causaldata
1988-12-31,Texas: wmprison,13192.0,persons,github.com/NickCH-K/causaldata
1989-12-31,Texas: wmprison,13383.0,persons,github.com/NickCH-K/causaldata
1990-12-31,Texas: wmprison,14253.0,persons,github.com/NickCH-K/causaldata
1991-12-31,Texas: wmprison,14168.0,persons,github.com/NickCH-K/causaldata
1992-12-31,Texas: wmprison,16594.0,persons,github.com/NickCH-K/causaldata
1993-12-31,Texas: wmprison,17184.0,persons,github.com/NickCH-K/causaldata
1994-12-31,Texas: wmprison,26201.0,persons,github.com/NickCH-K/causaldata
1995-12-31,Texas: wmprison,32594.0,persons,github.com/NickCH-K/causaldata
1996-12-31,Texas: wmprison,33676.0,persons,github.com/NickCH-K/causaldata
1997-12-31,Texas: wmprison,35504.0,persons,github.com/NickCH-K/causaldata
1998-12-31,Texas: wmprison,37973.0,persons,github.com/NickCH-K/causaldata
1999-12-31,Texas: wmprison,41668.0,persons,github.com/NickCH-K/causaldata
2000-12-31,Texas: wmprison,45363.0,persons,github.com/NickCH-K/causaldata
1985-12-31,Utah: aidscapita,0.7302255,"AIDS deaths per 100,000",github.com/NickCH-K/causaldata
1986-12-31,Utah: aidscapita,1.5032322,"AIDS deaths per 100,000",github.com/NickCH-K/causaldata
1987-12-31,Utah: aidscapita,1.9066356,"AIDS deaths per 100,000",github.com/NickCH-K/causaldata
1988-12-31,Utah: aidscapita,2.6041281,"AIDS deaths per 100,000",github.com/NickCH-K/causaldata
1989-12-31,Utah: aidscapita,2.696524,"AIDS deaths per 100,000",github.com/NickCH-K/causaldata
1990-12-31,Utah: aidscapita,3.8700964,"AIDS deaths per 100,000",github.com/NickCH-K/causaldata
1991-12-31,Utah: aidscapita,4.551124,"AIDS deaths per 100,000",github.com/NickCH-K/causaldata
1992-12-31,Utah: aidscapita,4.8998284,"AIDS deaths per 100,000",github.com/NickCH-K/causaldata
1993-12-31,Utah: aidscapita,6.0050445,"AIDS deaths per 100,000",github.com/NickCH-K/causaldata
1994-12-31,Utah: aidscapita,5.5599594,"AIDS deaths per 100,000",github.com/NickCH-K/causaldata
1995-12-31,Utah: aidscapita,7.0003777,"AIDS deaths per 100,000",github.com/NickCH-K/causaldata
1996-12-31,Utah: aidscapita,4.4487944,"AIDS deaths per 100,000",github.com/NickCH-K/causaldata
1997-12-31,Utah: aidscapita,2.5474293,"AIDS deaths per 100,000",github.com/NickCH-K/causaldata
1998-12-31,Utah: aidscapita,1.6159116,"AIDS deaths per 100,000",github.com/NickCH-K/causaldata
1999-12-31,Utah: aidscapita,2.3599012,"AIDS deaths per 100,000",github.com/NickCH-K/causaldata
2000-12-31,Utah: aidscapita,1.8721533,"AIDS deaths per 100,000",github.com/NickCH-K/causaldata
1985-12-31,Utah: alcohol,1.58,per capita,github.com/NickCH-K/causaldata
1986-12-31,Utah: alcohol,1.58,per capita,github.com/NickCH-K/causaldata
1987-12-31,Utah: alcohol,1.49,per capita,github.com/NickCH-K/causaldata
1988-12-31,Utah: alcohol,1.45,per capita,github.com/NickCH-K/causaldata
1989-12-31,Utah: alcohol,1.42,per capita,github.com/NickCH-K/causaldata
1990-12-31,Utah: alcohol,1.39,per capita,github.com/NickCH-K/causaldata
1991-12-31,Utah: alcohol,1.34,per capita,github.com/NickCH-K/causaldata
1992-12-31,Utah: alcohol,1.33,per capita,github.com/NickCH-K/causaldata
1993-12-31,Utah: alcohol,1.28,per capita,github.com/NickCH-K/causaldata
1994-12-31,Utah: alcohol,1.24,per capita,github.com/NickCH-K/causaldata
1995-12-31,Utah: alcohol,1.21,per capita,github.com/NickCH-K/causaldata
1996-12-31,Utah: alcohol,1.24,per capita,github.com/NickCH-K/causaldata
1997-12-31,Utah: alcohol,1.25,per capita,github.com/NickCH-K/causaldata
1998-12-31,Utah: alcohol,1.2,per capita,github.com/NickCH-K/causaldata
1999-12-31,Utah: alcohol,1.27,per capita,github.com/NickCH-K/causaldata
2000-12-31,Utah: alcohol,1.27,per capita,github.com/NickCH-K/causaldata
1985-12-31,Utah: black,0.61221504,percent of population,github.com/NickCH-K/causaldata
1986-12-31,Utah: black,0.61058784,percent of population,github.com/NickCH-K/causaldata
1987-12-31,Utah: black,0.60798466,percent of population,github.com/NickCH-K/causaldata
1988-12-31,Utah: black,0.6051819,percent of population,github.com/NickCH-K/causaldata
1989-12-31,Utah: black,0.6025069,percent of population,github.com/NickCH-K/causaldata
1990-12-31,Utah: black,0.6867507,percent of population,github.com/NickCH-K/causaldata
1991-12-31,Utah: black,0.7101454,percent of population,github.com/NickCH-K/causaldata
1992-12-31,Utah: black,0.73945576,percent of population,github.com/NickCH-K/causaldata
1993-12-31,Utah: black,0.7521245,percent of population,github.com/NickCH-K/causaldata
1994-12-31,Utah: black,0.78420824,percent of population,github.com/NickCH-K/causaldata
1995-12-31,Utah: black,0.80893284,percent of population,github.com/NickCH-K/causaldata
1996-12-31,Utah: black,0.83365893,percent of population,github.com/NickCH-K/causaldata
1997-12-31,Utah: black,0.87468654,percent of population,github.com/NickCH-K/causaldata
1998-12-31,Utah: black,0.9103765,percent of population,github.com/NickCH-K/causaldata
1999-12-31,Utah: black,0.9591482,percent of population,github.com/NickCH-K/causaldata
2000-12-31,Utah: black,1.0620583,percent of population,github.com/NickCH-K/causaldata
1985-12-31,Utah: bmprison,142.0,persons,github.com/NickCH-K/causaldata
1986-12-31,Utah: bmprison,143.0,persons,github.com/NickCH-K/causaldata
1987-12-31,Utah: bmprison,161.0,persons,github.com/NickCH-K/causaldata
1988-12-31,Utah: bmprison,167.0,persons,github.com/NickCH-K/causaldata
1989-12-31,Utah: bmprison,196.0,persons,github.com/NickCH-K/causaldata
1990-12-31,Utah: bmprison,208.0,persons,github.com/NickCH-K/causaldata
1991-12-31,Utah: bmprison,207.0,persons,github.com/NickCH-K/causaldata
1992-12-31,Utah: bmprison,234.0,persons,github.com/NickCH-K/causaldata
1993-12-31,Utah: bmprison,230.0,persons,github.com/NickCH-K/causaldata
1994-12-31,Utah: bmprison,253.0,persons,github.com/NickCH-K/causaldata
1995-12-31,Utah: bmprison,278.0,persons,github.com/NickCH-K/causaldata
1996-12-31,Utah: bmprison,311.0,persons,github.com/NickCH-K/causaldata
1997-12-31,Utah: bmprison,318.0,persons,github.com/NickCH-K/causaldata
1998-12-31,Utah: bmprison,324.0,persons,github.com/NickCH-K/causaldata
1999-12-31,Utah: bmprison,390.0,persons,github.com/NickCH-K/causaldata
2000-12-31,Utah: bmprison,420.0,persons,github.com/NickCH-K/causaldata
1985-12-31,Utah: income,12048.0,median income,github.com/NickCH-K/causaldata
1986-12-31,Utah: income,12426.0,median income,github.com/NickCH-K/causaldata
1987-12-31,Utah: income,12729.0,median income,github.com/NickCH-K/causaldata
1988-12-31,Utah: income,13192.0,median income,github.com/NickCH-K/causaldata
1989-12-31,Utah: income,14005.0,median income,github.com/NickCH-K/causaldata
1990-12-31,Utah: income,14913.0,median income,github.com/NickCH-K/causaldata
1991-12-31,Utah: income,15492.0,median income,github.com/NickCH-K/causaldata
1992-12-31,Utah: income,16115.0,median income,github.com/NickCH-K/causaldata
1993-12-31,Utah: income,16756.0,median income,github.com/NickCH-K/causaldata
1994-12-31,Utah: income,17566.0,median income,github.com/NickCH-K/causaldata
1995-12-31,Utah: income,18478.0,median income,github.com/NickCH-K/causaldata
1996-12-31,Utah: income,19529.0,median income,github.com/NickCH-K/causaldata
1997-12-31,Utah: income,20600.0,median income,github.com/NickCH-K/causaldata
1998-12-31,Utah: income,21708.0,median income,github.com/NickCH-K/causaldata
1999-12-31,Utah: income,22393.0,median income,github.com/NickCH-K/causaldata
2000-12-31,Utah: income,23878.0,median income,github.com/NickCH-K/causaldata
1985-12-31,Utah: perc1519,8.827026,percent of population,github.com/NickCH-K/causaldata
1986-12-31,Utah: perc1519,8.975379,percent of population,github.com/NickCH-K/causaldata
1987-12-31,Utah: perc1519,9.027622,percent of population,github.com/NickCH-K/causaldata
1988-12-31,Utah: perc1519,9.024014,percent of population,github.com/NickCH-K/causaldata
1989-12-31,Utah: perc1519,8.940618,percent of population,github.com/NickCH-K/causaldata
1990-12-31,Utah: perc1519,8.887128,percent of population,github.com/NickCH-K/causaldata
1991-12-31,Utah: perc1519,8.96858,percent of population,github.com/NickCH-K/causaldata
1992-12-31,Utah: perc1519,9.244724,percent of population,github.com/NickCH-K/causaldata
1993-12-31,Utah: perc1519,9.626928,percent of population,github.com/NickCH-K/causaldata
1994-12-31,Utah: perc1519,9.986401,percent of population,github.com/NickCH-K/causaldata
1995-12-31,Utah: perc1519,10.278193,percent of population,github.com/NickCH-K/causaldata
1996-12-31,Utah: perc1519,10.419608,percent of population,github.com/NickCH-K/causaldata
1997-12-31,Utah: perc1519,10.360867,percent of population,github.com/NickCH-K/causaldata
1998-12-31,Utah: perc1519,10.228352,percent of population,github.com/NickCH-K/causaldata
1999-12-31,Utah: perc1519,9.946575,percent of population,github.com/NickCH-K/causaldata
2000-12-31,Utah: perc1519,9.548071,percent of population,github.com/NickCH-K/causaldata
1985-12-31,Utah: poverty,10.9,rate,github.com/NickCH-K/causaldata
1986-12-31,Utah: poverty,12.6,rate,github.com/NickCH-K/causaldata
1987-12-31,Utah: poverty,10.2,rate,github.com/NickCH-K/causaldata
1988-12-31,Utah: poverty,9.8,rate,github.com/NickCH-K/causaldata
1989-12-31,Utah: poverty,8.2,rate,github.com/NickCH-K/causaldata
1990-12-31,Utah: poverty,8.2,rate,github.com/NickCH-K/causaldata
1991-12-31,Utah: poverty,12.9,rate,github.com/NickCH-K/causaldata
1992-12-31,Utah: poverty,9.4,rate,github.com/NickCH-K/causaldata
1993-12-31,Utah: poverty,10.7,rate,github.com/NickCH-K/causaldata
1994-12-31,Utah: poverty,8.0,rate,github.com/NickCH-K/causaldata
1995-12-31,Utah: poverty,8.4,rate,github.com/NickCH-K/causaldata
1996-12-31,Utah: poverty,7.7,rate,github.com/NickCH-K/causaldata
1997-12-31,Utah: poverty,8.9,rate,github.com/NickCH-K/causaldata
1998-12-31,Utah: poverty,9.0,rate,github.com/NickCH-K/causaldata
1999-12-31,Utah: poverty,5.7,rate,github.com/NickCH-K/causaldata
2000-12-31,Utah: poverty,7.6,rate,github.com/NickCH-K/causaldata
1985-12-31,Utah: ur,6.233333,rate,github.com/NickCH-K/causaldata
1986-12-31,Utah: ur,6.175,rate,github.com/NickCH-K/causaldata
1987-12-31,Utah: ur,6.2333336,rate,github.com/NickCH-K/causaldata
1988-12-31,Utah: ur,4.9583335,rate,github.com/NickCH-K/causaldata
1989-12-31,Utah: ur,4.6416664,rate,github.com/NickCH-K/causaldata
1990-12-31,Utah: ur,4.4333334,rate,github.com/NickCH-K/causaldata
1991-12-31,Utah: ur,4.741667,rate,github.com/NickCH-K/causaldata
1992-12-31,Utah: ur,4.9416666,rate,github.com/NickCH-K/causaldata
1993-12-31,Utah: ur,4.1749997,rate,github.com/NickCH-K/causaldata
1994-12-31,Utah: ur,3.8583333,rate,github.com/NickCH-K/causaldata
1995-12-31,Utah: ur,3.5083334,rate,github.com/NickCH-K/causaldata
1996-12-31,Utah: ur,3.4833333,rate,github.com/NickCH-K/causaldata
1997-12-31,Utah: ur,3.175,rate,github.com/NickCH-K/causaldata
1998-12-31,Utah: ur,3.6916666,rate,github.com/NickCH-K/causaldata
1999-12-31,Utah: ur,3.575,rate,github.com/NickCH-K/causaldata
2000-12-31,Utah: ur,3.3583333,rate,github.com/NickCH-K/causaldata
1985-12-31,Utah: wmprison,1384.0,persons,github.com/NickCH-K/causaldata
1986-12-31,Utah: wmprison,1586.0,persons,github.com/NickCH-K/causaldata
1987-12-31,Utah: wmprison,1579.0,persons,github.com/NickCH-K/causaldata
1988-12-31,Utah: wmprison,1619.0,persons,github.com/NickCH-K/causaldata
1989-12-31,Utah: wmprison,1964.0,persons,github.com/NickCH-K/causaldata
1990-12-31,Utah: wmprison,2021.0,persons,github.com/NickCH-K/causaldata
1991-12-31,Utah: wmprison,2167.0,persons,github.com/NickCH-K/causaldata
1992-12-31,Utah: wmprison,2184.0,persons,github.com/NickCH-K/causaldata
1993-12-31,Utah: wmprison,2342.0,persons,github.com/NickCH-K/causaldata
1994-12-31,Utah: wmprison,2482.0,persons,github.com/NickCH-K/causaldata
1995-12-31,Utah: wmprison,2826.0,persons,github.com/NickCH-K/causaldata
1996-12-31,Utah: wmprison,3213.0,persons,github.com/NickCH-K/causaldata
1997-12-31,Utah: wmprison,3519.0,persons,github.com/NickCH-K/causaldata
1998-12-31,Utah: wmprison,3581.0,persons,github.com/NickCH-K/causaldata
1999-12-31,Utah: wmprison,4303.0,persons,github.com/NickCH-K/causaldata
2000-12-31,Utah: wmprison,3587.0,persons,github.com/NickCH-K/causaldata
1985-12-31,Vermont: aidscapita,0.0,"AIDS deaths per 100,000",github.com/NickCH-K/causaldata
1986-12-31,Vermont: aidscapita,0.0,"AIDS deaths per 100,000",github.com/NickCH-K/causaldata
1987-12-31,Vermont: aidscapita,0.0,"AIDS deaths per 100,000",github.com/NickCH-K/causaldata
1988-12-31,Vermont: aidscapita,0.7274804,"AIDS deaths per 100,000",github.com/NickCH-K/causaldata
1989-12-31,Vermont: aidscapita,1.7930851,"AIDS deaths per 100,000",github.com/NickCH-K/causaldata
1990-12-31,Vermont: aidscapita,2.6558168,"AIDS deaths per 100,000",github.com/NickCH-K/causaldata
1991-12-31,Vermont: aidscapita,2.6380305,"AIDS deaths per 100,000",github.com/NickCH-K/causaldata
1992-12-31,Vermont: aidscapita,3.8411107,"AIDS deaths per 100,000",github.com/NickCH-K/causaldata
1993-12-31,Vermont: aidscapita,4.1540604,"AIDS deaths per 100,000",github.com/NickCH-K/causaldata
1994-12-31,Vermont: aidscapita,5.30971,"AIDS deaths per 100,000",github.com/NickCH-K/causaldata
1995-12-31,Vermont: aidscapita,4.7538037,"AIDS deaths per 100,000",github.com/NickCH-K/causaldata
1996-12-31,Vermont: aidscapita,2.0212195,"AIDS deaths per 100,000",github.com/NickCH-K/causaldata
1997-12-31,Vermont: aidscapita,1.0046229,"AIDS deaths per 100,000",github.com/NickCH-K/causaldata
1998-12-31,Vermont: aidscapita,0.66620475,"AIDS deaths per 100,000",github.com/NickCH-K/causaldata
1999-12-31,Vermont: aidscapita,1.1576314,"AIDS deaths per 100,000",github.com/NickCH-K/causaldata
2000-12-31,Vermont: aidscapita,0.0,"AIDS deaths per 100,000",github.com/NickCH-K/causaldata
1985-12-31,Vermont: alcohol,3.13,per capita,github.com/NickCH-K/causaldata
1986-12-31,Vermont: alcohol,3.17,per capita,github.com/NickCH-K/causaldata
1987-12-31,Vermont: alcohol,3.11,per capita,github.com/NickCH-K/causaldata
1988-12-31,Vermont: alcohol,3.0,per capita,github.com/NickCH-K/causaldata
1989-12-31,Vermont: alcohol,2.84,per capita,github.com/NickCH-K/causaldata
1990-12-31,Vermont: alcohol,2.8,per capita,github.com/NickCH-K/causaldata
1991-12-31,Vermont: alcohol,2.69,per capita,github.com/NickCH-K/causaldata
1992-12-31,Vermont: alcohol,2.57,per capita,github.com/NickCH-K/causaldata
1993-12-31,Vermont: alcohol,2.52,per capita,github.com/NickCH-K/causaldata
1994-12-31,Vermont: alcohol,2.5,per capita,github.com/NickCH-K/causaldata
1995-12-31,Vermont: alcohol,2.34,per capita,github.com/NickCH-K/causaldata
1996-12-31,Vermont: alcohol,2.38,per capita,github.com/NickCH-K/causaldata
1997-12-31,Vermont: alcohol,2.33,per capita,github.com/NickCH-K/causaldata
1998-12-31,Vermont: alcohol,2.34,per capita,github.com/NickCH-K/causaldata
1999-12-31,Vermont: alcohol,2.32,per capita,github.com/NickCH-K/causaldata
2000-12-31,Vermont: alcohol,2.34,per capita,github.com/NickCH-K/causaldata
1985-12-31,Vermont: black,0.34352872,percent of population,github.com/NickCH-K/causaldata
1986-12-31,Vermont: black,0.34210888,percent of population,github.com/NickCH-K/causaldata
1987-12-31,Vermont: black,0.34115452,percent of population,github.com/NickCH-K/causaldata
1988-12-31,Vermont: black,0.33912644,percent of population,github.com/NickCH-K/causaldata
1989-12-31,Vermont: black,0.33779046,percent of population,github.com/NickCH-K/causaldata
1990-12-31,Vermont: black,0.3277263,percent of population,github.com/NickCH-K/causaldata
1991-12-31,Vermont: black,0.3368915,percent of population,github.com/NickCH-K/causaldata
1992-12-31,Vermont: black,0.38267025,percent of population,github.com/NickCH-K/causaldata
1993-12-31,Vermont: black,0.47785836,percent of population,github.com/NickCH-K/causaldata
1994-12-31,Vermont: black,0.46209303,percent of population,github.com/NickCH-K/causaldata
1995-12-31,Vermont: black,0.49154875,percent of population,github.com/NickCH-K/causaldata
1996-12-31,Vermont: black,0.55094385,percent of population,github.com/NickCH-K/causaldata
1997-12-31,Vermont: black,0.53650784,percent of population,github.com/NickCH-K/causaldata
1998-12-31,Vermont: black,0.55877036,percent of population,github.com/NickCH-K/causaldata
1999-12-31,Vermont: black,0.57982224,percent of population,github.com/NickCH-K/causaldata
2000-12-31,Vermont: black,0.6461466,percent of population,github.com/NickCH-K/causaldata
1985-12-31,Vermont: bmprison,0.0,persons,github.com/NickCH-K/causaldata
1986-12-31,Vermont: bmprison,0.0,persons,github.com/NickCH-K/causaldata
1987-12-31,Vermont: bmprison,0.0,persons,github.com/NickCH-K/causaldata
1988-12-31,Vermont: bmprison,0.0,persons,github.com/NickCH-K/causaldata
1989-12-31,Vermont: bmprison,0.0,persons,github.com/NickCH-K/causaldata
1990-12-31,Vermont: bmprison,0.0,persons,github.com/NickCH-K/causaldata
1991-12-31,Vermont: bmprison,0.0,persons,github.com/NickCH-K/causaldata
1992-12-31,Vermont: bmprison,0.0,persons,github.com/NickCH-K/causaldata
1993-12-31,Vermont: bmprison,0.0,persons,github.com/NickCH-K/causaldata
1994-12-31,Vermont: bmprison,29.0,persons,github.com/NickCH-K/causaldata
1995-12-31,Vermont: bmprison,15.0,persons,github.com/NickCH-K/causaldata
1996-12-31,Vermont: bmprison,14.0,persons,github.com/NickCH-K/causaldata
1997-12-31,Vermont: bmprison,35.0,persons,github.com/NickCH-K/causaldata
1998-12-31,Vermont: bmprison,45.0,persons,github.com/NickCH-K/causaldata
1999-12-31,Vermont: bmprison,66.0,persons,github.com/NickCH-K/causaldata
2000-12-31,Vermont: bmprison,75.0,persons,github.com/NickCH-K/causaldata
1985-12-31,Vermont: income,12968.0,median income,github.com/NickCH-K/causaldata
1986-12-31,Vermont: income,13834.0,median income,github.com/NickCH-K/causaldata
1987-12-31,Vermont: income,14875.0,median income,github.com/NickCH-K/causaldata
1988-12-31,Vermont: income,15992.0,median income,github.com/NickCH-K/causaldata
1989-12-31,Vermont: income,17365.0,median income,github.com/NickCH-K/causaldata
1990-12-31,Vermont: income,17876.0,median income,github.com/NickCH-K/causaldata
1991-12-31,Vermont: income,17985.0,median income,github.com/NickCH-K/causaldata
1992-12-31,Vermont: income,19065.0,median income,github.com/NickCH-K/causaldata
1993-12-31,Vermont: income,19485.0,median income,github.com/NickCH-K/causaldata
1994-12-31,Vermont: income,20226.0,median income,github.com/NickCH-K/causaldata
1995-12-31,Vermont: income,21002.0,median income,github.com/NickCH-K/causaldata
1996-12-31,Vermont: income,21964.0,median income,github.com/NickCH-K/causaldata
1997-12-31,Vermont: income,23002.0,median income,github.com/NickCH-K/causaldata
1998-12-31,Vermont: income,24629.0,median income,github.com/NickCH-K/causaldata
1999-12-31,Vermont: income,25881.0,median income,github.com/NickCH-K/causaldata
2000-12-31,Vermont: income,27680.0,median income,github.com/NickCH-K/causaldata
1985-12-31,Vermont: perc1519,8.31749,percent of population,github.com/NickCH-K/causaldata
1986-12-31,Vermont: perc1519,8.272315,percent of population,github.com/NickCH-K/causaldata
1987-12-31,Vermont: perc1519,8.122823,percent of population,github.com/NickCH-K/causaldata
1988-12-31,Vermont: perc1519,7.931173,percent of population,github.com/NickCH-K/causaldata
1989-12-31,Vermont: perc1519,7.6735077,percent of population,github.com/NickCH-K/causaldata
1990-12-31,Vermont: perc1519,7.3343034,percent of population,github.com/NickCH-K/causaldata
1991-12-31,Vermont: perc1519,6.7839594,percent of population,github.com/NickCH-K/causaldata
1992-12-31,Vermont: perc1519,6.5244756,percent of population,github.com/NickCH-K/causaldata
1993-12-31,Vermont: perc1519,6.5556264,percent of population,github.com/NickCH-K/causaldata
1994-12-31,Vermont: perc1519,6.7003403,percent of population,github.com/NickCH-K/causaldata
1995-12-31,Vermont: perc1519,6.875019,percent of population,github.com/NickCH-K/causaldata
1996-12-31,Vermont: perc1519,7.0631514,percent of population,github.com/NickCH-K/causaldata
1997-12-31,Vermont: perc1519,7.2391453,percent of population,github.com/NickCH-K/causaldata
1998-12-31,Vermont: perc1519,7.407031,percent of population,github.com/NickCH-K/causaldata
1999-12-31,Vermont: perc1519,7.480118,percent of population,github.com/NickCH-K/causaldata
2000-12-31,Vermont: perc1519,7.444684,percent of population,github.com/NickCH-K/causaldata
1985-12-31,Vermont: poverty,9.2,rate,github.com/NickCH-K/causaldata
1986-12-31,Vermont: poverty,11.0,rate,github.com/NickCH-K/causaldata
1987-12-31,Vermont: poverty,9.3,rate,github.com/NickCH-K/causaldata
1988-12-31,Vermont: poverty,8.1,rate,github.com/NickCH-K/causaldata
1989-12-31,Vermont: poverty,8.0,rate,github.com/NickCH-K/causaldata
1990-12-31,Vermont: poverty,10.9,rate,github.com/NickCH-K/causaldata
1991-12-31,Vermont: poverty,12.6,rate,github.com/NickCH-K/causaldata
1992-12-31,Vermont: poverty,10.5,rate,github.com/NickCH-K/causaldata
1993-12-31,Vermont: poverty,10.0,rate,github.com/NickCH-K/causaldata
1994-12-31,Vermont: poverty,7.6,rate,github.com/NickCH-K/causaldata
1995-12-31,Vermont: poverty,10.3,rate,github.com/NickCH-K/causaldata
1996-12-31,Vermont: poverty,12.6,rate,github.com/NickCH-K/causaldata
1997-12-31,Vermont: poverty,9.3,rate,github.com/NickCH-K/causaldata
1998-12-31,Vermont: poverty,9.9,rate,github.com/NickCH-K/causaldata
1999-12-31,Vermont: poverty,9.6,rate,github.com/NickCH-K/causaldata
2000-12-31,Vermont: poverty,10.0,rate,github.com/NickCH-K/causaldata
1985-12-31,Vermont: ur,4.7833333,rate,github.com/NickCH-K/causaldata
1986-12-31,Vermont: ur,4.425,rate,github.com/NickCH-K/causaldata
1987-12-31,Vermont: ur,3.7666667,rate,github.com/NickCH-K/causaldata
1988-12-31,Vermont: ur,2.975,rate,github.com/NickCH-K/causaldata
1989-12-31,Vermont: ur,3.5833333,rate,github.com/NickCH-K/causaldata
1990-12-31,Vermont: ur,4.9166665,rate,github.com/NickCH-K/causaldata
1991-12-31,Vermont: ur,6.5916667,rate,github.com/NickCH-K/causaldata
1992-12-31,Vermont: ur,6.4583335,rate,github.com/NickCH-K/causaldata
1993-12-31,Vermont: ur,5.2916665,rate,github.com/NickCH-K/causaldata
1994-12-31,Vermont: ur,4.5416665,rate,github.com/NickCH-K/causaldata
1995-12-31,Vermont: ur,4.3,rate,github.com/NickCH-K/causaldata
1996-12-31,Vermont: ur,4.4083333,rate,github.com/NickCH-K/causaldata
1997-12-31,Vermont: ur,3.9666667,rate,github.com/NickCH-K/causaldata
1998-12-31,Vermont: ur,3.1083333,rate,github.com/NickCH-K/causaldata
1999-12-31,Vermont: ur,2.9416666,rate,github.com/NickCH-K/causaldata
2000-12-31,Vermont: ur,2.6916666,rate,github.com/NickCH-K/causaldata
1986-12-31,Vermont: wmprison,682.0,persons,github.com/NickCH-K/causaldata
1987-12-31,Vermont: wmprison,745.0,persons,github.com/NickCH-K/causaldata
1988-12-31,Vermont: wmprison,792.0,persons,github.com/NickCH-K/causaldata
1989-12-31,Vermont: wmprison,869.0,persons,github.com/NickCH-K/causaldata
1990-12-31,Vermont: wmprison,1013.0,persons,github.com/NickCH-K/causaldata
1991-12-31,Vermont: wmprison,1081.0,persons,github.com/NickCH-K/causaldata
1992-12-31,Vermont: wmprison,1208.0,persons,github.com/NickCH-K/causaldata
1993-12-31,Vermont: wmprison,1175.0,persons,github.com/NickCH-K/causaldata
1994-12-31,Vermont: wmprison,1212.0,persons,github.com/NickCH-K/causaldata
1995-12-31,Vermont: wmprison,1220.0,persons,github.com/NickCH-K/causaldata
1996-12-31,Vermont: wmprison,1000.0,persons,github.com/NickCH-K/causaldata
1997-12-31,Vermont: wmprison,1146.0,persons,github.com/NickCH-K/causaldata
1998-12-31,Vermont: wmprison,1172.0,persons,github.com/NickCH-K/causaldata
1999-12-31,Vermont: wmprison,1248.0,persons,github.com/NickCH-K/causaldata
2000-12-31,Vermont: wmprison,1407.0,persons,github.com/NickCH-K/causaldata
1985-12-31,Virginia: aidscapita,1.4169167,"AIDS deaths per 100,000",github.com/NickCH-K/causaldata
1986-12-31,Virginia: aidscapita,2.6322865,"AIDS deaths per 100,000",github.com/NickCH-K/causaldata
1987-12-31,Virginia: aidscapita,3.7922692,"AIDS deaths per 100,000",github.com/NickCH-K/causaldata
1988-12-31,Virginia: aidscapita,4.9852858,"AIDS deaths per 100,000",github.com/NickCH-K/causaldata
1989-12-31,Virginia: aidscapita,5.865663,"AIDS deaths per 100,000",github.com/NickCH-K/causaldata
1990-12-31,Virginia: aidscapita,7.238353,"AIDS deaths per 100,000",github.com/NickCH-K/causaldata
1991-12-31,Virginia: aidscapita,8.649123,"AIDS deaths per 100,000",github.com/NickCH-K/causaldata
1992-12-31,Virginia: aidscapita,10.788383,"AIDS deaths per 100,000",github.com/NickCH-K/causaldata
1993-12-31,Virginia: aidscapita,11.659649,"AIDS deaths per 100,000",github.com/NickCH-K/causaldata
1994-12-31,Virginia: aidscapita,12.543343,"AIDS deaths per 100,000",github.com/NickCH-K/causaldata
1995-12-31,Virginia: aidscapita,14.136462,"AIDS deaths per 100,000",github.com/NickCH-K/causaldata
1996-12-31,Virginia: aidscapita,10.191257,"AIDS deaths per 100,000",github.com/NickCH-K/causaldata
1997-12-31,Virginia: aidscapita,6.3697224,"AIDS deaths per 100,000",github.com/NickCH-K/causaldata
1998-12-31,Virginia: aidscapita,5.564477,"AIDS deaths per 100,000",github.com/NickCH-K/causaldata
1999-12-31,Virginia: aidscapita,4.3998904,"AIDS deaths per 100,000",github.com/NickCH-K/causaldata
2000-12-31,Virginia: aidscapita,4.644028,"AIDS deaths per 100,000",github.com/NickCH-K/causaldata
1985-12-31,Virginia: alcohol,2.55,per capita,github.com/NickCH-K/causaldata
1986-12-31,Virginia: alcohol,2.53,per capita,github.com/NickCH-K/causaldata
1987-12-31,Virginia: alcohol,2.36,per capita,github.com/NickCH-K/causaldata
1988-12-31,Virginia: alcohol,2.24,per capita,github.com/NickCH-K/causaldata
1989-12-31,Virginia: alcohol,2.19,per capita,github.com/NickCH-K/causaldata
1990-12-31,Virginia: alcohol,2.18,per capita,github.com/NickCH-K/causaldata
1991-12-31,Virginia: alcohol,2.06,per capita,github.com/NickCH-K/causaldata
1992-12-31,Virginia: alcohol,2.1,per capita,github.com/NickCH-K/causaldata
1993-12-31,Virginia: alcohol,2.05,per capita,github.com/NickCH-K/causaldata
1994-12-31,Virginia: alcohol,1.99,per capita,github.com/NickCH-K/causaldata
1995-12-31,Virginia: alcohol,1.93,per capita,github.com/NickCH-K/causaldata
1996-12-31,Virginia: alcohol,1.92,per capita,github.com/NickCH-K/causaldata
1997-12-31,Virginia: alcohol,1.9,per capita,github.com/NickCH-K/causaldata
1998-12-31,Virginia: alcohol,1.94,per capita,github.com/NickCH-K/causaldata
1999-12-31,Virginia: alcohol,1.96,per capita,github.com/NickCH-K/causaldata
2000-12-31,Virginia: alcohol,1.97,per capita,github.com/NickCH-K/causaldata
1985-12-31,Virginia: black,19.963594,percent of population,github.com/NickCH-K/causaldata
1986-12-31,Virginia: black,19.940533,percent of population,github.com/NickCH-K/causaldata
1987-12-31,Virginia: black,19.904915,percent of population,github.com/NickCH-K/causaldata
1988-12-31,Virginia: black,19.876177,percent of population,github.com/NickCH-K/causaldata
1989-12-31,Virginia: black,19.847696,percent of population,github.com/NickCH-K/causaldata
1990-12-31,Virginia: black,19.733177,percent of population,github.com/NickCH-K/causaldata
1991-12-31,Virginia: black,19.970228,percent of population,github.com/NickCH-K/causaldata
1992-12-31,Virginia: black,20.26208,percent of population,github.com/NickCH-K/causaldata
1993-12-31,Virginia: black,20.499718,percent of population,github.com/NickCH-K/causaldata
1994-12-31,Virginia: black,20.711609,percent of population,github.com/NickCH-K/causaldata
1995-12-31,Virginia: black,20.923159,percent of population,github.com/NickCH-K/causaldata
1996-12-31,Virginia: black,21.117788,percent of population,github.com/NickCH-K/causaldata
1997-12-31,Virginia: black,21.34398,percent of population,github.com/NickCH-K/causaldata
1998-12-31,Virginia: black,21.588404,percent of population,github.com/NickCH-K/causaldata
1999-12-31,Virginia: black,21.823357,percent of population,github.com/NickCH-K/causaldata
2000-12-31,Virginia: black,21.949385,percent of population,github.com/NickCH-K/causaldata
1985-12-31,Virginia: bmprison,6825.0,persons,github.com/NickCH-K/causaldata
1986-12-31,Virginia: bmprison,7291.0,persons,github.com/NickCH-K/causaldata
1987-12-31,Virginia: bmprison,7488.0,persons,github.com/NickCH-K/causaldata
1988-12-31,Virginia: bmprison,8239.0,persons,github.com/NickCH-K/causaldata
1989-12-31,Virginia: bmprison,9739.0,persons,github.com/NickCH-K/causaldata
1990-12-31,Virginia: bmprison,10617.0,persons,github.com/NickCH-K/causaldata
1991-12-31,Virginia: bmprison,12109.0,persons,github.com/NickCH-K/causaldata
1992-12-31,Virginia: bmprison,12896.0,persons,github.com/NickCH-K/causaldata
1993-12-31,Virginia: bmprison,14093.0,persons,github.com/NickCH-K/causaldata
1994-12-31,Virginia: bmprison,17002.0,persons,github.com/NickCH-K/causaldata
1995-12-31,Virginia: bmprison,17403.0,persons,github.com/NickCH-K/causaldata
1996-12-31,Virginia: bmprison,17436.0,persons,github.com/NickCH-K/causaldata
1997-12-31,Virginia: bmprison,17859.0,persons,github.com/NickCH-K/causaldata
1998-12-31,Virginia: bmprison,18888.0,persons,github.com/NickCH-K/causaldata
1999-12-31,Virginia: bmprison,16158.0,persons,github.com/NickCH-K/causaldata
2000-12-31,Virginia: bmprison,18709.0,persons,github.com/NickCH-K/causaldata
1985-12-31,Virginia: income,15366.0,median income,github.com/NickCH-K/causaldata
1986-12-31,Virginia: income,16328.0,median income,github.com/NickCH-K/causaldata
1987-12-31,Virginia: income,17324.0,median income,github.com/NickCH-K/causaldata
1988-12-31,Virginia: income,18514.0,median income,github.com/NickCH-K/causaldata
1989-12-31,Virginia: income,19740.0,median income,github.com/NickCH-K/causaldata
1990-12-31,Virginia: income,20449.0,median income,github.com/NickCH-K/causaldata
1991-12-31,Virginia: income,20934.0,median income,github.com/NickCH-K/causaldata
1992-12-31,Virginia: income,21811.0,median income,github.com/NickCH-K/causaldata
1993-12-31,Virginia: income,22470.0,median income,github.com/NickCH-K/causaldata
1994-12-31,Virginia: income,23305.0,median income,github.com/NickCH-K/causaldata
1995-12-31,Virginia: income,24056.0,median income,github.com/NickCH-K/causaldata
1996-12-31,Virginia: income,25034.0,median income,github.com/NickCH-K/causaldata
1997-12-31,Virginia: income,26307.0,median income,github.com/NickCH-K/causaldata
1998-12-31,Virginia: income,27780.0,median income,github.com/NickCH-K/causaldata
1999-12-31,Virginia: income,29226.0,median income,github.com/NickCH-K/causaldata
2000-12-31,Virginia: income,31087.0,median income,github.com/NickCH-K/causaldata
1985-12-31,Virginia: perc1519,7.8725643,percent of population,github.com/NickCH-K/causaldata
1986-12-31,Virginia: perc1519,7.8226223,percent of population,github.com/NickCH-K/causaldata
1987-12-31,Virginia: perc1519,7.6990314,percent of population,github.com/NickCH-K/causaldata
1988-12-31,Virginia: perc1519,7.5387626,percent of population,github.com/NickCH-K/causaldata
1989-12-31,Virginia: perc1519,7.3151684,percent of population,github.com/NickCH-K/causaldata
1990-12-31,Virginia: perc1519,7.0499625,percent of population,github.com/NickCH-K/causaldata
1991-12-31,Virginia: perc1519,6.6649504,percent of population,github.com/NickCH-K/causaldata
1992-12-31,Virginia: perc1519,6.4999537,percent of population,github.com/NickCH-K/causaldata
1993-12-31,Virginia: perc1519,6.4524865,percent of population,github.com/NickCH-K/causaldata
1994-12-31,Virginia: perc1519,6.4702716,percent of population,github.com/NickCH-K/causaldata
1995-12-31,Virginia: perc1519,6.5397253,percent of population,github.com/NickCH-K/causaldata
1996-12-31,Virginia: perc1519,6.647396,percent of population,github.com/NickCH-K/causaldata
1997-12-31,Virginia: perc1519,6.733441,percent of population,github.com/NickCH-K/causaldata
1998-12-31,Virginia: perc1519,6.815238,percent of population,github.com/NickCH-K/causaldata
1999-12-31,Virginia: perc1519,6.8360014,percent of population,github.com/NickCH-K/causaldata
2000-12-31,Virginia: perc1519,6.837529,percent of population,github.com/NickCH-K/causaldata
1985-12-31,Virginia: poverty,10.0,rate,github.com/NickCH-K/causaldata
1986-12-31,Virginia: poverty,9.7,rate,github.com/NickCH-K/causaldata
1987-12-31,Virginia: poverty,9.9,rate,github.com/NickCH-K/causaldata
1988-12-31,Virginia: poverty,10.8,rate,github.com/NickCH-K/causaldata
1989-12-31,Virginia: poverty,10.9,rate,github.com/NickCH-K/causaldata
1990-12-31,Virginia: poverty,11.1,rate,github.com/NickCH-K/causaldata
1991-12-31,Virginia: poverty,9.9,rate,github.com/NickCH-K/causaldata
1992-12-31,Virginia: poverty,9.5,rate,github.com/NickCH-K/causaldata
1993-12-31,Virginia: poverty,9.7,rate,github.com/NickCH-K/causaldata
1994-12-31,Virginia: poverty,10.7,rate,github.com/NickCH-K/causaldata
1995-12-31,Virginia: poverty,10.2,rate,github.com/NickCH-K/causaldata
1996-12-31,Virginia: poverty,12.3,rate,github.com/NickCH-K/causaldata
1997-12-31,Virginia: poverty,12.7,rate,github.com/NickCH-K/causaldata
1998-12-31,Virginia: poverty,8.8,rate,github.com/NickCH-K/causaldata
1999-12-31,Virginia: poverty,7.9,rate,github.com/NickCH-K/causaldata
2000-12-31,Virginia: poverty,8.3,rate,github.com/NickCH-K/causaldata
1985-12-31,Virginia: ur,5.3583336,rate,github.com/NickCH-K/causaldata
1986-12-31,Virginia: ur,4.875,rate,github.com/NickCH-K/causaldata
1987-12-31,Virginia: ur,4.2,rate,github.com/NickCH-K/causaldata
1988-12-31,Virginia: ur,3.975,rate,github.com/NickCH-K/causaldata
1989-12-31,Virginia: ur,3.9,rate,github.com/NickCH-K/causaldata
1990-12-31,Virginia: ur,4.45,rate,github.com/NickCH-K/causaldata
1991-12-31,Virginia: ur,5.883333,rate,github.com/NickCH-K/causaldata
1992-12-31,Virginia: ur,6.15,rate,github.com/NickCH-K/causaldata
1993-12-31,Virginia: ur,5.175,rate,github.com/NickCH-K/causaldata
1994-12-31,Virginia: ur,4.708333,rate,github.com/NickCH-K/causaldata
1995-12-31,Virginia: ur,4.4666667,rate,github.com/NickCH-K/causaldata
1996-12-31,Virginia: ur,4.366667,rate,github.com/NickCH-K/causaldata
1997-12-31,Virginia: ur,3.675,rate,github.com/NickCH-K/causaldata
1998-12-31,Virginia: ur,2.85,rate,github.com/NickCH-K/causaldata
1999-12-31,Virginia: ur,2.6833334,rate,github.com/NickCH-K/causaldata
2000-12-31,Virginia: ur,2.2666667,rate,github.com/NickCH-K/causaldata
1985-12-31,Virginia: wmprison,4733.0,persons,github.com/NickCH-K/causaldata
1986-12-31,Virginia: wmprison,5101.0,persons,github.com/NickCH-K/causaldata
1987-12-31,Virginia: wmprison,5283.0,persons,github.com/NickCH-K/causaldata
1988-12-31,Virginia: wmprison,5302.0,persons,github.com/NickCH-K/causaldata
1989-12-31,Virginia: wmprison,5848.0,persons,github.com/NickCH-K/causaldata
1990-12-31,Virginia: wmprison,5954.0,persons,github.com/NickCH-K/causaldata
1991-12-31,Virginia: wmprison,6562.0,persons,github.com/NickCH-K/causaldata
1992-12-31,Virginia: wmprison,7014.0,persons,github.com/NickCH-K/causaldata
1993-12-31,Virginia: wmprison,7392.0,persons,github.com/NickCH-K/causaldata
1994-12-31,Virginia: wmprison,8218.0,persons,github.com/NickCH-K/causaldata
1995-12-31,Virginia: wmprison,8165.0,persons,github.com/NickCH-K/causaldata
1996-12-31,Virginia: wmprison,8328.0,persons,github.com/NickCH-K/causaldata
1997-12-31,Virginia: wmprison,8627.0,persons,github.com/NickCH-K/causaldata
1998-12-31,Virginia: wmprison,9272.0,persons,github.com/NickCH-K/causaldata
1999-12-31,Virginia: wmprison,7900.0,persons,github.com/NickCH-K/causaldata
2000-12-31,Virginia: wmprison,9107.0,persons,github.com/NickCH-K/causaldata
1985-12-31,Washington: aidscapita,1.8631434,"AIDS deaths per 100,000",github.com/NickCH-K/causaldata
1986-12-31,Washington: aidscapita,2.9191902,"AIDS deaths per 100,000",github.com/NickCH-K/causaldata
1987-12-31,Washington: aidscapita,4.147779,"AIDS deaths per 100,000",github.com/NickCH-K/causaldata
1988-12-31,Washington: aidscapita,5.2148004,"AIDS deaths per 100,000",github.com/NickCH-K/causaldata
1989-12-31,Washington: aidscapita,6.6155205,"AIDS deaths per 100,000",github.com/NickCH-K/causaldata
1990-12-31,Washington: aidscapita,7.7706842,"AIDS deaths per 100,000",github.com/NickCH-K/causaldata
1991-12-31,Washington: aidscapita,9.491359,"AIDS deaths per 100,000",github.com/NickCH-K/causaldata
1992-12-31,Washington: aidscapita,10.327942,"AIDS deaths per 100,000",github.com/NickCH-K/causaldata
1993-12-31,Washington: aidscapita,12.256476,"AIDS deaths per 100,000",github.com/NickCH-K/causaldata
1994-12-31,Washington: aidscapita,12.669388,"AIDS deaths per 100,000",github.com/NickCH-K/causaldata
1995-12-31,Washington: aidscapita,12.3517,"AIDS deaths per 100,000",github.com/NickCH-K/causaldata
1996-12-31,Washington: aidscapita,8.528206,"AIDS deaths per 100,000",github.com/NickCH-K/causaldata
1997-12-31,Washington: aidscapita,3.8944468,"AIDS deaths per 100,000",github.com/NickCH-K/causaldata
1998-12-31,Washington: aidscapita,2.6865125,"AIDS deaths per 100,000",github.com/NickCH-K/causaldata
1999-12-31,Washington: aidscapita,2.413324,"AIDS deaths per 100,000",github.com/NickCH-K/causaldata
2000-12-31,Washington: aidscapita,2.588043,"AIDS deaths per 100,000",github.com/NickCH-K/causaldata
1985-12-31,Washington: alcohol,2.68,per capita,github.com/NickCH-K/causaldata
1986-12-31,Washington: alcohol,2.65,per capita,github.com/NickCH-K/causaldata
1987-12-31,Washington: alcohol,2.58,per capita,github.com/NickCH-K/causaldata
1988-12-31,Washington: alcohol,2.49,per capita,github.com/NickCH-K/causaldata
1989-12-31,Washington: alcohol,2.45,per capita,github.com/NickCH-K/causaldata
1990-12-31,Washington: alcohol,2.49,per capita,github.com/NickCH-K/causaldata
1991-12-31,Washington: alcohol,2.39,per capita,github.com/NickCH-K/causaldata
1992-12-31,Washington: alcohol,2.44,per capita,github.com/NickCH-K/causaldata
1993-12-31,Washington: alcohol,2.27,per capita,github.com/NickCH-K/causaldata
1994-12-31,Washington: alcohol,2.23,per capita,github.com/NickCH-K/causaldata
1995-12-31,Washington: alcohol,2.17,per capita,github.com/NickCH-K/causaldata
1996-12-31,Washington: alcohol,2.16,per capita,github.com/NickCH-K/causaldata
1997-12-31,Washington: alcohol,2.16,per capita,github.com/NickCH-K/causaldata
1998-12-31,Washington: alcohol,2.18,per capita,github.com/NickCH-K/causaldata
1999-12-31,Washington: alcohol,2.13,per capita,github.com/NickCH-K/causaldata
2000-12-31,Washington: alcohol,2.16,per capita,github.com/NickCH-K/causaldata
1985-12-31,Washington: black,3.376114,percent of population,github.com/NickCH-K/causaldata
1986-12-31,Washington: black,3.3666582,percent of population,github.com/NickCH-K/causaldata
1987-12-31,Washington: black,3.3541362,percent of population,github.com/NickCH-K/causaldata
1988-12-31,Washington: black,3.3432722,percent of population,github.com/NickCH-K/causaldata
1989-12-31,Washington: black,3.3329103,percent of population,github.com/NickCH-K/causaldata
1990-12-31,Washington: black,3.3672035,percent of population,github.com/NickCH-K/causaldata
1991-12-31,Washington: black,3.4345737,percent of population,github.com/NickCH-K/causaldata
1992-12-31,Washington: black,3.5268028,percent of population,github.com/NickCH-K/causaldata
1993-12-31,Washington: black,3.5813227,percent of population,github.com/NickCH-K/causaldata
1994-12-31,Washington: black,3.6800253,percent of population,github.com/NickCH-K/causaldata
1995-12-31,Washington: black,3.7891288,percent of population,github.com/NickCH-K/causaldata
1996-12-31,Washington: black,3.9202547,percent of population,github.com/NickCH-K/causaldata
1997-12-31,Washington: black,4.060195,percent of population,github.com/NickCH-K/causaldata
1998-12-31,Washington: black,4.140637,percent of population,github.com/NickCH-K/causaldata
1999-12-31,Washington: black,4.2534933,percent of population,github.com/NickCH-K/causaldata
2000-12-31,Washington: black,4.3951645,percent of population,github.com/NickCH-K/causaldata
1985-12-31,Washington: bmprison,1218.0,persons,github.com/NickCH-K/causaldata
1986-12-31,Washington: bmprison,1182.0,persons,github.com/NickCH-K/causaldata
1987-12-31,Washington: bmprison,1129.0,persons,github.com/NickCH-K/causaldata
1988-12-31,Washington: bmprison,1225.0,persons,github.com/NickCH-K/causaldata
1989-12-31,Washington: bmprison,1315.0,persons,github.com/NickCH-K/causaldata
1990-12-31,Washington: bmprison,1489.0,persons,github.com/NickCH-K/causaldata
1991-12-31,Washington: bmprison,1810.0,persons,github.com/NickCH-K/causaldata
1992-12-31,Washington: bmprison,2036.0,persons,github.com/NickCH-K/causaldata
1993-12-31,Washington: bmprison,2096.0,persons,github.com/NickCH-K/causaldata
1994-12-31,Washington: bmprison,2278.0,persons,github.com/NickCH-K/causaldata
1995-12-31,Washington: bmprison,2500.0,persons,github.com/NickCH-K/causaldata
1996-12-31,Washington: bmprison,2694.0,persons,github.com/NickCH-K/causaldata
1997-12-31,Washington: bmprison,2742.0,persons,github.com/NickCH-K/causaldata
1998-12-31,Washington: bmprison,2997.0,persons,github.com/NickCH-K/causaldata
1999-12-31,Washington: bmprison,3035.0,persons,github.com/NickCH-K/causaldata
2000-12-31,Washington: bmprison,3052.0,persons,github.com/NickCH-K/causaldata
1985-12-31,Washington: income,14755.0,median income,github.com/NickCH-K/causaldata
1986-12-31,Washington: income,15542.0,median income,github.com/NickCH-K/causaldata
1987-12-31,Washington: income,16210.0,median income,github.com/NickCH-K/causaldata
1988-12-31,Washington: income,17166.0,median income,github.com/NickCH-K/causaldata
1989-12-31,Washington: income,18558.0,median income,github.com/NickCH-K/causaldata
1990-12-31,Washington: income,19865.0,median income,github.com/NickCH-K/causaldata
1991-12-31,Washington: income,20689.0,median income,github.com/NickCH-K/causaldata
1992-12-31,Washington: income,21709.0,median income,github.com/NickCH-K/causaldata
1993-12-31,Washington: income,22214.0,median income,github.com/NickCH-K/causaldata
1994-12-31,Washington: income,22938.0,median income,github.com/NickCH-K/causaldata
1995-12-31,Washington: income,23690.0,median income,github.com/NickCH-K/causaldata
1996-12-31,Washington: income,25073.0,median income,github.com/NickCH-K/causaldata
1997-12-31,Washington: income,26454.0,median income,github.com/NickCH-K/causaldata
1998-12-31,Washington: income,28384.0,median income,github.com/NickCH-K/causaldata
1999-12-31,Washington: income,30037.0,median income,github.com/NickCH-K/causaldata
2000-12-31,Washington: income,31779.0,median income,github.com/NickCH-K/causaldata
1985-12-31,Washington: perc1519,7.3909764,percent of population,github.com/NickCH-K/causaldata
1986-12-31,Washington: perc1519,7.345558,percent of population,github.com/NickCH-K/causaldata
1987-12-31,Washington: perc1519,7.220379,percent of population,github.com/NickCH-K/causaldata
1988-12-31,Washington: perc1519,7.060861,percent of population,github.com/NickCH-K/causaldata
1989-12-31,Washington: perc1519,6.8446198,percent of population,github.com/NickCH-K/causaldata
1990-12-31,Washington: perc1519,6.6634946,percent of population,github.com/NickCH-K/causaldata
1991-12-31,Washington: perc1519,6.474838,percent of population,github.com/NickCH-K/causaldata
1992-12-31,Washington: perc1519,6.4934077,percent of population,github.com/NickCH-K/causaldata
1993-12-31,Washington: perc1519,6.556381,percent of population,github.com/NickCH-K/causaldata
1994-12-31,Washington: perc1519,6.6764884,percent of population,github.com/NickCH-K/causaldata
1995-12-31,Washington: perc1519,6.824214,percent of population,github.com/NickCH-K/causaldata
1996-12-31,Washington: perc1519,6.9881554,percent of population,github.com/NickCH-K/causaldata
1997-12-31,Washington: perc1519,7.125005,percent of population,github.com/NickCH-K/causaldata
1998-12-31,Washington: perc1519,7.2392497,percent of population,github.com/NickCH-K/causaldata
1999-12-31,Washington: perc1519,7.269668,percent of population,github.com/NickCH-K/causaldata
2000-12-31,Washington: perc1519,7.258598,percent of population,github.com/NickCH-K/causaldata
1985-12-31,Washington: poverty,12.0,rate,github.com/NickCH-K/causaldata
1986-12-31,Washington: poverty,12.9,rate,github.com/NickCH-K/causaldata
1987-12-31,Washington: poverty,10.0,rate,github.com/NickCH-K/causaldata
1988-12-31,Washington: poverty,8.7,rate,github.com/NickCH-K/causaldata
1989-12-31,Washington: poverty,9.6,rate,github.com/NickCH-K/causaldata
1990-12-31,Washington: poverty,8.9,rate,github.com/NickCH-K/causaldata
1991-12-31,Washington: poverty,9.5,rate,github.com/NickCH-K/causaldata
1992-12-31,Washington: poverty,11.2,rate,github.com/NickCH-K/causaldata
1993-12-31,Washington: poverty,12.1,rate,github.com/NickCH-K/causaldata
1994-12-31,Washington: poverty,11.7,rate,github.com/NickCH-K/causaldata
1995-12-31,Washington: poverty,12.5,rate,github.com/NickCH-K/causaldata
1996-12-31,Washington: poverty,11.9,rate,github.com/NickCH-K/causaldata
1997-12-31,Washington: poverty,9.2,rate,github.com/NickCH-K/causaldata
1998-12-31,Washington: poverty,8.9,rate,github.com/NickCH-K/causaldata
1999-12-31,Washington: poverty,9.6,rate,github.com/NickCH-K/causaldata
2000-12-31,Washington: poverty,10.8,rate,github.com/NickCH-K/causaldata
1985-12-31,Washington: ur,8.341667,rate,github.com/NickCH-K/causaldata
1986-12-31,Washington: ur,8.025,rate,github.com/NickCH-K/causaldata
1987-12-31,Washington: ur,7.258333,rate,github.com/NickCH-K/causaldata
1988-12-31,Washington: ur,6.241667,rate,github.com/NickCH-K/causaldata
1989-12-31,Washington: ur,5.8416667,rate,github.com/NickCH-K/causaldata
1990-12-31,Washington: ur,5.15,rate,github.com/NickCH-K/causaldata
1991-12-31,Washington: ur,6.325,rate,github.com/NickCH-K/causaldata
1992-12-31,Washington: ur,7.1666665,rate,github.com/NickCH-K/causaldata
1993-12-31,Washington: ur,7.108333,rate,github.com/NickCH-K/causaldata
1994-12-31,Washington: ur,6.491667,rate,github.com/NickCH-K/causaldata
1995-12-31,Washington: ur,6.2833333,rate,github.com/NickCH-K/causaldata
1996-12-31,Washington: ur,5.925,rate,github.com/NickCH-K/causaldata
1997-12-31,Washington: ur,4.875,rate,github.com/NickCH-K/causaldata
1998-12-31,Washington: ur,4.7833333,rate,github.com/NickCH-K/causaldata
1999-12-31,Washington: ur,4.833333,rate,github.com/NickCH-K/causaldata
2000-12-31,Washington: ur,4.95,rate,github.com/NickCH-K/causaldata
1985-12-31,Washington: wmprison,4712.0,persons,github.com/NickCH-K/causaldata
1986-12-31,Washington: wmprison,4484.0,persons,github.com/NickCH-K/causaldata
1987-12-31,Washington: wmprison,3996.0,persons,github.com/NickCH-K/causaldata
1988-12-31,Washington: wmprison,3529.0,persons,github.com/NickCH-K/causaldata
1989-12-31,Washington: wmprison,4211.0,persons,github.com/NickCH-K/causaldata
1990-12-31,Washington: wmprison,4959.0,persons,github.com/NickCH-K/causaldata
1991-12-31,Washington: wmprison,6032.0,persons,github.com/NickCH-K/causaldata
1992-12-31,Washington: wmprison,6567.0,persons,github.com/NickCH-K/causaldata
1993-12-31,Washington: wmprison,7065.0,persons,github.com/NickCH-K/causaldata
1994-12-31,Washington: wmprison,7281.0,persons,github.com/NickCH-K/causaldata
1995-12-31,Washington: wmprison,7699.0,persons,github.com/NickCH-K/causaldata
1996-12-31,Washington: wmprison,8229.0,persons,github.com/NickCH-K/causaldata
1997-12-31,Washington: wmprison,8757.0,persons,github.com/NickCH-K/causaldata
1998-12-31,Washington: wmprison,9314.0,persons,github.com/NickCH-K/causaldata
1999-12-31,Washington: wmprison,9588.0,persons,github.com/NickCH-K/causaldata
2000-12-31,Washington: wmprison,8218.0,persons,github.com/NickCH-K/causaldata
1985-12-31,West Virginia: aidscapita,0.20971549,"AIDS deaths per 100,000",github.com/NickCH-K/causaldata
1986-12-31,West Virginia: aidscapita,0.5311693,"AIDS deaths per 100,000",github.com/NickCH-K/causaldata
1987-12-31,West Virginia: aidscapita,0.80736965,"AIDS deaths per 100,000",github.com/NickCH-K/causaldata
1988-12-31,West Virginia: aidscapita,0.81943256,"AIDS deaths per 100,000",github.com/NickCH-K/causaldata
1989-12-31,West Virginia: aidscapita,2.1033695,"AIDS deaths per 100,000",github.com/NickCH-K/causaldata
1990-12-31,West Virginia: aidscapita,2.845112,"AIDS deaths per 100,000",github.com/NickCH-K/causaldata
1991-12-31,West Virginia: aidscapita,2.7797313,"AIDS deaths per 100,000",github.com/NickCH-K/causaldata
1992-12-31,West Virginia: aidscapita,2.4910722,"AIDS deaths per 100,000",github.com/NickCH-K/causaldata
1993-12-31,West Virginia: aidscapita,3.9614005,"AIDS deaths per 100,000",github.com/NickCH-K/causaldata
1994-12-31,West Virginia: aidscapita,3.7353997,"AIDS deaths per 100,000",github.com/NickCH-K/causaldata
1995-12-31,West Virginia: aidscapita,4.825355,"AIDS deaths per 100,000",github.com/NickCH-K/causaldata
1996-12-31,West Virginia: aidscapita,3.181904,"AIDS deaths per 100,000",github.com/NickCH-K/causaldata
1997-12-31,West Virginia: aidscapita,1.9789865,"AIDS deaths per 100,000",github.com/NickCH-K/causaldata
1998-12-31,West Virginia: aidscapita,1.4871043,"AIDS deaths per 100,000",github.com/NickCH-K/causaldata
1999-12-31,West Virginia: aidscapita,1.4350377,"AIDS deaths per 100,000",github.com/NickCH-K/causaldata
2000-12-31,West Virginia: aidscapita,1.217268,"AIDS deaths per 100,000",github.com/NickCH-K/causaldata
1985-12-31,West Virginia: alcohol,1.66,per capita,github.com/NickCH-K/causaldata
1986-12-31,West Virginia: alcohol,1.64,per capita,github.com/NickCH-K/causaldata
1987-12-31,West Virginia: alcohol,1.64,per capita,github.com/NickCH-K/causaldata
1988-12-31,West Virginia: alcohol,1.64,per capita,github.com/NickCH-K/causaldata
1989-12-31,West Virginia: alcohol,1.6,per capita,github.com/NickCH-K/causaldata
1990-12-31,West Virginia: alcohol,1.72,per capita,github.com/NickCH-K/causaldata
1991-12-31,West Virginia: alcohol,1.7,per capita,github.com/NickCH-K/causaldata
1992-12-31,West Virginia: alcohol,1.66,per capita,github.com/NickCH-K/causaldata
1993-12-31,West Virginia: alcohol,1.67,per capita,github.com/NickCH-K/causaldata
1994-12-31,West Virginia: alcohol,1.64,per capita,github.com/NickCH-K/causaldata
1995-12-31,West Virginia: alcohol,1.61,per capita,github.com/NickCH-K/causaldata
1996-12-31,West Virginia: alcohol,1.61,per capita,github.com/NickCH-K/causaldata
1997-12-31,West Virginia: alcohol,1.6,per capita,github.com/NickCH-K/causaldata
1998-12-31,West Virginia: alcohol,1.63,per capita,github.com/NickCH-K/causaldata
1999-12-31,West Virginia: alcohol,1.66,per capita,github.com/NickCH-K/causaldata
2000-12-31,West Virginia: alcohol,1.64,per capita,github.com/NickCH-K/causaldata
1985-12-31,West Virginia: black,3.19083,percent of population,github.com/NickCH-K/causaldata
1986-12-31,West Virginia: black,3.187072,percent of population,github.com/NickCH-K/causaldata
1987-12-31,West Virginia: black,3.1793375,percent of population,github.com/NickCH-K/causaldata
1988-12-31,West Virginia: black,3.1725354,percent of population,github.com/NickCH-K/causaldata
1989-12-31,West Virginia: black,3.1655917,percent of population,github.com/NickCH-K/causaldata
1990-12-31,West Virginia: black,3.148116,percent of population,github.com/NickCH-K/causaldata
1991-12-31,West Virginia: black,3.1332438,percent of population,github.com/NickCH-K/causaldata
1992-12-31,West Virginia: black,3.1239376,percent of population,github.com/NickCH-K/causaldata
1993-12-31,West Virginia: black,3.155601,percent of population,github.com/NickCH-K/causaldata
1994-12-31,West Virginia: black,3.1887753,percent of population,github.com/NickCH-K/causaldata
1995-12-31,West Virginia: black,3.2280269,percent of population,github.com/NickCH-K/causaldata
1996-12-31,West Virginia: black,3.2630806,percent of population,github.com/NickCH-K/causaldata
1997-12-31,West Virginia: black,3.2878919,percent of population,github.com/NickCH-K/causaldata
1998-12-31,West Virginia: black,3.3294096,percent of population,github.com/NickCH-K/causaldata
1999-12-31,West Virginia: black,3.325898,percent of population,github.com/NickCH-K/causaldata
2000-12-31,West Virginia: black,3.3912337,percent of population,github.com/NickCH-K/causaldata
1985-12-31,West Virginia: bmprison,244.0,persons,github.com/NickCH-K/causaldata
1986-12-31,West Virginia: bmprison,201.0,persons,github.com/NickCH-K/causaldata
1987-12-31,West Virginia: bmprison,200.0,persons,github.com/NickCH-K/causaldata
1988-12-31,West Virginia: bmprison,199.0,persons,github.com/NickCH-K/causaldata
1989-12-31,West Virginia: bmprison,211.0,persons,github.com/NickCH-K/causaldata
1990-12-31,West Virginia: bmprison,215.0,persons,github.com/NickCH-K/causaldata
1991-12-31,West Virginia: bmprison,208.0,persons,github.com/NickCH-K/causaldata
1992-12-31,West Virginia: bmprison,239.0,persons,github.com/NickCH-K/causaldata
1993-12-31,West Virginia: bmprison,257.0,persons,github.com/NickCH-K/causaldata
1994-12-31,West Virginia: bmprison,274.0,persons,github.com/NickCH-K/causaldata
1995-12-31,West Virginia: bmprison,405.0,persons,github.com/NickCH-K/causaldata
1996-12-31,West Virginia: bmprison,416.0,persons,github.com/NickCH-K/causaldata
1997-12-31,West Virginia: bmprison,472.0,persons,github.com/NickCH-K/causaldata
1998-12-31,West Virginia: bmprison,520.0,persons,github.com/NickCH-K/causaldata
1999-12-31,West Virginia: bmprison,526.0,persons,github.com/NickCH-K/causaldata
2000-12-31,West Virginia: bmprison,598.0,persons,github.com/NickCH-K/causaldata
1985-12-31,West Virginia: income,10896.0,median income,github.com/NickCH-K/causaldata
1986-12-31,West Virginia: income,11392.0,median income,github.com/NickCH-K/causaldata
1987-12-31,West Virginia: income,11849.0,median income,github.com/NickCH-K/causaldata
1988-12-31,West Virginia: income,12524.0,median income,github.com/NickCH-K/causaldata
1989-12-31,West Virginia: income,13454.0,median income,github.com/NickCH-K/causaldata
1990-12-31,West Virginia: income,14493.0,median income,github.com/NickCH-K/causaldata
1991-12-31,West Virginia: income,15095.0,median income,github.com/NickCH-K/causaldata
1992-12-31,West Virginia: income,16112.0,median income,github.com/NickCH-K/causaldata
1993-12-31,West Virginia: income,16548.0,median income,github.com/NickCH-K/causaldata
1994-12-31,West Virginia: income,17194.0,median income,github.com/NickCH-K/causaldata
1995-12-31,West Virginia: income,17727.0,median income,github.com/NickCH-K/causaldata
1996-12-31,West Virginia: income,18445.0,median income,github.com/NickCH-K/causaldata
1997-12-31,West Virginia: income,19243.0,median income,github.com/NickCH-K/causaldata
1998-12-31,West Virginia: income,20226.0,median income,github.com/NickCH-K/causaldata
1999-12-31,West Virginia: income,20729.0,median income,github.com/NickCH-K/causaldata
2000-12-31,West Virginia: income,21899.0,median income,github.com/NickCH-K/causaldata
1985-12-31,West Virginia: perc1519,8.141575,percent of population,github.com/NickCH-K/causaldata
1986-12-31,West Virginia: perc1519,8.238117,percent of population,github.com/NickCH-K/causaldata
1987-12-31,West Virginia: perc1519,8.227473,percent of population,github.com/NickCH-K/causaldata
1988-12-31,West Virginia: perc1519,8.166793,percent of population,github.com/NickCH-K/causaldata
1989-12-31,West Virginia: perc1519,8.034817,percent of population,github.com/NickCH-K/causaldata
1990-12-31,West Virginia: perc1519,7.8755493,percent of population,github.com/NickCH-K/causaldata
1991-12-31,West Virginia: perc1519,7.677062,percent of population,github.com/NickCH-K/causaldata
1992-12-31,West Virginia: perc1519,7.6023097,percent of population,github.com/NickCH-K/causaldata
1993-12-31,West Virginia: perc1519,7.6159024,percent of population,github.com/NickCH-K/causaldata
1994-12-31,West Virginia: perc1519,7.654438,percent of population,github.com/NickCH-K/causaldata
1995-12-31,West Virginia: perc1519,7.6754947,percent of population,github.com/NickCH-K/causaldata
1996-12-31,West Virginia: perc1519,7.6483097,percent of population,github.com/NickCH-K/causaldata
1997-12-31,West Virginia: perc1519,7.5293837,percent of population,github.com/NickCH-K/causaldata
1998-12-31,West Virginia: perc1519,7.373669,percent of population,github.com/NickCH-K/causaldata
1999-12-31,West Virginia: perc1519,7.1366086,percent of population,github.com/NickCH-K/causaldata
2000-12-31,West Virginia: perc1519,6.8844247,percent of population,github.com/NickCH-K/causaldata
1985-12-31,West Virginia: poverty,22.3,rate,github.com/NickCH-K/causaldata
1986-12-31,West Virginia: poverty,22.4,rate,github.com/NickCH-K/causaldata
1987-12-31,West Virginia: poverty,21.6,rate,github.com/NickCH-K/causaldata
1988-12-31,West Virginia: poverty,17.9,rate,github.com/NickCH-K/causaldata
1989-12-31,West Virginia: poverty,15.7,rate,github.com/NickCH-K/causaldata
1990-12-31,West Virginia: poverty,18.1,rate,github.com/NickCH-K/causaldata
1991-12-31,West Virginia: poverty,17.9,rate,github.com/NickCH-K/causaldata
1992-12-31,West Virginia: poverty,22.3,rate,github.com/NickCH-K/causaldata
1993-12-31,West Virginia: poverty,22.2,rate,github.com/NickCH-K/causaldata
1994-12-31,West Virginia: poverty,18.6,rate,github.com/NickCH-K/causaldata
1995-12-31,West Virginia: poverty,16.7,rate,github.com/NickCH-K/causaldata
1996-12-31,West Virginia: poverty,18.5,rate,github.com/NickCH-K/causaldata
1997-12-31,West Virginia: poverty,16.4,rate,github.com/NickCH-K/causaldata
1998-12-31,West Virginia: poverty,17.8,rate,github.com/NickCH-K/causaldata
1999-12-31,West Virginia: poverty,15.7,rate,github.com/NickCH-K/causaldata
2000-12-31,West Virginia: poverty,14.7,rate,github.com/NickCH-K/causaldata
1985-12-31,West Virginia: ur,13.441667,rate,github.com/NickCH-K/causaldata
1986-12-31,West Virginia: ur,12.016666,rate,github.com/NickCH-K/causaldata
1987-12-31,West Virginia: ur,10.825,rate,github.com/NickCH-K/causaldata
1988-12-31,West Virginia: ur,9.708333,rate,github.com/NickCH-K/causaldata
1989-12-31,West Virginia: ur,8.658334,rate,github.com/NickCH-K/causaldata
1990-12-31,West Virginia: ur,8.625,rate,github.com/NickCH-K/causaldata
1991-12-31,West Virginia: ur,10.491667,rate,github.com/NickCH-K/causaldata
1992-12-31,West Virginia: ur,11.291667,rate,github.com/NickCH-K/causaldata
1993-12-31,West Virginia: ur,10.433333,rate,github.com/NickCH-K/causaldata
1994-12-31,West Virginia: ur,8.733334,rate,github.com/NickCH-K/causaldata
1995-12-31,West Virginia: ur,7.858333,rate,github.com/NickCH-K/causaldata
1996-12-31,West Virginia: ur,7.4166665,rate,github.com/NickCH-K/causaldata
1997-12-31,West Virginia: ur,6.791667,rate,github.com/NickCH-K/causaldata
1998-12-31,West Virginia: ur,6.508333,rate,github.com/NickCH-K/causaldata
1999-12-31,West Virginia: ur,6.275,rate,github.com/NickCH-K/causaldata
2000-12-31,West Virginia: ur,5.4666667,rate,github.com/NickCH-K/causaldata
1985-12-31,West Virginia: wmprison,1424.0,persons,github.com/NickCH-K/causaldata
1986-12-31,West Virginia: wmprison,1204.0,persons,github.com/NickCH-K/causaldata
1987-12-31,West Virginia: wmprison,1190.0,persons,github.com/NickCH-K/causaldata
1988-12-31,West Virginia: wmprison,1188.0,persons,github.com/NickCH-K/causaldata
1989-12-31,West Virginia: wmprison,1250.0,persons,github.com/NickCH-K/causaldata
1990-12-31,West Virginia: wmprison,1272.0,persons,github.com/NickCH-K/causaldata
1991-12-31,West Virginia: wmprison,1222.0,persons,github.com/NickCH-K/causaldata
1992-12-31,West Virginia: wmprison,1354.0,persons,github.com/NickCH-K/causaldata
1993-12-31,West Virginia: wmprison,1467.0,persons,github.com/NickCH-K/causaldata
1994-12-31,West Virginia: wmprison,1563.0,persons,github.com/NickCH-K/causaldata
1995-12-31,West Virginia: wmprison,1975.0,persons,github.com/NickCH-K/causaldata
1996-12-31,West Virginia: wmprison,2181.0,persons,github.com/NickCH-K/causaldata
1997-12-31,West Virginia: wmprison,2487.0,persons,github.com/NickCH-K/causaldata
1998-12-31,West Virginia: wmprison,2744.0,persons,github.com/NickCH-K/causaldata
1999-12-31,West Virginia: wmprison,2761.0,persons,github.com/NickCH-K/causaldata
2000-12-31,West Virginia: wmprison,2932.0,persons,github.com/NickCH-K/causaldata
1985-12-31,Wisconsin: aidscapita,0.40008837,"AIDS deaths per 100,000",github.com/NickCH-K/causaldata
1986-12-31,Wisconsin: aidscapita,0.7989449,"AIDS deaths per 100,000",github.com/NickCH-K/causaldata
1987-12-31,Wisconsin: aidscapita,1.2974433,"AIDS deaths per 100,000",github.com/NickCH-K/causaldata
1988-12-31,Wisconsin: aidscapita,1.3061851,"AIDS deaths per 100,000",github.com/NickCH-K/causaldata
1989-12-31,Wisconsin: aidscapita,2.0384283,"AIDS deaths per 100,000",github.com/NickCH-K/causaldata
1990-12-31,Wisconsin: aidscapita,2.589426,"AIDS deaths per 100,000",github.com/NickCH-K/causaldata
1991-12-31,Wisconsin: aidscapita,3.1625535,"AIDS deaths per 100,000",github.com/NickCH-K/causaldata
1992-12-31,Wisconsin: aidscapita,3.8802898,"AIDS deaths per 100,000",github.com/NickCH-K/causaldata
1993-12-31,Wisconsin: aidscapita,5.388515,"AIDS deaths per 100,000",github.com/NickCH-K/causaldata
1994-12-31,Wisconsin: aidscapita,4.343864,"AIDS deaths per 100,000",github.com/NickCH-K/causaldata
1995-12-31,Wisconsin: aidscapita,4.6288834,"AIDS deaths per 100,000",github.com/NickCH-K/causaldata
1996-12-31,Wisconsin: aidscapita,3.3078482,"AIDS deaths per 100,000",github.com/NickCH-K/causaldata
1997-12-31,Wisconsin: aidscapita,2.0318205,"AIDS deaths per 100,000",github.com/NickCH-K/causaldata
1998-12-31,Wisconsin: aidscapita,1.6988595,"AIDS deaths per 100,000",github.com/NickCH-K/causaldata
1999-12-31,Wisconsin: aidscapita,1.4251783,"AIDS deaths per 100,000",github.com/NickCH-K/causaldata
2000-12-31,Wisconsin: aidscapita,1.5629748,"AIDS deaths per 100,000",github.com/NickCH-K/causaldata
1985-12-31,Wisconsin: alcohol,3.19,per capita,github.com/NickCH-K/causaldata
1986-12-31,Wisconsin: alcohol,3.16,per capita,github.com/NickCH-K/causaldata
1987-12-31,Wisconsin: alcohol,3.11,per capita,github.com/NickCH-K/causaldata
1988-12-31,Wisconsin: alcohol,3.02,per capita,github.com/NickCH-K/causaldata
1989-12-31,Wisconsin: alcohol,2.96,per capita,github.com/NickCH-K/causaldata
1990-12-31,Wisconsin: alcohol,3.07,per capita,github.com/NickCH-K/causaldata
1991-12-31,Wisconsin: alcohol,2.76,per capita,github.com/NickCH-K/causaldata
1992-12-31,Wisconsin: alcohol,2.74,per capita,github.com/NickCH-K/causaldata
1993-12-31,Wisconsin: alcohol,2.71,per capita,github.com/NickCH-K/causaldata
1994-12-31,Wisconsin: alcohol,2.72,per capita,github.com/NickCH-K/causaldata
1995-12-31,Wisconsin: alcohol,2.65,per capita,github.com/NickCH-K/causaldata
1996-12-31,Wisconsin: alcohol,2.65,per capita,github.com/NickCH-K/causaldata
1997-12-31,Wisconsin: alcohol,2.71,per capita,github.com/NickCH-K/causaldata
1998-12-31,Wisconsin: alcohol,2.65,per capita,github.com/NickCH-K/causaldata
1999-12-31,Wisconsin: alcohol,2.72,per capita,github.com/NickCH-K/causaldata
2000-12-31,Wisconsin: alcohol,2.76,per capita,github.com/NickCH-K/causaldata
1985-12-31,Wisconsin: black,5.2192116,percent of population,github.com/NickCH-K/causaldata
1986-12-31,Wisconsin: black,5.2051663,percent of population,github.com/NickCH-K/causaldata
1987-12-31,Wisconsin: black,5.1890535,percent of population,github.com/NickCH-K/causaldata
1988-12-31,Wisconsin: black,5.176748,percent of population,github.com/NickCH-K/causaldata
1989-12-31,Wisconsin: black,5.164527,percent of population,github.com/NickCH-K/causaldata
1990-12-31,Wisconsin: black,5.1586976,percent of population,github.com/NickCH-K/causaldata
1991-12-31,Wisconsin: black,5.2804027,percent of population,github.com/NickCH-K/causaldata
1992-12-31,Wisconsin: black,5.3917055,percent of population,github.com/NickCH-K/causaldata
1993-12-31,Wisconsin: black,5.497916,percent of population,github.com/NickCH-K/causaldata
1994-12-31,Wisconsin: black,5.6213818,percent of population,github.com/NickCH-K/causaldata
1995-12-31,Wisconsin: black,5.728511,percent of population,github.com/NickCH-K/causaldata
1996-12-31,Wisconsin: black,5.8534927,percent of population,github.com/NickCH-K/causaldata
1997-12-31,Wisconsin: black,5.9402456,percent of population,github.com/NickCH-K/causaldata
1998-12-31,Wisconsin: black,6.025363,percent of population,github.com/NickCH-K/causaldata
1999-12-31,Wisconsin: black,6.136966,percent of population,github.com/NickCH-K/causaldata
2000-12-31,Wisconsin: black,6.2505646,percent of population,github.com/NickCH-K/causaldata
1985-12-31,Wisconsin: bmprison,1954.0,persons,github.com/NickCH-K/causaldata
1986-12-31,Wisconsin: bmprison,2136.0,persons,github.com/NickCH-K/causaldata
1987-12-31,Wisconsin: bmprison,2234.0,persons,github.com/NickCH-K/causaldata
1988-12-31,Wisconsin: bmprison,2244.0,persons,github.com/NickCH-K/causaldata
1989-12-31,Wisconsin: bmprison,2501.0,persons,github.com/NickCH-K/causaldata
1990-12-31,Wisconsin: bmprison,2783.0,persons,github.com/NickCH-K/causaldata
1991-12-31,Wisconsin: bmprison,3148.0,persons,github.com/NickCH-K/causaldata
1992-12-31,Wisconsin: bmprison,3775.0,persons,github.com/NickCH-K/causaldata
1993-12-31,Wisconsin: bmprison,3908.0,persons,github.com/NickCH-K/causaldata
1994-12-31,Wisconsin: bmprison,4577.0,persons,github.com/NickCH-K/causaldata
1995-12-31,Wisconsin: bmprison,5094.0,persons,github.com/NickCH-K/causaldata
1996-12-31,Wisconsin: bmprison,5989.0,persons,github.com/NickCH-K/causaldata
1997-12-31,Wisconsin: bmprison,7292.0,persons,github.com/NickCH-K/causaldata
1998-12-31,Wisconsin: bmprison,8397.0,persons,github.com/NickCH-K/causaldata
1999-12-31,Wisconsin: bmprison,9127.0,persons,github.com/NickCH-K/causaldata
2000-12-31,Wisconsin: bmprison,8851.0,persons,github.com/NickCH-K/causaldata
1985-12-31,Wisconsin: income,13840.0,median income,github.com/NickCH-K/causaldata
1986-12-31,Wisconsin: income,14528.0,median income,github.com/NickCH-K/causaldata
1987-12-31,Wisconsin: income,15280.0,median income,github.com/NickCH-K/causaldata
1988-12-31,Wisconsin: income,16057.0,median income,github.com/NickCH-K/causaldata
1989-12-31,Wisconsin: income,17283.0,median income,github.com/NickCH-K/causaldata
1990-12-31,Wisconsin: income,18072.0,median income,github.com/NickCH-K/causaldata
1991-12-31,Wisconsin: income,18557.0,median income,github.com/NickCH-K/causaldata
1992-12-31,Wisconsin: income,19683.0,median income,github.com/NickCH-K/causaldata
1993-12-31,Wisconsin: income,20331.0,median income,github.com/NickCH-K/causaldata
1994-12-31,Wisconsin: income,21413.0,median income,github.com/NickCH-K/causaldata
1995-12-31,Wisconsin: income,22215.0,median income,github.com/NickCH-K/causaldata
1996-12-31,Wisconsin: income,23273.0,median income,github.com/NickCH-K/causaldata
1997-12-31,Wisconsin: income,24514.0,median income,github.com/NickCH-K/causaldata
1998-12-31,Wisconsin: income,26175.0,median income,github.com/NickCH-K/causaldata
1999-12-31,Wisconsin: income,27135.0,median income,github.com/NickCH-K/causaldata
2000-12-31,Wisconsin: income,28570.0,median income,github.com/NickCH-K/causaldata
1985-12-31,Wisconsin: perc1519,8.124342,percent of population,github.com/NickCH-K/causaldata
1986-12-31,Wisconsin: perc1519,8.042726,percent of population,github.com/NickCH-K/causaldata
1987-12-31,Wisconsin: perc1519,7.861669,percent of population,github.com/NickCH-K/causaldata
1988-12-31,Wisconsin: perc1519,7.636705,percent of population,github.com/NickCH-K/causaldata
1989-12-31,Wisconsin: perc1519,7.3461866,percent of population,github.com/NickCH-K/causaldata
1990-12-31,Wisconsin: perc1519,7.0781245,percent of population,github.com/NickCH-K/causaldata
1991-12-31,Wisconsin: perc1519,6.8463845,percent of population,github.com/NickCH-K/causaldata
1992-12-31,Wisconsin: perc1519,6.8376875,percent of population,github.com/NickCH-K/causaldata
1993-12-31,Wisconsin: perc1519,6.930771,percent of population,github.com/NickCH-K/causaldata
1994-12-31,Wisconsin: perc1519,7.079914,percent of population,github.com/NickCH-K/causaldata
1995-12-31,Wisconsin: perc1519,7.2465553,percent of population,github.com/NickCH-K/causaldata
1996-12-31,Wisconsin: perc1519,7.411473,percent of population,github.com/NickCH-K/causaldata
1997-12-31,Wisconsin: perc1519,7.5444727,percent of population,github.com/NickCH-K/causaldata
1998-12-31,Wisconsin: perc1519,7.6391478,percent of population,github.com/NickCH-K/causaldata
1999-12-31,Wisconsin: perc1519,7.6334615,percent of population,github.com/NickCH-K/causaldata
2000-12-31,Wisconsin: perc1519,7.568668,percent of population,github.com/NickCH-K/causaldata
1985-12-31,Wisconsin: poverty,11.6,rate,github.com/NickCH-K/causaldata
1986-12-31,Wisconsin: poverty,10.7,rate,github.com/NickCH-K/causaldata
1987-12-31,Wisconsin: poverty,9.0,rate,github.com/NickCH-K/causaldata
1988-12-31,Wisconsin: poverty,7.8,rate,github.com/NickCH-K/causaldata
1989-12-31,Wisconsin: poverty,8.4,rate,github.com/NickCH-K/causaldata
1990-12-31,Wisconsin: poverty,9.3,rate,github.com/NickCH-K/causaldata
1991-12-31,Wisconsin: poverty,9.9,rate,github.com/NickCH-K/causaldata
1992-12-31,Wisconsin: poverty,10.9,rate,github.com/NickCH-K/causaldata
1993-12-31,Wisconsin: poverty,12.6,rate,github.com/NickCH-K/causaldata
1994-12-31,Wisconsin: poverty,9.0,rate,github.com/NickCH-K/causaldata
1995-12-31,Wisconsin: poverty,8.5,rate,github.com/NickCH-K/causaldata
1996-12-31,Wisconsin: poverty,8.8,rate,github.com/NickCH-K/causaldata
1997-12-31,Wisconsin: poverty,8.2,rate,github.com/NickCH-K/causaldata
1998-12-31,Wisconsin: poverty,8.8,rate,github.com/NickCH-K/causaldata
1999-12-31,Wisconsin: poverty,8.6,rate,github.com/NickCH-K/causaldata
2000-12-31,Wisconsin: poverty,9.3,rate,github.com/NickCH-K/causaldata
1985-12-31,Wisconsin: ur,7.2083335,rate,github.com/NickCH-K/causaldata
1986-12-31,Wisconsin: ur,6.9083333,rate,github.com/NickCH-K/causaldata
1987-12-31,Wisconsin: ur,6.0916667,rate,github.com/NickCH-K/causaldata
1988-12-31,Wisconsin: ur,4.2166667,rate,github.com/NickCH-K/causaldata
1989-12-31,Wisconsin: ur,4.25,rate,github.com/NickCH-K/causaldata
1990-12-31,Wisconsin: ur,4.3416667,rate,github.com/NickCH-K/causaldata
1991-12-31,Wisconsin: ur,5.3416667,rate,github.com/NickCH-K/causaldata
1992-12-31,Wisconsin: ur,5.15,rate,github.com/NickCH-K/causaldata
1993-12-31,Wisconsin: ur,4.516667,rate,github.com/NickCH-K/causaldata
1994-12-31,Wisconsin: ur,4.3083334,rate,github.com/NickCH-K/causaldata
1995-12-31,Wisconsin: ur,3.75,rate,github.com/NickCH-K/causaldata
1996-12-31,Wisconsin: ur,3.625,rate,github.com/NickCH-K/causaldata
1997-12-31,Wisconsin: ur,3.4916668,rate,github.com/NickCH-K/causaldata
1998-12-31,Wisconsin: ur,3.275,rate,github.com/NickCH-K/causaldata
1999-12-31,Wisconsin: ur,3.075,rate,github.com/NickCH-K/causaldata
2000-12-31,Wisconsin: ur,3.3916667,rate,github.com/NickCH-K/causaldata
1985-12-31,Wisconsin: wmprison,3104.0,persons,github.com/NickCH-K/causaldata
1986-12-31,Wisconsin: wmprison,3132.0,persons,github.com/NickCH-K/causaldata
1987-12-31,Wisconsin: wmprison,3395.0,persons,github.com/NickCH-K/causaldata
1988-12-31,Wisconsin: wmprison,3637.0,persons,github.com/NickCH-K/causaldata
1989-12-31,Wisconsin: wmprison,3837.0,persons,github.com/NickCH-K/causaldata
1990-12-31,Wisconsin: wmprison,4062.0,persons,github.com/NickCH-K/causaldata
1991-12-31,Wisconsin: wmprison,4118.0,persons,github.com/NickCH-K/causaldata
1992-12-31,Wisconsin: wmprison,4518.0,persons,github.com/NickCH-K/causaldata
1993-12-31,Wisconsin: wmprison,4280.0,persons,github.com/NickCH-K/causaldata
1994-12-31,Wisconsin: wmprison,4802.0,persons,github.com/NickCH-K/causaldata
1995-12-31,Wisconsin: wmprison,5296.0,persons,github.com/NickCH-K/causaldata
1996-12-31,Wisconsin: wmprison,5952.0,persons,github.com/NickCH-K/causaldata
1997-12-31,Wisconsin: wmprison,7458.0,persons,github.com/NickCH-K/causaldata
1998-12-31,Wisconsin: wmprison,8376.0,persons,github.com/NickCH-K/causaldata
1999-12-31,Wisconsin: wmprison,9175.0,persons,github.com/NickCH-K/causaldata
2000-12-31,Wisconsin: wmprison,8293.0,persons,github.com/NickCH-K/causaldata
1985-12-31,Wyoming: aidscapita,0.0,"AIDS deaths per 100,000",github.com/NickCH-K/causaldata
1986-12-31,Wyoming: aidscapita,0.0,"AIDS deaths per 100,000",github.com/NickCH-K/causaldata
1987-12-31,Wyoming: aidscapita,0.0,"AIDS deaths per 100,000",github.com/NickCH-K/causaldata
1988-12-31,Wyoming: aidscapita,0.0,"AIDS deaths per 100,000",github.com/NickCH-K/causaldata
1989-12-31,Wyoming: aidscapita,0.8725756,"AIDS deaths per 100,000",github.com/NickCH-K/causaldata
1990-12-31,Wyoming: aidscapita,0.0,"AIDS deaths per 100,000",github.com/NickCH-K/causaldata
1991-12-31,Wyoming: aidscapita,1.3064495,"AIDS deaths per 100,000",github.com/NickCH-K/causaldata
1992-12-31,Wyoming: aidscapita,3.0026746,"AIDS deaths per 100,000",github.com/NickCH-K/causaldata
1993-12-31,Wyoming: aidscapita,2.113803,"AIDS deaths per 100,000",github.com/NickCH-K/causaldata
1994-12-31,Wyoming: aidscapita,2.914948,"AIDS deaths per 100,000",github.com/NickCH-K/causaldata
1995-12-31,Wyoming: aidscapita,2.6795285,"AIDS deaths per 100,000",github.com/NickCH-K/causaldata
1996-12-31,Wyoming: aidscapita,1.0242397,"AIDS deaths per 100,000",github.com/NickCH-K/causaldata
1997-12-31,Wyoming: aidscapita,0.0,"AIDS deaths per 100,000",github.com/NickCH-K/causaldata
1998-12-31,Wyoming: aidscapita,1.630035,"AIDS deaths per 100,000",github.com/NickCH-K/causaldata
1999-12-31,Wyoming: aidscapita,0.0,"AIDS deaths per 100,000",github.com/NickCH-K/causaldata
2000-12-31,Wyoming: aidscapita,1.2143635,"AIDS deaths per 100,000",github.com/NickCH-K/causaldata
1985-12-31,Wyoming: alcohol,2.84,per capita,github.com/NickCH-K/causaldata
1986-12-31,Wyoming: alcohol,2.64,per capita,github.com/NickCH-K/causaldata
1987-12-31,Wyoming: alcohol,2.56,per capita,github.com/NickCH-K/causaldata
1988-12-31,Wyoming: alcohol,2.46,per capita,github.com/NickCH-K/causaldata
1989-12-31,Wyoming: alcohol,2.38,per capita,github.com/NickCH-K/causaldata
1990-12-31,Wyoming: alcohol,2.63,per capita,github.com/NickCH-K/causaldata
1991-12-31,Wyoming: alcohol,2.56,per capita,github.com/NickCH-K/causaldata
1992-12-31,Wyoming: alcohol,2.56,per capita,github.com/NickCH-K/causaldata
1993-12-31,Wyoming: alcohol,2.45,per capita,github.com/NickCH-K/causaldata
1994-12-31,Wyoming: alcohol,2.43,per capita,github.com/NickCH-K/causaldata
1995-12-31,Wyoming: alcohol,2.29,per capita,github.com/NickCH-K/causaldata
1996-12-31,Wyoming: alcohol,2.34,per capita,github.com/NickCH-K/causaldata
1997-12-31,Wyoming: alcohol,2.33,per capita,github.com/NickCH-K/causaldata
1998-12-31,Wyoming: alcohol,2.4,per capita,github.com/NickCH-K/causaldata
1999-12-31,Wyoming: alcohol,2.43,per capita,github.com/NickCH-K/causaldata
2000-12-31,Wyoming: alcohol,2.46,per capita,github.com/NickCH-K/causaldata
1985-12-31,Wyoming: black,0.7525344,percent of population,github.com/NickCH-K/causaldata
1986-12-31,Wyoming: black,0.7460492,percent of population,github.com/NickCH-K/causaldata
1987-12-31,Wyoming: black,0.7371442,percent of population,github.com/NickCH-K/causaldata
1988-12-31,Wyoming: black,0.7289635,percent of population,github.com/NickCH-K/causaldata
1989-12-31,Wyoming: black,0.7217632,percent of population,github.com/NickCH-K/causaldata
1990-12-31,Wyoming: black,0.8046953,percent of population,github.com/NickCH-K/causaldata
1991-12-31,Wyoming: black,0.7963393,percent of population,github.com/NickCH-K/causaldata
1992-12-31,Wyoming: black,0.83367795,percent of population,github.com/NickCH-K/causaldata
1993-12-31,Wyoming: black,0.8006678,percent of population,github.com/NickCH-K/causaldata
1994-12-31,Wyoming: black,0.7901395,percent of population,github.com/NickCH-K/causaldata
1995-12-31,Wyoming: black,0.8066836,percent of population,github.com/NickCH-K/causaldata
1996-12-31,Wyoming: black,0.82341135,percent of population,github.com/NickCH-K/causaldata
1997-12-31,Wyoming: black,0.7920708,percent of population,github.com/NickCH-K/causaldata
1998-12-31,Wyoming: black,0.8434711,percent of population,github.com/NickCH-K/causaldata
1999-12-31,Wyoming: black,0.866087,percent of population,github.com/NickCH-K/causaldata
2000-12-31,Wyoming: black,0.9352346,percent of population,github.com/NickCH-K/causaldata
1985-12-31,Wyoming: bmprison,33.0,persons,github.com/NickCH-K/causaldata
1986-12-31,Wyoming: bmprison,32.0,persons,github.com/NickCH-K/causaldata
1987-12-31,Wyoming: bmprison,30.0,persons,github.com/NickCH-K/causaldata
1988-12-31,Wyoming: bmprison,52.0,persons,github.com/NickCH-K/causaldata
1989-12-31,Wyoming: bmprison,51.0,persons,github.com/NickCH-K/causaldata
1990-12-31,Wyoming: bmprison,49.0,persons,github.com/NickCH-K/causaldata
1991-12-31,Wyoming: bmprison,48.0,persons,github.com/NickCH-K/causaldata
1992-12-31,Wyoming: bmprison,48.0,persons,github.com/NickCH-K/causaldata
1993-12-31,Wyoming: bmprison,53.0,persons,github.com/NickCH-K/causaldata
1994-12-31,Wyoming: bmprison,55.0,persons,github.com/NickCH-K/causaldata
1995-12-31,Wyoming: bmprison,65.0,persons,github.com/NickCH-K/causaldata
1996-12-31,Wyoming: bmprison,73.0,persons,github.com/NickCH-K/causaldata
1997-12-31,Wyoming: bmprison,74.0,persons,github.com/NickCH-K/causaldata
1998-12-31,Wyoming: bmprison,69.0,persons,github.com/NickCH-K/causaldata
1999-12-31,Wyoming: bmprison,81.0,persons,github.com/NickCH-K/causaldata
2000-12-31,Wyoming: bmprison,93.0,persons,github.com/NickCH-K/causaldata
1985-12-31,Wyoming: income,14317.0,median income,github.com/NickCH-K/causaldata
1986-12-31,Wyoming: income,14064.0,median income,github.com/NickCH-K/causaldata
1987-12-31,Wyoming: income,14177.0,median income,github.com/NickCH-K/causaldata
1988-12-31,Wyoming: income,14918.0,median income,github.com/NickCH-K/causaldata
1989-12-31,Wyoming: income,16440.0,median income,github.com/NickCH-K/causaldata
1990-12-31,Wyoming: income,18002.0,median income,github.com/NickCH-K/causaldata
1991-12-31,Wyoming: income,18680.0,median income,github.com/NickCH-K/causaldata
1992-12-31,Wyoming: income,19346.0,median income,github.com/NickCH-K/causaldata
1993-12-31,Wyoming: income,19976.0,median income,github.com/NickCH-K/causaldata
1994-12-31,Wyoming: income,20498.0,median income,github.com/NickCH-K/causaldata
1995-12-31,Wyoming: income,21039.0,median income,github.com/NickCH-K/causaldata
1996-12-31,Wyoming: income,21875.0,median income,github.com/NickCH-K/causaldata
1997-12-31,Wyoming: income,23412.0,median income,github.com/NickCH-K/causaldata
1998-12-31,Wyoming: income,24836.0,median income,github.com/NickCH-K/causaldata
1999-12-31,Wyoming: income,26536.0,median income,github.com/NickCH-K/causaldata
2000-12-31,Wyoming: income,28460.0,median income,github.com/NickCH-K/causaldata
1985-12-31,Wyoming: perc1519,8.061645,percent of population,github.com/NickCH-K/causaldata
1986-12-31,Wyoming: perc1519,8.124694,percent of population,github.com/NickCH-K/causaldata
1987-12-31,Wyoming: perc1519,8.084167,percent of population,github.com/NickCH-K/causaldata
1988-12-31,Wyoming: perc1519,7.993431,percent of population,github.com/NickCH-K/causaldata
1989-12-31,Wyoming: perc1519,7.8289666,percent of population,github.com/NickCH-K/causaldata
1990-12-31,Wyoming: perc1519,7.7131963,percent of population,github.com/NickCH-K/causaldata
1991-12-31,Wyoming: perc1519,7.7522535,percent of population,github.com/NickCH-K/causaldata
1992-12-31,Wyoming: perc1519,7.891243,percent of population,github.com/NickCH-K/causaldata
1993-12-31,Wyoming: perc1519,8.035622,percent of population,github.com/NickCH-K/causaldata
1994-12-31,Wyoming: perc1519,8.212658,percent of population,github.com/NickCH-K/causaldata
1995-12-31,Wyoming: perc1519,8.416811,percent of population,github.com/NickCH-K/causaldata
1996-12-31,Wyoming: perc1519,8.5937805,percent of population,github.com/NickCH-K/causaldata
1997-12-31,Wyoming: perc1519,8.691779,percent of population,github.com/NickCH-K/causaldata
1998-12-31,Wyoming: perc1519,8.732709,percent of population,github.com/NickCH-K/causaldata
1999-12-31,Wyoming: perc1519,8.646752,percent of population,github.com/NickCH-K/causaldata
2000-12-31,Wyoming: perc1519,8.449946,percent of population,github.com/NickCH-K/causaldata
1985-12-31,Wyoming: poverty,12.0,rate,github.com/NickCH-K/causaldata
1986-12-31,Wyoming: poverty,14.6,rate,github.com/NickCH-K/causaldata
1987-12-31,Wyoming: poverty,10.8,rate,github.com/NickCH-K/causaldata
1988-12-31,Wyoming: poverty,9.6,rate,github.com/NickCH-K/causaldata
1989-12-31,Wyoming: poverty,10.9,rate,github.com/NickCH-K/causaldata
1990-12-31,Wyoming: poverty,11.0,rate,github.com/NickCH-K/causaldata
1991-12-31,Wyoming: poverty,9.9,rate,github.com/NickCH-K/causaldata
1992-12-31,Wyoming: poverty,10.3,rate,github.com/NickCH-K/causaldata
1993-12-31,Wyoming: poverty,13.3,rate,github.com/NickCH-K/causaldata
1994-12-31,Wyoming: poverty,9.3,rate,github.com/NickCH-K/causaldata
1995-12-31,Wyoming: poverty,12.2,rate,github.com/NickCH-K/causaldata
1996-12-31,Wyoming: poverty,11.9,rate,github.com/NickCH-K/causaldata
1997-12-31,Wyoming: poverty,13.5,rate,github.com/NickCH-K/causaldata
1998-12-31,Wyoming: poverty,10.6,rate,github.com/NickCH-K/causaldata
1999-12-31,Wyoming: poverty,11.6,rate,github.com/NickCH-K/causaldata
2000-12-31,Wyoming: poverty,10.8,rate,github.com/NickCH-K/causaldata
1985-12-31,Wyoming: ur,7.15,rate,github.com/NickCH-K/causaldata
1986-12-31,Wyoming: ur,8.891666,rate,github.com/NickCH-K/causaldata
1987-12-31,Wyoming: ur,8.225,rate,github.com/NickCH-K/causaldata
1988-12-31,Wyoming: ur,6.5916667,rate,github.com/NickCH-K/causaldata
1989-12-31,Wyoming: ur,6.3333335,rate,github.com/NickCH-K/causaldata
1990-12-31,Wyoming: ur,5.3166666,rate,github.com/NickCH-K/causaldata
1991-12-31,Wyoming: ur,5.0916667,rate,github.com/NickCH-K/causaldata
1992-12-31,Wyoming: ur,5.6833334,rate,github.com/NickCH-K/causaldata
1993-12-31,Wyoming: ur,5.541667,rate,github.com/NickCH-K/causaldata
1994-12-31,Wyoming: ur,5.05,rate,github.com/NickCH-K/causaldata
1995-12-31,Wyoming: ur,4.883333,rate,github.com/NickCH-K/causaldata
1996-12-31,Wyoming: ur,5.175,rate,github.com/NickCH-K/causaldata
1997-12-31,Wyoming: ur,4.8083334,rate,github.com/NickCH-K/causaldata
1998-12-31,Wyoming: ur,4.925,rate,github.com/NickCH-K/causaldata
1999-12-31,Wyoming: ur,4.85,rate,github.com/NickCH-K/causaldata
2000-12-31,Wyoming: ur,3.825,rate,github.com/NickCH-K/causaldata
1985-12-31,Wyoming: wmprison,656.0,persons,github.com/NickCH-K/causaldata
1986-12-31,Wyoming: wmprison,739.0,persons,github.com/NickCH-K/causaldata
1987-12-31,Wyoming: wmprison,710.0,persons,github.com/NickCH-K/causaldata
1988-12-31,Wyoming: wmprison,698.0,persons,github.com/NickCH-K/causaldata
1989-12-31,Wyoming: wmprison,736.0,persons,github.com/NickCH-K/causaldata
1990-12-31,Wyoming: wmprison,809.0,persons,github.com/NickCH-K/causaldata
1991-12-31,Wyoming: wmprison,825.0,persons,github.com/NickCH-K/causaldata
1992-12-31,Wyoming: wmprison,795.0,persons,github.com/NickCH-K/causaldata
1993-12-31,Wyoming: wmprison,954.0,persons,github.com/NickCH-K/causaldata
1994-12-31,Wyoming: wmprison,887.0,persons,github.com/NickCH-K/causaldata
1995-12-31,Wyoming: wmprison,989.0,persons,github.com/NickCH-K/causaldata
1996-12-31,Wyoming: wmprison,1067.0,persons,github.com/NickCH-K/causaldata
1997-12-31,Wyoming: wmprison,1077.0,persons,github.com/NickCH-K/causaldata
1998-12-31,Wyoming: wmprison,1086.0,persons,github.com/NickCH-K/causaldata
1999-12-31,Wyoming: wmprison,1187.0,persons,github.com/NickCH-K/causaldata
2000-12-31,Wyoming: wmprison,1150.0,persons,github.com/NickCH-K/causaldata
