date,series,value,unit,source_repo
1952-12-31,Afghanistan: gdpPercap,779.4453145,"USD per person, inflation-adjusted",github.com/NickCH-K/causaldata
1957-12-31,Afghanistan: gdpPercap,820.8530296,"USD per person, inflation-adjusted",github.com/NickCH-K/causaldata
1962-12-31,Afghanistan: gdpPercap,853.10071,"USD per person, inflation-adjusted",github.com/NickCH-K/causaldata
1967-12-31,Afghanistan: gdpPercap,836.1971382,"USD per person, inflation-adjusted",github.com/NickCH-K/causaldata
1972-12-31,Afghanistan: gdpPercap,739.9811058,"USD per person, inflation-adjusted",github.com/NickCH-K/causaldata
1977-12-31,Afghanistan: gdpPercap,786.11336,"USD per person, inflation-adjusted",github.com/NickCH-K/causaldata
1982-12-31,Afghanistan: gdpPercap,978.0114388,"USD per person, inflation-adjusted",github.com/NickCH-K/causaldata
1987-12-31,Afghanistan: gdpPercap,852.3959448,"USD per person, inflation-adjusted",github.com/NickCH-K/causaldata
1992-12-31,Afghanistan: gdpPercap,649.3413952,"USD per person, inflation-adjusted",github.com/NickCH-K/causaldata
1997-12-31,Afghanistan: gdpPercap,635.341351,"USD per person, inflation-adjusted",github.com/NickCH-K/causaldata
2002-12-31,Afghanistan: gdpPercap,726.7340548,"USD per person, inflation-adjusted",github.com/NickCH-K/causaldata
2007-12-31,Afghanistan: gdpPercap,974.5803384,"USD per person, inflation-adjusted",github.com/NickCH-K/causaldata
1952-12-31,Afghanistan: lifeExp,28.801,years,github.com/NickCH-K/causaldata
1957-12-31,Afghanistan: lifeExp,30.332,years,github.com/NickCH-K/causaldata
1962-12-31,Afghanistan: lifeExp,31.997,years,github.com/NickCH-K/causaldata
1967-12-31,Afghanistan: lifeExp,34.02,years,github.com/NickCH-K/causaldata
1972-12-31,Afghanistan: lifeExp,36.088,years,github.com/NickCH-K/causaldata
1977-12-31,Afghanistan: lifeExp,38.438,years,github.com/NickCH-K/causaldata
1982-12-31,Afghanistan: lifeExp,39.854,years,github.com/NickCH-K/causaldata
1987-12-31,Afghanistan: lifeExp,40.822,years,github.com/NickCH-K/causaldata
1992-12-31,Afghanistan: lifeExp,41.674,years,github.com/NickCH-K/causaldata
1997-12-31,Afghanistan: lifeExp,41.763,years,github.com/NickCH-K/causaldata
2002-12-31,Afghanistan: lifeExp,42.129,years,github.com/NickCH-K/causaldata
2007-12-31,Afghanistan: lifeExp,43.828,years,github.com/NickCH-K/causaldata
1952-12-31,Afghanistan: pop,8425333.0,people,github.com/NickCH-K/causaldata
1957-12-31,Afghanistan: pop,9240934.0,people,github.com/NickCH-K/causaldata
1962-12-31,Afghanistan: pop,10267083.0,people,github.com/NickCH-K/causaldata
1967-12-31,Afghanistan: pop,11537966.0,people,github.com/NickCH-K/causaldata
1972-12-31,Afghanistan: pop,13079460.0,people,github.com/NickCH-K/causaldata
1977-12-31,Afghanistan: pop,14880372.0,people,github.com/NickCH-K/causaldata
1982-12-31,Afghanistan: pop,12881816.0,people,github.com/NickCH-K/causaldata
1987-12-31,Afghanistan: pop,13867957.0,people,github.com/NickCH-K/causaldata
1992-12-31,Afghanistan: pop,16317921.0,people,github.com/NickCH-K/causaldata
1997-12-31,Afghanistan: pop,22227415.0,people,github.com/NickCH-K/causaldata
2002-12-31,Afghanistan: pop,25268405.0,people,github.com/NickCH-K/causaldata
2007-12-31,Afghanistan: pop,31889923.0,people,github.com/NickCH-K/causaldata
1952-12-31,Albania: gdpPercap,1601.056136,"USD per person, inflation-adjusted",github.com/NickCH-K/causaldata
1957-12-31,Albania: gdpPercap,1942.284244,"USD per person, inflation-adjusted",github.com/NickCH-K/causaldata
1962-12-31,Albania: gdpPercap,2312.888958,"USD per person, inflation-adjusted",github.com/NickCH-K/causaldata
1967-12-31,Albania: gdpPercap,2760.196931,"USD per person, inflation-adjusted",github.com/NickCH-K/causaldata
1972-12-31,Albania: gdpPercap,3313.422188,"USD per person, inflation-adjusted",github.com/NickCH-K/causaldata
1977-12-31,Albania: gdpPercap,3533.00391,"USD per person, inflation-adjusted",github.com/NickCH-K/causaldata
1982-12-31,Albania: gdpPercap,3630.880722,"USD per person, inflation-adjusted",github.com/NickCH-K/causaldata
1987-12-31,Albania: gdpPercap,3738.932735,"USD per person, inflation-adjusted",github.com/NickCH-K/causaldata
1992-12-31,Albania: gdpPercap,2497.437901,"USD per person, inflation-adjusted",github.com/NickCH-K/causaldata
1997-12-31,Albania: gdpPercap,3193.054604,"USD per person, inflation-adjusted",github.com/NickCH-K/causaldata
2002-12-31,Albania: gdpPercap,4604.211737,"USD per person, inflation-adjusted",github.com/NickCH-K/causaldata
2007-12-31,Albania: gdpPercap,5937.029526,"USD per person, inflation-adjusted",github.com/NickCH-K/causaldata
1952-12-31,Albania: lifeExp,55.23,years,github.com/NickCH-K/causaldata
1957-12-31,Albania: lifeExp,59.28,years,github.com/NickCH-K/causaldata
1962-12-31,Albania: lifeExp,64.82,years,github.com/NickCH-K/causaldata
1967-12-31,Albania: lifeExp,66.22,years,github.com/NickCH-K/causaldata
1972-12-31,Albania: lifeExp,67.69,years,github.com/NickCH-K/causaldata
1977-12-31,Albania: lifeExp,68.93,years,github.com/NickCH-K/causaldata
1982-12-31,Albania: lifeExp,70.42,years,github.com/NickCH-K/causaldata
1987-12-31,Albania: lifeExp,72.0,years,github.com/NickCH-K/causaldata
1992-12-31,Albania: lifeExp,71.581,years,github.com/NickCH-K/causaldata
1997-12-31,Albania: lifeExp,72.95,years,github.com/NickCH-K/causaldata
2002-12-31,Albania: lifeExp,75.651,years,github.com/NickCH-K/causaldata
2007-12-31,Albania: lifeExp,76.423,years,github.com/NickCH-K/causaldata
1952-12-31,Albania: pop,1282697.0,people,github.com/NickCH-K/causaldata
1957-12-31,Albania: pop,1476505.0,people,github.com/NickCH-K/causaldata
1962-12-31,Albania: pop,1728137.0,people,github.com/NickCH-K/causaldata
1967-12-31,Albania: pop,1984060.0,people,github.com/NickCH-K/causaldata
1972-12-31,Albania: pop,2263554.0,people,github.com/NickCH-K/causaldata
1977-12-31,Albania: pop,2509048.0,people,github.com/NickCH-K/causaldata
1982-12-31,Albania: pop,2780097.0,people,github.com/NickCH-K/causaldata
1987-12-31,Albania: pop,3075321.0,people,github.com/NickCH-K/causaldata
1992-12-31,Albania: pop,3326498.0,people,github.com/NickCH-K/causaldata
1997-12-31,Albania: pop,3428038.0,people,github.com/NickCH-K/causaldata
2002-12-31,Albania: pop,3508512.0,people,github.com/NickCH-K/causaldata
2007-12-31,Albania: pop,3600523.0,people,github.com/NickCH-K/causaldata
1952-12-31,Algeria: gdpPercap,2449.008185,"USD per person, inflation-adjusted",github.com/NickCH-K/causaldata
1957-12-31,Algeria: gdpPercap,3013.976023,"USD per person, inflation-adjusted",github.com/NickCH-K/causaldata
1962-12-31,Algeria: gdpPercap,2550.81688,"USD per person, inflation-adjusted",github.com/NickCH-K/causaldata
1967-12-31,Algeria: gdpPercap,3246.991771,"USD per person, inflation-adjusted",github.com/NickCH-K/causaldata
1972-12-31,Algeria: gdpPercap,4182.663766,"USD per person, inflation-adjusted",github.com/NickCH-K/causaldata
1977-12-31,Algeria: gdpPercap,4910.416756,"USD per person, inflation-adjusted",github.com/NickCH-K/causaldata
1982-12-31,Algeria: gdpPercap,5745.160213,"USD per person, inflation-adjusted",github.com/NickCH-K/causaldata
1987-12-31,Algeria: gdpPercap,5681.358539,"USD per person, inflation-adjusted",github.com/NickCH-K/causaldata
1992-12-31,Algeria: gdpPercap,5023.216647,"USD per person, inflation-adjusted",github.com/NickCH-K/causaldata
1997-12-31,Algeria: gdpPercap,4797.295051,"USD per person, inflation-adjusted",github.com/NickCH-K/causaldata
2002-12-31,Algeria: gdpPercap,5288.040382,"USD per person, inflation-adjusted",github.com/NickCH-K/causaldata
2007-12-31,Algeria: gdpPercap,6223.367465,"USD per person, inflation-adjusted",github.com/NickCH-K/causaldata
1952-12-31,Algeria: lifeExp,43.077,years,github.com/NickCH-K/causaldata
1957-12-31,Algeria: lifeExp,45.685,years,github.com/NickCH-K/causaldata
1962-12-31,Algeria: lifeExp,48.303,years,github.com/NickCH-K/causaldata
1967-12-31,Algeria: lifeExp,51.407,years,github.com/NickCH-K/causaldata
1972-12-31,Algeria: lifeExp,54.518,years,github.com/NickCH-K/causaldata
1977-12-31,Algeria: lifeExp,58.014,years,github.com/NickCH-K/causaldata
1982-12-31,Algeria: lifeExp,61.368,years,github.com/NickCH-K/causaldata
1987-12-31,Algeria: lifeExp,65.799,years,github.com/NickCH-K/causaldata
1992-12-31,Algeria: lifeExp,67.744,years,github.com/NickCH-K/causaldata
1997-12-31,Algeria: lifeExp,69.152,years,github.com/NickCH-K/causaldata
2002-12-31,Algeria: lifeExp,70.994,years,github.com/NickCH-K/causaldata
2007-12-31,Algeria: lifeExp,72.301,years,github.com/NickCH-K/causaldata
1952-12-31,Algeria: pop,9279525.0,people,github.com/NickCH-K/causaldata
1957-12-31,Algeria: pop,10270856.0,people,github.com/NickCH-K/causaldata
1962-12-31,Algeria: pop,11000948.0,people,github.com/NickCH-K/causaldata
1967-12-31,Algeria: pop,12760499.0,people,github.com/NickCH-K/causaldata
1972-12-31,Algeria: pop,14760787.0,people,github.com/NickCH-K/causaldata
1977-12-31,Algeria: pop,17152804.0,people,github.com/NickCH-K/causaldata
1982-12-31,Algeria: pop,20033753.0,people,github.com/NickCH-K/causaldata
1987-12-31,Algeria: pop,23254956.0,people,github.com/NickCH-K/causaldata
1992-12-31,Algeria: pop,26298373.0,people,github.com/NickCH-K/causaldata
1997-12-31,Algeria: pop,29072015.0,people,github.com/NickCH-K/causaldata
2002-12-31,Algeria: pop,31287142.0,people,github.com/NickCH-K/causaldata
2007-12-31,Algeria: pop,33333216.0,people,github.com/NickCH-K/causaldata
1952-12-31,Angola: gdpPercap,3520.610273,"USD per person, inflation-adjusted",github.com/NickCH-K/causaldata
1957-12-31,Angola: gdpPercap,3827.940465,"USD per person, inflation-adjusted",github.com/NickCH-K/causaldata
1962-12-31,Angola: gdpPercap,4269.276742,"USD per person, inflation-adjusted",github.com/NickCH-K/causaldata
1967-12-31,Angola: gdpPercap,5522.776375,"USD per person, inflation-adjusted",github.com/NickCH-K/causaldata
1972-12-31,Angola: gdpPercap,5473.288005,"USD per person, inflation-adjusted",github.com/NickCH-K/causaldata
1977-12-31,Angola: gdpPercap,3008.647355,"USD per person, inflation-adjusted",github.com/NickCH-K/causaldata
1982-12-31,Angola: gdpPercap,2756.953672,"USD per person, inflation-adjusted",github.com/NickCH-K/causaldata
1987-12-31,Angola: gdpPercap,2430.208311,"USD per person, inflation-adjusted",github.com/NickCH-K/causaldata
1992-12-31,Angola: gdpPercap,2627.845685,"USD per person, inflation-adjusted",github.com/NickCH-K/causaldata
1997-12-31,Angola: gdpPercap,2277.140884,"USD per person, inflation-adjusted",github.com/NickCH-K/causaldata
2002-12-31,Angola: gdpPercap,2773.287312,"USD per person, inflation-adjusted",github.com/NickCH-K/causaldata
2007-12-31,Angola: gdpPercap,4797.231267,"USD per person, inflation-adjusted",github.com/NickCH-K/causaldata
1952-12-31,Angola: lifeExp,30.015,years,github.com/NickCH-K/causaldata
1957-12-31,Angola: lifeExp,31.999,years,github.com/NickCH-K/causaldata
1962-12-31,Angola: lifeExp,34.0,years,github.com/NickCH-K/causaldata
1967-12-31,Angola: lifeExp,35.985,years,github.com/NickCH-K/causaldata
1972-12-31,Angola: lifeExp,37.928,years,github.com/NickCH-K/causaldata
1977-12-31,Angola: lifeExp,39.483,years,github.com/NickCH-K/causaldata
1982-12-31,Angola: lifeExp,39.942,years,github.com/NickCH-K/causaldata
1987-12-31,Angola: lifeExp,39.906,years,github.com/NickCH-K/causaldata
1992-12-31,Angola: lifeExp,40.647,years,github.com/NickCH-K/causaldata
1997-12-31,Angola: lifeExp,40.963,years,github.com/NickCH-K/causaldata
2002-12-31,Angola: lifeExp,41.003,years,github.com/NickCH-K/causaldata
2007-12-31,Angola: lifeExp,42.731,years,github.com/NickCH-K/causaldata
1952-12-31,Angola: pop,4232095.0,people,github.com/NickCH-K/causaldata
1957-12-31,Angola: pop,4561361.0,people,github.com/NickCH-K/causaldata
1962-12-31,Angola: pop,4826015.0,people,github.com/NickCH-K/causaldata
1967-12-31,Angola: pop,5247469.0,people,github.com/NickCH-K/causaldata
1972-12-31,Angola: pop,5894858.0,people,github.com/NickCH-K/causaldata
1977-12-31,Angola: pop,6162675.0,people,github.com/NickCH-K/causaldata
1982-12-31,Angola: pop,7016384.0,people,github.com/NickCH-K/causaldata
1987-12-31,Angola: pop,7874230.0,people,github.com/NickCH-K/causaldata
1992-12-31,Angola: pop,8735988.0,people,github.com/NickCH-K/causaldata
1997-12-31,Angola: pop,9875024.0,people,github.com/NickCH-K/causaldata
2002-12-31,Angola: pop,10866106.0,people,github.com/NickCH-K/causaldata
2007-12-31,Angola: pop,12420476.0,people,github.com/NickCH-K/causaldata
1952-12-31,Argentina: gdpPercap,5911.315053,"USD per person, inflation-adjusted",github.com/NickCH-K/causaldata
1957-12-31,Argentina: gdpPercap,6856.856212,"USD per person, inflation-adjusted",github.com/NickCH-K/causaldata
1962-12-31,Argentina: gdpPercap,7133.166023,"USD per person, inflation-adjusted",github.com/NickCH-K/causaldata
1967-12-31,Argentina: gdpPercap,8052.953021,"USD per person, inflation-adjusted",github.com/NickCH-K/causaldata
1972-12-31,Argentina: gdpPercap,9443.038526,"USD per person, inflation-adjusted",github.com/NickCH-K/causaldata
1977-12-31,Argentina: gdpPercap,10079.02674,"USD per person, inflation-adjusted",github.com/NickCH-K/causaldata
1982-12-31,Argentina: gdpPercap,8997.897412,"USD per person, inflation-adjusted",github.com/NickCH-K/causaldata
1987-12-31,Argentina: gdpPercap,9139.671389,"USD per person, inflation-adjusted",github.com/NickCH-K/causaldata
1992-12-31,Argentina: gdpPercap,9308.41871,"USD per person, inflation-adjusted",github.com/NickCH-K/causaldata
1997-12-31,Argentina: gdpPercap,10967.28195,"USD per person, inflation-adjusted",github.com/NickCH-K/causaldata
2002-12-31,Argentina: gdpPercap,8797.640716,"USD per person, inflation-adjusted",github.com/NickCH-K/causaldata
2007-12-31,Argentina: gdpPercap,12779.37964,"USD per person, inflation-adjusted",github.com/NickCH-K/causaldata
1952-12-31,Argentina: lifeExp,62.485,years,github.com/NickCH-K/causaldata
1957-12-31,Argentina: lifeExp,64.399,years,github.com/NickCH-K/causaldata
1962-12-31,Argentina: lifeExp,65.142,years,github.com/NickCH-K/causaldata
1967-12-31,Argentina: lifeExp,65.634,years,github.com/NickCH-K/causaldata
1972-12-31,Argentina: lifeExp,67.065,years,github.com/NickCH-K/causaldata
1977-12-31,Argentina: lifeExp,68.481,years,github.com/NickCH-K/causaldata
1982-12-31,Argentina: lifeExp,69.942,years,github.com/NickCH-K/causaldata
1987-12-31,Argentina: lifeExp,70.774,years,github.com/NickCH-K/causaldata
1992-12-31,Argentina: lifeExp,71.868,years,github.com/NickCH-K/causaldata
1997-12-31,Argentina: lifeExp,73.275,years,github.com/NickCH-K/causaldata
2002-12-31,Argentina: lifeExp,74.34,years,github.com/NickCH-K/causaldata
2007-12-31,Argentina: lifeExp,75.32,years,github.com/NickCH-K/causaldata
1952-12-31,Argentina: pop,17876956.0,people,github.com/NickCH-K/causaldata
1957-12-31,Argentina: pop,19610538.0,people,github.com/NickCH-K/causaldata
1962-12-31,Argentina: pop,21283783.0,people,github.com/NickCH-K/causaldata
1967-12-31,Argentina: pop,22934225.0,people,github.com/NickCH-K/causaldata
1972-12-31,Argentina: pop,24779799.0,people,github.com/NickCH-K/causaldata
1977-12-31,Argentina: pop,26983828.0,people,github.com/NickCH-K/causaldata
1982-12-31,Argentina: pop,29341374.0,people,github.com/NickCH-K/causaldata
1987-12-31,Argentina: pop,31620918.0,people,github.com/NickCH-K/causaldata
1992-12-31,Argentina: pop,33958947.0,people,github.com/NickCH-K/causaldata
1997-12-31,Argentina: pop,36203463.0,people,github.com/NickCH-K/causaldata
2002-12-31,Argentina: pop,38331121.0,people,github.com/NickCH-K/causaldata
2007-12-31,Argentina: pop,40301927.0,people,github.com/NickCH-K/causaldata
1952-12-31,Australia: gdpPercap,10039.59564,"USD per person, inflation-adjusted",github.com/NickCH-K/causaldata
1957-12-31,Australia: gdpPercap,10949.64959,"USD per person, inflation-adjusted",github.com/NickCH-K/causaldata
1962-12-31,Australia: gdpPercap,12217.22686,"USD per person, inflation-adjusted",github.com/NickCH-K/causaldata
1967-12-31,Australia: gdpPercap,14526.12465,"USD per person, inflation-adjusted",github.com/NickCH-K/causaldata
1972-12-31,Australia: gdpPercap,16788.62948,"USD per person, inflation-adjusted",github.com/NickCH-K/causaldata
1977-12-31,Australia: gdpPercap,18334.19751,"USD per person, inflation-adjusted",github.com/NickCH-K/causaldata
1982-12-31,Australia: gdpPercap,19477.00928,"USD per person, inflation-adjusted",github.com/NickCH-K/causaldata
1987-12-31,Australia: gdpPercap,21888.88903,"USD per person, inflation-adjusted",github.com/NickCH-K/causaldata
1992-12-31,Australia: gdpPercap,23424.76683,"USD per person, inflation-adjusted",github.com/NickCH-K/causaldata
1997-12-31,Australia: gdpPercap,26997.93657,"USD per person, inflation-adjusted",github.com/NickCH-K/causaldata
2002-12-31,Australia: gdpPercap,30687.75473,"USD per person, inflation-adjusted",github.com/NickCH-K/causaldata
2007-12-31,Australia: gdpPercap,34435.36744,"USD per person, inflation-adjusted",github.com/NickCH-K/causaldata
1952-12-31,Australia: lifeExp,69.12,years,github.com/NickCH-K/causaldata
1957-12-31,Australia: lifeExp,70.33,years,github.com/NickCH-K/causaldata
1962-12-31,Australia: lifeExp,70.93,years,github.com/NickCH-K/causaldata
1967-12-31,Australia: lifeExp,71.1,years,github.com/NickCH-K/causaldata
1972-12-31,Australia: lifeExp,71.93,years,github.com/NickCH-K/causaldata
1977-12-31,Australia: lifeExp,73.49,years,github.com/NickCH-K/causaldata
1982-12-31,Australia: lifeExp,74.74,years,github.com/NickCH-K/causaldata
1987-12-31,Australia: lifeExp,76.32,years,github.com/NickCH-K/causaldata
1992-12-31,Australia: lifeExp,77.56,years,github.com/NickCH-K/causaldata
1997-12-31,Australia: lifeExp,78.83,years,github.com/NickCH-K/causaldata
2002-12-31,Australia: lifeExp,80.37,years,github.com/NickCH-K/causaldata
2007-12-31,Australia: lifeExp,81.235,years,github.com/NickCH-K/causaldata
1952-12-31,Australia: pop,8691212.0,people,github.com/NickCH-K/causaldata
1957-12-31,Australia: pop,9712569.0,people,github.com/NickCH-K/causaldata
1962-12-31,Australia: pop,10794968.0,people,github.com/NickCH-K/causaldata
1967-12-31,Australia: pop,11872264.0,people,github.com/NickCH-K/causaldata
1972-12-31,Australia: pop,13177000.0,people,github.com/NickCH-K/causaldata
1977-12-31,Australia: pop,14074100.0,people,github.com/NickCH-K/causaldata
1982-12-31,Australia: pop,15184200.0,people,github.com/NickCH-K/causaldata
1987-12-31,Australia: pop,16257249.0,people,github.com/NickCH-K/causaldata
1992-12-31,Australia: pop,17481977.0,people,github.com/NickCH-K/causaldata
1997-12-31,Australia: pop,18565243.0,people,github.com/NickCH-K/causaldata
2002-12-31,Australia: pop,19546792.0,people,github.com/NickCH-K/causaldata
2007-12-31,Australia: pop,20434176.0,people,github.com/NickCH-K/causaldata
1952-12-31,Austria: gdpPercap,6137.076492,"USD per person, inflation-adjusted",github.com/NickCH-K/causaldata
1957-12-31,Austria: gdpPercap,8842.59803,"USD per person, inflation-adjusted",github.com/NickCH-K/causaldata
1962-12-31,Austria: gdpPercap,10750.72111,"USD per person, inflation-adjusted",github.com/NickCH-K/causaldata
1967-12-31,Austria: gdpPercap,12834.6024,"USD per person, inflation-adjusted",github.com/NickCH-K/causaldata
1972-12-31,Austria: gdpPercap,16661.6256,"USD per person, inflation-adjusted",github.com/NickCH-K/causaldata
1977-12-31,Austria: gdpPercap,19749.4223,"USD per person, inflation-adjusted",github.com/NickCH-K/causaldata
1982-12-31,Austria: gdpPercap,21597.08362,"USD per person, inflation-adjusted",github.com/NickCH-K/causaldata
1987-12-31,Austria: gdpPercap,23687.82607,"USD per person, inflation-adjusted",github.com/NickCH-K/causaldata
1992-12-31,Austria: gdpPercap,27042.01868,"USD per person, inflation-adjusted",github.com/NickCH-K/causaldata
1997-12-31,Austria: gdpPercap,29095.92066,"USD per person, inflation-adjusted",github.com/NickCH-K/causaldata
2002-12-31,Austria: gdpPercap,32417.60769,"USD per person, inflation-adjusted",github.com/NickCH-K/causaldata
2007-12-31,Austria: gdpPercap,36126.4927,"USD per person, inflation-adjusted",github.com/NickCH-K/causaldata
1952-12-31,Austria: lifeExp,66.8,years,github.com/NickCH-K/causaldata
1957-12-31,Austria: lifeExp,67.48,years,github.com/NickCH-K/causaldata
1962-12-31,Austria: lifeExp,69.54,years,github.com/NickCH-K/causaldata
1967-12-31,Austria: lifeExp,70.14,years,github.com/NickCH-K/causaldata
1972-12-31,Austria: lifeExp,70.63,years,github.com/NickCH-K/causaldata
1977-12-31,Austria: lifeExp,72.17,years,github.com/NickCH-K/causaldata
1982-12-31,Austria: lifeExp,73.18,years,github.com/NickCH-K/causaldata
1987-12-31,Austria: lifeExp,74.94,years,github.com/NickCH-K/causaldata
1992-12-31,Austria: lifeExp,76.04,years,github.com/NickCH-K/causaldata
1997-12-31,Austria: lifeExp,77.51,years,github.com/NickCH-K/causaldata
2002-12-31,Austria: lifeExp,78.98,years,github.com/NickCH-K/causaldata
2007-12-31,Austria: lifeExp,79.829,years,github.com/NickCH-K/causaldata
1952-12-31,Austria: pop,6927772.0,people,github.com/NickCH-K/causaldata
1957-12-31,Austria: pop,6965860.0,people,github.com/NickCH-K/causaldata
1962-12-31,Austria: pop,7129864.0,people,github.com/NickCH-K/causaldata
1967-12-31,Austria: pop,7376998.0,people,github.com/NickCH-K/causaldata
1972-12-31,Austria: pop,7544201.0,people,github.com/NickCH-K/causaldata
1977-12-31,Austria: pop,7568430.0,people,github.com/NickCH-K/causaldata
1982-12-31,Austria: pop,7574613.0,people,github.com/NickCH-K/causaldata
1987-12-31,Austria: pop,7578903.0,people,github.com/NickCH-K/causaldata
1992-12-31,Austria: pop,7914969.0,people,github.com/NickCH-K/causaldata
1997-12-31,Austria: pop,8069876.0,people,github.com/NickCH-K/causaldata
2002-12-31,Austria: pop,8148312.0,people,github.com/NickCH-K/causaldata
2007-12-31,Austria: pop,8199783.0,people,github.com/NickCH-K/causaldata
1952-12-31,Bahrain: gdpPercap,9867.084765,"USD per person, inflation-adjusted",github.com/NickCH-K/causaldata
1957-12-31,Bahrain: gdpPercap,11635.79945,"USD per person, inflation-adjusted",github.com/NickCH-K/causaldata
1962-12-31,Bahrain: gdpPercap,12753.27514,"USD per person, inflation-adjusted",github.com/NickCH-K/causaldata
1967-12-31,Bahrain: gdpPercap,14804.6727,"USD per person, inflation-adjusted",github.com/NickCH-K/causaldata
1972-12-31,Bahrain: gdpPercap,18268.65839,"USD per person, inflation-adjusted",github.com/NickCH-K/causaldata
1977-12-31,Bahrain: gdpPercap,19340.10196,"USD per person, inflation-adjusted",github.com/NickCH-K/causaldata
1982-12-31,Bahrain: gdpPercap,19211.14731,"USD per person, inflation-adjusted",github.com/NickCH-K/causaldata
1987-12-31,Bahrain: gdpPercap,18524.02406,"USD per person, inflation-adjusted",github.com/NickCH-K/causaldata
1992-12-31,Bahrain: gdpPercap,19035.57917,"USD per person, inflation-adjusted",github.com/NickCH-K/causaldata
1997-12-31,Bahrain: gdpPercap,20292.01679,"USD per person, inflation-adjusted",github.com/NickCH-K/causaldata
2002-12-31,Bahrain: gdpPercap,23403.55927,"USD per person, inflation-adjusted",github.com/NickCH-K/causaldata
2007-12-31,Bahrain: gdpPercap,29796.04834,"USD per person, inflation-adjusted",github.com/NickCH-K/causaldata
1952-12-31,Bahrain: lifeExp,50.939,years,github.com/NickCH-K/causaldata
1957-12-31,Bahrain: lifeExp,53.832,years,github.com/NickCH-K/causaldata
1962-12-31,Bahrain: lifeExp,56.923,years,github.com/NickCH-K/causaldata
1967-12-31,Bahrain: lifeExp,59.923,years,github.com/NickCH-K/causaldata
1972-12-31,Bahrain: lifeExp,63.3,years,github.com/NickCH-K/causaldata
1977-12-31,Bahrain: lifeExp,65.593,years,github.com/NickCH-K/causaldata
1982-12-31,Bahrain: lifeExp,69.052,years,github.com/NickCH-K/causaldata
1987-12-31,Bahrain: lifeExp,70.75,years,github.com/NickCH-K/causaldata
1992-12-31,Bahrain: lifeExp,72.601,years,github.com/NickCH-K/causaldata
1997-12-31,Bahrain: lifeExp,73.925,years,github.com/NickCH-K/causaldata
2002-12-31,Bahrain: lifeExp,74.795,years,github.com/NickCH-K/causaldata
2007-12-31,Bahrain: lifeExp,75.635,years,github.com/NickCH-K/causaldata
1952-12-31,Bahrain: pop,120447.0,people,github.com/NickCH-K/causaldata
1957-12-31,Bahrain: pop,138655.0,people,github.com/NickCH-K/causaldata
1962-12-31,Bahrain: pop,171863.0,people,github.com/NickCH-K/causaldata
1967-12-31,Bahrain: pop,202182.0,people,github.com/NickCH-K/causaldata
1972-12-31,Bahrain: pop,230800.0,people,github.com/NickCH-K/causaldata
1977-12-31,Bahrain: pop,297410.0,people,github.com/NickCH-K/causaldata
1982-12-31,Bahrain: pop,377967.0,people,github.com/NickCH-K/causaldata
1987-12-31,Bahrain: pop,454612.0,people,github.com/NickCH-K/causaldata
1992-12-31,Bahrain: pop,529491.0,people,github.com/NickCH-K/causaldata
1997-12-31,Bahrain: pop,598561.0,people,github.com/NickCH-K/causaldata
2002-12-31,Bahrain: pop,656397.0,people,github.com/NickCH-K/causaldata
2007-12-31,Bahrain: pop,708573.0,people,github.com/NickCH-K/causaldata
1952-12-31,Bangladesh: gdpPercap,684.2441716,"USD per person, inflation-adjusted",github.com/NickCH-K/causaldata
1957-12-31,Bangladesh: gdpPercap,661.6374577,"USD per person, inflation-adjusted",github.com/NickCH-K/causaldata
1962-12-31,Bangladesh: gdpPercap,686.3415538,"USD per person, inflation-adjusted",github.com/NickCH-K/causaldata
1967-12-31,Bangladesh: gdpPercap,721.1860862,"USD per person, inflation-adjusted",github.com/NickCH-K/causaldata
1972-12-31,Bangladesh: gdpPercap,630.2336265,"USD per person, inflation-adjusted",github.com/NickCH-K/causaldata
1977-12-31,Bangladesh: gdpPercap,659.8772322,"USD per person, inflation-adjusted",github.com/NickCH-K/causaldata
1982-12-31,Bangladesh: gdpPercap,676.9818656,"USD per person, inflation-adjusted",github.com/NickCH-K/causaldata
1987-12-31,Bangladesh: gdpPercap,751.9794035,"USD per person, inflation-adjusted",github.com/NickCH-K/causaldata
1992-12-31,Bangladesh: gdpPercap,837.8101643,"USD per person, inflation-adjusted",github.com/NickCH-K/causaldata
1997-12-31,Bangladesh: gdpPercap,972.7700352,"USD per person, inflation-adjusted",github.com/NickCH-K/causaldata
2002-12-31,Bangladesh: gdpPercap,1136.39043,"USD per person, inflation-adjusted",github.com/NickCH-K/causaldata
2007-12-31,Bangladesh: gdpPercap,1391.253792,"USD per person, inflation-adjusted",github.com/NickCH-K/causaldata
1952-12-31,Bangladesh: lifeExp,37.484,years,github.com/NickCH-K/causaldata
1957-12-31,Bangladesh: lifeExp,39.348,years,github.com/NickCH-K/causaldata
1962-12-31,Bangladesh: lifeExp,41.216,years,github.com/NickCH-K/causaldata
1967-12-31,Bangladesh: lifeExp,43.453,years,github.com/NickCH-K/causaldata
1972-12-31,Bangladesh: lifeExp,45.252,years,github.com/NickCH-K/causaldata
1977-12-31,Bangladesh: lifeExp,46.923,years,github.com/NickCH-K/causaldata
1982-12-31,Bangladesh: lifeExp,50.009,years,github.com/NickCH-K/causaldata
1987-12-31,Bangladesh: lifeExp,52.819,years,github.com/NickCH-K/causaldata
1992-12-31,Bangladesh: lifeExp,56.018,years,github.com/NickCH-K/causaldata
1997-12-31,Bangladesh: lifeExp,59.412,years,github.com/NickCH-K/causaldata
2002-12-31,Bangladesh: lifeExp,62.013,years,github.com/NickCH-K/causaldata
2007-12-31,Bangladesh: lifeExp,64.062,years,github.com/NickCH-K/causaldata
1952-12-31,Bangladesh: pop,46886859.0,people,github.com/NickCH-K/causaldata
1957-12-31,Bangladesh: pop,51365468.0,people,github.com/NickCH-K/causaldata
1962-12-31,Bangladesh: pop,56839289.0,people,github.com/NickCH-K/causaldata
1967-12-31,Bangladesh: pop,62821884.0,people,github.com/NickCH-K/causaldata
1972-12-31,Bangladesh: pop,70759295.0,people,github.com/NickCH-K/causaldata
1977-12-31,Bangladesh: pop,80428306.0,people,github.com/NickCH-K/causaldata
1982-12-31,Bangladesh: pop,93074406.0,people,github.com/NickCH-K/causaldata
1987-12-31,Bangladesh: pop,103764241.0,people,github.com/NickCH-K/causaldata
1992-12-31,Bangladesh: pop,113704579.0,people,github.com/NickCH-K/causaldata
1997-12-31,Bangladesh: pop,123315288.0,people,github.com/NickCH-K/causaldata
2002-12-31,Bangladesh: pop,135656790.0,people,github.com/NickCH-K/causaldata
2007-12-31,Bangladesh: pop,150448339.0,people,github.com/NickCH-K/causaldata
1952-12-31,Belgium: gdpPercap,8343.105127,"USD per person, inflation-adjusted",github.com/NickCH-K/causaldata
1957-12-31,Belgium: gdpPercap,9714.960623,"USD per person, inflation-adjusted",github.com/NickCH-K/causaldata
1962-12-31,Belgium: gdpPercap,10991.20676,"USD per person, inflation-adjusted",github.com/NickCH-K/causaldata
1967-12-31,Belgium: gdpPercap,13149.04119,"USD per person, inflation-adjusted",github.com/NickCH-K/causaldata
1972-12-31,Belgium: gdpPercap,16672.14356,"USD per person, inflation-adjusted",github.com/NickCH-K/causaldata
1977-12-31,Belgium: gdpPercap,19117.97448,"USD per person, inflation-adjusted",github.com/NickCH-K/causaldata
1982-12-31,Belgium: gdpPercap,20979.84589,"USD per person, inflation-adjusted",github.com/NickCH-K/causaldata
1987-12-31,Belgium: gdpPercap,22525.56308,"USD per person, inflation-adjusted",github.com/NickCH-K/causaldata
1992-12-31,Belgium: gdpPercap,25575.57069,"USD per person, inflation-adjusted",github.com/NickCH-K/causaldata
1997-12-31,Belgium: gdpPercap,27561.19663,"USD per person, inflation-adjusted",github.com/NickCH-K/causaldata
2002-12-31,Belgium: gdpPercap,30485.88375,"USD per person, inflation-adjusted",github.com/NickCH-K/causaldata
2007-12-31,Belgium: gdpPercap,33692.60508,"USD per person, inflation-adjusted",github.com/NickCH-K/causaldata
1952-12-31,Belgium: lifeExp,68.0,years,github.com/NickCH-K/causaldata
1957-12-31,Belgium: lifeExp,69.24,years,github.com/NickCH-K/causaldata
1962-12-31,Belgium: lifeExp,70.25,years,github.com/NickCH-K/causaldata
1967-12-31,Belgium: lifeExp,70.94,years,github.com/NickCH-K/causaldata
1972-12-31,Belgium: lifeExp,71.44,years,github.com/NickCH-K/causaldata
1977-12-31,Belgium: lifeExp,72.8,years,github.com/NickCH-K/causaldata
1982-12-31,Belgium: lifeExp,73.93,years,github.com/NickCH-K/causaldata
1987-12-31,Belgium: lifeExp,75.35,years,github.com/NickCH-K/causaldata
1992-12-31,Belgium: lifeExp,76.46,years,github.com/NickCH-K/causaldata
1997-12-31,Belgium: lifeExp,77.53,years,github.com/NickCH-K/causaldata
2002-12-31,Belgium: lifeExp,78.32,years,github.com/NickCH-K/causaldata
2007-12-31,Belgium: lifeExp,79.441,years,github.com/NickCH-K/causaldata
1952-12-31,Belgium: pop,8730405.0,people,github.com/NickCH-K/causaldata
1957-12-31,Belgium: pop,8989111.0,people,github.com/NickCH-K/causaldata
1962-12-31,Belgium: pop,9218400.0,people,github.com/NickCH-K/causaldata
1967-12-31,Belgium: pop,9556500.0,people,github.com/NickCH-K/causaldata
1972-12-31,Belgium: pop,9709100.0,people,github.com/NickCH-K/causaldata
1977-12-31,Belgium: pop,9821800.0,people,github.com/NickCH-K/causaldata
1982-12-31,Belgium: pop,9856303.0,people,github.com/NickCH-K/causaldata
1987-12-31,Belgium: pop,9870200.0,people,github.com/NickCH-K/causaldata
1992-12-31,Belgium: pop,10045622.0,people,github.com/NickCH-K/causaldata
1997-12-31,Belgium: pop,10199787.0,people,github.com/NickCH-K/causaldata
2002-12-31,Belgium: pop,10311970.0,people,github.com/NickCH-K/causaldata
2007-12-31,Belgium: pop,10392226.0,people,github.com/NickCH-K/causaldata
1952-12-31,Benin: gdpPercap,1062.7522,"USD per person, inflation-adjusted",github.com/NickCH-K/causaldata
1957-12-31,Benin: gdpPercap,959.6010805,"USD per person, inflation-adjusted",github.com/NickCH-K/causaldata
1962-12-31,Benin: gdpPercap,949.4990641,"USD per person, inflation-adjusted",github.com/NickCH-K/causaldata
1967-12-31,Benin: gdpPercap,1035.831411,"USD per person, inflation-adjusted",github.com/NickCH-K/causaldata
1972-12-31,Benin: gdpPercap,1085.796879,"USD per person, inflation-adjusted",github.com/NickCH-K/causaldata
1977-12-31,Benin: gdpPercap,1029.161251,"USD per person, inflation-adjusted",github.com/NickCH-K/causaldata
1982-12-31,Benin: gdpPercap,1277.897616,"USD per person, inflation-adjusted",github.com/NickCH-K/causaldata
1987-12-31,Benin: gdpPercap,1225.85601,"USD per person, inflation-adjusted",github.com/NickCH-K/causaldata
1992-12-31,Benin: gdpPercap,1191.207681,"USD per person, inflation-adjusted",github.com/NickCH-K/causaldata
1997-12-31,Benin: gdpPercap,1232.975292,"USD per person, inflation-adjusted",github.com/NickCH-K/causaldata
2002-12-31,Benin: gdpPercap,1372.877931,"USD per person, inflation-adjusted",github.com/NickCH-K/causaldata
2007-12-31,Benin: gdpPercap,1441.284873,"USD per person, inflation-adjusted",github.com/NickCH-K/causaldata
1952-12-31,Benin: lifeExp,38.223,years,github.com/NickCH-K/causaldata
1957-12-31,Benin: lifeExp,40.358,years,github.com/NickCH-K/causaldata
1962-12-31,Benin: lifeExp,42.618,years,github.com/NickCH-K/causaldata
1967-12-31,Benin: lifeExp,44.885,years,github.com/NickCH-K/causaldata
1972-12-31,Benin: lifeExp,47.014,years,github.com/NickCH-K/causaldata
1977-12-31,Benin: lifeExp,49.19,years,github.com/NickCH-K/causaldata
1982-12-31,Benin: lifeExp,50.904,years,github.com/NickCH-K/causaldata
1987-12-31,Benin: lifeExp,52.337,years,github.com/NickCH-K/causaldata
1992-12-31,Benin: lifeExp,53.919,years,github.com/NickCH-K/causaldata
1997-12-31,Benin: lifeExp,54.777,years,github.com/NickCH-K/causaldata
2002-12-31,Benin: lifeExp,54.406,years,github.com/NickCH-K/causaldata
2007-12-31,Benin: lifeExp,56.728,years,github.com/NickCH-K/causaldata
1952-12-31,Benin: pop,1738315.0,people,github.com/NickCH-K/causaldata
1957-12-31,Benin: pop,1925173.0,people,github.com/NickCH-K/causaldata
1962-12-31,Benin: pop,2151895.0,people,github.com/NickCH-K/causaldata
1967-12-31,Benin: pop,2427334.0,people,github.com/NickCH-K/causaldata
1972-12-31,Benin: pop,2761407.0,people,github.com/NickCH-K/causaldata
1977-12-31,Benin: pop,3168267.0,people,github.com/NickCH-K/causaldata
1982-12-31,Benin: pop,3641603.0,people,github.com/NickCH-K/causaldata
1987-12-31,Benin: pop,4243788.0,people,github.com/NickCH-K/causaldata
1992-12-31,Benin: pop,4981671.0,people,github.com/NickCH-K/causaldata
1997-12-31,Benin: pop,6066080.0,people,github.com/NickCH-K/causaldata
2002-12-31,Benin: pop,7026113.0,people,github.com/NickCH-K/causaldata
2007-12-31,Benin: pop,8078314.0,people,github.com/NickCH-K/causaldata
1952-12-31,Bolivia: gdpPercap,2677.326347,"USD per person, inflation-adjusted",github.com/NickCH-K/causaldata
1957-12-31,Bolivia: gdpPercap,2127.686326,"USD per person, inflation-adjusted",github.com/NickCH-K/causaldata
1962-12-31,Bolivia: gdpPercap,2180.972546,"USD per person, inflation-adjusted",github.com/NickCH-K/causaldata
1967-12-31,Bolivia: gdpPercap,2586.886053,"USD per person, inflation-adjusted",github.com/NickCH-K/causaldata
1972-12-31,Bolivia: gdpPercap,2980.331339,"USD per person, inflation-adjusted",github.com/NickCH-K/causaldata
1977-12-31,Bolivia: gdpPercap,3548.097832,"USD per person, inflation-adjusted",github.com/NickCH-K/causaldata
1982-12-31,Bolivia: gdpPercap,3156.510452,"USD per person, inflation-adjusted",github.com/NickCH-K/causaldata
1987-12-31,Bolivia: gdpPercap,2753.69149,"USD per person, inflation-adjusted",github.com/NickCH-K/causaldata
1992-12-31,Bolivia: gdpPercap,2961.699694,"USD per person, inflation-adjusted",github.com/NickCH-K/causaldata
1997-12-31,Bolivia: gdpPercap,3326.143191,"USD per person, inflation-adjusted",github.com/NickCH-K/causaldata
2002-12-31,Bolivia: gdpPercap,3413.26269,"USD per person, inflation-adjusted",github.com/NickCH-K/causaldata
2007-12-31,Bolivia: gdpPercap,3822.137084,"USD per person, inflation-adjusted",github.com/NickCH-K/causaldata
1952-12-31,Bolivia: lifeExp,40.414,years,github.com/NickCH-K/causaldata
1957-12-31,Bolivia: lifeExp,41.89,years,github.com/NickCH-K/causaldata
1962-12-31,Bolivia: lifeExp,43.428,years,github.com/NickCH-K/causaldata
1967-12-31,Bolivia: lifeExp,45.032,years,github.com/NickCH-K/causaldata
1972-12-31,Bolivia: lifeExp,46.714,years,github.com/NickCH-K/causaldata
1977-12-31,Bolivia: lifeExp,50.023,years,github.com/NickCH-K/causaldata
1982-12-31,Bolivia: lifeExp,53.859,years,github.com/NickCH-K/causaldata
1987-12-31,Bolivia: lifeExp,57.251,years,github.com/NickCH-K/causaldata
1992-12-31,Bolivia: lifeExp,59.957,years,github.com/NickCH-K/causaldata
1997-12-31,Bolivia: lifeExp,62.05,years,github.com/NickCH-K/causaldata
2002-12-31,Bolivia: lifeExp,63.883,years,github.com/NickCH-K/causaldata
2007-12-31,Bolivia: lifeExp,65.554,years,github.com/NickCH-K/causaldata
1952-12-31,Bolivia: pop,2883315.0,people,github.com/NickCH-K/causaldata
1957-12-31,Bolivia: pop,3211738.0,people,github.com/NickCH-K/causaldata
1962-12-31,Bolivia: pop,3593918.0,people,github.com/NickCH-K/causaldata
1967-12-31,Bolivia: pop,4040665.0,people,github.com/NickCH-K/causaldata
1972-12-31,Bolivia: pop,4565872.0,people,github.com/NickCH-K/causaldata
1977-12-31,Bolivia: pop,5079716.0,people,github.com/NickCH-K/causaldata
1982-12-31,Bolivia: pop,5642224.0,people,github.com/NickCH-K/causaldata
1987-12-31,Bolivia: pop,6156369.0,people,github.com/NickCH-K/causaldata
1992-12-31,Bolivia: pop,6893451.0,people,github.com/NickCH-K/causaldata
1997-12-31,Bolivia: pop,7693188.0,people,github.com/NickCH-K/causaldata
2002-12-31,Bolivia: pop,8445134.0,people,github.com/NickCH-K/causaldata
2007-12-31,Bolivia: pop,9119152.0,people,github.com/NickCH-K/causaldata
1952-12-31,Bosnia and Herzegovina: gdpPercap,973.5331948,"USD per person, inflation-adjusted",github.com/NickCH-K/causaldata
1957-12-31,Bosnia and Herzegovina: gdpPercap,1353.989176,"USD per person, inflation-adjusted",github.com/NickCH-K/causaldata
1962-12-31,Bosnia and Herzegovina: gdpPercap,1709.683679,"USD per person, inflation-adjusted",github.com/NickCH-K/causaldata
1967-12-31,Bosnia and Herzegovina: gdpPercap,2172.352423,"USD per person, inflation-adjusted",github.com/NickCH-K/causaldata
1972-12-31,Bosnia and Herzegovina: gdpPercap,2860.16975,"USD per person, inflation-adjusted",github.com/NickCH-K/causaldata
1977-12-31,Bosnia and Herzegovina: gdpPercap,3528.481305,"USD per person, inflation-adjusted",github.com/NickCH-K/causaldata
1982-12-31,Bosnia and Herzegovina: gdpPercap,4126.613157,"USD per person, inflation-adjusted",github.com/NickCH-K/causaldata
1987-12-31,Bosnia and Herzegovina: gdpPercap,4314.114757,"USD per person, inflation-adjusted",github.com/NickCH-K/causaldata
1992-12-31,Bosnia and Herzegovina: gdpPercap,2546.781445,"USD per person, inflation-adjusted",github.com/NickCH-K/causaldata
1997-12-31,Bosnia and Herzegovina: gdpPercap,4766.355904,"USD per person, inflation-adjusted",github.com/NickCH-K/causaldata
2002-12-31,Bosnia and Herzegovina: gdpPercap,6018.975239,"USD per person, inflation-adjusted",github.com/NickCH-K/causaldata
2007-12-31,Bosnia and Herzegovina: gdpPercap,7446.298803,"USD per person, inflation-adjusted",github.com/NickCH-K/causaldata
1952-12-31,Bosnia and Herzegovina: lifeExp,53.82,years,github.com/NickCH-K/causaldata
1957-12-31,Bosnia and Herzegovina: lifeExp,58.45,years,github.com/NickCH-K/causaldata
1962-12-31,Bosnia and Herzegovina: lifeExp,61.93,years,github.com/NickCH-K/causaldata
1967-12-31,Bosnia and Herzegovina: lifeExp,64.79,years,github.com/NickCH-K/causaldata
1972-12-31,Bosnia and Herzegovina: lifeExp,67.45,years,github.com/NickCH-K/causaldata
1977-12-31,Bosnia and Herzegovina: lifeExp,69.86,years,github.com/NickCH-K/causaldata
1982-12-31,Bosnia and Herzegovina: lifeExp,70.69,years,github.com/NickCH-K/causaldata
1987-12-31,Bosnia and Herzegovina: lifeExp,71.14,years,github.com/NickCH-K/causaldata
1992-12-31,Bosnia and Herzegovina: lifeExp,72.178,years,github.com/NickCH-K/causaldata
1997-12-31,Bosnia and Herzegovina: lifeExp,73.244,years,github.com/NickCH-K/causaldata
2002-12-31,Bosnia and Herzegovina: lifeExp,74.09,years,github.com/NickCH-K/causaldata
2007-12-31,Bosnia and Herzegovina: lifeExp,74.852,years,github.com/NickCH-K/causaldata
1952-12-31,Bosnia and Herzegovina: pop,2791000.0,people,github.com/NickCH-K/causaldata
1957-12-31,Bosnia and Herzegovina: pop,3076000.0,people,github.com/NickCH-K/causaldata
1962-12-31,Bosnia and Herzegovina: pop,3349000.0,people,github.com/NickCH-K/causaldata
1967-12-31,Bosnia and Herzegovina: pop,3585000.0,people,github.com/NickCH-K/causaldata
1972-12-31,Bosnia and Herzegovina: pop,3819000.0,people,github.com/NickCH-K/causaldata
1977-12-31,Bosnia and Herzegovina: pop,4086000.0,people,github.com/NickCH-K/causaldata
1982-12-31,Bosnia and Herzegovina: pop,4172693.0,people,github.com/NickCH-K/causaldata
1987-12-31,Bosnia and Herzegovina: pop,4338977.0,people,github.com/NickCH-K/causaldata
1992-12-31,Bosnia and Herzegovina: pop,4256013.0,people,github.com/NickCH-K/causaldata
1997-12-31,Bosnia and Herzegovina: pop,3607000.0,people,github.com/NickCH-K/causaldata
2002-12-31,Bosnia and Herzegovina: pop,4165416.0,people,github.com/NickCH-K/causaldata
2007-12-31,Bosnia and Herzegovina: pop,4552198.0,people,github.com/NickCH-K/causaldata
1952-12-31,Botswana: gdpPercap,851.2411407,"USD per person, inflation-adjusted",github.com/NickCH-K/causaldata
1957-12-31,Botswana: gdpPercap,918.2325349,"USD per person, inflation-adjusted",github.com/NickCH-K/causaldata
1962-12-31,Botswana: gdpPercap,983.6539764,"USD per person, inflation-adjusted",github.com/NickCH-K/causaldata
1967-12-31,Botswana: gdpPercap,1214.709294,"USD per person, inflation-adjusted",github.com/NickCH-K/causaldata
1972-12-31,Botswana: gdpPercap,2263.611114,"USD per person, inflation-adjusted",github.com/NickCH-K/causaldata
1977-12-31,Botswana: gdpPercap,3214.857818,"USD per person, inflation-adjusted",github.com/NickCH-K/causaldata
1982-12-31,Botswana: gdpPercap,4551.14215,"USD per person, inflation-adjusted",github.com/NickCH-K/causaldata
1987-12-31,Botswana: gdpPercap,6205.88385,"USD per person, inflation-adjusted",github.com/NickCH-K/causaldata
1992-12-31,Botswana: gdpPercap,7954.111645,"USD per person, inflation-adjusted",github.com/NickCH-K/causaldata
1997-12-31,Botswana: gdpPercap,8647.142313,"USD per person, inflation-adjusted",github.com/NickCH-K/causaldata
2002-12-31,Botswana: gdpPercap,11003.60508,"USD per person, inflation-adjusted",github.com/NickCH-K/causaldata
2007-12-31,Botswana: gdpPercap,12569.85177,"USD per person, inflation-adjusted",github.com/NickCH-K/causaldata
1952-12-31,Botswana: lifeExp,47.622,years,github.com/NickCH-K/causaldata
1957-12-31,Botswana: lifeExp,49.618,years,github.com/NickCH-K/causaldata
1962-12-31,Botswana: lifeExp,51.52,years,github.com/NickCH-K/causaldata
1967-12-31,Botswana: lifeExp,53.298,years,github.com/NickCH-K/causaldata
1972-12-31,Botswana: lifeExp,56.024,years,github.com/NickCH-K/causaldata
1977-12-31,Botswana: lifeExp,59.319,years,github.com/NickCH-K/causaldata
1982-12-31,Botswana: lifeExp,61.484,years,github.com/NickCH-K/causaldata
1987-12-31,Botswana: lifeExp,63.622,years,github.com/NickCH-K/causaldata
1992-12-31,Botswana: lifeExp,62.745,years,github.com/NickCH-K/causaldata
1997-12-31,Botswana: lifeExp,52.556,years,github.com/NickCH-K/causaldata
2002-12-31,Botswana: lifeExp,46.634,years,github.com/NickCH-K/causaldata
2007-12-31,Botswana: lifeExp,50.728,years,github.com/NickCH-K/causaldata
1952-12-31,Botswana: pop,442308.0,people,github.com/NickCH-K/causaldata
1957-12-31,Botswana: pop,474639.0,people,github.com/NickCH-K/causaldata
1962-12-31,Botswana: pop,512764.0,people,github.com/NickCH-K/causaldata
1967-12-31,Botswana: pop,553541.0,people,github.com/NickCH-K/causaldata
1972-12-31,Botswana: pop,619351.0,people,github.com/NickCH-K/causaldata
1977-12-31,Botswana: pop,781472.0,people,github.com/NickCH-K/causaldata
1982-12-31,Botswana: pop,970347.0,people,github.com/NickCH-K/causaldata
1987-12-31,Botswana: pop,1151184.0,people,github.com/NickCH-K/causaldata
1992-12-31,Botswana: pop,1342614.0,people,github.com/NickCH-K/causaldata
1997-12-31,Botswana: pop,1536536.0,people,github.com/NickCH-K/causaldata
2002-12-31,Botswana: pop,1630347.0,people,github.com/NickCH-K/causaldata
2007-12-31,Botswana: pop,1639131.0,people,github.com/NickCH-K/causaldata
1952-12-31,Brazil: gdpPercap,2108.944355,"USD per person, inflation-adjusted",github.com/NickCH-K/causaldata
1957-12-31,Brazil: gdpPercap,2487.365989,"USD per person, inflation-adjusted",github.com/NickCH-K/causaldata
1962-12-31,Brazil: gdpPercap,3336.585802,"USD per person, inflation-adjusted",github.com/NickCH-K/causaldata
1967-12-31,Brazil: gdpPercap,3429.864357,"USD per person, inflation-adjusted",github.com/NickCH-K/causaldata
1972-12-31,Brazil: gdpPercap,4985.711467,"USD per person, inflation-adjusted",github.com/NickCH-K/causaldata
1977-12-31,Brazil: gdpPercap,6660.118654,"USD per person, inflation-adjusted",github.com/NickCH-K/causaldata
1982-12-31,Brazil: gdpPercap,7030.835878,"USD per person, inflation-adjusted",github.com/NickCH-K/causaldata
1987-12-31,Brazil: gdpPercap,7807.095818,"USD per person, inflation-adjusted",github.com/NickCH-K/causaldata
1992-12-31,Brazil: gdpPercap,6950.283021,"USD per person, inflation-adjusted",github.com/NickCH-K/causaldata
1997-12-31,Brazil: gdpPercap,7957.980824,"USD per person, inflation-adjusted",github.com/NickCH-K/causaldata
2002-12-31,Brazil: gdpPercap,8131.212843,"USD per person, inflation-adjusted",github.com/NickCH-K/causaldata
2007-12-31,Brazil: gdpPercap,9065.800825,"USD per person, inflation-adjusted",github.com/NickCH-K/causaldata
1952-12-31,Brazil: lifeExp,50.917,years,github.com/NickCH-K/causaldata
1957-12-31,Brazil: lifeExp,53.285,years,github.com/NickCH-K/causaldata
1962-12-31,Brazil: lifeExp,55.665,years,github.com/NickCH-K/causaldata
1967-12-31,Brazil: lifeExp,57.632,years,github.com/NickCH-K/causaldata
1972-12-31,Brazil: lifeExp,59.504,years,github.com/NickCH-K/causaldata
1977-12-31,Brazil: lifeExp,61.489,years,github.com/NickCH-K/causaldata
1982-12-31,Brazil: lifeExp,63.336,years,github.com/NickCH-K/causaldata
1987-12-31,Brazil: lifeExp,65.205,years,github.com/NickCH-K/causaldata
1992-12-31,Brazil: lifeExp,67.057,years,github.com/NickCH-K/causaldata
1997-12-31,Brazil: lifeExp,69.388,years,github.com/NickCH-K/causaldata
2002-12-31,Brazil: lifeExp,71.006,years,github.com/NickCH-K/causaldata
2007-12-31,Brazil: lifeExp,72.39,years,github.com/NickCH-K/causaldata
1952-12-31,Brazil: pop,56602560.0,people,github.com/NickCH-K/causaldata
1957-12-31,Brazil: pop,65551171.0,people,github.com/NickCH-K/causaldata
1962-12-31,Brazil: pop,76039390.0,people,github.com/NickCH-K/causaldata
1967-12-31,Brazil: pop,88049823.0,people,github.com/NickCH-K/causaldata
1972-12-31,Brazil: pop,100840058.0,people,github.com/NickCH-K/causaldata
1977-12-31,Brazil: pop,114313951.0,people,github.com/NickCH-K/causaldata
1982-12-31,Brazil: pop,128962939.0,people,github.com/NickCH-K/causaldata
1987-12-31,Brazil: pop,142938076.0,people,github.com/NickCH-K/causaldata
1992-12-31,Brazil: pop,155975974.0,people,github.com/NickCH-K/causaldata
1997-12-31,Brazil: pop,168546719.0,people,github.com/NickCH-K/causaldata
2002-12-31,Brazil: pop,179914212.0,people,github.com/NickCH-K/causaldata
2007-12-31,Brazil: pop,190010647.0,people,github.com/NickCH-K/causaldata
1952-12-31,Bulgaria: gdpPercap,2444.286648,"USD per person, inflation-adjusted",github.com/NickCH-K/causaldata
1957-12-31,Bulgaria: gdpPercap,3008.670727,"USD per person, inflation-adjusted",github.com/NickCH-K/causaldata
1962-12-31,Bulgaria: gdpPercap,4254.337839,"USD per person, inflation-adjusted",github.com/NickCH-K/causaldata
1967-12-31,Bulgaria: gdpPercap,5577.0028,"USD per person, inflation-adjusted",github.com/NickCH-K/causaldata
1972-12-31,Bulgaria: gdpPercap,6597.494398,"USD per person, inflation-adjusted",github.com/NickCH-K/causaldata
1977-12-31,Bulgaria: gdpPercap,7612.240438,"USD per person, inflation-adjusted",github.com/NickCH-K/causaldata
1982-12-31,Bulgaria: gdpPercap,8224.191647,"USD per person, inflation-adjusted",github.com/NickCH-K/causaldata
1987-12-31,Bulgaria: gdpPercap,8239.854824,"USD per person, inflation-adjusted",github.com/NickCH-K/causaldata
1992-12-31,Bulgaria: gdpPercap,6302.623438,"USD per person, inflation-adjusted",github.com/NickCH-K/causaldata
1997-12-31,Bulgaria: gdpPercap,5970.38876,"USD per person, inflation-adjusted",github.com/NickCH-K/causaldata
2002-12-31,Bulgaria: gdpPercap,7696.777725,"USD per person, inflation-adjusted",github.com/NickCH-K/causaldata
2007-12-31,Bulgaria: gdpPercap,10680.79282,"USD per person, inflation-adjusted",github.com/NickCH-K/causaldata
1952-12-31,Bulgaria: lifeExp,59.6,years,github.com/NickCH-K/causaldata
1957-12-31,Bulgaria: lifeExp,66.61,years,github.com/NickCH-K/causaldata
1962-12-31,Bulgaria: lifeExp,69.51,years,github.com/NickCH-K/causaldata
1967-12-31,Bulgaria: lifeExp,70.42,years,github.com/NickCH-K/causaldata
1972-12-31,Bulgaria: lifeExp,70.9,years,github.com/NickCH-K/causaldata
1977-12-31,Bulgaria: lifeExp,70.81,years,github.com/NickCH-K/causaldata
1982-12-31,Bulgaria: lifeExp,71.08,years,github.com/NickCH-K/causaldata
1987-12-31,Bulgaria: lifeExp,71.34,years,github.com/NickCH-K/causaldata
1992-12-31,Bulgaria: lifeExp,71.19,years,github.com/NickCH-K/causaldata
1997-12-31,Bulgaria: lifeExp,70.32,years,github.com/NickCH-K/causaldata
2002-12-31,Bulgaria: lifeExp,72.14,years,github.com/NickCH-K/causaldata
2007-12-31,Bulgaria: lifeExp,73.005,years,github.com/NickCH-K/causaldata
1952-12-31,Bulgaria: pop,7274900.0,people,github.com/NickCH-K/causaldata
1957-12-31,Bulgaria: pop,7651254.0,people,github.com/NickCH-K/causaldata
1962-12-31,Bulgaria: pop,8012946.0,people,github.com/NickCH-K/causaldata
1967-12-31,Bulgaria: pop,8310226.0,people,github.com/NickCH-K/causaldata
1972-12-31,Bulgaria: pop,8576200.0,people,github.com/NickCH-K/causaldata
1977-12-31,Bulgaria: pop,8797022.0,people,github.com/NickCH-K/causaldata
1982-12-31,Bulgaria: pop,8892098.0,people,github.com/NickCH-K/causaldata
1987-12-31,Bulgaria: pop,8971958.0,people,github.com/NickCH-K/causaldata
1992-12-31,Bulgaria: pop,8658506.0,people,github.com/NickCH-K/causaldata
1997-12-31,Bulgaria: pop,8066057.0,people,github.com/NickCH-K/causaldata
2002-12-31,Bulgaria: pop,7661799.0,people,github.com/NickCH-K/causaldata
2007-12-31,Bulgaria: pop,7322858.0,people,github.com/NickCH-K/causaldata
1952-12-31,Burkina Faso: gdpPercap,543.2552413,"USD per person, inflation-adjusted",github.com/NickCH-K/causaldata
1957-12-31,Burkina Faso: gdpPercap,617.1834648,"USD per person, inflation-adjusted",github.com/NickCH-K/causaldata
1962-12-31,Burkina Faso: gdpPercap,722.5120206,"USD per person, inflation-adjusted",github.com/NickCH-K/causaldata
1967-12-31,Burkina Faso: gdpPercap,794.8265597,"USD per person, inflation-adjusted",github.com/NickCH-K/causaldata
1972-12-31,Burkina Faso: gdpPercap,854.7359763,"USD per person, inflation-adjusted",github.com/NickCH-K/causaldata
1977-12-31,Burkina Faso: gdpPercap,743.3870368,"USD per person, inflation-adjusted",github.com/NickCH-K/causaldata
1982-12-31,Burkina Faso: gdpPercap,807.1985855,"USD per person, inflation-adjusted",github.com/NickCH-K/causaldata
1987-12-31,Burkina Faso: gdpPercap,912.0631417,"USD per person, inflation-adjusted",github.com/NickCH-K/causaldata
1992-12-31,Burkina Faso: gdpPercap,931.7527731,"USD per person, inflation-adjusted",github.com/NickCH-K/causaldata
1997-12-31,Burkina Faso: gdpPercap,946.2949618,"USD per person, inflation-adjusted",github.com/NickCH-K/causaldata
2002-12-31,Burkina Faso: gdpPercap,1037.645221,"USD per person, inflation-adjusted",github.com/NickCH-K/causaldata
2007-12-31,Burkina Faso: gdpPercap,1217.032994,"USD per person, inflation-adjusted",github.com/NickCH-K/causaldata
1952-12-31,Burkina Faso: lifeExp,31.975,years,github.com/NickCH-K/causaldata
1957-12-31,Burkina Faso: lifeExp,34.906,years,github.com/NickCH-K/causaldata
1962-12-31,Burkina Faso: lifeExp,37.814,years,github.com/NickCH-K/causaldata
1967-12-31,Burkina Faso: lifeExp,40.697,years,github.com/NickCH-K/causaldata
1972-12-31,Burkina Faso: lifeExp,43.591,years,github.com/NickCH-K/causaldata
1977-12-31,Burkina Faso: lifeExp,46.137,years,github.com/NickCH-K/causaldata
1982-12-31,Burkina Faso: lifeExp,48.122,years,github.com/NickCH-K/causaldata
1987-12-31,Burkina Faso: lifeExp,49.557,years,github.com/NickCH-K/causaldata
1992-12-31,Burkina Faso: lifeExp,50.26,years,github.com/NickCH-K/causaldata
1997-12-31,Burkina Faso: lifeExp,50.324,years,github.com/NickCH-K/causaldata
2002-12-31,Burkina Faso: lifeExp,50.65,years,github.com/NickCH-K/causaldata
2007-12-31,Burkina Faso: lifeExp,52.295,years,github.com/NickCH-K/causaldata
1952-12-31,Burkina Faso: pop,4469979.0,people,github.com/NickCH-K/causaldata
1957-12-31,Burkina Faso: pop,4713416.0,people,github.com/NickCH-K/causaldata
1962-12-31,Burkina Faso: pop,4919632.0,people,github.com/NickCH-K/causaldata
1967-12-31,Burkina Faso: pop,5127935.0,people,github.com/NickCH-K/causaldata
1972-12-31,Burkina Faso: pop,5433886.0,people,github.com/NickCH-K/causaldata
1977-12-31,Burkina Faso: pop,5889574.0,people,github.com/NickCH-K/causaldata
1982-12-31,Burkina Faso: pop,6634596.0,people,github.com/NickCH-K/causaldata
1987-12-31,Burkina Faso: pop,7586551.0,people,github.com/NickCH-K/causaldata
1992-12-31,Burkina Faso: pop,8878303.0,people,github.com/NickCH-K/causaldata
1997-12-31,Burkina Faso: pop,10352843.0,people,github.com/NickCH-K/causaldata
2002-12-31,Burkina Faso: pop,12251209.0,people,github.com/NickCH-K/causaldata
2007-12-31,Burkina Faso: pop,14326203.0,people,github.com/NickCH-K/causaldata
1952-12-31,Burundi: gdpPercap,339.2964587,"USD per person, inflation-adjusted",github.com/NickCH-K/causaldata
1957-12-31,Burundi: gdpPercap,379.5646281,"USD per person, inflation-adjusted",github.com/NickCH-K/causaldata
1962-12-31,Burundi: gdpPercap,355.2032273,"USD per person, inflation-adjusted",github.com/NickCH-K/causaldata
1967-12-31,Burundi: gdpPercap,412.9775136,"USD per person, inflation-adjusted",github.com/NickCH-K/causaldata
1972-12-31,Burundi: gdpPercap,464.0995039,"USD per person, inflation-adjusted",github.com/NickCH-K/causaldata
1977-12-31,Burundi: gdpPercap,556.1032651,"USD per person, inflation-adjusted",github.com/NickCH-K/causaldata
1982-12-31,Burundi: gdpPercap,559.603231,"USD per person, inflation-adjusted",github.com/NickCH-K/causaldata
1987-12-31,Burundi: gdpPercap,621.8188189,"USD per person, inflation-adjusted",github.com/NickCH-K/causaldata
1992-12-31,Burundi: gdpPercap,631.6998778,"USD per person, inflation-adjusted",github.com/NickCH-K/causaldata
1997-12-31,Burundi: gdpPercap,463.1151478,"USD per person, inflation-adjusted",github.com/NickCH-K/causaldata
2002-12-31,Burundi: gdpPercap,446.4035126,"USD per person, inflation-adjusted",github.com/NickCH-K/causaldata
2007-12-31,Burundi: gdpPercap,430.0706916,"USD per person, inflation-adjusted",github.com/NickCH-K/causaldata
1952-12-31,Burundi: lifeExp,39.031,years,github.com/NickCH-K/causaldata
1957-12-31,Burundi: lifeExp,40.533,years,github.com/NickCH-K/causaldata
1962-12-31,Burundi: lifeExp,42.045,years,github.com/NickCH-K/causaldata
1967-12-31,Burundi: lifeExp,43.548,years,github.com/NickCH-K/causaldata
1972-12-31,Burundi: lifeExp,44.057,years,github.com/NickCH-K/causaldata
1977-12-31,Burundi: lifeExp,45.91,years,github.com/NickCH-K/causaldata
1982-12-31,Burundi: lifeExp,47.471,years,github.com/NickCH-K/causaldata
1987-12-31,Burundi: lifeExp,48.211,years,github.com/NickCH-K/causaldata
1992-12-31,Burundi: lifeExp,44.736,years,github.com/NickCH-K/causaldata
1997-12-31,Burundi: lifeExp,45.326,years,github.com/NickCH-K/causaldata
2002-12-31,Burundi: lifeExp,47.36,years,github.com/NickCH-K/causaldata
2007-12-31,Burundi: lifeExp,49.58,years,github.com/NickCH-K/causaldata
1952-12-31,Burundi: pop,2445618.0,people,github.com/NickCH-K/causaldata
1957-12-31,Burundi: pop,2667518.0,people,github.com/NickCH-K/causaldata
1962-12-31,Burundi: pop,2961915.0,people,github.com/NickCH-K/causaldata
1967-12-31,Burundi: pop,3330989.0,people,github.com/NickCH-K/causaldata
1972-12-31,Burundi: pop,3529983.0,people,github.com/NickCH-K/causaldata
1977-12-31,Burundi: pop,3834415.0,people,github.com/NickCH-K/causaldata
1982-12-31,Burundi: pop,4580410.0,people,github.com/NickCH-K/causaldata
1987-12-31,Burundi: pop,5126023.0,people,github.com/NickCH-K/causaldata
1992-12-31,Burundi: pop,5809236.0,people,github.com/NickCH-K/causaldata
1997-12-31,Burundi: pop,6121610.0,people,github.com/NickCH-K/causaldata
2002-12-31,Burundi: pop,7021078.0,people,github.com/NickCH-K/causaldata
2007-12-31,Burundi: pop,8390505.0,people,github.com/NickCH-K/causaldata
1952-12-31,Cambodia: gdpPercap,368.4692856,"USD per person, inflation-adjusted",github.com/NickCH-K/causaldata
1957-12-31,Cambodia: gdpPercap,434.0383364,"USD per person, inflation-adjusted",github.com/NickCH-K/causaldata
1962-12-31,Cambodia: gdpPercap,496.9136476,"USD per person, inflation-adjusted",github.com/NickCH-K/causaldata
1967-12-31,Cambodia: gdpPercap,523.4323142,"USD per person, inflation-adjusted",github.com/NickCH-K/causaldata
1972-12-31,Cambodia: gdpPercap,421.6240257,"USD per person, inflation-adjusted",github.com/NickCH-K/causaldata
1977-12-31,Cambodia: gdpPercap,524.9721832,"USD per person, inflation-adjusted",github.com/NickCH-K/causaldata
1982-12-31,Cambodia: gdpPercap,624.4754784,"USD per person, inflation-adjusted",github.com/NickCH-K/causaldata
1987-12-31,Cambodia: gdpPercap,683.8955732,"USD per person, inflation-adjusted",github.com/NickCH-K/causaldata
1992-12-31,Cambodia: gdpPercap,682.3031755,"USD per person, inflation-adjusted",github.com/NickCH-K/causaldata
1997-12-31,Cambodia: gdpPercap,734.28517,"USD per person, inflation-adjusted",github.com/NickCH-K/causaldata
2002-12-31,Cambodia: gdpPercap,896.2260153,"USD per person, inflation-adjusted",github.com/NickCH-K/causaldata
2007-12-31,Cambodia: gdpPercap,1713.778686,"USD per person, inflation-adjusted",github.com/NickCH-K/causaldata
1952-12-31,Cambodia: lifeExp,39.417,years,github.com/NickCH-K/causaldata
1957-12-31,Cambodia: lifeExp,41.366,years,github.com/NickCH-K/causaldata
1962-12-31,Cambodia: lifeExp,43.415,years,github.com/NickCH-K/causaldata
1967-12-31,Cambodia: lifeExp,45.415,years,github.com/NickCH-K/causaldata
1972-12-31,Cambodia: lifeExp,40.317,years,github.com/NickCH-K/causaldata
1977-12-31,Cambodia: lifeExp,31.22,years,github.com/NickCH-K/causaldata
1982-12-31,Cambodia: lifeExp,50.957,years,github.com/NickCH-K/causaldata
1987-12-31,Cambodia: lifeExp,53.914,years,github.com/NickCH-K/causaldata
1992-12-31,Cambodia: lifeExp,55.803,years,github.com/NickCH-K/causaldata
1997-12-31,Cambodia: lifeExp,56.534,years,github.com/NickCH-K/causaldata
2002-12-31,Cambodia: lifeExp,56.752,years,github.com/NickCH-K/causaldata
2007-12-31,Cambodia: lifeExp,59.723,years,github.com/NickCH-K/causaldata
1952-12-31,Cambodia: pop,4693836.0,people,github.com/NickCH-K/causaldata
1957-12-31,Cambodia: pop,5322536.0,people,github.com/NickCH-K/causaldata
1962-12-31,Cambodia: pop,6083619.0,people,github.com/NickCH-K/causaldata
1967-12-31,Cambodia: pop,6960067.0,people,github.com/NickCH-K/causaldata
1972-12-31,Cambodia: pop,7450606.0,people,github.com/NickCH-K/causaldata
1977-12-31,Cambodia: pop,6978607.0,people,github.com/NickCH-K/causaldata
1982-12-31,Cambodia: pop,7272485.0,people,github.com/NickCH-K/causaldata
1987-12-31,Cambodia: pop,8371791.0,people,github.com/NickCH-K/causaldata
1992-12-31,Cambodia: pop,10150094.0,people,github.com/NickCH-K/causaldata
1997-12-31,Cambodia: pop,11782962.0,people,github.com/NickCH-K/causaldata
2002-12-31,Cambodia: pop,12926707.0,people,github.com/NickCH-K/causaldata
2007-12-31,Cambodia: pop,14131858.0,people,github.com/NickCH-K/causaldata
1952-12-31,Cameroon: gdpPercap,1172.667655,"USD per person, inflation-adjusted",github.com/NickCH-K/causaldata
1957-12-31,Cameroon: gdpPercap,1313.048099,"USD per person, inflation-adjusted",github.com/NickCH-K/causaldata
1962-12-31,Cameroon: gdpPercap,1399.607441,"USD per person, inflation-adjusted",github.com/NickCH-K/causaldata
1967-12-31,Cameroon: gdpPercap,1508.453148,"USD per person, inflation-adjusted",github.com/NickCH-K/causaldata
1972-12-31,Cameroon: gdpPercap,1684.146528,"USD per person, inflation-adjusted",github.com/NickCH-K/causaldata
1977-12-31,Cameroon: gdpPercap,1783.432873,"USD per person, inflation-adjusted",github.com/NickCH-K/causaldata
1982-12-31,Cameroon: gdpPercap,2367.983282,"USD per person, inflation-adjusted",github.com/NickCH-K/causaldata
1987-12-31,Cameroon: gdpPercap,2602.664206,"USD per person, inflation-adjusted",github.com/NickCH-K/causaldata
1992-12-31,Cameroon: gdpPercap,1793.163278,"USD per person, inflation-adjusted",github.com/NickCH-K/causaldata
1997-12-31,Cameroon: gdpPercap,1694.337469,"USD per person, inflation-adjusted",github.com/NickCH-K/causaldata
2002-12-31,Cameroon: gdpPercap,1934.011449,"USD per person, inflation-adjusted",github.com/NickCH-K/causaldata
2007-12-31,Cameroon: gdpPercap,2042.09524,"USD per person, inflation-adjusted",github.com/NickCH-K/causaldata
1952-12-31,Cameroon: lifeExp,38.523,years,github.com/NickCH-K/causaldata
1957-12-31,Cameroon: lifeExp,40.428,years,github.com/NickCH-K/causaldata
1962-12-31,Cameroon: lifeExp,42.643,years,github.com/NickCH-K/causaldata
1967-12-31,Cameroon: lifeExp,44.799,years,github.com/NickCH-K/causaldata
1972-12-31,Cameroon: lifeExp,47.049,years,github.com/NickCH-K/causaldata
1977-12-31,Cameroon: lifeExp,49.355,years,github.com/NickCH-K/causaldata
1982-12-31,Cameroon: lifeExp,52.961,years,github.com/NickCH-K/causaldata
1987-12-31,Cameroon: lifeExp,54.985,years,github.com/NickCH-K/causaldata
1992-12-31,Cameroon: lifeExp,54.314,years,github.com/NickCH-K/causaldata
1997-12-31,Cameroon: lifeExp,52.199,years,github.com/NickCH-K/causaldata
2002-12-31,Cameroon: lifeExp,49.856,years,github.com/NickCH-K/causaldata
2007-12-31,Cameroon: lifeExp,50.43,years,github.com/NickCH-K/causaldata
1952-12-31,Cameroon: pop,5009067.0,people,github.com/NickCH-K/causaldata
1957-12-31,Cameroon: pop,5359923.0,people,github.com/NickCH-K/causaldata
1962-12-31,Cameroon: pop,5793633.0,people,github.com/NickCH-K/causaldata
1967-12-31,Cameroon: pop,6335506.0,people,github.com/NickCH-K/causaldata
1972-12-31,Cameroon: pop,7021028.0,people,github.com/NickCH-K/causaldata
1977-12-31,Cameroon: pop,7959865.0,people,github.com/NickCH-K/causaldata
1982-12-31,Cameroon: pop,9250831.0,people,github.com/NickCH-K/causaldata
1987-12-31,Cameroon: pop,10780667.0,people,github.com/NickCH-K/causaldata
1992-12-31,Cameroon: pop,12467171.0,people,github.com/NickCH-K/causaldata
1997-12-31,Cameroon: pop,14195809.0,people,github.com/NickCH-K/causaldata
2002-12-31,Cameroon: pop,15929988.0,people,github.com/NickCH-K/causaldata
2007-12-31,Cameroon: pop,17696293.0,people,github.com/NickCH-K/causaldata
1952-12-31,Canada: gdpPercap,11367.16112,"USD per person, inflation-adjusted",github.com/NickCH-K/causaldata
1957-12-31,Canada: gdpPercap,12489.95006,"USD per person, inflation-adjusted",github.com/NickCH-K/causaldata
1962-12-31,Canada: gdpPercap,13462.48555,"USD per person, inflation-adjusted",github.com/NickCH-K/causaldata
1967-12-31,Canada: gdpPercap,16076.58803,"USD per person, inflation-adjusted",github.com/NickCH-K/causaldata
1972-12-31,Canada: gdpPercap,18970.57086,"USD per person, inflation-adjusted",github.com/NickCH-K/causaldata
1977-12-31,Canada: gdpPercap,22090.88306,"USD per person, inflation-adjusted",github.com/NickCH-K/causaldata
1982-12-31,Canada: gdpPercap,22898.79214,"USD per person, inflation-adjusted",github.com/NickCH-K/causaldata
1987-12-31,Canada: gdpPercap,26626.51503,"USD per person, inflation-adjusted",github.com/NickCH-K/causaldata
1992-12-31,Canada: gdpPercap,26342.88426,"USD per person, inflation-adjusted",github.com/NickCH-K/causaldata
1997-12-31,Canada: gdpPercap,28954.92589,"USD per person, inflation-adjusted",github.com/NickCH-K/causaldata
2002-12-31,Canada: gdpPercap,33328.96507,"USD per person, inflation-adjusted",github.com/NickCH-K/causaldata
2007-12-31,Canada: gdpPercap,36319.23501,"USD per person, inflation-adjusted",github.com/NickCH-K/causaldata
1952-12-31,Canada: lifeExp,68.75,years,github.com/NickCH-K/causaldata
1957-12-31,Canada: lifeExp,69.96,years,github.com/NickCH-K/causaldata
1962-12-31,Canada: lifeExp,71.3,years,github.com/NickCH-K/causaldata
1967-12-31,Canada: lifeExp,72.13,years,github.com/NickCH-K/causaldata
1972-12-31,Canada: lifeExp,72.88,years,github.com/NickCH-K/causaldata
1977-12-31,Canada: lifeExp,74.21,years,github.com/NickCH-K/causaldata
1982-12-31,Canada: lifeExp,75.76,years,github.com/NickCH-K/causaldata
1987-12-31,Canada: lifeExp,76.86,years,github.com/NickCH-K/causaldata
1992-12-31,Canada: lifeExp,77.95,years,github.com/NickCH-K/causaldata
1997-12-31,Canada: lifeExp,78.61,years,github.com/NickCH-K/causaldata
2002-12-31,Canada: lifeExp,79.77,years,github.com/NickCH-K/causaldata
2007-12-31,Canada: lifeExp,80.653,years,github.com/NickCH-K/causaldata
1952-12-31,Canada: pop,14785584.0,people,github.com/NickCH-K/causaldata
1957-12-31,Canada: pop,17010154.0,people,github.com/NickCH-K/causaldata
1962-12-31,Canada: pop,18985849.0,people,github.com/NickCH-K/causaldata
1967-12-31,Canada: pop,20819767.0,people,github.com/NickCH-K/causaldata
1972-12-31,Canada: pop,22284500.0,people,github.com/NickCH-K/causaldata
1977-12-31,Canada: pop,23796400.0,people,github.com/NickCH-K/causaldata
1982-12-31,Canada: pop,25201900.0,people,github.com/NickCH-K/causaldata
1987-12-31,Canada: pop,26549700.0,people,github.com/NickCH-K/causaldata
1992-12-31,Canada: pop,28523502.0,people,github.com/NickCH-K/causaldata
1997-12-31,Canada: pop,30305843.0,people,github.com/NickCH-K/causaldata
2002-12-31,Canada: pop,31902268.0,people,github.com/NickCH-K/causaldata
2007-12-31,Canada: pop,33390141.0,people,github.com/NickCH-K/causaldata
1952-12-31,Central African Republic: gdpPercap,1071.310713,"USD per person, inflation-adjusted",github.com/NickCH-K/causaldata
1957-12-31,Central African Republic: gdpPercap,1190.844328,"USD per person, inflation-adjusted",github.com/NickCH-K/causaldata
1962-12-31,Central African Republic: gdpPercap,1193.068753,"USD per person, inflation-adjusted",github.com/NickCH-K/causaldata
1967-12-31,Central African Republic: gdpPercap,1136.056615,"USD per person, inflation-adjusted",github.com/NickCH-K/causaldata
1972-12-31,Central African Republic: gdpPercap,1070.013275,"USD per person, inflation-adjusted",github.com/NickCH-K/causaldata
1977-12-31,Central African Republic: gdpPercap,1109.374338,"USD per person, inflation-adjusted",github.com/NickCH-K/causaldata
1982-12-31,Central African Republic: gdpPercap,956.7529907,"USD per person, inflation-adjusted",github.com/NickCH-K/causaldata
1987-12-31,Central African Republic: gdpPercap,844.8763504,"USD per person, inflation-adjusted",github.com/NickCH-K/causaldata
1992-12-31,Central African Republic: gdpPercap,747.9055252,"USD per person, inflation-adjusted",github.com/NickCH-K/causaldata
1997-12-31,Central African Republic: gdpPercap,740.5063317,"USD per person, inflation-adjusted",github.com/NickCH-K/causaldata
2002-12-31,Central African Republic: gdpPercap,738.6906068,"USD per person, inflation-adjusted",github.com/NickCH-K/causaldata
2007-12-31,Central African Republic: gdpPercap,706.016537,"USD per person, inflation-adjusted",github.com/NickCH-K/causaldata
1952-12-31,Central African Republic: lifeExp,35.463,years,github.com/NickCH-K/causaldata
1957-12-31,Central African Republic: lifeExp,37.464,years,github.com/NickCH-K/causaldata
1962-12-31,Central African Republic: lifeExp,39.475,years,github.com/NickCH-K/causaldata
1967-12-31,Central African Republic: lifeExp,41.478,years,github.com/NickCH-K/causaldata
1972-12-31,Central African Republic: lifeExp,43.457,years,github.com/NickCH-K/causaldata
1977-12-31,Central African Republic: lifeExp,46.775,years,github.com/NickCH-K/causaldata
1982-12-31,Central African Republic: lifeExp,48.295,years,github.com/NickCH-K/causaldata
1987-12-31,Central African Republic: lifeExp,50.485,years,github.com/NickCH-K/causaldata
1992-12-31,Central African Republic: lifeExp,49.396,years,github.com/NickCH-K/causaldata
1997-12-31,Central African Republic: lifeExp,46.066,years,github.com/NickCH-K/causaldata
2002-12-31,Central African Republic: lifeExp,43.308,years,github.com/NickCH-K/causaldata
2007-12-31,Central African Republic: lifeExp,44.741,years,github.com/NickCH-K/causaldata
1952-12-31,Central African Republic: pop,1291695.0,people,github.com/NickCH-K/causaldata
1957-12-31,Central African Republic: pop,1392284.0,people,github.com/NickCH-K/causaldata
1962-12-31,Central African Republic: pop,1523478.0,people,github.com/NickCH-K/causaldata
1967-12-31,Central African Republic: pop,1733638.0,people,github.com/NickCH-K/causaldata
1972-12-31,Central African Republic: pop,1927260.0,people,github.com/NickCH-K/causaldata
1977-12-31,Central African Republic: pop,2167533.0,people,github.com/NickCH-K/causaldata
1982-12-31,Central African Republic: pop,2476971.0,people,github.com/NickCH-K/causaldata
1987-12-31,Central African Republic: pop,2840009.0,people,github.com/NickCH-K/causaldata
1992-12-31,Central African Republic: pop,3265124.0,people,github.com/NickCH-K/causaldata
1997-12-31,Central African Republic: pop,3696513.0,people,github.com/NickCH-K/causaldata
2002-12-31,Central African Republic: pop,4048013.0,people,github.com/NickCH-K/causaldata
2007-12-31,Central African Republic: pop,4369038.0,people,github.com/NickCH-K/causaldata
1952-12-31,Chad: gdpPercap,1178.665927,"USD per person, inflation-adjusted",github.com/NickCH-K/causaldata
1957-12-31,Chad: gdpPercap,1308.495577,"USD per person, inflation-adjusted",github.com/NickCH-K/causaldata
1962-12-31,Chad: gdpPercap,1389.817618,"USD per person, inflation-adjusted",github.com/NickCH-K/causaldata
1967-12-31,Chad: gdpPercap,1196.810565,"USD per person, inflation-adjusted",github.com/NickCH-K/causaldata
1972-12-31,Chad: gdpPercap,1104.103987,"USD per person, inflation-adjusted",github.com/NickCH-K/causaldata
1977-12-31,Chad: gdpPercap,1133.98495,"USD per person, inflation-adjusted",github.com/NickCH-K/causaldata
1982-12-31,Chad: gdpPercap,797.9081006,"USD per person, inflation-adjusted",github.com/NickCH-K/causaldata
1987-12-31,Chad: gdpPercap,952.386129,"USD per person, inflation-adjusted",github.com/NickCH-K/causaldata
1992-12-31,Chad: gdpPercap,1058.0643,"USD per person, inflation-adjusted",github.com/NickCH-K/causaldata
1997-12-31,Chad: gdpPercap,1004.961353,"USD per person, inflation-adjusted",github.com/NickCH-K/causaldata
2002-12-31,Chad: gdpPercap,1156.18186,"USD per person, inflation-adjusted",github.com/NickCH-K/causaldata
2007-12-31,Chad: gdpPercap,1704.063724,"USD per person, inflation-adjusted",github.com/NickCH-K/causaldata
1952-12-31,Chad: lifeExp,38.092,years,github.com/NickCH-K/causaldata
1957-12-31,Chad: lifeExp,39.881,years,github.com/NickCH-K/causaldata
1962-12-31,Chad: lifeExp,41.716,years,github.com/NickCH-K/causaldata
1967-12-31,Chad: lifeExp,43.601,years,github.com/NickCH-K/causaldata
1972-12-31,Chad: lifeExp,45.569,years,github.com/NickCH-K/causaldata
1977-12-31,Chad: lifeExp,47.383,years,github.com/NickCH-K/causaldata
1982-12-31,Chad: lifeExp,49.517,years,github.com/NickCH-K/causaldata
1987-12-31,Chad: lifeExp,51.051,years,github.com/NickCH-K/causaldata
1992-12-31,Chad: lifeExp,51.724,years,github.com/NickCH-K/causaldata
1997-12-31,Chad: lifeExp,51.573,years,github.com/NickCH-K/causaldata
2002-12-31,Chad: lifeExp,50.525,years,github.com/NickCH-K/causaldata
2007-12-31,Chad: lifeExp,50.651,years,github.com/NickCH-K/causaldata
1952-12-31,Chad: pop,2682462.0,people,github.com/NickCH-K/causaldata
1957-12-31,Chad: pop,2894855.0,people,github.com/NickCH-K/causaldata
1962-12-31,Chad: pop,3150417.0,people,github.com/NickCH-K/causaldata
1967-12-31,Chad: pop,3495967.0,people,github.com/NickCH-K/causaldata
1972-12-31,Chad: pop,3899068.0,people,github.com/NickCH-K/causaldata
1977-12-31,Chad: pop,4388260.0,people,github.com/NickCH-K/causaldata
1982-12-31,Chad: pop,4875118.0,people,github.com/NickCH-K/causaldata
1987-12-31,Chad: pop,5498955.0,people,github.com/NickCH-K/causaldata
1992-12-31,Chad: pop,6429417.0,people,github.com/NickCH-K/causaldata
1997-12-31,Chad: pop,7562011.0,people,github.com/NickCH-K/causaldata
2002-12-31,Chad: pop,8835739.0,people,github.com/NickCH-K/causaldata
2007-12-31,Chad: pop,10238807.0,people,github.com/NickCH-K/causaldata
1952-12-31,Chile: gdpPercap,3939.978789,"USD per person, inflation-adjusted",github.com/NickCH-K/causaldata
1957-12-31,Chile: gdpPercap,4315.622723,"USD per person, inflation-adjusted",github.com/NickCH-K/causaldata
1962-12-31,Chile: gdpPercap,4519.094331,"USD per person, inflation-adjusted",github.com/NickCH-K/causaldata
1967-12-31,Chile: gdpPercap,5106.654313,"USD per person, inflation-adjusted",github.com/NickCH-K/causaldata
1972-12-31,Chile: gdpPercap,5494.024437,"USD per person, inflation-adjusted",github.com/NickCH-K/causaldata
1977-12-31,Chile: gdpPercap,4756.763836,"USD per person, inflation-adjusted",github.com/NickCH-K/causaldata
1982-12-31,Chile: gdpPercap,5095.665738,"USD per person, inflation-adjusted",github.com/NickCH-K/causaldata
1987-12-31,Chile: gdpPercap,5547.063754,"USD per person, inflation-adjusted",github.com/NickCH-K/causaldata
1992-12-31,Chile: gdpPercap,7596.125964,"USD per person, inflation-adjusted",github.com/NickCH-K/causaldata
1997-12-31,Chile: gdpPercap,10118.05318,"USD per person, inflation-adjusted",github.com/NickCH-K/causaldata
2002-12-31,Chile: gdpPercap,10778.78385,"USD per person, inflation-adjusted",github.com/NickCH-K/causaldata
2007-12-31,Chile: gdpPercap,13171.63885,"USD per person, inflation-adjusted",github.com/NickCH-K/causaldata
1952-12-31,Chile: lifeExp,54.745,years,github.com/NickCH-K/causaldata
1957-12-31,Chile: lifeExp,56.074,years,github.com/NickCH-K/causaldata
1962-12-31,Chile: lifeExp,57.924,years,github.com/NickCH-K/causaldata
1967-12-31,Chile: lifeExp,60.523,years,github.com/NickCH-K/causaldata
1972-12-31,Chile: lifeExp,63.441,years,github.com/NickCH-K/causaldata
1977-12-31,Chile: lifeExp,67.052,years,github.com/NickCH-K/causaldata
1982-12-31,Chile: lifeExp,70.565,years,github.com/NickCH-K/causaldata
1987-12-31,Chile: lifeExp,72.492,years,github.com/NickCH-K/causaldata
1992-12-31,Chile: lifeExp,74.126,years,github.com/NickCH-K/causaldata
1997-12-31,Chile: lifeExp,75.816,years,github.com/NickCH-K/causaldata
2002-12-31,Chile: lifeExp,77.86,years,github.com/NickCH-K/causaldata
2007-12-31,Chile: lifeExp,78.553,years,github.com/NickCH-K/causaldata
1952-12-31,Chile: pop,6377619.0,people,github.com/NickCH-K/causaldata
1957-12-31,Chile: pop,7048426.0,people,github.com/NickCH-K/causaldata
1962-12-31,Chile: pop,7961258.0,people,github.com/NickCH-K/causaldata
1967-12-31,Chile: pop,8858908.0,people,github.com/NickCH-K/causaldata
1972-12-31,Chile: pop,9717524.0,people,github.com/NickCH-K/causaldata
1977-12-31,Chile: pop,10599793.0,people,github.com/NickCH-K/causaldata
1982-12-31,Chile: pop,11487112.0,people,github.com/NickCH-K/causaldata
1987-12-31,Chile: pop,12463354.0,people,github.com/NickCH-K/causaldata
1992-12-31,Chile: pop,13572994.0,people,github.com/NickCH-K/causaldata
1997-12-31,Chile: pop,14599929.0,people,github.com/NickCH-K/causaldata
2002-12-31,Chile: pop,15497046.0,people,github.com/NickCH-K/causaldata
2007-12-31,Chile: pop,16284741.0,people,github.com/NickCH-K/causaldata
1952-12-31,China: gdpPercap,400.448611,"USD per person, inflation-adjusted",github.com/NickCH-K/causaldata
1957-12-31,China: gdpPercap,575.9870009,"USD per person, inflation-adjusted",github.com/NickCH-K/causaldata
1962-12-31,China: gdpPercap,487.6740183,"USD per person, inflation-adjusted",github.com/NickCH-K/causaldata
1967-12-31,China: gdpPercap,612.7056934,"USD per person, inflation-adjusted",github.com/NickCH-K/causaldata
1972-12-31,China: gdpPercap,676.9000921,"USD per person, inflation-adjusted",github.com/NickCH-K/causaldata
1977-12-31,China: gdpPercap,741.2374699,"USD per person, inflation-adjusted",github.com/NickCH-K/causaldata
1982-12-31,China: gdpPercap,962.4213805,"USD per person, inflation-adjusted",github.com/NickCH-K/causaldata
1987-12-31,China: gdpPercap,1378.904018,"USD per person, inflation-adjusted",github.com/NickCH-K/causaldata
1992-12-31,China: gdpPercap,1655.784158,"USD per person, inflation-adjusted",github.com/NickCH-K/causaldata
1997-12-31,China: gdpPercap,2289.234136,"USD per person, inflation-adjusted",github.com/NickCH-K/causaldata
2002-12-31,China: gdpPercap,3119.280896,"USD per person, inflation-adjusted",github.com/NickCH-K/causaldata
2007-12-31,China: gdpPercap,4959.114854,"USD per person, inflation-adjusted",github.com/NickCH-K/causaldata
1952-12-31,China: lifeExp,44.0,years,github.com/NickCH-K/causaldata
1957-12-31,China: lifeExp,50.54896,years,github.com/NickCH-K/causaldata
1962-12-31,China: lifeExp,44.50136,years,github.com/NickCH-K/causaldata
1967-12-31,China: lifeExp,58.38112,years,github.com/NickCH-K/causaldata
1972-12-31,China: lifeExp,63.11888,years,github.com/NickCH-K/causaldata
1977-12-31,China: lifeExp,63.96736,years,github.com/NickCH-K/causaldata
1982-12-31,China: lifeExp,65.525,years,github.com/NickCH-K/causaldata
1987-12-31,China: lifeExp,67.274,years,github.com/NickCH-K/causaldata
1992-12-31,China: lifeExp,68.69,years,github.com/NickCH-K/causaldata
1997-12-31,China: lifeExp,70.426,years,github.com/NickCH-K/causaldata
2002-12-31,China: lifeExp,72.028,years,github.com/NickCH-K/causaldata
2007-12-31,China: lifeExp,72.961,years,github.com/NickCH-K/causaldata
1952-12-31,China: pop,556263527.0,people,github.com/NickCH-K/causaldata
1957-12-31,China: pop,637408000.0,people,github.com/NickCH-K/causaldata
1962-12-31,China: pop,665770000.0,people,github.com/NickCH-K/causaldata
1967-12-31,China: pop,754550000.0,people,github.com/NickCH-K/causaldata
1972-12-31,China: pop,862030000.0,people,github.com/NickCH-K/causaldata
1977-12-31,China: pop,943455000.0,people,github.com/NickCH-K/causaldata
1982-12-31,China: pop,1000281000.0,people,github.com/NickCH-K/causaldata
1987-12-31,China: pop,1084035000.0,people,github.com/NickCH-K/causaldata
1992-12-31,China: pop,1164970000.0,people,github.com/NickCH-K/causaldata
1997-12-31,China: pop,1230075000.0,people,github.com/NickCH-K/causaldata
2002-12-31,China: pop,1280400000.0,people,github.com/NickCH-K/causaldata
2007-12-31,China: pop,1318683096.0,people,github.com/NickCH-K/causaldata
1952-12-31,Colombia: gdpPercap,2144.115096,"USD per person, inflation-adjusted",github.com/NickCH-K/causaldata
1957-12-31,Colombia: gdpPercap,2323.805581,"USD per person, inflation-adjusted",github.com/NickCH-K/causaldata
1962-12-31,Colombia: gdpPercap,2492.351109,"USD per person, inflation-adjusted",github.com/NickCH-K/causaldata
1967-12-31,Colombia: gdpPercap,2678.729839,"USD per person, inflation-adjusted",github.com/NickCH-K/causaldata
1972-12-31,Colombia: gdpPercap,3264.660041,"USD per person, inflation-adjusted",github.com/NickCH-K/causaldata
1977-12-31,Colombia: gdpPercap,3815.80787,"USD per person, inflation-adjusted",github.com/NickCH-K/causaldata
1982-12-31,Colombia: gdpPercap,4397.575659,"USD per person, inflation-adjusted",github.com/NickCH-K/causaldata
1987-12-31,Colombia: gdpPercap,4903.2191,"USD per person, inflation-adjusted",github.com/NickCH-K/causaldata
1992-12-31,Colombia: gdpPercap,5444.648617,"USD per person, inflation-adjusted",github.com/NickCH-K/causaldata
1997-12-31,Colombia: gdpPercap,6117.361746,"USD per person, inflation-adjusted",github.com/NickCH-K/causaldata
2002-12-31,Colombia: gdpPercap,5755.259962,"USD per person, inflation-adjusted",github.com/NickCH-K/causaldata
2007-12-31,Colombia: gdpPercap,7006.580419,"USD per person, inflation-adjusted",github.com/NickCH-K/causaldata
1952-12-31,Colombia: lifeExp,50.643,years,github.com/NickCH-K/causaldata
1957-12-31,Colombia: lifeExp,55.118,years,github.com/NickCH-K/causaldata
1962-12-31,Colombia: lifeExp,57.863,years,github.com/NickCH-K/causaldata
1967-12-31,Colombia: lifeExp,59.963,years,github.com/NickCH-K/causaldata
1972-12-31,Colombia: lifeExp,61.623,years,github.com/NickCH-K/causaldata
1977-12-31,Colombia: lifeExp,63.837,years,github.com/NickCH-K/causaldata
1982-12-31,Colombia: lifeExp,66.653,years,github.com/NickCH-K/causaldata
1987-12-31,Colombia: lifeExp,67.768,years,github.com/NickCH-K/causaldata
1992-12-31,Colombia: lifeExp,68.421,years,github.com/NickCH-K/causaldata
1997-12-31,Colombia: lifeExp,70.313,years,github.com/NickCH-K/causaldata
2002-12-31,Colombia: lifeExp,71.682,years,github.com/NickCH-K/causaldata
2007-12-31,Colombia: lifeExp,72.889,years,github.com/NickCH-K/causaldata
1952-12-31,Colombia: pop,12350771.0,people,github.com/NickCH-K/causaldata
1957-12-31,Colombia: pop,14485993.0,people,github.com/NickCH-K/causaldata
1962-12-31,Colombia: pop,17009885.0,people,github.com/NickCH-K/causaldata
1967-12-31,Colombia: pop,19764027.0,people,github.com/NickCH-K/causaldata
1972-12-31,Colombia: pop,22542890.0,people,github.com/NickCH-K/causaldata
1977-12-31,Colombia: pop,25094412.0,people,github.com/NickCH-K/causaldata
1982-12-31,Colombia: pop,27764644.0,people,github.com/NickCH-K/causaldata
1987-12-31,Colombia: pop,30964245.0,people,github.com/NickCH-K/causaldata
1992-12-31,Colombia: pop,34202721.0,people,github.com/NickCH-K/causaldata
1997-12-31,Colombia: pop,37657830.0,people,github.com/NickCH-K/causaldata
2002-12-31,Colombia: pop,41008227.0,people,github.com/NickCH-K/causaldata
2007-12-31,Colombia: pop,44227550.0,people,github.com/NickCH-K/causaldata
1952-12-31,Comoros: gdpPercap,1102.990936,"USD per person, inflation-adjusted",github.com/NickCH-K/causaldata
1957-12-31,Comoros: gdpPercap,1211.148548,"USD per person, inflation-adjusted",github.com/NickCH-K/causaldata
1962-12-31,Comoros: gdpPercap,1406.648278,"USD per person, inflation-adjusted",github.com/NickCH-K/causaldata
1967-12-31,Comoros: gdpPercap,1876.029643,"USD per person, inflation-adjusted",github.com/NickCH-K/causaldata
1972-12-31,Comoros: gdpPercap,1937.577675,"USD per person, inflation-adjusted",github.com/NickCH-K/causaldata
1977-12-31,Comoros: gdpPercap,1172.603047,"USD per person, inflation-adjusted",github.com/NickCH-K/causaldata
1982-12-31,Comoros: gdpPercap,1267.100083,"USD per person, inflation-adjusted",github.com/NickCH-K/causaldata
1987-12-31,Comoros: gdpPercap,1315.980812,"USD per person, inflation-adjusted",github.com/NickCH-K/causaldata
1992-12-31,Comoros: gdpPercap,1246.90737,"USD per person, inflation-adjusted",github.com/NickCH-K/causaldata
1997-12-31,Comoros: gdpPercap,1173.618235,"USD per person, inflation-adjusted",github.com/NickCH-K/causaldata
2002-12-31,Comoros: gdpPercap,1075.811558,"USD per person, inflation-adjusted",github.com/NickCH-K/causaldata
2007-12-31,Comoros: gdpPercap,986.1478792,"USD per person, inflation-adjusted",github.com/NickCH-K/causaldata
1952-12-31,Comoros: lifeExp,40.715,years,github.com/NickCH-K/causaldata
1957-12-31,Comoros: lifeExp,42.46,years,github.com/NickCH-K/causaldata
1962-12-31,Comoros: lifeExp,44.467,years,github.com/NickCH-K/causaldata
1967-12-31,Comoros: lifeExp,46.472,years,github.com/NickCH-K/causaldata
1972-12-31,Comoros: lifeExp,48.944,years,github.com/NickCH-K/causaldata
1977-12-31,Comoros: lifeExp,50.939,years,github.com/NickCH-K/causaldata
1982-12-31,Comoros: lifeExp,52.933,years,github.com/NickCH-K/causaldata
1987-12-31,Comoros: lifeExp,54.926,years,github.com/NickCH-K/causaldata
1992-12-31,Comoros: lifeExp,57.939,years,github.com/NickCH-K/causaldata
1997-12-31,Comoros: lifeExp,60.66,years,github.com/NickCH-K/causaldata
2002-12-31,Comoros: lifeExp,62.974,years,github.com/NickCH-K/causaldata
2007-12-31,Comoros: lifeExp,65.152,years,github.com/NickCH-K/causaldata
1952-12-31,Comoros: pop,153936.0,people,github.com/NickCH-K/causaldata
1957-12-31,Comoros: pop,170928.0,people,github.com/NickCH-K/causaldata
1962-12-31,Comoros: pop,191689.0,people,github.com/NickCH-K/causaldata
1967-12-31,Comoros: pop,217378.0,people,github.com/NickCH-K/causaldata
1972-12-31,Comoros: pop,250027.0,people,github.com/NickCH-K/causaldata
1977-12-31,Comoros: pop,304739.0,people,github.com/NickCH-K/causaldata
1982-12-31,Comoros: pop,348643.0,people,github.com/NickCH-K/causaldata
1987-12-31,Comoros: pop,395114.0,people,github.com/NickCH-K/causaldata
1992-12-31,Comoros: pop,454429.0,people,github.com/NickCH-K/causaldata
1997-12-31,Comoros: pop,527982.0,people,github.com/NickCH-K/causaldata
2002-12-31,Comoros: pop,614382.0,people,github.com/NickCH-K/causaldata
2007-12-31,Comoros: pop,710960.0,people,github.com/NickCH-K/causaldata
1952-12-31,"Congo, Dem. Rep.: gdpPercap",780.5423257,"USD per person, inflation-adjusted",github.com/NickCH-K/causaldata
1957-12-31,"Congo, Dem. Rep.: gdpPercap",905.8602303,"USD per person, inflation-adjusted",github.com/NickCH-K/causaldata
1962-12-31,"Congo, Dem. Rep.: gdpPercap",896.3146335,"USD per person, inflation-adjusted",github.com/NickCH-K/causaldata
1967-12-31,"Congo, Dem. Rep.: gdpPercap",861.5932424,"USD per person, inflation-adjusted",github.com/NickCH-K/causaldata
1972-12-31,"Congo, Dem. Rep.: gdpPercap",904.8960685,"USD per person, inflation-adjusted",github.com/NickCH-K/causaldata
1977-12-31,"Congo, Dem. Rep.: gdpPercap",795.757282,"USD per person, inflation-adjusted",github.com/NickCH-K/causaldata
1982-12-31,"Congo, Dem. Rep.: gdpPercap",673.7478181,"USD per person, inflation-adjusted",github.com/NickCH-K/causaldata
1987-12-31,"Congo, Dem. Rep.: gdpPercap",672.774812,"USD per person, inflation-adjusted",github.com/NickCH-K/causaldata
1992-12-31,"Congo, Dem. Rep.: gdpPercap",457.7191807,"USD per person, inflation-adjusted",github.com/NickCH-K/causaldata
1997-12-31,"Congo, Dem. Rep.: gdpPercap",312.188423,"USD per person, inflation-adjusted",github.com/NickCH-K/causaldata
2002-12-31,"Congo, Dem. Rep.: gdpPercap",241.1658765,"USD per person, inflation-adjusted",github.com/NickCH-K/causaldata
2007-12-31,"Congo, Dem. Rep.: gdpPercap",277.5518587,"USD per person, inflation-adjusted",github.com/NickCH-K/causaldata
1952-12-31,"Congo, Dem. Rep.: lifeExp",39.143,years,github.com/NickCH-K/causaldata
1957-12-31,"Congo, Dem. Rep.: lifeExp",40.652,years,github.com/NickCH-K/causaldata
1962-12-31,"Congo, Dem. Rep.: lifeExp",42.122,years,github.com/NickCH-K/causaldata
1967-12-31,"Congo, Dem. Rep.: lifeExp",44.056,years,github.com/NickCH-K/causaldata
1972-12-31,"Congo, Dem. Rep.: lifeExp",45.989,years,github.com/NickCH-K/causaldata
1977-12-31,"Congo, Dem. Rep.: lifeExp",47.804,years,github.com/NickCH-K/causaldata
1982-12-31,"Congo, Dem. Rep.: lifeExp",47.784,years,github.com/NickCH-K/causaldata
1987-12-31,"Congo, Dem. Rep.: lifeExp",47.412,years,github.com/NickCH-K/causaldata
1992-12-31,"Congo, Dem. Rep.: lifeExp",45.548,years,github.com/NickCH-K/causaldata
1997-12-31,"Congo, Dem. Rep.: lifeExp",42.587,years,github.com/NickCH-K/causaldata
2002-12-31,"Congo, Dem. Rep.: lifeExp",44.966,years,github.com/NickCH-K/causaldata
2007-12-31,"Congo, Dem. Rep.: lifeExp",46.462,years,github.com/NickCH-K/causaldata
1952-12-31,"Congo, Dem. Rep.: pop",14100005.0,people,github.com/NickCH-K/causaldata
1957-12-31,"Congo, Dem. Rep.: pop",15577932.0,people,github.com/NickCH-K/causaldata
1962-12-31,"Congo, Dem. Rep.: pop",17486434.0,people,github.com/NickCH-K/causaldata
1967-12-31,"Congo, Dem. Rep.: pop",19941073.0,people,github.com/NickCH-K/causaldata
1972-12-31,"Congo, Dem. Rep.: pop",23007669.0,people,github.com/NickCH-K/causaldata
1977-12-31,"Congo, Dem. Rep.: pop",26480870.0,people,github.com/NickCH-K/causaldata
1982-12-31,"Congo, Dem. Rep.: pop",30646495.0,people,github.com/NickCH-K/causaldata
1987-12-31,"Congo, Dem. Rep.: pop",35481645.0,people,github.com/NickCH-K/causaldata
1992-12-31,"Congo, Dem. Rep.: pop",41672143.0,people,github.com/NickCH-K/causaldata
1997-12-31,"Congo, Dem. Rep.: pop",47798986.0,people,github.com/NickCH-K/causaldata
2002-12-31,"Congo, Dem. Rep.: pop",55379852.0,people,github.com/NickCH-K/causaldata
2007-12-31,"Congo, Dem. Rep.: pop",64606759.0,people,github.com/NickCH-K/causaldata
1952-12-31,"Congo, Rep.: gdpPercap",2125.621418,"USD per person, inflation-adjusted",github.com/NickCH-K/causaldata
1957-12-31,"Congo, Rep.: gdpPercap",2315.056572,"USD per person, inflation-adjusted",github.com/NickCH-K/causaldata
1962-12-31,"Congo, Rep.: gdpPercap",2464.783157,"USD per person, inflation-adjusted",github.com/NickCH-K/causaldata
1967-12-31,"Congo, Rep.: gdpPercap",2677.939642,"USD per person, inflation-adjusted",github.com/NickCH-K/causaldata
1972-12-31,"Congo, Rep.: gdpPercap",3213.152683,"USD per person, inflation-adjusted",github.com/NickCH-K/causaldata
1977-12-31,"Congo, Rep.: gdpPercap",3259.178978,"USD per person, inflation-adjusted",github.com/NickCH-K/causaldata
1982-12-31,"Congo, Rep.: gdpPercap",4879.507522,"USD per person, inflation-adjusted",github.com/NickCH-K/causaldata
1987-12-31,"Congo, Rep.: gdpPercap",4201.194937,"USD per person, inflation-adjusted",github.com/NickCH-K/causaldata
1992-12-31,"Congo, Rep.: gdpPercap",4016.239529,"USD per person, inflation-adjusted",github.com/NickCH-K/causaldata
1997-12-31,"Congo, Rep.: gdpPercap",3484.164376,"USD per person, inflation-adjusted",github.com/NickCH-K/causaldata
2002-12-31,"Congo, Rep.: gdpPercap",3484.06197,"USD per person, inflation-adjusted",github.com/NickCH-K/causaldata
2007-12-31,"Congo, Rep.: gdpPercap",3632.557798,"USD per person, inflation-adjusted",github.com/NickCH-K/causaldata
1952-12-31,"Congo, Rep.: lifeExp",42.111,years,github.com/NickCH-K/causaldata
1957-12-31,"Congo, Rep.: lifeExp",45.053,years,github.com/NickCH-K/causaldata
1962-12-31,"Congo, Rep.: lifeExp",48.435,years,github.com/NickCH-K/causaldata
1967-12-31,"Congo, Rep.: lifeExp",52.04,years,github.com/NickCH-K/causaldata
1972-12-31,"Congo, Rep.: lifeExp",54.907,years,github.com/NickCH-K/causaldata
1977-12-31,"Congo, Rep.: lifeExp",55.625,years,github.com/NickCH-K/causaldata
1982-12-31,"Congo, Rep.: lifeExp",56.695,years,github.com/NickCH-K/causaldata
1987-12-31,"Congo, Rep.: lifeExp",57.47,years,github.com/NickCH-K/causaldata
1992-12-31,"Congo, Rep.: lifeExp",56.433,years,github.com/NickCH-K/causaldata
1997-12-31,"Congo, Rep.: lifeExp",52.962,years,github.com/NickCH-K/causaldata
2002-12-31,"Congo, Rep.: lifeExp",52.97,years,github.com/NickCH-K/causaldata
2007-12-31,"Congo, Rep.: lifeExp",55.322,years,github.com/NickCH-K/causaldata
1952-12-31,"Congo, Rep.: pop",854885.0,people,github.com/NickCH-K/causaldata
1957-12-31,"Congo, Rep.: pop",940458.0,people,github.com/NickCH-K/causaldata
1962-12-31,"Congo, Rep.: pop",1047924.0,people,github.com/NickCH-K/causaldata
1967-12-31,"Congo, Rep.: pop",1179760.0,people,github.com/NickCH-K/causaldata
1972-12-31,"Congo, Rep.: pop",1340458.0,people,github.com/NickCH-K/causaldata
1977-12-31,"Congo, Rep.: pop",1536769.0,people,github.com/NickCH-K/causaldata
1982-12-31,"Congo, Rep.: pop",1774735.0,people,github.com/NickCH-K/causaldata
1987-12-31,"Congo, Rep.: pop",2064095.0,people,github.com/NickCH-K/causaldata
1992-12-31,"Congo, Rep.: pop",2409073.0,people,github.com/NickCH-K/causaldata
1997-12-31,"Congo, Rep.: pop",2800947.0,people,github.com/NickCH-K/causaldata
2002-12-31,"Congo, Rep.: pop",3328795.0,people,github.com/NickCH-K/causaldata
2007-12-31,"Congo, Rep.: pop",3800610.0,people,github.com/NickCH-K/causaldata
1952-12-31,Costa Rica: gdpPercap,2627.009471,"USD per person, inflation-adjusted",github.com/NickCH-K/causaldata
1957-12-31,Costa Rica: gdpPercap,2990.010802,"USD per person, inflation-adjusted",github.com/NickCH-K/causaldata
1962-12-31,Costa Rica: gdpPercap,3460.937025,"USD per person, inflation-adjusted",github.com/NickCH-K/causaldata
1967-12-31,Costa Rica: gdpPercap,4161.727834,"USD per person, inflation-adjusted",github.com/NickCH-K/causaldata
1972-12-31,Costa Rica: gdpPercap,5118.146939,"USD per person, inflation-adjusted",github.com/NickCH-K/causaldata
1977-12-31,Costa Rica: gdpPercap,5926.876967,"USD per person, inflation-adjusted",github.com/NickCH-K/causaldata
1982-12-31,Costa Rica: gdpPercap,5262.734751,"USD per person, inflation-adjusted",github.com/NickCH-K/causaldata
1987-12-31,Costa Rica: gdpPercap,5629.915318,"USD per person, inflation-adjusted",github.com/NickCH-K/causaldata
1992-12-31,Costa Rica: gdpPercap,6160.416317,"USD per person, inflation-adjusted",github.com/NickCH-K/causaldata
1997-12-31,Costa Rica: gdpPercap,6677.045314,"USD per person, inflation-adjusted",github.com/NickCH-K/causaldata
2002-12-31,Costa Rica: gdpPercap,7723.447195,"USD per person, inflation-adjusted",github.com/NickCH-K/causaldata
2007-12-31,Costa Rica: gdpPercap,9645.06142,"USD per person, inflation-adjusted",github.com/NickCH-K/causaldata
1952-12-31,Costa Rica: lifeExp,57.206,years,github.com/NickCH-K/causaldata
1957-12-31,Costa Rica: lifeExp,60.026,years,github.com/NickCH-K/causaldata
1962-12-31,Costa Rica: lifeExp,62.842,years,github.com/NickCH-K/causaldata
1967-12-31,Costa Rica: lifeExp,65.424,years,github.com/NickCH-K/causaldata
1972-12-31,Costa Rica: lifeExp,67.849,years,github.com/NickCH-K/causaldata
1977-12-31,Costa Rica: lifeExp,70.75,years,github.com/NickCH-K/causaldata
1982-12-31,Costa Rica: lifeExp,73.45,years,github.com/NickCH-K/causaldata
1987-12-31,Costa Rica: lifeExp,74.752,years,github.com/NickCH-K/causaldata
1992-12-31,Costa Rica: lifeExp,75.713,years,github.com/NickCH-K/causaldata
1997-12-31,Costa Rica: lifeExp,77.26,years,github.com/NickCH-K/causaldata
2002-12-31,Costa Rica: lifeExp,78.123,years,github.com/NickCH-K/causaldata
2007-12-31,Costa Rica: lifeExp,78.782,years,github.com/NickCH-K/causaldata
1952-12-31,Costa Rica: pop,926317.0,people,github.com/NickCH-K/causaldata
1957-12-31,Costa Rica: pop,1112300.0,people,github.com/NickCH-K/causaldata
1962-12-31,Costa Rica: pop,1345187.0,people,github.com/NickCH-K/causaldata
1967-12-31,Costa Rica: pop,1588717.0,people,github.com/NickCH-K/causaldata
1972-12-31,Costa Rica: pop,1834796.0,people,github.com/NickCH-K/causaldata
1977-12-31,Costa Rica: pop,2108457.0,people,github.com/NickCH-K/causaldata
1982-12-31,Costa Rica: pop,2424367.0,people,github.com/NickCH-K/causaldata
1987-12-31,Costa Rica: pop,2799811.0,people,github.com/NickCH-K/causaldata
1992-12-31,Costa Rica: pop,3173216.0,people,github.com/NickCH-K/causaldata
1997-12-31,Costa Rica: pop,3518107.0,people,github.com/NickCH-K/causaldata
2002-12-31,Costa Rica: pop,3834934.0,people,github.com/NickCH-K/causaldata
2007-12-31,Costa Rica: pop,4133884.0,people,github.com/NickCH-K/causaldata
1952-12-31,Cote d'Ivoire: gdpPercap,1388.594732,"USD per person, inflation-adjusted",github.com/NickCH-K/causaldata
1957-12-31,Cote d'Ivoire: gdpPercap,1500.895925,"USD per person, inflation-adjusted",github.com/NickCH-K/causaldata
1962-12-31,Cote d'Ivoire: gdpPercap,1728.869428,"USD per person, inflation-adjusted",github.com/NickCH-K/causaldata
1967-12-31,Cote d'Ivoire: gdpPercap,2052.050473,"USD per person, inflation-adjusted",github.com/NickCH-K/causaldata
1972-12-31,Cote d'Ivoire: gdpPercap,2378.201111,"USD per person, inflation-adjusted",github.com/NickCH-K/causaldata
1977-12-31,Cote d'Ivoire: gdpPercap,2517.736547,"USD per person, inflation-adjusted",github.com/NickCH-K/causaldata
1982-12-31,Cote d'Ivoire: gdpPercap,2602.710169,"USD per person, inflation-adjusted",github.com/NickCH-K/causaldata
1987-12-31,Cote d'Ivoire: gdpPercap,2156.956069,"USD per person, inflation-adjusted",github.com/NickCH-K/causaldata
1992-12-31,Cote d'Ivoire: gdpPercap,1648.073791,"USD per person, inflation-adjusted",github.com/NickCH-K/causaldata
1997-12-31,Cote d'Ivoire: gdpPercap,1786.265407,"USD per person, inflation-adjusted",github.com/NickCH-K/causaldata
2002-12-31,Cote d'Ivoire: gdpPercap,1648.800823,"USD per person, inflation-adjusted",github.com/NickCH-K/causaldata
2007-12-31,Cote d'Ivoire: gdpPercap,1544.750112,"USD per person, inflation-adjusted",github.com/NickCH-K/causaldata
1952-12-31,Cote d'Ivoire: lifeExp,40.477,years,github.com/NickCH-K/causaldata
1957-12-31,Cote d'Ivoire: lifeExp,42.469,years,github.com/NickCH-K/causaldata
1962-12-31,Cote d'Ivoire: lifeExp,44.93,years,github.com/NickCH-K/causaldata
1967-12-31,Cote d'Ivoire: lifeExp,47.35,years,github.com/NickCH-K/causaldata
1972-12-31,Cote d'Ivoire: lifeExp,49.801,years,github.com/NickCH-K/causaldata
1977-12-31,Cote d'Ivoire: lifeExp,52.374,years,github.com/NickCH-K/causaldata
1982-12-31,Cote d'Ivoire: lifeExp,53.983,years,github.com/NickCH-K/causaldata
1987-12-31,Cote d'Ivoire: lifeExp,54.655,years,github.com/NickCH-K/causaldata
1992-12-31,Cote d'Ivoire: lifeExp,52.044,years,github.com/NickCH-K/causaldata
1997-12-31,Cote d'Ivoire: lifeExp,47.991,years,github.com/NickCH-K/causaldata
2002-12-31,Cote d'Ivoire: lifeExp,46.832,years,github.com/NickCH-K/causaldata
2007-12-31,Cote d'Ivoire: lifeExp,48.328,years,github.com/NickCH-K/causaldata
1952-12-31,Cote d'Ivoire: pop,2977019.0,people,github.com/NickCH-K/causaldata
1957-12-31,Cote d'Ivoire: pop,3300000.0,people,github.com/NickCH-K/causaldata
1962-12-31,Cote d'Ivoire: pop,3832408.0,people,github.com/NickCH-K/causaldata
1967-12-31,Cote d'Ivoire: pop,4744870.0,people,github.com/NickCH-K/causaldata
1972-12-31,Cote d'Ivoire: pop,6071696.0,people,github.com/NickCH-K/causaldata
1977-12-31,Cote d'Ivoire: pop,7459574.0,people,github.com/NickCH-K/causaldata
1982-12-31,Cote d'Ivoire: pop,9025951.0,people,github.com/NickCH-K/causaldata
1987-12-31,Cote d'Ivoire: pop,10761098.0,people,github.com/NickCH-K/causaldata
1992-12-31,Cote d'Ivoire: pop,12772596.0,people,github.com/NickCH-K/causaldata
1997-12-31,Cote d'Ivoire: pop,14625967.0,people,github.com/NickCH-K/causaldata
2002-12-31,Cote d'Ivoire: pop,16252726.0,people,github.com/NickCH-K/causaldata
2007-12-31,Cote d'Ivoire: pop,18013409.0,people,github.com/NickCH-K/causaldata
1952-12-31,Croatia: gdpPercap,3119.23652,"USD per person, inflation-adjusted",github.com/NickCH-K/causaldata
1957-12-31,Croatia: gdpPercap,4338.231617,"USD per person, inflation-adjusted",github.com/NickCH-K/causaldata
1962-12-31,Croatia: gdpPercap,5477.890018,"USD per person, inflation-adjusted",github.com/NickCH-K/causaldata
1967-12-31,Croatia: gdpPercap,6960.297861,"USD per person, inflation-adjusted",github.com/NickCH-K/causaldata
1972-12-31,Croatia: gdpPercap,9164.090127,"USD per person, inflation-adjusted",github.com/NickCH-K/causaldata
1977-12-31,Croatia: gdpPercap,11305.38517,"USD per person, inflation-adjusted",github.com/NickCH-K/causaldata
1982-12-31,Croatia: gdpPercap,13221.82184,"USD per person, inflation-adjusted",github.com/NickCH-K/causaldata
1987-12-31,Croatia: gdpPercap,13822.58394,"USD per person, inflation-adjusted",github.com/NickCH-K/causaldata
1992-12-31,Croatia: gdpPercap,8447.794873,"USD per person, inflation-adjusted",github.com/NickCH-K/causaldata
1997-12-31,Croatia: gdpPercap,9875.604515,"USD per person, inflation-adjusted",github.com/NickCH-K/causaldata
2002-12-31,Croatia: gdpPercap,11628.38895,"USD per person, inflation-adjusted",github.com/NickCH-K/causaldata
2007-12-31,Croatia: gdpPercap,14619.22272,"USD per person, inflation-adjusted",github.com/NickCH-K/causaldata
1952-12-31,Croatia: lifeExp,61.21,years,github.com/NickCH-K/causaldata
1957-12-31,Croatia: lifeExp,64.77,years,github.com/NickCH-K/causaldata
1962-12-31,Croatia: lifeExp,67.13,years,github.com/NickCH-K/causaldata
1967-12-31,Croatia: lifeExp,68.5,years,github.com/NickCH-K/causaldata
1972-12-31,Croatia: lifeExp,69.61,years,github.com/NickCH-K/causaldata
1977-12-31,Croatia: lifeExp,70.64,years,github.com/NickCH-K/causaldata
1982-12-31,Croatia: lifeExp,70.46,years,github.com/NickCH-K/causaldata
1987-12-31,Croatia: lifeExp,71.52,years,github.com/NickCH-K/causaldata
1992-12-31,Croatia: lifeExp,72.527,years,github.com/NickCH-K/causaldata
1997-12-31,Croatia: lifeExp,73.68,years,github.com/NickCH-K/causaldata
2002-12-31,Croatia: lifeExp,74.876,years,github.com/NickCH-K/causaldata
2007-12-31,Croatia: lifeExp,75.748,years,github.com/NickCH-K/causaldata
1952-12-31,Croatia: pop,3882229.0,people,github.com/NickCH-K/causaldata
1957-12-31,Croatia: pop,3991242.0,people,github.com/NickCH-K/causaldata
1962-12-31,Croatia: pop,4076557.0,people,github.com/NickCH-K/causaldata
1967-12-31,Croatia: pop,4174366.0,people,github.com/NickCH-K/causaldata
1972-12-31,Croatia: pop,4225310.0,people,github.com/NickCH-K/causaldata
1977-12-31,Croatia: pop,4318673.0,people,github.com/NickCH-K/causaldata
1982-12-31,Croatia: pop,4413368.0,people,github.com/NickCH-K/causaldata
1987-12-31,Croatia: pop,4484310.0,people,github.com/NickCH-K/causaldata
1992-12-31,Croatia: pop,4494013.0,people,github.com/NickCH-K/causaldata
1997-12-31,Croatia: pop,4444595.0,people,github.com/NickCH-K/causaldata
2002-12-31,Croatia: pop,4481020.0,people,github.com/NickCH-K/causaldata
2007-12-31,Croatia: pop,4493312.0,people,github.com/NickCH-K/causaldata
1952-12-31,Cuba: gdpPercap,5586.53878,"USD per person, inflation-adjusted",github.com/NickCH-K/causaldata
1957-12-31,Cuba: gdpPercap,6092.174359,"USD per person, inflation-adjusted",github.com/NickCH-K/causaldata
1962-12-31,Cuba: gdpPercap,5180.75591,"USD per person, inflation-adjusted",github.com/NickCH-K/causaldata
1967-12-31,Cuba: gdpPercap,5690.268015,"USD per person, inflation-adjusted",github.com/NickCH-K/causaldata
1972-12-31,Cuba: gdpPercap,5305.445256,"USD per person, inflation-adjusted",github.com/NickCH-K/causaldata
1977-12-31,Cuba: gdpPercap,6380.494966,"USD per person, inflation-adjusted",github.com/NickCH-K/causaldata
1982-12-31,Cuba: gdpPercap,7316.918107,"USD per person, inflation-adjusted",github.com/NickCH-K/causaldata
1987-12-31,Cuba: gdpPercap,7532.924763,"USD per person, inflation-adjusted",github.com/NickCH-K/causaldata
1992-12-31,Cuba: gdpPercap,5592.843963,"USD per person, inflation-adjusted",github.com/NickCH-K/causaldata
1997-12-31,Cuba: gdpPercap,5431.990415,"USD per person, inflation-adjusted",github.com/NickCH-K/causaldata
2002-12-31,Cuba: gdpPercap,6340.646683,"USD per person, inflation-adjusted",github.com/NickCH-K/causaldata
2007-12-31,Cuba: gdpPercap,8948.102923,"USD per person, inflation-adjusted",github.com/NickCH-K/causaldata
1952-12-31,Cuba: lifeExp,59.421,years,github.com/NickCH-K/causaldata
1957-12-31,Cuba: lifeExp,62.325,years,github.com/NickCH-K/causaldata
1962-12-31,Cuba: lifeExp,65.246,years,github.com/NickCH-K/causaldata
1967-12-31,Cuba: lifeExp,68.29,years,github.com/NickCH-K/causaldata
1972-12-31,Cuba: lifeExp,70.723,years,github.com/NickCH-K/causaldata
1977-12-31,Cuba: lifeExp,72.649,years,github.com/NickCH-K/causaldata
1982-12-31,Cuba: lifeExp,73.717,years,github.com/NickCH-K/causaldata
1987-12-31,Cuba: lifeExp,74.174,years,github.com/NickCH-K/causaldata
1992-12-31,Cuba: lifeExp,74.414,years,github.com/NickCH-K/causaldata
1997-12-31,Cuba: lifeExp,76.151,years,github.com/NickCH-K/causaldata
2002-12-31,Cuba: lifeExp,77.158,years,github.com/NickCH-K/causaldata
2007-12-31,Cuba: lifeExp,78.273,years,github.com/NickCH-K/causaldata
1952-12-31,Cuba: pop,6007797.0,people,github.com/NickCH-K/causaldata
1957-12-31,Cuba: pop,6640752.0,people,github.com/NickCH-K/causaldata
1962-12-31,Cuba: pop,7254373.0,people,github.com/NickCH-K/causaldata
1967-12-31,Cuba: pop,8139332.0,people,github.com/NickCH-K/causaldata
1972-12-31,Cuba: pop,8831348.0,people,github.com/NickCH-K/causaldata
1977-12-31,Cuba: pop,9537988.0,people,github.com/NickCH-K/causaldata
1982-12-31,Cuba: pop,9789224.0,people,github.com/NickCH-K/causaldata
1987-12-31,Cuba: pop,10239839.0,people,github.com/NickCH-K/causaldata
1992-12-31,Cuba: pop,10723260.0,people,github.com/NickCH-K/causaldata
1997-12-31,Cuba: pop,10983007.0,people,github.com/NickCH-K/causaldata
2002-12-31,Cuba: pop,11226999.0,people,github.com/NickCH-K/causaldata
2007-12-31,Cuba: pop,11416987.0,people,github.com/NickCH-K/causaldata
1952-12-31,Czech Republic: gdpPercap,6876.14025,"USD per person, inflation-adjusted",github.com/NickCH-K/causaldata
1957-12-31,Czech Republic: gdpPercap,8256.343918,"USD per person, inflation-adjusted",github.com/NickCH-K/causaldata
1962-12-31,Czech Republic: gdpPercap,10136.86713,"USD per person, inflation-adjusted",github.com/NickCH-K/causaldata
1967-12-31,Czech Republic: gdpPercap,11399.44489,"USD per person, inflation-adjusted",github.com/NickCH-K/causaldata
1972-12-31,Czech Republic: gdpPercap,13108.4536,"USD per person, inflation-adjusted",github.com/NickCH-K/causaldata
1977-12-31,Czech Republic: gdpPercap,14800.16062,"USD per person, inflation-adjusted",github.com/NickCH-K/causaldata
1982-12-31,Czech Republic: gdpPercap,15377.22855,"USD per person, inflation-adjusted",github.com/NickCH-K/causaldata
1987-12-31,Czech Republic: gdpPercap,16310.4434,"USD per person, inflation-adjusted",github.com/NickCH-K/causaldata
1992-12-31,Czech Republic: gdpPercap,14297.02122,"USD per person, inflation-adjusted",github.com/NickCH-K/causaldata
1997-12-31,Czech Republic: gdpPercap,16048.51424,"USD per person, inflation-adjusted",github.com/NickCH-K/causaldata
2002-12-31,Czech Republic: gdpPercap,17596.21022,"USD per person, inflation-adjusted",github.com/NickCH-K/causaldata
2007-12-31,Czech Republic: gdpPercap,22833.30851,"USD per person, inflation-adjusted",github.com/NickCH-K/causaldata
1952-12-31,Czech Republic: lifeExp,66.87,years,github.com/NickCH-K/causaldata
1957-12-31,Czech Republic: lifeExp,69.03,years,github.com/NickCH-K/causaldata
1962-12-31,Czech Republic: lifeExp,69.9,years,github.com/NickCH-K/causaldata
1967-12-31,Czech Republic: lifeExp,70.38,years,github.com/NickCH-K/causaldata
1972-12-31,Czech Republic: lifeExp,70.29,years,github.com/NickCH-K/causaldata
1977-12-31,Czech Republic: lifeExp,70.71,years,github.com/NickCH-K/causaldata
1982-12-31,Czech Republic: lifeExp,70.96,years,github.com/NickCH-K/causaldata
1987-12-31,Czech Republic: lifeExp,71.58,years,github.com/NickCH-K/causaldata
1992-12-31,Czech Republic: lifeExp,72.4,years,github.com/NickCH-K/causaldata
1997-12-31,Czech Republic: lifeExp,74.01,years,github.com/NickCH-K/causaldata
2002-12-31,Czech Republic: lifeExp,75.51,years,github.com/NickCH-K/causaldata
2007-12-31,Czech Republic: lifeExp,76.486,years,github.com/NickCH-K/causaldata
1952-12-31,Czech Republic: pop,9125183.0,people,github.com/NickCH-K/causaldata
1957-12-31,Czech Republic: pop,9513758.0,people,github.com/NickCH-K/causaldata
1962-12-31,Czech Republic: pop,9620282.0,people,github.com/NickCH-K/causaldata
1967-12-31,Czech Republic: pop,9835109.0,people,github.com/NickCH-K/causaldata
1972-12-31,Czech Republic: pop,9862158.0,people,github.com/NickCH-K/causaldata
1977-12-31,Czech Republic: pop,10161915.0,people,github.com/NickCH-K/causaldata
1982-12-31,Czech Republic: pop,10303704.0,people,github.com/NickCH-K/causaldata
1987-12-31,Czech Republic: pop,10311597.0,people,github.com/NickCH-K/causaldata
1992-12-31,Czech Republic: pop,10315702.0,people,github.com/NickCH-K/causaldata
1997-12-31,Czech Republic: pop,10300707.0,people,github.com/NickCH-K/causaldata
2002-12-31,Czech Republic: pop,10256295.0,people,github.com/NickCH-K/causaldata
2007-12-31,Czech Republic: pop,10228744.0,people,github.com/NickCH-K/causaldata
1952-12-31,Denmark: gdpPercap,9692.385245,"USD per person, inflation-adjusted",github.com/NickCH-K/causaldata
1957-12-31,Denmark: gdpPercap,11099.65935,"USD per person, inflation-adjusted",github.com/NickCH-K/causaldata
1962-12-31,Denmark: gdpPercap,13583.31351,"USD per person, inflation-adjusted",github.com/NickCH-K/causaldata
1967-12-31,Denmark: gdpPercap,15937.21123,"USD per person, inflation-adjusted",github.com/NickCH-K/causaldata
1972-12-31,Denmark: gdpPercap,18866.20721,"USD per person, inflation-adjusted",github.com/NickCH-K/causaldata
1977-12-31,Denmark: gdpPercap,20422.9015,"USD per person, inflation-adjusted",github.com/NickCH-K/causaldata
1982-12-31,Denmark: gdpPercap,21688.04048,"USD per person, inflation-adjusted",github.com/NickCH-K/causaldata
1987-12-31,Denmark: gdpPercap,25116.17581,"USD per person, inflation-adjusted",github.com/NickCH-K/causaldata
1992-12-31,Denmark: gdpPercap,26406.73985,"USD per person, inflation-adjusted",github.com/NickCH-K/causaldata
1997-12-31,Denmark: gdpPercap,29804.34567,"USD per person, inflation-adjusted",github.com/NickCH-K/causaldata
2002-12-31,Denmark: gdpPercap,32166.50006,"USD per person, inflation-adjusted",github.com/NickCH-K/causaldata
2007-12-31,Denmark: gdpPercap,35278.41874,"USD per person, inflation-adjusted",github.com/NickCH-K/causaldata
1952-12-31,Denmark: lifeExp,70.78,years,github.com/NickCH-K/causaldata
1957-12-31,Denmark: lifeExp,71.81,years,github.com/NickCH-K/causaldata
1962-12-31,Denmark: lifeExp,72.35,years,github.com/NickCH-K/causaldata
1967-12-31,Denmark: lifeExp,72.96,years,github.com/NickCH-K/causaldata
1972-12-31,Denmark: lifeExp,73.47,years,github.com/NickCH-K/causaldata
1977-12-31,Denmark: lifeExp,74.69,years,github.com/NickCH-K/causaldata
1982-12-31,Denmark: lifeExp,74.63,years,github.com/NickCH-K/causaldata
1987-12-31,Denmark: lifeExp,74.8,years,github.com/NickCH-K/causaldata
1992-12-31,Denmark: lifeExp,75.33,years,github.com/NickCH-K/causaldata
1997-12-31,Denmark: lifeExp,76.11,years,github.com/NickCH-K/causaldata
2002-12-31,Denmark: lifeExp,77.18,years,github.com/NickCH-K/causaldata
2007-12-31,Denmark: lifeExp,78.332,years,github.com/NickCH-K/causaldata
1952-12-31,Denmark: pop,4334000.0,people,github.com/NickCH-K/causaldata
1957-12-31,Denmark: pop,4487831.0,people,github.com/NickCH-K/causaldata
1962-12-31,Denmark: pop,4646899.0,people,github.com/NickCH-K/causaldata
1967-12-31,Denmark: pop,4838800.0,people,github.com/NickCH-K/causaldata
1972-12-31,Denmark: pop,4991596.0,people,github.com/NickCH-K/causaldata
1977-12-31,Denmark: pop,5088419.0,people,github.com/NickCH-K/causaldata
1982-12-31,Denmark: pop,5117810.0,people,github.com/NickCH-K/causaldata
1987-12-31,Denmark: pop,5127024.0,people,github.com/NickCH-K/causaldata
1992-12-31,Denmark: pop,5171393.0,people,github.com/NickCH-K/causaldata
1997-12-31,Denmark: pop,5283663.0,people,github.com/NickCH-K/causaldata
2002-12-31,Denmark: pop,5374693.0,people,github.com/NickCH-K/causaldata
2007-12-31,Denmark: pop,5468120.0,people,github.com/NickCH-K/causaldata
1952-12-31,Djibouti: gdpPercap,2669.529475,"USD per person, inflation-adjusted",github.com/NickCH-K/causaldata
1957-12-31,Djibouti: gdpPercap,2864.969076,"USD per person, inflation-adjusted",github.com/NickCH-K/causaldata
1962-12-31,Djibouti: gdpPercap,3020.989263,"USD per person, inflation-adjusted",github.com/NickCH-K/causaldata
1967-12-31,Djibouti: gdpPercap,3020.050513,"USD per person, inflation-adjusted",github.com/NickCH-K/causaldata
1972-12-31,Djibouti: gdpPercap,3694.212352,"USD per person, inflation-adjusted",github.com/NickCH-K/causaldata
1977-12-31,Djibouti: gdpPercap,3081.761022,"USD per person, inflation-adjusted",github.com/NickCH-K/causaldata
1982-12-31,Djibouti: gdpPercap,2879.468067,"USD per person, inflation-adjusted",github.com/NickCH-K/causaldata
1987-12-31,Djibouti: gdpPercap,2880.102568,"USD per person, inflation-adjusted",github.com/NickCH-K/causaldata
1992-12-31,Djibouti: gdpPercap,2377.156192,"USD per person, inflation-adjusted",github.com/NickCH-K/causaldata
1997-12-31,Djibouti: gdpPercap,1895.016984,"USD per person, inflation-adjusted",github.com/NickCH-K/causaldata
2002-12-31,Djibouti: gdpPercap,1908.260867,"USD per person, inflation-adjusted",github.com/NickCH-K/causaldata
2007-12-31,Djibouti: gdpPercap,2082.481567,"USD per person, inflation-adjusted",github.com/NickCH-K/causaldata
1952-12-31,Djibouti: lifeExp,34.812,years,github.com/NickCH-K/causaldata
1957-12-31,Djibouti: lifeExp,37.328,years,github.com/NickCH-K/causaldata
1962-12-31,Djibouti: lifeExp,39.693,years,github.com/NickCH-K/causaldata
1967-12-31,Djibouti: lifeExp,42.074,years,github.com/NickCH-K/causaldata
1972-12-31,Djibouti: lifeExp,44.366,years,github.com/NickCH-K/causaldata
1977-12-31,Djibouti: lifeExp,46.519,years,github.com/NickCH-K/causaldata
1982-12-31,Djibouti: lifeExp,48.812,years,github.com/NickCH-K/causaldata
1987-12-31,Djibouti: lifeExp,50.04,years,github.com/NickCH-K/causaldata
1992-12-31,Djibouti: lifeExp,51.604,years,github.com/NickCH-K/causaldata
1997-12-31,Djibouti: lifeExp,53.157,years,github.com/NickCH-K/causaldata
2002-12-31,Djibouti: lifeExp,53.373,years,github.com/NickCH-K/causaldata
2007-12-31,Djibouti: lifeExp,54.791,years,github.com/NickCH-K/causaldata
1952-12-31,Djibouti: pop,63149.0,people,github.com/NickCH-K/causaldata
1957-12-31,Djibouti: pop,71851.0,people,github.com/NickCH-K/causaldata
1962-12-31,Djibouti: pop,89898.0,people,github.com/NickCH-K/causaldata
1967-12-31,Djibouti: pop,127617.0,people,github.com/NickCH-K/causaldata
1972-12-31,Djibouti: pop,178848.0,people,github.com/NickCH-K/causaldata
1977-12-31,Djibouti: pop,228694.0,people,github.com/NickCH-K/causaldata
1982-12-31,Djibouti: pop,305991.0,people,github.com/NickCH-K/causaldata
1987-12-31,Djibouti: pop,311025.0,people,github.com/NickCH-K/causaldata
1992-12-31,Djibouti: pop,384156.0,people,github.com/NickCH-K/causaldata
1997-12-31,Djibouti: pop,417908.0,people,github.com/NickCH-K/causaldata
2002-12-31,Djibouti: pop,447416.0,people,github.com/NickCH-K/causaldata
2007-12-31,Djibouti: pop,496374.0,people,github.com/NickCH-K/causaldata
1952-12-31,Dominican Republic: gdpPercap,1397.717137,"USD per person, inflation-adjusted",github.com/NickCH-K/causaldata
1957-12-31,Dominican Republic: gdpPercap,1544.402995,"USD per person, inflation-adjusted",github.com/NickCH-K/causaldata
1962-12-31,Dominican Republic: gdpPercap,1662.137359,"USD per person, inflation-adjusted",github.com/NickCH-K/causaldata
1967-12-31,Dominican Republic: gdpPercap,1653.723003,"USD per person, inflation-adjusted",github.com/NickCH-K/causaldata
1972-12-31,Dominican Republic: gdpPercap,2189.874499,"USD per person, inflation-adjusted",github.com/NickCH-K/causaldata
1977-12-31,Dominican Republic: gdpPercap,2681.9889,"USD per person, inflation-adjusted",github.com/NickCH-K/causaldata
1982-12-31,Dominican Republic: gdpPercap,2861.092386,"USD per person, inflation-adjusted",github.com/NickCH-K/causaldata
1987-12-31,Dominican Republic: gdpPercap,2899.842175,"USD per person, inflation-adjusted",github.com/NickCH-K/causaldata
1992-12-31,Dominican Republic: gdpPercap,3044.214214,"USD per person, inflation-adjusted",github.com/NickCH-K/causaldata
1997-12-31,Dominican Republic: gdpPercap,3614.101285,"USD per person, inflation-adjusted",github.com/NickCH-K/causaldata
2002-12-31,Dominican Republic: gdpPercap,4563.808154,"USD per person, inflation-adjusted",github.com/NickCH-K/causaldata
2007-12-31,Dominican Republic: gdpPercap,6025.374752,"USD per person, inflation-adjusted",github.com/NickCH-K/causaldata
1952-12-31,Dominican Republic: lifeExp,45.928,years,github.com/NickCH-K/causaldata
1957-12-31,Dominican Republic: lifeExp,49.828,years,github.com/NickCH-K/causaldata
1962-12-31,Dominican Republic: lifeExp,53.459,years,github.com/NickCH-K/causaldata
1967-12-31,Dominican Republic: lifeExp,56.751,years,github.com/NickCH-K/causaldata
1972-12-31,Dominican Republic: lifeExp,59.631,years,github.com/NickCH-K/causaldata
1977-12-31,Dominican Republic: lifeExp,61.788,years,github.com/NickCH-K/causaldata
1982-12-31,Dominican Republic: lifeExp,63.727,years,github.com/NickCH-K/causaldata
1987-12-31,Dominican Republic: lifeExp,66.046,years,github.com/NickCH-K/causaldata
1992-12-31,Dominican Republic: lifeExp,68.457,years,github.com/NickCH-K/causaldata
1997-12-31,Dominican Republic: lifeExp,69.957,years,github.com/NickCH-K/causaldata
2002-12-31,Dominican Republic: lifeExp,70.847,years,github.com/NickCH-K/causaldata
2007-12-31,Dominican Republic: lifeExp,72.235,years,github.com/NickCH-K/causaldata
1952-12-31,Dominican Republic: pop,2491346.0,people,github.com/NickCH-K/causaldata
1957-12-31,Dominican Republic: pop,2923186.0,people,github.com/NickCH-K/causaldata
1962-12-31,Dominican Republic: pop,3453434.0,people,github.com/NickCH-K/causaldata
1967-12-31,Dominican Republic: pop,4049146.0,people,github.com/NickCH-K/causaldata
1972-12-31,Dominican Republic: pop,4671329.0,people,github.com/NickCH-K/causaldata
1977-12-31,Dominican Republic: pop,5302800.0,people,github.com/NickCH-K/causaldata
1982-12-31,Dominican Republic: pop,5968349.0,people,github.com/NickCH-K/causaldata
1987-12-31,Dominican Republic: pop,6655297.0,people,github.com/NickCH-K/causaldata
1992-12-31,Dominican Republic: pop,7351181.0,people,github.com/NickCH-K/causaldata
1997-12-31,Dominican Republic: pop,7992357.0,people,github.com/NickCH-K/causaldata
2002-12-31,Dominican Republic: pop,8650322.0,people,github.com/NickCH-K/causaldata
2007-12-31,Dominican Republic: pop,9319622.0,people,github.com/NickCH-K/causaldata
1952-12-31,Ecuador: gdpPercap,3522.110717,"USD per person, inflation-adjusted",github.com/NickCH-K/causaldata
1957-12-31,Ecuador: gdpPercap,3780.546651,"USD per person, inflation-adjusted",github.com/NickCH-K/causaldata
1962-12-31,Ecuador: gdpPercap,4086.114078,"USD per person, inflation-adjusted",github.com/NickCH-K/causaldata
1967-12-31,Ecuador: gdpPercap,4579.074215,"USD per person, inflation-adjusted",github.com/NickCH-K/causaldata
1972-12-31,Ecuador: gdpPercap,5280.99471,"USD per person, inflation-adjusted",github.com/NickCH-K/causaldata
1977-12-31,Ecuador: gdpPercap,6679.62326,"USD per person, inflation-adjusted",github.com/NickCH-K/causaldata
1982-12-31,Ecuador: gdpPercap,7213.791267,"USD per person, inflation-adjusted",github.com/NickCH-K/causaldata
1987-12-31,Ecuador: gdpPercap,6481.776993,"USD per person, inflation-adjusted",github.com/NickCH-K/causaldata
1992-12-31,Ecuador: gdpPercap,7103.702595,"USD per person, inflation-adjusted",github.com/NickCH-K/causaldata
1997-12-31,Ecuador: gdpPercap,7429.455877,"USD per person, inflation-adjusted",github.com/NickCH-K/causaldata
2002-12-31,Ecuador: gdpPercap,5773.044512,"USD per person, inflation-adjusted",github.com/NickCH-K/causaldata
2007-12-31,Ecuador: gdpPercap,6873.262326,"USD per person, inflation-adjusted",github.com/NickCH-K/causaldata
1952-12-31,Ecuador: lifeExp,48.357,years,github.com/NickCH-K/causaldata
1957-12-31,Ecuador: lifeExp,51.356,years,github.com/NickCH-K/causaldata
1962-12-31,Ecuador: lifeExp,54.64,years,github.com/NickCH-K/causaldata
1967-12-31,Ecuador: lifeExp,56.678,years,github.com/NickCH-K/causaldata
1972-12-31,Ecuador: lifeExp,58.796,years,github.com/NickCH-K/causaldata
1977-12-31,Ecuador: lifeExp,61.31,years,github.com/NickCH-K/causaldata
1982-12-31,Ecuador: lifeExp,64.342,years,github.com/NickCH-K/causaldata
1987-12-31,Ecuador: lifeExp,67.231,years,github.com/NickCH-K/causaldata
1992-12-31,Ecuador: lifeExp,69.613,years,github.com/NickCH-K/causaldata
1997-12-31,Ecuador: lifeExp,72.312,years,github.com/NickCH-K/causaldata
2002-12-31,Ecuador: lifeExp,74.173,years,github.com/NickCH-K/causaldata
2007-12-31,Ecuador: lifeExp,74.994,years,github.com/NickCH-K/causaldata
1952-12-31,Ecuador: pop,3548753.0,people,github.com/NickCH-K/causaldata
1957-12-31,Ecuador: pop,4058385.0,people,github.com/NickCH-K/causaldata
1962-12-31,Ecuador: pop,4681707.0,people,github.com/NickCH-K/causaldata
1967-12-31,Ecuador: pop,5432424.0,people,github.com/NickCH-K/causaldata
1972-12-31,Ecuador: pop,6298651.0,people,github.com/NickCH-K/causaldata
1977-12-31,Ecuador: pop,7278866.0,people,github.com/NickCH-K/causaldata
1982-12-31,Ecuador: pop,8365850.0,people,github.com/NickCH-K/causaldata
1987-12-31,Ecuador: pop,9545158.0,people,github.com/NickCH-K/causaldata
1992-12-31,Ecuador: pop,10748394.0,people,github.com/NickCH-K/causaldata
1997-12-31,Ecuador: pop,11911819.0,people,github.com/NickCH-K/causaldata
2002-12-31,Ecuador: pop,12921234.0,people,github.com/NickCH-K/causaldata
2007-12-31,Ecuador: pop,13755680.0,people,github.com/NickCH-K/causaldata
1952-12-31,Egypt: gdpPercap,1418.822445,"USD per person, inflation-adjusted",github.com/NickCH-K/causaldata
1957-12-31,Egypt: gdpPercap,1458.915272,"USD per person, inflation-adjusted",github.com/NickCH-K/causaldata
1962-12-31,Egypt: gdpPercap,1693.335853,"USD per person, inflation-adjusted",github.com/NickCH-K/causaldata
1967-12-31,Egypt: gdpPercap,1814.880728,"USD per person, inflation-adjusted",github.com/NickCH-K/causaldata
1972-12-31,Egypt: gdpPercap,2024.008147,"USD per person, inflation-adjusted",github.com/NickCH-K/causaldata
1977-12-31,Egypt: gdpPercap,2785.493582,"USD per person, inflation-adjusted",github.com/NickCH-K/causaldata
1982-12-31,Egypt: gdpPercap,3503.729636,"USD per person, inflation-adjusted",github.com/NickCH-K/causaldata
1987-12-31,Egypt: gdpPercap,3885.46071,"USD per person, inflation-adjusted",github.com/NickCH-K/causaldata
1992-12-31,Egypt: gdpPercap,3794.755195,"USD per person, inflation-adjusted",github.com/NickCH-K/causaldata
1997-12-31,Egypt: gdpPercap,4173.181797,"USD per person, inflation-adjusted",github.com/NickCH-K/causaldata
2002-12-31,Egypt: gdpPercap,4754.604414,"USD per person, inflation-adjusted",github.com/NickCH-K/causaldata
2007-12-31,Egypt: gdpPercap,5581.180998,"USD per person, inflation-adjusted",github.com/NickCH-K/causaldata
1952-12-31,Egypt: lifeExp,41.893,years,github.com/NickCH-K/causaldata
1957-12-31,Egypt: lifeExp,44.444,years,github.com/NickCH-K/causaldata
1962-12-31,Egypt: lifeExp,46.992,years,github.com/NickCH-K/causaldata
1967-12-31,Egypt: lifeExp,49.293,years,github.com/NickCH-K/causaldata
1972-12-31,Egypt: lifeExp,51.137,years,github.com/NickCH-K/causaldata
1977-12-31,Egypt: lifeExp,53.319,years,github.com/NickCH-K/causaldata
1982-12-31,Egypt: lifeExp,56.006,years,github.com/NickCH-K/causaldata
1987-12-31,Egypt: lifeExp,59.797,years,github.com/NickCH-K/causaldata
1992-12-31,Egypt: lifeExp,63.674,years,github.com/NickCH-K/causaldata
1997-12-31,Egypt: lifeExp,67.217,years,github.com/NickCH-K/causaldata
2002-12-31,Egypt: lifeExp,69.806,years,github.com/NickCH-K/causaldata
2007-12-31,Egypt: lifeExp,71.338,years,github.com/NickCH-K/causaldata
1952-12-31,Egypt: pop,22223309.0,people,github.com/NickCH-K/causaldata
1957-12-31,Egypt: pop,25009741.0,people,github.com/NickCH-K/causaldata
1962-12-31,Egypt: pop,28173309.0,people,github.com/NickCH-K/causaldata
1967-12-31,Egypt: pop,31681188.0,people,github.com/NickCH-K/causaldata
1972-12-31,Egypt: pop,34807417.0,people,github.com/NickCH-K/causaldata
1977-12-31,Egypt: pop,38783863.0,people,github.com/NickCH-K/causaldata
1982-12-31,Egypt: pop,45681811.0,people,github.com/NickCH-K/causaldata
1987-12-31,Egypt: pop,52799062.0,people,github.com/NickCH-K/causaldata
1992-12-31,Egypt: pop,59402198.0,people,github.com/NickCH-K/causaldata
1997-12-31,Egypt: pop,66134291.0,people,github.com/NickCH-K/causaldata
2002-12-31,Egypt: pop,73312559.0,people,github.com/NickCH-K/causaldata
2007-12-31,Egypt: pop,80264543.0,people,github.com/NickCH-K/causaldata
1952-12-31,El Salvador: gdpPercap,3048.3029,"USD per person, inflation-adjusted",github.com/NickCH-K/causaldata
1957-12-31,El Salvador: gdpPercap,3421.523218,"USD per person, inflation-adjusted",github.com/NickCH-K/causaldata
1962-12-31,El Salvador: gdpPercap,3776.803627,"USD per person, inflation-adjusted",github.com/NickCH-K/causaldata
1967-12-31,El Salvador: gdpPercap,4358.595393,"USD per person, inflation-adjusted",github.com/NickCH-K/causaldata
1972-12-31,El Salvador: gdpPercap,4520.246008,"USD per person, inflation-adjusted",github.com/NickCH-K/causaldata
1977-12-31,El Salvador: gdpPercap,5138.922374,"USD per person, inflation-adjusted",github.com/NickCH-K/causaldata
1982-12-31,El Salvador: gdpPercap,4098.344175,"USD per person, inflation-adjusted",github.com/NickCH-K/causaldata
1987-12-31,El Salvador: gdpPercap,4140.442097,"USD per person, inflation-adjusted",github.com/NickCH-K/causaldata
1992-12-31,El Salvador: gdpPercap,4444.2317,"USD per person, inflation-adjusted",github.com/NickCH-K/causaldata
1997-12-31,El Salvador: gdpPercap,5154.825496,"USD per person, inflation-adjusted",github.com/NickCH-K/causaldata
2002-12-31,El Salvador: gdpPercap,5351.568666,"USD per person, inflation-adjusted",github.com/NickCH-K/causaldata
2007-12-31,El Salvador: gdpPercap,5728.353514,"USD per person, inflation-adjusted",github.com/NickCH-K/causaldata
1952-12-31,El Salvador: lifeExp,45.262,years,github.com/NickCH-K/causaldata
1957-12-31,El Salvador: lifeExp,48.57,years,github.com/NickCH-K/causaldata
1962-12-31,El Salvador: lifeExp,52.307,years,github.com/NickCH-K/causaldata
1967-12-31,El Salvador: lifeExp,55.855,years,github.com/NickCH-K/causaldata
1972-12-31,El Salvador: lifeExp,58.207,years,github.com/NickCH-K/causaldata
1977-12-31,El Salvador: lifeExp,56.696,years,github.com/NickCH-K/causaldata
1982-12-31,El Salvador: lifeExp,56.604,years,github.com/NickCH-K/causaldata
1987-12-31,El Salvador: lifeExp,63.154,years,github.com/NickCH-K/causaldata
1992-12-31,El Salvador: lifeExp,66.798,years,github.com/NickCH-K/causaldata
1997-12-31,El Salvador: lifeExp,69.535,years,github.com/NickCH-K/causaldata
2002-12-31,El Salvador: lifeExp,70.734,years,github.com/NickCH-K/causaldata
2007-12-31,El Salvador: lifeExp,71.878,years,github.com/NickCH-K/causaldata
1952-12-31,El Salvador: pop,2042865.0,people,github.com/NickCH-K/causaldata
1957-12-31,El Salvador: pop,2355805.0,people,github.com/NickCH-K/causaldata
1962-12-31,El Salvador: pop,2747687.0,people,github.com/NickCH-K/causaldata
1967-12-31,El Salvador: pop,3232927.0,people,github.com/NickCH-K/causaldata
1972-12-31,El Salvador: pop,3790903.0,people,github.com/NickCH-K/causaldata
1977-12-31,El Salvador: pop,4282586.0,people,github.com/NickCH-K/causaldata
1982-12-31,El Salvador: pop,4474873.0,people,github.com/NickCH-K/causaldata
1987-12-31,El Salvador: pop,4842194.0,people,github.com/NickCH-K/causaldata
1992-12-31,El Salvador: pop,5274649.0,people,github.com/NickCH-K/causaldata
1997-12-31,El Salvador: pop,5783439.0,people,github.com/NickCH-K/causaldata
2002-12-31,El Salvador: pop,6353681.0,people,github.com/NickCH-K/causaldata
2007-12-31,El Salvador: pop,6939688.0,people,github.com/NickCH-K/causaldata
1952-12-31,Equatorial Guinea: gdpPercap,375.6431231,"USD per person, inflation-adjusted",github.com/NickCH-K/causaldata
1957-12-31,Equatorial Guinea: gdpPercap,426.0964081,"USD per person, inflation-adjusted",github.com/NickCH-K/causaldata
1962-12-31,Equatorial Guinea: gdpPercap,582.8419714,"USD per person, inflation-adjusted",github.com/NickCH-K/causaldata
1967-12-31,Equatorial Guinea: gdpPercap,915.5960025,"USD per person, inflation-adjusted",github.com/NickCH-K/causaldata
1972-12-31,Equatorial Guinea: gdpPercap,672.4122571,"USD per person, inflation-adjusted",github.com/NickCH-K/causaldata
1977-12-31,Equatorial Guinea: gdpPercap,958.5668124,"USD per person, inflation-adjusted",github.com/NickCH-K/causaldata
1982-12-31,Equatorial Guinea: gdpPercap,927.8253427,"USD per person, inflation-adjusted",github.com/NickCH-K/causaldata
1987-12-31,Equatorial Guinea: gdpPercap,966.8968149,"USD per person, inflation-adjusted",github.com/NickCH-K/causaldata
1992-12-31,Equatorial Guinea: gdpPercap,1132.055034,"USD per person, inflation-adjusted",github.com/NickCH-K/causaldata
1997-12-31,Equatorial Guinea: gdpPercap,2814.480755,"USD per person, inflation-adjusted",github.com/NickCH-K/causaldata
2002-12-31,Equatorial Guinea: gdpPercap,7703.4959,"USD per person, inflation-adjusted",github.com/NickCH-K/causaldata
2007-12-31,Equatorial Guinea: gdpPercap,12154.08975,"USD per person, inflation-adjusted",github.com/NickCH-K/causaldata
1952-12-31,Equatorial Guinea: lifeExp,34.482,years,github.com/NickCH-K/causaldata
1957-12-31,Equatorial Guinea: lifeExp,35.983,years,github.com/NickCH-K/causaldata
1962-12-31,Equatorial Guinea: lifeExp,37.485,years,github.com/NickCH-K/causaldata
1967-12-31,Equatorial Guinea: lifeExp,38.987,years,github.com/NickCH-K/causaldata
1972-12-31,Equatorial Guinea: lifeExp,40.516,years,github.com/NickCH-K/causaldata
1977-12-31,Equatorial Guinea: lifeExp,42.024,years,github.com/NickCH-K/causaldata
1982-12-31,Equatorial Guinea: lifeExp,43.662,years,github.com/NickCH-K/causaldata
1987-12-31,Equatorial Guinea: lifeExp,45.664,years,github.com/NickCH-K/causaldata
1992-12-31,Equatorial Guinea: lifeExp,47.545,years,github.com/NickCH-K/causaldata
1997-12-31,Equatorial Guinea: lifeExp,48.245,years,github.com/NickCH-K/causaldata
2002-12-31,Equatorial Guinea: lifeExp,49.348,years,github.com/NickCH-K/causaldata
2007-12-31,Equatorial Guinea: lifeExp,51.579,years,github.com/NickCH-K/causaldata
1952-12-31,Equatorial Guinea: pop,216964.0,people,github.com/NickCH-K/causaldata
1957-12-31,Equatorial Guinea: pop,232922.0,people,github.com/NickCH-K/causaldata
1962-12-31,Equatorial Guinea: pop,249220.0,people,github.com/NickCH-K/causaldata
1967-12-31,Equatorial Guinea: pop,259864.0,people,github.com/NickCH-K/causaldata
1972-12-31,Equatorial Guinea: pop,277603.0,people,github.com/NickCH-K/causaldata
1977-12-31,Equatorial Guinea: pop,192675.0,people,github.com/NickCH-K/causaldata
1982-12-31,Equatorial Guinea: pop,285483.0,people,github.com/NickCH-K/causaldata
1987-12-31,Equatorial Guinea: pop,341244.0,people,github.com/NickCH-K/causaldata
1992-12-31,Equatorial Guinea: pop,387838.0,people,github.com/NickCH-K/causaldata
1997-12-31,Equatorial Guinea: pop,439971.0,people,github.com/NickCH-K/causaldata
2002-12-31,Equatorial Guinea: pop,495627.0,people,github.com/NickCH-K/causaldata
2007-12-31,Equatorial Guinea: pop,551201.0,people,github.com/NickCH-K/causaldata
1952-12-31,Eritrea: gdpPercap,328.9405571,"USD per person, inflation-adjusted",github.com/NickCH-K/causaldata
1957-12-31,Eritrea: gdpPercap,344.1618859,"USD per person, inflation-adjusted",github.com/NickCH-K/causaldata
1962-12-31,Eritrea: gdpPercap,380.9958433,"USD per person, inflation-adjusted",github.com/NickCH-K/causaldata
1967-12-31,Eritrea: gdpPercap,468.7949699,"USD per person, inflation-adjusted",github.com/NickCH-K/causaldata
1972-12-31,Eritrea: gdpPercap,514.3242082,"USD per person, inflation-adjusted",github.com/NickCH-K/causaldata
1977-12-31,Eritrea: gdpPercap,505.7538077,"USD per person, inflation-adjusted",github.com/NickCH-K/causaldata
1982-12-31,Eritrea: gdpPercap,524.8758493,"USD per person, inflation-adjusted",github.com/NickCH-K/causaldata
1987-12-31,Eritrea: gdpPercap,521.1341333,"USD per person, inflation-adjusted",github.com/NickCH-K/causaldata
1992-12-31,Eritrea: gdpPercap,582.8585102,"USD per person, inflation-adjusted",github.com/NickCH-K/causaldata
1997-12-31,Eritrea: gdpPercap,913.47079,"USD per person, inflation-adjusted",github.com/NickCH-K/causaldata
2002-12-31,Eritrea: gdpPercap,765.3500015,"USD per person, inflation-adjusted",github.com/NickCH-K/causaldata
2007-12-31,Eritrea: gdpPercap,641.3695236,"USD per person, inflation-adjusted",github.com/NickCH-K/causaldata
1952-12-31,Eritrea: lifeExp,35.928,years,github.com/NickCH-K/causaldata
1957-12-31,Eritrea: lifeExp,38.047,years,github.com/NickCH-K/causaldata
1962-12-31,Eritrea: lifeExp,40.158,years,github.com/NickCH-K/causaldata
1967-12-31,Eritrea: lifeExp,42.189,years,github.com/NickCH-K/causaldata
1972-12-31,Eritrea: lifeExp,44.142,years,github.com/NickCH-K/causaldata
1977-12-31,Eritrea: lifeExp,44.535,years,github.com/NickCH-K/causaldata
1982-12-31,Eritrea: lifeExp,43.89,years,github.com/NickCH-K/causaldata
1987-12-31,Eritrea: lifeExp,46.453,years,github.com/NickCH-K/causaldata
1992-12-31,Eritrea: lifeExp,49.991,years,github.com/NickCH-K/causaldata
1997-12-31,Eritrea: lifeExp,53.378,years,github.com/NickCH-K/causaldata
2002-12-31,Eritrea: lifeExp,55.24,years,github.com/NickCH-K/causaldata
2007-12-31,Eritrea: lifeExp,58.04,years,github.com/NickCH-K/causaldata
1952-12-31,Eritrea: pop,1438760.0,people,github.com/NickCH-K/causaldata
1957-12-31,Eritrea: pop,1542611.0,people,github.com/NickCH-K/causaldata
1962-12-31,Eritrea: pop,1666618.0,people,github.com/NickCH-K/causaldata
1967-12-31,Eritrea: pop,1820319.0,people,github.com/NickCH-K/causaldata
1972-12-31,Eritrea: pop,2260187.0,people,github.com/NickCH-K/causaldata
1977-12-31,Eritrea: pop,2512642.0,people,github.com/NickCH-K/causaldata
1982-12-31,Eritrea: pop,2637297.0,people,github.com/NickCH-K/causaldata
1987-12-31,Eritrea: pop,2915959.0,people,github.com/NickCH-K/causaldata
1992-12-31,Eritrea: pop,3668440.0,people,github.com/NickCH-K/causaldata
1997-12-31,Eritrea: pop,4058319.0,people,github.com/NickCH-K/causaldata
2002-12-31,Eritrea: pop,4414865.0,people,github.com/NickCH-K/causaldata
2007-12-31,Eritrea: pop,4906585.0,people,github.com/NickCH-K/causaldata
1952-12-31,Ethiopia: gdpPercap,362.1462796,"USD per person, inflation-adjusted",github.com/NickCH-K/causaldata
1957-12-31,Ethiopia: gdpPercap,378.9041632,"USD per person, inflation-adjusted",github.com/NickCH-K/causaldata
1962-12-31,Ethiopia: gdpPercap,419.4564161,"USD per person, inflation-adjusted",github.com/NickCH-K/causaldata
1967-12-31,Ethiopia: gdpPercap,516.1186438,"USD per person, inflation-adjusted",github.com/NickCH-K/causaldata
1972-12-31,Ethiopia: gdpPercap,566.2439442,"USD per person, inflation-adjusted",github.com/NickCH-K/causaldata
1977-12-31,Ethiopia: gdpPercap,556.8083834,"USD per person, inflation-adjusted",github.com/NickCH-K/causaldata
1982-12-31,Ethiopia: gdpPercap,577.8607471,"USD per person, inflation-adjusted",github.com/NickCH-K/causaldata
1987-12-31,Ethiopia: gdpPercap,573.7413142,"USD per person, inflation-adjusted",github.com/NickCH-K/causaldata
1992-12-31,Ethiopia: gdpPercap,421.3534653,"USD per person, inflation-adjusted",github.com/NickCH-K/causaldata
1997-12-31,Ethiopia: gdpPercap,515.8894013,"USD per person, inflation-adjusted",github.com/NickCH-K/causaldata
2002-12-31,Ethiopia: gdpPercap,530.0535319,"USD per person, inflation-adjusted",github.com/NickCH-K/causaldata
2007-12-31,Ethiopia: gdpPercap,690.8055759,"USD per person, inflation-adjusted",github.com/NickCH-K/causaldata
1952-12-31,Ethiopia: lifeExp,34.078,years,github.com/NickCH-K/causaldata
1957-12-31,Ethiopia: lifeExp,36.667,years,github.com/NickCH-K/causaldata
1962-12-31,Ethiopia: lifeExp,40.059,years,github.com/NickCH-K/causaldata
1967-12-31,Ethiopia: lifeExp,42.115,years,github.com/NickCH-K/causaldata
1972-12-31,Ethiopia: lifeExp,43.515,years,github.com/NickCH-K/causaldata
1977-12-31,Ethiopia: lifeExp,44.51,years,github.com/NickCH-K/causaldata
1982-12-31,Ethiopia: lifeExp,44.916,years,github.com/NickCH-K/causaldata
1987-12-31,Ethiopia: lifeExp,46.684,years,github.com/NickCH-K/causaldata
1992-12-31,Ethiopia: lifeExp,48.091,years,github.com/NickCH-K/causaldata
1997-12-31,Ethiopia: lifeExp,49.402,years,github.com/NickCH-K/causaldata
2002-12-31,Ethiopia: lifeExp,50.725,years,github.com/NickCH-K/causaldata
2007-12-31,Ethiopia: lifeExp,52.947,years,github.com/NickCH-K/causaldata
1952-12-31,Ethiopia: pop,20860941.0,people,github.com/NickCH-K/causaldata
1957-12-31,Ethiopia: pop,22815614.0,people,github.com/NickCH-K/causaldata
1962-12-31,Ethiopia: pop,25145372.0,people,github.com/NickCH-K/causaldata
1967-12-31,Ethiopia: pop,27860297.0,people,github.com/NickCH-K/causaldata
1972-12-31,Ethiopia: pop,30770372.0,people,github.com/NickCH-K/causaldata
1977-12-31,Ethiopia: pop,34617799.0,people,github.com/NickCH-K/causaldata
1982-12-31,Ethiopia: pop,38111756.0,people,github.com/NickCH-K/causaldata
1987-12-31,Ethiopia: pop,42999530.0,people,github.com/NickCH-K/causaldata
1992-12-31,Ethiopia: pop,52088559.0,people,github.com/NickCH-K/causaldata
1997-12-31,Ethiopia: pop,59861301.0,people,github.com/NickCH-K/causaldata
2002-12-31,Ethiopia: pop,67946797.0,people,github.com/NickCH-K/causaldata
2007-12-31,Ethiopia: pop,76511887.0,people,github.com/NickCH-K/causaldata
1952-12-31,Finland: gdpPercap,6424.519071,"USD per person, inflation-adjusted",github.com/NickCH-K/causaldata
1957-12-31,Finland: gdpPercap,7545.415386,"USD per person, inflation-adjusted",github.com/NickCH-K/causaldata
1962-12-31,Finland: gdpPercap,9371.842561,"USD per person, inflation-adjusted",github.com/NickCH-K/causaldata
1967-12-31,Finland: gdpPercap,10921.63626,"USD per person, inflation-adjusted",github.com/NickCH-K/causaldata
1972-12-31,Finland: gdpPercap,14358.8759,"USD per person, inflation-adjusted",github.com/NickCH-K/causaldata
1977-12-31,Finland: gdpPercap,15605.42283,"USD per person, inflation-adjusted",github.com/NickCH-K/causaldata
1982-12-31,Finland: gdpPercap,18533.15761,"USD per person, inflation-adjusted",github.com/NickCH-K/causaldata
1987-12-31,Finland: gdpPercap,21141.01223,"USD per person, inflation-adjusted",github.com/NickCH-K/causaldata
1992-12-31,Finland: gdpPercap,20647.16499,"USD per person, inflation-adjusted",github.com/NickCH-K/causaldata
1997-12-31,Finland: gdpPercap,23723.9502,"USD per person, inflation-adjusted",github.com/NickCH-K/causaldata
2002-12-31,Finland: gdpPercap,28204.59057,"USD per person, inflation-adjusted",github.com/NickCH-K/causaldata
2007-12-31,Finland: gdpPercap,33207.0844,"USD per person, inflation-adjusted",github.com/NickCH-K/causaldata
1952-12-31,Finland: lifeExp,66.55,years,github.com/NickCH-K/causaldata
1957-12-31,Finland: lifeExp,67.49,years,github.com/NickCH-K/causaldata
1962-12-31,Finland: lifeExp,68.75,years,github.com/NickCH-K/causaldata
1967-12-31,Finland: lifeExp,69.83,years,github.com/NickCH-K/causaldata
1972-12-31,Finland: lifeExp,70.87,years,github.com/NickCH-K/causaldata
1977-12-31,Finland: lifeExp,72.52,years,github.com/NickCH-K/causaldata
1982-12-31,Finland: lifeExp,74.55,years,github.com/NickCH-K/causaldata
1987-12-31,Finland: lifeExp,74.83,years,github.com/NickCH-K/causaldata
1992-12-31,Finland: lifeExp,75.7,years,github.com/NickCH-K/causaldata
1997-12-31,Finland: lifeExp,77.13,years,github.com/NickCH-K/causaldata
2002-12-31,Finland: lifeExp,78.37,years,github.com/NickCH-K/causaldata
2007-12-31,Finland: lifeExp,79.313,years,github.com/NickCH-K/causaldata
1952-12-31,Finland: pop,4090500.0,people,github.com/NickCH-K/causaldata
1957-12-31,Finland: pop,4324000.0,people,github.com/NickCH-K/causaldata
1962-12-31,Finland: pop,4491443.0,people,github.com/NickCH-K/causaldata
1967-12-31,Finland: pop,4605744.0,people,github.com/NickCH-K/causaldata
1972-12-31,Finland: pop,4639657.0,people,github.com/NickCH-K/causaldata
1977-12-31,Finland: pop,4738902.0,people,github.com/NickCH-K/causaldata
1982-12-31,Finland: pop,4826933.0,people,github.com/NickCH-K/causaldata
1987-12-31,Finland: pop,4931729.0,people,github.com/NickCH-K/causaldata
1992-12-31,Finland: pop,5041039.0,people,github.com/NickCH-K/causaldata
1997-12-31,Finland: pop,5134406.0,people,github.com/NickCH-K/causaldata
2002-12-31,Finland: pop,5193039.0,people,github.com/NickCH-K/causaldata
2007-12-31,Finland: pop,5238460.0,people,github.com/NickCH-K/causaldata
1952-12-31,France: gdpPercap,7029.809327,"USD per person, inflation-adjusted",github.com/NickCH-K/causaldata
1957-12-31,France: gdpPercap,8662.834898,"USD per person, inflation-adjusted",github.com/NickCH-K/causaldata
1962-12-31,France: gdpPercap,10560.48553,"USD per person, inflation-adjusted",github.com/NickCH-K/causaldata
1967-12-31,France: gdpPercap,12999.91766,"USD per person, inflation-adjusted",github.com/NickCH-K/causaldata
1972-12-31,France: gdpPercap,16107.19171,"USD per person, inflation-adjusted",github.com/NickCH-K/causaldata
1977-12-31,France: gdpPercap,18292.63514,"USD per person, inflation-adjusted",github.com/NickCH-K/causaldata
1982-12-31,France: gdpPercap,20293.89746,"USD per person, inflation-adjusted",github.com/NickCH-K/causaldata
1987-12-31,France: gdpPercap,22066.44214,"USD per person, inflation-adjusted",github.com/NickCH-K/causaldata
1992-12-31,France: gdpPercap,24703.79615,"USD per person, inflation-adjusted",github.com/NickCH-K/causaldata
1997-12-31,France: gdpPercap,25889.78487,"USD per person, inflation-adjusted",github.com/NickCH-K/causaldata
2002-12-31,France: gdpPercap,28926.03234,"USD per person, inflation-adjusted",github.com/NickCH-K/causaldata
2007-12-31,France: gdpPercap,30470.0167,"USD per person, inflation-adjusted",github.com/NickCH-K/causaldata
1952-12-31,France: lifeExp,67.41,years,github.com/NickCH-K/causaldata
1957-12-31,France: lifeExp,68.93,years,github.com/NickCH-K/causaldata
1962-12-31,France: lifeExp,70.51,years,github.com/NickCH-K/causaldata
1967-12-31,France: lifeExp,71.55,years,github.com/NickCH-K/causaldata
1972-12-31,France: lifeExp,72.38,years,github.com/NickCH-K/causaldata
1977-12-31,France: lifeExp,73.83,years,github.com/NickCH-K/causaldata
1982-12-31,France: lifeExp,74.89,years,github.com/NickCH-K/causaldata
1987-12-31,France: lifeExp,76.34,years,github.com/NickCH-K/causaldata
1992-12-31,France: lifeExp,77.46,years,github.com/NickCH-K/causaldata
1997-12-31,France: lifeExp,78.64,years,github.com/NickCH-K/causaldata
2002-12-31,France: lifeExp,79.59,years,github.com/NickCH-K/causaldata
2007-12-31,France: lifeExp,80.657,years,github.com/NickCH-K/causaldata
1952-12-31,France: pop,42459667.0,people,github.com/NickCH-K/causaldata
1957-12-31,France: pop,44310863.0,people,github.com/NickCH-K/causaldata
1962-12-31,France: pop,47124000.0,people,github.com/NickCH-K/causaldata
1967-12-31,France: pop,49569000.0,people,github.com/NickCH-K/causaldata
1972-12-31,France: pop,51732000.0,people,github.com/NickCH-K/causaldata
1977-12-31,France: pop,53165019.0,people,github.com/NickCH-K/causaldata
1982-12-31,France: pop,54433565.0,people,github.com/NickCH-K/causaldata
1987-12-31,France: pop,55630100.0,people,github.com/NickCH-K/causaldata
1992-12-31,France: pop,57374179.0,people,github.com/NickCH-K/causaldata
1997-12-31,France: pop,58623428.0,people,github.com/NickCH-K/causaldata
2002-12-31,France: pop,59925035.0,people,github.com/NickCH-K/causaldata
2007-12-31,France: pop,61083916.0,people,github.com/NickCH-K/causaldata
1952-12-31,Gabon: gdpPercap,4293.476475,"USD per person, inflation-adjusted",github.com/NickCH-K/causaldata
1957-12-31,Gabon: gdpPercap,4976.198099,"USD per person, inflation-adjusted",github.com/NickCH-K/causaldata
1962-12-31,Gabon: gdpPercap,6631.459222,"USD per person, inflation-adjusted",github.com/NickCH-K/causaldata
1967-12-31,Gabon: gdpPercap,8358.761987,"USD per person, inflation-adjusted",github.com/NickCH-K/causaldata
1972-12-31,Gabon: gdpPercap,11401.94841,"USD per person, inflation-adjusted",github.com/NickCH-K/causaldata
1977-12-31,Gabon: gdpPercap,21745.57328,"USD per person, inflation-adjusted",github.com/NickCH-K/causaldata
1982-12-31,Gabon: gdpPercap,15113.36194,"USD per person, inflation-adjusted",github.com/NickCH-K/causaldata
1987-12-31,Gabon: gdpPercap,11864.40844,"USD per person, inflation-adjusted",github.com/NickCH-K/causaldata
1992-12-31,Gabon: gdpPercap,13522.15752,"USD per person, inflation-adjusted",github.com/NickCH-K/causaldata
1997-12-31,Gabon: gdpPercap,14722.84188,"USD per person, inflation-adjusted",github.com/NickCH-K/causaldata
2002-12-31,Gabon: gdpPercap,12521.71392,"USD per person, inflation-adjusted",github.com/NickCH-K/causaldata
2007-12-31,Gabon: gdpPercap,13206.48452,"USD per person, inflation-adjusted",github.com/NickCH-K/causaldata
1952-12-31,Gabon: lifeExp,37.003,years,github.com/NickCH-K/causaldata
1957-12-31,Gabon: lifeExp,38.999,years,github.com/NickCH-K/causaldata
1962-12-31,Gabon: lifeExp,40.489,years,github.com/NickCH-K/causaldata
1967-12-31,Gabon: lifeExp,44.598,years,github.com/NickCH-K/causaldata
1972-12-31,Gabon: lifeExp,48.69,years,github.com/NickCH-K/causaldata
1977-12-31,Gabon: lifeExp,52.79,years,github.com/NickCH-K/causaldata
1982-12-31,Gabon: lifeExp,56.564,years,github.com/NickCH-K/causaldata
1987-12-31,Gabon: lifeExp,60.19,years,github.com/NickCH-K/causaldata
1992-12-31,Gabon: lifeExp,61.366,years,github.com/NickCH-K/causaldata
1997-12-31,Gabon: lifeExp,60.461,years,github.com/NickCH-K/causaldata
2002-12-31,Gabon: lifeExp,56.761,years,github.com/NickCH-K/causaldata
2007-12-31,Gabon: lifeExp,56.735,years,github.com/NickCH-K/causaldata
1952-12-31,Gabon: pop,420702.0,people,github.com/NickCH-K/causaldata
1957-12-31,Gabon: pop,434904.0,people,github.com/NickCH-K/causaldata
1962-12-31,Gabon: pop,455661.0,people,github.com/NickCH-K/causaldata
1967-12-31,Gabon: pop,489004.0,people,github.com/NickCH-K/causaldata
1972-12-31,Gabon: pop,537977.0,people,github.com/NickCH-K/causaldata
1977-12-31,Gabon: pop,706367.0,people,github.com/NickCH-K/causaldata
1982-12-31,Gabon: pop,753874.0,people,github.com/NickCH-K/causaldata
1987-12-31,Gabon: pop,880397.0,people,github.com/NickCH-K/causaldata
1992-12-31,Gabon: pop,985739.0,people,github.com/NickCH-K/causaldata
1997-12-31,Gabon: pop,1126189.0,people,github.com/NickCH-K/causaldata
2002-12-31,Gabon: pop,1299304.0,people,github.com/NickCH-K/causaldata
2007-12-31,Gabon: pop,1454867.0,people,github.com/NickCH-K/causaldata
1952-12-31,Gambia: gdpPercap,485.2306591,"USD per person, inflation-adjusted",github.com/NickCH-K/causaldata
1957-12-31,Gambia: gdpPercap,520.9267111,"USD per person, inflation-adjusted",github.com/NickCH-K/causaldata
1962-12-31,Gambia: gdpPercap,599.650276,"USD per person, inflation-adjusted",github.com/NickCH-K/causaldata
1967-12-31,Gambia: gdpPercap,734.7829124,"USD per person, inflation-adjusted",github.com/NickCH-K/causaldata
1972-12-31,Gambia: gdpPercap,756.0868363,"USD per person, inflation-adjusted",github.com/NickCH-K/causaldata
1977-12-31,Gambia: gdpPercap,884.7552507,"USD per person, inflation-adjusted",github.com/NickCH-K/causaldata
1982-12-31,Gambia: gdpPercap,835.8096108,"USD per person, inflation-adjusted",github.com/NickCH-K/causaldata
1987-12-31,Gambia: gdpPercap,611.6588611,"USD per person, inflation-adjusted",github.com/NickCH-K/causaldata
1992-12-31,Gambia: gdpPercap,665.6244126,"USD per person, inflation-adjusted",github.com/NickCH-K/causaldata
1997-12-31,Gambia: gdpPercap,653.7301704,"USD per person, inflation-adjusted",github.com/NickCH-K/causaldata
2002-12-31,Gambia: gdpPercap,660.5855997,"USD per person, inflation-adjusted",github.com/NickCH-K/causaldata
2007-12-31,Gambia: gdpPercap,752.7497265,"USD per person, inflation-adjusted",github.com/NickCH-K/causaldata
1952-12-31,Gambia: lifeExp,30.0,years,github.com/NickCH-K/causaldata
1957-12-31,Gambia: lifeExp,32.065,years,github.com/NickCH-K/causaldata
1962-12-31,Gambia: lifeExp,33.896,years,github.com/NickCH-K/causaldata
1967-12-31,Gambia: lifeExp,35.857,years,github.com/NickCH-K/causaldata
1972-12-31,Gambia: lifeExp,38.308,years,github.com/NickCH-K/causaldata
1977-12-31,Gambia: lifeExp,41.842,years,github.com/NickCH-K/causaldata
1982-12-31,Gambia: lifeExp,45.58,years,github.com/NickCH-K/causaldata
1987-12-31,Gambia: lifeExp,49.265,years,github.com/NickCH-K/causaldata
1992-12-31,Gambia: lifeExp,52.644,years,github.com/NickCH-K/causaldata
1997-12-31,Gambia: lifeExp,55.861,years,github.com/NickCH-K/causaldata
2002-12-31,Gambia: lifeExp,58.041,years,github.com/NickCH-K/causaldata
2007-12-31,Gambia: lifeExp,59.448,years,github.com/NickCH-K/causaldata
1952-12-31,Gambia: pop,284320.0,people,github.com/NickCH-K/causaldata
1957-12-31,Gambia: pop,323150.0,people,github.com/NickCH-K/causaldata
1962-12-31,Gambia: pop,374020.0,people,github.com/NickCH-K/causaldata
1967-12-31,Gambia: pop,439593.0,people,github.com/NickCH-K/causaldata
1972-12-31,Gambia: pop,517101.0,people,github.com/NickCH-K/causaldata
1977-12-31,Gambia: pop,608274.0,people,github.com/NickCH-K/causaldata
1982-12-31,Gambia: pop,715523.0,people,github.com/NickCH-K/causaldata
1987-12-31,Gambia: pop,848406.0,people,github.com/NickCH-K/causaldata
1992-12-31,Gambia: pop,1025384.0,people,github.com/NickCH-K/causaldata
1997-12-31,Gambia: pop,1235767.0,people,github.com/NickCH-K/causaldata
2002-12-31,Gambia: pop,1457766.0,people,github.com/NickCH-K/causaldata
2007-12-31,Gambia: pop,1688359.0,people,github.com/NickCH-K/causaldata
1952-12-31,Germany: gdpPercap,7144.114393,"USD per person, inflation-adjusted",github.com/NickCH-K/causaldata
1957-12-31,Germany: gdpPercap,10187.82665,"USD per person, inflation-adjusted",github.com/NickCH-K/causaldata
1962-12-31,Germany: gdpPercap,12902.46291,"USD per person, inflation-adjusted",github.com/NickCH-K/causaldata
1967-12-31,Germany: gdpPercap,14745.62561,"USD per person, inflation-adjusted",github.com/NickCH-K/causaldata
1972-12-31,Germany: gdpPercap,18016.18027,"USD per person, inflation-adjusted",github.com/NickCH-K/causaldata
1977-12-31,Germany: gdpPercap,20512.92123,"USD per person, inflation-adjusted",github.com/NickCH-K/causaldata
1982-12-31,Germany: gdpPercap,22031.53274,"USD per person, inflation-adjusted",github.com/NickCH-K/causaldata
1987-12-31,Germany: gdpPercap,24639.18566,"USD per person, inflation-adjusted",github.com/NickCH-K/causaldata
1992-12-31,Germany: gdpPercap,26505.30317,"USD per person, inflation-adjusted",github.com/NickCH-K/causaldata
1997-12-31,Germany: gdpPercap,27788.88416,"USD per person, inflation-adjusted",github.com/NickCH-K/causaldata
2002-12-31,Germany: gdpPercap,30035.80198,"USD per person, inflation-adjusted",github.com/NickCH-K/causaldata
2007-12-31,Germany: gdpPercap,32170.37442,"USD per person, inflation-adjusted",github.com/NickCH-K/causaldata
1952-12-31,Germany: lifeExp,67.5,years,github.com/NickCH-K/causaldata
1957-12-31,Germany: lifeExp,69.1,years,github.com/NickCH-K/causaldata
1962-12-31,Germany: lifeExp,70.3,years,github.com/NickCH-K/causaldata
1967-12-31,Germany: lifeExp,70.8,years,github.com/NickCH-K/causaldata
1972-12-31,Germany: lifeExp,71.0,years,github.com/NickCH-K/causaldata
1977-12-31,Germany: lifeExp,72.5,years,github.com/NickCH-K/causaldata
1982-12-31,Germany: lifeExp,73.8,years,github.com/NickCH-K/causaldata
1987-12-31,Germany: lifeExp,74.847,years,github.com/NickCH-K/causaldata
1992-12-31,Germany: lifeExp,76.07,years,github.com/NickCH-K/causaldata
1997-12-31,Germany: lifeExp,77.34,years,github.com/NickCH-K/causaldata
2002-12-31,Germany: lifeExp,78.67,years,github.com/NickCH-K/causaldata
2007-12-31,Germany: lifeExp,79.406,years,github.com/NickCH-K/causaldata
1952-12-31,Germany: pop,69145952.0,people,github.com/NickCH-K/causaldata
1957-12-31,Germany: pop,71019069.0,people,github.com/NickCH-K/causaldata
1962-12-31,Germany: pop,73739117.0,people,github.com/NickCH-K/causaldata
1967-12-31,Germany: pop,76368453.0,people,github.com/NickCH-K/causaldata
1972-12-31,Germany: pop,78717088.0,people,github.com/NickCH-K/causaldata
1977-12-31,Germany: pop,78160773.0,people,github.com/NickCH-K/causaldata
1982-12-31,Germany: pop,78335266.0,people,github.com/NickCH-K/causaldata
1987-12-31,Germany: pop,77718298.0,people,github.com/NickCH-K/causaldata
1992-12-31,Germany: pop,80597764.0,people,github.com/NickCH-K/causaldata
1997-12-31,Germany: pop,82011073.0,people,github.com/NickCH-K/causaldata
2002-12-31,Germany: pop,82350671.0,people,github.com/NickCH-K/causaldata
2007-12-31,Germany: pop,82400996.0,people,github.com/NickCH-K/causaldata
1952-12-31,Ghana: gdpPercap,911.2989371,"USD per person, inflation-adjusted",github.com/NickCH-K/causaldata
1957-12-31,Ghana: gdpPercap,1043.561537,"USD per person, inflation-adjusted",github.com/NickCH-K/causaldata
1962-12-31,Ghana: gdpPercap,1190.041118,"USD per person, inflation-adjusted",github.com/NickCH-K/causaldata
1967-12-31,Ghana: gdpPercap,1125.69716,"USD per person, inflation-adjusted",github.com/NickCH-K/causaldata
1972-12-31,Ghana: gdpPercap,1178.223708,"USD per person, inflation-adjusted",github.com/NickCH-K/causaldata
1977-12-31,Ghana: gdpPercap,993.2239571,"USD per person, inflation-adjusted",github.com/NickCH-K/causaldata
1982-12-31,Ghana: gdpPercap,876.032569,"USD per person, inflation-adjusted",github.com/NickCH-K/causaldata
1987-12-31,Ghana: gdpPercap,847.0061135,"USD per person, inflation-adjusted",github.com/NickCH-K/causaldata
1992-12-31,Ghana: gdpPercap,925.060154,"USD per person, inflation-adjusted",github.com/NickCH-K/causaldata
1997-12-31,Ghana: gdpPercap,1005.245812,"USD per person, inflation-adjusted",github.com/NickCH-K/causaldata
2002-12-31,Ghana: gdpPercap,1111.984578,"USD per person, inflation-adjusted",github.com/NickCH-K/causaldata
2007-12-31,Ghana: gdpPercap,1327.60891,"USD per person, inflation-adjusted",github.com/NickCH-K/causaldata
1952-12-31,Ghana: lifeExp,43.149,years,github.com/NickCH-K/causaldata
1957-12-31,Ghana: lifeExp,44.779,years,github.com/NickCH-K/causaldata
1962-12-31,Ghana: lifeExp,46.452,years,github.com/NickCH-K/causaldata
1967-12-31,Ghana: lifeExp,48.072,years,github.com/NickCH-K/causaldata
1972-12-31,Ghana: lifeExp,49.875,years,github.com/NickCH-K/causaldata
1977-12-31,Ghana: lifeExp,51.756,years,github.com/NickCH-K/causaldata
1982-12-31,Ghana: lifeExp,53.744,years,github.com/NickCH-K/causaldata
1987-12-31,Ghana: lifeExp,55.729,years,github.com/NickCH-K/causaldata
1992-12-31,Ghana: lifeExp,57.501,years,github.com/NickCH-K/causaldata
1997-12-31,Ghana: lifeExp,58.556,years,github.com/NickCH-K/causaldata
2002-12-31,Ghana: lifeExp,58.453,years,github.com/NickCH-K/causaldata
2007-12-31,Ghana: lifeExp,60.022,years,github.com/NickCH-K/causaldata
1952-12-31,Ghana: pop,5581001.0,people,github.com/NickCH-K/causaldata
1957-12-31,Ghana: pop,6391288.0,people,github.com/NickCH-K/causaldata
1962-12-31,Ghana: pop,7355248.0,people,github.com/NickCH-K/causaldata
1967-12-31,Ghana: pop,8490213.0,people,github.com/NickCH-K/causaldata
1972-12-31,Ghana: pop,9354120.0,people,github.com/NickCH-K/causaldata
1977-12-31,Ghana: pop,10538093.0,people,github.com/NickCH-K/causaldata
1982-12-31,Ghana: pop,11400338.0,people,github.com/NickCH-K/causaldata
1987-12-31,Ghana: pop,14168101.0,people,github.com/NickCH-K/causaldata
1992-12-31,Ghana: pop,16278738.0,people,github.com/NickCH-K/causaldata
1997-12-31,Ghana: pop,18418288.0,people,github.com/NickCH-K/causaldata
2002-12-31,Ghana: pop,20550751.0,people,github.com/NickCH-K/causaldata
2007-12-31,Ghana: pop,22873338.0,people,github.com/NickCH-K/causaldata
1952-12-31,Greece: gdpPercap,3530.690067,"USD per person, inflation-adjusted",github.com/NickCH-K/causaldata
1957-12-31,Greece: gdpPercap,4916.299889,"USD per person, inflation-adjusted",github.com/NickCH-K/causaldata
1962-12-31,Greece: gdpPercap,6017.190733,"USD per person, inflation-adjusted",github.com/NickCH-K/causaldata
1967-12-31,Greece: gdpPercap,8513.097016,"USD per person, inflation-adjusted",github.com/NickCH-K/causaldata
1972-12-31,Greece: gdpPercap,12724.82957,"USD per person, inflation-adjusted",github.com/NickCH-K/causaldata
1977-12-31,Greece: gdpPercap,14195.52428,"USD per person, inflation-adjusted",github.com/NickCH-K/causaldata
1982-12-31,Greece: gdpPercap,15268.42089,"USD per person, inflation-adjusted",github.com/NickCH-K/causaldata
1987-12-31,Greece: gdpPercap,16120.52839,"USD per person, inflation-adjusted",github.com/NickCH-K/causaldata
1992-12-31,Greece: gdpPercap,17541.49634,"USD per person, inflation-adjusted",github.com/NickCH-K/causaldata
1997-12-31,Greece: gdpPercap,18747.69814,"USD per person, inflation-adjusted",github.com/NickCH-K/causaldata
2002-12-31,Greece: gdpPercap,22514.2548,"USD per person, inflation-adjusted",github.com/NickCH-K/causaldata
2007-12-31,Greece: gdpPercap,27538.41188,"USD per person, inflation-adjusted",github.com/NickCH-K/causaldata
1952-12-31,Greece: lifeExp,65.86,years,github.com/NickCH-K/causaldata
1957-12-31,Greece: lifeExp,67.86,years,github.com/NickCH-K/causaldata
1962-12-31,Greece: lifeExp,69.51,years,github.com/NickCH-K/causaldata
1967-12-31,Greece: lifeExp,71.0,years,github.com/NickCH-K/causaldata
1972-12-31,Greece: lifeExp,72.34,years,github.com/NickCH-K/causaldata
1977-12-31,Greece: lifeExp,73.68,years,github.com/NickCH-K/causaldata
1982-12-31,Greece: lifeExp,75.24,years,github.com/NickCH-K/causaldata
1987-12-31,Greece: lifeExp,76.67,years,github.com/NickCH-K/causaldata
1992-12-31,Greece: lifeExp,77.03,years,github.com/NickCH-K/causaldata
1997-12-31,Greece: lifeExp,77.869,years,github.com/NickCH-K/causaldata
2002-12-31,Greece: lifeExp,78.256,years,github.com/NickCH-K/causaldata
2007-12-31,Greece: lifeExp,79.483,years,github.com/NickCH-K/causaldata
1952-12-31,Greece: pop,7733250.0,people,github.com/NickCH-K/causaldata
1957-12-31,Greece: pop,8096218.0,people,github.com/NickCH-K/causaldata
1962-12-31,Greece: pop,8448233.0,people,github.com/NickCH-K/causaldata
1967-12-31,Greece: pop,8716441.0,people,github.com/NickCH-K/causaldata
1972-12-31,Greece: pop,8888628.0,people,github.com/NickCH-K/causaldata
1977-12-31,Greece: pop,9308479.0,people,github.com/NickCH-K/causaldata
1982-12-31,Greece: pop,9786480.0,people,github.com/NickCH-K/causaldata
1987-12-31,Greece: pop,9974490.0,people,github.com/NickCH-K/causaldata
1992-12-31,Greece: pop,10325429.0,people,github.com/NickCH-K/causaldata
1997-12-31,Greece: pop,10502372.0,people,github.com/NickCH-K/causaldata
2002-12-31,Greece: pop,10603863.0,people,github.com/NickCH-K/causaldata
2007-12-31,Greece: pop,10706290.0,people,github.com/NickCH-K/causaldata
1952-12-31,Guatemala: gdpPercap,2428.237769,"USD per person, inflation-adjusted",github.com/NickCH-K/causaldata
1957-12-31,Guatemala: gdpPercap,2617.155967,"USD per person, inflation-adjusted",github.com/NickCH-K/causaldata
1962-12-31,Guatemala: gdpPercap,2750.364446,"USD per person, inflation-adjusted",github.com/NickCH-K/causaldata
1967-12-31,Guatemala: gdpPercap,3242.531147,"USD per person, inflation-adjusted",github.com/NickCH-K/causaldata
1972-12-31,Guatemala: gdpPercap,4031.408271,"USD per person, inflation-adjusted",github.com/NickCH-K/causaldata
1977-12-31,Guatemala: gdpPercap,4879.992748,"USD per person, inflation-adjusted",github.com/NickCH-K/causaldata
1982-12-31,Guatemala: gdpPercap,4820.49479,"USD per person, inflation-adjusted",github.com/NickCH-K/causaldata
1987-12-31,Guatemala: gdpPercap,4246.485974,"USD per person, inflation-adjusted",github.com/NickCH-K/causaldata
1992-12-31,Guatemala: gdpPercap,4439.45084,"USD per person, inflation-adjusted",github.com/NickCH-K/causaldata
1997-12-31,Guatemala: gdpPercap,4684.313807,"USD per person, inflation-adjusted",github.com/NickCH-K/causaldata
2002-12-31,Guatemala: gdpPercap,4858.347495,"USD per person, inflation-adjusted",github.com/NickCH-K/causaldata
2007-12-31,Guatemala: gdpPercap,5186.050003,"USD per person, inflation-adjusted",github.com/NickCH-K/causaldata
1952-12-31,Guatemala: lifeExp,42.023,years,github.com/NickCH-K/causaldata
1957-12-31,Guatemala: lifeExp,44.142,years,github.com/NickCH-K/causaldata
1962-12-31,Guatemala: lifeExp,46.954,years,github.com/NickCH-K/causaldata
1967-12-31,Guatemala: lifeExp,50.016,years,github.com/NickCH-K/causaldata
1972-12-31,Guatemala: lifeExp,53.738,years,github.com/NickCH-K/causaldata
1977-12-31,Guatemala: lifeExp,56.029,years,github.com/NickCH-K/causaldata
1982-12-31,Guatemala: lifeExp,58.137,years,github.com/NickCH-K/causaldata
1987-12-31,Guatemala: lifeExp,60.782,years,github.com/NickCH-K/causaldata
1992-12-31,Guatemala: lifeExp,63.373,years,github.com/NickCH-K/causaldata
1997-12-31,Guatemala: lifeExp,66.322,years,github.com/NickCH-K/causaldata
2002-12-31,Guatemala: lifeExp,68.978,years,github.com/NickCH-K/causaldata
2007-12-31,Guatemala: lifeExp,70.259,years,github.com/NickCH-K/causaldata
1952-12-31,Guatemala: pop,3146381.0,people,github.com/NickCH-K/causaldata
1957-12-31,Guatemala: pop,3640876.0,people,github.com/NickCH-K/causaldata
1962-12-31,Guatemala: pop,4208858.0,people,github.com/NickCH-K/causaldata
1967-12-31,Guatemala: pop,4690773.0,people,github.com/NickCH-K/causaldata
1972-12-31,Guatemala: pop,5149581.0,people,github.com/NickCH-K/causaldata
1977-12-31,Guatemala: pop,5703430.0,people,github.com/NickCH-K/causaldata
1982-12-31,Guatemala: pop,6395630.0,people,github.com/NickCH-K/causaldata
1987-12-31,Guatemala: pop,7326406.0,people,github.com/NickCH-K/causaldata
1992-12-31,Guatemala: pop,8486949.0,people,github.com/NickCH-K/causaldata
1997-12-31,Guatemala: pop,9803875.0,people,github.com/NickCH-K/causaldata
2002-12-31,Guatemala: pop,11178650.0,people,github.com/NickCH-K/causaldata
2007-12-31,Guatemala: pop,12572928.0,people,github.com/NickCH-K/causaldata
1952-12-31,Guinea-Bissau: gdpPercap,299.850319,"USD per person, inflation-adjusted",github.com/NickCH-K/causaldata
1957-12-31,Guinea-Bissau: gdpPercap,431.7904566,"USD per person, inflation-adjusted",github.com/NickCH-K/causaldata
1962-12-31,Guinea-Bissau: gdpPercap,522.0343725,"USD per person, inflation-adjusted",github.com/NickCH-K/causaldata
1967-12-31,Guinea-Bissau: gdpPercap,715.5806402,"USD per person, inflation-adjusted",github.com/NickCH-K/causaldata
1972-12-31,Guinea-Bissau: gdpPercap,820.2245876,"USD per person, inflation-adjusted",github.com/NickCH-K/causaldata
1977-12-31,Guinea-Bissau: gdpPercap,764.7259628,"USD per person, inflation-adjusted",github.com/NickCH-K/causaldata
1982-12-31,Guinea-Bissau: gdpPercap,838.1239671,"USD per person, inflation-adjusted",github.com/NickCH-K/causaldata
1987-12-31,Guinea-Bissau: gdpPercap,736.4153921,"USD per person, inflation-adjusted",github.com/NickCH-K/causaldata
1992-12-31,Guinea-Bissau: gdpPercap,745.5398706,"USD per person, inflation-adjusted",github.com/NickCH-K/causaldata
1997-12-31,Guinea-Bissau: gdpPercap,796.6644681,"USD per person, inflation-adjusted",github.com/NickCH-K/causaldata
2002-12-31,Guinea-Bissau: gdpPercap,575.7047176,"USD per person, inflation-adjusted",github.com/NickCH-K/causaldata
2007-12-31,Guinea-Bissau: gdpPercap,579.231743,"USD per person, inflation-adjusted",github.com/NickCH-K/causaldata
1952-12-31,Guinea-Bissau: lifeExp,32.5,years,github.com/NickCH-K/causaldata
1957-12-31,Guinea-Bissau: lifeExp,33.489,years,github.com/NickCH-K/causaldata
1962-12-31,Guinea-Bissau: lifeExp,34.488,years,github.com/NickCH-K/causaldata
1967-12-31,Guinea-Bissau: lifeExp,35.492,years,github.com/NickCH-K/causaldata
1972-12-31,Guinea-Bissau: lifeExp,36.486,years,github.com/NickCH-K/causaldata
1977-12-31,Guinea-Bissau: lifeExp,37.465,years,github.com/NickCH-K/causaldata
1982-12-31,Guinea-Bissau: lifeExp,39.327,years,github.com/NickCH-K/causaldata
1987-12-31,Guinea-Bissau: lifeExp,41.245,years,github.com/NickCH-K/causaldata
1992-12-31,Guinea-Bissau: lifeExp,43.266,years,github.com/NickCH-K/causaldata
1997-12-31,Guinea-Bissau: lifeExp,44.873,years,github.com/NickCH-K/causaldata
2002-12-31,Guinea-Bissau: lifeExp,45.504,years,github.com/NickCH-K/causaldata
2007-12-31,Guinea-Bissau: lifeExp,46.388,years,github.com/NickCH-K/causaldata
1952-12-31,Guinea-Bissau: pop,580653.0,people,github.com/NickCH-K/causaldata
1957-12-31,Guinea-Bissau: pop,601095.0,people,github.com/NickCH-K/causaldata
1962-12-31,Guinea-Bissau: pop,627820.0,people,github.com/NickCH-K/causaldata
1967-12-31,Guinea-Bissau: pop,601287.0,people,github.com/NickCH-K/causaldata
1972-12-31,Guinea-Bissau: pop,625361.0,people,github.com/NickCH-K/causaldata
1977-12-31,Guinea-Bissau: pop,745228.0,people,github.com/NickCH-K/causaldata
1982-12-31,Guinea-Bissau: pop,825987.0,people,github.com/NickCH-K/causaldata
1987-12-31,Guinea-Bissau: pop,927524.0,people,github.com/NickCH-K/causaldata
1992-12-31,Guinea-Bissau: pop,1050938.0,people,github.com/NickCH-K/causaldata
1997-12-31,Guinea-Bissau: pop,1193708.0,people,github.com/NickCH-K/causaldata
2002-12-31,Guinea-Bissau: pop,1332459.0,people,github.com/NickCH-K/causaldata
2007-12-31,Guinea-Bissau: pop,1472041.0,people,github.com/NickCH-K/causaldata
1952-12-31,Guinea: gdpPercap,510.1964923,"USD per person, inflation-adjusted",github.com/NickCH-K/causaldata
1957-12-31,Guinea: gdpPercap,576.2670245,"USD per person, inflation-adjusted",github.com/NickCH-K/causaldata
1962-12-31,Guinea: gdpPercap,686.3736739,"USD per person, inflation-adjusted",github.com/NickCH-K/causaldata
1967-12-31,Guinea: gdpPercap,708.7595409,"USD per person, inflation-adjusted",github.com/NickCH-K/causaldata
1972-12-31,Guinea: gdpPercap,741.6662307,"USD per person, inflation-adjusted",github.com/NickCH-K/causaldata
1977-12-31,Guinea: gdpPercap,874.6858643,"USD per person, inflation-adjusted",github.com/NickCH-K/causaldata
1982-12-31,Guinea: gdpPercap,857.2503577,"USD per person, inflation-adjusted",github.com/NickCH-K/causaldata
1987-12-31,Guinea: gdpPercap,805.5724718,"USD per person, inflation-adjusted",github.com/NickCH-K/causaldata
1992-12-31,Guinea: gdpPercap,794.3484384,"USD per person, inflation-adjusted",github.com/NickCH-K/causaldata
1997-12-31,Guinea: gdpPercap,869.4497668,"USD per person, inflation-adjusted",github.com/NickCH-K/causaldata
2002-12-31,Guinea: gdpPercap,945.5835837,"USD per person, inflation-adjusted",github.com/NickCH-K/causaldata
2007-12-31,Guinea: gdpPercap,942.6542111,"USD per person, inflation-adjusted",github.com/NickCH-K/causaldata
1952-12-31,Guinea: lifeExp,33.609,years,github.com/NickCH-K/causaldata
1957-12-31,Guinea: lifeExp,34.558,years,github.com/NickCH-K/causaldata
1962-12-31,Guinea: lifeExp,35.753,years,github.com/NickCH-K/causaldata
1967-12-31,Guinea: lifeExp,37.197,years,github.com/NickCH-K/causaldata
1972-12-31,Guinea: lifeExp,38.842,years,github.com/NickCH-K/causaldata
1977-12-31,Guinea: lifeExp,40.762,years,github.com/NickCH-K/causaldata
1982-12-31,Guinea: lifeExp,42.891,years,github.com/NickCH-K/causaldata
1987-12-31,Guinea: lifeExp,45.552,years,github.com/NickCH-K/causaldata
1992-12-31,Guinea: lifeExp,48.576,years,github.com/NickCH-K/causaldata
1997-12-31,Guinea: lifeExp,51.455,years,github.com/NickCH-K/causaldata
2002-12-31,Guinea: lifeExp,53.676,years,github.com/NickCH-K/causaldata
2007-12-31,Guinea: lifeExp,56.007,years,github.com/NickCH-K/causaldata
1952-12-31,Guinea: pop,2664249.0,people,github.com/NickCH-K/causaldata
1957-12-31,Guinea: pop,2876726.0,people,github.com/NickCH-K/causaldata
1962-12-31,Guinea: pop,3140003.0,people,github.com/NickCH-K/causaldata
1967-12-31,Guinea: pop,3451418.0,people,github.com/NickCH-K/causaldata
1972-12-31,Guinea: pop,3811387.0,people,github.com/NickCH-K/causaldata
1977-12-31,Guinea: pop,4227026.0,people,github.com/NickCH-K/causaldata
1982-12-31,Guinea: pop,4710497.0,people,github.com/NickCH-K/causaldata
1987-12-31,Guinea: pop,5650262.0,people,github.com/NickCH-K/causaldata
1992-12-31,Guinea: pop,6990574.0,people,github.com/NickCH-K/causaldata
1997-12-31,Guinea: pop,8048834.0,people,github.com/NickCH-K/causaldata
2002-12-31,Guinea: pop,8807818.0,people,github.com/NickCH-K/causaldata
2007-12-31,Guinea: pop,9947814.0,people,github.com/NickCH-K/causaldata
1952-12-31,Haiti: gdpPercap,1840.366939,"USD per person, inflation-adjusted",github.com/NickCH-K/causaldata
1957-12-31,Haiti: gdpPercap,1726.887882,"USD per person, inflation-adjusted",github.com/NickCH-K/causaldata
1962-12-31,Haiti: gdpPercap,1796.589032,"USD per person, inflation-adjusted",github.com/NickCH-K/causaldata
1967-12-31,Haiti: gdpPercap,1452.057666,"USD per person, inflation-adjusted",github.com/NickCH-K/causaldata
1972-12-31,Haiti: gdpPercap,1654.456946,"USD per person, inflation-adjusted",github.com/NickCH-K/causaldata
1977-12-31,Haiti: gdpPercap,1874.298931,"USD per person, inflation-adjusted",github.com/NickCH-K/causaldata
1982-12-31,Haiti: gdpPercap,2011.159549,"USD per person, inflation-adjusted",github.com/NickCH-K/causaldata
1987-12-31,Haiti: gdpPercap,1823.015995,"USD per person, inflation-adjusted",github.com/NickCH-K/causaldata
1992-12-31,Haiti: gdpPercap,1456.309517,"USD per person, inflation-adjusted",github.com/NickCH-K/causaldata
1997-12-31,Haiti: gdpPercap,1341.726931,"USD per person, inflation-adjusted",github.com/NickCH-K/causaldata
2002-12-31,Haiti: gdpPercap,1270.364932,"USD per person, inflation-adjusted",github.com/NickCH-K/causaldata
2007-12-31,Haiti: gdpPercap,1201.637154,"USD per person, inflation-adjusted",github.com/NickCH-K/causaldata
1952-12-31,Haiti: lifeExp,37.579,years,github.com/NickCH-K/causaldata
1957-12-31,Haiti: lifeExp,40.696,years,github.com/NickCH-K/causaldata
1962-12-31,Haiti: lifeExp,43.59,years,github.com/NickCH-K/causaldata
1967-12-31,Haiti: lifeExp,46.243,years,github.com/NickCH-K/causaldata
1972-12-31,Haiti: lifeExp,48.042,years,github.com/NickCH-K/causaldata
1977-12-31,Haiti: lifeExp,49.923,years,github.com/NickCH-K/causaldata
1982-12-31,Haiti: lifeExp,51.461,years,github.com/NickCH-K/causaldata
1987-12-31,Haiti: lifeExp,53.636,years,github.com/NickCH-K/causaldata
1992-12-31,Haiti: lifeExp,55.089,years,github.com/NickCH-K/causaldata
1997-12-31,Haiti: lifeExp,56.671,years,github.com/NickCH-K/causaldata
2002-12-31,Haiti: lifeExp,58.137,years,github.com/NickCH-K/causaldata
2007-12-31,Haiti: lifeExp,60.916,years,github.com/NickCH-K/causaldata
1952-12-31,Haiti: pop,3201488.0,people,github.com/NickCH-K/causaldata
1957-12-31,Haiti: pop,3507701.0,people,github.com/NickCH-K/causaldata
1962-12-31,Haiti: pop,3880130.0,people,github.com/NickCH-K/causaldata
1967-12-31,Haiti: pop,4318137.0,people,github.com/NickCH-K/causaldata
1972-12-31,Haiti: pop,4698301.0,people,github.com/NickCH-K/causaldata
1977-12-31,Haiti: pop,4908554.0,people,github.com/NickCH-K/causaldata
1982-12-31,Haiti: pop,5198399.0,people,github.com/NickCH-K/causaldata
1987-12-31,Haiti: pop,5756203.0,people,github.com/NickCH-K/causaldata
1992-12-31,Haiti: pop,6326682.0,people,github.com/NickCH-K/causaldata
1997-12-31,Haiti: pop,6913545.0,people,github.com/NickCH-K/causaldata
2002-12-31,Haiti: pop,7607651.0,people,github.com/NickCH-K/causaldata
2007-12-31,Haiti: pop,8502814.0,people,github.com/NickCH-K/causaldata
1952-12-31,Honduras: gdpPercap,2194.926204,"USD per person, inflation-adjusted",github.com/NickCH-K/causaldata
1957-12-31,Honduras: gdpPercap,2220.487682,"USD per person, inflation-adjusted",github.com/NickCH-K/causaldata
1962-12-31,Honduras: gdpPercap,2291.156835,"USD per person, inflation-adjusted",github.com/NickCH-K/causaldata
1967-12-31,Honduras: gdpPercap,2538.269358,"USD per person, inflation-adjusted",github.com/NickCH-K/causaldata
1972-12-31,Honduras: gdpPercap,2529.842345,"USD per person, inflation-adjusted",github.com/NickCH-K/causaldata
1977-12-31,Honduras: gdpPercap,3203.208066,"USD per person, inflation-adjusted",github.com/NickCH-K/causaldata
1982-12-31,Honduras: gdpPercap,3121.760794,"USD per person, inflation-adjusted",github.com/NickCH-K/causaldata
1987-12-31,Honduras: gdpPercap,3023.096699,"USD per person, inflation-adjusted",github.com/NickCH-K/causaldata
1992-12-31,Honduras: gdpPercap,3081.694603,"USD per person, inflation-adjusted",github.com/NickCH-K/causaldata
1997-12-31,Honduras: gdpPercap,3160.454906,"USD per person, inflation-adjusted",github.com/NickCH-K/causaldata
2002-12-31,Honduras: gdpPercap,3099.72866,"USD per person, inflation-adjusted",github.com/NickCH-K/causaldata
2007-12-31,Honduras: gdpPercap,3548.330846,"USD per person, inflation-adjusted",github.com/NickCH-K/causaldata
1952-12-31,Honduras: lifeExp,41.912,years,github.com/NickCH-K/causaldata
1957-12-31,Honduras: lifeExp,44.665,years,github.com/NickCH-K/causaldata
1962-12-31,Honduras: lifeExp,48.041,years,github.com/NickCH-K/causaldata
1967-12-31,Honduras: lifeExp,50.924,years,github.com/NickCH-K/causaldata
1972-12-31,Honduras: lifeExp,53.884,years,github.com/NickCH-K/causaldata
1977-12-31,Honduras: lifeExp,57.402,years,github.com/NickCH-K/causaldata
1982-12-31,Honduras: lifeExp,60.909,years,github.com/NickCH-K/causaldata
1987-12-31,Honduras: lifeExp,64.492,years,github.com/NickCH-K/causaldata
1992-12-31,Honduras: lifeExp,66.399,years,github.com/NickCH-K/causaldata
1997-12-31,Honduras: lifeExp,67.659,years,github.com/NickCH-K/causaldata
2002-12-31,Honduras: lifeExp,68.565,years,github.com/NickCH-K/causaldata
2007-12-31,Honduras: lifeExp,70.198,years,github.com/NickCH-K/causaldata
1952-12-31,Honduras: pop,1517453.0,people,github.com/NickCH-K/causaldata
1957-12-31,Honduras: pop,1770390.0,people,github.com/NickCH-K/causaldata
1962-12-31,Honduras: pop,2090162.0,people,github.com/NickCH-K/causaldata
1967-12-31,Honduras: pop,2500689.0,people,github.com/NickCH-K/causaldata
1972-12-31,Honduras: pop,2965146.0,people,github.com/NickCH-K/causaldata
1977-12-31,Honduras: pop,3055235.0,people,github.com/NickCH-K/causaldata
1982-12-31,Honduras: pop,3669448.0,people,github.com/NickCH-K/causaldata
1987-12-31,Honduras: pop,4372203.0,people,github.com/NickCH-K/causaldata
1992-12-31,Honduras: pop,5077347.0,people,github.com/NickCH-K/causaldata
1997-12-31,Honduras: pop,5867957.0,people,github.com/NickCH-K/causaldata
2002-12-31,Honduras: pop,6677328.0,people,github.com/NickCH-K/causaldata
2007-12-31,Honduras: pop,7483763.0,people,github.com/NickCH-K/causaldata
1952-12-31,"Hong Kong, China: gdpPercap",3054.421209,"USD per person, inflation-adjusted",github.com/NickCH-K/causaldata
1957-12-31,"Hong Kong, China: gdpPercap",3629.076457,"USD per person, inflation-adjusted",github.com/NickCH-K/causaldata
1962-12-31,"Hong Kong, China: gdpPercap",4692.648272,"USD per person, inflation-adjusted",github.com/NickCH-K/causaldata
1967-12-31,"Hong Kong, China: gdpPercap",6197.962814,"USD per person, inflation-adjusted",github.com/NickCH-K/causaldata
1972-12-31,"Hong Kong, China: gdpPercap",8315.928145,"USD per person, inflation-adjusted",github.com/NickCH-K/causaldata
1977-12-31,"Hong Kong, China: gdpPercap",11186.14125,"USD per person, inflation-adjusted",github.com/NickCH-K/causaldata
1982-12-31,"Hong Kong, China: gdpPercap",14560.53051,"USD per person, inflation-adjusted",github.com/NickCH-K/causaldata
1987-12-31,"Hong Kong, China: gdpPercap",20038.47269,"USD per person, inflation-adjusted",github.com/NickCH-K/causaldata
1992-12-31,"Hong Kong, China: gdpPercap",24757.60301,"USD per person, inflation-adjusted",github.com/NickCH-K/causaldata
1997-12-31,"Hong Kong, China: gdpPercap",28377.63219,"USD per person, inflation-adjusted",github.com/NickCH-K/causaldata
2002-12-31,"Hong Kong, China: gdpPercap",30209.01516,"USD per person, inflation-adjusted",github.com/NickCH-K/causaldata
2007-12-31,"Hong Kong, China: gdpPercap",39724.97867,"USD per person, inflation-adjusted",github.com/NickCH-K/causaldata
1952-12-31,"Hong Kong, China: lifeExp",60.96,years,github.com/NickCH-K/causaldata
1957-12-31,"Hong Kong, China: lifeExp",64.75,years,github.com/NickCH-K/causaldata
1962-12-31,"Hong Kong, China: lifeExp",67.65,years,github.com/NickCH-K/causaldata
1967-12-31,"Hong Kong, China: lifeExp",70.0,years,github.com/NickCH-K/causaldata
1972-12-31,"Hong Kong, China: lifeExp",72.0,years,github.com/NickCH-K/causaldata
1977-12-31,"Hong Kong, China: lifeExp",73.6,years,github.com/NickCH-K/causaldata
1982-12-31,"Hong Kong, China: lifeExp",75.45,years,github.com/NickCH-K/causaldata
1987-12-31,"Hong Kong, China: lifeExp",76.2,years,github.com/NickCH-K/causaldata
1992-12-31,"Hong Kong, China: lifeExp",77.601,years,github.com/NickCH-K/causaldata
1997-12-31,"Hong Kong, China: lifeExp",80.0,years,github.com/NickCH-K/causaldata
2002-12-31,"Hong Kong, China: lifeExp",81.495,years,github.com/NickCH-K/causaldata
2007-12-31,"Hong Kong, China: lifeExp",82.208,years,github.com/NickCH-K/causaldata
1952-12-31,"Hong Kong, China: pop",2125900.0,people,github.com/NickCH-K/causaldata
1957-12-31,"Hong Kong, China: pop",2736300.0,people,github.com/NickCH-K/causaldata
1962-12-31,"Hong Kong, China: pop",3305200.0,people,github.com/NickCH-K/causaldata
1967-12-31,"Hong Kong, China: pop",3722800.0,people,github.com/NickCH-K/causaldata
1972-12-31,"Hong Kong, China: pop",4115700.0,people,github.com/NickCH-K/causaldata
1977-12-31,"Hong Kong, China: pop",4583700.0,people,github.com/NickCH-K/causaldata
1982-12-31,"Hong Kong, China: pop",5264500.0,people,github.com/NickCH-K/causaldata
1987-12-31,"Hong Kong, China: pop",5584510.0,people,github.com/NickCH-K/causaldata
1992-12-31,"Hong Kong, China: pop",5829696.0,people,github.com/NickCH-K/causaldata
1997-12-31,"Hong Kong, China: pop",6495918.0,people,github.com/NickCH-K/causaldata
2002-12-31,"Hong Kong, China: pop",6762476.0,people,github.com/NickCH-K/causaldata
2007-12-31,"Hong Kong, China: pop",6980412.0,people,github.com/NickCH-K/causaldata
1952-12-31,Hungary: gdpPercap,5263.673816,"USD per person, inflation-adjusted",github.com/NickCH-K/causaldata
1957-12-31,Hungary: gdpPercap,6040.180011,"USD per person, inflation-adjusted",github.com/NickCH-K/causaldata
1962-12-31,Hungary: gdpPercap,7550.359877,"USD per person, inflation-adjusted",github.com/NickCH-K/causaldata
1967-12-31,Hungary: gdpPercap,9326.64467,"USD per person, inflation-adjusted",github.com/NickCH-K/causaldata
1972-12-31,Hungary: gdpPercap,10168.65611,"USD per person, inflation-adjusted",github.com/NickCH-K/causaldata
1977-12-31,Hungary: gdpPercap,11674.83737,"USD per person, inflation-adjusted",github.com/NickCH-K/causaldata
1982-12-31,Hungary: gdpPercap,12545.99066,"USD per person, inflation-adjusted",github.com/NickCH-K/causaldata
1987-12-31,Hungary: gdpPercap,12986.47998,"USD per person, inflation-adjusted",github.com/NickCH-K/causaldata
1992-12-31,Hungary: gdpPercap,10535.62855,"USD per person, inflation-adjusted",github.com/NickCH-K/causaldata
1997-12-31,Hungary: gdpPercap,11712.7768,"USD per person, inflation-adjusted",github.com/NickCH-K/causaldata
2002-12-31,Hungary: gdpPercap,14843.93556,"USD per person, inflation-adjusted",github.com/NickCH-K/causaldata
2007-12-31,Hungary: gdpPercap,18008.94444,"USD per person, inflation-adjusted",github.com/NickCH-K/causaldata
1952-12-31,Hungary: lifeExp,64.03,years,github.com/NickCH-K/causaldata
1957-12-31,Hungary: lifeExp,66.41,years,github.com/NickCH-K/causaldata
1962-12-31,Hungary: lifeExp,67.96,years,github.com/NickCH-K/causaldata
1967-12-31,Hungary: lifeExp,69.5,years,github.com/NickCH-K/causaldata
1972-12-31,Hungary: lifeExp,69.76,years,github.com/NickCH-K/causaldata
1977-12-31,Hungary: lifeExp,69.95,years,github.com/NickCH-K/causaldata
1982-12-31,Hungary: lifeExp,69.39,years,github.com/NickCH-K/causaldata
1987-12-31,Hungary: lifeExp,69.58,years,github.com/NickCH-K/causaldata
1992-12-31,Hungary: lifeExp,69.17,years,github.com/NickCH-K/causaldata
1997-12-31,Hungary: lifeExp,71.04,years,github.com/NickCH-K/causaldata
2002-12-31,Hungary: lifeExp,72.59,years,github.com/NickCH-K/causaldata
2007-12-31,Hungary: lifeExp,73.338,years,github.com/NickCH-K/causaldata
1952-12-31,Hungary: pop,9504000.0,people,github.com/NickCH-K/causaldata
1957-12-31,Hungary: pop,9839000.0,people,github.com/NickCH-K/causaldata
1962-12-31,Hungary: pop,10063000.0,people,github.com/NickCH-K/causaldata
1967-12-31,Hungary: pop,10223422.0,people,github.com/NickCH-K/causaldata
1972-12-31,Hungary: pop,10394091.0,people,github.com/NickCH-K/causaldata
1977-12-31,Hungary: pop,10637171.0,people,github.com/NickCH-K/causaldata
1982-12-31,Hungary: pop,10705535.0,people,github.com/NickCH-K/causaldata
1987-12-31,Hungary: pop,10612740.0,people,github.com/NickCH-K/causaldata
1992-12-31,Hungary: pop,10348684.0,people,github.com/NickCH-K/causaldata
1997-12-31,Hungary: pop,10244684.0,people,github.com/NickCH-K/causaldata
2002-12-31,Hungary: pop,10083313.0,people,github.com/NickCH-K/causaldata
2007-12-31,Hungary: pop,9956108.0,people,github.com/NickCH-K/causaldata
1952-12-31,Iceland: gdpPercap,7267.688428,"USD per person, inflation-adjusted",github.com/NickCH-K/causaldata
1957-12-31,Iceland: gdpPercap,9244.001412,"USD per person, inflation-adjusted",github.com/NickCH-K/causaldata
1962-12-31,Iceland: gdpPercap,10350.15906,"USD per person, inflation-adjusted",github.com/NickCH-K/causaldata
1967-12-31,Iceland: gdpPercap,13319.89568,"USD per person, inflation-adjusted",github.com/NickCH-K/causaldata
1972-12-31,Iceland: gdpPercap,15798.06362,"USD per person, inflation-adjusted",github.com/NickCH-K/causaldata
1977-12-31,Iceland: gdpPercap,19654.96247,"USD per person, inflation-adjusted",github.com/NickCH-K/causaldata
1982-12-31,Iceland: gdpPercap,23269.6075,"USD per person, inflation-adjusted",github.com/NickCH-K/causaldata
1987-12-31,Iceland: gdpPercap,26923.20628,"USD per person, inflation-adjusted",github.com/NickCH-K/causaldata
1992-12-31,Iceland: gdpPercap,25144.39201,"USD per person, inflation-adjusted",github.com/NickCH-K/causaldata
1997-12-31,Iceland: gdpPercap,28061.09966,"USD per person, inflation-adjusted",github.com/NickCH-K/causaldata
2002-12-31,Iceland: gdpPercap,31163.20196,"USD per person, inflation-adjusted",github.com/NickCH-K/causaldata
2007-12-31,Iceland: gdpPercap,36180.78919,"USD per person, inflation-adjusted",github.com/NickCH-K/causaldata
1952-12-31,Iceland: lifeExp,72.49,years,github.com/NickCH-K/causaldata
1957-12-31,Iceland: lifeExp,73.47,years,github.com/NickCH-K/causaldata
1962-12-31,Iceland: lifeExp,73.68,years,github.com/NickCH-K/causaldata
1967-12-31,Iceland: lifeExp,73.73,years,github.com/NickCH-K/causaldata
1972-12-31,Iceland: lifeExp,74.46,years,github.com/NickCH-K/causaldata
1977-12-31,Iceland: lifeExp,76.11,years,github.com/NickCH-K/causaldata
1982-12-31,Iceland: lifeExp,76.99,years,github.com/NickCH-K/causaldata
1987-12-31,Iceland: lifeExp,77.23,years,github.com/NickCH-K/causaldata
1992-12-31,Iceland: lifeExp,78.77,years,github.com/NickCH-K/causaldata
1997-12-31,Iceland: lifeExp,78.95,years,github.com/NickCH-K/causaldata
2002-12-31,Iceland: lifeExp,80.5,years,github.com/NickCH-K/causaldata
2007-12-31,Iceland: lifeExp,81.757,years,github.com/NickCH-K/causaldata
1952-12-31,Iceland: pop,147962.0,people,github.com/NickCH-K/causaldata
1957-12-31,Iceland: pop,165110.0,people,github.com/NickCH-K/causaldata
1962-12-31,Iceland: pop,182053.0,people,github.com/NickCH-K/causaldata
1967-12-31,Iceland: pop,198676.0,people,github.com/NickCH-K/causaldata
1972-12-31,Iceland: pop,209275.0,people,github.com/NickCH-K/causaldata
1977-12-31,Iceland: pop,221823.0,people,github.com/NickCH-K/causaldata
1982-12-31,Iceland: pop,233997.0,people,github.com/NickCH-K/causaldata
1987-12-31,Iceland: pop,244676.0,people,github.com/NickCH-K/causaldata
1992-12-31,Iceland: pop,259012.0,people,github.com/NickCH-K/causaldata
1997-12-31,Iceland: pop,271192.0,people,github.com/NickCH-K/causaldata
2002-12-31,Iceland: pop,288030.0,people,github.com/NickCH-K/causaldata
2007-12-31,Iceland: pop,301931.0,people,github.com/NickCH-K/causaldata
1952-12-31,India: gdpPercap,546.5657493,"USD per person, inflation-adjusted",github.com/NickCH-K/causaldata
1957-12-31,India: gdpPercap,590.061996,"USD per person, inflation-adjusted",github.com/NickCH-K/causaldata
1962-12-31,India: gdpPercap,658.3471509,"USD per person, inflation-adjusted",github.com/NickCH-K/causaldata
1967-12-31,India: gdpPercap,700.7706107,"USD per person, inflation-adjusted",github.com/NickCH-K/causaldata
1972-12-31,India: gdpPercap,724.032527,"USD per person, inflation-adjusted",github.com/NickCH-K/causaldata
1977-12-31,India: gdpPercap,813.337323,"USD per person, inflation-adjusted",github.com/NickCH-K/causaldata
1982-12-31,India: gdpPercap,855.7235377,"USD per person, inflation-adjusted",github.com/NickCH-K/causaldata
1987-12-31,India: gdpPercap,976.5126756,"USD per person, inflation-adjusted",github.com/NickCH-K/causaldata
1992-12-31,India: gdpPercap,1164.406809,"USD per person, inflation-adjusted",github.com/NickCH-K/causaldata
1997-12-31,India: gdpPercap,1458.817442,"USD per person, inflation-adjusted",github.com/NickCH-K/causaldata
2002-12-31,India: gdpPercap,1746.769454,"USD per person, inflation-adjusted",github.com/NickCH-K/causaldata
2007-12-31,India: gdpPercap,2452.210407,"USD per person, inflation-adjusted",github.com/NickCH-K/causaldata
1952-12-31,India: lifeExp,37.373,years,github.com/NickCH-K/causaldata
1957-12-31,India: lifeExp,40.249,years,github.com/NickCH-K/causaldata
1962-12-31,India: lifeExp,43.605,years,github.com/NickCH-K/causaldata
1967-12-31,India: lifeExp,47.193,years,github.com/NickCH-K/causaldata
1972-12-31,India: lifeExp,50.651,years,github.com/NickCH-K/causaldata
1977-12-31,India: lifeExp,54.208,years,github.com/NickCH-K/causaldata
1982-12-31,India: lifeExp,56.596,years,github.com/NickCH-K/causaldata
1987-12-31,India: lifeExp,58.553,years,github.com/NickCH-K/causaldata
1992-12-31,India: lifeExp,60.223,years,github.com/NickCH-K/causaldata
1997-12-31,India: lifeExp,61.765,years,github.com/NickCH-K/causaldata
2002-12-31,India: lifeExp,62.879,years,github.com/NickCH-K/causaldata
2007-12-31,India: lifeExp,64.698,years,github.com/NickCH-K/causaldata
1952-12-31,India: pop,372000000.0,people,github.com/NickCH-K/causaldata
1957-12-31,India: pop,409000000.0,people,github.com/NickCH-K/causaldata
1962-12-31,India: pop,454000000.0,people,github.com/NickCH-K/causaldata
1967-12-31,India: pop,506000000.0,people,github.com/NickCH-K/causaldata
1972-12-31,India: pop,567000000.0,people,github.com/NickCH-K/causaldata
1977-12-31,India: pop,634000000.0,people,github.com/NickCH-K/causaldata
1982-12-31,India: pop,708000000.0,people,github.com/NickCH-K/causaldata
1987-12-31,India: pop,788000000.0,people,github.com/NickCH-K/causaldata
1992-12-31,India: pop,872000000.0,people,github.com/NickCH-K/causaldata
1997-12-31,India: pop,959000000.0,people,github.com/NickCH-K/causaldata
2002-12-31,India: pop,1034172547.0,people,github.com/NickCH-K/causaldata
2007-12-31,India: pop,1110396331.0,people,github.com/NickCH-K/causaldata
1952-12-31,Indonesia: gdpPercap,749.6816546,"USD per person, inflation-adjusted",github.com/NickCH-K/causaldata
1957-12-31,Indonesia: gdpPercap,858.9002707,"USD per person, inflation-adjusted",github.com/NickCH-K/causaldata
1962-12-31,Indonesia: gdpPercap,849.2897701,"USD per person, inflation-adjusted",github.com/NickCH-K/causaldata
1967-12-31,Indonesia: gdpPercap,762.4317721,"USD per person, inflation-adjusted",github.com/NickCH-K/causaldata
1972-12-31,Indonesia: gdpPercap,1111.107907,"USD per person, inflation-adjusted",github.com/NickCH-K/causaldata
1977-12-31,Indonesia: gdpPercap,1382.702056,"USD per person, inflation-adjusted",github.com/NickCH-K/causaldata
1982-12-31,Indonesia: gdpPercap,1516.872988,"USD per person, inflation-adjusted",github.com/NickCH-K/causaldata
1987-12-31,Indonesia: gdpPercap,1748.356961,"USD per person, inflation-adjusted",github.com/NickCH-K/causaldata
1992-12-31,Indonesia: gdpPercap,2383.140898,"USD per person, inflation-adjusted",github.com/NickCH-K/causaldata
1997-12-31,Indonesia: gdpPercap,3119.335603,"USD per person, inflation-adjusted",github.com/NickCH-K/causaldata
2002-12-31,Indonesia: gdpPercap,2873.91287,"USD per person, inflation-adjusted",github.com/NickCH-K/causaldata
2007-12-31,Indonesia: gdpPercap,3540.651564,"USD per person, inflation-adjusted",github.com/NickCH-K/causaldata
1952-12-31,Indonesia: lifeExp,37.468,years,github.com/NickCH-K/causaldata
1957-12-31,Indonesia: lifeExp,39.918,years,github.com/NickCH-K/causaldata
1962-12-31,Indonesia: lifeExp,42.518,years,github.com/NickCH-K/causaldata
1967-12-31,Indonesia: lifeExp,45.964,years,github.com/NickCH-K/causaldata
1972-12-31,Indonesia: lifeExp,49.203,years,github.com/NickCH-K/causaldata
1977-12-31,Indonesia: lifeExp,52.702,years,github.com/NickCH-K/causaldata
1982-12-31,Indonesia: lifeExp,56.159,years,github.com/NickCH-K/causaldata
1987-12-31,Indonesia: lifeExp,60.137,years,github.com/NickCH-K/causaldata
1992-12-31,Indonesia: lifeExp,62.681,years,github.com/NickCH-K/causaldata
1997-12-31,Indonesia: lifeExp,66.041,years,github.com/NickCH-K/causaldata
2002-12-31,Indonesia: lifeExp,68.588,years,github.com/NickCH-K/causaldata
2007-12-31,Indonesia: lifeExp,70.65,years,github.com/NickCH-K/causaldata
1952-12-31,Indonesia: pop,82052000.0,people,github.com/NickCH-K/causaldata
1957-12-31,Indonesia: pop,90124000.0,people,github.com/NickCH-K/causaldata
1962-12-31,Indonesia: pop,99028000.0,people,github.com/NickCH-K/causaldata
1967-12-31,Indonesia: pop,109343000.0,people,github.com/NickCH-K/causaldata
1972-12-31,Indonesia: pop,121282000.0,people,github.com/NickCH-K/causaldata
1977-12-31,Indonesia: pop,136725000.0,people,github.com/NickCH-K/causaldata
1982-12-31,Indonesia: pop,153343000.0,people,github.com/NickCH-K/causaldata
1987-12-31,Indonesia: pop,169276000.0,people,github.com/NickCH-K/causaldata
1992-12-31,Indonesia: pop,184816000.0,people,github.com/NickCH-K/causaldata
1997-12-31,Indonesia: pop,199278000.0,people,github.com/NickCH-K/causaldata
2002-12-31,Indonesia: pop,211060000.0,people,github.com/NickCH-K/causaldata
2007-12-31,Indonesia: pop,223547000.0,people,github.com/NickCH-K/causaldata
1952-12-31,Iran: gdpPercap,3035.326002,"USD per person, inflation-adjusted",github.com/NickCH-K/causaldata
1957-12-31,Iran: gdpPercap,3290.257643,"USD per person, inflation-adjusted",github.com/NickCH-K/causaldata
1962-12-31,Iran: gdpPercap,4187.329802,"USD per person, inflation-adjusted",github.com/NickCH-K/causaldata
1967-12-31,Iran: gdpPercap,5906.731805,"USD per person, inflation-adjusted",github.com/NickCH-K/causaldata
1972-12-31,Iran: gdpPercap,9613.818607,"USD per person, inflation-adjusted",github.com/NickCH-K/causaldata
1977-12-31,Iran: gdpPercap,11888.59508,"USD per person, inflation-adjusted",github.com/NickCH-K/causaldata
1982-12-31,Iran: gdpPercap,7608.334602,"USD per person, inflation-adjusted",github.com/NickCH-K/causaldata
1987-12-31,Iran: gdpPercap,6642.881371,"USD per person, inflation-adjusted",github.com/NickCH-K/causaldata
1992-12-31,Iran: gdpPercap,7235.653188,"USD per person, inflation-adjusted",github.com/NickCH-K/causaldata
1997-12-31,Iran: gdpPercap,8263.590301,"USD per person, inflation-adjusted",github.com/NickCH-K/causaldata
2002-12-31,Iran: gdpPercap,9240.761975,"USD per person, inflation-adjusted",github.com/NickCH-K/causaldata
2007-12-31,Iran: gdpPercap,11605.71449,"USD per person, inflation-adjusted",github.com/NickCH-K/causaldata
1952-12-31,Iran: lifeExp,44.869,years,github.com/NickCH-K/causaldata
1957-12-31,Iran: lifeExp,47.181,years,github.com/NickCH-K/causaldata
1962-12-31,Iran: lifeExp,49.325,years,github.com/NickCH-K/causaldata
1967-12-31,Iran: lifeExp,52.469,years,github.com/NickCH-K/causaldata
1972-12-31,Iran: lifeExp,55.234,years,github.com/NickCH-K/causaldata
1977-12-31,Iran: lifeExp,57.702,years,github.com/NickCH-K/causaldata
1982-12-31,Iran: lifeExp,59.62,years,github.com/NickCH-K/causaldata
1987-12-31,Iran: lifeExp,63.04,years,github.com/NickCH-K/causaldata
1992-12-31,Iran: lifeExp,65.742,years,github.com/NickCH-K/causaldata
1997-12-31,Iran: lifeExp,68.042,years,github.com/NickCH-K/causaldata
2002-12-31,Iran: lifeExp,69.451,years,github.com/NickCH-K/causaldata
2007-12-31,Iran: lifeExp,70.964,years,github.com/NickCH-K/causaldata
1952-12-31,Iran: pop,17272000.0,people,github.com/NickCH-K/causaldata
1957-12-31,Iran: pop,19792000.0,people,github.com/NickCH-K/causaldata
1962-12-31,Iran: pop,22874000.0,people,github.com/NickCH-K/causaldata
1967-12-31,Iran: pop,26538000.0,people,github.com/NickCH-K/causaldata
1972-12-31,Iran: pop,30614000.0,people,github.com/NickCH-K/causaldata
1977-12-31,Iran: pop,35480679.0,people,github.com/NickCH-K/causaldata
1982-12-31,Iran: pop,43072751.0,people,github.com/NickCH-K/causaldata
1987-12-31,Iran: pop,51889696.0,people,github.com/NickCH-K/causaldata
1992-12-31,Iran: pop,60397973.0,people,github.com/NickCH-K/causaldata
1997-12-31,Iran: pop,63327987.0,people,github.com/NickCH-K/causaldata
2002-12-31,Iran: pop,66907826.0,people,github.com/NickCH-K/causaldata
2007-12-31,Iran: pop,69453570.0,people,github.com/NickCH-K/causaldata
1952-12-31,Iraq: gdpPercap,4129.766056,"USD per person, inflation-adjusted",github.com/NickCH-K/causaldata
1957-12-31,Iraq: gdpPercap,6229.333562,"USD per person, inflation-adjusted",github.com/NickCH-K/causaldata
1962-12-31,Iraq: gdpPercap,8341.737815,"USD per person, inflation-adjusted",github.com/NickCH-K/causaldata
1967-12-31,Iraq: gdpPercap,8931.459811,"USD per person, inflation-adjusted",github.com/NickCH-K/causaldata
1972-12-31,Iraq: gdpPercap,9576.037596,"USD per person, inflation-adjusted",github.com/NickCH-K/causaldata
1977-12-31,Iraq: gdpPercap,14688.23507,"USD per person, inflation-adjusted",github.com/NickCH-K/causaldata
1982-12-31,Iraq: gdpPercap,14517.90711,"USD per person, inflation-adjusted",github.com/NickCH-K/causaldata
1987-12-31,Iraq: gdpPercap,11643.57268,"USD per person, inflation-adjusted",github.com/NickCH-K/causaldata
1992-12-31,Iraq: gdpPercap,3745.640687,"USD per person, inflation-adjusted",github.com/NickCH-K/causaldata
1997-12-31,Iraq: gdpPercap,3076.239795,"USD per person, inflation-adjusted",github.com/NickCH-K/causaldata
2002-12-31,Iraq: gdpPercap,4390.717312,"USD per person, inflation-adjusted",github.com/NickCH-K/causaldata
2007-12-31,Iraq: gdpPercap,4471.061906,"USD per person, inflation-adjusted",github.com/NickCH-K/causaldata
1952-12-31,Iraq: lifeExp,45.32,years,github.com/NickCH-K/causaldata
1957-12-31,Iraq: lifeExp,48.437,years,github.com/NickCH-K/causaldata
1962-12-31,Iraq: lifeExp,51.457,years,github.com/NickCH-K/causaldata
1967-12-31,Iraq: lifeExp,54.459,years,github.com/NickCH-K/causaldata
1972-12-31,Iraq: lifeExp,56.95,years,github.com/NickCH-K/causaldata
1977-12-31,Iraq: lifeExp,60.413,years,github.com/NickCH-K/causaldata
1982-12-31,Iraq: lifeExp,62.038,years,github.com/NickCH-K/causaldata
1987-12-31,Iraq: lifeExp,65.044,years,github.com/NickCH-K/causaldata
1992-12-31,Iraq: lifeExp,59.461,years,github.com/NickCH-K/causaldata
1997-12-31,Iraq: lifeExp,58.811,years,github.com/NickCH-K/causaldata
2002-12-31,Iraq: lifeExp,57.046,years,github.com/NickCH-K/causaldata
2007-12-31,Iraq: lifeExp,59.545,years,github.com/NickCH-K/causaldata
1952-12-31,Iraq: pop,5441766.0,people,github.com/NickCH-K/causaldata
1957-12-31,Iraq: pop,6248643.0,people,github.com/NickCH-K/causaldata
1962-12-31,Iraq: pop,7240260.0,people,github.com/NickCH-K/causaldata
1967-12-31,Iraq: pop,8519282.0,people,github.com/NickCH-K/causaldata
1972-12-31,Iraq: pop,10061506.0,people,github.com/NickCH-K/causaldata
1977-12-31,Iraq: pop,11882916.0,people,github.com/NickCH-K/causaldata
1982-12-31,Iraq: pop,14173318.0,people,github.com/NickCH-K/causaldata
1987-12-31,Iraq: pop,16543189.0,people,github.com/NickCH-K/causaldata
1992-12-31,Iraq: pop,17861905.0,people,github.com/NickCH-K/causaldata
1997-12-31,Iraq: pop,20775703.0,people,github.com/NickCH-K/causaldata
2002-12-31,Iraq: pop,24001816.0,people,github.com/NickCH-K/causaldata
2007-12-31,Iraq: pop,27499638.0,people,github.com/NickCH-K/causaldata
1952-12-31,Ireland: gdpPercap,5210.280328,"USD per person, inflation-adjusted",github.com/NickCH-K/causaldata
1957-12-31,Ireland: gdpPercap,5599.077872,"USD per person, inflation-adjusted",github.com/NickCH-K/causaldata
1962-12-31,Ireland: gdpPercap,6631.597314,"USD per person, inflation-adjusted",github.com/NickCH-K/causaldata
1967-12-31,Ireland: gdpPercap,7655.568963,"USD per person, inflation-adjusted",github.com/NickCH-K/causaldata
1972-12-31,Ireland: gdpPercap,9530.772896,"USD per person, inflation-adjusted",github.com/NickCH-K/causaldata
1977-12-31,Ireland: gdpPercap,11150.98113,"USD per person, inflation-adjusted",github.com/NickCH-K/causaldata
1982-12-31,Ireland: gdpPercap,12618.32141,"USD per person, inflation-adjusted",github.com/NickCH-K/causaldata
1987-12-31,Ireland: gdpPercap,13872.86652,"USD per person, inflation-adjusted",github.com/NickCH-K/causaldata
1992-12-31,Ireland: gdpPercap,17558.81555,"USD per person, inflation-adjusted",github.com/NickCH-K/causaldata
1997-12-31,Ireland: gdpPercap,24521.94713,"USD per person, inflation-adjusted",github.com/NickCH-K/causaldata
2002-12-31,Ireland: gdpPercap,34077.04939,"USD per person, inflation-adjusted",github.com/NickCH-K/causaldata
2007-12-31,Ireland: gdpPercap,40675.99635,"USD per person, inflation-adjusted",github.com/NickCH-K/causaldata
1952-12-31,Ireland: lifeExp,66.91,years,github.com/NickCH-K/causaldata
1957-12-31,Ireland: lifeExp,68.9,years,github.com/NickCH-K/causaldata
1962-12-31,Ireland: lifeExp,70.29,years,github.com/NickCH-K/causaldata
1967-12-31,Ireland: lifeExp,71.08,years,github.com/NickCH-K/causaldata
1972-12-31,Ireland: lifeExp,71.28,years,github.com/NickCH-K/causaldata
1977-12-31,Ireland: lifeExp,72.03,years,github.com/NickCH-K/causaldata
1982-12-31,Ireland: lifeExp,73.1,years,github.com/NickCH-K/causaldata
1987-12-31,Ireland: lifeExp,74.36,years,github.com/NickCH-K/causaldata
1992-12-31,Ireland: lifeExp,75.467,years,github.com/NickCH-K/causaldata
1997-12-31,Ireland: lifeExp,76.122,years,github.com/NickCH-K/causaldata
2002-12-31,Ireland: lifeExp,77.783,years,github.com/NickCH-K/causaldata
2007-12-31,Ireland: lifeExp,78.885,years,github.com/NickCH-K/causaldata
1952-12-31,Ireland: pop,2952156.0,people,github.com/NickCH-K/causaldata
1957-12-31,Ireland: pop,2878220.0,people,github.com/NickCH-K/causaldata
1962-12-31,Ireland: pop,2830000.0,people,github.com/NickCH-K/causaldata
1967-12-31,Ireland: pop,2900100.0,people,github.com/NickCH-K/causaldata
1972-12-31,Ireland: pop,3024400.0,people,github.com/NickCH-K/causaldata
1977-12-31,Ireland: pop,3271900.0,people,github.com/NickCH-K/causaldata
1982-12-31,Ireland: pop,3480000.0,people,github.com/NickCH-K/causaldata
1987-12-31,Ireland: pop,3539900.0,people,github.com/NickCH-K/causaldata
1992-12-31,Ireland: pop,3557761.0,people,github.com/NickCH-K/causaldata
1997-12-31,Ireland: pop,3667233.0,people,github.com/NickCH-K/causaldata
2002-12-31,Ireland: pop,3879155.0,people,github.com/NickCH-K/causaldata
2007-12-31,Ireland: pop,4109086.0,people,github.com/NickCH-K/causaldata
1952-12-31,Israel: gdpPercap,4086.522128,"USD per person, inflation-adjusted",github.com/NickCH-K/causaldata
1957-12-31,Israel: gdpPercap,5385.278451,"USD per person, inflation-adjusted",github.com/NickCH-K/causaldata
1962-12-31,Israel: gdpPercap,7105.630706,"USD per person, inflation-adjusted",github.com/NickCH-K/causaldata
1967-12-31,Israel: gdpPercap,8393.741404,"USD per person, inflation-adjusted",github.com/NickCH-K/causaldata
1972-12-31,Israel: gdpPercap,12786.93223,"USD per person, inflation-adjusted",github.com/NickCH-K/causaldata
1977-12-31,Israel: gdpPercap,13306.61921,"USD per person, inflation-adjusted",github.com/NickCH-K/causaldata
1982-12-31,Israel: gdpPercap,15367.0292,"USD per person, inflation-adjusted",github.com/NickCH-K/causaldata
1987-12-31,Israel: gdpPercap,17122.47986,"USD per person, inflation-adjusted",github.com/NickCH-K/causaldata
1992-12-31,Israel: gdpPercap,18051.52254,"USD per person, inflation-adjusted",github.com/NickCH-K/causaldata
1997-12-31,Israel: gdpPercap,20896.60924,"USD per person, inflation-adjusted",github.com/NickCH-K/causaldata
2002-12-31,Israel: gdpPercap,21905.59514,"USD per person, inflation-adjusted",github.com/NickCH-K/causaldata
2007-12-31,Israel: gdpPercap,25523.2771,"USD per person, inflation-adjusted",github.com/NickCH-K/causaldata
1952-12-31,Israel: lifeExp,65.39,years,github.com/NickCH-K/causaldata
1957-12-31,Israel: lifeExp,67.84,years,github.com/NickCH-K/causaldata
1962-12-31,Israel: lifeExp,69.39,years,github.com/NickCH-K/causaldata
1967-12-31,Israel: lifeExp,70.75,years,github.com/NickCH-K/causaldata
1972-12-31,Israel: lifeExp,71.63,years,github.com/NickCH-K/causaldata
1977-12-31,Israel: lifeExp,73.06,years,github.com/NickCH-K/causaldata
1982-12-31,Israel: lifeExp,74.45,years,github.com/NickCH-K/causaldata
1987-12-31,Israel: lifeExp,75.6,years,github.com/NickCH-K/causaldata
1992-12-31,Israel: lifeExp,76.93,years,github.com/NickCH-K/causaldata
1997-12-31,Israel: lifeExp,78.269,years,github.com/NickCH-K/causaldata
2002-12-31,Israel: lifeExp,79.696,years,github.com/NickCH-K/causaldata
2007-12-31,Israel: lifeExp,80.745,years,github.com/NickCH-K/causaldata
1952-12-31,Israel: pop,1620914.0,people,github.com/NickCH-K/causaldata
1957-12-31,Israel: pop,1944401.0,people,github.com/NickCH-K/causaldata
1962-12-31,Israel: pop,2310904.0,people,github.com/NickCH-K/causaldata
1967-12-31,Israel: pop,2693585.0,people,github.com/NickCH-K/causaldata
1972-12-31,Israel: pop,3095893.0,people,github.com/NickCH-K/causaldata
1977-12-31,Israel: pop,3495918.0,people,github.com/NickCH-K/causaldata
1982-12-31,Israel: pop,3858421.0,people,github.com/NickCH-K/causaldata
1987-12-31,Israel: pop,4203148.0,people,github.com/NickCH-K/causaldata
1992-12-31,Israel: pop,4936550.0,people,github.com/NickCH-K/causaldata
1997-12-31,Israel: pop,5531387.0,people,github.com/NickCH-K/causaldata
2002-12-31,Israel: pop,6029529.0,people,github.com/NickCH-K/causaldata
2007-12-31,Israel: pop,6426679.0,people,github.com/NickCH-K/causaldata
1952-12-31,Italy: gdpPercap,4931.404155,"USD per person, inflation-adjusted",github.com/NickCH-K/causaldata
1957-12-31,Italy: gdpPercap,6248.656232,"USD per person, inflation-adjusted",github.com/NickCH-K/causaldata
1962-12-31,Italy: gdpPercap,8243.58234,"USD per person, inflation-adjusted",github.com/NickCH-K/causaldata
1967-12-31,Italy: gdpPercap,10022.40131,"USD per person, inflation-adjusted",github.com/NickCH-K/causaldata
1972-12-31,Italy: gdpPercap,12269.27378,"USD per person, inflation-adjusted",github.com/NickCH-K/causaldata
1977-12-31,Italy: gdpPercap,14255.98475,"USD per person, inflation-adjusted",github.com/NickCH-K/causaldata
1982-12-31,Italy: gdpPercap,16537.4835,"USD per person, inflation-adjusted",github.com/NickCH-K/causaldata
1987-12-31,Italy: gdpPercap,19207.23482,"USD per person, inflation-adjusted",github.com/NickCH-K/causaldata
1992-12-31,Italy: gdpPercap,22013.64486,"USD per person, inflation-adjusted",github.com/NickCH-K/causaldata
1997-12-31,Italy: gdpPercap,24675.02446,"USD per person, inflation-adjusted",github.com/NickCH-K/causaldata
2002-12-31,Italy: gdpPercap,27968.09817,"USD per person, inflation-adjusted",github.com/NickCH-K/causaldata
2007-12-31,Italy: gdpPercap,28569.7197,"USD per person, inflation-adjusted",github.com/NickCH-K/causaldata
1952-12-31,Italy: lifeExp,65.94,years,github.com/NickCH-K/causaldata
1957-12-31,Italy: lifeExp,67.81,years,github.com/NickCH-K/causaldata
1962-12-31,Italy: lifeExp,69.24,years,github.com/NickCH-K/causaldata
1967-12-31,Italy: lifeExp,71.06,years,github.com/NickCH-K/causaldata
1972-12-31,Italy: lifeExp,72.19,years,github.com/NickCH-K/causaldata
1977-12-31,Italy: lifeExp,73.48,years,github.com/NickCH-K/causaldata
1982-12-31,Italy: lifeExp,74.98,years,github.com/NickCH-K/causaldata
1987-12-31,Italy: lifeExp,76.42,years,github.com/NickCH-K/causaldata
1992-12-31,Italy: lifeExp,77.44,years,github.com/NickCH-K/causaldata
1997-12-31,Italy: lifeExp,78.82,years,github.com/NickCH-K/causaldata
2002-12-31,Italy: lifeExp,80.24,years,github.com/NickCH-K/causaldata
2007-12-31,Italy: lifeExp,80.546,years,github.com/NickCH-K/causaldata
1952-12-31,Italy: pop,47666000.0,people,github.com/NickCH-K/causaldata
1957-12-31,Italy: pop,49182000.0,people,github.com/NickCH-K/causaldata
1962-12-31,Italy: pop,50843200.0,people,github.com/NickCH-K/causaldata
1967-12-31,Italy: pop,52667100.0,people,github.com/NickCH-K/causaldata
1972-12-31,Italy: pop,54365564.0,people,github.com/NickCH-K/causaldata
1977-12-31,Italy: pop,56059245.0,people,github.com/NickCH-K/causaldata
1982-12-31,Italy: pop,56535636.0,people,github.com/NickCH-K/causaldata
1987-12-31,Italy: pop,56729703.0,people,github.com/NickCH-K/causaldata
1992-12-31,Italy: pop,56840847.0,people,github.com/NickCH-K/causaldata
1997-12-31,Italy: pop,57479469.0,people,github.com/NickCH-K/causaldata
2002-12-31,Italy: pop,57926999.0,people,github.com/NickCH-K/causaldata
2007-12-31,Italy: pop,58147733.0,people,github.com/NickCH-K/causaldata
1952-12-31,Jamaica: gdpPercap,2898.530881,"USD per person, inflation-adjusted",github.com/NickCH-K/causaldata
1957-12-31,Jamaica: gdpPercap,4756.525781,"USD per person, inflation-adjusted",github.com/NickCH-K/causaldata
1962-12-31,Jamaica: gdpPercap,5246.107524,"USD per person, inflation-adjusted",github.com/NickCH-K/causaldata
1967-12-31,Jamaica: gdpPercap,6124.703451,"USD per person, inflation-adjusted",github.com/NickCH-K/causaldata
1972-12-31,Jamaica: gdpPercap,7433.889293,"USD per person, inflation-adjusted",github.com/NickCH-K/causaldata
1977-12-31,Jamaica: gdpPercap,6650.195573,"USD per person, inflation-adjusted",github.com/NickCH-K/causaldata
1982-12-31,Jamaica: gdpPercap,6068.05135,"USD per person, inflation-adjusted",github.com/NickCH-K/causaldata
1987-12-31,Jamaica: gdpPercap,6351.237495,"USD per person, inflation-adjusted",github.com/NickCH-K/causaldata
1992-12-31,Jamaica: gdpPercap,7404.923685,"USD per person, inflation-adjusted",github.com/NickCH-K/causaldata
1997-12-31,Jamaica: gdpPercap,7121.924704,"USD per person, inflation-adjusted",github.com/NickCH-K/causaldata
2002-12-31,Jamaica: gdpPercap,6994.774861,"USD per person, inflation-adjusted",github.com/NickCH-K/causaldata
2007-12-31,Jamaica: gdpPercap,7320.880262,"USD per person, inflation-adjusted",github.com/NickCH-K/causaldata
1952-12-31,Jamaica: lifeExp,58.53,years,github.com/NickCH-K/causaldata
1957-12-31,Jamaica: lifeExp,62.61,years,github.com/NickCH-K/causaldata
1962-12-31,Jamaica: lifeExp,65.61,years,github.com/NickCH-K/causaldata
1967-12-31,Jamaica: lifeExp,67.51,years,github.com/NickCH-K/causaldata
1972-12-31,Jamaica: lifeExp,69.0,years,github.com/NickCH-K/causaldata
1977-12-31,Jamaica: lifeExp,70.11,years,github.com/NickCH-K/causaldata
1982-12-31,Jamaica: lifeExp,71.21,years,github.com/NickCH-K/causaldata
1987-12-31,Jamaica: lifeExp,71.77,years,github.com/NickCH-K/causaldata
1992-12-31,Jamaica: lifeExp,71.766,years,github.com/NickCH-K/causaldata
1997-12-31,Jamaica: lifeExp,72.262,years,github.com/NickCH-K/causaldata
2002-12-31,Jamaica: lifeExp,72.047,years,github.com/NickCH-K/causaldata
2007-12-31,Jamaica: lifeExp,72.567,years,github.com/NickCH-K/causaldata
1952-12-31,Jamaica: pop,1426095.0,people,github.com/NickCH-K/causaldata
1957-12-31,Jamaica: pop,1535090.0,people,github.com/NickCH-K/causaldata
1962-12-31,Jamaica: pop,1665128.0,people,github.com/NickCH-K/causaldata
1967-12-31,Jamaica: pop,1861096.0,people,github.com/NickCH-K/causaldata
1972-12-31,Jamaica: pop,1997616.0,people,github.com/NickCH-K/causaldata
1977-12-31,Jamaica: pop,2156814.0,people,github.com/NickCH-K/causaldata
1982-12-31,Jamaica: pop,2298309.0,people,github.com/NickCH-K/causaldata
1987-12-31,Jamaica: pop,2326606.0,people,github.com/NickCH-K/causaldata
1992-12-31,Jamaica: pop,2378618.0,people,github.com/NickCH-K/causaldata
1997-12-31,Jamaica: pop,2531311.0,people,github.com/NickCH-K/causaldata
2002-12-31,Jamaica: pop,2664659.0,people,github.com/NickCH-K/causaldata
2007-12-31,Jamaica: pop,2780132.0,people,github.com/NickCH-K/causaldata
1952-12-31,Japan: gdpPercap,3216.956347,"USD per person, inflation-adjusted",github.com/NickCH-K/causaldata
1957-12-31,Japan: gdpPercap,4317.694365,"USD per person, inflation-adjusted",github.com/NickCH-K/causaldata
1962-12-31,Japan: gdpPercap,6576.649461,"USD per person, inflation-adjusted",github.com/NickCH-K/causaldata
1967-12-31,Japan: gdpPercap,9847.788607,"USD per person, inflation-adjusted",github.com/NickCH-K/causaldata
1972-12-31,Japan: gdpPercap,14778.78636,"USD per person, inflation-adjusted",github.com/NickCH-K/causaldata
1977-12-31,Japan: gdpPercap,16610.37701,"USD per person, inflation-adjusted",github.com/NickCH-K/causaldata
1982-12-31,Japan: gdpPercap,19384.10571,"USD per person, inflation-adjusted",github.com/NickCH-K/causaldata
1987-12-31,Japan: gdpPercap,22375.94189,"USD per person, inflation-adjusted",github.com/NickCH-K/causaldata
1992-12-31,Japan: gdpPercap,26824.89511,"USD per person, inflation-adjusted",github.com/NickCH-K/causaldata
1997-12-31,Japan: gdpPercap,28816.58499,"USD per person, inflation-adjusted",github.com/NickCH-K/causaldata
2002-12-31,Japan: gdpPercap,28604.5919,"USD per person, inflation-adjusted",github.com/NickCH-K/causaldata
2007-12-31,Japan: gdpPercap,31656.06806,"USD per person, inflation-adjusted",github.com/NickCH-K/causaldata
1952-12-31,Japan: lifeExp,63.03,years,github.com/NickCH-K/causaldata
1957-12-31,Japan: lifeExp,65.5,years,github.com/NickCH-K/causaldata
1962-12-31,Japan: lifeExp,68.73,years,github.com/NickCH-K/causaldata
1967-12-31,Japan: lifeExp,71.43,years,github.com/NickCH-K/causaldata
1972-12-31,Japan: lifeExp,73.42,years,github.com/NickCH-K/causaldata
1977-12-31,Japan: lifeExp,75.38,years,github.com/NickCH-K/causaldata
1982-12-31,Japan: lifeExp,77.11,years,github.com/NickCH-K/causaldata
1987-12-31,Japan: lifeExp,78.67,years,github.com/NickCH-K/causaldata
1992-12-31,Japan: lifeExp,79.36,years,github.com/NickCH-K/causaldata
1997-12-31,Japan: lifeExp,80.69,years,github.com/NickCH-K/causaldata
2002-12-31,Japan: lifeExp,82.0,years,github.com/NickCH-K/causaldata
2007-12-31,Japan: lifeExp,82.603,years,github.com/NickCH-K/causaldata
1952-12-31,Japan: pop,86459025.0,people,github.com/NickCH-K/causaldata
1957-12-31,Japan: pop,91563009.0,people,github.com/NickCH-K/causaldata
1962-12-31,Japan: pop,95831757.0,people,github.com/NickCH-K/causaldata
1967-12-31,Japan: pop,100825279.0,people,github.com/NickCH-K/causaldata
1972-12-31,Japan: pop,107188273.0,people,github.com/NickCH-K/causaldata
1977-12-31,Japan: pop,113872473.0,people,github.com/NickCH-K/causaldata
1982-12-31,Japan: pop,118454974.0,people,github.com/NickCH-K/causaldata
1987-12-31,Japan: pop,122091325.0,people,github.com/NickCH-K/causaldata
1992-12-31,Japan: pop,124329269.0,people,github.com/NickCH-K/causaldata
1997-12-31,Japan: pop,125956499.0,people,github.com/NickCH-K/causaldata
2002-12-31,Japan: pop,127065841.0,people,github.com/NickCH-K/causaldata
2007-12-31,Japan: pop,127467972.0,people,github.com/NickCH-K/causaldata
1952-12-31,Jordan: gdpPercap,1546.907807,"USD per person, inflation-adjusted",github.com/NickCH-K/causaldata
1957-12-31,Jordan: gdpPercap,1886.080591,"USD per person, inflation-adjusted",github.com/NickCH-K/causaldata
1962-12-31,Jordan: gdpPercap,2348.009158,"USD per person, inflation-adjusted",github.com/NickCH-K/causaldata
1967-12-31,Jordan: gdpPercap,2741.796252,"USD per person, inflation-adjusted",github.com/NickCH-K/causaldata
1972-12-31,Jordan: gdpPercap,2110.856309,"USD per person, inflation-adjusted",github.com/NickCH-K/causaldata
1977-12-31,Jordan: gdpPercap,2852.351568,"USD per person, inflation-adjusted",github.com/NickCH-K/causaldata
1982-12-31,Jordan: gdpPercap,4161.415959,"USD per person, inflation-adjusted",github.com/NickCH-K/causaldata
1987-12-31,Jordan: gdpPercap,4448.679912,"USD per person, inflation-adjusted",github.com/NickCH-K/causaldata
1992-12-31,Jordan: gdpPercap,3431.593647,"USD per person, inflation-adjusted",github.com/NickCH-K/causaldata
1997-12-31,Jordan: gdpPercap,3645.379572,"USD per person, inflation-adjusted",github.com/NickCH-K/causaldata
2002-12-31,Jordan: gdpPercap,3844.917194,"USD per person, inflation-adjusted",github.com/NickCH-K/causaldata
2007-12-31,Jordan: gdpPercap,4519.461171,"USD per person, inflation-adjusted",github.com/NickCH-K/causaldata
1952-12-31,Jordan: lifeExp,43.158,years,github.com/NickCH-K/causaldata
1957-12-31,Jordan: lifeExp,45.669,years,github.com/NickCH-K/causaldata
1962-12-31,Jordan: lifeExp,48.126,years,github.com/NickCH-K/causaldata
1967-12-31,Jordan: lifeExp,51.629,years,github.com/NickCH-K/causaldata
1972-12-31,Jordan: lifeExp,56.528,years,github.com/NickCH-K/causaldata
1977-12-31,Jordan: lifeExp,61.134,years,github.com/NickCH-K/causaldata
1982-12-31,Jordan: lifeExp,63.739,years,github.com/NickCH-K/causaldata
1987-12-31,Jordan: lifeExp,65.869,years,github.com/NickCH-K/causaldata
1992-12-31,Jordan: lifeExp,68.015,years,github.com/NickCH-K/causaldata
1997-12-31,Jordan: lifeExp,69.772,years,github.com/NickCH-K/causaldata
2002-12-31,Jordan: lifeExp,71.263,years,github.com/NickCH-K/causaldata
2007-12-31,Jordan: lifeExp,72.535,years,github.com/NickCH-K/causaldata
1952-12-31,Jordan: pop,607914.0,people,github.com/NickCH-K/causaldata
1957-12-31,Jordan: pop,746559.0,people,github.com/NickCH-K/causaldata
1962-12-31,Jordan: pop,933559.0,people,github.com/NickCH-K/causaldata
1967-12-31,Jordan: pop,1255058.0,people,github.com/NickCH-K/causaldata
1972-12-31,Jordan: pop,1613551.0,people,github.com/NickCH-K/causaldata
1977-12-31,Jordan: pop,1937652.0,people,github.com/NickCH-K/causaldata
1982-12-31,Jordan: pop,2347031.0,people,github.com/NickCH-K/causaldata
1987-12-31,Jordan: pop,2820042.0,people,github.com/NickCH-K/causaldata
1992-12-31,Jordan: pop,3867409.0,people,github.com/NickCH-K/causaldata
1997-12-31,Jordan: pop,4526235.0,people,github.com/NickCH-K/causaldata
2002-12-31,Jordan: pop,5307470.0,people,github.com/NickCH-K/causaldata
2007-12-31,Jordan: pop,6053193.0,people,github.com/NickCH-K/causaldata
1952-12-31,Kenya: gdpPercap,853.540919,"USD per person, inflation-adjusted",github.com/NickCH-K/causaldata
1957-12-31,Kenya: gdpPercap,944.4383152,"USD per person, inflation-adjusted",github.com/NickCH-K/causaldata
1962-12-31,Kenya: gdpPercap,896.9663732,"USD per person, inflation-adjusted",github.com/NickCH-K/causaldata
1967-12-31,Kenya: gdpPercap,1056.736457,"USD per person, inflation-adjusted",github.com/NickCH-K/causaldata
1972-12-31,Kenya: gdpPercap,1222.359968,"USD per person, inflation-adjusted",github.com/NickCH-K/causaldata
1977-12-31,Kenya: gdpPercap,1267.613204,"USD per person, inflation-adjusted",github.com/NickCH-K/causaldata
1982-12-31,Kenya: gdpPercap,1348.225791,"USD per person, inflation-adjusted",github.com/NickCH-K/causaldata
1987-12-31,Kenya: gdpPercap,1361.936856,"USD per person, inflation-adjusted",github.com/NickCH-K/causaldata
1992-12-31,Kenya: gdpPercap,1341.921721,"USD per person, inflation-adjusted",github.com/NickCH-K/causaldata
1997-12-31,Kenya: gdpPercap,1360.485021,"USD per person, inflation-adjusted",github.com/NickCH-K/causaldata
2002-12-31,Kenya: gdpPercap,1287.514732,"USD per person, inflation-adjusted",github.com/NickCH-K/causaldata
2007-12-31,Kenya: gdpPercap,1463.249282,"USD per person, inflation-adjusted",github.com/NickCH-K/causaldata
1952-12-31,Kenya: lifeExp,42.27,years,github.com/NickCH-K/causaldata
1957-12-31,Kenya: lifeExp,44.686,years,github.com/NickCH-K/causaldata
1962-12-31,Kenya: lifeExp,47.949,years,github.com/NickCH-K/causaldata
1967-12-31,Kenya: lifeExp,50.654,years,github.com/NickCH-K/causaldata
1972-12-31,Kenya: lifeExp,53.559,years,github.com/NickCH-K/causaldata
1977-12-31,Kenya: lifeExp,56.155,years,github.com/NickCH-K/causaldata
1982-12-31,Kenya: lifeExp,58.766,years,github.com/NickCH-K/causaldata
1987-12-31,Kenya: lifeExp,59.339,years,github.com/NickCH-K/causaldata
1992-12-31,Kenya: lifeExp,59.285,years,github.com/NickCH-K/causaldata
1997-12-31,Kenya: lifeExp,54.407,years,github.com/NickCH-K/causaldata
2002-12-31,Kenya: lifeExp,50.992,years,github.com/NickCH-K/causaldata
2007-12-31,Kenya: lifeExp,54.11,years,github.com/NickCH-K/causaldata
1952-12-31,Kenya: pop,6464046.0,people,github.com/NickCH-K/causaldata
1957-12-31,Kenya: pop,7454779.0,people,github.com/NickCH-K/causaldata
1962-12-31,Kenya: pop,8678557.0,people,github.com/NickCH-K/causaldata
1967-12-31,Kenya: pop,10191512.0,people,github.com/NickCH-K/causaldata
1972-12-31,Kenya: pop,12044785.0,people,github.com/NickCH-K/causaldata
1977-12-31,Kenya: pop,14500404.0,people,github.com/NickCH-K/causaldata
1982-12-31,Kenya: pop,17661452.0,people,github.com/NickCH-K/causaldata
1987-12-31,Kenya: pop,21198082.0,people,github.com/NickCH-K/causaldata
1992-12-31,Kenya: pop,25020539.0,people,github.com/NickCH-K/causaldata
1997-12-31,Kenya: pop,28263827.0,people,github.com/NickCH-K/causaldata
2002-12-31,Kenya: pop,31386842.0,people,github.com/NickCH-K/causaldata
2007-12-31,Kenya: pop,35610177.0,people,github.com/NickCH-K/causaldata
1952-12-31,"Korea, Dem. Rep.: gdpPercap",1088.277758,"USD per person, inflation-adjusted",github.com/NickCH-K/causaldata
1957-12-31,"Korea, Dem. Rep.: gdpPercap",1571.134655,"USD per person, inflation-adjusted",github.com/NickCH-K/causaldata
1962-12-31,"Korea, Dem. Rep.: gdpPercap",1621.693598,"USD per person, inflation-adjusted",github.com/NickCH-K/causaldata
1967-12-31,"Korea, Dem. Rep.: gdpPercap",2143.540609,"USD per person, inflation-adjusted",github.com/NickCH-K/causaldata
1972-12-31,"Korea, Dem. Rep.: gdpPercap",3701.621503,"USD per person, inflation-adjusted",github.com/NickCH-K/causaldata
1977-12-31,"Korea, Dem. Rep.: gdpPercap",4106.301249,"USD per person, inflation-adjusted",github.com/NickCH-K/causaldata
1982-12-31,"Korea, Dem. Rep.: gdpPercap",4106.525293,"USD per person, inflation-adjusted",github.com/NickCH-K/causaldata
1987-12-31,"Korea, Dem. Rep.: gdpPercap",4106.492315,"USD per person, inflation-adjusted",github.com/NickCH-K/causaldata
1992-12-31,"Korea, Dem. Rep.: gdpPercap",3726.063507,"USD per person, inflation-adjusted",github.com/NickCH-K/causaldata
1997-12-31,"Korea, Dem. Rep.: gdpPercap",1690.756814,"USD per person, inflation-adjusted",github.com/NickCH-K/causaldata
2002-12-31,"Korea, Dem. Rep.: gdpPercap",1646.758151,"USD per person, inflation-adjusted",github.com/NickCH-K/causaldata
2007-12-31,"Korea, Dem. Rep.: gdpPercap",1593.06548,"USD per person, inflation-adjusted",github.com/NickCH-K/causaldata
1952-12-31,"Korea, Dem. Rep.: lifeExp",50.056,years,github.com/NickCH-K/causaldata
1957-12-31,"Korea, Dem. Rep.: lifeExp",54.081,years,github.com/NickCH-K/causaldata
1962-12-31,"Korea, Dem. Rep.: lifeExp",56.656,years,github.com/NickCH-K/causaldata
1967-12-31,"Korea, Dem. Rep.: lifeExp",59.942,years,github.com/NickCH-K/causaldata
1972-12-31,"Korea, Dem. Rep.: lifeExp",63.983,years,github.com/NickCH-K/causaldata
1977-12-31,"Korea, Dem. Rep.: lifeExp",67.159,years,github.com/NickCH-K/causaldata
1982-12-31,"Korea, Dem. Rep.: lifeExp",69.1,years,github.com/NickCH-K/causaldata
1987-12-31,"Korea, Dem. Rep.: lifeExp",70.647,years,github.com/NickCH-K/causaldata
1992-12-31,"Korea, Dem. Rep.: lifeExp",69.978,years,github.com/NickCH-K/causaldata
1997-12-31,"Korea, Dem. Rep.: lifeExp",67.727,years,github.com/NickCH-K/causaldata
2002-12-31,"Korea, Dem. Rep.: lifeExp",66.662,years,github.com/NickCH-K/causaldata
2007-12-31,"Korea, Dem. Rep.: lifeExp",67.297,years,github.com/NickCH-K/causaldata
1952-12-31,"Korea, Dem. Rep.: pop",8865488.0,people,github.com/NickCH-K/causaldata
1957-12-31,"Korea, Dem. Rep.: pop",9411381.0,people,github.com/NickCH-K/causaldata
1962-12-31,"Korea, Dem. Rep.: pop",10917494.0,people,github.com/NickCH-K/causaldata
1967-12-31,"Korea, Dem. Rep.: pop",12617009.0,people,github.com/NickCH-K/causaldata
1972-12-31,"Korea, Dem. Rep.: pop",14781241.0,people,github.com/NickCH-K/causaldata
1977-12-31,"Korea, Dem. Rep.: pop",16325320.0,people,github.com/NickCH-K/causaldata
1982-12-31,"Korea, Dem. Rep.: pop",17647518.0,people,github.com/NickCH-K/causaldata
1987-12-31,"Korea, Dem. Rep.: pop",19067554.0,people,github.com/NickCH-K/causaldata
1992-12-31,"Korea, Dem. Rep.: pop",20711375.0,people,github.com/NickCH-K/causaldata
1997-12-31,"Korea, Dem. Rep.: pop",21585105.0,people,github.com/NickCH-K/causaldata
2002-12-31,"Korea, Dem. Rep.: pop",22215365.0,people,github.com/NickCH-K/causaldata
2007-12-31,"Korea, Dem. Rep.: pop",23301725.0,people,github.com/NickCH-K/causaldata
1952-12-31,"Korea, Rep.: gdpPercap",1030.592226,"USD per person, inflation-adjusted",github.com/NickCH-K/causaldata
1957-12-31,"Korea, Rep.: gdpPercap",1487.593537,"USD per person, inflation-adjusted",github.com/NickCH-K/causaldata
1962-12-31,"Korea, Rep.: gdpPercap",1536.344387,"USD per person, inflation-adjusted",github.com/NickCH-K/causaldata
1967-12-31,"Korea, Rep.: gdpPercap",2029.228142,"USD per person, inflation-adjusted",github.com/NickCH-K/causaldata
1972-12-31,"Korea, Rep.: gdpPercap",3030.87665,"USD per person, inflation-adjusted",github.com/NickCH-K/causaldata
1977-12-31,"Korea, Rep.: gdpPercap",4657.22102,"USD per person, inflation-adjusted",github.com/NickCH-K/causaldata
1982-12-31,"Korea, Rep.: gdpPercap",5622.942464,"USD per person, inflation-adjusted",github.com/NickCH-K/causaldata
1987-12-31,"Korea, Rep.: gdpPercap",8533.088805,"USD per person, inflation-adjusted",github.com/NickCH-K/causaldata
1992-12-31,"Korea, Rep.: gdpPercap",12104.27872,"USD per person, inflation-adjusted",github.com/NickCH-K/causaldata
1997-12-31,"Korea, Rep.: gdpPercap",15993.52796,"USD per person, inflation-adjusted",github.com/NickCH-K/causaldata
2002-12-31,"Korea, Rep.: gdpPercap",19233.98818,"USD per person, inflation-adjusted",github.com/NickCH-K/causaldata
2007-12-31,"Korea, Rep.: gdpPercap",23348.13973,"USD per person, inflation-adjusted",github.com/NickCH-K/causaldata
1952-12-31,"Korea, Rep.: lifeExp",47.453,years,github.com/NickCH-K/causaldata
1957-12-31,"Korea, Rep.: lifeExp",52.681,years,github.com/NickCH-K/causaldata
1962-12-31,"Korea, Rep.: lifeExp",55.292,years,github.com/NickCH-K/causaldata
1967-12-31,"Korea, Rep.: lifeExp",57.716,years,github.com/NickCH-K/causaldata
1972-12-31,"Korea, Rep.: lifeExp",62.612,years,github.com/NickCH-K/causaldata
1977-12-31,"Korea, Rep.: lifeExp",64.766,years,github.com/NickCH-K/causaldata
1982-12-31,"Korea, Rep.: lifeExp",67.123,years,github.com/NickCH-K/causaldata
1987-12-31,"Korea, Rep.: lifeExp",69.81,years,github.com/NickCH-K/causaldata
1992-12-31,"Korea, Rep.: lifeExp",72.244,years,github.com/NickCH-K/causaldata
1997-12-31,"Korea, Rep.: lifeExp",74.647,years,github.com/NickCH-K/causaldata
2002-12-31,"Korea, Rep.: lifeExp",77.045,years,github.com/NickCH-K/causaldata
2007-12-31,"Korea, Rep.: lifeExp",78.623,years,github.com/NickCH-K/causaldata
1952-12-31,"Korea, Rep.: pop",20947571.0,people,github.com/NickCH-K/causaldata
1957-12-31,"Korea, Rep.: pop",22611552.0,people,github.com/NickCH-K/causaldata
1962-12-31,"Korea, Rep.: pop",26420307.0,people,github.com/NickCH-K/causaldata
1967-12-31,"Korea, Rep.: pop",30131000.0,people,github.com/NickCH-K/causaldata
1972-12-31,"Korea, Rep.: pop",33505000.0,people,github.com/NickCH-K/causaldata
1977-12-31,"Korea, Rep.: pop",36436000.0,people,github.com/NickCH-K/causaldata
1982-12-31,"Korea, Rep.: pop",39326000.0,people,github.com/NickCH-K/causaldata
1987-12-31,"Korea, Rep.: pop",41622000.0,people,github.com/NickCH-K/causaldata
1992-12-31,"Korea, Rep.: pop",43805450.0,people,github.com/NickCH-K/causaldata
1997-12-31,"Korea, Rep.: pop",46173816.0,people,github.com/NickCH-K/causaldata
2002-12-31,"Korea, Rep.: pop",47969150.0,people,github.com/NickCH-K/causaldata
2007-12-31,"Korea, Rep.: pop",49044790.0,people,github.com/NickCH-K/causaldata
1952-12-31,Kuwait: gdpPercap,108382.3529,"USD per person, inflation-adjusted",github.com/NickCH-K/causaldata
1957-12-31,Kuwait: gdpPercap,113523.1329,"USD per person, inflation-adjusted",github.com/NickCH-K/causaldata
1962-12-31,Kuwait: gdpPercap,95458.11176,"USD per person, inflation-adjusted",github.com/NickCH-K/causaldata
1967-12-31,Kuwait: gdpPercap,80894.88326,"USD per person, inflation-adjusted",github.com/NickCH-K/causaldata
1972-12-31,Kuwait: gdpPercap,109347.867,"USD per person, inflation-adjusted",github.com/NickCH-K/causaldata
1977-12-31,Kuwait: gdpPercap,59265.47714,"USD per person, inflation-adjusted",github.com/NickCH-K/causaldata
1982-12-31,Kuwait: gdpPercap,31354.03573,"USD per person, inflation-adjusted",github.com/NickCH-K/causaldata
1987-12-31,Kuwait: gdpPercap,28118.42998,"USD per person, inflation-adjusted",github.com/NickCH-K/causaldata
1992-12-31,Kuwait: gdpPercap,34932.91959,"USD per person, inflation-adjusted",github.com/NickCH-K/causaldata
1997-12-31,Kuwait: gdpPercap,40300.61996,"USD per person, inflation-adjusted",github.com/NickCH-K/causaldata
2002-12-31,Kuwait: gdpPercap,35110.10566,"USD per person, inflation-adjusted",github.com/NickCH-K/causaldata
2007-12-31,Kuwait: gdpPercap,47306.98978,"USD per person, inflation-adjusted",github.com/NickCH-K/causaldata
1952-12-31,Kuwait: lifeExp,55.565,years,github.com/NickCH-K/causaldata
1957-12-31,Kuwait: lifeExp,58.033,years,github.com/NickCH-K/causaldata
1962-12-31,Kuwait: lifeExp,60.47,years,github.com/NickCH-K/causaldata
1967-12-31,Kuwait: lifeExp,64.624,years,github.com/NickCH-K/causaldata
1972-12-31,Kuwait: lifeExp,67.712,years,github.com/NickCH-K/causaldata
1977-12-31,Kuwait: lifeExp,69.343,years,github.com/NickCH-K/causaldata
1982-12-31,Kuwait: lifeExp,71.309,years,github.com/NickCH-K/causaldata
1987-12-31,Kuwait: lifeExp,74.174,years,github.com/NickCH-K/causaldata
1992-12-31,Kuwait: lifeExp,75.19,years,github.com/NickCH-K/causaldata
1997-12-31,Kuwait: lifeExp,76.156,years,github.com/NickCH-K/causaldata
2002-12-31,Kuwait: lifeExp,76.904,years,github.com/NickCH-K/causaldata
2007-12-31,Kuwait: lifeExp,77.588,years,github.com/NickCH-K/causaldata
1952-12-31,Kuwait: pop,160000.0,people,github.com/NickCH-K/causaldata
1957-12-31,Kuwait: pop,212846.0,people,github.com/NickCH-K/causaldata
1962-12-31,Kuwait: pop,358266.0,people,github.com/NickCH-K/causaldata
1967-12-31,Kuwait: pop,575003.0,people,github.com/NickCH-K/causaldata
1972-12-31,Kuwait: pop,841934.0,people,github.com/NickCH-K/causaldata
1977-12-31,Kuwait: pop,1140357.0,people,github.com/NickCH-K/causaldata
1982-12-31,Kuwait: pop,1497494.0,people,github.com/NickCH-K/causaldata
1987-12-31,Kuwait: pop,1891487.0,people,github.com/NickCH-K/causaldata
1992-12-31,Kuwait: pop,1418095.0,people,github.com/NickCH-K/causaldata
1997-12-31,Kuwait: pop,1765345.0,people,github.com/NickCH-K/causaldata
2002-12-31,Kuwait: pop,2111561.0,people,github.com/NickCH-K/causaldata
2007-12-31,Kuwait: pop,2505559.0,people,github.com/NickCH-K/causaldata
1952-12-31,Lebanon: gdpPercap,4834.804067,"USD per person, inflation-adjusted",github.com/NickCH-K/causaldata
1957-12-31,Lebanon: gdpPercap,6089.786934,"USD per person, inflation-adjusted",github.com/NickCH-K/causaldata
1962-12-31,Lebanon: gdpPercap,5714.560611,"USD per person, inflation-adjusted",github.com/NickCH-K/causaldata
1967-12-31,Lebanon: gdpPercap,6006.983042,"USD per person, inflation-adjusted",github.com/NickCH-K/causaldata
1972-12-31,Lebanon: gdpPercap,7486.384341,"USD per person, inflation-adjusted",github.com/NickCH-K/causaldata
1977-12-31,Lebanon: gdpPercap,8659.696836,"USD per person, inflation-adjusted",github.com/NickCH-K/causaldata
1982-12-31,Lebanon: gdpPercap,7640.519521,"USD per person, inflation-adjusted",github.com/NickCH-K/causaldata
1987-12-31,Lebanon: gdpPercap,5377.091329,"USD per person, inflation-adjusted",github.com/NickCH-K/causaldata
1992-12-31,Lebanon: gdpPercap,6890.806854,"USD per person, inflation-adjusted",github.com/NickCH-K/causaldata
1997-12-31,Lebanon: gdpPercap,8754.96385,"USD per person, inflation-adjusted",github.com/NickCH-K/causaldata
2002-12-31,Lebanon: gdpPercap,9313.93883,"USD per person, inflation-adjusted",github.com/NickCH-K/causaldata
2007-12-31,Lebanon: gdpPercap,10461.05868,"USD per person, inflation-adjusted",github.com/NickCH-K/causaldata
1952-12-31,Lebanon: lifeExp,55.928,years,github.com/NickCH-K/causaldata
1957-12-31,Lebanon: lifeExp,59.489,years,github.com/NickCH-K/causaldata
1962-12-31,Lebanon: lifeExp,62.094,years,github.com/NickCH-K/causaldata
1967-12-31,Lebanon: lifeExp,63.87,years,github.com/NickCH-K/causaldata
1972-12-31,Lebanon: lifeExp,65.421,years,github.com/NickCH-K/causaldata
1977-12-31,Lebanon: lifeExp,66.099,years,github.com/NickCH-K/causaldata
1982-12-31,Lebanon: lifeExp,66.983,years,github.com/NickCH-K/causaldata
1987-12-31,Lebanon: lifeExp,67.926,years,github.com/NickCH-K/causaldata
1992-12-31,Lebanon: lifeExp,69.292,years,github.com/NickCH-K/causaldata
1997-12-31,Lebanon: lifeExp,70.265,years,github.com/NickCH-K/causaldata
2002-12-31,Lebanon: lifeExp,71.028,years,github.com/NickCH-K/causaldata
2007-12-31,Lebanon: lifeExp,71.993,years,github.com/NickCH-K/causaldata
1952-12-31,Lebanon: pop,1439529.0,people,github.com/NickCH-K/causaldata
1957-12-31,Lebanon: pop,1647412.0,people,github.com/NickCH-K/causaldata
1962-12-31,Lebanon: pop,1886848.0,people,github.com/NickCH-K/causaldata
1967-12-31,Lebanon: pop,2186894.0,people,github.com/NickCH-K/causaldata
1972-12-31,Lebanon: pop,2680018.0,people,github.com/NickCH-K/causaldata
1977-12-31,Lebanon: pop,3115787.0,people,github.com/NickCH-K/causaldata
1982-12-31,Lebanon: pop,3086876.0,people,github.com/NickCH-K/causaldata
1987-12-31,Lebanon: pop,3089353.0,people,github.com/NickCH-K/causaldata
1992-12-31,Lebanon: pop,3219994.0,people,github.com/NickCH-K/causaldata
1997-12-31,Lebanon: pop,3430388.0,people,github.com/NickCH-K/causaldata
2002-12-31,Lebanon: pop,3677780.0,people,github.com/NickCH-K/causaldata
2007-12-31,Lebanon: pop,3921278.0,people,github.com/NickCH-K/causaldata
1952-12-31,Lesotho: gdpPercap,298.8462121,"USD per person, inflation-adjusted",github.com/NickCH-K/causaldata
1957-12-31,Lesotho: gdpPercap,335.9971151,"USD per person, inflation-adjusted",github.com/NickCH-K/causaldata
1962-12-31,Lesotho: gdpPercap,411.8006266,"USD per person, inflation-adjusted",github.com/NickCH-K/causaldata
1967-12-31,Lesotho: gdpPercap,498.6390265,"USD per person, inflation-adjusted",github.com/NickCH-K/causaldata
1972-12-31,Lesotho: gdpPercap,496.5815922,"USD per person, inflation-adjusted",github.com/NickCH-K/causaldata
1977-12-31,Lesotho: gdpPercap,745.3695408,"USD per person, inflation-adjusted",github.com/NickCH-K/causaldata
1982-12-31,Lesotho: gdpPercap,797.2631074,"USD per person, inflation-adjusted",github.com/NickCH-K/causaldata
1987-12-31,Lesotho: gdpPercap,773.9932141,"USD per person, inflation-adjusted",github.com/NickCH-K/causaldata
1992-12-31,Lesotho: gdpPercap,977.4862725,"USD per person, inflation-adjusted",github.com/NickCH-K/causaldata
1997-12-31,Lesotho: gdpPercap,1186.147994,"USD per person, inflation-adjusted",github.com/NickCH-K/causaldata
2002-12-31,Lesotho: gdpPercap,1275.184575,"USD per person, inflation-adjusted",github.com/NickCH-K/causaldata
2007-12-31,Lesotho: gdpPercap,1569.331442,"USD per person, inflation-adjusted",github.com/NickCH-K/causaldata
1952-12-31,Lesotho: lifeExp,42.138,years,github.com/NickCH-K/causaldata
1957-12-31,Lesotho: lifeExp,45.047,years,github.com/NickCH-K/causaldata
1962-12-31,Lesotho: lifeExp,47.747,years,github.com/NickCH-K/causaldata
1967-12-31,Lesotho: lifeExp,48.492,years,github.com/NickCH-K/causaldata
1972-12-31,Lesotho: lifeExp,49.767,years,github.com/NickCH-K/causaldata
1977-12-31,Lesotho: lifeExp,52.208,years,github.com/NickCH-K/causaldata
1982-12-31,Lesotho: lifeExp,55.078,years,github.com/NickCH-K/causaldata
1987-12-31,Lesotho: lifeExp,57.18,years,github.com/NickCH-K/causaldata
1992-12-31,Lesotho: lifeExp,59.685,years,github.com/NickCH-K/causaldata
1997-12-31,Lesotho: lifeExp,55.558,years,github.com/NickCH-K/causaldata
2002-12-31,Lesotho: lifeExp,44.593,years,github.com/NickCH-K/causaldata
2007-12-31,Lesotho: lifeExp,42.592,years,github.com/NickCH-K/causaldata
1952-12-31,Lesotho: pop,748747.0,people,github.com/NickCH-K/causaldata
1957-12-31,Lesotho: pop,813338.0,people,github.com/NickCH-K/causaldata
1962-12-31,Lesotho: pop,893143.0,people,github.com/NickCH-K/causaldata
1967-12-31,Lesotho: pop,996380.0,people,github.com/NickCH-K/causaldata
1972-12-31,Lesotho: pop,1116779.0,people,github.com/NickCH-K/causaldata
1977-12-31,Lesotho: pop,1251524.0,people,github.com/NickCH-K/causaldata
1982-12-31,Lesotho: pop,1411807.0,people,github.com/NickCH-K/causaldata
1987-12-31,Lesotho: pop,1599200.0,people,github.com/NickCH-K/causaldata
1992-12-31,Lesotho: pop,1803195.0,people,github.com/NickCH-K/causaldata
1997-12-31,Lesotho: pop,1982823.0,people,github.com/NickCH-K/causaldata
2002-12-31,Lesotho: pop,2046772.0,people,github.com/NickCH-K/causaldata
2007-12-31,Lesotho: pop,2012649.0,people,github.com/NickCH-K/causaldata
1952-12-31,Liberia: gdpPercap,575.5729961,"USD per person, inflation-adjusted",github.com/NickCH-K/causaldata
1957-12-31,Liberia: gdpPercap,620.9699901,"USD per person, inflation-adjusted",github.com/NickCH-K/causaldata
1962-12-31,Liberia: gdpPercap,634.1951625,"USD per person, inflation-adjusted",github.com/NickCH-K/causaldata
1967-12-31,Liberia: gdpPercap,713.6036483,"USD per person, inflation-adjusted",github.com/NickCH-K/causaldata
1972-12-31,Liberia: gdpPercap,803.0054535,"USD per person, inflation-adjusted",github.com/NickCH-K/causaldata
1977-12-31,Liberia: gdpPercap,640.3224383,"USD per person, inflation-adjusted",github.com/NickCH-K/causaldata
1982-12-31,Liberia: gdpPercap,572.1995694,"USD per person, inflation-adjusted",github.com/NickCH-K/causaldata
1987-12-31,Liberia: gdpPercap,506.1138573,"USD per person, inflation-adjusted",github.com/NickCH-K/causaldata
1992-12-31,Liberia: gdpPercap,636.6229191,"USD per person, inflation-adjusted",github.com/NickCH-K/causaldata
1997-12-31,Liberia: gdpPercap,609.1739508,"USD per person, inflation-adjusted",github.com/NickCH-K/causaldata
2002-12-31,Liberia: gdpPercap,531.4823679,"USD per person, inflation-adjusted",github.com/NickCH-K/causaldata
2007-12-31,Liberia: gdpPercap,414.5073415,"USD per person, inflation-adjusted",github.com/NickCH-K/causaldata
1952-12-31,Liberia: lifeExp,38.48,years,github.com/NickCH-K/causaldata
1957-12-31,Liberia: lifeExp,39.486,years,github.com/NickCH-K/causaldata
1962-12-31,Liberia: lifeExp,40.502,years,github.com/NickCH-K/causaldata
1967-12-31,Liberia: lifeExp,41.536,years,github.com/NickCH-K/causaldata
1972-12-31,Liberia: lifeExp,42.614,years,github.com/NickCH-K/causaldata
1977-12-31,Liberia: lifeExp,43.764,years,github.com/NickCH-K/causaldata
1982-12-31,Liberia: lifeExp,44.852,years,github.com/NickCH-K/causaldata
1987-12-31,Liberia: lifeExp,46.027,years,github.com/NickCH-K/causaldata
1992-12-31,Liberia: lifeExp,40.802,years,github.com/NickCH-K/causaldata
1997-12-31,Liberia: lifeExp,42.221,years,github.com/NickCH-K/causaldata
2002-12-31,Liberia: lifeExp,43.753,years,github.com/NickCH-K/causaldata
2007-12-31,Liberia: lifeExp,45.678,years,github.com/NickCH-K/causaldata
1952-12-31,Liberia: pop,863308.0,people,github.com/NickCH-K/causaldata
1957-12-31,Liberia: pop,975950.0,people,github.com/NickCH-K/causaldata
1962-12-31,Liberia: pop,1112796.0,people,github.com/NickCH-K/causaldata
1967-12-31,Liberia: pop,1279406.0,people,github.com/NickCH-K/causaldata
1972-12-31,Liberia: pop,1482628.0,people,github.com/NickCH-K/causaldata
1977-12-31,Liberia: pop,1703617.0,people,github.com/NickCH-K/causaldata
1982-12-31,Liberia: pop,1956875.0,people,github.com/NickCH-K/causaldata
1987-12-31,Liberia: pop,2269414.0,people,github.com/NickCH-K/causaldata
1992-12-31,Liberia: pop,1912974.0,people,github.com/NickCH-K/causaldata
1997-12-31,Liberia: pop,2200725.0,people,github.com/NickCH-K/causaldata
2002-12-31,Liberia: pop,2814651.0,people,github.com/NickCH-K/causaldata
2007-12-31,Liberia: pop,3193942.0,people,github.com/NickCH-K/causaldata
1952-12-31,Libya: gdpPercap,2387.54806,"USD per person, inflation-adjusted",github.com/NickCH-K/causaldata
1957-12-31,Libya: gdpPercap,3448.284395,"USD per person, inflation-adjusted",github.com/NickCH-K/causaldata
1962-12-31,Libya: gdpPercap,6757.030816,"USD per person, inflation-adjusted",github.com/NickCH-K/causaldata
1967-12-31,Libya: gdpPercap,18772.75169,"USD per person, inflation-adjusted",github.com/NickCH-K/causaldata
1972-12-31,Libya: gdpPercap,21011.49721,"USD per person, inflation-adjusted",github.com/NickCH-K/causaldata
1977-12-31,Libya: gdpPercap,21951.21176,"USD per person, inflation-adjusted",github.com/NickCH-K/causaldata
1982-12-31,Libya: gdpPercap,17364.27538,"USD per person, inflation-adjusted",github.com/NickCH-K/causaldata
1987-12-31,Libya: gdpPercap,11770.5898,"USD per person, inflation-adjusted",github.com/NickCH-K/causaldata
1992-12-31,Libya: gdpPercap,9640.138501,"USD per person, inflation-adjusted",github.com/NickCH-K/causaldata
1997-12-31,Libya: gdpPercap,9467.446056,"USD per person, inflation-adjusted",github.com/NickCH-K/causaldata
2002-12-31,Libya: gdpPercap,9534.677467,"USD per person, inflation-adjusted",github.com/NickCH-K/causaldata
2007-12-31,Libya: gdpPercap,12057.49928,"USD per person, inflation-adjusted",github.com/NickCH-K/causaldata
1952-12-31,Libya: lifeExp,42.723,years,github.com/NickCH-K/causaldata
1957-12-31,Libya: lifeExp,45.289,years,github.com/NickCH-K/causaldata
1962-12-31,Libya: lifeExp,47.808,years,github.com/NickCH-K/causaldata
1967-12-31,Libya: lifeExp,50.227,years,github.com/NickCH-K/causaldata
1972-12-31,Libya: lifeExp,52.773,years,github.com/NickCH-K/causaldata
1977-12-31,Libya: lifeExp,57.442,years,github.com/NickCH-K/causaldata
1982-12-31,Libya: lifeExp,62.155,years,github.com/NickCH-K/causaldata
1987-12-31,Libya: lifeExp,66.234,years,github.com/NickCH-K/causaldata
1992-12-31,Libya: lifeExp,68.755,years,github.com/NickCH-K/causaldata
1997-12-31,Libya: lifeExp,71.555,years,github.com/NickCH-K/causaldata
2002-12-31,Libya: lifeExp,72.737,years,github.com/NickCH-K/causaldata
2007-12-31,Libya: lifeExp,73.952,years,github.com/NickCH-K/causaldata
1952-12-31,Libya: pop,1019729.0,people,github.com/NickCH-K/causaldata
1957-12-31,Libya: pop,1201578.0,people,github.com/NickCH-K/causaldata
1962-12-31,Libya: pop,1441863.0,people,github.com/NickCH-K/causaldata
1967-12-31,Libya: pop,1759224.0,people,github.com/NickCH-K/causaldata
1972-12-31,Libya: pop,2183877.0,people,github.com/NickCH-K/causaldata
1977-12-31,Libya: pop,2721783.0,people,github.com/NickCH-K/causaldata
1982-12-31,Libya: pop,3344074.0,people,github.com/NickCH-K/causaldata
1987-12-31,Libya: pop,3799845.0,people,github.com/NickCH-K/causaldata
1992-12-31,Libya: pop,4364501.0,people,github.com/NickCH-K/causaldata
1997-12-31,Libya: pop,4759670.0,people,github.com/NickCH-K/causaldata
2002-12-31,Libya: pop,5368585.0,people,github.com/NickCH-K/causaldata
2007-12-31,Libya: pop,6036914.0,people,github.com/NickCH-K/causaldata
1952-12-31,Madagascar: gdpPercap,1443.011715,"USD per person, inflation-adjusted",github.com/NickCH-K/causaldata
1957-12-31,Madagascar: gdpPercap,1589.20275,"USD per person, inflation-adjusted",github.com/NickCH-K/causaldata
1962-12-31,Madagascar: gdpPercap,1643.38711,"USD per person, inflation-adjusted",github.com/NickCH-K/causaldata
1967-12-31,Madagascar: gdpPercap,1634.047282,"USD per person, inflation-adjusted",github.com/NickCH-K/causaldata
1972-12-31,Madagascar: gdpPercap,1748.562982,"USD per person, inflation-adjusted",github.com/NickCH-K/causaldata
1977-12-31,Madagascar: gdpPercap,1544.228586,"USD per person, inflation-adjusted",github.com/NickCH-K/causaldata
1982-12-31,Madagascar: gdpPercap,1302.878658,"USD per person, inflation-adjusted",github.com/NickCH-K/causaldata
1987-12-31,Madagascar: gdpPercap,1155.441948,"USD per person, inflation-adjusted",github.com/NickCH-K/causaldata
1992-12-31,Madagascar: gdpPercap,1040.67619,"USD per person, inflation-adjusted",github.com/NickCH-K/causaldata
1997-12-31,Madagascar: gdpPercap,986.2958956,"USD per person, inflation-adjusted",github.com/NickCH-K/causaldata
2002-12-31,Madagascar: gdpPercap,894.6370822,"USD per person, inflation-adjusted",github.com/NickCH-K/causaldata
2007-12-31,Madagascar: gdpPercap,1044.770126,"USD per person, inflation-adjusted",github.com/NickCH-K/causaldata
1952-12-31,Madagascar: lifeExp,36.681,years,github.com/NickCH-K/causaldata
1957-12-31,Madagascar: lifeExp,38.865,years,github.com/NickCH-K/causaldata
1962-12-31,Madagascar: lifeExp,40.848,years,github.com/NickCH-K/causaldata
1967-12-31,Madagascar: lifeExp,42.881,years,github.com/NickCH-K/causaldata
1972-12-31,Madagascar: lifeExp,44.851,years,github.com/NickCH-K/causaldata
1977-12-31,Madagascar: lifeExp,46.881,years,github.com/NickCH-K/causaldata
1982-12-31,Madagascar: lifeExp,48.969,years,github.com/NickCH-K/causaldata
1987-12-31,Madagascar: lifeExp,49.35,years,github.com/NickCH-K/causaldata
1992-12-31,Madagascar: lifeExp,52.214,years,github.com/NickCH-K/causaldata
1997-12-31,Madagascar: lifeExp,54.978,years,github.com/NickCH-K/causaldata
2002-12-31,Madagascar: lifeExp,57.286,years,github.com/NickCH-K/causaldata
2007-12-31,Madagascar: lifeExp,59.443,years,github.com/NickCH-K/causaldata
1952-12-31,Madagascar: pop,4762912.0,people,github.com/NickCH-K/causaldata
1957-12-31,Madagascar: pop,5181679.0,people,github.com/NickCH-K/causaldata
1962-12-31,Madagascar: pop,5703324.0,people,github.com/NickCH-K/causaldata
1967-12-31,Madagascar: pop,6334556.0,people,github.com/NickCH-K/causaldata
1972-12-31,Madagascar: pop,7082430.0,people,github.com/NickCH-K/causaldata
1977-12-31,Madagascar: pop,8007166.0,people,github.com/NickCH-K/causaldata
1982-12-31,Madagascar: pop,9171477.0,people,github.com/NickCH-K/causaldata
1987-12-31,Madagascar: pop,10568642.0,people,github.com/NickCH-K/causaldata
1992-12-31,Madagascar: pop,12210395.0,people,github.com/NickCH-K/causaldata
1997-12-31,Madagascar: pop,14165114.0,people,github.com/NickCH-K/causaldata
2002-12-31,Madagascar: pop,16473477.0,people,github.com/NickCH-K/causaldata
2007-12-31,Madagascar: pop,19167654.0,people,github.com/NickCH-K/causaldata
1952-12-31,Malawi: gdpPercap,369.1650802,"USD per person, inflation-adjusted",github.com/NickCH-K/causaldata
1957-12-31,Malawi: gdpPercap,416.3698064,"USD per person, inflation-adjusted",github.com/NickCH-K/causaldata
1962-12-31,Malawi: gdpPercap,427.9010856,"USD per person, inflation-adjusted",github.com/NickCH-K/causaldata
1967-12-31,Malawi: gdpPercap,495.5147806,"USD per person, inflation-adjusted",github.com/NickCH-K/causaldata
1972-12-31,Malawi: gdpPercap,584.6219709,"USD per person, inflation-adjusted",github.com/NickCH-K/causaldata
1977-12-31,Malawi: gdpPercap,663.2236766,"USD per person, inflation-adjusted",github.com/NickCH-K/causaldata
1982-12-31,Malawi: gdpPercap,632.8039209,"USD per person, inflation-adjusted",github.com/NickCH-K/causaldata
1987-12-31,Malawi: gdpPercap,635.5173634,"USD per person, inflation-adjusted",github.com/NickCH-K/causaldata
1992-12-31,Malawi: gdpPercap,563.2000145,"USD per person, inflation-adjusted",github.com/NickCH-K/causaldata
1997-12-31,Malawi: gdpPercap,692.2758103,"USD per person, inflation-adjusted",github.com/NickCH-K/causaldata
2002-12-31,Malawi: gdpPercap,665.4231186,"USD per person, inflation-adjusted",github.com/NickCH-K/causaldata
2007-12-31,Malawi: gdpPercap,759.3499101,"USD per person, inflation-adjusted",github.com/NickCH-K/causaldata
1952-12-31,Malawi: lifeExp,36.256,years,github.com/NickCH-K/causaldata
1957-12-31,Malawi: lifeExp,37.207,years,github.com/NickCH-K/causaldata
1962-12-31,Malawi: lifeExp,38.41,years,github.com/NickCH-K/causaldata
1967-12-31,Malawi: lifeExp,39.487,years,github.com/NickCH-K/causaldata
1972-12-31,Malawi: lifeExp,41.766,years,github.com/NickCH-K/causaldata
1977-12-31,Malawi: lifeExp,43.767,years,github.com/NickCH-K/causaldata
1982-12-31,Malawi: lifeExp,45.642,years,github.com/NickCH-K/causaldata
1987-12-31,Malawi: lifeExp,47.457,years,github.com/NickCH-K/causaldata
1992-12-31,Malawi: lifeExp,49.42,years,github.com/NickCH-K/causaldata
1997-12-31,Malawi: lifeExp,47.495,years,github.com/NickCH-K/causaldata
2002-12-31,Malawi: lifeExp,45.009,years,github.com/NickCH-K/causaldata
2007-12-31,Malawi: lifeExp,48.303,years,github.com/NickCH-K/causaldata
1952-12-31,Malawi: pop,2917802.0,people,github.com/NickCH-K/causaldata
1957-12-31,Malawi: pop,3221238.0,people,github.com/NickCH-K/causaldata
1962-12-31,Malawi: pop,3628608.0,people,github.com/NickCH-K/causaldata
1967-12-31,Malawi: pop,4147252.0,people,github.com/NickCH-K/causaldata
1972-12-31,Malawi: pop,4730997.0,people,github.com/NickCH-K/causaldata
1977-12-31,Malawi: pop,5637246.0,people,github.com/NickCH-K/causaldata
1982-12-31,Malawi: pop,6502825.0,people,github.com/NickCH-K/causaldata
1987-12-31,Malawi: pop,7824747.0,people,github.com/NickCH-K/causaldata
1992-12-31,Malawi: pop,10014249.0,people,github.com/NickCH-K/causaldata
1997-12-31,Malawi: pop,10419991.0,people,github.com/NickCH-K/causaldata
2002-12-31,Malawi: pop,11824495.0,people,github.com/NickCH-K/causaldata
2007-12-31,Malawi: pop,13327079.0,people,github.com/NickCH-K/causaldata
1952-12-31,Malaysia: gdpPercap,1831.132894,"USD per person, inflation-adjusted",github.com/NickCH-K/causaldata
1957-12-31,Malaysia: gdpPercap,1810.066992,"USD per person, inflation-adjusted",github.com/NickCH-K/causaldata
1962-12-31,Malaysia: gdpPercap,2036.884944,"USD per person, inflation-adjusted",github.com/NickCH-K/causaldata
1967-12-31,Malaysia: gdpPercap,2277.742396,"USD per person, inflation-adjusted",github.com/NickCH-K/causaldata
1972-12-31,Malaysia: gdpPercap,2849.09478,"USD per person, inflation-adjusted",github.com/NickCH-K/causaldata
1977-12-31,Malaysia: gdpPercap,3827.921571,"USD per person, inflation-adjusted",github.com/NickCH-K/causaldata
1982-12-31,Malaysia: gdpPercap,4920.355951,"USD per person, inflation-adjusted",github.com/NickCH-K/causaldata
1987-12-31,Malaysia: gdpPercap,5249.802653,"USD per person, inflation-adjusted",github.com/NickCH-K/causaldata
1992-12-31,Malaysia: gdpPercap,7277.912802,"USD per person, inflation-adjusted",github.com/NickCH-K/causaldata
1997-12-31,Malaysia: gdpPercap,10132.90964,"USD per person, inflation-adjusted",github.com/NickCH-K/causaldata
2002-12-31,Malaysia: gdpPercap,10206.97794,"USD per person, inflation-adjusted",github.com/NickCH-K/causaldata
2007-12-31,Malaysia: gdpPercap,12451.6558,"USD per person, inflation-adjusted",github.com/NickCH-K/causaldata
1952-12-31,Malaysia: lifeExp,48.463,years,github.com/NickCH-K/causaldata
1957-12-31,Malaysia: lifeExp,52.102,years,github.com/NickCH-K/causaldata
1962-12-31,Malaysia: lifeExp,55.737,years,github.com/NickCH-K/causaldata
1967-12-31,Malaysia: lifeExp,59.371,years,github.com/NickCH-K/causaldata
1972-12-31,Malaysia: lifeExp,63.01,years,github.com/NickCH-K/causaldata
1977-12-31,Malaysia: lifeExp,65.256,years,github.com/NickCH-K/causaldata
1982-12-31,Malaysia: lifeExp,68.0,years,github.com/NickCH-K/causaldata
1987-12-31,Malaysia: lifeExp,69.5,years,github.com/NickCH-K/causaldata
1992-12-31,Malaysia: lifeExp,70.693,years,github.com/NickCH-K/causaldata
1997-12-31,Malaysia: lifeExp,71.938,years,github.com/NickCH-K/causaldata
2002-12-31,Malaysia: lifeExp,73.044,years,github.com/NickCH-K/causaldata
2007-12-31,Malaysia: lifeExp,74.241,years,github.com/NickCH-K/causaldata
1952-12-31,Malaysia: pop,6748378.0,people,github.com/NickCH-K/causaldata
1957-12-31,Malaysia: pop,7739235.0,people,github.com/NickCH-K/causaldata
1962-12-31,Malaysia: pop,8906385.0,people,github.com/NickCH-K/causaldata
1967-12-31,Malaysia: pop,10154878.0,people,github.com/NickCH-K/causaldata
1972-12-31,Malaysia: pop,11441462.0,people,github.com/NickCH-K/causaldata
1977-12-31,Malaysia: pop,12845381.0,people,github.com/NickCH-K/causaldata
1982-12-31,Malaysia: pop,14441916.0,people,github.com/NickCH-K/causaldata
1987-12-31,Malaysia: pop,16331785.0,people,github.com/NickCH-K/causaldata
1992-12-31,Malaysia: pop,18319502.0,people,github.com/NickCH-K/causaldata
1997-12-31,Malaysia: pop,20476091.0,people,github.com/NickCH-K/causaldata
2002-12-31,Malaysia: pop,22662365.0,people,github.com/NickCH-K/causaldata
2007-12-31,Malaysia: pop,24821286.0,people,github.com/NickCH-K/causaldata
1952-12-31,Mali: gdpPercap,452.3369807,"USD per person, inflation-adjusted",github.com/NickCH-K/causaldata
1957-12-31,Mali: gdpPercap,490.3821867,"USD per person, inflation-adjusted",github.com/NickCH-K/causaldata
1962-12-31,Mali: gdpPercap,496.1743428,"USD per person, inflation-adjusted",github.com/NickCH-K/causaldata
1967-12-31,Mali: gdpPercap,545.0098873,"USD per person, inflation-adjusted",github.com/NickCH-K/causaldata
1972-12-31,Mali: gdpPercap,581.3688761,"USD per person, inflation-adjusted",github.com/NickCH-K/causaldata
1977-12-31,Mali: gdpPercap,686.3952693,"USD per person, inflation-adjusted",github.com/NickCH-K/causaldata
1982-12-31,Mali: gdpPercap,618.0140641,"USD per person, inflation-adjusted",github.com/NickCH-K/causaldata
1987-12-31,Mali: gdpPercap,684.1715576,"USD per person, inflation-adjusted",github.com/NickCH-K/causaldata
1992-12-31,Mali: gdpPercap,739.014375,"USD per person, inflation-adjusted",github.com/NickCH-K/causaldata
1997-12-31,Mali: gdpPercap,790.2579846,"USD per person, inflation-adjusted",github.com/NickCH-K/causaldata
2002-12-31,Mali: gdpPercap,951.4097518,"USD per person, inflation-adjusted",github.com/NickCH-K/causaldata
2007-12-31,Mali: gdpPercap,1042.581557,"USD per person, inflation-adjusted",github.com/NickCH-K/causaldata
1952-12-31,Mali: lifeExp,33.685,years,github.com/NickCH-K/causaldata
1957-12-31,Mali: lifeExp,35.307,years,github.com/NickCH-K/causaldata
1962-12-31,Mali: lifeExp,36.936,years,github.com/NickCH-K/causaldata
1967-12-31,Mali: lifeExp,38.487,years,github.com/NickCH-K/causaldata
1972-12-31,Mali: lifeExp,39.977,years,github.com/NickCH-K/causaldata
1977-12-31,Mali: lifeExp,41.714,years,github.com/NickCH-K/causaldata
1982-12-31,Mali: lifeExp,43.916,years,github.com/NickCH-K/causaldata
1987-12-31,Mali: lifeExp,46.364,years,github.com/NickCH-K/causaldata
1992-12-31,Mali: lifeExp,48.388,years,github.com/NickCH-K/causaldata
1997-12-31,Mali: lifeExp,49.903,years,github.com/NickCH-K/causaldata
2002-12-31,Mali: lifeExp,51.818,years,github.com/NickCH-K/causaldata
2007-12-31,Mali: lifeExp,54.467,years,github.com/NickCH-K/causaldata
1952-12-31,Mali: pop,3838168.0,people,github.com/NickCH-K/causaldata
1957-12-31,Mali: pop,4241884.0,people,github.com/NickCH-K/causaldata
1962-12-31,Mali: pop,4690372.0,people,github.com/NickCH-K/causaldata
1967-12-31,Mali: pop,5212416.0,people,github.com/NickCH-K/causaldata
1972-12-31,Mali: pop,5828158.0,people,github.com/NickCH-K/causaldata
1977-12-31,Mali: pop,6491649.0,people,github.com/NickCH-K/causaldata
1982-12-31,Mali: pop,6998256.0,people,github.com/NickCH-K/causaldata
1987-12-31,Mali: pop,7634008.0,people,github.com/NickCH-K/causaldata
1992-12-31,Mali: pop,8416215.0,people,github.com/NickCH-K/causaldata
1997-12-31,Mali: pop,9384984.0,people,github.com/NickCH-K/causaldata
2002-12-31,Mali: pop,10580176.0,people,github.com/NickCH-K/causaldata
2007-12-31,Mali: pop,12031795.0,people,github.com/NickCH-K/causaldata
1952-12-31,Mauritania: gdpPercap,743.1159097,"USD per person, inflation-adjusted",github.com/NickCH-K/causaldata
1957-12-31,Mauritania: gdpPercap,846.1202613,"USD per person, inflation-adjusted",github.com/NickCH-K/causaldata
1962-12-31,Mauritania: gdpPercap,1055.896036,"USD per person, inflation-adjusted",github.com/NickCH-K/causaldata
1967-12-31,Mauritania: gdpPercap,1421.145193,"USD per person, inflation-adjusted",github.com/NickCH-K/causaldata
1972-12-31,Mauritania: gdpPercap,1586.851781,"USD per person, inflation-adjusted",github.com/NickCH-K/causaldata
1977-12-31,Mauritania: gdpPercap,1497.492223,"USD per person, inflation-adjusted",github.com/NickCH-K/causaldata
1982-12-31,Mauritania: gdpPercap,1481.150189,"USD per person, inflation-adjusted",github.com/NickCH-K/causaldata
1987-12-31,Mauritania: gdpPercap,1421.603576,"USD per person, inflation-adjusted",github.com/NickCH-K/causaldata
1992-12-31,Mauritania: gdpPercap,1361.369784,"USD per person, inflation-adjusted",github.com/NickCH-K/causaldata
1997-12-31,Mauritania: gdpPercap,1483.136136,"USD per person, inflation-adjusted",github.com/NickCH-K/causaldata
2002-12-31,Mauritania: gdpPercap,1579.019543,"USD per person, inflation-adjusted",github.com/NickCH-K/causaldata
2007-12-31,Mauritania: gdpPercap,1803.151496,"USD per person, inflation-adjusted",github.com/NickCH-K/causaldata
1952-12-31,Mauritania: lifeExp,40.543,years,github.com/NickCH-K/causaldata
1957-12-31,Mauritania: lifeExp,42.338,years,github.com/NickCH-K/causaldata
1962-12-31,Mauritania: lifeExp,44.248,years,github.com/NickCH-K/causaldata
1967-12-31,Mauritania: lifeExp,46.289,years,github.com/NickCH-K/causaldata
1972-12-31,Mauritania: lifeExp,48.437,years,github.com/NickCH-K/causaldata
1977-12-31,Mauritania: lifeExp,50.852,years,github.com/NickCH-K/causaldata
1982-12-31,Mauritania: lifeExp,53.599,years,github.com/NickCH-K/causaldata
1987-12-31,Mauritania: lifeExp,56.145,years,github.com/NickCH-K/causaldata
1992-12-31,Mauritania: lifeExp,58.333,years,github.com/NickCH-K/causaldata
1997-12-31,Mauritania: lifeExp,60.43,years,github.com/NickCH-K/causaldata
2002-12-31,Mauritania: lifeExp,62.247,years,github.com/NickCH-K/causaldata
2007-12-31,Mauritania: lifeExp,64.164,years,github.com/NickCH-K/causaldata
1952-12-31,Mauritania: pop,1022556.0,people,github.com/NickCH-K/causaldata
1957-12-31,Mauritania: pop,1076852.0,people,github.com/NickCH-K/causaldata
1962-12-31,Mauritania: pop,1146757.0,people,github.com/NickCH-K/causaldata
1967-12-31,Mauritania: pop,1230542.0,people,github.com/NickCH-K/causaldata
1972-12-31,Mauritania: pop,1332786.0,people,github.com/NickCH-K/causaldata
1977-12-31,Mauritania: pop,1456688.0,people,github.com/NickCH-K/causaldata
1982-12-31,Mauritania: pop,1622136.0,people,github.com/NickCH-K/causaldata
1987-12-31,Mauritania: pop,1841240.0,people,github.com/NickCH-K/causaldata
1992-12-31,Mauritania: pop,2119465.0,people,github.com/NickCH-K/causaldata
1997-12-31,Mauritania: pop,2444741.0,people,github.com/NickCH-K/causaldata
2002-12-31,Mauritania: pop,2828858.0,people,github.com/NickCH-K/causaldata
2007-12-31,Mauritania: pop,3270065.0,people,github.com/NickCH-K/causaldata
1952-12-31,Mauritius: gdpPercap,1967.955707,"USD per person, inflation-adjusted",github.com/NickCH-K/causaldata
1957-12-31,Mauritius: gdpPercap,2034.037981,"USD per person, inflation-adjusted",github.com/NickCH-K/causaldata
1962-12-31,Mauritius: gdpPercap,2529.067487,"USD per person, inflation-adjusted",github.com/NickCH-K/causaldata
1967-12-31,Mauritius: gdpPercap,2475.387562,"USD per person, inflation-adjusted",github.com/NickCH-K/causaldata
1972-12-31,Mauritius: gdpPercap,2575.484158,"USD per person, inflation-adjusted",github.com/NickCH-K/causaldata
1977-12-31,Mauritius: gdpPercap,3710.982963,"USD per person, inflation-adjusted",github.com/NickCH-K/causaldata
1982-12-31,Mauritius: gdpPercap,3688.037739,"USD per person, inflation-adjusted",github.com/NickCH-K/causaldata
1987-12-31,Mauritius: gdpPercap,4783.586903,"USD per person, inflation-adjusted",github.com/NickCH-K/causaldata
1992-12-31,Mauritius: gdpPercap,6058.253846,"USD per person, inflation-adjusted",github.com/NickCH-K/causaldata
1997-12-31,Mauritius: gdpPercap,7425.705295,"USD per person, inflation-adjusted",github.com/NickCH-K/causaldata
2002-12-31,Mauritius: gdpPercap,9021.815894,"USD per person, inflation-adjusted",github.com/NickCH-K/causaldata
2007-12-31,Mauritius: gdpPercap,10956.99112,"USD per person, inflation-adjusted",github.com/NickCH-K/causaldata
1952-12-31,Mauritius: lifeExp,50.986,years,github.com/NickCH-K/causaldata
1957-12-31,Mauritius: lifeExp,58.089,years,github.com/NickCH-K/causaldata
1962-12-31,Mauritius: lifeExp,60.246,years,github.com/NickCH-K/causaldata
1967-12-31,Mauritius: lifeExp,61.557,years,github.com/NickCH-K/causaldata
1972-12-31,Mauritius: lifeExp,62.944,years,github.com/NickCH-K/causaldata
1977-12-31,Mauritius: lifeExp,64.93,years,github.com/NickCH-K/causaldata
1982-12-31,Mauritius: lifeExp,66.711,years,github.com/NickCH-K/causaldata
1987-12-31,Mauritius: lifeExp,68.74,years,github.com/NickCH-K/causaldata
1992-12-31,Mauritius: lifeExp,69.745,years,github.com/NickCH-K/causaldata
1997-12-31,Mauritius: lifeExp,70.736,years,github.com/NickCH-K/causaldata
2002-12-31,Mauritius: lifeExp,71.954,years,github.com/NickCH-K/causaldata
2007-12-31,Mauritius: lifeExp,72.801,years,github.com/NickCH-K/causaldata
1952-12-31,Mauritius: pop,516556.0,people,github.com/NickCH-K/causaldata
1957-12-31,Mauritius: pop,609816.0,people,github.com/NickCH-K/causaldata
1962-12-31,Mauritius: pop,701016.0,people,github.com/NickCH-K/causaldata
1967-12-31,Mauritius: pop,789309.0,people,github.com/NickCH-K/causaldata
1972-12-31,Mauritius: pop,851334.0,people,github.com/NickCH-K/causaldata
1977-12-31,Mauritius: pop,913025.0,people,github.com/NickCH-K/causaldata
1982-12-31,Mauritius: pop,992040.0,people,github.com/NickCH-K/causaldata
1987-12-31,Mauritius: pop,1042663.0,people,github.com/NickCH-K/causaldata
1992-12-31,Mauritius: pop,1096202.0,people,github.com/NickCH-K/causaldata
1997-12-31,Mauritius: pop,1149818.0,people,github.com/NickCH-K/causaldata
2002-12-31,Mauritius: pop,1200206.0,people,github.com/NickCH-K/causaldata
2007-12-31,Mauritius: pop,1250882.0,people,github.com/NickCH-K/causaldata
1952-12-31,Mexico: gdpPercap,3478.125529,"USD per person, inflation-adjusted",github.com/NickCH-K/causaldata
1957-12-31,Mexico: gdpPercap,4131.546641,"USD per person, inflation-adjusted",github.com/NickCH-K/causaldata
1962-12-31,Mexico: gdpPercap,4581.609385,"USD per person, inflation-adjusted",github.com/NickCH-K/causaldata
1967-12-31,Mexico: gdpPercap,5754.733883,"USD per person, inflation-adjusted",github.com/NickCH-K/causaldata
1972-12-31,Mexico: gdpPercap,6809.40669,"USD per person, inflation-adjusted",github.com/NickCH-K/causaldata
1977-12-31,Mexico: gdpPercap,7674.929108,"USD per person, inflation-adjusted",github.com/NickCH-K/causaldata
1982-12-31,Mexico: gdpPercap,9611.147541,"USD per person, inflation-adjusted",github.com/NickCH-K/causaldata
1987-12-31,Mexico: gdpPercap,8688.156003,"USD per person, inflation-adjusted",github.com/NickCH-K/causaldata
1992-12-31,Mexico: gdpPercap,9472.384295,"USD per person, inflation-adjusted",github.com/NickCH-K/causaldata
1997-12-31,Mexico: gdpPercap,9767.29753,"USD per person, inflation-adjusted",github.com/NickCH-K/causaldata
2002-12-31,Mexico: gdpPercap,10742.44053,"USD per person, inflation-adjusted",github.com/NickCH-K/causaldata
2007-12-31,Mexico: gdpPercap,11977.57496,"USD per person, inflation-adjusted",github.com/NickCH-K/causaldata
1952-12-31,Mexico: lifeExp,50.789,years,github.com/NickCH-K/causaldata
1957-12-31,Mexico: lifeExp,55.19,years,github.com/NickCH-K/causaldata
1962-12-31,Mexico: lifeExp,58.299,years,github.com/NickCH-K/causaldata
1967-12-31,Mexico: lifeExp,60.11,years,github.com/NickCH-K/causaldata
1972-12-31,Mexico: lifeExp,62.361,years,github.com/NickCH-K/causaldata
1977-12-31,Mexico: lifeExp,65.032,years,github.com/NickCH-K/causaldata
1982-12-31,Mexico: lifeExp,67.405,years,github.com/NickCH-K/causaldata
1987-12-31,Mexico: lifeExp,69.498,years,github.com/NickCH-K/causaldata
1992-12-31,Mexico: lifeExp,71.455,years,github.com/NickCH-K/causaldata
1997-12-31,Mexico: lifeExp,73.67,years,github.com/NickCH-K/causaldata
2002-12-31,Mexico: lifeExp,74.902,years,github.com/NickCH-K/causaldata
2007-12-31,Mexico: lifeExp,76.195,years,github.com/NickCH-K/causaldata
1952-12-31,Mexico: pop,30144317.0,people,github.com/NickCH-K/causaldata
1957-12-31,Mexico: pop,35015548.0,people,github.com/NickCH-K/causaldata
1962-12-31,Mexico: pop,41121485.0,people,github.com/NickCH-K/causaldata
1967-12-31,Mexico: pop,47995559.0,people,github.com/NickCH-K/causaldata
1972-12-31,Mexico: pop,55984294.0,people,github.com/NickCH-K/causaldata
1977-12-31,Mexico: pop,63759976.0,people,github.com/NickCH-K/causaldata
1982-12-31,Mexico: pop,71640904.0,people,github.com/NickCH-K/causaldata
1987-12-31,Mexico: pop,80122492.0,people,github.com/NickCH-K/causaldata
1992-12-31,Mexico: pop,88111030.0,people,github.com/NickCH-K/causaldata
1997-12-31,Mexico: pop,95895146.0,people,github.com/NickCH-K/causaldata
2002-12-31,Mexico: pop,102479927.0,people,github.com/NickCH-K/causaldata
2007-12-31,Mexico: pop,108700891.0,people,github.com/NickCH-K/causaldata
1952-12-31,Mongolia: gdpPercap,786.5668575,"USD per person, inflation-adjusted",github.com/NickCH-K/causaldata
1957-12-31,Mongolia: gdpPercap,912.6626085,"USD per person, inflation-adjusted",github.com/NickCH-K/causaldata
1962-12-31,Mongolia: gdpPercap,1056.353958,"USD per person, inflation-adjusted",github.com/NickCH-K/causaldata
1967-12-31,Mongolia: gdpPercap,1226.04113,"USD per person, inflation-adjusted",github.com/NickCH-K/causaldata
1972-12-31,Mongolia: gdpPercap,1421.741975,"USD per person, inflation-adjusted",github.com/NickCH-K/causaldata
1977-12-31,Mongolia: gdpPercap,1647.511665,"USD per person, inflation-adjusted",github.com/NickCH-K/causaldata
1982-12-31,Mongolia: gdpPercap,2000.603139,"USD per person, inflation-adjusted",github.com/NickCH-K/causaldata
1987-12-31,Mongolia: gdpPercap,2338.008304,"USD per person, inflation-adjusted",github.com/NickCH-K/causaldata
1992-12-31,Mongolia: gdpPercap,1785.402016,"USD per person, inflation-adjusted",github.com/NickCH-K/causaldata
1997-12-31,Mongolia: gdpPercap,1902.2521,"USD per person, inflation-adjusted",github.com/NickCH-K/causaldata
2002-12-31,Mongolia: gdpPercap,2140.739323,"USD per person, inflation-adjusted",github.com/NickCH-K/causaldata
2007-12-31,Mongolia: gdpPercap,3095.772271,"USD per person, inflation-adjusted",github.com/NickCH-K/causaldata
1952-12-31,Mongolia: lifeExp,42.244,years,github.com/NickCH-K/causaldata
1957-12-31,Mongolia: lifeExp,45.248,years,github.com/NickCH-K/causaldata
1962-12-31,Mongolia: lifeExp,48.251,years,github.com/NickCH-K/causaldata
1967-12-31,Mongolia: lifeExp,51.253,years,github.com/NickCH-K/causaldata
1972-12-31,Mongolia: lifeExp,53.754,years,github.com/NickCH-K/causaldata
1977-12-31,Mongolia: lifeExp,55.491,years,github.com/NickCH-K/causaldata
1982-12-31,Mongolia: lifeExp,57.489,years,github.com/NickCH-K/causaldata
1987-12-31,Mongolia: lifeExp,60.222,years,github.com/NickCH-K/causaldata
1992-12-31,Mongolia: lifeExp,61.271,years,github.com/NickCH-K/causaldata
1997-12-31,Mongolia: lifeExp,63.625,years,github.com/NickCH-K/causaldata
2002-12-31,Mongolia: lifeExp,65.033,years,github.com/NickCH-K/causaldata
2007-12-31,Mongolia: lifeExp,66.803,years,github.com/NickCH-K/causaldata
1952-12-31,Mongolia: pop,800663.0,people,github.com/NickCH-K/causaldata
1957-12-31,Mongolia: pop,882134.0,people,github.com/NickCH-K/causaldata
1962-12-31,Mongolia: pop,1010280.0,people,github.com/NickCH-K/causaldata
1967-12-31,Mongolia: pop,1149500.0,people,github.com/NickCH-K/causaldata
1972-12-31,Mongolia: pop,1320500.0,people,github.com/NickCH-K/causaldata
1977-12-31,Mongolia: pop,1528000.0,people,github.com/NickCH-K/causaldata
1982-12-31,Mongolia: pop,1756032.0,people,github.com/NickCH-K/causaldata
1987-12-31,Mongolia: pop,2015133.0,people,github.com/NickCH-K/causaldata
1992-12-31,Mongolia: pop,2312802.0,people,github.com/NickCH-K/causaldata
1997-12-31,Mongolia: pop,2494803.0,people,github.com/NickCH-K/causaldata
2002-12-31,Mongolia: pop,2674234.0,people,github.com/NickCH-K/causaldata
2007-12-31,Mongolia: pop,2874127.0,people,github.com/NickCH-K/causaldata
1952-12-31,Montenegro: gdpPercap,2647.585601,"USD per person, inflation-adjusted",github.com/NickCH-K/causaldata
1957-12-31,Montenegro: gdpPercap,3682.259903,"USD per person, inflation-adjusted",github.com/NickCH-K/causaldata
1962-12-31,Montenegro: gdpPercap,4649.593785,"USD per person, inflation-adjusted",github.com/NickCH-K/causaldata
1967-12-31,Montenegro: gdpPercap,5907.850937,"USD per person, inflation-adjusted",github.com/NickCH-K/causaldata
1972-12-31,Montenegro: gdpPercap,7778.414017,"USD per person, inflation-adjusted",github.com/NickCH-K/causaldata
1977-12-31,Montenegro: gdpPercap,9595.929905,"USD per person, inflation-adjusted",github.com/NickCH-K/causaldata
1982-12-31,Montenegro: gdpPercap,11222.58762,"USD per person, inflation-adjusted",github.com/NickCH-K/causaldata
1987-12-31,Montenegro: gdpPercap,11732.51017,"USD per person, inflation-adjusted",github.com/NickCH-K/causaldata
1992-12-31,Montenegro: gdpPercap,7003.339037,"USD per person, inflation-adjusted",github.com/NickCH-K/causaldata
1997-12-31,Montenegro: gdpPercap,6465.613349,"USD per person, inflation-adjusted",github.com/NickCH-K/causaldata
2002-12-31,Montenegro: gdpPercap,6557.194282,"USD per person, inflation-adjusted",github.com/NickCH-K/causaldata
2007-12-31,Montenegro: gdpPercap,9253.896111,"USD per person, inflation-adjusted",github.com/NickCH-K/causaldata
1952-12-31,Montenegro: lifeExp,59.164,years,github.com/NickCH-K/causaldata
1957-12-31,Montenegro: lifeExp,61.448,years,github.com/NickCH-K/causaldata
1962-12-31,Montenegro: lifeExp,63.728,years,github.com/NickCH-K/causaldata
1967-12-31,Montenegro: lifeExp,67.178,years,github.com/NickCH-K/causaldata
1972-12-31,Montenegro: lifeExp,70.636,years,github.com/NickCH-K/causaldata
1977-12-31,Montenegro: lifeExp,73.066,years,github.com/NickCH-K/causaldata
1982-12-31,Montenegro: lifeExp,74.101,years,github.com/NickCH-K/causaldata
1987-12-31,Montenegro: lifeExp,74.865,years,github.com/NickCH-K/causaldata
1992-12-31,Montenegro: lifeExp,75.435,years,github.com/NickCH-K/causaldata
1997-12-31,Montenegro: lifeExp,75.445,years,github.com/NickCH-K/causaldata
2002-12-31,Montenegro: lifeExp,73.981,years,github.com/NickCH-K/causaldata
2007-12-31,Montenegro: lifeExp,74.543,years,github.com/NickCH-K/causaldata
1952-12-31,Montenegro: pop,413834.0,people,github.com/NickCH-K/causaldata
1957-12-31,Montenegro: pop,442829.0,people,github.com/NickCH-K/causaldata
1962-12-31,Montenegro: pop,474528.0,people,github.com/NickCH-K/causaldata
1967-12-31,Montenegro: pop,501035.0,people,github.com/NickCH-K/causaldata
1972-12-31,Montenegro: pop,527678.0,people,github.com/NickCH-K/causaldata
1977-12-31,Montenegro: pop,560073.0,people,github.com/NickCH-K/causaldata
1982-12-31,Montenegro: pop,562548.0,people,github.com/NickCH-K/causaldata
1987-12-31,Montenegro: pop,569473.0,people,github.com/NickCH-K/causaldata
1992-12-31,Montenegro: pop,621621.0,people,github.com/NickCH-K/causaldata
1997-12-31,Montenegro: pop,692651.0,people,github.com/NickCH-K/causaldata
2002-12-31,Montenegro: pop,720230.0,people,github.com/NickCH-K/causaldata
2007-12-31,Montenegro: pop,684736.0,people,github.com/NickCH-K/causaldata
1952-12-31,Morocco: gdpPercap,1688.20357,"USD per person, inflation-adjusted",github.com/NickCH-K/causaldata
1957-12-31,Morocco: gdpPercap,1642.002314,"USD per person, inflation-adjusted",github.com/NickCH-K/causaldata
1962-12-31,Morocco: gdpPercap,1566.353493,"USD per person, inflation-adjusted",github.com/NickCH-K/causaldata
1967-12-31,Morocco: gdpPercap,1711.04477,"USD per person, inflation-adjusted",github.com/NickCH-K/causaldata
1972-12-31,Morocco: gdpPercap,1930.194975,"USD per person, inflation-adjusted",github.com/NickCH-K/causaldata
1977-12-31,Morocco: gdpPercap,2370.619976,"USD per person, inflation-adjusted",github.com/NickCH-K/causaldata
1982-12-31,Morocco: gdpPercap,2702.620356,"USD per person, inflation-adjusted",github.com/NickCH-K/causaldata
1987-12-31,Morocco: gdpPercap,2755.046991,"USD per person, inflation-adjusted",github.com/NickCH-K/causaldata
1992-12-31,Morocco: gdpPercap,2948.047252,"USD per person, inflation-adjusted",github.com/NickCH-K/causaldata
1997-12-31,Morocco: gdpPercap,2982.101858,"USD per person, inflation-adjusted",github.com/NickCH-K/causaldata
2002-12-31,Morocco: gdpPercap,3258.495584,"USD per person, inflation-adjusted",github.com/NickCH-K/causaldata
2007-12-31,Morocco: gdpPercap,3820.17523,"USD per person, inflation-adjusted",github.com/NickCH-K/causaldata
1952-12-31,Morocco: lifeExp,42.873,years,github.com/NickCH-K/causaldata
1957-12-31,Morocco: lifeExp,45.423,years,github.com/NickCH-K/causaldata
1962-12-31,Morocco: lifeExp,47.924,years,github.com/NickCH-K/causaldata
1967-12-31,Morocco: lifeExp,50.335,years,github.com/NickCH-K/causaldata
1972-12-31,Morocco: lifeExp,52.862,years,github.com/NickCH-K/causaldata
1977-12-31,Morocco: lifeExp,55.73,years,github.com/NickCH-K/causaldata
1982-12-31,Morocco: lifeExp,59.65,years,github.com/NickCH-K/causaldata
1987-12-31,Morocco: lifeExp,62.677,years,github.com/NickCH-K/causaldata
1992-12-31,Morocco: lifeExp,65.393,years,github.com/NickCH-K/causaldata
1997-12-31,Morocco: lifeExp,67.66,years,github.com/NickCH-K/causaldata
2002-12-31,Morocco: lifeExp,69.615,years,github.com/NickCH-K/causaldata
2007-12-31,Morocco: lifeExp,71.164,years,github.com/NickCH-K/causaldata
1952-12-31,Morocco: pop,9939217.0,people,github.com/NickCH-K/causaldata
1957-12-31,Morocco: pop,11406350.0,people,github.com/NickCH-K/causaldata
1962-12-31,Morocco: pop,13056604.0,people,github.com/NickCH-K/causaldata
1967-12-31,Morocco: pop,14770296.0,people,github.com/NickCH-K/causaldata
1972-12-31,Morocco: pop,16660670.0,people,github.com/NickCH-K/causaldata
1977-12-31,Morocco: pop,18396941.0,people,github.com/NickCH-K/causaldata
1982-12-31,Morocco: pop,20198730.0,people,github.com/NickCH-K/causaldata
1987-12-31,Morocco: pop,22987397.0,people,github.com/NickCH-K/causaldata
1992-12-31,Morocco: pop,25798239.0,people,github.com/NickCH-K/causaldata
1997-12-31,Morocco: pop,28529501.0,people,github.com/NickCH-K/causaldata
2002-12-31,Morocco: pop,31167783.0,people,github.com/NickCH-K/causaldata
2007-12-31,Morocco: pop,33757175.0,people,github.com/NickCH-K/causaldata
1952-12-31,Mozambique: gdpPercap,468.5260381,"USD per person, inflation-adjusted",github.com/NickCH-K/causaldata
1957-12-31,Mozambique: gdpPercap,495.5868333,"USD per person, inflation-adjusted",github.com/NickCH-K/causaldata
1962-12-31,Mozambique: gdpPercap,556.6863539,"USD per person, inflation-adjusted",github.com/NickCH-K/causaldata
1967-12-31,Mozambique: gdpPercap,566.6691539,"USD per person, inflation-adjusted",github.com/NickCH-K/causaldata
1972-12-31,Mozambique: gdpPercap,724.9178037,"USD per person, inflation-adjusted",github.com/NickCH-K/causaldata
1977-12-31,Mozambique: gdpPercap,502.3197334,"USD per person, inflation-adjusted",github.com/NickCH-K/causaldata
1982-12-31,Mozambique: gdpPercap,462.2114149,"USD per person, inflation-adjusted",github.com/NickCH-K/causaldata
1987-12-31,Mozambique: gdpPercap,389.8761846,"USD per person, inflation-adjusted",github.com/NickCH-K/causaldata
1992-12-31,Mozambique: gdpPercap,410.8968239,"USD per person, inflation-adjusted",github.com/NickCH-K/causaldata
1997-12-31,Mozambique: gdpPercap,472.3460771,"USD per person, inflation-adjusted",github.com/NickCH-K/causaldata
2002-12-31,Mozambique: gdpPercap,633.6179466,"USD per person, inflation-adjusted",github.com/NickCH-K/causaldata
2007-12-31,Mozambique: gdpPercap,823.6856205,"USD per person, inflation-adjusted",github.com/NickCH-K/causaldata
1952-12-31,Mozambique: lifeExp,31.286,years,github.com/NickCH-K/causaldata
1957-12-31,Mozambique: lifeExp,33.779,years,github.com/NickCH-K/causaldata
1962-12-31,Mozambique: lifeExp,36.161,years,github.com/NickCH-K/causaldata
1967-12-31,Mozambique: lifeExp,38.113,years,github.com/NickCH-K/causaldata
1972-12-31,Mozambique: lifeExp,40.328,years,github.com/NickCH-K/causaldata
1977-12-31,Mozambique: lifeExp,42.495,years,github.com/NickCH-K/causaldata
1982-12-31,Mozambique: lifeExp,42.795,years,github.com/NickCH-K/causaldata
1987-12-31,Mozambique: lifeExp,42.861,years,github.com/NickCH-K/causaldata
1992-12-31,Mozambique: lifeExp,44.284,years,github.com/NickCH-K/causaldata
1997-12-31,Mozambique: lifeExp,46.344,years,github.com/NickCH-K/causaldata
2002-12-31,Mozambique: lifeExp,44.026,years,github.com/NickCH-K/causaldata
2007-12-31,Mozambique: lifeExp,42.082,years,github.com/NickCH-K/causaldata
1952-12-31,Mozambique: pop,6446316.0,people,github.com/NickCH-K/causaldata
1957-12-31,Mozambique: pop,7038035.0,people,github.com/NickCH-K/causaldata
1962-12-31,Mozambique: pop,7788944.0,people,github.com/NickCH-K/causaldata
1967-12-31,Mozambique: pop,8680909.0,people,github.com/NickCH-K/causaldata
1972-12-31,Mozambique: pop,9809596.0,people,github.com/NickCH-K/causaldata
1977-12-31,Mozambique: pop,11127868.0,people,github.com/NickCH-K/causaldata
1982-12-31,Mozambique: pop,12587223.0,people,github.com/NickCH-K/causaldata
1987-12-31,Mozambique: pop,12891952.0,people,github.com/NickCH-K/causaldata
1992-12-31,Mozambique: pop,13160731.0,people,github.com/NickCH-K/causaldata
1997-12-31,Mozambique: pop,16603334.0,people,github.com/NickCH-K/causaldata
2002-12-31,Mozambique: pop,18473780.0,people,github.com/NickCH-K/causaldata
2007-12-31,Mozambique: pop,19951656.0,people,github.com/NickCH-K/causaldata
1952-12-31,Myanmar: gdpPercap,331.0,"USD per person, inflation-adjusted",github.com/NickCH-K/causaldata
1957-12-31,Myanmar: gdpPercap,350.0,"USD per person, inflation-adjusted",github.com/NickCH-K/causaldata
1962-12-31,Myanmar: gdpPercap,388.0,"USD per person, inflation-adjusted",github.com/NickCH-K/causaldata
1967-12-31,Myanmar: gdpPercap,349.0,"USD per person, inflation-adjusted",github.com/NickCH-K/causaldata
1972-12-31,Myanmar: gdpPercap,357.0,"USD per person, inflation-adjusted",github.com/NickCH-K/causaldata
1977-12-31,Myanmar: gdpPercap,371.0,"USD per person, inflation-adjusted",github.com/NickCH-K/causaldata
1982-12-31,Myanmar: gdpPercap,424.0,"USD per person, inflation-adjusted",github.com/NickCH-K/causaldata
1987-12-31,Myanmar: gdpPercap,385.0,"USD per person, inflation-adjusted",github.com/NickCH-K/causaldata
1992-12-31,Myanmar: gdpPercap,347.0,"USD per person, inflation-adjusted",github.com/NickCH-K/causaldata
1997-12-31,Myanmar: gdpPercap,415.0,"USD per person, inflation-adjusted",github.com/NickCH-K/causaldata
2002-12-31,Myanmar: gdpPercap,611.0,"USD per person, inflation-adjusted",github.com/NickCH-K/causaldata
2007-12-31,Myanmar: gdpPercap,944.0,"USD per person, inflation-adjusted",github.com/NickCH-K/causaldata
1952-12-31,Myanmar: lifeExp,36.319,years,github.com/NickCH-K/causaldata
1957-12-31,Myanmar: lifeExp,41.905,years,github.com/NickCH-K/causaldata
1962-12-31,Myanmar: lifeExp,45.108,years,github.com/NickCH-K/causaldata
1967-12-31,Myanmar: lifeExp,49.379,years,github.com/NickCH-K/causaldata
1972-12-31,Myanmar: lifeExp,53.07,years,github.com/NickCH-K/causaldata
1977-12-31,Myanmar: lifeExp,56.059,years,github.com/NickCH-K/causaldata
1982-12-31,Myanmar: lifeExp,58.056,years,github.com/NickCH-K/causaldata
1987-12-31,Myanmar: lifeExp,58.339,years,github.com/NickCH-K/causaldata
1992-12-31,Myanmar: lifeExp,59.32,years,github.com/NickCH-K/causaldata
1997-12-31,Myanmar: lifeExp,60.328,years,github.com/NickCH-K/causaldata
2002-12-31,Myanmar: lifeExp,59.908,years,github.com/NickCH-K/causaldata
2007-12-31,Myanmar: lifeExp,62.069,years,github.com/NickCH-K/causaldata
1952-12-31,Myanmar: pop,20092996.0,people,github.com/NickCH-K/causaldata
1957-12-31,Myanmar: pop,21731844.0,people,github.com/NickCH-K/causaldata
1962-12-31,Myanmar: pop,23634436.0,people,github.com/NickCH-K/causaldata
1967-12-31,Myanmar: pop,25870271.0,people,github.com/NickCH-K/causaldata
1972-12-31,Myanmar: pop,28466390.0,people,github.com/NickCH-K/causaldata
1977-12-31,Myanmar: pop,31528087.0,people,github.com/NickCH-K/causaldata
1982-12-31,Myanmar: pop,34680442.0,people,github.com/NickCH-K/causaldata
1987-12-31,Myanmar: pop,38028578.0,people,github.com/NickCH-K/causaldata
1992-12-31,Myanmar: pop,40546538.0,people,github.com/NickCH-K/causaldata
1997-12-31,Myanmar: pop,43247867.0,people,github.com/NickCH-K/causaldata
2002-12-31,Myanmar: pop,45598081.0,people,github.com/NickCH-K/causaldata
2007-12-31,Myanmar: pop,47761980.0,people,github.com/NickCH-K/causaldata
1952-12-31,Namibia: gdpPercap,2423.780443,"USD per person, inflation-adjusted",github.com/NickCH-K/causaldata
1957-12-31,Namibia: gdpPercap,2621.448058,"USD per person, inflation-adjusted",github.com/NickCH-K/causaldata
1962-12-31,Namibia: gdpPercap,3173.215595,"USD per person, inflation-adjusted",github.com/NickCH-K/causaldata
1967-12-31,Namibia: gdpPercap,3793.694753,"USD per person, inflation-adjusted",github.com/NickCH-K/causaldata
1972-12-31,Namibia: gdpPercap,3746.080948,"USD per person, inflation-adjusted",github.com/NickCH-K/causaldata
1977-12-31,Namibia: gdpPercap,3876.485958,"USD per person, inflation-adjusted",github.com/NickCH-K/causaldata
1982-12-31,Namibia: gdpPercap,4191.100511,"USD per person, inflation-adjusted",github.com/NickCH-K/causaldata
1987-12-31,Namibia: gdpPercap,3693.731337,"USD per person, inflation-adjusted",github.com/NickCH-K/causaldata
1992-12-31,Namibia: gdpPercap,3804.537999,"USD per person, inflation-adjusted",github.com/NickCH-K/causaldata
1997-12-31,Namibia: gdpPercap,3899.52426,"USD per person, inflation-adjusted",github.com/NickCH-K/causaldata
2002-12-31,Namibia: gdpPercap,4072.324751,"USD per person, inflation-adjusted",github.com/NickCH-K/causaldata
2007-12-31,Namibia: gdpPercap,4811.060429,"USD per person, inflation-adjusted",github.com/NickCH-K/causaldata
1952-12-31,Namibia: lifeExp,41.725,years,github.com/NickCH-K/causaldata
1957-12-31,Namibia: lifeExp,45.226,years,github.com/NickCH-K/causaldata
1962-12-31,Namibia: lifeExp,48.386,years,github.com/NickCH-K/causaldata
1967-12-31,Namibia: lifeExp,51.159,years,github.com/NickCH-K/causaldata
1972-12-31,Namibia: lifeExp,53.867,years,github.com/NickCH-K/causaldata
1977-12-31,Namibia: lifeExp,56.437,years,github.com/NickCH-K/causaldata
1982-12-31,Namibia: lifeExp,58.968,years,github.com/NickCH-K/causaldata
1987-12-31,Namibia: lifeExp,60.835,years,github.com/NickCH-K/causaldata
1992-12-31,Namibia: lifeExp,61.999,years,github.com/NickCH-K/causaldata
1997-12-31,Namibia: lifeExp,58.909,years,github.com/NickCH-K/causaldata
2002-12-31,Namibia: lifeExp,51.479,years,github.com/NickCH-K/causaldata
2007-12-31,Namibia: lifeExp,52.906,years,github.com/NickCH-K/causaldata
1952-12-31,Namibia: pop,485831.0,people,github.com/NickCH-K/causaldata
1957-12-31,Namibia: pop,548080.0,people,github.com/NickCH-K/causaldata
1962-12-31,Namibia: pop,621392.0,people,github.com/NickCH-K/causaldata
1967-12-31,Namibia: pop,706640.0,people,github.com/NickCH-K/causaldata
1972-12-31,Namibia: pop,821782.0,people,github.com/NickCH-K/causaldata
1977-12-31,Namibia: pop,977026.0,people,github.com/NickCH-K/causaldata
1982-12-31,Namibia: pop,1099010.0,people,github.com/NickCH-K/causaldata
1987-12-31,Namibia: pop,1278184.0,people,github.com/NickCH-K/causaldata
1992-12-31,Namibia: pop,1554253.0,people,github.com/NickCH-K/causaldata
1997-12-31,Namibia: pop,1774766.0,people,github.com/NickCH-K/causaldata
2002-12-31,Namibia: pop,1972153.0,people,github.com/NickCH-K/causaldata
2007-12-31,Namibia: pop,2055080.0,people,github.com/NickCH-K/causaldata
1952-12-31,Nepal: gdpPercap,545.8657229,"USD per person, inflation-adjusted",github.com/NickCH-K/causaldata
1957-12-31,Nepal: gdpPercap,597.9363558,"USD per person, inflation-adjusted",github.com/NickCH-K/causaldata
1962-12-31,Nepal: gdpPercap,652.3968593,"USD per person, inflation-adjusted",github.com/NickCH-K/causaldata
1967-12-31,Nepal: gdpPercap,676.4422254,"USD per person, inflation-adjusted",github.com/NickCH-K/causaldata
1972-12-31,Nepal: gdpPercap,674.7881296,"USD per person, inflation-adjusted",github.com/NickCH-K/causaldata
1977-12-31,Nepal: gdpPercap,694.1124398,"USD per person, inflation-adjusted",github.com/NickCH-K/causaldata
1982-12-31,Nepal: gdpPercap,718.3730947,"USD per person, inflation-adjusted",github.com/NickCH-K/causaldata
1987-12-31,Nepal: gdpPercap,775.6324501,"USD per person, inflation-adjusted",github.com/NickCH-K/causaldata
1992-12-31,Nepal: gdpPercap,897.7403604,"USD per person, inflation-adjusted",github.com/NickCH-K/causaldata
1997-12-31,Nepal: gdpPercap,1010.892138,"USD per person, inflation-adjusted",github.com/NickCH-K/causaldata
2002-12-31,Nepal: gdpPercap,1057.206311,"USD per person, inflation-adjusted",github.com/NickCH-K/causaldata
2007-12-31,Nepal: gdpPercap,1091.359778,"USD per person, inflation-adjusted",github.com/NickCH-K/causaldata
1952-12-31,Nepal: lifeExp,36.157,years,github.com/NickCH-K/causaldata
1957-12-31,Nepal: lifeExp,37.686,years,github.com/NickCH-K/causaldata
1962-12-31,Nepal: lifeExp,39.393,years,github.com/NickCH-K/causaldata
1967-12-31,Nepal: lifeExp,41.472,years,github.com/NickCH-K/causaldata
1972-12-31,Nepal: lifeExp,43.971,years,github.com/NickCH-K/causaldata
1977-12-31,Nepal: lifeExp,46.748,years,github.com/NickCH-K/causaldata
1982-12-31,Nepal: lifeExp,49.594,years,github.com/NickCH-K/causaldata
1987-12-31,Nepal: lifeExp,52.537,years,github.com/NickCH-K/causaldata
1992-12-31,Nepal: lifeExp,55.727,years,github.com/NickCH-K/causaldata
1997-12-31,Nepal: lifeExp,59.426,years,github.com/NickCH-K/causaldata
2002-12-31,Nepal: lifeExp,61.34,years,github.com/NickCH-K/causaldata
2007-12-31,Nepal: lifeExp,63.785,years,github.com/NickCH-K/causaldata
1952-12-31,Nepal: pop,9182536.0,people,github.com/NickCH-K/causaldata
1957-12-31,Nepal: pop,9682338.0,people,github.com/NickCH-K/causaldata
1962-12-31,Nepal: pop,10332057.0,people,github.com/NickCH-K/causaldata
1967-12-31,Nepal: pop,11261690.0,people,github.com/NickCH-K/causaldata
1972-12-31,Nepal: pop,12412593.0,people,github.com/NickCH-K/causaldata
1977-12-31,Nepal: pop,13933198.0,people,github.com/NickCH-K/causaldata
1982-12-31,Nepal: pop,15796314.0,people,github.com/NickCH-K/causaldata
1987-12-31,Nepal: pop,17917180.0,people,github.com/NickCH-K/causaldata
1992-12-31,Nepal: pop,20326209.0,people,github.com/NickCH-K/causaldata
1997-12-31,Nepal: pop,23001113.0,people,github.com/NickCH-K/causaldata
2002-12-31,Nepal: pop,25873917.0,people,github.com/NickCH-K/causaldata
2007-12-31,Nepal: pop,28901790.0,people,github.com/NickCH-K/causaldata
1952-12-31,Netherlands: gdpPercap,8941.571858,"USD per person, inflation-adjusted",github.com/NickCH-K/causaldata
1957-12-31,Netherlands: gdpPercap,11276.19344,"USD per person, inflation-adjusted",github.com/NickCH-K/causaldata
1962-12-31,Netherlands: gdpPercap,12790.84956,"USD per person, inflation-adjusted",github.com/NickCH-K/causaldata
1967-12-31,Netherlands: gdpPercap,15363.25136,"USD per person, inflation-adjusted",github.com/NickCH-K/causaldata
1972-12-31,Netherlands: gdpPercap,18794.74567,"USD per person, inflation-adjusted",github.com/NickCH-K/causaldata
1977-12-31,Netherlands: gdpPercap,21209.0592,"USD per person, inflation-adjusted",github.com/NickCH-K/causaldata
1982-12-31,Netherlands: gdpPercap,21399.46046,"USD per person, inflation-adjusted",github.com/NickCH-K/causaldata
1987-12-31,Netherlands: gdpPercap,23651.32361,"USD per person, inflation-adjusted",github.com/NickCH-K/causaldata
1992-12-31,Netherlands: gdpPercap,26790.94961,"USD per person, inflation-adjusted",github.com/NickCH-K/causaldata
1997-12-31,Netherlands: gdpPercap,30246.13063,"USD per person, inflation-adjusted",github.com/NickCH-K/causaldata
2002-12-31,Netherlands: gdpPercap,33724.75778,"USD per person, inflation-adjusted",github.com/NickCH-K/causaldata
2007-12-31,Netherlands: gdpPercap,36797.93332,"USD per person, inflation-adjusted",github.com/NickCH-K/causaldata
1952-12-31,Netherlands: lifeExp,72.13,years,github.com/NickCH-K/causaldata
1957-12-31,Netherlands: lifeExp,72.99,years,github.com/NickCH-K/causaldata
1962-12-31,Netherlands: lifeExp,73.23,years,github.com/NickCH-K/causaldata
1967-12-31,Netherlands: lifeExp,73.82,years,github.com/NickCH-K/causaldata
1972-12-31,Netherlands: lifeExp,73.75,years,github.com/NickCH-K/causaldata
1977-12-31,Netherlands: lifeExp,75.24,years,github.com/NickCH-K/causaldata
1982-12-31,Netherlands: lifeExp,76.05,years,github.com/NickCH-K/causaldata
1987-12-31,Netherlands: lifeExp,76.83,years,github.com/NickCH-K/causaldata
1992-12-31,Netherlands: lifeExp,77.42,years,github.com/NickCH-K/causaldata
1997-12-31,Netherlands: lifeExp,78.03,years,github.com/NickCH-K/causaldata
2002-12-31,Netherlands: lifeExp,78.53,years,github.com/NickCH-K/causaldata
2007-12-31,Netherlands: lifeExp,79.762,years,github.com/NickCH-K/causaldata
1952-12-31,Netherlands: pop,10381988.0,people,github.com/NickCH-K/causaldata
1957-12-31,Netherlands: pop,11026383.0,people,github.com/NickCH-K/causaldata
1962-12-31,Netherlands: pop,11805689.0,people,github.com/NickCH-K/causaldata
1967-12-31,Netherlands: pop,12596822.0,people,github.com/NickCH-K/causaldata
1972-12-31,Netherlands: pop,13329874.0,people,github.com/NickCH-K/causaldata
1977-12-31,Netherlands: pop,13852989.0,people,github.com/NickCH-K/causaldata
1982-12-31,Netherlands: pop,14310401.0,people,github.com/NickCH-K/causaldata
1987-12-31,Netherlands: pop,14665278.0,people,github.com/NickCH-K/causaldata
1992-12-31,Netherlands: pop,15174244.0,people,github.com/NickCH-K/causaldata
1997-12-31,Netherlands: pop,15604464.0,people,github.com/NickCH-K/causaldata
2002-12-31,Netherlands: pop,16122830.0,people,github.com/NickCH-K/causaldata
2007-12-31,Netherlands: pop,16570613.0,people,github.com/NickCH-K/causaldata
1952-12-31,New Zealand: gdpPercap,10556.57566,"USD per person, inflation-adjusted",github.com/NickCH-K/causaldata
1957-12-31,New Zealand: gdpPercap,12247.39532,"USD per person, inflation-adjusted",github.com/NickCH-K/causaldata
1962-12-31,New Zealand: gdpPercap,13175.678,"USD per person, inflation-adjusted",github.com/NickCH-K/causaldata
1967-12-31,New Zealand: gdpPercap,14463.91893,"USD per person, inflation-adjusted",github.com/NickCH-K/causaldata
1972-12-31,New Zealand: gdpPercap,16046.03728,"USD per person, inflation-adjusted",github.com/NickCH-K/causaldata
1977-12-31,New Zealand: gdpPercap,16233.7177,"USD per person, inflation-adjusted",github.com/NickCH-K/causaldata
1982-12-31,New Zealand: gdpPercap,17632.4104,"USD per person, inflation-adjusted",github.com/NickCH-K/causaldata
1987-12-31,New Zealand: gdpPercap,19007.19129,"USD per person, inflation-adjusted",github.com/NickCH-K/causaldata
1992-12-31,New Zealand: gdpPercap,18363.32494,"USD per person, inflation-adjusted",github.com/NickCH-K/causaldata
1997-12-31,New Zealand: gdpPercap,21050.41377,"USD per person, inflation-adjusted",github.com/NickCH-K/causaldata
2002-12-31,New Zealand: gdpPercap,23189.80135,"USD per person, inflation-adjusted",github.com/NickCH-K/causaldata
2007-12-31,New Zealand: gdpPercap,25185.00911,"USD per person, inflation-adjusted",github.com/NickCH-K/causaldata
1952-12-31,New Zealand: lifeExp,69.39,years,github.com/NickCH-K/causaldata
1957-12-31,New Zealand: lifeExp,70.26,years,github.com/NickCH-K/causaldata
1962-12-31,New Zealand: lifeExp,71.24,years,github.com/NickCH-K/causaldata
1967-12-31,New Zealand: lifeExp,71.52,years,github.com/NickCH-K/causaldata
1972-12-31,New Zealand: lifeExp,71.89,years,github.com/NickCH-K/causaldata
1977-12-31,New Zealand: lifeExp,72.22,years,github.com/NickCH-K/causaldata
1982-12-31,New Zealand: lifeExp,73.84,years,github.com/NickCH-K/causaldata
1987-12-31,New Zealand: lifeExp,74.32,years,github.com/NickCH-K/causaldata
1992-12-31,New Zealand: lifeExp,76.33,years,github.com/NickCH-K/causaldata
1997-12-31,New Zealand: lifeExp,77.55,years,github.com/NickCH-K/causaldata
2002-12-31,New Zealand: lifeExp,79.11,years,github.com/NickCH-K/causaldata
2007-12-31,New Zealand: lifeExp,80.204,years,github.com/NickCH-K/causaldata
1952-12-31,New Zealand: pop,1994794.0,people,github.com/NickCH-K/causaldata
1957-12-31,New Zealand: pop,2229407.0,people,github.com/NickCH-K/causaldata
1962-12-31,New Zealand: pop,2488550.0,people,github.com/NickCH-K/causaldata
1967-12-31,New Zealand: pop,2728150.0,people,github.com/NickCH-K/causaldata
1972-12-31,New Zealand: pop,2929100.0,people,github.com/NickCH-K/causaldata
1977-12-31,New Zealand: pop,3164900.0,people,github.com/NickCH-K/causaldata
1982-12-31,New Zealand: pop,3210650.0,people,github.com/NickCH-K/causaldata
1987-12-31,New Zealand: pop,3317166.0,people,github.com/NickCH-K/causaldata
1992-12-31,New Zealand: pop,3437674.0,people,github.com/NickCH-K/causaldata
1997-12-31,New Zealand: pop,3676187.0,people,github.com/NickCH-K/causaldata
2002-12-31,New Zealand: pop,3908037.0,people,github.com/NickCH-K/causaldata
2007-12-31,New Zealand: pop,4115771.0,people,github.com/NickCH-K/causaldata
1952-12-31,Nicaragua: gdpPercap,3112.363948,"USD per person, inflation-adjusted",github.com/NickCH-K/causaldata
1957-12-31,Nicaragua: gdpPercap,3457.415947,"USD per person, inflation-adjusted",github.com/NickCH-K/causaldata
1962-12-31,Nicaragua: gdpPercap,3634.364406,"USD per person, inflation-adjusted",github.com/NickCH-K/causaldata
1967-12-31,Nicaragua: gdpPercap,4643.393534,"USD per person, inflation-adjusted",github.com/NickCH-K/causaldata
1972-12-31,Nicaragua: gdpPercap,4688.593267,"USD per person, inflation-adjusted",github.com/NickCH-K/causaldata
1977-12-31,Nicaragua: gdpPercap,5486.371089,"USD per person, inflation-adjusted",github.com/NickCH-K/causaldata
1982-12-31,Nicaragua: gdpPercap,3470.338156,"USD per person, inflation-adjusted",github.com/NickCH-K/causaldata
1987-12-31,Nicaragua: gdpPercap,2955.984375,"USD per person, inflation-adjusted",github.com/NickCH-K/causaldata
1992-12-31,Nicaragua: gdpPercap,2170.151724,"USD per person, inflation-adjusted",github.com/NickCH-K/causaldata
1997-12-31,Nicaragua: gdpPercap,2253.023004,"USD per person, inflation-adjusted",github.com/NickCH-K/causaldata
2002-12-31,Nicaragua: gdpPercap,2474.548819,"USD per person, inflation-adjusted",github.com/NickCH-K/causaldata
2007-12-31,Nicaragua: gdpPercap,2749.320965,"USD per person, inflation-adjusted",github.com/NickCH-K/causaldata
1952-12-31,Nicaragua: lifeExp,42.314,years,github.com/NickCH-K/causaldata
1957-12-31,Nicaragua: lifeExp,45.432,years,github.com/NickCH-K/causaldata
1962-12-31,Nicaragua: lifeExp,48.632,years,github.com/NickCH-K/causaldata
1967-12-31,Nicaragua: lifeExp,51.884,years,github.com/NickCH-K/causaldata
1972-12-31,Nicaragua: lifeExp,55.151,years,github.com/NickCH-K/causaldata
1977-12-31,Nicaragua: lifeExp,57.47,years,github.com/NickCH-K/causaldata
1982-12-31,Nicaragua: lifeExp,59.298,years,github.com/NickCH-K/causaldata
1987-12-31,Nicaragua: lifeExp,62.008,years,github.com/NickCH-K/causaldata
1992-12-31,Nicaragua: lifeExp,65.843,years,github.com/NickCH-K/causaldata
1997-12-31,Nicaragua: lifeExp,68.426,years,github.com/NickCH-K/causaldata
2002-12-31,Nicaragua: lifeExp,70.836,years,github.com/NickCH-K/causaldata
2007-12-31,Nicaragua: lifeExp,72.899,years,github.com/NickCH-K/causaldata
1952-12-31,Nicaragua: pop,1165790.0,people,github.com/NickCH-K/causaldata
1957-12-31,Nicaragua: pop,1358828.0,people,github.com/NickCH-K/causaldata
1962-12-31,Nicaragua: pop,1590597.0,people,github.com/NickCH-K/causaldata
1967-12-31,Nicaragua: pop,1865490.0,people,github.com/NickCH-K/causaldata
1972-12-31,Nicaragua: pop,2182908.0,people,github.com/NickCH-K/causaldata
1977-12-31,Nicaragua: pop,2554598.0,people,github.com/NickCH-K/causaldata
1982-12-31,Nicaragua: pop,2979423.0,people,github.com/NickCH-K/causaldata
1987-12-31,Nicaragua: pop,3344353.0,people,github.com/NickCH-K/causaldata
1992-12-31,Nicaragua: pop,4017939.0,people,github.com/NickCH-K/causaldata
1997-12-31,Nicaragua: pop,4609572.0,people,github.com/NickCH-K/causaldata
2002-12-31,Nicaragua: pop,5146848.0,people,github.com/NickCH-K/causaldata
2007-12-31,Nicaragua: pop,5675356.0,people,github.com/NickCH-K/causaldata
1952-12-31,Niger: gdpPercap,761.879376,"USD per person, inflation-adjusted",github.com/NickCH-K/causaldata
1957-12-31,Niger: gdpPercap,835.5234025,"USD per person, inflation-adjusted",github.com/NickCH-K/causaldata
1962-12-31,Niger: gdpPercap,997.7661127,"USD per person, inflation-adjusted",github.com/NickCH-K/causaldata
1967-12-31,Niger: gdpPercap,1054.384891,"USD per person, inflation-adjusted",github.com/NickCH-K/causaldata
1972-12-31,Niger: gdpPercap,954.2092363,"USD per person, inflation-adjusted",github.com/NickCH-K/causaldata
1977-12-31,Niger: gdpPercap,808.8970728,"USD per person, inflation-adjusted",github.com/NickCH-K/causaldata
1982-12-31,Niger: gdpPercap,909.7221354,"USD per person, inflation-adjusted",github.com/NickCH-K/causaldata
1987-12-31,Niger: gdpPercap,668.3000228,"USD per person, inflation-adjusted",github.com/NickCH-K/causaldata
1992-12-31,Niger: gdpPercap,581.182725,"USD per person, inflation-adjusted",github.com/NickCH-K/causaldata
1997-12-31,Niger: gdpPercap,580.3052092,"USD per person, inflation-adjusted",github.com/NickCH-K/causaldata
2002-12-31,Niger: gdpPercap,601.0745012,"USD per person, inflation-adjusted",github.com/NickCH-K/causaldata
2007-12-31,Niger: gdpPercap,619.6768924,"USD per person, inflation-adjusted",github.com/NickCH-K/causaldata
1952-12-31,Niger: lifeExp,37.444,years,github.com/NickCH-K/causaldata
1957-12-31,Niger: lifeExp,38.598,years,github.com/NickCH-K/causaldata
1962-12-31,Niger: lifeExp,39.487,years,github.com/NickCH-K/causaldata
1967-12-31,Niger: lifeExp,40.118,years,github.com/NickCH-K/causaldata
1972-12-31,Niger: lifeExp,40.546,years,github.com/NickCH-K/causaldata
1977-12-31,Niger: lifeExp,41.291,years,github.com/NickCH-K/causaldata
1982-12-31,Niger: lifeExp,42.598,years,github.com/NickCH-K/causaldata
1987-12-31,Niger: lifeExp,44.555,years,github.com/NickCH-K/causaldata
1992-12-31,Niger: lifeExp,47.391,years,github.com/NickCH-K/causaldata
1997-12-31,Niger: lifeExp,51.313,years,github.com/NickCH-K/causaldata
2002-12-31,Niger: lifeExp,54.496,years,github.com/NickCH-K/causaldata
2007-12-31,Niger: lifeExp,56.867,years,github.com/NickCH-K/causaldata
1952-12-31,Niger: pop,3379468.0,people,github.com/NickCH-K/causaldata
1957-12-31,Niger: pop,3692184.0,people,github.com/NickCH-K/causaldata
1962-12-31,Niger: pop,4076008.0,people,github.com/NickCH-K/causaldata
1967-12-31,Niger: pop,4534062.0,people,github.com/NickCH-K/causaldata
1972-12-31,Niger: pop,5060262.0,people,github.com/NickCH-K/causaldata
1977-12-31,Niger: pop,5682086.0,people,github.com/NickCH-K/causaldata
1982-12-31,Niger: pop,6437188.0,people,github.com/NickCH-K/causaldata
1987-12-31,Niger: pop,7332638.0,people,github.com/NickCH-K/causaldata
1992-12-31,Niger: pop,8392818.0,people,github.com/NickCH-K/causaldata
1997-12-31,Niger: pop,9666252.0,people,github.com/NickCH-K/causaldata
2002-12-31,Niger: pop,11140655.0,people,github.com/NickCH-K/causaldata
2007-12-31,Niger: pop,12894865.0,people,github.com/NickCH-K/causaldata
1952-12-31,Nigeria: gdpPercap,1077.281856,"USD per person, inflation-adjusted",github.com/NickCH-K/causaldata
1957-12-31,Nigeria: gdpPercap,1100.592563,"USD per person, inflation-adjusted",github.com/NickCH-K/causaldata
1962-12-31,Nigeria: gdpPercap,1150.927478,"USD per person, inflation-adjusted",github.com/NickCH-K/causaldata
1967-12-31,Nigeria: gdpPercap,1014.514104,"USD per person, inflation-adjusted",github.com/NickCH-K/causaldata
1972-12-31,Nigeria: gdpPercap,1698.388838,"USD per person, inflation-adjusted",github.com/NickCH-K/causaldata
1977-12-31,Nigeria: gdpPercap,1981.951806,"USD per person, inflation-adjusted",github.com/NickCH-K/causaldata
1982-12-31,Nigeria: gdpPercap,1576.97375,"USD per person, inflation-adjusted",github.com/NickCH-K/causaldata
1987-12-31,Nigeria: gdpPercap,1385.029563,"USD per person, inflation-adjusted",github.com/NickCH-K/causaldata
1992-12-31,Nigeria: gdpPercap,1619.848217,"USD per person, inflation-adjusted",github.com/NickCH-K/causaldata
1997-12-31,Nigeria: gdpPercap,1624.941275,"USD per person, inflation-adjusted",github.com/NickCH-K/causaldata
2002-12-31,Nigeria: gdpPercap,1615.286395,"USD per person, inflation-adjusted",github.com/NickCH-K/causaldata
2007-12-31,Nigeria: gdpPercap,2013.977305,"USD per person, inflation-adjusted",github.com/NickCH-K/causaldata
1952-12-31,Nigeria: lifeExp,36.324,years,github.com/NickCH-K/causaldata
1957-12-31,Nigeria: lifeExp,37.802,years,github.com/NickCH-K/causaldata
1962-12-31,Nigeria: lifeExp,39.36,years,github.com/NickCH-K/causaldata
1967-12-31,Nigeria: lifeExp,41.04,years,github.com/NickCH-K/causaldata
1972-12-31,Nigeria: lifeExp,42.821,years,github.com/NickCH-K/causaldata
1977-12-31,Nigeria: lifeExp,44.514,years,github.com/NickCH-K/causaldata
1982-12-31,Nigeria: lifeExp,45.826,years,github.com/NickCH-K/causaldata
1987-12-31,Nigeria: lifeExp,46.886,years,github.com/NickCH-K/causaldata
1992-12-31,Nigeria: lifeExp,47.472,years,github.com/NickCH-K/causaldata
1997-12-31,Nigeria: lifeExp,47.464,years,github.com/NickCH-K/causaldata
2002-12-31,Nigeria: lifeExp,46.608,years,github.com/NickCH-K/causaldata
2007-12-31,Nigeria: lifeExp,46.859,years,github.com/NickCH-K/causaldata
1952-12-31,Nigeria: pop,33119096.0,people,github.com/NickCH-K/causaldata
1957-12-31,Nigeria: pop,37173340.0,people,github.com/NickCH-K/causaldata
1962-12-31,Nigeria: pop,41871351.0,people,github.com/NickCH-K/causaldata
1967-12-31,Nigeria: pop,47287752.0,people,github.com/NickCH-K/causaldata
1972-12-31,Nigeria: pop,53740085.0,people,github.com/NickCH-K/causaldata
1977-12-31,Nigeria: pop,62209173.0,people,github.com/NickCH-K/causaldata
1982-12-31,Nigeria: pop,73039376.0,people,github.com/NickCH-K/causaldata
1987-12-31,Nigeria: pop,81551520.0,people,github.com/NickCH-K/causaldata
1992-12-31,Nigeria: pop,93364244.0,people,github.com/NickCH-K/causaldata
1997-12-31,Nigeria: pop,106207839.0,people,github.com/NickCH-K/causaldata
2002-12-31,Nigeria: pop,119901274.0,people,github.com/NickCH-K/causaldata
2007-12-31,Nigeria: pop,135031164.0,people,github.com/NickCH-K/causaldata
1952-12-31,Norway: gdpPercap,10095.42172,"USD per person, inflation-adjusted",github.com/NickCH-K/causaldata
1957-12-31,Norway: gdpPercap,11653.97304,"USD per person, inflation-adjusted",github.com/NickCH-K/causaldata
1962-12-31,Norway: gdpPercap,13450.40151,"USD per person, inflation-adjusted",github.com/NickCH-K/causaldata
1967-12-31,Norway: gdpPercap,16361.87647,"USD per person, inflation-adjusted",github.com/NickCH-K/causaldata
1972-12-31,Norway: gdpPercap,18965.05551,"USD per person, inflation-adjusted",github.com/NickCH-K/causaldata
1977-12-31,Norway: gdpPercap,23311.34939,"USD per person, inflation-adjusted",github.com/NickCH-K/causaldata
1982-12-31,Norway: gdpPercap,26298.63531,"USD per person, inflation-adjusted",github.com/NickCH-K/causaldata
1987-12-31,Norway: gdpPercap,31540.9748,"USD per person, inflation-adjusted",github.com/NickCH-K/causaldata
1992-12-31,Norway: gdpPercap,33965.66115,"USD per person, inflation-adjusted",github.com/NickCH-K/causaldata
1997-12-31,Norway: gdpPercap,41283.16433,"USD per person, inflation-adjusted",github.com/NickCH-K/causaldata
2002-12-31,Norway: gdpPercap,44683.97525,"USD per person, inflation-adjusted",github.com/NickCH-K/causaldata
2007-12-31,Norway: gdpPercap,49357.19017,"USD per person, inflation-adjusted",github.com/NickCH-K/causaldata
1952-12-31,Norway: lifeExp,72.67,years,github.com/NickCH-K/causaldata
1957-12-31,Norway: lifeExp,73.44,years,github.com/NickCH-K/causaldata
1962-12-31,Norway: lifeExp,73.47,years,github.com/NickCH-K/causaldata
1967-12-31,Norway: lifeExp,74.08,years,github.com/NickCH-K/causaldata
1972-12-31,Norway: lifeExp,74.34,years,github.com/NickCH-K/causaldata
1977-12-31,Norway: lifeExp,75.37,years,github.com/NickCH-K/causaldata
1982-12-31,Norway: lifeExp,75.97,years,github.com/NickCH-K/causaldata
1987-12-31,Norway: lifeExp,75.89,years,github.com/NickCH-K/causaldata
1992-12-31,Norway: lifeExp,77.32,years,github.com/NickCH-K/causaldata
1997-12-31,Norway: lifeExp,78.32,years,github.com/NickCH-K/causaldata
2002-12-31,Norway: lifeExp,79.05,years,github.com/NickCH-K/causaldata
2007-12-31,Norway: lifeExp,80.196,years,github.com/NickCH-K/causaldata
1952-12-31,Norway: pop,3327728.0,people,github.com/NickCH-K/causaldata
1957-12-31,Norway: pop,3491938.0,people,github.com/NickCH-K/causaldata
1962-12-31,Norway: pop,3638919.0,people,github.com/NickCH-K/causaldata
1967-12-31,Norway: pop,3786019.0,people,github.com/NickCH-K/causaldata
1972-12-31,Norway: pop,3933004.0,people,github.com/NickCH-K/causaldata
1977-12-31,Norway: pop,4043205.0,people,github.com/NickCH-K/causaldata
1982-12-31,Norway: pop,4114787.0,people,github.com/NickCH-K/causaldata
1987-12-31,Norway: pop,4186147.0,people,github.com/NickCH-K/causaldata
1992-12-31,Norway: pop,4286357.0,people,github.com/NickCH-K/causaldata
1997-12-31,Norway: pop,4405672.0,people,github.com/NickCH-K/causaldata
2002-12-31,Norway: pop,4535591.0,people,github.com/NickCH-K/causaldata
2007-12-31,Norway: pop,4627926.0,people,github.com/NickCH-K/causaldata
1952-12-31,Oman: gdpPercap,1828.230307,"USD per person, inflation-adjusted",github.com/NickCH-K/causaldata
1957-12-31,Oman: gdpPercap,2242.746551,"USD per person, inflation-adjusted",github.com/NickCH-K/causaldata
1962-12-31,Oman: gdpPercap,2924.638113,"USD per person, inflation-adjusted",github.com/NickCH-K/causaldata
1967-12-31,Oman: gdpPercap,4720.942687,"USD per person, inflation-adjusted",github.com/NickCH-K/causaldata
1972-12-31,Oman: gdpPercap,10618.03855,"USD per person, inflation-adjusted",github.com/NickCH-K/causaldata
1977-12-31,Oman: gdpPercap,11848.34392,"USD per person, inflation-adjusted",github.com/NickCH-K/causaldata
1982-12-31,Oman: gdpPercap,12954.79101,"USD per person, inflation-adjusted",github.com/NickCH-K/causaldata
1987-12-31,Oman: gdpPercap,18115.22313,"USD per person, inflation-adjusted",github.com/NickCH-K/causaldata
1992-12-31,Oman: gdpPercap,18616.70691,"USD per person, inflation-adjusted",github.com/NickCH-K/causaldata
1997-12-31,Oman: gdpPercap,19702.05581,"USD per person, inflation-adjusted",github.com/NickCH-K/causaldata
2002-12-31,Oman: gdpPercap,19774.83687,"USD per person, inflation-adjusted",github.com/NickCH-K/causaldata
2007-12-31,Oman: gdpPercap,22316.19287,"USD per person, inflation-adjusted",github.com/NickCH-K/causaldata
1952-12-31,Oman: lifeExp,37.578,years,github.com/NickCH-K/causaldata
1957-12-31,Oman: lifeExp,40.08,years,github.com/NickCH-K/causaldata
1962-12-31,Oman: lifeExp,43.165,years,github.com/NickCH-K/causaldata
1967-12-31,Oman: lifeExp,46.988,years,github.com/NickCH-K/causaldata
1972-12-31,Oman: lifeExp,52.143,years,github.com/NickCH-K/causaldata
1977-12-31,Oman: lifeExp,57.367,years,github.com/NickCH-K/causaldata
1982-12-31,Oman: lifeExp,62.728,years,github.com/NickCH-K/causaldata
1987-12-31,Oman: lifeExp,67.734,years,github.com/NickCH-K/causaldata
1992-12-31,Oman: lifeExp,71.197,years,github.com/NickCH-K/causaldata
1997-12-31,Oman: lifeExp,72.499,years,github.com/NickCH-K/causaldata
2002-12-31,Oman: lifeExp,74.193,years,github.com/NickCH-K/causaldata
2007-12-31,Oman: lifeExp,75.64,years,github.com/NickCH-K/causaldata
1952-12-31,Oman: pop,507833.0,people,github.com/NickCH-K/causaldata
1957-12-31,Oman: pop,561977.0,people,github.com/NickCH-K/causaldata
1962-12-31,Oman: pop,628164.0,people,github.com/NickCH-K/causaldata
1967-12-31,Oman: pop,714775.0,people,github.com/NickCH-K/causaldata
1972-12-31,Oman: pop,829050.0,people,github.com/NickCH-K/causaldata
1977-12-31,Oman: pop,1004533.0,people,github.com/NickCH-K/causaldata
1982-12-31,Oman: pop,1301048.0,people,github.com/NickCH-K/causaldata
1987-12-31,Oman: pop,1593882.0,people,github.com/NickCH-K/causaldata
1992-12-31,Oman: pop,1915208.0,people,github.com/NickCH-K/causaldata
1997-12-31,Oman: pop,2283635.0,people,github.com/NickCH-K/causaldata
2002-12-31,Oman: pop,2713462.0,people,github.com/NickCH-K/causaldata
2007-12-31,Oman: pop,3204897.0,people,github.com/NickCH-K/causaldata
1952-12-31,Pakistan: gdpPercap,684.5971438,"USD per person, inflation-adjusted",github.com/NickCH-K/causaldata
1957-12-31,Pakistan: gdpPercap,747.0835292,"USD per person, inflation-adjusted",github.com/NickCH-K/causaldata
1962-12-31,Pakistan: gdpPercap,803.3427418,"USD per person, inflation-adjusted",github.com/NickCH-K/causaldata
1967-12-31,Pakistan: gdpPercap,942.4082588,"USD per person, inflation-adjusted",github.com/NickCH-K/causaldata
1972-12-31,Pakistan: gdpPercap,1049.938981,"USD per person, inflation-adjusted",github.com/NickCH-K/causaldata
1977-12-31,Pakistan: gdpPercap,1175.921193,"USD per person, inflation-adjusted",github.com/NickCH-K/causaldata
1982-12-31,Pakistan: gdpPercap,1443.429832,"USD per person, inflation-adjusted",github.com/NickCH-K/causaldata
1987-12-31,Pakistan: gdpPercap,1704.686583,"USD per person, inflation-adjusted",github.com/NickCH-K/causaldata
1992-12-31,Pakistan: gdpPercap,1971.829464,"USD per person, inflation-adjusted",github.com/NickCH-K/causaldata
1997-12-31,Pakistan: gdpPercap,2049.350521,"USD per person, inflation-adjusted",github.com/NickCH-K/causaldata
2002-12-31,Pakistan: gdpPercap,2092.712441,"USD per person, inflation-adjusted",github.com/NickCH-K/causaldata
2007-12-31,Pakistan: gdpPercap,2605.94758,"USD per person, inflation-adjusted",github.com/NickCH-K/causaldata
1952-12-31,Pakistan: lifeExp,43.436,years,github.com/NickCH-K/causaldata
1957-12-31,Pakistan: lifeExp,45.557,years,github.com/NickCH-K/causaldata
1962-12-31,Pakistan: lifeExp,47.67,years,github.com/NickCH-K/causaldata
1967-12-31,Pakistan: lifeExp,49.8,years,github.com/NickCH-K/causaldata
1972-12-31,Pakistan: lifeExp,51.929,years,github.com/NickCH-K/causaldata
1977-12-31,Pakistan: lifeExp,54.043,years,github.com/NickCH-K/causaldata
1982-12-31,Pakistan: lifeExp,56.158,years,github.com/NickCH-K/causaldata
1987-12-31,Pakistan: lifeExp,58.245,years,github.com/NickCH-K/causaldata
1992-12-31,Pakistan: lifeExp,60.838,years,github.com/NickCH-K/causaldata
1997-12-31,Pakistan: lifeExp,61.818,years,github.com/NickCH-K/causaldata
2002-12-31,Pakistan: lifeExp,63.61,years,github.com/NickCH-K/causaldata
2007-12-31,Pakistan: lifeExp,65.483,years,github.com/NickCH-K/causaldata
1952-12-31,Pakistan: pop,41346560.0,people,github.com/NickCH-K/causaldata
1957-12-31,Pakistan: pop,46679944.0,people,github.com/NickCH-K/causaldata
1962-12-31,Pakistan: pop,53100671.0,people,github.com/NickCH-K/causaldata
1967-12-31,Pakistan: pop,60641899.0,people,github.com/NickCH-K/causaldata
1972-12-31,Pakistan: pop,69325921.0,people,github.com/NickCH-K/causaldata
1977-12-31,Pakistan: pop,78152686.0,people,github.com/NickCH-K/causaldata
1982-12-31,Pakistan: pop,91462088.0,people,github.com/NickCH-K/causaldata
1987-12-31,Pakistan: pop,105186881.0,people,github.com/NickCH-K/causaldata
1992-12-31,Pakistan: pop,120065004.0,people,github.com/NickCH-K/causaldata
1997-12-31,Pakistan: pop,135564834.0,people,github.com/NickCH-K/causaldata
2002-12-31,Pakistan: pop,153403524.0,people,github.com/NickCH-K/causaldata
2007-12-31,Pakistan: pop,169270617.0,people,github.com/NickCH-K/causaldata
1952-12-31,Panama: gdpPercap,2480.380334,"USD per person, inflation-adjusted",github.com/NickCH-K/causaldata
1957-12-31,Panama: gdpPercap,2961.800905,"USD per person, inflation-adjusted",github.com/NickCH-K/causaldata
1962-12-31,Panama: gdpPercap,3536.540301,"USD per person, inflation-adjusted",github.com/NickCH-K/causaldata
1967-12-31,Panama: gdpPercap,4421.009084,"USD per person, inflation-adjusted",github.com/NickCH-K/causaldata
1972-12-31,Panama: gdpPercap,5364.249663,"USD per person, inflation-adjusted",github.com/NickCH-K/causaldata
1977-12-31,Panama: gdpPercap,5351.912144,"USD per person, inflation-adjusted",github.com/NickCH-K/causaldata
1982-12-31,Panama: gdpPercap,7009.601598,"USD per person, inflation-adjusted",github.com/NickCH-K/causaldata
1987-12-31,Panama: gdpPercap,7034.779161,"USD per person, inflation-adjusted",github.com/NickCH-K/causaldata
1992-12-31,Panama: gdpPercap,6618.74305,"USD per person, inflation-adjusted",github.com/NickCH-K/causaldata
1997-12-31,Panama: gdpPercap,7113.692252,"USD per person, inflation-adjusted",github.com/NickCH-K/causaldata
2002-12-31,Panama: gdpPercap,7356.031934,"USD per person, inflation-adjusted",github.com/NickCH-K/causaldata
2007-12-31,Panama: gdpPercap,9809.185636,"USD per person, inflation-adjusted",github.com/NickCH-K/causaldata
1952-12-31,Panama: lifeExp,55.191,years,github.com/NickCH-K/causaldata
1957-12-31,Panama: lifeExp,59.201,years,github.com/NickCH-K/causaldata
1962-12-31,Panama: lifeExp,61.817,years,github.com/NickCH-K/causaldata
1967-12-31,Panama: lifeExp,64.071,years,github.com/NickCH-K/causaldata
1972-12-31,Panama: lifeExp,66.216,years,github.com/NickCH-K/causaldata
1977-12-31,Panama: lifeExp,68.681,years,github.com/NickCH-K/causaldata
1982-12-31,Panama: lifeExp,70.472,years,github.com/NickCH-K/causaldata
1987-12-31,Panama: lifeExp,71.523,years,github.com/NickCH-K/causaldata
1992-12-31,Panama: lifeExp,72.462,years,github.com/NickCH-K/causaldata
1997-12-31,Panama: lifeExp,73.738,years,github.com/NickCH-K/causaldata
2002-12-31,Panama: lifeExp,74.712,years,github.com/NickCH-K/causaldata
2007-12-31,Panama: lifeExp,75.537,years,github.com/NickCH-K/causaldata
1952-12-31,Panama: pop,940080.0,people,github.com/NickCH-K/causaldata
1957-12-31,Panama: pop,1063506.0,people,github.com/NickCH-K/causaldata
1962-12-31,Panama: pop,1215725.0,people,github.com/NickCH-K/causaldata
1967-12-31,Panama: pop,1405486.0,people,github.com/NickCH-K/causaldata
1972-12-31,Panama: pop,1616384.0,people,github.com/NickCH-K/causaldata
1977-12-31,Panama: pop,1839782.0,people,github.com/NickCH-K/causaldata
1982-12-31,Panama: pop,2036305.0,people,github.com/NickCH-K/causaldata
1987-12-31,Panama: pop,2253639.0,people,github.com/NickCH-K/causaldata
1992-12-31,Panama: pop,2484997.0,people,github.com/NickCH-K/causaldata
1997-12-31,Panama: pop,2734531.0,people,github.com/NickCH-K/causaldata
2002-12-31,Panama: pop,2990875.0,people,github.com/NickCH-K/causaldata
2007-12-31,Panama: pop,3242173.0,people,github.com/NickCH-K/causaldata
1952-12-31,Paraguay: gdpPercap,1952.308701,"USD per person, inflation-adjusted",github.com/NickCH-K/causaldata
1957-12-31,Paraguay: gdpPercap,2046.154706,"USD per person, inflation-adjusted",github.com/NickCH-K/causaldata
1962-12-31,Paraguay: gdpPercap,2148.027146,"USD per person, inflation-adjusted",github.com/NickCH-K/causaldata
1967-12-31,Paraguay: gdpPercap,2299.376311,"USD per person, inflation-adjusted",github.com/NickCH-K/causaldata
1972-12-31,Paraguay: gdpPercap,2523.337977,"USD per person, inflation-adjusted",github.com/NickCH-K/causaldata
1977-12-31,Paraguay: gdpPercap,3248.373311,"USD per person, inflation-adjusted",github.com/NickCH-K/causaldata
1982-12-31,Paraguay: gdpPercap,4258.503604,"USD per person, inflation-adjusted",github.com/NickCH-K/causaldata
1987-12-31,Paraguay: gdpPercap,3998.875695,"USD per person, inflation-adjusted",github.com/NickCH-K/causaldata
1992-12-31,Paraguay: gdpPercap,4196.411078,"USD per person, inflation-adjusted",github.com/NickCH-K/causaldata
1997-12-31,Paraguay: gdpPercap,4247.400261,"USD per person, inflation-adjusted",github.com/NickCH-K/causaldata
2002-12-31,Paraguay: gdpPercap,3783.674243,"USD per person, inflation-adjusted",github.com/NickCH-K/causaldata
2007-12-31,Paraguay: gdpPercap,4172.838464,"USD per person, inflation-adjusted",github.com/NickCH-K/causaldata
1952-12-31,Paraguay: lifeExp,62.649,years,github.com/NickCH-K/causaldata
1957-12-31,Paraguay: lifeExp,63.196,years,github.com/NickCH-K/causaldata
1962-12-31,Paraguay: lifeExp,64.361,years,github.com/NickCH-K/causaldata
1967-12-31,Paraguay: lifeExp,64.951,years,github.com/NickCH-K/causaldata
1972-12-31,Paraguay: lifeExp,65.815,years,github.com/NickCH-K/causaldata
1977-12-31,Paraguay: lifeExp,66.353,years,github.com/NickCH-K/causaldata
1982-12-31,Paraguay: lifeExp,66.874,years,github.com/NickCH-K/causaldata
1987-12-31,Paraguay: lifeExp,67.378,years,github.com/NickCH-K/causaldata
1992-12-31,Paraguay: lifeExp,68.225,years,github.com/NickCH-K/causaldata
1997-12-31,Paraguay: lifeExp,69.4,years,github.com/NickCH-K/causaldata
2002-12-31,Paraguay: lifeExp,70.755,years,github.com/NickCH-K/causaldata
2007-12-31,Paraguay: lifeExp,71.752,years,github.com/NickCH-K/causaldata
1952-12-31,Paraguay: pop,1555876.0,people,github.com/NickCH-K/causaldata
1957-12-31,Paraguay: pop,1770902.0,people,github.com/NickCH-K/causaldata
1962-12-31,Paraguay: pop,2009813.0,people,github.com/NickCH-K/causaldata
1967-12-31,Paraguay: pop,2287985.0,people,github.com/NickCH-K/causaldata
1972-12-31,Paraguay: pop,2614104.0,people,github.com/NickCH-K/causaldata
1977-12-31,Paraguay: pop,2984494.0,people,github.com/NickCH-K/causaldata
1982-12-31,Paraguay: pop,3366439.0,people,github.com/NickCH-K/causaldata
1987-12-31,Paraguay: pop,3886512.0,people,github.com/NickCH-K/causaldata
1992-12-31,Paraguay: pop,4483945.0,people,github.com/NickCH-K/causaldata
1997-12-31,Paraguay: pop,5154123.0,people,github.com/NickCH-K/causaldata
2002-12-31,Paraguay: pop,5884491.0,people,github.com/NickCH-K/causaldata
2007-12-31,Paraguay: pop,6667147.0,people,github.com/NickCH-K/causaldata
1952-12-31,Peru: gdpPercap,3758.523437,"USD per person, inflation-adjusted",github.com/NickCH-K/causaldata
1957-12-31,Peru: gdpPercap,4245.256698,"USD per person, inflation-adjusted",github.com/NickCH-K/causaldata
1962-12-31,Peru: gdpPercap,4957.037982,"USD per person, inflation-adjusted",github.com/NickCH-K/causaldata
1967-12-31,Peru: gdpPercap,5788.09333,"USD per person, inflation-adjusted",github.com/NickCH-K/causaldata
1972-12-31,Peru: gdpPercap,5937.827283,"USD per person, inflation-adjusted",github.com/NickCH-K/causaldata
1977-12-31,Peru: gdpPercap,6281.290855,"USD per person, inflation-adjusted",github.com/NickCH-K/causaldata
1982-12-31,Peru: gdpPercap,6434.501797,"USD per person, inflation-adjusted",github.com/NickCH-K/causaldata
1987-12-31,Peru: gdpPercap,6360.943444,"USD per person, inflation-adjusted",github.com/NickCH-K/causaldata
1992-12-31,Peru: gdpPercap,4446.380924,"USD per person, inflation-adjusted",github.com/NickCH-K/causaldata
1997-12-31,Peru: gdpPercap,5838.347657,"USD per person, inflation-adjusted",github.com/NickCH-K/causaldata
2002-12-31,Peru: gdpPercap,5909.020073,"USD per person, inflation-adjusted",github.com/NickCH-K/causaldata
2007-12-31,Peru: gdpPercap,7408.905561,"USD per person, inflation-adjusted",github.com/NickCH-K/causaldata
1952-12-31,Peru: lifeExp,43.902,years,github.com/NickCH-K/causaldata
1957-12-31,Peru: lifeExp,46.263,years,github.com/NickCH-K/causaldata
1962-12-31,Peru: lifeExp,49.096,years,github.com/NickCH-K/causaldata
1967-12-31,Peru: lifeExp,51.445,years,github.com/NickCH-K/causaldata
1972-12-31,Peru: lifeExp,55.448,years,github.com/NickCH-K/causaldata
1977-12-31,Peru: lifeExp,58.447,years,github.com/NickCH-K/causaldata
1982-12-31,Peru: lifeExp,61.406,years,github.com/NickCH-K/causaldata
1987-12-31,Peru: lifeExp,64.134,years,github.com/NickCH-K/causaldata
1992-12-31,Peru: lifeExp,66.458,years,github.com/NickCH-K/causaldata
1997-12-31,Peru: lifeExp,68.386,years,github.com/NickCH-K/causaldata
2002-12-31,Peru: lifeExp,69.906,years,github.com/NickCH-K/causaldata
2007-12-31,Peru: lifeExp,71.421,years,github.com/NickCH-K/causaldata
1952-12-31,Peru: pop,8025700.0,people,github.com/NickCH-K/causaldata
1957-12-31,Peru: pop,9146100.0,people,github.com/NickCH-K/causaldata
1962-12-31,Peru: pop,10516500.0,people,github.com/NickCH-K/causaldata
1967-12-31,Peru: pop,12132200.0,people,github.com/NickCH-K/causaldata
1972-12-31,Peru: pop,13954700.0,people,github.com/NickCH-K/causaldata
1977-12-31,Peru: pop,15990099.0,people,github.com/NickCH-K/causaldata
1982-12-31,Peru: pop,18125129.0,people,github.com/NickCH-K/causaldata
1987-12-31,Peru: pop,20195924.0,people,github.com/NickCH-K/causaldata
1992-12-31,Peru: pop,22430449.0,people,github.com/NickCH-K/causaldata
1997-12-31,Peru: pop,24748122.0,people,github.com/NickCH-K/causaldata
2002-12-31,Peru: pop,26769436.0,people,github.com/NickCH-K/causaldata
2007-12-31,Peru: pop,28674757.0,people,github.com/NickCH-K/causaldata
1952-12-31,Philippines: gdpPercap,1272.880995,"USD per person, inflation-adjusted",github.com/NickCH-K/causaldata
1957-12-31,Philippines: gdpPercap,1547.944844,"USD per person, inflation-adjusted",github.com/NickCH-K/causaldata
1962-12-31,Philippines: gdpPercap,1649.552153,"USD per person, inflation-adjusted",github.com/NickCH-K/causaldata
1967-12-31,Philippines: gdpPercap,1814.12743,"USD per person, inflation-adjusted",github.com/NickCH-K/causaldata
1972-12-31,Philippines: gdpPercap,1989.37407,"USD per person, inflation-adjusted",github.com/NickCH-K/causaldata
1977-12-31,Philippines: gdpPercap,2373.204287,"USD per person, inflation-adjusted",github.com/NickCH-K/causaldata
1982-12-31,Philippines: gdpPercap,2603.273765,"USD per person, inflation-adjusted",github.com/NickCH-K/causaldata
1987-12-31,Philippines: gdpPercap,2189.634995,"USD per person, inflation-adjusted",github.com/NickCH-K/causaldata
1992-12-31,Philippines: gdpPercap,2279.324017,"USD per person, inflation-adjusted",github.com/NickCH-K/causaldata
1997-12-31,Philippines: gdpPercap,2536.534925,"USD per person, inflation-adjusted",github.com/NickCH-K/causaldata
2002-12-31,Philippines: gdpPercap,2650.921068,"USD per person, inflation-adjusted",github.com/NickCH-K/causaldata
2007-12-31,Philippines: gdpPercap,3190.481016,"USD per person, inflation-adjusted",github.com/NickCH-K/causaldata
1952-12-31,Philippines: lifeExp,47.752,years,github.com/NickCH-K/causaldata
1957-12-31,Philippines: lifeExp,51.334,years,github.com/NickCH-K/causaldata
1962-12-31,Philippines: lifeExp,54.757,years,github.com/NickCH-K/causaldata
1967-12-31,Philippines: lifeExp,56.393,years,github.com/NickCH-K/causaldata
1972-12-31,Philippines: lifeExp,58.065,years,github.com/NickCH-K/causaldata
1977-12-31,Philippines: lifeExp,60.06,years,github.com/NickCH-K/causaldata
1982-12-31,Philippines: lifeExp,62.082,years,github.com/NickCH-K/causaldata
1987-12-31,Philippines: lifeExp,64.151,years,github.com/NickCH-K/causaldata
1992-12-31,Philippines: lifeExp,66.458,years,github.com/NickCH-K/causaldata
1997-12-31,Philippines: lifeExp,68.564,years,github.com/NickCH-K/causaldata
2002-12-31,Philippines: lifeExp,70.303,years,github.com/NickCH-K/causaldata
2007-12-31,Philippines: lifeExp,71.688,years,github.com/NickCH-K/causaldata
1952-12-31,Philippines: pop,22438691.0,people,github.com/NickCH-K/causaldata
1957-12-31,Philippines: pop,26072194.0,people,github.com/NickCH-K/causaldata
1962-12-31,Philippines: pop,30325264.0,people,github.com/NickCH-K/causaldata
1967-12-31,Philippines: pop,35356600.0,people,github.com/NickCH-K/causaldata
1972-12-31,Philippines: pop,40850141.0,people,github.com/NickCH-K/causaldata
1977-12-31,Philippines: pop,46850962.0,people,github.com/NickCH-K/causaldata
1982-12-31,Philippines: pop,53456774.0,people,github.com/NickCH-K/causaldata
1987-12-31,Philippines: pop,60017788.0,people,github.com/NickCH-K/causaldata
1992-12-31,Philippines: pop,67185766.0,people,github.com/NickCH-K/causaldata
1997-12-31,Philippines: pop,75012988.0,people,github.com/NickCH-K/causaldata
2002-12-31,Philippines: pop,82995088.0,people,github.com/NickCH-K/causaldata
2007-12-31,Philippines: pop,91077287.0,people,github.com/NickCH-K/causaldata
1952-12-31,Poland: gdpPercap,4029.329699,"USD per person, inflation-adjusted",github.com/NickCH-K/causaldata
1957-12-31,Poland: gdpPercap,4734.253019,"USD per person, inflation-adjusted",github.com/NickCH-K/causaldata
1962-12-31,Poland: gdpPercap,5338.752143,"USD per person, inflation-adjusted",github.com/NickCH-K/causaldata
1967-12-31,Poland: gdpPercap,6557.152776,"USD per person, inflation-adjusted",github.com/NickCH-K/causaldata
1972-12-31,Poland: gdpPercap,8006.506993,"USD per person, inflation-adjusted",github.com/NickCH-K/causaldata
1977-12-31,Poland: gdpPercap,9508.141454,"USD per person, inflation-adjusted",github.com/NickCH-K/causaldata
1982-12-31,Poland: gdpPercap,8451.531004,"USD per person, inflation-adjusted",github.com/NickCH-K/causaldata
1987-12-31,Poland: gdpPercap,9082.351172,"USD per person, inflation-adjusted",github.com/NickCH-K/causaldata
1992-12-31,Poland: gdpPercap,7738.881247,"USD per person, inflation-adjusted",github.com/NickCH-K/causaldata
1997-12-31,Poland: gdpPercap,10159.58368,"USD per person, inflation-adjusted",github.com/NickCH-K/causaldata
2002-12-31,Poland: gdpPercap,12002.23908,"USD per person, inflation-adjusted",github.com/NickCH-K/causaldata
2007-12-31,Poland: gdpPercap,15389.92468,"USD per person, inflation-adjusted",github.com/NickCH-K/causaldata
1952-12-31,Poland: lifeExp,61.31,years,github.com/NickCH-K/causaldata
1957-12-31,Poland: lifeExp,65.77,years,github.com/NickCH-K/causaldata
1962-12-31,Poland: lifeExp,67.64,years,github.com/NickCH-K/causaldata
1967-12-31,Poland: lifeExp,69.61,years,github.com/NickCH-K/causaldata
1972-12-31,Poland: lifeExp,70.85,years,github.com/NickCH-K/causaldata
1977-12-31,Poland: lifeExp,70.67,years,github.com/NickCH-K/causaldata
1982-12-31,Poland: lifeExp,71.32,years,github.com/NickCH-K/causaldata
1987-12-31,Poland: lifeExp,70.98,years,github.com/NickCH-K/causaldata
1992-12-31,Poland: lifeExp,70.99,years,github.com/NickCH-K/causaldata
1997-12-31,Poland: lifeExp,72.75,years,github.com/NickCH-K/causaldata
2002-12-31,Poland: lifeExp,74.67,years,github.com/NickCH-K/causaldata
2007-12-31,Poland: lifeExp,75.563,years,github.com/NickCH-K/causaldata
1952-12-31,Poland: pop,25730551.0,people,github.com/NickCH-K/causaldata
1957-12-31,Poland: pop,28235346.0,people,github.com/NickCH-K/causaldata
1962-12-31,Poland: pop,30329617.0,people,github.com/NickCH-K/causaldata
1967-12-31,Poland: pop,31785378.0,people,github.com/NickCH-K/causaldata
1972-12-31,Poland: pop,33039545.0,people,github.com/NickCH-K/causaldata
1977-12-31,Poland: pop,34621254.0,people,github.com/NickCH-K/causaldata
1982-12-31,Poland: pop,36227381.0,people,github.com/NickCH-K/causaldata
1987-12-31,Poland: pop,37740710.0,people,github.com/NickCH-K/causaldata
1992-12-31,Poland: pop,38370697.0,people,github.com/NickCH-K/causaldata
1997-12-31,Poland: pop,38654957.0,people,github.com/NickCH-K/causaldata
2002-12-31,Poland: pop,38625976.0,people,github.com/NickCH-K/causaldata
2007-12-31,Poland: pop,38518241.0,people,github.com/NickCH-K/causaldata
1952-12-31,Portugal: gdpPercap,3068.319867,"USD per person, inflation-adjusted",github.com/NickCH-K/causaldata
1957-12-31,Portugal: gdpPercap,3774.571743,"USD per person, inflation-adjusted",github.com/NickCH-K/causaldata
1962-12-31,Portugal: gdpPercap,4727.954889,"USD per person, inflation-adjusted",github.com/NickCH-K/causaldata
1967-12-31,Portugal: gdpPercap,6361.517993,"USD per person, inflation-adjusted",github.com/NickCH-K/causaldata
1972-12-31,Portugal: gdpPercap,9022.247417,"USD per person, inflation-adjusted",github.com/NickCH-K/causaldata
1977-12-31,Portugal: gdpPercap,10172.48572,"USD per person, inflation-adjusted",github.com/NickCH-K/causaldata
1982-12-31,Portugal: gdpPercap,11753.84291,"USD per person, inflation-adjusted",github.com/NickCH-K/causaldata
1987-12-31,Portugal: gdpPercap,13039.30876,"USD per person, inflation-adjusted",github.com/NickCH-K/causaldata
1992-12-31,Portugal: gdpPercap,16207.26663,"USD per person, inflation-adjusted",github.com/NickCH-K/causaldata
1997-12-31,Portugal: gdpPercap,17641.03156,"USD per person, inflation-adjusted",github.com/NickCH-K/causaldata
2002-12-31,Portugal: gdpPercap,19970.90787,"USD per person, inflation-adjusted",github.com/NickCH-K/causaldata
2007-12-31,Portugal: gdpPercap,20509.64777,"USD per person, inflation-adjusted",github.com/NickCH-K/causaldata
1952-12-31,Portugal: lifeExp,59.82,years,github.com/NickCH-K/causaldata
1957-12-31,Portugal: lifeExp,61.51,years,github.com/NickCH-K/causaldata
1962-12-31,Portugal: lifeExp,64.39,years,github.com/NickCH-K/causaldata
1967-12-31,Portugal: lifeExp,66.6,years,github.com/NickCH-K/causaldata
1972-12-31,Portugal: lifeExp,69.26,years,github.com/NickCH-K/causaldata
1977-12-31,Portugal: lifeExp,70.41,years,github.com/NickCH-K/causaldata
1982-12-31,Portugal: lifeExp,72.77,years,github.com/NickCH-K/causaldata
1987-12-31,Portugal: lifeExp,74.06,years,github.com/NickCH-K/causaldata
1992-12-31,Portugal: lifeExp,74.86,years,github.com/NickCH-K/causaldata
1997-12-31,Portugal: lifeExp,75.97,years,github.com/NickCH-K/causaldata
2002-12-31,Portugal: lifeExp,77.29,years,github.com/NickCH-K/causaldata
2007-12-31,Portugal: lifeExp,78.098,years,github.com/NickCH-K/causaldata
1952-12-31,Portugal: pop,8526050.0,people,github.com/NickCH-K/causaldata
1957-12-31,Portugal: pop,8817650.0,people,github.com/NickCH-K/causaldata
1962-12-31,Portugal: pop,9019800.0,people,github.com/NickCH-K/causaldata
1967-12-31,Portugal: pop,9103000.0,people,github.com/NickCH-K/causaldata
1972-12-31,Portugal: pop,8970450.0,people,github.com/NickCH-K/causaldata
1977-12-31,Portugal: pop,9662600.0,people,github.com/NickCH-K/causaldata
1982-12-31,Portugal: pop,9859650.0,people,github.com/NickCH-K/causaldata
1987-12-31,Portugal: pop,9915289.0,people,github.com/NickCH-K/causaldata
1992-12-31,Portugal: pop,9927680.0,people,github.com/NickCH-K/causaldata
1997-12-31,Portugal: pop,10156415.0,people,github.com/NickCH-K/causaldata
2002-12-31,Portugal: pop,10433867.0,people,github.com/NickCH-K/causaldata
2007-12-31,Portugal: pop,10642836.0,people,github.com/NickCH-K/causaldata
1952-12-31,Puerto Rico: gdpPercap,3081.959785,"USD per person, inflation-adjusted",github.com/NickCH-K/causaldata
1957-12-31,Puerto Rico: gdpPercap,3907.156189,"USD per person, inflation-adjusted",github.com/NickCH-K/causaldata
1962-12-31,Puerto Rico: gdpPercap,5108.34463,"USD per person, inflation-adjusted",github.com/NickCH-K/causaldata
1967-12-31,Puerto Rico: gdpPercap,6929.277714,"USD per person, inflation-adjusted",github.com/NickCH-K/causaldata
1972-12-31,Puerto Rico: gdpPercap,9123.041742,"USD per person, inflation-adjusted",github.com/NickCH-K/causaldata
1977-12-31,Puerto Rico: gdpPercap,9770.524921,"USD per person, inflation-adjusted",github.com/NickCH-K/causaldata
1982-12-31,Puerto Rico: gdpPercap,10330.98915,"USD per person, inflation-adjusted",github.com/NickCH-K/causaldata
1987-12-31,Puerto Rico: gdpPercap,12281.34191,"USD per person, inflation-adjusted",github.com/NickCH-K/causaldata
1992-12-31,Puerto Rico: gdpPercap,14641.58711,"USD per person, inflation-adjusted",github.com/NickCH-K/causaldata
1997-12-31,Puerto Rico: gdpPercap,16999.4333,"USD per person, inflation-adjusted",github.com/NickCH-K/causaldata
2002-12-31,Puerto Rico: gdpPercap,18855.60618,"USD per person, inflation-adjusted",github.com/NickCH-K/causaldata
2007-12-31,Puerto Rico: gdpPercap,19328.70901,"USD per person, inflation-adjusted",github.com/NickCH-K/causaldata
1952-12-31,Puerto Rico: lifeExp,64.28,years,github.com/NickCH-K/causaldata
1957-12-31,Puerto Rico: lifeExp,68.54,years,github.com/NickCH-K/causaldata
1962-12-31,Puerto Rico: lifeExp,69.62,years,github.com/NickCH-K/causaldata
1967-12-31,Puerto Rico: lifeExp,71.1,years,github.com/NickCH-K/causaldata
1972-12-31,Puerto Rico: lifeExp,72.16,years,github.com/NickCH-K/causaldata
1977-12-31,Puerto Rico: lifeExp,73.44,years,github.com/NickCH-K/causaldata
1982-12-31,Puerto Rico: lifeExp,73.75,years,github.com/NickCH-K/causaldata
1987-12-31,Puerto Rico: lifeExp,74.63,years,github.com/NickCH-K/causaldata
1992-12-31,Puerto Rico: lifeExp,73.911,years,github.com/NickCH-K/causaldata
1997-12-31,Puerto Rico: lifeExp,74.917,years,github.com/NickCH-K/causaldata
2002-12-31,Puerto Rico: lifeExp,77.778,years,github.com/NickCH-K/causaldata
2007-12-31,Puerto Rico: lifeExp,78.746,years,github.com/NickCH-K/causaldata
1952-12-31,Puerto Rico: pop,2227000.0,people,github.com/NickCH-K/causaldata
1957-12-31,Puerto Rico: pop,2260000.0,people,github.com/NickCH-K/causaldata
1962-12-31,Puerto Rico: pop,2448046.0,people,github.com/NickCH-K/causaldata
1967-12-31,Puerto Rico: pop,2648961.0,people,github.com/NickCH-K/causaldata
1972-12-31,Puerto Rico: pop,2847132.0,people,github.com/NickCH-K/causaldata
1977-12-31,Puerto Rico: pop,3080828.0,people,github.com/NickCH-K/causaldata
1982-12-31,Puerto Rico: pop,3279001.0,people,github.com/NickCH-K/causaldata
1987-12-31,Puerto Rico: pop,3444468.0,people,github.com/NickCH-K/causaldata
1992-12-31,Puerto Rico: pop,3585176.0,people,github.com/NickCH-K/causaldata
1997-12-31,Puerto Rico: pop,3759430.0,people,github.com/NickCH-K/causaldata
2002-12-31,Puerto Rico: pop,3859606.0,people,github.com/NickCH-K/causaldata
2007-12-31,Puerto Rico: pop,3942491.0,people,github.com/NickCH-K/causaldata
1952-12-31,Reunion: gdpPercap,2718.885295,"USD per person, inflation-adjusted",github.com/NickCH-K/causaldata
1957-12-31,Reunion: gdpPercap,2769.451844,"USD per person, inflation-adjusted",github.com/NickCH-K/causaldata
1962-12-31,Reunion: gdpPercap,3173.72334,"USD per person, inflation-adjusted",github.com/NickCH-K/causaldata
1967-12-31,Reunion: gdpPercap,4021.175739,"USD per person, inflation-adjusted",github.com/NickCH-K/causaldata
1972-12-31,Reunion: gdpPercap,5047.658563,"USD per person, inflation-adjusted",github.com/NickCH-K/causaldata
1977-12-31,Reunion: gdpPercap,4319.804067,"USD per person, inflation-adjusted",github.com/NickCH-K/causaldata
1982-12-31,Reunion: gdpPercap,5267.219353,"USD per person, inflation-adjusted",github.com/NickCH-K/causaldata
1987-12-31,Reunion: gdpPercap,5303.377488,"USD per person, inflation-adjusted",github.com/NickCH-K/causaldata
1992-12-31,Reunion: gdpPercap,6101.255823,"USD per person, inflation-adjusted",github.com/NickCH-K/causaldata
1997-12-31,Reunion: gdpPercap,6071.941411,"USD per person, inflation-adjusted",github.com/NickCH-K/causaldata
2002-12-31,Reunion: gdpPercap,6316.1652,"USD per person, inflation-adjusted",github.com/NickCH-K/causaldata
2007-12-31,Reunion: gdpPercap,7670.122558,"USD per person, inflation-adjusted",github.com/NickCH-K/causaldata
1952-12-31,Reunion: lifeExp,52.724,years,github.com/NickCH-K/causaldata
1957-12-31,Reunion: lifeExp,55.09,years,github.com/NickCH-K/causaldata
1962-12-31,Reunion: lifeExp,57.666,years,github.com/NickCH-K/causaldata
1967-12-31,Reunion: lifeExp,60.542,years,github.com/NickCH-K/causaldata
1972-12-31,Reunion: lifeExp,64.274,years,github.com/NickCH-K/causaldata
1977-12-31,Reunion: lifeExp,67.064,years,github.com/NickCH-K/causaldata
1982-12-31,Reunion: lifeExp,69.885,years,github.com/NickCH-K/causaldata
1987-12-31,Reunion: lifeExp,71.913,years,github.com/NickCH-K/causaldata
1992-12-31,Reunion: lifeExp,73.615,years,github.com/NickCH-K/causaldata
1997-12-31,Reunion: lifeExp,74.772,years,github.com/NickCH-K/causaldata
2002-12-31,Reunion: lifeExp,75.744,years,github.com/NickCH-K/causaldata
2007-12-31,Reunion: lifeExp,76.442,years,github.com/NickCH-K/causaldata
1952-12-31,Reunion: pop,257700.0,people,github.com/NickCH-K/causaldata
1957-12-31,Reunion: pop,308700.0,people,github.com/NickCH-K/causaldata
1962-12-31,Reunion: pop,358900.0,people,github.com/NickCH-K/causaldata
1967-12-31,Reunion: pop,414024.0,people,github.com/NickCH-K/causaldata
1972-12-31,Reunion: pop,461633.0,people,github.com/NickCH-K/causaldata
1977-12-31,Reunion: pop,492095.0,people,github.com/NickCH-K/causaldata
1982-12-31,Reunion: pop,517810.0,people,github.com/NickCH-K/causaldata
1987-12-31,Reunion: pop,562035.0,people,github.com/NickCH-K/causaldata
1992-12-31,Reunion: pop,622191.0,people,github.com/NickCH-K/causaldata
1997-12-31,Reunion: pop,684810.0,people,github.com/NickCH-K/causaldata
2002-12-31,Reunion: pop,743981.0,people,github.com/NickCH-K/causaldata
2007-12-31,Reunion: pop,798094.0,people,github.com/NickCH-K/causaldata
1952-12-31,Romania: gdpPercap,3144.613186,"USD per person, inflation-adjusted",github.com/NickCH-K/causaldata
1957-12-31,Romania: gdpPercap,3943.370225,"USD per person, inflation-adjusted",github.com/NickCH-K/causaldata
1962-12-31,Romania: gdpPercap,4734.997586,"USD per person, inflation-adjusted",github.com/NickCH-K/causaldata
1967-12-31,Romania: gdpPercap,6470.866545,"USD per person, inflation-adjusted",github.com/NickCH-K/causaldata
1972-12-31,Romania: gdpPercap,8011.414402,"USD per person, inflation-adjusted",github.com/NickCH-K/causaldata
1977-12-31,Romania: gdpPercap,9356.39724,"USD per person, inflation-adjusted",github.com/NickCH-K/causaldata
1982-12-31,Romania: gdpPercap,9605.314053,"USD per person, inflation-adjusted",github.com/NickCH-K/causaldata
1987-12-31,Romania: gdpPercap,9696.273295,"USD per person, inflation-adjusted",github.com/NickCH-K/causaldata
1992-12-31,Romania: gdpPercap,6598.409903,"USD per person, inflation-adjusted",github.com/NickCH-K/causaldata
1997-12-31,Romania: gdpPercap,7346.547557,"USD per person, inflation-adjusted",github.com/NickCH-K/causaldata
2002-12-31,Romania: gdpPercap,7885.360081,"USD per person, inflation-adjusted",github.com/NickCH-K/causaldata
2007-12-31,Romania: gdpPercap,10808.47561,"USD per person, inflation-adjusted",github.com/NickCH-K/causaldata
1952-12-31,Romania: lifeExp,61.05,years,github.com/NickCH-K/causaldata
1957-12-31,Romania: lifeExp,64.1,years,github.com/NickCH-K/causaldata
1962-12-31,Romania: lifeExp,66.8,years,github.com/NickCH-K/causaldata
1967-12-31,Romania: lifeExp,66.8,years,github.com/NickCH-K/causaldata
1972-12-31,Romania: lifeExp,69.21,years,github.com/NickCH-K/causaldata
1977-12-31,Romania: lifeExp,69.46,years,github.com/NickCH-K/causaldata
1982-12-31,Romania: lifeExp,69.66,years,github.com/NickCH-K/causaldata
1987-12-31,Romania: lifeExp,69.53,years,github.com/NickCH-K/causaldata
1992-12-31,Romania: lifeExp,69.36,years,github.com/NickCH-K/causaldata
1997-12-31,Romania: lifeExp,69.72,years,github.com/NickCH-K/causaldata
2002-12-31,Romania: lifeExp,71.322,years,github.com/NickCH-K/causaldata
2007-12-31,Romania: lifeExp,72.476,years,github.com/NickCH-K/causaldata
1952-12-31,Romania: pop,16630000.0,people,github.com/NickCH-K/causaldata
1957-12-31,Romania: pop,17829327.0,people,github.com/NickCH-K/causaldata
1962-12-31,Romania: pop,18680721.0,people,github.com/NickCH-K/causaldata
1967-12-31,Romania: pop,19284814.0,people,github.com/NickCH-K/causaldata
1972-12-31,Romania: pop,20662648.0,people,github.com/NickCH-K/causaldata
1977-12-31,Romania: pop,21658597.0,people,github.com/NickCH-K/causaldata
1982-12-31,Romania: pop,22356726.0,people,github.com/NickCH-K/causaldata
1987-12-31,Romania: pop,22686371.0,people,github.com/NickCH-K/causaldata
1992-12-31,Romania: pop,22797027.0,people,github.com/NickCH-K/causaldata
1997-12-31,Romania: pop,22562458.0,people,github.com/NickCH-K/causaldata
2002-12-31,Romania: pop,22404337.0,people,github.com/NickCH-K/causaldata
2007-12-31,Romania: pop,22276056.0,people,github.com/NickCH-K/causaldata
1952-12-31,Rwanda: gdpPercap,493.3238752,"USD per person, inflation-adjusted",github.com/NickCH-K/causaldata
1957-12-31,Rwanda: gdpPercap,540.2893983,"USD per person, inflation-adjusted",github.com/NickCH-K/causaldata
1962-12-31,Rwanda: gdpPercap,597.4730727,"USD per person, inflation-adjusted",github.com/NickCH-K/causaldata
1967-12-31,Rwanda: gdpPercap,510.9637142,"USD per person, inflation-adjusted",github.com/NickCH-K/causaldata
1972-12-31,Rwanda: gdpPercap,590.5806638,"USD per person, inflation-adjusted",github.com/NickCH-K/causaldata
1977-12-31,Rwanda: gdpPercap,670.0806011,"USD per person, inflation-adjusted",github.com/NickCH-K/causaldata
1982-12-31,Rwanda: gdpPercap,881.5706467,"USD per person, inflation-adjusted",github.com/NickCH-K/causaldata
1987-12-31,Rwanda: gdpPercap,847.991217,"USD per person, inflation-adjusted",github.com/NickCH-K/causaldata
1992-12-31,Rwanda: gdpPercap,737.0685949,"USD per person, inflation-adjusted",github.com/NickCH-K/causaldata
1997-12-31,Rwanda: gdpPercap,589.9445051,"USD per person, inflation-adjusted",github.com/NickCH-K/causaldata
2002-12-31,Rwanda: gdpPercap,785.6537648,"USD per person, inflation-adjusted",github.com/NickCH-K/causaldata
2007-12-31,Rwanda: gdpPercap,863.0884639,"USD per person, inflation-adjusted",github.com/NickCH-K/causaldata
1952-12-31,Rwanda: lifeExp,40.0,years,github.com/NickCH-K/causaldata
1957-12-31,Rwanda: lifeExp,41.5,years,github.com/NickCH-K/causaldata
1962-12-31,Rwanda: lifeExp,43.0,years,github.com/NickCH-K/causaldata
1967-12-31,Rwanda: lifeExp,44.1,years,github.com/NickCH-K/causaldata
1972-12-31,Rwanda: lifeExp,44.6,years,github.com/NickCH-K/causaldata
1977-12-31,Rwanda: lifeExp,45.0,years,github.com/NickCH-K/causaldata
1982-12-31,Rwanda: lifeExp,46.218,years,github.com/NickCH-K/causaldata
1987-12-31,Rwanda: lifeExp,44.02,years,github.com/NickCH-K/causaldata
1992-12-31,Rwanda: lifeExp,23.599,years,github.com/NickCH-K/causaldata
1997-12-31,Rwanda: lifeExp,36.087,years,github.com/NickCH-K/causaldata
2002-12-31,Rwanda: lifeExp,43.413,years,github.com/NickCH-K/causaldata
2007-12-31,Rwanda: lifeExp,46.242,years,github.com/NickCH-K/causaldata
1952-12-31,Rwanda: pop,2534927.0,people,github.com/NickCH-K/causaldata
1957-12-31,Rwanda: pop,2822082.0,people,github.com/NickCH-K/causaldata
1962-12-31,Rwanda: pop,3051242.0,people,github.com/NickCH-K/causaldata
1967-12-31,Rwanda: pop,3451079.0,people,github.com/NickCH-K/causaldata
1972-12-31,Rwanda: pop,3992121.0,people,github.com/NickCH-K/causaldata
1977-12-31,Rwanda: pop,4657072.0,people,github.com/NickCH-K/causaldata
1982-12-31,Rwanda: pop,5507565.0,people,github.com/NickCH-K/causaldata
1987-12-31,Rwanda: pop,6349365.0,people,github.com/NickCH-K/causaldata
1992-12-31,Rwanda: pop,7290203.0,people,github.com/NickCH-K/causaldata
1997-12-31,Rwanda: pop,7212583.0,people,github.com/NickCH-K/causaldata
2002-12-31,Rwanda: pop,7852401.0,people,github.com/NickCH-K/causaldata
2007-12-31,Rwanda: pop,8860588.0,people,github.com/NickCH-K/causaldata
1952-12-31,Sao Tome and Principe: gdpPercap,879.5835855,"USD per person, inflation-adjusted",github.com/NickCH-K/causaldata
1957-12-31,Sao Tome and Principe: gdpPercap,860.7369026,"USD per person, inflation-adjusted",github.com/NickCH-K/causaldata
1962-12-31,Sao Tome and Principe: gdpPercap,1071.551119,"USD per person, inflation-adjusted",github.com/NickCH-K/causaldata
1967-12-31,Sao Tome and Principe: gdpPercap,1384.840593,"USD per person, inflation-adjusted",github.com/NickCH-K/causaldata
1972-12-31,Sao Tome and Principe: gdpPercap,1532.985254,"USD per person, inflation-adjusted",github.com/NickCH-K/causaldata
1977-12-31,Sao Tome and Principe: gdpPercap,1737.561657,"USD per person, inflation-adjusted",github.com/NickCH-K/causaldata
1982-12-31,Sao Tome and Principe: gdpPercap,1890.218117,"USD per person, inflation-adjusted",github.com/NickCH-K/causaldata
1987-12-31,Sao Tome and Principe: gdpPercap,1516.525457,"USD per person, inflation-adjusted",github.com/NickCH-K/causaldata
1992-12-31,Sao Tome and Principe: gdpPercap,1428.777814,"USD per person, inflation-adjusted",github.com/NickCH-K/causaldata
1997-12-31,Sao Tome and Principe: gdpPercap,1339.076036,"USD per person, inflation-adjusted",github.com/NickCH-K/causaldata
2002-12-31,Sao Tome and Principe: gdpPercap,1353.09239,"USD per person, inflation-adjusted",github.com/NickCH-K/causaldata
2007-12-31,Sao Tome and Principe: gdpPercap,1598.435089,"USD per person, inflation-adjusted",github.com/NickCH-K/causaldata
1952-12-31,Sao Tome and Principe: lifeExp,46.471,years,github.com/NickCH-K/causaldata
1957-12-31,Sao Tome and Principe: lifeExp,48.945,years,github.com/NickCH-K/causaldata
1962-12-31,Sao Tome and Principe: lifeExp,51.893,years,github.com/NickCH-K/causaldata
1967-12-31,Sao Tome and Principe: lifeExp,54.425,years,github.com/NickCH-K/causaldata
1972-12-31,Sao Tome and Principe: lifeExp,56.48,years,github.com/NickCH-K/causaldata
1977-12-31,Sao Tome and Principe: lifeExp,58.55,years,github.com/NickCH-K/causaldata
1982-12-31,Sao Tome and Principe: lifeExp,60.351,years,github.com/NickCH-K/causaldata
1987-12-31,Sao Tome and Principe: lifeExp,61.728,years,github.com/NickCH-K/causaldata
1992-12-31,Sao Tome and Principe: lifeExp,62.742,years,github.com/NickCH-K/causaldata
1997-12-31,Sao Tome and Principe: lifeExp,63.306,years,github.com/NickCH-K/causaldata
2002-12-31,Sao Tome and Principe: lifeExp,64.337,years,github.com/NickCH-K/causaldata
2007-12-31,Sao Tome and Principe: lifeExp,65.528,years,github.com/NickCH-K/causaldata
1952-12-31,Sao Tome and Principe: pop,60011.0,people,github.com/NickCH-K/causaldata
1957-12-31,Sao Tome and Principe: pop,61325.0,people,github.com/NickCH-K/causaldata
1962-12-31,Sao Tome and Principe: pop,65345.0,people,github.com/NickCH-K/causaldata
1967-12-31,Sao Tome and Principe: pop,70787.0,people,github.com/NickCH-K/causaldata
1972-12-31,Sao Tome and Principe: pop,76595.0,people,github.com/NickCH-K/causaldata
1977-12-31,Sao Tome and Principe: pop,86796.0,people,github.com/NickCH-K/causaldata
1982-12-31,Sao Tome and Principe: pop,98593.0,people,github.com/NickCH-K/causaldata
1987-12-31,Sao Tome and Principe: pop,110812.0,people,github.com/NickCH-K/causaldata
1992-12-31,Sao Tome and Principe: pop,125911.0,people,github.com/NickCH-K/causaldata
1997-12-31,Sao Tome and Principe: pop,145608.0,people,github.com/NickCH-K/causaldata
2002-12-31,Sao Tome and Principe: pop,170372.0,people,github.com/NickCH-K/causaldata
2007-12-31,Sao Tome and Principe: pop,199579.0,people,github.com/NickCH-K/causaldata
1952-12-31,Saudi Arabia: gdpPercap,6459.554823,"USD per person, inflation-adjusted",github.com/NickCH-K/causaldata
1957-12-31,Saudi Arabia: gdpPercap,8157.591248,"USD per person, inflation-adjusted",github.com/NickCH-K/causaldata
1962-12-31,Saudi Arabia: gdpPercap,11626.41975,"USD per person, inflation-adjusted",github.com/NickCH-K/causaldata
1967-12-31,Saudi Arabia: gdpPercap,16903.04886,"USD per person, inflation-adjusted",github.com/NickCH-K/causaldata
1972-12-31,Saudi Arabia: gdpPercap,24837.42865,"USD per person, inflation-adjusted",github.com/NickCH-K/causaldata
1977-12-31,Saudi Arabia: gdpPercap,34167.7626,"USD per person, inflation-adjusted",github.com/NickCH-K/causaldata
1982-12-31,Saudi Arabia: gdpPercap,33693.17525,"USD per person, inflation-adjusted",github.com/NickCH-K/causaldata
1987-12-31,Saudi Arabia: gdpPercap,21198.26136,"USD per person, inflation-adjusted",github.com/NickCH-K/causaldata
1992-12-31,Saudi Arabia: gdpPercap,24841.61777,"USD per person, inflation-adjusted",github.com/NickCH-K/causaldata
1997-12-31,Saudi Arabia: gdpPercap,20586.69019,"USD per person, inflation-adjusted",github.com/NickCH-K/causaldata
2002-12-31,Saudi Arabia: gdpPercap,19014.54118,"USD per person, inflation-adjusted",github.com/NickCH-K/causaldata
2007-12-31,Saudi Arabia: gdpPercap,21654.83194,"USD per person, inflation-adjusted",github.com/NickCH-K/causaldata
1952-12-31,Saudi Arabia: lifeExp,39.875,years,github.com/NickCH-K/causaldata
1957-12-31,Saudi Arabia: lifeExp,42.868,years,github.com/NickCH-K/causaldata
1962-12-31,Saudi Arabia: lifeExp,45.914,years,github.com/NickCH-K/causaldata
1967-12-31,Saudi Arabia: lifeExp,49.901,years,github.com/NickCH-K/causaldata
1972-12-31,Saudi Arabia: lifeExp,53.886,years,github.com/NickCH-K/causaldata
1977-12-31,Saudi Arabia: lifeExp,58.69,years,github.com/NickCH-K/causaldata
1982-12-31,Saudi Arabia: lifeExp,63.012,years,github.com/NickCH-K/causaldata
1987-12-31,Saudi Arabia: lifeExp,66.295,years,github.com/NickCH-K/causaldata
1992-12-31,Saudi Arabia: lifeExp,68.768,years,github.com/NickCH-K/causaldata
1997-12-31,Saudi Arabia: lifeExp,70.533,years,github.com/NickCH-K/causaldata
2002-12-31,Saudi Arabia: lifeExp,71.626,years,github.com/NickCH-K/causaldata
2007-12-31,Saudi Arabia: lifeExp,72.777,years,github.com/NickCH-K/causaldata
1952-12-31,Saudi Arabia: pop,4005677.0,people,github.com/NickCH-K/causaldata
1957-12-31,Saudi Arabia: pop,4419650.0,people,github.com/NickCH-K/causaldata
1962-12-31,Saudi Arabia: pop,4943029.0,people,github.com/NickCH-K/causaldata
1967-12-31,Saudi Arabia: pop,5618198.0,people,github.com/NickCH-K/causaldata
1972-12-31,Saudi Arabia: pop,6472756.0,people,github.com/NickCH-K/causaldata
1977-12-31,Saudi Arabia: pop,8128505.0,people,github.com/NickCH-K/causaldata
1982-12-31,Saudi Arabia: pop,11254672.0,people,github.com/NickCH-K/causaldata
1987-12-31,Saudi Arabia: pop,14619745.0,people,github.com/NickCH-K/causaldata
1992-12-31,Saudi Arabia: pop,16945857.0,people,github.com/NickCH-K/causaldata
1997-12-31,Saudi Arabia: pop,21229759.0,people,github.com/NickCH-K/causaldata
2002-12-31,Saudi Arabia: pop,24501530.0,people,github.com/NickCH-K/causaldata
2007-12-31,Saudi Arabia: pop,27601038.0,people,github.com/NickCH-K/causaldata
1952-12-31,Senegal: gdpPercap,1450.356983,"USD per person, inflation-adjusted",github.com/NickCH-K/causaldata
1957-12-31,Senegal: gdpPercap,1567.653006,"USD per person, inflation-adjusted",github.com/NickCH-K/causaldata
1962-12-31,Senegal: gdpPercap,1654.988723,"USD per person, inflation-adjusted",github.com/NickCH-K/causaldata
1967-12-31,Senegal: gdpPercap,1612.404632,"USD per person, inflation-adjusted",github.com/NickCH-K/causaldata
1972-12-31,Senegal: gdpPercap,1597.712056,"USD per person, inflation-adjusted",github.com/NickCH-K/causaldata
1977-12-31,Senegal: gdpPercap,1561.769116,"USD per person, inflation-adjusted",github.com/NickCH-K/causaldata
1982-12-31,Senegal: gdpPercap,1518.479984,"USD per person, inflation-adjusted",github.com/NickCH-K/causaldata
1987-12-31,Senegal: gdpPercap,1441.72072,"USD per person, inflation-adjusted",github.com/NickCH-K/causaldata
1992-12-31,Senegal: gdpPercap,1367.899369,"USD per person, inflation-adjusted",github.com/NickCH-K/causaldata
1997-12-31,Senegal: gdpPercap,1392.368347,"USD per person, inflation-adjusted",github.com/NickCH-K/causaldata
2002-12-31,Senegal: gdpPercap,1519.635262,"USD per person, inflation-adjusted",github.com/NickCH-K/causaldata
2007-12-31,Senegal: gdpPercap,1712.472136,"USD per person, inflation-adjusted",github.com/NickCH-K/causaldata
1952-12-31,Senegal: lifeExp,37.278,years,github.com/NickCH-K/causaldata
1957-12-31,Senegal: lifeExp,39.329,years,github.com/NickCH-K/causaldata
1962-12-31,Senegal: lifeExp,41.454,years,github.com/NickCH-K/causaldata
1967-12-31,Senegal: lifeExp,43.563,years,github.com/NickCH-K/causaldata
1972-12-31,Senegal: lifeExp,45.815,years,github.com/NickCH-K/causaldata
1977-12-31,Senegal: lifeExp,48.879,years,github.com/NickCH-K/causaldata
1982-12-31,Senegal: lifeExp,52.379,years,github.com/NickCH-K/causaldata
1987-12-31,Senegal: lifeExp,55.769,years,github.com/NickCH-K/causaldata
1992-12-31,Senegal: lifeExp,58.196,years,github.com/NickCH-K/causaldata
1997-12-31,Senegal: lifeExp,60.187,years,github.com/NickCH-K/causaldata
2002-12-31,Senegal: lifeExp,61.6,years,github.com/NickCH-K/causaldata
2007-12-31,Senegal: lifeExp,63.062,years,github.com/NickCH-K/causaldata
1952-12-31,Senegal: pop,2755589.0,people,github.com/NickCH-K/causaldata
1957-12-31,Senegal: pop,3054547.0,people,github.com/NickCH-K/causaldata
1962-12-31,Senegal: pop,3430243.0,people,github.com/NickCH-K/causaldata
1967-12-31,Senegal: pop,3965841.0,people,github.com/NickCH-K/causaldata
1972-12-31,Senegal: pop,4588696.0,people,github.com/NickCH-K/causaldata
1977-12-31,Senegal: pop,5260855.0,people,github.com/NickCH-K/causaldata
1982-12-31,Senegal: pop,6147783.0,people,github.com/NickCH-K/causaldata
1987-12-31,Senegal: pop,7171347.0,people,github.com/NickCH-K/causaldata
1992-12-31,Senegal: pop,8307920.0,people,github.com/NickCH-K/causaldata
1997-12-31,Senegal: pop,9535314.0,people,github.com/NickCH-K/causaldata
2002-12-31,Senegal: pop,10870037.0,people,github.com/NickCH-K/causaldata
2007-12-31,Senegal: pop,12267493.0,people,github.com/NickCH-K/causaldata
1952-12-31,Serbia: gdpPercap,3581.459448,"USD per person, inflation-adjusted",github.com/NickCH-K/causaldata
1957-12-31,Serbia: gdpPercap,4981.090891,"USD per person, inflation-adjusted",github.com/NickCH-K/causaldata
1962-12-31,Serbia: gdpPercap,6289.629157,"USD per person, inflation-adjusted",github.com/NickCH-K/causaldata
1967-12-31,Serbia: gdpPercap,7991.707066,"USD per person, inflation-adjusted",github.com/NickCH-K/causaldata
1972-12-31,Serbia: gdpPercap,10522.06749,"USD per person, inflation-adjusted",github.com/NickCH-K/causaldata
1977-12-31,Serbia: gdpPercap,12980.66956,"USD per person, inflation-adjusted",github.com/NickCH-K/causaldata
1982-12-31,Serbia: gdpPercap,15181.0927,"USD per person, inflation-adjusted",github.com/NickCH-K/causaldata
1987-12-31,Serbia: gdpPercap,15870.87851,"USD per person, inflation-adjusted",github.com/NickCH-K/causaldata
1992-12-31,Serbia: gdpPercap,9325.068238,"USD per person, inflation-adjusted",github.com/NickCH-K/causaldata
1997-12-31,Serbia: gdpPercap,7914.320304,"USD per person, inflation-adjusted",github.com/NickCH-K/causaldata
2002-12-31,Serbia: gdpPercap,7236.075251,"USD per person, inflation-adjusted",github.com/NickCH-K/causaldata
2007-12-31,Serbia: gdpPercap,9786.534714,"USD per person, inflation-adjusted",github.com/NickCH-K/causaldata
1952-12-31,Serbia: lifeExp,57.996,years,github.com/NickCH-K/causaldata
1957-12-31,Serbia: lifeExp,61.685,years,github.com/NickCH-K/causaldata
1962-12-31,Serbia: lifeExp,64.531,years,github.com/NickCH-K/causaldata
1967-12-31,Serbia: lifeExp,66.914,years,github.com/NickCH-K/causaldata
1972-12-31,Serbia: lifeExp,68.7,years,github.com/NickCH-K/causaldata
1977-12-31,Serbia: lifeExp,70.3,years,github.com/NickCH-K/causaldata
1982-12-31,Serbia: lifeExp,70.162,years,github.com/NickCH-K/causaldata
1987-12-31,Serbia: lifeExp,71.218,years,github.com/NickCH-K/causaldata
1992-12-31,Serbia: lifeExp,71.659,years,github.com/NickCH-K/causaldata
1997-12-31,Serbia: lifeExp,72.232,years,github.com/NickCH-K/causaldata
2002-12-31,Serbia: lifeExp,73.213,years,github.com/NickCH-K/causaldata
2007-12-31,Serbia: lifeExp,74.002,years,github.com/NickCH-K/causaldata
1952-12-31,Serbia: pop,6860147.0,people,github.com/NickCH-K/causaldata
1957-12-31,Serbia: pop,7271135.0,people,github.com/NickCH-K/causaldata
1962-12-31,Serbia: pop,7616060.0,people,github.com/NickCH-K/causaldata
1967-12-31,Serbia: pop,7971222.0,people,github.com/NickCH-K/causaldata
1972-12-31,Serbia: pop,8313288.0,people,github.com/NickCH-K/causaldata
1977-12-31,Serbia: pop,8686367.0,people,github.com/NickCH-K/causaldata
1982-12-31,Serbia: pop,9032824.0,people,github.com/NickCH-K/causaldata
1987-12-31,Serbia: pop,9230783.0,people,github.com/NickCH-K/causaldata
1992-12-31,Serbia: pop,9826397.0,people,github.com/NickCH-K/causaldata
1997-12-31,Serbia: pop,10336594.0,people,github.com/NickCH-K/causaldata
2002-12-31,Serbia: pop,10111559.0,people,github.com/NickCH-K/causaldata
2007-12-31,Serbia: pop,10150265.0,people,github.com/NickCH-K/causaldata
1952-12-31,Sierra Leone: gdpPercap,879.7877358,"USD per person, inflation-adjusted",github.com/NickCH-K/causaldata
1957-12-31,Sierra Leone: gdpPercap,1004.484437,"USD per person, inflation-adjusted",github.com/NickCH-K/causaldata
1962-12-31,Sierra Leone: gdpPercap,1116.639877,"USD per person, inflation-adjusted",github.com/NickCH-K/causaldata
1967-12-31,Sierra Leone: gdpPercap,1206.043465,"USD per person, inflation-adjusted",github.com/NickCH-K/causaldata
1972-12-31,Sierra Leone: gdpPercap,1353.759762,"USD per person, inflation-adjusted",github.com/NickCH-K/causaldata
1977-12-31,Sierra Leone: gdpPercap,1348.285159,"USD per person, inflation-adjusted",github.com/NickCH-K/causaldata
1982-12-31,Sierra Leone: gdpPercap,1465.010784,"USD per person, inflation-adjusted",github.com/NickCH-K/causaldata
1987-12-31,Sierra Leone: gdpPercap,1294.447788,"USD per person, inflation-adjusted",github.com/NickCH-K/causaldata
1992-12-31,Sierra Leone: gdpPercap,1068.696278,"USD per person, inflation-adjusted",github.com/NickCH-K/causaldata
1997-12-31,Sierra Leone: gdpPercap,574.6481576,"USD per person, inflation-adjusted",github.com/NickCH-K/causaldata
2002-12-31,Sierra Leone: gdpPercap,699.489713,"USD per person, inflation-adjusted",github.com/NickCH-K/causaldata
2007-12-31,Sierra Leone: gdpPercap,862.5407561,"USD per person, inflation-adjusted",github.com/NickCH-K/causaldata
1952-12-31,Sierra Leone: lifeExp,30.331,years,github.com/NickCH-K/causaldata
1957-12-31,Sierra Leone: lifeExp,31.57,years,github.com/NickCH-K/causaldata
1962-12-31,Sierra Leone: lifeExp,32.767,years,github.com/NickCH-K/causaldata
1967-12-31,Sierra Leone: lifeExp,34.113,years,github.com/NickCH-K/causaldata
1972-12-31,Sierra Leone: lifeExp,35.4,years,github.com/NickCH-K/causaldata
1977-12-31,Sierra Leone: lifeExp,36.788,years,github.com/NickCH-K/causaldata
1982-12-31,Sierra Leone: lifeExp,38.445,years,github.com/NickCH-K/causaldata
1987-12-31,Sierra Leone: lifeExp,40.006,years,github.com/NickCH-K/causaldata
1992-12-31,Sierra Leone: lifeExp,38.333,years,github.com/NickCH-K/causaldata
1997-12-31,Sierra Leone: lifeExp,39.897,years,github.com/NickCH-K/causaldata
2002-12-31,Sierra Leone: lifeExp,41.012,years,github.com/NickCH-K/causaldata
2007-12-31,Sierra Leone: lifeExp,42.568,years,github.com/NickCH-K/causaldata
1952-12-31,Sierra Leone: pop,2143249.0,people,github.com/NickCH-K/causaldata
1957-12-31,Sierra Leone: pop,2295678.0,people,github.com/NickCH-K/causaldata
1962-12-31,Sierra Leone: pop,2467895.0,people,github.com/NickCH-K/causaldata
1967-12-31,Sierra Leone: pop,2662190.0,people,github.com/NickCH-K/causaldata
1972-12-31,Sierra Leone: pop,2879013.0,people,github.com/NickCH-K/causaldata
1977-12-31,Sierra Leone: pop,3140897.0,people,github.com/NickCH-K/causaldata
1982-12-31,Sierra Leone: pop,3464522.0,people,github.com/NickCH-K/causaldata
1987-12-31,Sierra Leone: pop,3868905.0,people,github.com/NickCH-K/causaldata
1992-12-31,Sierra Leone: pop,4260884.0,people,github.com/NickCH-K/causaldata
1997-12-31,Sierra Leone: pop,4578212.0,people,github.com/NickCH-K/causaldata
2002-12-31,Sierra Leone: pop,5359092.0,people,github.com/NickCH-K/causaldata
2007-12-31,Sierra Leone: pop,6144562.0,people,github.com/NickCH-K/causaldata
1952-12-31,Singapore: gdpPercap,2315.138227,"USD per person, inflation-adjusted",github.com/NickCH-K/causaldata
1957-12-31,Singapore: gdpPercap,2843.104409,"USD per person, inflation-adjusted",github.com/NickCH-K/causaldata
1962-12-31,Singapore: gdpPercap,3674.735572,"USD per person, inflation-adjusted",github.com/NickCH-K/causaldata
1967-12-31,Singapore: gdpPercap,4977.41854,"USD per person, inflation-adjusted",github.com/NickCH-K/causaldata
1972-12-31,Singapore: gdpPercap,8597.756202,"USD per person, inflation-adjusted",github.com/NickCH-K/causaldata
1977-12-31,Singapore: gdpPercap,11210.08948,"USD per person, inflation-adjusted",github.com/NickCH-K/causaldata
1982-12-31,Singapore: gdpPercap,15169.16112,"USD per person, inflation-adjusted",github.com/NickCH-K/causaldata
1987-12-31,Singapore: gdpPercap,18861.53081,"USD per person, inflation-adjusted",github.com/NickCH-K/causaldata
1992-12-31,Singapore: gdpPercap,24769.8912,"USD per person, inflation-adjusted",github.com/NickCH-K/causaldata
1997-12-31,Singapore: gdpPercap,33519.4766,"USD per person, inflation-adjusted",github.com/NickCH-K/causaldata
2002-12-31,Singapore: gdpPercap,36023.1054,"USD per person, inflation-adjusted",github.com/NickCH-K/causaldata
2007-12-31,Singapore: gdpPercap,47143.17964,"USD per person, inflation-adjusted",github.com/NickCH-K/causaldata
1952-12-31,Singapore: lifeExp,60.396,years,github.com/NickCH-K/causaldata
1957-12-31,Singapore: lifeExp,63.179,years,github.com/NickCH-K/causaldata
1962-12-31,Singapore: lifeExp,65.798,years,github.com/NickCH-K/causaldata
1967-12-31,Singapore: lifeExp,67.946,years,github.com/NickCH-K/causaldata
1972-12-31,Singapore: lifeExp,69.521,years,github.com/NickCH-K/causaldata
1977-12-31,Singapore: lifeExp,70.795,years,github.com/NickCH-K/causaldata
1982-12-31,Singapore: lifeExp,71.76,years,github.com/NickCH-K/causaldata
1987-12-31,Singapore: lifeExp,73.56,years,github.com/NickCH-K/causaldata
1992-12-31,Singapore: lifeExp,75.788,years,github.com/NickCH-K/causaldata
1997-12-31,Singapore: lifeExp,77.158,years,github.com/NickCH-K/causaldata
2002-12-31,Singapore: lifeExp,78.77,years,github.com/NickCH-K/causaldata
2007-12-31,Singapore: lifeExp,79.972,years,github.com/NickCH-K/causaldata
1952-12-31,Singapore: pop,1127000.0,people,github.com/NickCH-K/causaldata
1957-12-31,Singapore: pop,1445929.0,people,github.com/NickCH-K/causaldata
1962-12-31,Singapore: pop,1750200.0,people,github.com/NickCH-K/causaldata
1967-12-31,Singapore: pop,1977600.0,people,github.com/NickCH-K/causaldata
1972-12-31,Singapore: pop,2152400.0,people,github.com/NickCH-K/causaldata
1977-12-31,Singapore: pop,2325300.0,people,github.com/NickCH-K/causaldata
1982-12-31,Singapore: pop,2651869.0,people,github.com/NickCH-K/causaldata
1987-12-31,Singapore: pop,2794552.0,people,github.com/NickCH-K/causaldata
1992-12-31,Singapore: pop,3235865.0,people,github.com/NickCH-K/causaldata
1997-12-31,Singapore: pop,3802309.0,people,github.com/NickCH-K/causaldata
2002-12-31,Singapore: pop,4197776.0,people,github.com/NickCH-K/causaldata
2007-12-31,Singapore: pop,4553009.0,people,github.com/NickCH-K/causaldata
1952-12-31,Slovak Republic: gdpPercap,5074.659104,"USD per person, inflation-adjusted",github.com/NickCH-K/causaldata
1957-12-31,Slovak Republic: gdpPercap,6093.26298,"USD per person, inflation-adjusted",github.com/NickCH-K/causaldata
1962-12-31,Slovak Republic: gdpPercap,7481.107598,"USD per person, inflation-adjusted",github.com/NickCH-K/causaldata
1967-12-31,Slovak Republic: gdpPercap,8412.902397,"USD per person, inflation-adjusted",github.com/NickCH-K/causaldata
1972-12-31,Slovak Republic: gdpPercap,9674.167626,"USD per person, inflation-adjusted",github.com/NickCH-K/causaldata
1977-12-31,Slovak Republic: gdpPercap,10922.66404,"USD per person, inflation-adjusted",github.com/NickCH-K/causaldata
1982-12-31,Slovak Republic: gdpPercap,11348.54585,"USD per person, inflation-adjusted",github.com/NickCH-K/causaldata
1987-12-31,Slovak Republic: gdpPercap,12037.26758,"USD per person, inflation-adjusted",github.com/NickCH-K/causaldata
1992-12-31,Slovak Republic: gdpPercap,9498.467723,"USD per person, inflation-adjusted",github.com/NickCH-K/causaldata
1997-12-31,Slovak Republic: gdpPercap,12126.23065,"USD per person, inflation-adjusted",github.com/NickCH-K/causaldata
2002-12-31,Slovak Republic: gdpPercap,13638.77837,"USD per person, inflation-adjusted",github.com/NickCH-K/causaldata
2007-12-31,Slovak Republic: gdpPercap,18678.31435,"USD per person, inflation-adjusted",github.com/NickCH-K/causaldata
1952-12-31,Slovak Republic: lifeExp,64.36,years,github.com/NickCH-K/causaldata
1957-12-31,Slovak Republic: lifeExp,67.45,years,github.com/NickCH-K/causaldata
1962-12-31,Slovak Republic: lifeExp,70.33,years,github.com/NickCH-K/causaldata
1967-12-31,Slovak Republic: lifeExp,70.98,years,github.com/NickCH-K/causaldata
1972-12-31,Slovak Republic: lifeExp,70.35,years,github.com/NickCH-K/causaldata
1977-12-31,Slovak Republic: lifeExp,70.45,years,github.com/NickCH-K/causaldata
1982-12-31,Slovak Republic: lifeExp,70.8,years,github.com/NickCH-K/causaldata
1987-12-31,Slovak Republic: lifeExp,71.08,years,github.com/NickCH-K/causaldata
1992-12-31,Slovak Republic: lifeExp,71.38,years,github.com/NickCH-K/causaldata
1997-12-31,Slovak Republic: lifeExp,72.71,years,github.com/NickCH-K/causaldata
2002-12-31,Slovak Republic: lifeExp,73.8,years,github.com/NickCH-K/causaldata
2007-12-31,Slovak Republic: lifeExp,74.663,years,github.com/NickCH-K/causaldata
1952-12-31,Slovak Republic: pop,3558137.0,people,github.com/NickCH-K/causaldata
1957-12-31,Slovak Republic: pop,3844277.0,people,github.com/NickCH-K/causaldata
1962-12-31,Slovak Republic: pop,4237384.0,people,github.com/NickCH-K/causaldata
1967-12-31,Slovak Republic: pop,4442238.0,people,github.com/NickCH-K/causaldata
1972-12-31,Slovak Republic: pop,4593433.0,people,github.com/NickCH-K/causaldata
1977-12-31,Slovak Republic: pop,4827803.0,people,github.com/NickCH-K/causaldata
1982-12-31,Slovak Republic: pop,5048043.0,people,github.com/NickCH-K/causaldata
1987-12-31,Slovak Republic: pop,5199318.0,people,github.com/NickCH-K/causaldata
1992-12-31,Slovak Republic: pop,5302888.0,people,github.com/NickCH-K/causaldata
1997-12-31,Slovak Republic: pop,5383010.0,people,github.com/NickCH-K/causaldata
2002-12-31,Slovak Republic: pop,5410052.0,people,github.com/NickCH-K/causaldata
2007-12-31,Slovak Republic: pop,5447502.0,people,github.com/NickCH-K/causaldata
1952-12-31,Slovenia: gdpPercap,4215.041741,"USD per person, inflation-adjusted",github.com/NickCH-K/causaldata
1957-12-31,Slovenia: gdpPercap,5862.276629,"USD per person, inflation-adjusted",github.com/NickCH-K/causaldata
1962-12-31,Slovenia: gdpPercap,7402.303395,"USD per person, inflation-adjusted",github.com/NickCH-K/causaldata
1967-12-31,Slovenia: gdpPercap,9405.489397,"USD per person, inflation-adjusted",github.com/NickCH-K/causaldata
1972-12-31,Slovenia: gdpPercap,12383.4862,"USD per person, inflation-adjusted",github.com/NickCH-K/causaldata
1977-12-31,Slovenia: gdpPercap,15277.03017,"USD per person, inflation-adjusted",github.com/NickCH-K/causaldata
1982-12-31,Slovenia: gdpPercap,17866.72175,"USD per person, inflation-adjusted",github.com/NickCH-K/causaldata
1987-12-31,Slovenia: gdpPercap,18678.53492,"USD per person, inflation-adjusted",github.com/NickCH-K/causaldata
1992-12-31,Slovenia: gdpPercap,14214.71681,"USD per person, inflation-adjusted",github.com/NickCH-K/causaldata
1997-12-31,Slovenia: gdpPercap,17161.10735,"USD per person, inflation-adjusted",github.com/NickCH-K/causaldata
2002-12-31,Slovenia: gdpPercap,20660.01936,"USD per person, inflation-adjusted",github.com/NickCH-K/causaldata
2007-12-31,Slovenia: gdpPercap,25768.25759,"USD per person, inflation-adjusted",github.com/NickCH-K/causaldata
1952-12-31,Slovenia: lifeExp,65.57,years,github.com/NickCH-K/causaldata
1957-12-31,Slovenia: lifeExp,67.85,years,github.com/NickCH-K/causaldata
1962-12-31,Slovenia: lifeExp,69.15,years,github.com/NickCH-K/causaldata
1967-12-31,Slovenia: lifeExp,69.18,years,github.com/NickCH-K/causaldata
1972-12-31,Slovenia: lifeExp,69.82,years,github.com/NickCH-K/causaldata
1977-12-31,Slovenia: lifeExp,70.97,years,github.com/NickCH-K/causaldata
1982-12-31,Slovenia: lifeExp,71.063,years,github.com/NickCH-K/causaldata
1987-12-31,Slovenia: lifeExp,72.25,years,github.com/NickCH-K/causaldata
1992-12-31,Slovenia: lifeExp,73.64,years,github.com/NickCH-K/causaldata
1997-12-31,Slovenia: lifeExp,75.13,years,github.com/NickCH-K/causaldata
2002-12-31,Slovenia: lifeExp,76.66,years,github.com/NickCH-K/causaldata
2007-12-31,Slovenia: lifeExp,77.926,years,github.com/NickCH-K/causaldata
1952-12-31,Slovenia: pop,1489518.0,people,github.com/NickCH-K/causaldata
1957-12-31,Slovenia: pop,1533070.0,people,github.com/NickCH-K/causaldata
1962-12-31,Slovenia: pop,1582962.0,people,github.com/NickCH-K/causaldata
1967-12-31,Slovenia: pop,1646912.0,people,github.com/NickCH-K/causaldata
1972-12-31,Slovenia: pop,1694510.0,people,github.com/NickCH-K/causaldata
1977-12-31,Slovenia: pop,1746919.0,people,github.com/NickCH-K/causaldata
1982-12-31,Slovenia: pop,1861252.0,people,github.com/NickCH-K/causaldata
1987-12-31,Slovenia: pop,1945870.0,people,github.com/NickCH-K/causaldata
1992-12-31,Slovenia: pop,1999210.0,people,github.com/NickCH-K/causaldata
1997-12-31,Slovenia: pop,2011612.0,people,github.com/NickCH-K/causaldata
2002-12-31,Slovenia: pop,2011497.0,people,github.com/NickCH-K/causaldata
2007-12-31,Slovenia: pop,2009245.0,people,github.com/NickCH-K/causaldata
1952-12-31,Somalia: gdpPercap,1135.749842,"USD per person, inflation-adjusted",github.com/NickCH-K/causaldata
1957-12-31,Somalia: gdpPercap,1258.147413,"USD per person, inflation-adjusted",github.com/NickCH-K/causaldata
1962-12-31,Somalia: gdpPercap,1369.488336,"USD per person, inflation-adjusted",github.com/NickCH-K/causaldata
1967-12-31,Somalia: gdpPercap,1284.73318,"USD per person, inflation-adjusted",github.com/NickCH-K/causaldata
1972-12-31,Somalia: gdpPercap,1254.576127,"USD per person, inflation-adjusted",github.com/NickCH-K/causaldata
1977-12-31,Somalia: gdpPercap,1450.992513,"USD per person, inflation-adjusted",github.com/NickCH-K/causaldata
1982-12-31,Somalia: gdpPercap,1176.807031,"USD per person, inflation-adjusted",github.com/NickCH-K/causaldata
1987-12-31,Somalia: gdpPercap,1093.244963,"USD per person, inflation-adjusted",github.com/NickCH-K/causaldata
1992-12-31,Somalia: gdpPercap,926.9602964,"USD per person, inflation-adjusted",github.com/NickCH-K/causaldata
1997-12-31,Somalia: gdpPercap,930.5964284,"USD per person, inflation-adjusted",github.com/NickCH-K/causaldata
2002-12-31,Somalia: gdpPercap,882.0818218,"USD per person, inflation-adjusted",github.com/NickCH-K/causaldata
2007-12-31,Somalia: gdpPercap,926.1410683,"USD per person, inflation-adjusted",github.com/NickCH-K/causaldata
1952-12-31,Somalia: lifeExp,32.978,years,github.com/NickCH-K/causaldata
1957-12-31,Somalia: lifeExp,34.977,years,github.com/NickCH-K/causaldata
1962-12-31,Somalia: lifeExp,36.981,years,github.com/NickCH-K/causaldata
1967-12-31,Somalia: lifeExp,38.977,years,github.com/NickCH-K/causaldata
1972-12-31,Somalia: lifeExp,40.973,years,github.com/NickCH-K/causaldata
1977-12-31,Somalia: lifeExp,41.974,years,github.com/NickCH-K/causaldata
1982-12-31,Somalia: lifeExp,42.955,years,github.com/NickCH-K/causaldata
1987-12-31,Somalia: lifeExp,44.501,years,github.com/NickCH-K/causaldata
1992-12-31,Somalia: lifeExp,39.658,years,github.com/NickCH-K/causaldata
1997-12-31,Somalia: lifeExp,43.795,years,github.com/NickCH-K/causaldata
2002-12-31,Somalia: lifeExp,45.936,years,github.com/NickCH-K/causaldata
2007-12-31,Somalia: lifeExp,48.159,years,github.com/NickCH-K/causaldata
1952-12-31,Somalia: pop,2526994.0,people,github.com/NickCH-K/causaldata
1957-12-31,Somalia: pop,2780415.0,people,github.com/NickCH-K/causaldata
1962-12-31,Somalia: pop,3080153.0,people,github.com/NickCH-K/causaldata
1967-12-31,Somalia: pop,3428839.0,people,github.com/NickCH-K/causaldata
1972-12-31,Somalia: pop,3840161.0,people,github.com/NickCH-K/causaldata
1977-12-31,Somalia: pop,4353666.0,people,github.com/NickCH-K/causaldata
1982-12-31,Somalia: pop,5828892.0,people,github.com/NickCH-K/causaldata
1987-12-31,Somalia: pop,6921858.0,people,github.com/NickCH-K/causaldata
1992-12-31,Somalia: pop,6099799.0,people,github.com/NickCH-K/causaldata
1997-12-31,Somalia: pop,6633514.0,people,github.com/NickCH-K/causaldata
2002-12-31,Somalia: pop,7753310.0,people,github.com/NickCH-K/causaldata
2007-12-31,Somalia: pop,9118773.0,people,github.com/NickCH-K/causaldata
1952-12-31,South Africa: gdpPercap,4725.295531,"USD per person, inflation-adjusted",github.com/NickCH-K/causaldata
1957-12-31,South Africa: gdpPercap,5487.104219,"USD per person, inflation-adjusted",github.com/NickCH-K/causaldata
1962-12-31,South Africa: gdpPercap,5768.729717,"USD per person, inflation-adjusted",github.com/NickCH-K/causaldata
1967-12-31,South Africa: gdpPercap,7114.477971,"USD per person, inflation-adjusted",github.com/NickCH-K/causaldata
1972-12-31,South Africa: gdpPercap,7765.962636,"USD per person, inflation-adjusted",github.com/NickCH-K/causaldata
1977-12-31,South Africa: gdpPercap,8028.651439,"USD per person, inflation-adjusted",github.com/NickCH-K/causaldata
1982-12-31,South Africa: gdpPercap,8568.266228,"USD per person, inflation-adjusted",github.com/NickCH-K/causaldata
1987-12-31,South Africa: gdpPercap,7825.823398,"USD per person, inflation-adjusted",github.com/NickCH-K/causaldata
1992-12-31,South Africa: gdpPercap,7225.069258,"USD per person, inflation-adjusted",github.com/NickCH-K/causaldata
1997-12-31,South Africa: gdpPercap,7479.188244,"USD per person, inflation-adjusted",github.com/NickCH-K/causaldata
2002-12-31,South Africa: gdpPercap,7710.946444,"USD per person, inflation-adjusted",github.com/NickCH-K/causaldata
2007-12-31,South Africa: gdpPercap,9269.657808,"USD per person, inflation-adjusted",github.com/NickCH-K/causaldata
1952-12-31,South Africa: lifeExp,45.009,years,github.com/NickCH-K/causaldata
1957-12-31,South Africa: lifeExp,47.985,years,github.com/NickCH-K/causaldata
1962-12-31,South Africa: lifeExp,49.951,years,github.com/NickCH-K/causaldata
1967-12-31,South Africa: lifeExp,51.927,years,github.com/NickCH-K/causaldata
1972-12-31,South Africa: lifeExp,53.696,years,github.com/NickCH-K/causaldata
1977-12-31,South Africa: lifeExp,55.527,years,github.com/NickCH-K/causaldata
1982-12-31,South Africa: lifeExp,58.161,years,github.com/NickCH-K/causaldata
1987-12-31,South Africa: lifeExp,60.834,years,github.com/NickCH-K/causaldata
1992-12-31,South Africa: lifeExp,61.888,years,github.com/NickCH-K/causaldata
1997-12-31,South Africa: lifeExp,60.236,years,github.com/NickCH-K/causaldata
2002-12-31,South Africa: lifeExp,53.365,years,github.com/NickCH-K/causaldata
2007-12-31,South Africa: lifeExp,49.339,years,github.com/NickCH-K/causaldata
1952-12-31,South Africa: pop,14264935.0,people,github.com/NickCH-K/causaldata
1957-12-31,South Africa: pop,16151549.0,people,github.com/NickCH-K/causaldata
1962-12-31,South Africa: pop,18356657.0,people,github.com/NickCH-K/causaldata
1967-12-31,South Africa: pop,20997321.0,people,github.com/NickCH-K/causaldata
1972-12-31,South Africa: pop,23935810.0,people,github.com/NickCH-K/causaldata
1977-12-31,South Africa: pop,27129932.0,people,github.com/NickCH-K/causaldata
1982-12-31,South Africa: pop,31140029.0,people,github.com/NickCH-K/causaldata
1987-12-31,South Africa: pop,35933379.0,people,github.com/NickCH-K/causaldata
1992-12-31,South Africa: pop,39964159.0,people,github.com/NickCH-K/causaldata
1997-12-31,South Africa: pop,42835005.0,people,github.com/NickCH-K/causaldata
2002-12-31,South Africa: pop,44433622.0,people,github.com/NickCH-K/causaldata
2007-12-31,South Africa: pop,43997828.0,people,github.com/NickCH-K/causaldata
1952-12-31,Spain: gdpPercap,3834.034742,"USD per person, inflation-adjusted",github.com/NickCH-K/causaldata
1957-12-31,Spain: gdpPercap,4564.80241,"USD per person, inflation-adjusted",github.com/NickCH-K/causaldata
1962-12-31,Spain: gdpPercap,5693.843879,"USD per person, inflation-adjusted",github.com/NickCH-K/causaldata
1967-12-31,Spain: gdpPercap,7993.512294,"USD per person, inflation-adjusted",github.com/NickCH-K/causaldata
1972-12-31,Spain: gdpPercap,10638.75131,"USD per person, inflation-adjusted",github.com/NickCH-K/causaldata
1977-12-31,Spain: gdpPercap,13236.92117,"USD per person, inflation-adjusted",github.com/NickCH-K/causaldata
1982-12-31,Spain: gdpPercap,13926.16997,"USD per person, inflation-adjusted",github.com/NickCH-K/causaldata
1987-12-31,Spain: gdpPercap,15764.98313,"USD per person, inflation-adjusted",github.com/NickCH-K/causaldata
1992-12-31,Spain: gdpPercap,18603.06452,"USD per person, inflation-adjusted",github.com/NickCH-K/causaldata
1997-12-31,Spain: gdpPercap,20445.29896,"USD per person, inflation-adjusted",github.com/NickCH-K/causaldata
2002-12-31,Spain: gdpPercap,24835.47166,"USD per person, inflation-adjusted",github.com/NickCH-K/causaldata
2007-12-31,Spain: gdpPercap,28821.0637,"USD per person, inflation-adjusted",github.com/NickCH-K/causaldata
1952-12-31,Spain: lifeExp,64.94,years,github.com/NickCH-K/causaldata
1957-12-31,Spain: lifeExp,66.66,years,github.com/NickCH-K/causaldata
1962-12-31,Spain: lifeExp,69.69,years,github.com/NickCH-K/causaldata
1967-12-31,Spain: lifeExp,71.44,years,github.com/NickCH-K/causaldata
1972-12-31,Spain: lifeExp,73.06,years,github.com/NickCH-K/causaldata
1977-12-31,Spain: lifeExp,74.39,years,github.com/NickCH-K/causaldata
1982-12-31,Spain: lifeExp,76.3,years,github.com/NickCH-K/causaldata
1987-12-31,Spain: lifeExp,76.9,years,github.com/NickCH-K/causaldata
1992-12-31,Spain: lifeExp,77.57,years,github.com/NickCH-K/causaldata
1997-12-31,Spain: lifeExp,78.77,years,github.com/NickCH-K/causaldata
2002-12-31,Spain: lifeExp,79.78,years,github.com/NickCH-K/causaldata
2007-12-31,Spain: lifeExp,80.941,years,github.com/NickCH-K/causaldata
1952-12-31,Spain: pop,28549870.0,people,github.com/NickCH-K/causaldata
1957-12-31,Spain: pop,29841614.0,people,github.com/NickCH-K/causaldata
1962-12-31,Spain: pop,31158061.0,people,github.com/NickCH-K/causaldata
1967-12-31,Spain: pop,32850275.0,people,github.com/NickCH-K/causaldata
1972-12-31,Spain: pop,34513161.0,people,github.com/NickCH-K/causaldata
1977-12-31,Spain: pop,36439000.0,people,github.com/NickCH-K/causaldata
1982-12-31,Spain: pop,37983310.0,people,github.com/NickCH-K/causaldata
1987-12-31,Spain: pop,38880702.0,people,github.com/NickCH-K/causaldata
1992-12-31,Spain: pop,39549438.0,people,github.com/NickCH-K/causaldata
1997-12-31,Spain: pop,39855442.0,people,github.com/NickCH-K/causaldata
2002-12-31,Spain: pop,40152517.0,people,github.com/NickCH-K/causaldata
2007-12-31,Spain: pop,40448191.0,people,github.com/NickCH-K/causaldata
1952-12-31,Sri Lanka: gdpPercap,1083.53203,"USD per person, inflation-adjusted",github.com/NickCH-K/causaldata
1957-12-31,Sri Lanka: gdpPercap,1072.546602,"USD per person, inflation-adjusted",github.com/NickCH-K/causaldata
1962-12-31,Sri Lanka: gdpPercap,1074.47196,"USD per person, inflation-adjusted",github.com/NickCH-K/causaldata
1967-12-31,Sri Lanka: gdpPercap,1135.514326,"USD per person, inflation-adjusted",github.com/NickCH-K/causaldata
1972-12-31,Sri Lanka: gdpPercap,1213.39553,"USD per person, inflation-adjusted",github.com/NickCH-K/causaldata
1977-12-31,Sri Lanka: gdpPercap,1348.775651,"USD per person, inflation-adjusted",github.com/NickCH-K/causaldata
1982-12-31,Sri Lanka: gdpPercap,1648.079789,"USD per person, inflation-adjusted",github.com/NickCH-K/causaldata
1987-12-31,Sri Lanka: gdpPercap,1876.766827,"USD per person, inflation-adjusted",github.com/NickCH-K/causaldata
1992-12-31,Sri Lanka: gdpPercap,2153.739222,"USD per person, inflation-adjusted",github.com/NickCH-K/causaldata
1997-12-31,Sri Lanka: gdpPercap,2664.477257,"USD per person, inflation-adjusted",github.com/NickCH-K/causaldata
2002-12-31,Sri Lanka: gdpPercap,3015.378833,"USD per person, inflation-adjusted",github.com/NickCH-K/causaldata
2007-12-31,Sri Lanka: gdpPercap,3970.095407,"USD per person, inflation-adjusted",github.com/NickCH-K/causaldata
1952-12-31,Sri Lanka: lifeExp,57.593,years,github.com/NickCH-K/causaldata
1957-12-31,Sri Lanka: lifeExp,61.456,years,github.com/NickCH-K/causaldata
1962-12-31,Sri Lanka: lifeExp,62.192,years,github.com/NickCH-K/causaldata
1967-12-31,Sri Lanka: lifeExp,64.266,years,github.com/NickCH-K/causaldata
1972-12-31,Sri Lanka: lifeExp,65.042,years,github.com/NickCH-K/causaldata
1977-12-31,Sri Lanka: lifeExp,65.949,years,github.com/NickCH-K/causaldata
1982-12-31,Sri Lanka: lifeExp,68.757,years,github.com/NickCH-K/causaldata
1987-12-31,Sri Lanka: lifeExp,69.011,years,github.com/NickCH-K/causaldata
1992-12-31,Sri Lanka: lifeExp,70.379,years,github.com/NickCH-K/causaldata
1997-12-31,Sri Lanka: lifeExp,70.457,years,github.com/NickCH-K/causaldata
2002-12-31,Sri Lanka: lifeExp,70.815,years,github.com/NickCH-K/causaldata
2007-12-31,Sri Lanka: lifeExp,72.396,years,github.com/NickCH-K/causaldata
1952-12-31,Sri Lanka: pop,7982342.0,people,github.com/NickCH-K/causaldata
1957-12-31,Sri Lanka: pop,9128546.0,people,github.com/NickCH-K/causaldata
1962-12-31,Sri Lanka: pop,10421936.0,people,github.com/NickCH-K/causaldata
1967-12-31,Sri Lanka: pop,11737396.0,people,github.com/NickCH-K/causaldata
1972-12-31,Sri Lanka: pop,13016733.0,people,github.com/NickCH-K/causaldata
1977-12-31,Sri Lanka: pop,14116836.0,people,github.com/NickCH-K/causaldata
1982-12-31,Sri Lanka: pop,15410151.0,people,github.com/NickCH-K/causaldata
1987-12-31,Sri Lanka: pop,16495304.0,people,github.com/NickCH-K/causaldata
1992-12-31,Sri Lanka: pop,17587060.0,people,github.com/NickCH-K/causaldata
1997-12-31,Sri Lanka: pop,18698655.0,people,github.com/NickCH-K/causaldata
2002-12-31,Sri Lanka: pop,19576783.0,people,github.com/NickCH-K/causaldata
2007-12-31,Sri Lanka: pop,20378239.0,people,github.com/NickCH-K/causaldata
1952-12-31,Sudan: gdpPercap,1615.991129,"USD per person, inflation-adjusted",github.com/NickCH-K/causaldata
1957-12-31,Sudan: gdpPercap,1770.337074,"USD per person, inflation-adjusted",github.com/NickCH-K/causaldata
1962-12-31,Sudan: gdpPercap,1959.593767,"USD per person, inflation-adjusted",github.com/NickCH-K/causaldata
1967-12-31,Sudan: gdpPercap,1687.997641,"USD per person, inflation-adjusted",github.com/NickCH-K/causaldata
1972-12-31,Sudan: gdpPercap,1659.652775,"USD per person, inflation-adjusted",github.com/NickCH-K/causaldata
1977-12-31,Sudan: gdpPercap,2202.988423,"USD per person, inflation-adjusted",github.com/NickCH-K/causaldata
1982-12-31,Sudan: gdpPercap,1895.544073,"USD per person, inflation-adjusted",github.com/NickCH-K/causaldata
1987-12-31,Sudan: gdpPercap,1507.819159,"USD per person, inflation-adjusted",github.com/NickCH-K/causaldata
1992-12-31,Sudan: gdpPercap,1492.197043,"USD per person, inflation-adjusted",github.com/NickCH-K/causaldata
1997-12-31,Sudan: gdpPercap,1632.210764,"USD per person, inflation-adjusted",github.com/NickCH-K/causaldata
2002-12-31,Sudan: gdpPercap,1993.398314,"USD per person, inflation-adjusted",github.com/NickCH-K/causaldata
2007-12-31,Sudan: gdpPercap,2602.394995,"USD per person, inflation-adjusted",github.com/NickCH-K/causaldata
1952-12-31,Sudan: lifeExp,38.635,years,github.com/NickCH-K/causaldata
1957-12-31,Sudan: lifeExp,39.624,years,github.com/NickCH-K/causaldata
1962-12-31,Sudan: lifeExp,40.87,years,github.com/NickCH-K/causaldata
1967-12-31,Sudan: lifeExp,42.858,years,github.com/NickCH-K/causaldata
1972-12-31,Sudan: lifeExp,45.083,years,github.com/NickCH-K/causaldata
1977-12-31,Sudan: lifeExp,47.8,years,github.com/NickCH-K/causaldata
1982-12-31,Sudan: lifeExp,50.338,years,github.com/NickCH-K/causaldata
1987-12-31,Sudan: lifeExp,51.744,years,github.com/NickCH-K/causaldata
1992-12-31,Sudan: lifeExp,53.556,years,github.com/NickCH-K/causaldata
1997-12-31,Sudan: lifeExp,55.373,years,github.com/NickCH-K/causaldata
2002-12-31,Sudan: lifeExp,56.369,years,github.com/NickCH-K/causaldata
2007-12-31,Sudan: lifeExp,58.556,years,github.com/NickCH-K/causaldata
1952-12-31,Sudan: pop,8504667.0,people,github.com/NickCH-K/causaldata
1957-12-31,Sudan: pop,9753392.0,people,github.com/NickCH-K/causaldata
1962-12-31,Sudan: pop,11183227.0,people,github.com/NickCH-K/causaldata
1967-12-31,Sudan: pop,12716129.0,people,github.com/NickCH-K/causaldata
1972-12-31,Sudan: pop,14597019.0,people,github.com/NickCH-K/causaldata
1977-12-31,Sudan: pop,17104986.0,people,github.com/NickCH-K/causaldata
1982-12-31,Sudan: pop,20367053.0,people,github.com/NickCH-K/causaldata
1987-12-31,Sudan: pop,24725960.0,people,github.com/NickCH-K/causaldata
1992-12-31,Sudan: pop,28227588.0,people,github.com/NickCH-K/causaldata
1997-12-31,Sudan: pop,32160729.0,people,github.com/NickCH-K/causaldata
2002-12-31,Sudan: pop,37090298.0,people,github.com/NickCH-K/causaldata
2007-12-31,Sudan: pop,42292929.0,people,github.com/NickCH-K/causaldata
1952-12-31,Swaziland: gdpPercap,1148.376626,"USD per person, inflation-adjusted",github.com/NickCH-K/causaldata
1957-12-31,Swaziland: gdpPercap,1244.708364,"USD per person, inflation-adjusted",github.com/NickCH-K/causaldata
1962-12-31,Swaziland: gdpPercap,1856.182125,"USD per person, inflation-adjusted",github.com/NickCH-K/causaldata
1967-12-31,Swaziland: gdpPercap,2613.101665,"USD per person, inflation-adjusted",github.com/NickCH-K/causaldata
1972-12-31,Swaziland: gdpPercap,3364.836625,"USD per person, inflation-adjusted",github.com/NickCH-K/causaldata
1977-12-31,Swaziland: gdpPercap,3781.410618,"USD per person, inflation-adjusted",github.com/NickCH-K/causaldata
1982-12-31,Swaziland: gdpPercap,3895.384018,"USD per person, inflation-adjusted",github.com/NickCH-K/causaldata
1987-12-31,Swaziland: gdpPercap,3984.839812,"USD per person, inflation-adjusted",github.com/NickCH-K/causaldata
1992-12-31,Swaziland: gdpPercap,3553.0224,"USD per person, inflation-adjusted",github.com/NickCH-K/causaldata
1997-12-31,Swaziland: gdpPercap,3876.76846,"USD per person, inflation-adjusted",github.com/NickCH-K/causaldata
2002-12-31,Swaziland: gdpPercap,4128.116943,"USD per person, inflation-adjusted",github.com/NickCH-K/causaldata
2007-12-31,Swaziland: gdpPercap,4513.480643,"USD per person, inflation-adjusted",github.com/NickCH-K/causaldata
1952-12-31,Swaziland: lifeExp,41.407,years,github.com/NickCH-K/causaldata
1957-12-31,Swaziland: lifeExp,43.424,years,github.com/NickCH-K/causaldata
1962-12-31,Swaziland: lifeExp,44.992,years,github.com/NickCH-K/causaldata
1967-12-31,Swaziland: lifeExp,46.633,years,github.com/NickCH-K/causaldata
1972-12-31,Swaziland: lifeExp,49.552,years,github.com/NickCH-K/causaldata
1977-12-31,Swaziland: lifeExp,52.537,years,github.com/NickCH-K/causaldata
1982-12-31,Swaziland: lifeExp,55.561,years,github.com/NickCH-K/causaldata
1987-12-31,Swaziland: lifeExp,57.678,years,github.com/NickCH-K/causaldata
1992-12-31,Swaziland: lifeExp,58.474,years,github.com/NickCH-K/causaldata
1997-12-31,Swaziland: lifeExp,54.289,years,github.com/NickCH-K/causaldata
2002-12-31,Swaziland: lifeExp,43.869,years,github.com/NickCH-K/causaldata
2007-12-31,Swaziland: lifeExp,39.613,years,github.com/NickCH-K/causaldata
1952-12-31,Swaziland: pop,290243.0,people,github.com/NickCH-K/causaldata
1957-12-31,Swaziland: pop,326741.0,people,github.com/NickCH-K/causaldata
1962-12-31,Swaziland: pop,370006.0,people,github.com/NickCH-K/causaldata
1967-12-31,Swaziland: pop,420690.0,people,github.com/NickCH-K/causaldata
1972-12-31,Swaziland: pop,480105.0,people,github.com/NickCH-K/causaldata
1977-12-31,Swaziland: pop,551425.0,people,github.com/NickCH-K/causaldata
1982-12-31,Swaziland: pop,649901.0,people,github.com/NickCH-K/causaldata
1987-12-31,Swaziland: pop,779348.0,people,github.com/NickCH-K/causaldata
1992-12-31,Swaziland: pop,962344.0,people,github.com/NickCH-K/causaldata
1997-12-31,Swaziland: pop,1054486.0,people,github.com/NickCH-K/causaldata
2002-12-31,Swaziland: pop,1130269.0,people,github.com/NickCH-K/causaldata
2007-12-31,Swaziland: pop,1133066.0,people,github.com/NickCH-K/causaldata
1952-12-31,Sweden: gdpPercap,8527.844662,"USD per person, inflation-adjusted",github.com/NickCH-K/causaldata
1957-12-31,Sweden: gdpPercap,9911.878226,"USD per person, inflation-adjusted",github.com/NickCH-K/causaldata
1962-12-31,Sweden: gdpPercap,12329.44192,"USD per person, inflation-adjusted",github.com/NickCH-K/causaldata
1967-12-31,Sweden: gdpPercap,15258.29697,"USD per person, inflation-adjusted",github.com/NickCH-K/causaldata
1972-12-31,Sweden: gdpPercap,17832.02464,"USD per person, inflation-adjusted",github.com/NickCH-K/causaldata
1977-12-31,Sweden: gdpPercap,18855.72521,"USD per person, inflation-adjusted",github.com/NickCH-K/causaldata
1982-12-31,Sweden: gdpPercap,20667.38125,"USD per person, inflation-adjusted",github.com/NickCH-K/causaldata
1987-12-31,Sweden: gdpPercap,23586.92927,"USD per person, inflation-adjusted",github.com/NickCH-K/causaldata
1992-12-31,Sweden: gdpPercap,23880.01683,"USD per person, inflation-adjusted",github.com/NickCH-K/causaldata
1997-12-31,Sweden: gdpPercap,25266.59499,"USD per person, inflation-adjusted",github.com/NickCH-K/causaldata
2002-12-31,Sweden: gdpPercap,29341.63093,"USD per person, inflation-adjusted",github.com/NickCH-K/causaldata
2007-12-31,Sweden: gdpPercap,33859.74835,"USD per person, inflation-adjusted",github.com/NickCH-K/causaldata
1952-12-31,Sweden: lifeExp,71.86,years,github.com/NickCH-K/causaldata
1957-12-31,Sweden: lifeExp,72.49,years,github.com/NickCH-K/causaldata
1962-12-31,Sweden: lifeExp,73.37,years,github.com/NickCH-K/causaldata
1967-12-31,Sweden: lifeExp,74.16,years,github.com/NickCH-K/causaldata
1972-12-31,Sweden: lifeExp,74.72,years,github.com/NickCH-K/causaldata
1977-12-31,Sweden: lifeExp,75.44,years,github.com/NickCH-K/causaldata
1982-12-31,Sweden: lifeExp,76.42,years,github.com/NickCH-K/causaldata
1987-12-31,Sweden: lifeExp,77.19,years,github.com/NickCH-K/causaldata
1992-12-31,Sweden: lifeExp,78.16,years,github.com/NickCH-K/causaldata
1997-12-31,Sweden: lifeExp,79.39,years,github.com/NickCH-K/causaldata
2002-12-31,Sweden: lifeExp,80.04,years,github.com/NickCH-K/causaldata
2007-12-31,Sweden: lifeExp,80.884,years,github.com/NickCH-K/causaldata
1952-12-31,Sweden: pop,7124673.0,people,github.com/NickCH-K/causaldata
1957-12-31,Sweden: pop,7363802.0,people,github.com/NickCH-K/causaldata
1962-12-31,Sweden: pop,7561588.0,people,github.com/NickCH-K/causaldata
1967-12-31,Sweden: pop,7867931.0,people,github.com/NickCH-K/causaldata
1972-12-31,Sweden: pop,8122293.0,people,github.com/NickCH-K/causaldata
1977-12-31,Sweden: pop,8251648.0,people,github.com/NickCH-K/causaldata
1982-12-31,Sweden: pop,8325260.0,people,github.com/NickCH-K/causaldata
1987-12-31,Sweden: pop,8421403.0,people,github.com/NickCH-K/causaldata
1992-12-31,Sweden: pop,8718867.0,people,github.com/NickCH-K/causaldata
1997-12-31,Sweden: pop,8897619.0,people,github.com/NickCH-K/causaldata
2002-12-31,Sweden: pop,8954175.0,people,github.com/NickCH-K/causaldata
2007-12-31,Sweden: pop,9031088.0,people,github.com/NickCH-K/causaldata
1952-12-31,Switzerland: gdpPercap,14734.23275,"USD per person, inflation-adjusted",github.com/NickCH-K/causaldata
1957-12-31,Switzerland: gdpPercap,17909.48973,"USD per person, inflation-adjusted",github.com/NickCH-K/causaldata
1962-12-31,Switzerland: gdpPercap,20431.0927,"USD per person, inflation-adjusted",github.com/NickCH-K/causaldata
1967-12-31,Switzerland: gdpPercap,22966.14432,"USD per person, inflation-adjusted",github.com/NickCH-K/causaldata
1972-12-31,Switzerland: gdpPercap,27195.11304,"USD per person, inflation-adjusted",github.com/NickCH-K/causaldata
1977-12-31,Switzerland: gdpPercap,26982.29052,"USD per person, inflation-adjusted",github.com/NickCH-K/causaldata
1982-12-31,Switzerland: gdpPercap,28397.71512,"USD per person, inflation-adjusted",github.com/NickCH-K/causaldata
1987-12-31,Switzerland: gdpPercap,30281.70459,"USD per person, inflation-adjusted",github.com/NickCH-K/causaldata
1992-12-31,Switzerland: gdpPercap,31871.5303,"USD per person, inflation-adjusted",github.com/NickCH-K/causaldata
1997-12-31,Switzerland: gdpPercap,32135.32301,"USD per person, inflation-adjusted",github.com/NickCH-K/causaldata
2002-12-31,Switzerland: gdpPercap,34480.95771,"USD per person, inflation-adjusted",github.com/NickCH-K/causaldata
2007-12-31,Switzerland: gdpPercap,37506.41907,"USD per person, inflation-adjusted",github.com/NickCH-K/causaldata
1952-12-31,Switzerland: lifeExp,69.62,years,github.com/NickCH-K/causaldata
1957-12-31,Switzerland: lifeExp,70.56,years,github.com/NickCH-K/causaldata
1962-12-31,Switzerland: lifeExp,71.32,years,github.com/NickCH-K/causaldata
1967-12-31,Switzerland: lifeExp,72.77,years,github.com/NickCH-K/causaldata
1972-12-31,Switzerland: lifeExp,73.78,years,github.com/NickCH-K/causaldata
1977-12-31,Switzerland: lifeExp,75.39,years,github.com/NickCH-K/causaldata
1982-12-31,Switzerland: lifeExp,76.21,years,github.com/NickCH-K/causaldata
1987-12-31,Switzerland: lifeExp,77.41,years,github.com/NickCH-K/causaldata
1992-12-31,Switzerland: lifeExp,78.03,years,github.com/NickCH-K/causaldata
1997-12-31,Switzerland: lifeExp,79.37,years,github.com/NickCH-K/causaldata
2002-12-31,Switzerland: lifeExp,80.62,years,github.com/NickCH-K/causaldata
2007-12-31,Switzerland: lifeExp,81.701,years,github.com/NickCH-K/causaldata
1952-12-31,Switzerland: pop,4815000.0,people,github.com/NickCH-K/causaldata
1957-12-31,Switzerland: pop,5126000.0,people,github.com/NickCH-K/causaldata
1962-12-31,Switzerland: pop,5666000.0,people,github.com/NickCH-K/causaldata
1967-12-31,Switzerland: pop,6063000.0,people,github.com/NickCH-K/causaldata
1972-12-31,Switzerland: pop,6401400.0,people,github.com/NickCH-K/causaldata
1977-12-31,Switzerland: pop,6316424.0,people,github.com/NickCH-K/causaldata
1982-12-31,Switzerland: pop,6468126.0,people,github.com/NickCH-K/causaldata
1987-12-31,Switzerland: pop,6649942.0,people,github.com/NickCH-K/causaldata
1992-12-31,Switzerland: pop,6995447.0,people,github.com/NickCH-K/causaldata
1997-12-31,Switzerland: pop,7193761.0,people,github.com/NickCH-K/causaldata
2002-12-31,Switzerland: pop,7361757.0,people,github.com/NickCH-K/causaldata
2007-12-31,Switzerland: pop,7554661.0,people,github.com/NickCH-K/causaldata
1952-12-31,Syria: gdpPercap,1643.485354,"USD per person, inflation-adjusted",github.com/NickCH-K/causaldata
1957-12-31,Syria: gdpPercap,2117.234893,"USD per person, inflation-adjusted",github.com/NickCH-K/causaldata
1962-12-31,Syria: gdpPercap,2193.037133,"USD per person, inflation-adjusted",github.com/NickCH-K/causaldata
1967-12-31,Syria: gdpPercap,1881.923632,"USD per person, inflation-adjusted",github.com/NickCH-K/causaldata
1972-12-31,Syria: gdpPercap,2571.423014,"USD per person, inflation-adjusted",github.com/NickCH-K/causaldata
1977-12-31,Syria: gdpPercap,3195.484582,"USD per person, inflation-adjusted",github.com/NickCH-K/causaldata
1982-12-31,Syria: gdpPercap,3761.837715,"USD per person, inflation-adjusted",github.com/NickCH-K/causaldata
1987-12-31,Syria: gdpPercap,3116.774285,"USD per person, inflation-adjusted",github.com/NickCH-K/causaldata
1992-12-31,Syria: gdpPercap,3340.542768,"USD per person, inflation-adjusted",github.com/NickCH-K/causaldata
1997-12-31,Syria: gdpPercap,4014.238972,"USD per person, inflation-adjusted",github.com/NickCH-K/causaldata
2002-12-31,Syria: gdpPercap,4090.925331,"USD per person, inflation-adjusted",github.com/NickCH-K/causaldata
2007-12-31,Syria: gdpPercap,4184.548089,"USD per person, inflation-adjusted",github.com/NickCH-K/causaldata
1952-12-31,Syria: lifeExp,45.883,years,github.com/NickCH-K/causaldata
1957-12-31,Syria: lifeExp,48.284,years,github.com/NickCH-K/causaldata
1962-12-31,Syria: lifeExp,50.305,years,github.com/NickCH-K/causaldata
1967-12-31,Syria: lifeExp,53.655,years,github.com/NickCH-K/causaldata
1972-12-31,Syria: lifeExp,57.296,years,github.com/NickCH-K/causaldata
1977-12-31,Syria: lifeExp,61.195,years,github.com/NickCH-K/causaldata
1982-12-31,Syria: lifeExp,64.59,years,github.com/NickCH-K/causaldata
1987-12-31,Syria: lifeExp,66.974,years,github.com/NickCH-K/causaldata
1992-12-31,Syria: lifeExp,69.249,years,github.com/NickCH-K/causaldata
1997-12-31,Syria: lifeExp,71.527,years,github.com/NickCH-K/causaldata
2002-12-31,Syria: lifeExp,73.053,years,github.com/NickCH-K/causaldata
2007-12-31,Syria: lifeExp,74.143,years,github.com/NickCH-K/causaldata
1952-12-31,Syria: pop,3661549.0,people,github.com/NickCH-K/causaldata
1957-12-31,Syria: pop,4149908.0,people,github.com/NickCH-K/causaldata
1962-12-31,Syria: pop,4834621.0,people,github.com/NickCH-K/causaldata
1967-12-31,Syria: pop,5680812.0,people,github.com/NickCH-K/causaldata
1972-12-31,Syria: pop,6701172.0,people,github.com/NickCH-K/causaldata
1977-12-31,Syria: pop,7932503.0,people,github.com/NickCH-K/causaldata
1982-12-31,Syria: pop,9410494.0,people,github.com/NickCH-K/causaldata
1987-12-31,Syria: pop,11242847.0,people,github.com/NickCH-K/causaldata
1992-12-31,Syria: pop,13219062.0,people,github.com/NickCH-K/causaldata
1997-12-31,Syria: pop,15081016.0,people,github.com/NickCH-K/causaldata
2002-12-31,Syria: pop,17155814.0,people,github.com/NickCH-K/causaldata
2007-12-31,Syria: pop,19314747.0,people,github.com/NickCH-K/causaldata
1952-12-31,Taiwan: gdpPercap,1206.947913,"USD per person, inflation-adjusted",github.com/NickCH-K/causaldata
1957-12-31,Taiwan: gdpPercap,1507.86129,"USD per person, inflation-adjusted",github.com/NickCH-K/causaldata
1962-12-31,Taiwan: gdpPercap,1822.879028,"USD per person, inflation-adjusted",github.com/NickCH-K/causaldata
1967-12-31,Taiwan: gdpPercap,2643.858681,"USD per person, inflation-adjusted",github.com/NickCH-K/causaldata
1972-12-31,Taiwan: gdpPercap,4062.523897,"USD per person, inflation-adjusted",github.com/NickCH-K/causaldata
1977-12-31,Taiwan: gdpPercap,5596.519826,"USD per person, inflation-adjusted",github.com/NickCH-K/causaldata
1982-12-31,Taiwan: gdpPercap,7426.354774,"USD per person, inflation-adjusted",github.com/NickCH-K/causaldata
1987-12-31,Taiwan: gdpPercap,11054.56175,"USD per person, inflation-adjusted",github.com/NickCH-K/causaldata
1992-12-31,Taiwan: gdpPercap,15215.6579,"USD per person, inflation-adjusted",github.com/NickCH-K/causaldata
1997-12-31,Taiwan: gdpPercap,20206.82098,"USD per person, inflation-adjusted",github.com/NickCH-K/causaldata
2002-12-31,Taiwan: gdpPercap,23235.42329,"USD per person, inflation-adjusted",github.com/NickCH-K/causaldata
2007-12-31,Taiwan: gdpPercap,28718.27684,"USD per person, inflation-adjusted",github.com/NickCH-K/causaldata
1952-12-31,Taiwan: lifeExp,58.5,years,github.com/NickCH-K/causaldata
1957-12-31,Taiwan: lifeExp,62.4,years,github.com/NickCH-K/causaldata
1962-12-31,Taiwan: lifeExp,65.2,years,github.com/NickCH-K/causaldata
1967-12-31,Taiwan: lifeExp,67.5,years,github.com/NickCH-K/causaldata
1972-12-31,Taiwan: lifeExp,69.39,years,github.com/NickCH-K/causaldata
1977-12-31,Taiwan: lifeExp,70.59,years,github.com/NickCH-K/causaldata
1982-12-31,Taiwan: lifeExp,72.16,years,github.com/NickCH-K/causaldata
1987-12-31,Taiwan: lifeExp,73.4,years,github.com/NickCH-K/causaldata
1992-12-31,Taiwan: lifeExp,74.26,years,github.com/NickCH-K/causaldata
1997-12-31,Taiwan: lifeExp,75.25,years,github.com/NickCH-K/causaldata
2002-12-31,Taiwan: lifeExp,76.99,years,github.com/NickCH-K/causaldata
2007-12-31,Taiwan: lifeExp,78.4,years,github.com/NickCH-K/causaldata
1952-12-31,Taiwan: pop,8550362.0,people,github.com/NickCH-K/causaldata
1957-12-31,Taiwan: pop,10164215.0,people,github.com/NickCH-K/causaldata
1962-12-31,Taiwan: pop,11918938.0,people,github.com/NickCH-K/causaldata
1967-12-31,Taiwan: pop,13648692.0,people,github.com/NickCH-K/causaldata
1972-12-31,Taiwan: pop,15226039.0,people,github.com/NickCH-K/causaldata
1977-12-31,Taiwan: pop,16785196.0,people,github.com/NickCH-K/causaldata
1982-12-31,Taiwan: pop,18501390.0,people,github.com/NickCH-K/causaldata
1987-12-31,Taiwan: pop,19757799.0,people,github.com/NickCH-K/causaldata
1992-12-31,Taiwan: pop,20686918.0,people,github.com/NickCH-K/causaldata
1997-12-31,Taiwan: pop,21628605.0,people,github.com/NickCH-K/causaldata
2002-12-31,Taiwan: pop,22454239.0,people,github.com/NickCH-K/causaldata
2007-12-31,Taiwan: pop,23174294.0,people,github.com/NickCH-K/causaldata
1952-12-31,Tanzania: gdpPercap,716.6500721,"USD per person, inflation-adjusted",github.com/NickCH-K/causaldata
1957-12-31,Tanzania: gdpPercap,698.5356073,"USD per person, inflation-adjusted",github.com/NickCH-K/causaldata
1962-12-31,Tanzania: gdpPercap,722.0038073,"USD per person, inflation-adjusted",github.com/NickCH-K/causaldata
1967-12-31,Tanzania: gdpPercap,848.2186575,"USD per person, inflation-adjusted",github.com/NickCH-K/causaldata
1972-12-31,Tanzania: gdpPercap,915.9850592,"USD per person, inflation-adjusted",github.com/NickCH-K/causaldata
1977-12-31,Tanzania: gdpPercap,962.4922932,"USD per person, inflation-adjusted",github.com/NickCH-K/causaldata
1982-12-31,Tanzania: gdpPercap,874.2426069,"USD per person, inflation-adjusted",github.com/NickCH-K/causaldata
1987-12-31,Tanzania: gdpPercap,831.8220794,"USD per person, inflation-adjusted",github.com/NickCH-K/causaldata
1992-12-31,Tanzania: gdpPercap,825.682454,"USD per person, inflation-adjusted",github.com/NickCH-K/causaldata
1997-12-31,Tanzania: gdpPercap,789.1862231,"USD per person, inflation-adjusted",github.com/NickCH-K/causaldata
2002-12-31,Tanzania: gdpPercap,899.0742111,"USD per person, inflation-adjusted",github.com/NickCH-K/causaldata
2007-12-31,Tanzania: gdpPercap,1107.482182,"USD per person, inflation-adjusted",github.com/NickCH-K/causaldata
1952-12-31,Tanzania: lifeExp,41.215,years,github.com/NickCH-K/causaldata
1957-12-31,Tanzania: lifeExp,42.974,years,github.com/NickCH-K/causaldata
1962-12-31,Tanzania: lifeExp,44.246,years,github.com/NickCH-K/causaldata
1967-12-31,Tanzania: lifeExp,45.757,years,github.com/NickCH-K/causaldata
1972-12-31,Tanzania: lifeExp,47.62,years,github.com/NickCH-K/causaldata
1977-12-31,Tanzania: lifeExp,49.919,years,github.com/NickCH-K/causaldata
1982-12-31,Tanzania: lifeExp,50.608,years,github.com/NickCH-K/causaldata
1987-12-31,Tanzania: lifeExp,51.535,years,github.com/NickCH-K/causaldata
1992-12-31,Tanzania: lifeExp,50.44,years,github.com/NickCH-K/causaldata
1997-12-31,Tanzania: lifeExp,48.466,years,github.com/NickCH-K/causaldata
2002-12-31,Tanzania: lifeExp,49.651,years,github.com/NickCH-K/causaldata
2007-12-31,Tanzania: lifeExp,52.517,years,github.com/NickCH-K/causaldata
1952-12-31,Tanzania: pop,8322925.0,people,github.com/NickCH-K/causaldata
1957-12-31,Tanzania: pop,9452826.0,people,github.com/NickCH-K/causaldata
1962-12-31,Tanzania: pop,10863958.0,people,github.com/NickCH-K/causaldata
1967-12-31,Tanzania: pop,12607312.0,people,github.com/NickCH-K/causaldata
1972-12-31,Tanzania: pop,14706593.0,people,github.com/NickCH-K/causaldata
1977-12-31,Tanzania: pop,17129565.0,people,github.com/NickCH-K/causaldata
1982-12-31,Tanzania: pop,19844382.0,people,github.com/NickCH-K/causaldata
1987-12-31,Tanzania: pop,23040630.0,people,github.com/NickCH-K/causaldata
1992-12-31,Tanzania: pop,26605473.0,people,github.com/NickCH-K/causaldata
1997-12-31,Tanzania: pop,30686889.0,people,github.com/NickCH-K/causaldata
2002-12-31,Tanzania: pop,34593779.0,people,github.com/NickCH-K/causaldata
2007-12-31,Tanzania: pop,38139640.0,people,github.com/NickCH-K/causaldata
1952-12-31,Thailand: gdpPercap,757.7974177,"USD per person, inflation-adjusted",github.com/NickCH-K/causaldata
1957-12-31,Thailand: gdpPercap,793.5774148,"USD per person, inflation-adjusted",github.com/NickCH-K/causaldata
1962-12-31,Thailand: gdpPercap,1002.199172,"USD per person, inflation-adjusted",github.com/NickCH-K/causaldata
1967-12-31,Thailand: gdpPercap,1295.46066,"USD per person, inflation-adjusted",github.com/NickCH-K/causaldata
1972-12-31,Thailand: gdpPercap,1524.358936,"USD per person, inflation-adjusted",github.com/NickCH-K/causaldata
1977-12-31,Thailand: gdpPercap,1961.224635,"USD per person, inflation-adjusted",github.com/NickCH-K/causaldata
1982-12-31,Thailand: gdpPercap,2393.219781,"USD per person, inflation-adjusted",github.com/NickCH-K/causaldata
1987-12-31,Thailand: gdpPercap,2982.653773,"USD per person, inflation-adjusted",github.com/NickCH-K/causaldata
1992-12-31,Thailand: gdpPercap,4616.896545,"USD per person, inflation-adjusted",github.com/NickCH-K/causaldata
1997-12-31,Thailand: gdpPercap,5852.625497,"USD per person, inflation-adjusted",github.com/NickCH-K/causaldata
2002-12-31,Thailand: gdpPercap,5913.187529,"USD per person, inflation-adjusted",github.com/NickCH-K/causaldata
2007-12-31,Thailand: gdpPercap,7458.396327,"USD per person, inflation-adjusted",github.com/NickCH-K/causaldata
1952-12-31,Thailand: lifeExp,50.848,years,github.com/NickCH-K/causaldata
1957-12-31,Thailand: lifeExp,53.63,years,github.com/NickCH-K/causaldata
1962-12-31,Thailand: lifeExp,56.061,years,github.com/NickCH-K/causaldata
1967-12-31,Thailand: lifeExp,58.285,years,github.com/NickCH-K/causaldata
1972-12-31,Thailand: lifeExp,60.405,years,github.com/NickCH-K/causaldata
1977-12-31,Thailand: lifeExp,62.494,years,github.com/NickCH-K/causaldata
1982-12-31,Thailand: lifeExp,64.597,years,github.com/NickCH-K/causaldata
1987-12-31,Thailand: lifeExp,66.084,years,github.com/NickCH-K/causaldata
1992-12-31,Thailand: lifeExp,67.298,years,github.com/NickCH-K/causaldata
1997-12-31,Thailand: lifeExp,67.521,years,github.com/NickCH-K/causaldata
2002-12-31,Thailand: lifeExp,68.564,years,github.com/NickCH-K/causaldata
2007-12-31,Thailand: lifeExp,70.616,years,github.com/NickCH-K/causaldata
1952-12-31,Thailand: pop,21289402.0,people,github.com/NickCH-K/causaldata
1957-12-31,Thailand: pop,25041917.0,people,github.com/NickCH-K/causaldata
1962-12-31,Thailand: pop,29263397.0,people,github.com/NickCH-K/causaldata
1967-12-31,Thailand: pop,34024249.0,people,github.com/NickCH-K/causaldata
1972-12-31,Thailand: pop,39276153.0,people,github.com/NickCH-K/causaldata
1977-12-31,Thailand: pop,44148285.0,people,github.com/NickCH-K/causaldata
1982-12-31,Thailand: pop,48827160.0,people,github.com/NickCH-K/causaldata
1987-12-31,Thailand: pop,52910342.0,people,github.com/NickCH-K/causaldata
1992-12-31,Thailand: pop,56667095.0,people,github.com/NickCH-K/causaldata
1997-12-31,Thailand: pop,60216677.0,people,github.com/NickCH-K/causaldata
2002-12-31,Thailand: pop,62806748.0,people,github.com/NickCH-K/causaldata
2007-12-31,Thailand: pop,65068149.0,people,github.com/NickCH-K/causaldata
1952-12-31,Togo: gdpPercap,859.8086567,"USD per person, inflation-adjusted",github.com/NickCH-K/causaldata
1957-12-31,Togo: gdpPercap,925.9083202,"USD per person, inflation-adjusted",github.com/NickCH-K/causaldata
1962-12-31,Togo: gdpPercap,1067.53481,"USD per person, inflation-adjusted",github.com/NickCH-K/causaldata
1967-12-31,Togo: gdpPercap,1477.59676,"USD per person, inflation-adjusted",github.com/NickCH-K/causaldata
1972-12-31,Togo: gdpPercap,1649.660188,"USD per person, inflation-adjusted",github.com/NickCH-K/causaldata
1977-12-31,Togo: gdpPercap,1532.776998,"USD per person, inflation-adjusted",github.com/NickCH-K/causaldata
1982-12-31,Togo: gdpPercap,1344.577953,"USD per person, inflation-adjusted",github.com/NickCH-K/causaldata
1987-12-31,Togo: gdpPercap,1202.201361,"USD per person, inflation-adjusted",github.com/NickCH-K/causaldata
1992-12-31,Togo: gdpPercap,1034.298904,"USD per person, inflation-adjusted",github.com/NickCH-K/causaldata
1997-12-31,Togo: gdpPercap,982.2869243,"USD per person, inflation-adjusted",github.com/NickCH-K/causaldata
2002-12-31,Togo: gdpPercap,886.2205765,"USD per person, inflation-adjusted",github.com/NickCH-K/causaldata
2007-12-31,Togo: gdpPercap,882.9699438,"USD per person, inflation-adjusted",github.com/NickCH-K/causaldata
1952-12-31,Togo: lifeExp,38.596,years,github.com/NickCH-K/causaldata
1957-12-31,Togo: lifeExp,41.208,years,github.com/NickCH-K/causaldata
1962-12-31,Togo: lifeExp,43.922,years,github.com/NickCH-K/causaldata
1967-12-31,Togo: lifeExp,46.769,years,github.com/NickCH-K/causaldata
1972-12-31,Togo: lifeExp,49.759,years,github.com/NickCH-K/causaldata
1977-12-31,Togo: lifeExp,52.887,years,github.com/NickCH-K/causaldata
1982-12-31,Togo: lifeExp,55.471,years,github.com/NickCH-K/causaldata
1987-12-31,Togo: lifeExp,56.941,years,github.com/NickCH-K/causaldata
1992-12-31,Togo: lifeExp,58.061,years,github.com/NickCH-K/causaldata
1997-12-31,Togo: lifeExp,58.39,years,github.com/NickCH-K/causaldata
2002-12-31,Togo: lifeExp,57.561,years,github.com/NickCH-K/causaldata
2007-12-31,Togo: lifeExp,58.42,years,github.com/NickCH-K/causaldata
1952-12-31,Togo: pop,1219113.0,people,github.com/NickCH-K/causaldata
1957-12-31,Togo: pop,1357445.0,people,github.com/NickCH-K/causaldata
1962-12-31,Togo: pop,1528098.0,people,github.com/NickCH-K/causaldata
1967-12-31,Togo: pop,1735550.0,people,github.com/NickCH-K/causaldata
1972-12-31,Togo: pop,2056351.0,people,github.com/NickCH-K/causaldata
1977-12-31,Togo: pop,2308582.0,people,github.com/NickCH-K/causaldata
1982-12-31,Togo: pop,2644765.0,people,github.com/NickCH-K/causaldata
1987-12-31,Togo: pop,3154264.0,people,github.com/NickCH-K/causaldata
1992-12-31,Togo: pop,3747553.0,people,github.com/NickCH-K/causaldata
1997-12-31,Togo: pop,4320890.0,people,github.com/NickCH-K/causaldata
2002-12-31,Togo: pop,4977378.0,people,github.com/NickCH-K/causaldata
2007-12-31,Togo: pop,5701579.0,people,github.com/NickCH-K/causaldata
1952-12-31,Trinidad and Tobago: gdpPercap,3023.271928,"USD per person, inflation-adjusted",github.com/NickCH-K/causaldata
1957-12-31,Trinidad and Tobago: gdpPercap,4100.3934,"USD per person, inflation-adjusted",github.com/NickCH-K/causaldata
1962-12-31,Trinidad and Tobago: gdpPercap,4997.523971,"USD per person, inflation-adjusted",github.com/NickCH-K/causaldata
1967-12-31,Trinidad and Tobago: gdpPercap,5621.368472,"USD per person, inflation-adjusted",github.com/NickCH-K/causaldata
1972-12-31,Trinidad and Tobago: gdpPercap,6619.551419,"USD per person, inflation-adjusted",github.com/NickCH-K/causaldata
1977-12-31,Trinidad and Tobago: gdpPercap,7899.554209,"USD per person, inflation-adjusted",github.com/NickCH-K/causaldata
1982-12-31,Trinidad and Tobago: gdpPercap,9119.528607,"USD per person, inflation-adjusted",github.com/NickCH-K/causaldata
1987-12-31,Trinidad and Tobago: gdpPercap,7388.597823,"USD per person, inflation-adjusted",github.com/NickCH-K/causaldata
1992-12-31,Trinidad and Tobago: gdpPercap,7370.990932,"USD per person, inflation-adjusted",github.com/NickCH-K/causaldata
1997-12-31,Trinidad and Tobago: gdpPercap,8792.573126,"USD per person, inflation-adjusted",github.com/NickCH-K/causaldata
2002-12-31,Trinidad and Tobago: gdpPercap,11460.60023,"USD per person, inflation-adjusted",github.com/NickCH-K/causaldata
2007-12-31,Trinidad and Tobago: gdpPercap,18008.50924,"USD per person, inflation-adjusted",github.com/NickCH-K/causaldata
1952-12-31,Trinidad and Tobago: lifeExp,59.1,years,github.com/NickCH-K/causaldata
1957-12-31,Trinidad and Tobago: lifeExp,61.8,years,github.com/NickCH-K/causaldata
1962-12-31,Trinidad and Tobago: lifeExp,64.9,years,github.com/NickCH-K/causaldata
1967-12-31,Trinidad and Tobago: lifeExp,65.4,years,github.com/NickCH-K/causaldata
1972-12-31,Trinidad and Tobago: lifeExp,65.9,years,github.com/NickCH-K/causaldata
1977-12-31,Trinidad and Tobago: lifeExp,68.3,years,github.com/NickCH-K/causaldata
1982-12-31,Trinidad and Tobago: lifeExp,68.832,years,github.com/NickCH-K/causaldata
1987-12-31,Trinidad and Tobago: lifeExp,69.582,years,github.com/NickCH-K/causaldata
1992-12-31,Trinidad and Tobago: lifeExp,69.862,years,github.com/NickCH-K/causaldata
1997-12-31,Trinidad and Tobago: lifeExp,69.465,years,github.com/NickCH-K/causaldata
2002-12-31,Trinidad and Tobago: lifeExp,68.976,years,github.com/NickCH-K/causaldata
2007-12-31,Trinidad and Tobago: lifeExp,69.819,years,github.com/NickCH-K/causaldata
1952-12-31,Trinidad and Tobago: pop,662850.0,people,github.com/NickCH-K/causaldata
1957-12-31,Trinidad and Tobago: pop,764900.0,people,github.com/NickCH-K/causaldata
1962-12-31,Trinidad and Tobago: pop,887498.0,people,github.com/NickCH-K/causaldata
1967-12-31,Trinidad and Tobago: pop,960155.0,people,github.com/NickCH-K/causaldata
1972-12-31,Trinidad and Tobago: pop,975199.0,people,github.com/NickCH-K/causaldata
1977-12-31,Trinidad and Tobago: pop,1039009.0,people,github.com/NickCH-K/causaldata
1982-12-31,Trinidad and Tobago: pop,1116479.0,people,github.com/NickCH-K/causaldata
1987-12-31,Trinidad and Tobago: pop,1191336.0,people,github.com/NickCH-K/causaldata
1992-12-31,Trinidad and Tobago: pop,1183669.0,people,github.com/NickCH-K/causaldata
1997-12-31,Trinidad and Tobago: pop,1138101.0,people,github.com/NickCH-K/causaldata
2002-12-31,Trinidad and Tobago: pop,1101832.0,people,github.com/NickCH-K/causaldata
2007-12-31,Trinidad and Tobago: pop,1056608.0,people,github.com/NickCH-K/causaldata
1952-12-31,Tunisia: gdpPercap,1468.475631,"USD per person, inflation-adjusted",github.com/NickCH-K/causaldata
1957-12-31,Tunisia: gdpPercap,1395.232468,"USD per person, inflation-adjusted",github.com/NickCH-K/causaldata
1962-12-31,Tunisia: gdpPercap,1660.30321,"USD per person, inflation-adjusted",github.com/NickCH-K/causaldata
1967-12-31,Tunisia: gdpPercap,1932.360167,"USD per person, inflation-adjusted",github.com/NickCH-K/causaldata
1972-12-31,Tunisia: gdpPercap,2753.285994,"USD per person, inflation-adjusted",github.com/NickCH-K/causaldata
1977-12-31,Tunisia: gdpPercap,3120.876811,"USD per person, inflation-adjusted",github.com/NickCH-K/causaldata
1982-12-31,Tunisia: gdpPercap,3560.233174,"USD per person, inflation-adjusted",github.com/NickCH-K/causaldata
1987-12-31,Tunisia: gdpPercap,3810.419296,"USD per person, inflation-adjusted",github.com/NickCH-K/causaldata
1992-12-31,Tunisia: gdpPercap,4332.720164,"USD per person, inflation-adjusted",github.com/NickCH-K/causaldata
1997-12-31,Tunisia: gdpPercap,4876.798614,"USD per person, inflation-adjusted",github.com/NickCH-K/causaldata
2002-12-31,Tunisia: gdpPercap,5722.895655,"USD per person, inflation-adjusted",github.com/NickCH-K/causaldata
2007-12-31,Tunisia: gdpPercap,7092.923025,"USD per person, inflation-adjusted",github.com/NickCH-K/causaldata
1952-12-31,Tunisia: lifeExp,44.6,years,github.com/NickCH-K/causaldata
1957-12-31,Tunisia: lifeExp,47.1,years,github.com/NickCH-K/causaldata
1962-12-31,Tunisia: lifeExp,49.579,years,github.com/NickCH-K/causaldata
1967-12-31,Tunisia: lifeExp,52.053,years,github.com/NickCH-K/causaldata
1972-12-31,Tunisia: lifeExp,55.602,years,github.com/NickCH-K/causaldata
1977-12-31,Tunisia: lifeExp,59.837,years,github.com/NickCH-K/causaldata
1982-12-31,Tunisia: lifeExp,64.048,years,github.com/NickCH-K/causaldata
1987-12-31,Tunisia: lifeExp,66.894,years,github.com/NickCH-K/causaldata
1992-12-31,Tunisia: lifeExp,70.001,years,github.com/NickCH-K/causaldata
1997-12-31,Tunisia: lifeExp,71.973,years,github.com/NickCH-K/causaldata
2002-12-31,Tunisia: lifeExp,73.042,years,github.com/NickCH-K/causaldata
2007-12-31,Tunisia: lifeExp,73.923,years,github.com/NickCH-K/causaldata
1952-12-31,Tunisia: pop,3647735.0,people,github.com/NickCH-K/causaldata
1957-12-31,Tunisia: pop,3950849.0,people,github.com/NickCH-K/causaldata
1962-12-31,Tunisia: pop,4286552.0,people,github.com/NickCH-K/causaldata
1967-12-31,Tunisia: pop,4786986.0,people,github.com/NickCH-K/causaldata
1972-12-31,Tunisia: pop,5303507.0,people,github.com/NickCH-K/causaldata
1977-12-31,Tunisia: pop,6005061.0,people,github.com/NickCH-K/causaldata
1982-12-31,Tunisia: pop,6734098.0,people,github.com/NickCH-K/causaldata
1987-12-31,Tunisia: pop,7724976.0,people,github.com/NickCH-K/causaldata
1992-12-31,Tunisia: pop,8523077.0,people,github.com/NickCH-K/causaldata
1997-12-31,Tunisia: pop,9231669.0,people,github.com/NickCH-K/causaldata
2002-12-31,Tunisia: pop,9770575.0,people,github.com/NickCH-K/causaldata
2007-12-31,Tunisia: pop,10276158.0,people,github.com/NickCH-K/causaldata
1952-12-31,Turkey: gdpPercap,1969.10098,"USD per person, inflation-adjusted",github.com/NickCH-K/causaldata
1957-12-31,Turkey: gdpPercap,2218.754257,"USD per person, inflation-adjusted",github.com/NickCH-K/causaldata
1962-12-31,Turkey: gdpPercap,2322.869908,"USD per person, inflation-adjusted",github.com/NickCH-K/causaldata
1967-12-31,Turkey: gdpPercap,2826.356387,"USD per person, inflation-adjusted",github.com/NickCH-K/causaldata
1972-12-31,Turkey: gdpPercap,3450.69638,"USD per person, inflation-adjusted",github.com/NickCH-K/causaldata
1977-12-31,Turkey: gdpPercap,4269.122326,"USD per person, inflation-adjusted",github.com/NickCH-K/causaldata
1982-12-31,Turkey: gdpPercap,4241.356344,"USD per person, inflation-adjusted",github.com/NickCH-K/causaldata
1987-12-31,Turkey: gdpPercap,5089.043686,"USD per person, inflation-adjusted",github.com/NickCH-K/causaldata
1992-12-31,Turkey: gdpPercap,5678.348271,"USD per person, inflation-adjusted",github.com/NickCH-K/causaldata
1997-12-31,Turkey: gdpPercap,6601.429915,"USD per person, inflation-adjusted",github.com/NickCH-K/causaldata
2002-12-31,Turkey: gdpPercap,6508.085718,"USD per person, inflation-adjusted",github.com/NickCH-K/causaldata
2007-12-31,Turkey: gdpPercap,8458.276384,"USD per person, inflation-adjusted",github.com/NickCH-K/causaldata
1952-12-31,Turkey: lifeExp,43.585,years,github.com/NickCH-K/causaldata
1957-12-31,Turkey: lifeExp,48.079,years,github.com/NickCH-K/causaldata
1962-12-31,Turkey: lifeExp,52.098,years,github.com/NickCH-K/causaldata
1967-12-31,Turkey: lifeExp,54.336,years,github.com/NickCH-K/causaldata
1972-12-31,Turkey: lifeExp,57.005,years,github.com/NickCH-K/causaldata
1977-12-31,Turkey: lifeExp,59.507,years,github.com/NickCH-K/causaldata
1982-12-31,Turkey: lifeExp,61.036,years,github.com/NickCH-K/causaldata
1987-12-31,Turkey: lifeExp,63.108,years,github.com/NickCH-K/causaldata
1992-12-31,Turkey: lifeExp,66.146,years,github.com/NickCH-K/causaldata
1997-12-31,Turkey: lifeExp,68.835,years,github.com/NickCH-K/causaldata
2002-12-31,Turkey: lifeExp,70.845,years,github.com/NickCH-K/causaldata
2007-12-31,Turkey: lifeExp,71.777,years,github.com/NickCH-K/causaldata
1952-12-31,Turkey: pop,22235677.0,people,github.com/NickCH-K/causaldata
1957-12-31,Turkey: pop,25670939.0,people,github.com/NickCH-K/causaldata
1962-12-31,Turkey: pop,29788695.0,people,github.com/NickCH-K/causaldata
1967-12-31,Turkey: pop,33411317.0,people,github.com/NickCH-K/causaldata
1972-12-31,Turkey: pop,37492953.0,people,github.com/NickCH-K/causaldata
1977-12-31,Turkey: pop,42404033.0,people,github.com/NickCH-K/causaldata
1982-12-31,Turkey: pop,47328791.0,people,github.com/NickCH-K/causaldata
1987-12-31,Turkey: pop,52881328.0,people,github.com/NickCH-K/causaldata
1992-12-31,Turkey: pop,58179144.0,people,github.com/NickCH-K/causaldata
1997-12-31,Turkey: pop,63047647.0,people,github.com/NickCH-K/causaldata
2002-12-31,Turkey: pop,67308928.0,people,github.com/NickCH-K/causaldata
2007-12-31,Turkey: pop,71158647.0,people,github.com/NickCH-K/causaldata
1952-12-31,Uganda: gdpPercap,734.753484,"USD per person, inflation-adjusted",github.com/NickCH-K/causaldata
1957-12-31,Uganda: gdpPercap,774.3710692,"USD per person, inflation-adjusted",github.com/NickCH-K/causaldata
1962-12-31,Uganda: gdpPercap,767.2717398,"USD per person, inflation-adjusted",github.com/NickCH-K/causaldata
1967-12-31,Uganda: gdpPercap,908.9185217,"USD per person, inflation-adjusted",github.com/NickCH-K/causaldata
1972-12-31,Uganda: gdpPercap,950.735869,"USD per person, inflation-adjusted",github.com/NickCH-K/causaldata
1977-12-31,Uganda: gdpPercap,843.7331372,"USD per person, inflation-adjusted",github.com/NickCH-K/causaldata
1982-12-31,Uganda: gdpPercap,682.2662268,"USD per person, inflation-adjusted",github.com/NickCH-K/causaldata
1987-12-31,Uganda: gdpPercap,617.7244065,"USD per person, inflation-adjusted",github.com/NickCH-K/causaldata
1992-12-31,Uganda: gdpPercap,644.1707969,"USD per person, inflation-adjusted",github.com/NickCH-K/causaldata
1997-12-31,Uganda: gdpPercap,816.559081,"USD per person, inflation-adjusted",github.com/NickCH-K/causaldata
2002-12-31,Uganda: gdpPercap,927.7210018,"USD per person, inflation-adjusted",github.com/NickCH-K/causaldata
2007-12-31,Uganda: gdpPercap,1056.380121,"USD per person, inflation-adjusted",github.com/NickCH-K/causaldata
1952-12-31,Uganda: lifeExp,39.978,years,github.com/NickCH-K/causaldata
1957-12-31,Uganda: lifeExp,42.571,years,github.com/NickCH-K/causaldata
1962-12-31,Uganda: lifeExp,45.344,years,github.com/NickCH-K/causaldata
1967-12-31,Uganda: lifeExp,48.051,years,github.com/NickCH-K/causaldata
1972-12-31,Uganda: lifeExp,51.016,years,github.com/NickCH-K/causaldata
1977-12-31,Uganda: lifeExp,50.35,years,github.com/NickCH-K/causaldata
1982-12-31,Uganda: lifeExp,49.849,years,github.com/NickCH-K/causaldata
1987-12-31,Uganda: lifeExp,51.509,years,github.com/NickCH-K/causaldata
1992-12-31,Uganda: lifeExp,48.825,years,github.com/NickCH-K/causaldata
1997-12-31,Uganda: lifeExp,44.578,years,github.com/NickCH-K/causaldata
2002-12-31,Uganda: lifeExp,47.813,years,github.com/NickCH-K/causaldata
2007-12-31,Uganda: lifeExp,51.542,years,github.com/NickCH-K/causaldata
1952-12-31,Uganda: pop,5824797.0,people,github.com/NickCH-K/causaldata
1957-12-31,Uganda: pop,6675501.0,people,github.com/NickCH-K/causaldata
1962-12-31,Uganda: pop,7688797.0,people,github.com/NickCH-K/causaldata
1967-12-31,Uganda: pop,8900294.0,people,github.com/NickCH-K/causaldata
1972-12-31,Uganda: pop,10190285.0,people,github.com/NickCH-K/causaldata
1977-12-31,Uganda: pop,11457758.0,people,github.com/NickCH-K/causaldata
1982-12-31,Uganda: pop,12939400.0,people,github.com/NickCH-K/causaldata
1987-12-31,Uganda: pop,15283050.0,people,github.com/NickCH-K/causaldata
1992-12-31,Uganda: pop,18252190.0,people,github.com/NickCH-K/causaldata
1997-12-31,Uganda: pop,21210254.0,people,github.com/NickCH-K/causaldata
2002-12-31,Uganda: pop,24739869.0,people,github.com/NickCH-K/causaldata
2007-12-31,Uganda: pop,29170398.0,people,github.com/NickCH-K/causaldata
1952-12-31,United Kingdom: gdpPercap,9979.508487,"USD per person, inflation-adjusted",github.com/NickCH-K/causaldata
1957-12-31,United Kingdom: gdpPercap,11283.17795,"USD per person, inflation-adjusted",github.com/NickCH-K/causaldata
1962-12-31,United Kingdom: gdpPercap,12477.17707,"USD per person, inflation-adjusted",github.com/NickCH-K/causaldata
1967-12-31,United Kingdom: gdpPercap,14142.85089,"USD per person, inflation-adjusted",github.com/NickCH-K/causaldata
1972-12-31,United Kingdom: gdpPercap,15895.11641,"USD per person, inflation-adjusted",github.com/NickCH-K/causaldata
1977-12-31,United Kingdom: gdpPercap,17428.74846,"USD per person, inflation-adjusted",github.com/NickCH-K/causaldata
1982-12-31,United Kingdom: gdpPercap,18232.42452,"USD per person, inflation-adjusted",github.com/NickCH-K/causaldata
1987-12-31,United Kingdom: gdpPercap,21664.78767,"USD per person, inflation-adjusted",github.com/NickCH-K/causaldata
1992-12-31,United Kingdom: gdpPercap,22705.09254,"USD per person, inflation-adjusted",github.com/NickCH-K/causaldata
1997-12-31,United Kingdom: gdpPercap,26074.53136,"USD per person, inflation-adjusted",github.com/NickCH-K/causaldata
2002-12-31,United Kingdom: gdpPercap,29478.99919,"USD per person, inflation-adjusted",github.com/NickCH-K/causaldata
2007-12-31,United Kingdom: gdpPercap,33203.26128,"USD per person, inflation-adjusted",github.com/NickCH-K/causaldata
1952-12-31,United Kingdom: lifeExp,69.18,years,github.com/NickCH-K/causaldata
1957-12-31,United Kingdom: lifeExp,70.42,years,github.com/NickCH-K/causaldata
1962-12-31,United Kingdom: lifeExp,70.76,years,github.com/NickCH-K/causaldata
1967-12-31,United Kingdom: lifeExp,71.36,years,github.com/NickCH-K/causaldata
1972-12-31,United Kingdom: lifeExp,72.01,years,github.com/NickCH-K/causaldata
1977-12-31,United Kingdom: lifeExp,72.76,years,github.com/NickCH-K/causaldata
1982-12-31,United Kingdom: lifeExp,74.04,years,github.com/NickCH-K/causaldata
1987-12-31,United Kingdom: lifeExp,75.007,years,github.com/NickCH-K/causaldata
1992-12-31,United Kingdom: lifeExp,76.42,years,github.com/NickCH-K/causaldata
1997-12-31,United Kingdom: lifeExp,77.218,years,github.com/NickCH-K/causaldata
2002-12-31,United Kingdom: lifeExp,78.471,years,github.com/NickCH-K/causaldata
2007-12-31,United Kingdom: lifeExp,79.425,years,github.com/NickCH-K/causaldata
1952-12-31,United Kingdom: pop,50430000.0,people,github.com/NickCH-K/causaldata
1957-12-31,United Kingdom: pop,51430000.0,people,github.com/NickCH-K/causaldata
1962-12-31,United Kingdom: pop,53292000.0,people,github.com/NickCH-K/causaldata
1967-12-31,United Kingdom: pop,54959000.0,people,github.com/NickCH-K/causaldata
1972-12-31,United Kingdom: pop,56079000.0,people,github.com/NickCH-K/causaldata
1977-12-31,United Kingdom: pop,56179000.0,people,github.com/NickCH-K/causaldata
1982-12-31,United Kingdom: pop,56339704.0,people,github.com/NickCH-K/causaldata
1987-12-31,United Kingdom: pop,56981620.0,people,github.com/NickCH-K/causaldata
1992-12-31,United Kingdom: pop,57866349.0,people,github.com/NickCH-K/causaldata
1997-12-31,United Kingdom: pop,58808266.0,people,github.com/NickCH-K/causaldata
2002-12-31,United Kingdom: pop,59912431.0,people,github.com/NickCH-K/causaldata
2007-12-31,United Kingdom: pop,60776238.0,people,github.com/NickCH-K/causaldata
1952-12-31,United States: gdpPercap,13990.48208,"USD per person, inflation-adjusted",github.com/NickCH-K/causaldata
1957-12-31,United States: gdpPercap,14847.12712,"USD per person, inflation-adjusted",github.com/NickCH-K/causaldata
1962-12-31,United States: gdpPercap,16173.14586,"USD per person, inflation-adjusted",github.com/NickCH-K/causaldata
1967-12-31,United States: gdpPercap,19530.36557,"USD per person, inflation-adjusted",github.com/NickCH-K/causaldata
1972-12-31,United States: gdpPercap,21806.03594,"USD per person, inflation-adjusted",github.com/NickCH-K/causaldata
1977-12-31,United States: gdpPercap,24072.63213,"USD per person, inflation-adjusted",github.com/NickCH-K/causaldata
1982-12-31,United States: gdpPercap,25009.55914,"USD per person, inflation-adjusted",github.com/NickCH-K/causaldata
1987-12-31,United States: gdpPercap,29884.35041,"USD per person, inflation-adjusted",github.com/NickCH-K/causaldata
1992-12-31,United States: gdpPercap,32003.93224,"USD per person, inflation-adjusted",github.com/NickCH-K/causaldata
1997-12-31,United States: gdpPercap,35767.43303,"USD per person, inflation-adjusted",github.com/NickCH-K/causaldata
2002-12-31,United States: gdpPercap,39097.09955,"USD per person, inflation-adjusted",github.com/NickCH-K/causaldata
2007-12-31,United States: gdpPercap,42951.65309,"USD per person, inflation-adjusted",github.com/NickCH-K/causaldata
1952-12-31,United States: lifeExp,68.44,years,github.com/NickCH-K/causaldata
1957-12-31,United States: lifeExp,69.49,years,github.com/NickCH-K/causaldata
1962-12-31,United States: lifeExp,70.21,years,github.com/NickCH-K/causaldata
1967-12-31,United States: lifeExp,70.76,years,github.com/NickCH-K/causaldata
1972-12-31,United States: lifeExp,71.34,years,github.com/NickCH-K/causaldata
1977-12-31,United States: lifeExp,73.38,years,github.com/NickCH-K/causaldata
1982-12-31,United States: lifeExp,74.65,years,github.com/NickCH-K/causaldata
1987-12-31,United States: lifeExp,75.02,years,github.com/NickCH-K/causaldata
1992-12-31,United States: lifeExp,76.09,years,github.com/NickCH-K/causaldata
1997-12-31,United States: lifeExp,76.81,years,github.com/NickCH-K/causaldata
2002-12-31,United States: lifeExp,77.31,years,github.com/NickCH-K/causaldata
2007-12-31,United States: lifeExp,78.242,years,github.com/NickCH-K/causaldata
1952-12-31,United States: pop,157553000.0,people,github.com/NickCH-K/causaldata
1957-12-31,United States: pop,171984000.0,people,github.com/NickCH-K/causaldata
1962-12-31,United States: pop,186538000.0,people,github.com/NickCH-K/causaldata
1967-12-31,United States: pop,198712000.0,people,github.com/NickCH-K/causaldata
1972-12-31,United States: pop,209896000.0,people,github.com/NickCH-K/causaldata
1977-12-31,United States: pop,220239000.0,people,github.com/NickCH-K/causaldata
1982-12-31,United States: pop,232187835.0,people,github.com/NickCH-K/causaldata
1987-12-31,United States: pop,242803533.0,people,github.com/NickCH-K/causaldata
1992-12-31,United States: pop,256894189.0,people,github.com/NickCH-K/causaldata
1997-12-31,United States: pop,272911760.0,people,github.com/NickCH-K/causaldata
2002-12-31,United States: pop,287675526.0,people,github.com/NickCH-K/causaldata
2007-12-31,United States: pop,301139947.0,people,github.com/NickCH-K/causaldata
1952-12-31,Uruguay: gdpPercap,5716.766744,"USD per person, inflation-adjusted",github.com/NickCH-K/causaldata
1957-12-31,Uruguay: gdpPercap,6150.772969,"USD per person, inflation-adjusted",github.com/NickCH-K/causaldata
1962-12-31,Uruguay: gdpPercap,5603.357717,"USD per person, inflation-adjusted",github.com/NickCH-K/causaldata
1967-12-31,Uruguay: gdpPercap,5444.61962,"USD per person, inflation-adjusted",github.com/NickCH-K/causaldata
1972-12-31,Uruguay: gdpPercap,5703.408898,"USD per person, inflation-adjusted",github.com/NickCH-K/causaldata
1977-12-31,Uruguay: gdpPercap,6504.339663,"USD per person, inflation-adjusted",github.com/NickCH-K/causaldata
1982-12-31,Uruguay: gdpPercap,6920.223051,"USD per person, inflation-adjusted",github.com/NickCH-K/causaldata
1987-12-31,Uruguay: gdpPercap,7452.398969,"USD per person, inflation-adjusted",github.com/NickCH-K/causaldata
1992-12-31,Uruguay: gdpPercap,8137.004775,"USD per person, inflation-adjusted",github.com/NickCH-K/causaldata
1997-12-31,Uruguay: gdpPercap,9230.240708,"USD per person, inflation-adjusted",github.com/NickCH-K/causaldata
2002-12-31,Uruguay: gdpPercap,7727.002004,"USD per person, inflation-adjusted",github.com/NickCH-K/causaldata
2007-12-31,Uruguay: gdpPercap,10611.46299,"USD per person, inflation-adjusted",github.com/NickCH-K/causaldata
1952-12-31,Uruguay: lifeExp,66.071,years,github.com/NickCH-K/causaldata
1957-12-31,Uruguay: lifeExp,67.044,years,github.com/NickCH-K/causaldata
1962-12-31,Uruguay: lifeExp,68.253,years,github.com/NickCH-K/causaldata
1967-12-31,Uruguay: lifeExp,68.468,years,github.com/NickCH-K/causaldata
1972-12-31,Uruguay: lifeExp,68.673,years,github.com/NickCH-K/causaldata
1977-12-31,Uruguay: lifeExp,69.481,years,github.com/NickCH-K/causaldata
1982-12-31,Uruguay: lifeExp,70.805,years,github.com/NickCH-K/causaldata
1987-12-31,Uruguay: lifeExp,71.918,years,github.com/NickCH-K/causaldata
1992-12-31,Uruguay: lifeExp,72.752,years,github.com/NickCH-K/causaldata
1997-12-31,Uruguay: lifeExp,74.223,years,github.com/NickCH-K/causaldata
2002-12-31,Uruguay: lifeExp,75.307,years,github.com/NickCH-K/causaldata
2007-12-31,Uruguay: lifeExp,76.384,years,github.com/NickCH-K/causaldata
1952-12-31,Uruguay: pop,2252965.0,people,github.com/NickCH-K/causaldata
1957-12-31,Uruguay: pop,2424959.0,people,github.com/NickCH-K/causaldata
1962-12-31,Uruguay: pop,2598466.0,people,github.com/NickCH-K/causaldata
1967-12-31,Uruguay: pop,2748579.0,people,github.com/NickCH-K/causaldata
1972-12-31,Uruguay: pop,2829526.0,people,github.com/NickCH-K/causaldata
1977-12-31,Uruguay: pop,2873520.0,people,github.com/NickCH-K/causaldata
1982-12-31,Uruguay: pop,2953997.0,people,github.com/NickCH-K/causaldata
1987-12-31,Uruguay: pop,3045153.0,people,github.com/NickCH-K/causaldata
1992-12-31,Uruguay: pop,3149262.0,people,github.com/NickCH-K/causaldata
1997-12-31,Uruguay: pop,3262838.0,people,github.com/NickCH-K/causaldata
2002-12-31,Uruguay: pop,3363085.0,people,github.com/NickCH-K/causaldata
2007-12-31,Uruguay: pop,3447496.0,people,github.com/NickCH-K/causaldata
1952-12-31,Venezuela: gdpPercap,7689.799761,"USD per person, inflation-adjusted",github.com/NickCH-K/causaldata
1957-12-31,Venezuela: gdpPercap,9802.466526,"USD per person, inflation-adjusted",github.com/NickCH-K/causaldata
1962-12-31,Venezuela: gdpPercap,8422.974165,"USD per person, inflation-adjusted",github.com/NickCH-K/causaldata
1967-12-31,Venezuela: gdpPercap,9541.474188,"USD per person, inflation-adjusted",github.com/NickCH-K/causaldata
1972-12-31,Venezuela: gdpPercap,10505.25966,"USD per person, inflation-adjusted",github.com/NickCH-K/causaldata
1977-12-31,Venezuela: gdpPercap,13143.95095,"USD per person, inflation-adjusted",github.com/NickCH-K/causaldata
1982-12-31,Venezuela: gdpPercap,11152.41011,"USD per person, inflation-adjusted",github.com/NickCH-K/causaldata
1987-12-31,Venezuela: gdpPercap,9883.584648,"USD per person, inflation-adjusted",github.com/NickCH-K/causaldata
1992-12-31,Venezuela: gdpPercap,10733.92631,"USD per person, inflation-adjusted",github.com/NickCH-K/causaldata
1997-12-31,Venezuela: gdpPercap,10165.49518,"USD per person, inflation-adjusted",github.com/NickCH-K/causaldata
2002-12-31,Venezuela: gdpPercap,8605.047831,"USD per person, inflation-adjusted",github.com/NickCH-K/causaldata
2007-12-31,Venezuela: gdpPercap,11415.80569,"USD per person, inflation-adjusted",github.com/NickCH-K/causaldata
1952-12-31,Venezuela: lifeExp,55.088,years,github.com/NickCH-K/causaldata
1957-12-31,Venezuela: lifeExp,57.907,years,github.com/NickCH-K/causaldata
1962-12-31,Venezuela: lifeExp,60.77,years,github.com/NickCH-K/causaldata
1967-12-31,Venezuela: lifeExp,63.479,years,github.com/NickCH-K/causaldata
1972-12-31,Venezuela: lifeExp,65.712,years,github.com/NickCH-K/causaldata
1977-12-31,Venezuela: lifeExp,67.456,years,github.com/NickCH-K/causaldata
1982-12-31,Venezuela: lifeExp,68.557,years,github.com/NickCH-K/causaldata
1987-12-31,Venezuela: lifeExp,70.19,years,github.com/NickCH-K/causaldata
1992-12-31,Venezuela: lifeExp,71.15,years,github.com/NickCH-K/causaldata
1997-12-31,Venezuela: lifeExp,72.146,years,github.com/NickCH-K/causaldata
2002-12-31,Venezuela: lifeExp,72.766,years,github.com/NickCH-K/causaldata
2007-12-31,Venezuela: lifeExp,73.747,years,github.com/NickCH-K/causaldata
1952-12-31,Venezuela: pop,5439568.0,people,github.com/NickCH-K/causaldata
1957-12-31,Venezuela: pop,6702668.0,people,github.com/NickCH-K/causaldata
1962-12-31,Venezuela: pop,8143375.0,people,github.com/NickCH-K/causaldata
1967-12-31,Venezuela: pop,9709552.0,people,github.com/NickCH-K/causaldata
1972-12-31,Venezuela: pop,11515649.0,people,github.com/NickCH-K/causaldata
1977-12-31,Venezuela: pop,13503563.0,people,github.com/NickCH-K/causaldata
1982-12-31,Venezuela: pop,15620766.0,people,github.com/NickCH-K/causaldata
1987-12-31,Venezuela: pop,17910182.0,people,github.com/NickCH-K/causaldata
1992-12-31,Venezuela: pop,20265563.0,people,github.com/NickCH-K/causaldata
1997-12-31,Venezuela: pop,22374398.0,people,github.com/NickCH-K/causaldata
2002-12-31,Venezuela: pop,24287670.0,people,github.com/NickCH-K/causaldata
2007-12-31,Venezuela: pop,26084662.0,people,github.com/NickCH-K/causaldata
1952-12-31,Vietnam: gdpPercap,605.0664917,"USD per person, inflation-adjusted",github.com/NickCH-K/causaldata
1957-12-31,Vietnam: gdpPercap,676.2854478,"USD per person, inflation-adjusted",github.com/NickCH-K/causaldata
1962-12-31,Vietnam: gdpPercap,772.0491602,"USD per person, inflation-adjusted",github.com/NickCH-K/causaldata
1967-12-31,Vietnam: gdpPercap,637.1232887,"USD per person, inflation-adjusted",github.com/NickCH-K/causaldata
1972-12-31,Vietnam: gdpPercap,699.5016441,"USD per person, inflation-adjusted",github.com/NickCH-K/causaldata
1977-12-31,Vietnam: gdpPercap,713.5371196,"USD per person, inflation-adjusted",github.com/NickCH-K/causaldata
1982-12-31,Vietnam: gdpPercap,707.2357863,"USD per person, inflation-adjusted",github.com/NickCH-K/causaldata
1987-12-31,Vietnam: gdpPercap,820.7994449,"USD per person, inflation-adjusted",github.com/NickCH-K/causaldata
1992-12-31,Vietnam: gdpPercap,989.0231487,"USD per person, inflation-adjusted",github.com/NickCH-K/causaldata
1997-12-31,Vietnam: gdpPercap,1385.896769,"USD per person, inflation-adjusted",github.com/NickCH-K/causaldata
2002-12-31,Vietnam: gdpPercap,1764.456677,"USD per person, inflation-adjusted",github.com/NickCH-K/causaldata
2007-12-31,Vietnam: gdpPercap,2441.576404,"USD per person, inflation-adjusted",github.com/NickCH-K/causaldata
1952-12-31,Vietnam: lifeExp,40.412,years,github.com/NickCH-K/causaldata
1957-12-31,Vietnam: lifeExp,42.887,years,github.com/NickCH-K/causaldata
1962-12-31,Vietnam: lifeExp,45.363,years,github.com/NickCH-K/causaldata
1967-12-31,Vietnam: lifeExp,47.838,years,github.com/NickCH-K/causaldata
1972-12-31,Vietnam: lifeExp,50.254,years,github.com/NickCH-K/causaldata
1977-12-31,Vietnam: lifeExp,55.764,years,github.com/NickCH-K/causaldata
1982-12-31,Vietnam: lifeExp,58.816,years,github.com/NickCH-K/causaldata
1987-12-31,Vietnam: lifeExp,62.82,years,github.com/NickCH-K/causaldata
1992-12-31,Vietnam: lifeExp,67.662,years,github.com/NickCH-K/causaldata
1997-12-31,Vietnam: lifeExp,70.672,years,github.com/NickCH-K/causaldata
2002-12-31,Vietnam: lifeExp,73.017,years,github.com/NickCH-K/causaldata
2007-12-31,Vietnam: lifeExp,74.249,years,github.com/NickCH-K/causaldata
1952-12-31,Vietnam: pop,26246839.0,people,github.com/NickCH-K/causaldata
1957-12-31,Vietnam: pop,28998543.0,people,github.com/NickCH-K/causaldata
1962-12-31,Vietnam: pop,33796140.0,people,github.com/NickCH-K/causaldata
1967-12-31,Vietnam: pop,39463910.0,people,github.com/NickCH-K/causaldata
1972-12-31,Vietnam: pop,44655014.0,people,github.com/NickCH-K/causaldata
1977-12-31,Vietnam: pop,50533506.0,people,github.com/NickCH-K/causaldata
1982-12-31,Vietnam: pop,56142181.0,people,github.com/NickCH-K/causaldata
1987-12-31,Vietnam: pop,62826491.0,people,github.com/NickCH-K/causaldata
1992-12-31,Vietnam: pop,69940728.0,people,github.com/NickCH-K/causaldata
1997-12-31,Vietnam: pop,76048996.0,people,github.com/NickCH-K/causaldata
2002-12-31,Vietnam: pop,80908147.0,people,github.com/NickCH-K/causaldata
2007-12-31,Vietnam: pop,85262356.0,people,github.com/NickCH-K/causaldata
1952-12-31,West Bank and Gaza: gdpPercap,1515.592329,"USD per person, inflation-adjusted",github.com/NickCH-K/causaldata
1957-12-31,West Bank and Gaza: gdpPercap,1827.067742,"USD per person, inflation-adjusted",github.com/NickCH-K/causaldata
1962-12-31,West Bank and Gaza: gdpPercap,2198.956312,"USD per person, inflation-adjusted",github.com/NickCH-K/causaldata
1967-12-31,West Bank and Gaza: gdpPercap,2649.715007,"USD per person, inflation-adjusted",github.com/NickCH-K/causaldata
1972-12-31,West Bank and Gaza: gdpPercap,3133.409277,"USD per person, inflation-adjusted",github.com/NickCH-K/causaldata
1977-12-31,West Bank and Gaza: gdpPercap,3682.831494,"USD per person, inflation-adjusted",github.com/NickCH-K/causaldata
1982-12-31,West Bank and Gaza: gdpPercap,4336.032082,"USD per person, inflation-adjusted",github.com/NickCH-K/causaldata
1987-12-31,West Bank and Gaza: gdpPercap,5107.197384,"USD per person, inflation-adjusted",github.com/NickCH-K/causaldata
1992-12-31,West Bank and Gaza: gdpPercap,6017.654756,"USD per person, inflation-adjusted",github.com/NickCH-K/causaldata
1997-12-31,West Bank and Gaza: gdpPercap,7110.667619,"USD per person, inflation-adjusted",github.com/NickCH-K/causaldata
2002-12-31,West Bank and Gaza: gdpPercap,4515.487575,"USD per person, inflation-adjusted",github.com/NickCH-K/causaldata
2007-12-31,West Bank and Gaza: gdpPercap,3025.349798,"USD per person, inflation-adjusted",github.com/NickCH-K/causaldata
1952-12-31,West Bank and Gaza: lifeExp,43.16,years,github.com/NickCH-K/causaldata
1957-12-31,West Bank and Gaza: lifeExp,45.671,years,github.com/NickCH-K/causaldata
1962-12-31,West Bank and Gaza: lifeExp,48.127,years,github.com/NickCH-K/causaldata
1967-12-31,West Bank and Gaza: lifeExp,51.631,years,github.com/NickCH-K/causaldata
1972-12-31,West Bank and Gaza: lifeExp,56.532,years,github.com/NickCH-K/causaldata
1977-12-31,West Bank and Gaza: lifeExp,60.765,years,github.com/NickCH-K/causaldata
1982-12-31,West Bank and Gaza: lifeExp,64.406,years,github.com/NickCH-K/causaldata
1987-12-31,West Bank and Gaza: lifeExp,67.046,years,github.com/NickCH-K/causaldata
1992-12-31,West Bank and Gaza: lifeExp,69.718,years,github.com/NickCH-K/causaldata
1997-12-31,West Bank and Gaza: lifeExp,71.096,years,github.com/NickCH-K/causaldata
2002-12-31,West Bank and Gaza: lifeExp,72.37,years,github.com/NickCH-K/causaldata
2007-12-31,West Bank and Gaza: lifeExp,73.422,years,github.com/NickCH-K/causaldata
1952-12-31,West Bank and Gaza: pop,1030585.0,people,github.com/NickCH-K/causaldata
1957-12-31,West Bank and Gaza: pop,1070439.0,people,github.com/NickCH-K/causaldata
1962-12-31,West Bank and Gaza: pop,1133134.0,people,github.com/NickCH-K/causaldata
1967-12-31,West Bank and Gaza: pop,1142636.0,people,github.com/NickCH-K/causaldata
1972-12-31,West Bank and Gaza: pop,1089572.0,people,github.com/NickCH-K/causaldata
1977-12-31,West Bank and Gaza: pop,1261091.0,people,github.com/NickCH-K/causaldata
1982-12-31,West Bank and Gaza: pop,1425876.0,people,github.com/NickCH-K/causaldata
1987-12-31,West Bank and Gaza: pop,1691210.0,people,github.com/NickCH-K/causaldata
1992-12-31,West Bank and Gaza: pop,2104779.0,people,github.com/NickCH-K/causaldata
1997-12-31,West Bank and Gaza: pop,2826046.0,people,github.com/NickCH-K/causaldata
2002-12-31,West Bank and Gaza: pop,3389578.0,people,github.com/NickCH-K/causaldata
2007-12-31,West Bank and Gaza: pop,4018332.0,people,github.com/NickCH-K/causaldata
1952-12-31,"Yemen, Rep.: gdpPercap",781.7175761,"USD per person, inflation-adjusted",github.com/NickCH-K/causaldata
1957-12-31,"Yemen, Rep.: gdpPercap",804.8304547,"USD per person, inflation-adjusted",github.com/NickCH-K/causaldata
1962-12-31,"Yemen, Rep.: gdpPercap",825.6232006,"USD per person, inflation-adjusted",github.com/NickCH-K/causaldata
1967-12-31,"Yemen, Rep.: gdpPercap",862.4421463,"USD per person, inflation-adjusted",github.com/NickCH-K/causaldata
1972-12-31,"Yemen, Rep.: gdpPercap",1265.047031,"USD per person, inflation-adjusted",github.com/NickCH-K/causaldata
1977-12-31,"Yemen, Rep.: gdpPercap",1829.765177,"USD per person, inflation-adjusted",github.com/NickCH-K/causaldata
1982-12-31,"Yemen, Rep.: gdpPercap",1977.55701,"USD per person, inflation-adjusted",github.com/NickCH-K/causaldata
1987-12-31,"Yemen, Rep.: gdpPercap",1971.741538,"USD per person, inflation-adjusted",github.com/NickCH-K/causaldata
1992-12-31,"Yemen, Rep.: gdpPercap",1879.496673,"USD per person, inflation-adjusted",github.com/NickCH-K/causaldata
1997-12-31,"Yemen, Rep.: gdpPercap",2117.484526,"USD per person, inflation-adjusted",github.com/NickCH-K/causaldata
2002-12-31,"Yemen, Rep.: gdpPercap",2234.820827,"USD per person, inflation-adjusted",github.com/NickCH-K/causaldata
2007-12-31,"Yemen, Rep.: gdpPercap",2280.769906,"USD per person, inflation-adjusted",github.com/NickCH-K/causaldata
1952-12-31,"Yemen, Rep.: lifeExp",32.548,years,github.com/NickCH-K/causaldata
1957-12-31,"Yemen, Rep.: lifeExp",33.97,years,github.com/NickCH-K/causaldata
1962-12-31,"Yemen, Rep.: lifeExp",35.18,years,github.com/NickCH-K/causaldata
1967-12-31,"Yemen, Rep.: lifeExp",36.984,years,github.com/NickCH-K/causaldata
1972-12-31,"Yemen, Rep.: lifeExp",39.848,years,github.com/NickCH-K/causaldata
1977-12-31,"Yemen, Rep.: lifeExp",44.175,years,github.com/NickCH-K/causaldata
1982-12-31,"Yemen, Rep.: lifeExp",49.113,years,github.com/NickCH-K/causaldata
1987-12-31,"Yemen, Rep.: lifeExp",52.922,years,github.com/NickCH-K/causaldata
1992-12-31,"Yemen, Rep.: lifeExp",55.599,years,github.com/NickCH-K/causaldata
1997-12-31,"Yemen, Rep.: lifeExp",58.02,years,github.com/NickCH-K/causaldata
2002-12-31,"Yemen, Rep.: lifeExp",60.308,years,github.com/NickCH-K/causaldata
2007-12-31,"Yemen, Rep.: lifeExp",62.698,years,github.com/NickCH-K/causaldata
1952-12-31,"Yemen, Rep.: pop",4963829.0,people,github.com/NickCH-K/causaldata
1957-12-31,"Yemen, Rep.: pop",5498090.0,people,github.com/NickCH-K/causaldata
1962-12-31,"Yemen, Rep.: pop",6120081.0,people,github.com/NickCH-K/causaldata
1967-12-31,"Yemen, Rep.: pop",6740785.0,people,github.com/NickCH-K/causaldata
1972-12-31,"Yemen, Rep.: pop",7407075.0,people,github.com/NickCH-K/causaldata
1977-12-31,"Yemen, Rep.: pop",8403990.0,people,github.com/NickCH-K/causaldata
1982-12-31,"Yemen, Rep.: pop",9657618.0,people,github.com/NickCH-K/causaldata
1987-12-31,"Yemen, Rep.: pop",11219340.0,people,github.com/NickCH-K/causaldata
1992-12-31,"Yemen, Rep.: pop",13367997.0,people,github.com/NickCH-K/causaldata
1997-12-31,"Yemen, Rep.: pop",15826497.0,people,github.com/NickCH-K/causaldata
2002-12-31,"Yemen, Rep.: pop",18701257.0,people,github.com/NickCH-K/causaldata
2007-12-31,"Yemen, Rep.: pop",22211743.0,people,github.com/NickCH-K/causaldata
1952-12-31,Zambia: gdpPercap,1147.388831,"USD per person, inflation-adjusted",github.com/NickCH-K/causaldata
1957-12-31,Zambia: gdpPercap,1311.956766,"USD per person, inflation-adjusted",github.com/NickCH-K/causaldata
1962-12-31,Zambia: gdpPercap,1452.725766,"USD per person, inflation-adjusted",github.com/NickCH-K/causaldata
1967-12-31,Zambia: gdpPercap,1777.077318,"USD per person, inflation-adjusted",github.com/NickCH-K/causaldata
1972-12-31,Zambia: gdpPercap,1773.498265,"USD per person, inflation-adjusted",github.com/NickCH-K/causaldata
1977-12-31,Zambia: gdpPercap,1588.688299,"USD per person, inflation-adjusted",github.com/NickCH-K/causaldata
1982-12-31,Zambia: gdpPercap,1408.678565,"USD per person, inflation-adjusted",github.com/NickCH-K/causaldata
1987-12-31,Zambia: gdpPercap,1213.315116,"USD per person, inflation-adjusted",github.com/NickCH-K/causaldata
1992-12-31,Zambia: gdpPercap,1210.884633,"USD per person, inflation-adjusted",github.com/NickCH-K/causaldata
1997-12-31,Zambia: gdpPercap,1071.353818,"USD per person, inflation-adjusted",github.com/NickCH-K/causaldata
2002-12-31,Zambia: gdpPercap,1071.613938,"USD per person, inflation-adjusted",github.com/NickCH-K/causaldata
2007-12-31,Zambia: gdpPercap,1271.211593,"USD per person, inflation-adjusted",github.com/NickCH-K/causaldata
1952-12-31,Zambia: lifeExp,42.038,years,github.com/NickCH-K/causaldata
1957-12-31,Zambia: lifeExp,44.077,years,github.com/NickCH-K/causaldata
1962-12-31,Zambia: lifeExp,46.023,years,github.com/NickCH-K/causaldata
1967-12-31,Zambia: lifeExp,47.768,years,github.com/NickCH-K/causaldata
1972-12-31,Zambia: lifeExp,50.107,years,github.com/NickCH-K/causaldata
1977-12-31,Zambia: lifeExp,51.386,years,github.com/NickCH-K/causaldata
1982-12-31,Zambia: lifeExp,51.821,years,github.com/NickCH-K/causaldata
1987-12-31,Zambia: lifeExp,50.821,years,github.com/NickCH-K/causaldata
1992-12-31,Zambia: lifeExp,46.1,years,github.com/NickCH-K/causaldata
1997-12-31,Zambia: lifeExp,40.238,years,github.com/NickCH-K/causaldata
2002-12-31,Zambia: lifeExp,39.193,years,github.com/NickCH-K/causaldata
2007-12-31,Zambia: lifeExp,42.384,years,github.com/NickCH-K/causaldata
1952-12-31,Zambia: pop,2672000.0,people,github.com/NickCH-K/causaldata
1957-12-31,Zambia: pop,3016000.0,people,github.com/NickCH-K/causaldata
1962-12-31,Zambia: pop,3421000.0,people,github.com/NickCH-K/causaldata
1967-12-31,Zambia: pop,3900000.0,people,github.com/NickCH-K/causaldata
1972-12-31,Zambia: pop,4506497.0,people,github.com/NickCH-K/causaldata
1977-12-31,Zambia: pop,5216550.0,people,github.com/NickCH-K/causaldata
1982-12-31,Zambia: pop,6100407.0,people,github.com/NickCH-K/causaldata
1987-12-31,Zambia: pop,7272406.0,people,github.com/NickCH-K/causaldata
1992-12-31,Zambia: pop,8381163.0,people,github.com/NickCH-K/causaldata
1997-12-31,Zambia: pop,9417789.0,people,github.com/NickCH-K/causaldata
2002-12-31,Zambia: pop,10595811.0,people,github.com/NickCH-K/causaldata
2007-12-31,Zambia: pop,11746035.0,people,github.com/NickCH-K/causaldata
1952-12-31,Zimbabwe: gdpPercap,406.8841148,"USD per person, inflation-adjusted",github.com/NickCH-K/causaldata
1957-12-31,Zimbabwe: gdpPercap,518.7642681,"USD per person, inflation-adjusted",github.com/NickCH-K/causaldata
1962-12-31,Zimbabwe: gdpPercap,527.2721818,"USD per person, inflation-adjusted",github.com/NickCH-K/causaldata
1967-12-31,Zimbabwe: gdpPercap,569.7950712,"USD per person, inflation-adjusted",github.com/NickCH-K/causaldata
1972-12-31,Zimbabwe: gdpPercap,799.3621758,"USD per person, inflation-adjusted",github.com/NickCH-K/causaldata
1977-12-31,Zimbabwe: gdpPercap,685.5876821,"USD per person, inflation-adjusted",github.com/NickCH-K/causaldata
1982-12-31,Zimbabwe: gdpPercap,788.8550411,"USD per person, inflation-adjusted",github.com/NickCH-K/causaldata
1987-12-31,Zimbabwe: gdpPercap,706.1573059,"USD per person, inflation-adjusted",github.com/NickCH-K/causaldata
1992-12-31,Zimbabwe: gdpPercap,693.4207856,"USD per person, inflation-adjusted",github.com/NickCH-K/causaldata
1997-12-31,Zimbabwe: gdpPercap,792.4499603,"USD per person, inflation-adjusted",github.com/NickCH-K/causaldata
2002-12-31,Zimbabwe: gdpPercap,672.0386227,"USD per person, inflation-adjusted",github.com/NickCH-K/causaldata
2007-12-31,Zimbabwe: gdpPercap,469.7092981,"USD per person, inflation-adjusted",github.com/NickCH-K/causaldata
1952-12-31,Zimbabwe: lifeExp,48.451,years,github.com/NickCH-K/causaldata
1957-12-31,Zimbabwe: lifeExp,50.469,years,github.com/NickCH-K/causaldata
1962-12-31,Zimbabwe: lifeExp,52.358,years,github.com/NickCH-K/causaldata
1967-12-31,Zimbabwe: lifeExp,53.995,years,github.com/NickCH-K/causaldata
1972-12-31,Zimbabwe: lifeExp,55.635,years,github.com/NickCH-K/causaldata
1977-12-31,Zimbabwe: lifeExp,57.674,years,github.com/NickCH-K/causaldata
1982-12-31,Zimbabwe: lifeExp,60.363,years,github.com/NickCH-K/causaldata
1987-12-31,Zimbabwe: lifeExp,62.351,years,github.com/NickCH-K/causaldata
1992-12-31,Zimbabwe: lifeExp,60.377,years,github.com/NickCH-K/causaldata
1997-12-31,Zimbabwe: lifeExp,46.809,years,github.com/NickCH-K/causaldata
2002-12-31,Zimbabwe: lifeExp,39.989,years,github.com/NickCH-K/causaldata
2007-12-31,Zimbabwe: lifeExp,43.487,years,github.com/NickCH-K/causaldata
1952-12-31,Zimbabwe: pop,3080907.0,people,github.com/NickCH-K/causaldata
1957-12-31,Zimbabwe: pop,3646340.0,people,github.com/NickCH-K/causaldata
1962-12-31,Zimbabwe: pop,4277736.0,people,github.com/NickCH-K/causaldata
1967-12-31,Zimbabwe: pop,4995432.0,people,github.com/NickCH-K/causaldata
1972-12-31,Zimbabwe: pop,5861135.0,people,github.com/NickCH-K/causaldata
1977-12-31,Zimbabwe: pop,6642107.0,people,github.com/NickCH-K/causaldata
1982-12-31,Zimbabwe: pop,7636524.0,people,github.com/NickCH-K/causaldata
1987-12-31,Zimbabwe: pop,9216418.0,people,github.com/NickCH-K/causaldata
1992-12-31,Zimbabwe: pop,10704340.0,people,github.com/NickCH-K/causaldata
1997-12-31,Zimbabwe: pop,11404948.0,people,github.com/NickCH-K/causaldata
2002-12-31,Zimbabwe: pop,11926563.0,people,github.com/NickCH-K/causaldata
2007-12-31,Zimbabwe: pop,12311143.0,people,github.com/NickCH-K/causaldata
