date,title,series,country,category,severity,value,unit,source_url,origin
1900-05-27,Belgium national election,election,Belgium,election,standard,90.57,"turnout, percent of electorate","https://en.wikipedia.org/wiki/Belgian_general_election,_1900",parlgov
1900-07-01,Norway national election,election,Norway,election,standard,57.28,"turnout, percent of electorate","https://en.wikipedia.org/wiki/Norwegian_parliamentary_election,_1900",parlgov
1900-11-07,Canada national election,election,Canada,election,standard,,"turnout, percent of electorate","https://en.wikipedia.org/wiki/Canadian_federal_election,_1900",parlgov
1901-03-30,Australia national election,election,Australia,election,standard,56.68,"turnout, percent of electorate","http://en.wikipedia.org/wiki/Australian_federal_election,_1901",parlgov
1901-04-03,Denmark national election,election,Denmark,election,standard,56.54,"turnout, percent of electorate","https://en.wikipedia.org/wiki/Danish_Folketing_election,_1901",parlgov
1902-05-11,France national election,election,France,election,standard,79.16,"turnout, percent of electorate","https://en.wikipedia.org/wiki/French_legislative_election,_1902",parlgov
1902-05-25,Belgium national election,election,Belgium,election,standard,95.66,"turnout, percent of electorate","https://en.wikipedia.org/wiki/Belgian_general_election,_1902",parlgov
1902-10-26,Switzerland national election,election,Switzerland,election,standard,,"turnout, percent of electorate",https://en.wikipedia.org/wiki/1902_Swiss_federal_election,parlgov
1902-11-25,New Zealand national election,election,New Zealand,election,standard,76.69,"turnout, percent of electorate","https://en.wikipedia.org/wiki/New_Zealand_general_election,_1902",parlgov
1903-06-16,Denmark national election,election,Denmark,election,standard,56.56,"turnout, percent of electorate","https://en.wikipedia.org/wiki/Danish_Folketing_election,_1903",parlgov
1903-09-16,Norway national election,election,Norway,election,standard,55.51,"turnout, percent of electorate","https://en.wikipedia.org/wiki/Norwegian_parliamentary_election,_1903",parlgov
1903-12-16,Australia national election,election,Australia,election,standard,50.27,"turnout, percent of electorate","http://en.wikipedia.org/wiki/Australian_federal_election,_1903",parlgov
1904-05-29,Belgium national election,election,Belgium,election,standard,93.97,"turnout, percent of electorate","https://en.wikipedia.org/wiki/Belgian_general_election,_1904",parlgov
1904-11-03,Canada national election,election,Canada,election,standard,,"turnout, percent of electorate","https://en.wikipedia.org/wiki/Canadian_federal_election,_1904",parlgov
1905-10-29,Switzerland national election,election,Switzerland,election,standard,,"turnout, percent of electorate",https://en.wikipedia.org/wiki/1905_Swiss_federal_election,parlgov
1905-12-06,New Zealand national election,election,New Zealand,election,standard,86.62,"turnout, percent of electorate","https://en.wikipedia.org/wiki/New_Zealand_general_election,_1905",parlgov
1906-05-20,France national election,election,France,election,standard,79.81,"turnout, percent of electorate","https://en.wikipedia.org/wiki/French_legislative_election,_1906",parlgov
1906-05-27,Belgium national election,election,Belgium,election,standard,95.44,"turnout, percent of electorate","https://en.wikipedia.org/wiki/Belgian_general_election,_1906",parlgov
1906-05-29,Denmark national election,election,Denmark,election,standard,69.75,"turnout, percent of electorate","https://en.wikipedia.org/wiki/Danish_Folketing_election,_1906",parlgov
1906-08-27,Norway national election,election,Norway,election,standard,64.82,"turnout, percent of electorate","https://en.wikipedia.org/wiki/Norwegian_parliamentary_election,_1906",parlgov
1906-12-02,Australia national election,election,Australia,election,standard,51.48,"turnout, percent of electorate","http://en.wikipedia.org/wiki/Australian_federal_election,_1906",parlgov
1908-05-24,Belgium national election,election,Belgium,election,standard,95.0,"turnout, percent of electorate","https://en.wikipedia.org/wiki/Belgian_general_election,_1908",parlgov
1908-10-25,Switzerland national election,election,Switzerland,election,standard,,"turnout, percent of electorate",https://en.wikipedia.org/wiki/1908_Swiss_federal_election,parlgov
1908-10-26,Canada national election,election,Canada,election,standard,,"turnout, percent of electorate","https://en.wikipedia.org/wiki/Canadian_federal_election,_1908",parlgov
1908-12-01,New Zealand national election,election,New Zealand,election,standard,80.35,"turnout, percent of electorate","https://en.wikipedia.org/wiki/New_Zealand_general_election,_1908",parlgov
1909-05-25,Denmark national election,election,Denmark,election,standard,70.87,"turnout, percent of electorate","https://en.wikipedia.org/wiki/Danish_Folketing_election,_1909",parlgov
1909-10-25,Norway national election,election,Norway,election,standard,64.48,"turnout, percent of electorate","https://en.wikipedia.org/wiki/Norwegian_parliamentary_election,_1909",parlgov
1910-04-13,Australia national election,election,Australia,election,standard,62.8,"turnout, percent of electorate","http://en.wikipedia.org/wiki/Australian_federal_election,_1910",parlgov
1910-05-08,France national election,election,France,election,standard,77.41,"turnout, percent of electorate","https://en.wikipedia.org/wiki/French_legislative_election,_1910",parlgov
1910-05-20,Denmark national election,election,Denmark,election,standard,74.81,"turnout, percent of electorate","https://en.wikipedia.org/wiki/Danish_Folketing_election,_1910",parlgov
1910-05-22,Belgium national election,election,Belgium,election,standard,95.72,"turnout, percent of electorate","https://en.wikipedia.org/wiki/Belgian_general_election,_1910",parlgov
1911-09-21,Canada national election,election,Canada,election,standard,72.22,"turnout, percent of electorate","https://en.wikipedia.org/wiki/Canadian_federal_election,_1911",parlgov
1911-09-24,Sweden national election,election,Sweden,election,standard,56.98,"turnout, percent of electorate","https://en.wikipedia.org/wiki/Swedish_general_election,_1911",parlgov
1911-10-29,Switzerland national election,election,Switzerland,election,standard,,"turnout, percent of electorate",https://en.wikipedia.org/wiki/1911_Swiss_federal_election,parlgov
1911-12-19,New Zealand national election,election,New Zealand,election,standard,81.6,"turnout, percent of electorate","https://en.wikipedia.org/wiki/New_Zealand_general_election,_1911",parlgov
1912-06-02,Belgium national election,election,Belgium,election,standard,95.38,"turnout, percent of electorate","https://en.wikipedia.org/wiki/Belgian_general_election,_1912",parlgov
1912-10-21,Norway national election,election,Norway,election,standard,65.86,"turnout, percent of electorate","https://en.wikipedia.org/wiki/Norwegian_parliamentary_election,_1912",parlgov
1913-05-20,Denmark national election,election,Denmark,election,standard,74.54,"turnout, percent of electorate","https://en.wikipedia.org/wiki/Danish_Folketing_election,_1913",parlgov
1913-05-31,Australia national election,election,Australia,election,standard,73.49,"turnout, percent of electorate","http://en.wikipedia.org/wiki/Australian_federal_election,_1913",parlgov
1914-04-07,Sweden national election,election,Sweden,election,standard,69.88,"turnout, percent of electorate","https://en.wikipedia.org/wiki/Swedish_general_election,_March_1914",parlgov
1914-05-10,France national election,election,France,election,standard,77.22,"turnout, percent of electorate","https://en.wikipedia.org/wiki/French_legislative_election,_1914",parlgov
1914-05-24,Belgium national election,election,Belgium,election,standard,,"turnout, percent of electorate","https://en.wikipedia.org/wiki/Belgian_general_election,_1914",parlgov
1914-09-05,Australia national election,election,Australia,election,major,73.53,"turnout, percent of electorate","http://en.wikipedia.org/wiki/Australian_federal_election,_1914",parlgov
1914-09-13,Sweden national election,election,Sweden,election,standard,66.15,"turnout, percent of electorate","https://en.wikipedia.org/wiki/Swedish_general_election,_September_1914",parlgov
1914-10-25,Switzerland national election,election,Switzerland,election,standard,,"turnout, percent of electorate",https://en.wikipedia.org/wiki/1914_Swiss_federal_election,parlgov
1914-12-11,New Zealand national election,election,New Zealand,election,standard,87.67,"turnout, percent of electorate","https://en.wikipedia.org/wiki/New_Zealand_general_election,_1914",parlgov
1915-05-07,Denmark national election,election,Denmark,election,standard,,"turnout, percent of electorate","https://en.wikipedia.org/wiki/Danish_Folketing_election,_1915",parlgov
1915-10-21,Norway national election,election,Norway,election,standard,61.78,"turnout, percent of electorate","https://en.wikipedia.org/wiki/Norwegian_parliamentary_election,_1915",parlgov
1917-05-05,Australia national election,election,Australia,election,standard,78.3,"turnout, percent of electorate","http://en.wikipedia.org/wiki/Australian_federal_election,_1917",parlgov
1917-09-16,Sweden national election,election,Sweden,election,standard,65.75,"turnout, percent of electorate","https://en.wikipedia.org/wiki/Swedish_general_election,_1917",parlgov
1917-10-02,Finland national election,election,Finland,election,standard,68.89,"turnout, percent of electorate","https://en.wikipedia.org/wiki/Finnish_parliamentary_election,_1917",parlgov
1917-10-28,Switzerland national election,election,Switzerland,election,standard,,"turnout, percent of electorate",https://en.wikipedia.org/wiki/1917_Swiss_federal_election,parlgov
1917-12-17,Canada national election,election,Canada,election,standard,90.4,"turnout, percent of electorate","https://en.wikipedia.org/wiki/Canadian_federal_election,_1917",parlgov
1918-04-22,Denmark national election,election,Denmark,election,standard,75.51,"turnout, percent of electorate","https://en.wikipedia.org/wiki/Danish_Folketing_election,_1918",parlgov
1918-07-03,Netherlands national election,election,Netherlands,election,standard,,"turnout, percent of electorate","https://en.wikipedia.org/wiki/Dutch_general_election,_1918",parlgov
1918-10-21,Norway national election,election,Norway,election,standard,60.46,"turnout, percent of electorate","https://en.wikipedia.org/wiki/Norwegian_parliamentary_election,_1918",parlgov
1918-12-14,United Kingdom national election,election,United Kingdom,election,standard,,"turnout, percent of electorate","https://en.wikipedia.org/wiki/United_Kingdom_general_election,_1918",parlgov
1919-01-19,Germany national election,election,Germany,election,standard,,"turnout, percent of electorate","https://en.wikipedia.org/wiki/German_federal_election,_1919",parlgov
1919-02-16,Austria national election,election,Austria,election,standard,84.6,"turnout, percent of electorate","https://en.wikipedia.org/wiki/Austrian_Constitutional_Assembly_election,_1919",parlgov
1919-03-03,Finland national election,election,Finland,election,standard,67.13,"turnout, percent of electorate","https://en.wikipedia.org/wiki/Finnish_parliamentary_election,_1919",parlgov
1919-10-16,France national election,election,France,election,standard,71.04,"turnout, percent of electorate","https://en.wikipedia.org/wiki/French_legislative_election,_1919",parlgov
1919-10-26,Switzerland national election,election,Switzerland,election,standard,80.38,"turnout, percent of electorate","http://en.wikipedia.org/wiki/Swiss_federal_election,_1919",parlgov
1919-10-26,Luxembourg national election,election,Luxembourg,election,standard,,"turnout, percent of electorate","https://en.wikipedia.org/wiki/Luxembourg_general_election,_1919",parlgov
1919-11-15,Iceland national election,election,Iceland,election,standard,45.38,"turnout, percent of electorate","https://en.wikipedia.org/wiki/Icelandic_parliamentary_election,_1919",parlgov
1919-11-16,Belgium national election,election,Belgium,election,standard,88.5,"turnout, percent of electorate","https://en.wikipedia.org/wiki/Belgian_general_election,_1919",parlgov
1919-12-13,Australia national election,election,Australia,election,standard,71.59,"turnout, percent of electorate","http://en.wikipedia.org/wiki/Australian_federal_election,_1919",parlgov
1919-12-17,New Zealand national election,election,New Zealand,election,standard,82.02,"turnout, percent of electorate","https://en.wikipedia.org/wiki/New_Zealand_general_election,_1919",parlgov
1920-04-26,Denmark national election,election,Denmark,election,standard,80.61,"turnout, percent of electorate","https://en.wikipedia.org/wiki/Danish_Folketing_election,_April_1920",parlgov
1920-06-06,Germany national election,election,Germany,election,standard,80.15,"turnout, percent of electorate","https://en.wikipedia.org/wiki/German_federal_election,_1920",parlgov
1920-07-06,Denmark national election,election,Denmark,election,standard,74.87,"turnout, percent of electorate","https://en.wikipedia.org/wiki/Danish_Folketing_election,_July_1920",parlgov
1920-09-17,Sweden national election,election,Sweden,election,standard,55.34,"turnout, percent of electorate","https://en.wikipedia.org/wiki/Swedish_general_election,_1920",parlgov
1920-09-21,Denmark national election,election,Denmark,election,standard,77.02,"turnout, percent of electorate","https://en.wikipedia.org/wiki/Danish_Folketing_election,_September_1920",parlgov
1920-10-17,Austria national election,election,Austria,election,major,80.27,"turnout, percent of electorate","https://en.wikipedia.org/wiki/Austrian_legislative_election,_1920",parlgov
1921-09-26,Sweden national election,election,Sweden,election,standard,54.22,"turnout, percent of electorate","https://en.wikipedia.org/wiki/Swedish_general_election,_1921",parlgov
1921-10-24,Norway national election,election,Norway,election,standard,67.92,"turnout, percent of electorate","https://en.wikipedia.org/wiki/Norwegian_parliamentary_election,_1921",parlgov
1921-11-20,Belgium national election,election,Belgium,election,standard,91.13,"turnout, percent of electorate","https://en.wikipedia.org/wiki/Belgian_general_election,_1921",parlgov
1921-12-06,Canada national election,election,Canada,election,standard,70.78,"turnout, percent of electorate","https://en.wikipedia.org/wiki/Canadian_federal_election,_1921",parlgov
1922-05-28,Luxembourg national election,election,Luxembourg,election,standard,,"turnout, percent of electorate","https://en.wikipedia.org/wiki/Luxembourg_general_election,_1922",parlgov
1922-06-22,Ireland national election,election,Ireland,election,standard,44.84,"turnout, percent of electorate","https://en.wikipedia.org/wiki/Irish_general_election,_1922",parlgov
1922-07-03,Finland national election,election,Finland,election,standard,58.48,"turnout, percent of electorate","https://en.wikipedia.org/wiki/Finnish_parliamentary_election,_1922",parlgov
1922-07-05,Netherlands national election,election,Netherlands,election,standard,,"turnout, percent of electorate","https://en.wikipedia.org/wiki/Dutch_general_election,_1922",parlgov
1922-10-29,Switzerland national election,election,Switzerland,election,standard,76.37,"turnout, percent of electorate","http://en.wikipedia.org/wiki/Swiss_federal_election,_1922",parlgov
1922-11-15,United Kingdom national election,election,United Kingdom,election,standard,,"turnout, percent of electorate","https://en.wikipedia.org/wiki/United_Kingdom_general_election,_1922",parlgov
1922-12-07,New Zealand national election,election,New Zealand,election,standard,91.6,"turnout, percent of electorate","https://en.wikipedia.org/wiki/New_Zealand_general_election,_1922",parlgov
1922-12-16,Australia national election,election,Australia,election,standard,59.41,"turnout, percent of electorate","http://en.wikipedia.org/wiki/Australian_federal_election,_1922",parlgov
1923-08-27,Ireland national election,election,Ireland,election,major,61.24,"turnout, percent of electorate","https://en.wikipedia.org/wiki/Irish_general_election,_1923",parlgov
1923-10-21,Austria national election,election,Austria,election,standard,87.05,"turnout, percent of electorate","https://en.wikipedia.org/wiki/Austrian_legislative_election,_1923",parlgov
1923-10-27,Iceland national election,election,Iceland,election,standard,70.9,"turnout, percent of electorate","https://en.wikipedia.org/wiki/Icelandic_parliamentary_election,_1923",parlgov
1923-12-06,United Kingdom national election,election,United Kingdom,election,major,,"turnout, percent of electorate","https://en.wikipedia.org/wiki/United_Kingdom_general_election,_1923",parlgov
1924-04-11,Denmark national election,election,Denmark,election,standard,78.6,"turnout, percent of electorate","https://en.wikipedia.org/wiki/Danish_Folketing_election,_1924",parlgov
1924-05-04,Germany national election,election,Germany,election,standard,77.42,"turnout, percent of electorate","https://en.wikipedia.org/wiki/German_federal_election,_May_1924",parlgov
1924-05-25,France national election,election,France,election,standard,83.03,"turnout, percent of electorate","https://en.wikipedia.org/wiki/French_legislative_election,_1924",parlgov
1924-09-21,Sweden national election,election,Sweden,election,standard,53.04,"turnout, percent of electorate","https://en.wikipedia.org/wiki/Swedish_general_election,_1924",parlgov
1924-10-21,Norway national election,election,Norway,election,standard,69.89,"turnout, percent of electorate","https://en.wikipedia.org/wiki/Norwegian_parliamentary_election,_1924",parlgov
1924-10-29,United Kingdom national election,election,United Kingdom,election,major,,"turnout, percent of electorate","https://en.wikipedia.org/wiki/United_Kingdom_general_election,_1924",parlgov
1924-12-07,Germany national election,election,Germany,election,major,78.75,"turnout, percent of electorate","https://en.wikipedia.org/wiki/German_federal_election,_December_1924",parlgov
1925-03-01,Luxembourg national election,election,Luxembourg,election,standard,,"turnout, percent of electorate","https://en.wikipedia.org/wiki/Luxembourg_general_election,_1925",parlgov
1925-07-01,Netherlands national election,election,Netherlands,election,standard,91.35,"turnout, percent of electorate","https://en.wikipedia.org/wiki/Dutch_general_election,_1925",parlgov
1925-08-05,Belgium national election,election,Belgium,election,standard,92.84,"turnout, percent of electorate","https://en.wikipedia.org/wiki/Belgian_general_election,_1925",parlgov
1925-10-25,Switzerland national election,election,Switzerland,election,standard,76.8,"turnout, percent of electorate","http://en.wikipedia.org/wiki/Swiss_federal_election,_1925",parlgov
1925-10-29,Canada national election,election,Canada,election,standard,68.75,"turnout, percent of electorate","https://en.wikipedia.org/wiki/Canadian_federal_election,_1925",parlgov
1925-11-04,New Zealand national election,election,New Zealand,election,standard,92.05,"turnout, percent of electorate","https://en.wikipedia.org/wiki/New_Zealand_general_election,_1925",parlgov
1925-11-14,Australia national election,election,Australia,election,standard,91.43,"turnout, percent of electorate","http://en.wikipedia.org/wiki/Australian_federal_election,_1925",parlgov
1926-09-14,Canada national election,election,Canada,election,standard,70.16,"turnout, percent of electorate","https://en.wikipedia.org/wiki/Canadian_federal_election,_1926",parlgov
1926-12-02,Denmark national election,election,Denmark,election,standard,76.97,"turnout, percent of electorate","https://en.wikipedia.org/wiki/Danish_Folketing_election,_1926",parlgov
1927-04-24,Austria national election,election,Austria,election,standard,89.27,"turnout, percent of electorate","https://en.wikipedia.org/wiki/Austrian_legislative_election,_1927",parlgov
1927-06-09,Ireland national election,election,Ireland,election,standard,68.07,"turnout, percent of electorate","https://en.wikipedia.org/wiki/Irish_general_election,_June_1927",parlgov
1927-07-01,Finland national election,election,Finland,election,standard,55.79,"turnout, percent of electorate","http://en.wikipedia.org/wiki/Finnish_parliamentary_election,_1927",parlgov
1927-07-09,Iceland national election,election,Iceland,election,standard,71.51,"turnout, percent of electorate","https://en.wikipedia.org/wiki/Icelandic_parliamentary_election,_1927",parlgov
1927-09-15,Ireland national election,election,Ireland,election,major,68.94,"turnout, percent of electorate","https://en.wikipedia.org/wiki/Irish_general_election,_September_1927",parlgov
1927-10-17,Norway national election,election,Norway,election,standard,68.08,"turnout, percent of electorate","https://en.wikipedia.org/wiki/Norwegian_parliamentary_election,_1927",parlgov
1928-04-29,France national election,election,France,election,standard,83.79,"turnout, percent of electorate","https://en.wikipedia.org/wiki/French_legislative_election,_1928",parlgov
1928-05-20,Germany national election,election,Germany,election,standard,75.6,"turnout, percent of electorate","https://en.wikipedia.org/wiki/German_federal_election,_1928",parlgov
1928-06-03,Luxembourg national election,election,Luxembourg,election,standard,,"turnout, percent of electorate","https://en.wikipedia.org/wiki/Luxembourg_general_election,_1928",parlgov
1928-09-21,Sweden national election,election,Sweden,election,standard,67.41,"turnout, percent of electorate","https://en.wikipedia.org/wiki/Swedish_general_election,_1928",parlgov
1928-10-28,Switzerland national election,election,Switzerland,election,standard,78.79,"turnout, percent of electorate","http://en.wikipedia.org/wiki/Swiss_federal_election,_1928",parlgov
1928-11-14,New Zealand national election,election,New Zealand,election,standard,90.53,"turnout, percent of electorate","https://en.wikipedia.org/wiki/New_Zealand_general_election,_1928",parlgov
1928-11-17,Australia national election,election,Australia,election,standard,93.69,"turnout, percent of electorate","http://en.wikipedia.org/wiki/Australian_federal_election,_1928",parlgov
1929-04-02,Denmark national election,election,Denmark,election,standard,79.68,"turnout, percent of electorate","https://en.wikipedia.org/wiki/Danish_Folketing_election,_1929",parlgov
1929-05-25,Belgium national election,election,Belgium,election,standard,93.93,"turnout, percent of electorate","https://en.wikipedia.org/wiki/Belgian_general_election,_1929",parlgov
1929-05-30,United Kingdom national election,election,United Kingdom,election,standard,,"turnout, percent of electorate","https://en.wikipedia.org/wiki/United_Kingdom_general_election,_1929",parlgov
1929-07-01,Finland national election,election,Finland,election,standard,55.61,"turnout, percent of electorate","http://en.wikipedia.org/wiki/Finnish_parliamentary_election,_1929",parlgov
1929-07-03,Netherlands national election,election,Netherlands,election,standard,92.68,"turnout, percent of electorate","https://en.wikipedia.org/wiki/Dutch_general_election,_1929",parlgov
1929-10-12,Australia national election,election,Australia,election,major,94.85,"turnout, percent of electorate","http://en.wikipedia.org/wiki/Australian_federal_election,_1929",parlgov
1930-07-28,Canada national election,election,Canada,election,standard,76.11,"turnout, percent of electorate","https://en.wikipedia.org/wiki/Canadian_federal_election,_1930",parlgov
1930-09-14,Germany national election,election,Germany,election,major,82.0,"turnout, percent of electorate","https://en.wikipedia.org/wiki/German_federal_election,_1930",parlgov
1930-10-01,Finland national election,election,Finland,election,standard,65.92,"turnout, percent of electorate","http://en.wikipedia.org/wiki/Finnish_parliamentary_election,_1930",parlgov
1930-10-20,Norway national election,election,Norway,election,standard,77.55,"turnout, percent of electorate","https://en.wikipedia.org/wiki/Norwegian_parliamentary_election,_1930",parlgov
1930-11-09,Austria national election,election,Austria,election,standard,90.17,"turnout, percent of electorate","https://en.wikipedia.org/wiki/Austrian_legislative_election,_1930",parlgov
1931-06-07,Luxembourg national election,election,Luxembourg,election,standard,,"turnout, percent of electorate","https://en.wikipedia.org/wiki/Luxembourg_general_election,_1931",parlgov
1931-06-12,Iceland national election,election,Iceland,election,standard,78.25,"turnout, percent of electorate","https://en.wikipedia.org/wiki/Icelandic_parliamentary_election,_1931",parlgov
1931-10-25,Switzerland national election,election,Switzerland,election,standard,78.83,"turnout, percent of electorate","http://en.wikipedia.org/wiki/Swiss_federal_election,_1931",parlgov
1931-10-27,United Kingdom national election,election,United Kingdom,election,major,,"turnout, percent of electorate","https://en.wikipedia.org/wiki/United_Kingdom_general_election,_1931",parlgov
1931-12-02,New Zealand national election,election,New Zealand,election,standard,82.24,"turnout, percent of electorate","https://en.wikipedia.org/wiki/New_Zealand_general_election,_1931",parlgov
1931-12-19,Australia national election,election,Australia,election,standard,95.08,"turnout, percent of electorate","http://en.wikipedia.org/wiki/Australian_federal_election,_1931",parlgov
1932-02-16,Ireland national election,election,Ireland,election,standard,76.38,"turnout, percent of electorate","https://en.wikipedia.org/wiki/Irish_general_election,_1932",parlgov
1932-05-08,France national election,election,France,election,standard,83.48,"turnout, percent of electorate","https://en.wikipedia.org/wiki/French_legislative_election,_1932",parlgov
1932-07-31,Germany national election,election,Germany,election,major,84.06,"turnout, percent of electorate","https://en.wikipedia.org/wiki/German_federal_election,_July_1932",parlgov
1932-09-18,Sweden national election,election,Sweden,election,standard,67.62,"turnout, percent of electorate","https://en.wikipedia.org/wiki/Swedish_general_election,_1932",parlgov
1932-11-06,Germany national election,election,Germany,election,major,80.58,"turnout, percent of electorate","https://en.wikipedia.org/wiki/German_federal_election,_November_1932",parlgov
1932-11-16,Denmark national election,election,Denmark,election,standard,81.52,"turnout, percent of electorate","https://en.wikipedia.org/wiki/Danish_Folketing_election,_1932",parlgov
1932-11-27,Belgium national election,election,Belgium,election,standard,94.31,"turnout, percent of electorate","https://en.wikipedia.org/wiki/Belgian_general_election,_1932",parlgov
1933-01-24,Ireland national election,election,Ireland,election,major,81.11,"turnout, percent of electorate","https://en.wikipedia.org/wiki/Irish_general_election,_1933",parlgov
1933-03-05,Germany national election,election,Germany,election,major,88.79,"turnout, percent of electorate","https://en.wikipedia.org/wiki/German_federal_election,_March_1933",parlgov
1933-04-26,Netherlands national election,election,Netherlands,election,standard,94.5,"turnout, percent of electorate","https://en.wikipedia.org/wiki/Dutch_general_election,_1933",parlgov
1933-07-01,Finland national election,election,Finland,election,standard,62.19,"turnout, percent of electorate","http://en.wikipedia.org/wiki/Finnish_parliamentary_election,_1933",parlgov
1933-07-16,Iceland national election,election,Iceland,election,standard,68.95,"turnout, percent of electorate","https://en.wikipedia.org/wiki/Icelandic_parliamentary_election,_1933",parlgov
1933-10-16,Norway national election,election,Norway,election,standard,76.36,"turnout, percent of electorate","https://en.wikipedia.org/wiki/Norwegian_parliamentary_election,_1933",parlgov
1934-06-03,Luxembourg national election,election,Luxembourg,election,standard,,"turnout, percent of electorate","https://en.wikipedia.org/wiki/Luxembourg_general_election,_1934",parlgov
1934-06-24,Iceland national election,election,Iceland,election,standard,81.51,"turnout, percent of electorate","https://en.wikipedia.org/wiki/Icelandic_parliamentary_election,_1934",parlgov
1934-09-15,Australia national election,election,Australia,election,standard,95.22,"turnout, percent of electorate","http://en.wikipedia.org/wiki/Australian_federal_election,_1934",parlgov
1935-10-14,Canada national election,election,Canada,election,standard,75.24,"turnout, percent of electorate","https://en.wikipedia.org/wiki/Canadian_federal_election,_1935",parlgov
1935-10-22,Denmark national election,election,Denmark,election,standard,80.74,"turnout, percent of electorate","https://en.wikipedia.org/wiki/Danish_Folketing_election,_1935",parlgov
1935-10-27,Switzerland national election,election,Switzerland,election,standard,78.31,"turnout, percent of electorate","http://en.wikipedia.org/wiki/Swiss_federal_election,_1935",parlgov
1935-11-14,United Kingdom national election,election,United Kingdom,election,standard,,"turnout, percent of electorate","https://en.wikipedia.org/wiki/United_Kingdom_general_election,_1935",parlgov
1935-11-27,New Zealand national election,election,New Zealand,election,standard,93.45,"turnout, percent of electorate","https://en.wikipedia.org/wiki/New_Zealand_general_election,_1935",parlgov
1936-05-03,France national election,election,France,election,standard,84.45,"turnout, percent of electorate","https://en.wikipedia.org/wiki/French_legislative_election,_1936",parlgov
1936-05-24,Belgium national election,election,Belgium,election,standard,94.67,"turnout, percent of electorate","https://en.wikipedia.org/wiki/Belgian_general_election,_1936",parlgov
1936-07-01,Finland national election,election,Finland,election,standard,62.92,"turnout, percent of electorate","http://en.wikipedia.org/wiki/Finnish_parliamentary_election,_1936",parlgov
1936-09-20,Sweden national election,election,Sweden,election,standard,74.55,"turnout, percent of electorate","https://en.wikipedia.org/wiki/Swedish_general_election,_1936",parlgov
1936-10-19,Norway national election,election,Norway,election,standard,84.02,"turnout, percent of electorate","https://en.wikipedia.org/wiki/Norwegian_parliamentary_election,_1936",parlgov
1937-05-26,Netherlands national election,election,Netherlands,election,standard,94.4,"turnout, percent of electorate","https://en.wikipedia.org/wiki/Dutch_general_election,_1937",parlgov
1937-06-06,Luxembourg national election,election,Luxembourg,election,standard,,"turnout, percent of electorate","https://en.wikipedia.org/wiki/Luxembourg_general_election,_1937",parlgov
1937-06-29,Iceland national election,election,Iceland,election,standard,87.95,"turnout, percent of electorate","https://en.wikipedia.org/wiki/Icelandic_parliamentary_election,_1937",parlgov
1937-07-01,Ireland national election,election,Ireland,election,standard,76.18,"turnout, percent of electorate","https://en.wikipedia.org/wiki/Irish_general_election,_1937",parlgov
1937-10-23,Australia national election,election,Australia,election,standard,96.2,"turnout, percent of electorate","http://en.wikipedia.org/wiki/Australian_federal_election,_1937",parlgov
1938-06-17,Ireland national election,election,Ireland,election,major,73.55,"turnout, percent of electorate","https://en.wikipedia.org/wiki/Irish_general_election,_1938",parlgov
1938-10-15,New Zealand national election,election,New Zealand,election,standard,95.81,"turnout, percent of electorate","https://en.wikipedia.org/wiki/New_Zealand_general_election,_1938",parlgov
1939-04-02,Belgium national election,election,Belgium,election,standard,79.0,"turnout, percent of electorate","https://en.wikipedia.org/wiki/Belgian_general_election,_1939",parlgov
1939-04-03,Denmark national election,election,Denmark,election,standard,79.17,"turnout, percent of electorate","https://en.wikipedia.org/wiki/Danish_Folketing_election,_1939",parlgov
1939-07-01,Finland national election,election,Finland,election,standard,66.55,"turnout, percent of electorate","http://en.wikipedia.org/wiki/Finnish_parliamentary_election,_1939",parlgov
1939-10-29,Switzerland national election,election,Switzerland,election,standard,74.29,"turnout, percent of electorate","http://en.wikipedia.org/wiki/Swiss_federal_election,_1939",parlgov
1940-03-26,Canada national election,election,Canada,election,standard,70.92,"turnout, percent of electorate","http://en.wikipedia.org/wiki/Canadian_federal_election,_1940",parlgov
1940-09-15,Sweden national election,election,Sweden,election,standard,70.28,"turnout, percent of electorate","https://en.wikipedia.org/wiki/Swedish_general_election,_1940",parlgov
1940-09-21,Australia national election,election,Australia,election,standard,94.92,"turnout, percent of electorate","http://en.wikipedia.org/wiki/Australian_federal_election,_1940",parlgov
1942-07-05,Iceland national election,election,Iceland,election,standard,80.26,"turnout, percent of electorate","https://en.wikipedia.org/wiki/Icelandic_parliamentary_election,_July_1942",parlgov
1942-10-19,Iceland national election,election,Iceland,election,major,82.35,"turnout, percent of electorate","http://en.wikipedia.org/wiki/Icelandic_parliamentary_election,_October_1942",parlgov
1943-03-23,Denmark national election,election,Denmark,election,standard,89.47,"turnout, percent of electorate","https://en.wikipedia.org/wiki/Danish_Folketing_election,_1943",parlgov
1943-06-23,Ireland national election,election,Ireland,election,standard,74.22,"turnout, percent of electorate","https://en.wikipedia.org/wiki/Irish_general_election,_1943",parlgov
1943-08-21,Australia national election,election,Australia,election,standard,96.38,"turnout, percent of electorate","http://en.wikipedia.org/wiki/Australian_federal_election,_1943",parlgov
1943-09-25,New Zealand national election,election,New Zealand,election,standard,95.16,"turnout, percent of electorate","http://en.wikipedia.org/wiki/New_Zealand_general_election,_1943",parlgov
1943-10-31,Switzerland national election,election,Switzerland,election,standard,70.04,"turnout, percent of electorate","http://en.wikipedia.org/wiki/Swiss_federal_election,_1943",parlgov
1944-05-30,Ireland national election,election,Ireland,election,major,67.73,"turnout, percent of electorate","http://en.wikipedia.org/wiki/Irish_general_election,_1944",parlgov
1944-09-17,Sweden national election,election,Sweden,election,standard,71.9,"turnout, percent of electorate","http://en.wikipedia.org/wiki/Swedish_general_election,_1944",parlgov
1945-03-18,Finland national election,election,Finland,election,standard,74.87,"turnout, percent of electorate","http://en.wikipedia.org/wiki/Finnish_parliamentary_election,_1945",parlgov
1945-06-11,Canada national election,election,Canada,election,standard,76.31,"turnout, percent of electorate","http://en.wikipedia.org/wiki/Canadian_federal_election,_1945",parlgov
1945-07-05,United Kingdom national election,election,United Kingdom,election,standard,,"turnout, percent of electorate","http://en.wikipedia.org/wiki/United_Kingdom_general_election,_1945",parlgov
1945-10-08,Norway national election,election,Norway,election,standard,76.36,"turnout, percent of electorate","http://en.wikipedia.org/wiki/Norwegian_parliamentary_election,_1945",parlgov
1945-10-21,France national election,election,France,election,standard,79.83,"turnout, percent of electorate","http://en.wikipedia.org/wiki/French_legislative_election,_1945",parlgov
1945-10-21,Luxembourg national election,election,Luxembourg,election,standard,,"turnout, percent of electorate","http://en.wikipedia.org/wiki/Luxembourgian_legislative_election,_1945",parlgov
1945-10-30,Denmark national election,election,Denmark,election,standard,86.29,"turnout, percent of electorate","http://en.wikipedia.org/wiki/Danish_Folketing_election,_1945",parlgov
1945-11-25,Austria national election,election,Austria,election,standard,94.31,"turnout, percent of electorate","http://en.wikipedia.org/wiki/Austrian_legislative_election,_1945",parlgov
1946-02-17,Belgium national election,election,Belgium,election,standard,90.3,"turnout, percent of electorate","http://en.wikipedia.org/wiki/Belgian_general_election,_1946",parlgov
1946-04-10,Japan national election,election,Japan,election,standard,72.08,"turnout, percent of electorate","http://en.wikipedia.org/wiki/Japanese_general_election,_1946",parlgov
1946-05-17,Netherlands national election,election,Netherlands,election,standard,93.1,"turnout, percent of electorate","http://en.wikipedia.org/wiki/Dutch_general_election,_1946",parlgov
1946-06-02,Italy national election,election,Italy,election,standard,89.08,"turnout, percent of electorate","http://en.wikipedia.org/wiki/Italian_general_election,_1946",parlgov
1946-06-02,France national election,election,France,election,major,81.85,"turnout, percent of electorate","http://en.wikipedia.org/wiki/French_legislative_election,_June_1946",parlgov
1946-06-30,Iceland national election,election,Iceland,election,standard,87.42,"turnout, percent of electorate","http://en.wikipedia.org/wiki/Icelandic_parliamentary_election,_1946",parlgov
1946-09-28,Australia national election,election,Australia,election,standard,93.95,"turnout, percent of electorate","http://en.wikipedia.org/wiki/Australian_federal_election,_1946",parlgov
1946-11-10,France national election,election,France,election,major,78.1,"turnout, percent of electorate","http://en.wikipedia.org/wiki/French_legislative_election,_November_1946",parlgov
1946-11-27,New Zealand national election,election,New Zealand,election,standard,97.53,"turnout, percent of electorate","http://en.wikipedia.org/wiki/New_Zealand_general_election,_1946",parlgov
1947-04-25,Japan national election,election,Japan,election,major,67.95,"turnout, percent of electorate","http://en.wikipedia.org/wiki/Japanese_general_election,_1947",parlgov
1947-10-26,Switzerland national election,election,Switzerland,election,standard,72.44,"turnout, percent of electorate","http://en.wikipedia.org/wiki/Swiss_federal_election,_1947",parlgov
1947-10-27,Malta national election,election,Malta,election,standard,75.44,"turnout, percent of electorate","http://en.wikipedia.org/wiki/Maltese_general_election,_1947",parlgov
1947-10-28,Denmark national election,election,Denmark,election,major,85.78,"turnout, percent of electorate","http://en.wikipedia.org/wiki/Danish_Folketing_election,_1947",parlgov
1948-02-04,Ireland national election,election,Ireland,election,major,74.25,"turnout, percent of electorate","http://en.wikipedia.org/wiki/Irish_general_election,_1948",parlgov
1948-04-18,Italy national election,election,Italy,election,standard,92.23,"turnout, percent of electorate","http://en.wikipedia.org/wiki/Italian_general_election,_1948",parlgov
1948-06-06,Luxembourg national election,election,Luxembourg,election,standard,91.94,"turnout, percent of electorate","http://en.wikipedia.org/wiki/Luxembourgian_legislative_election,_1948",parlgov
1948-07-02,Finland national election,election,Finland,election,standard,78.25,"turnout, percent of electorate","http://en.wikipedia.org/wiki/Finnish_parliamentary_election,_1948",parlgov
1948-07-07,Netherlands national election,election,Netherlands,election,major,93.67,"turnout, percent of electorate","http://en.wikipedia.org/wiki/Dutch_general_election,_1948",parlgov
1948-09-19,Sweden national election,election,Sweden,election,standard,82.74,"turnout, percent of electorate","http://en.wikipedia.org/wiki/Swedish_general_election,_1948",parlgov
1949-01-23,Japan national election,election,Japan,election,major,74.04,"turnout, percent of electorate","http://en.wikipedia.org/wiki/Japanese_general_election,_1949",parlgov
1949-01-25,Israel national election,election,Israel,election,standard,86.88,"turnout, percent of electorate","http://en.wikipedia.org/wiki/Israeli_legislative_election,_1949",parlgov
1949-06-26,Belgium national election,election,Belgium,election,major,94.41,"turnout, percent of electorate","http://en.wikipedia.org/wiki/Belgian_general_election,_1949",parlgov
1949-06-27,Canada national election,election,Canada,election,standard,74.79,"turnout, percent of electorate","http://en.wikipedia.org/wiki/Canadian_federal_election,_1949",parlgov
1949-08-14,Germany national election,election,Germany,election,standard,78.49,"turnout, percent of electorate","http://en.wikipedia.org/wiki/West_German_federal_election,_1949",parlgov
1949-10-09,Austria national election,election,Austria,election,standard,96.78,"turnout, percent of electorate","http://en.wikipedia.org/wiki/Austrian_legislative_election,_1949",parlgov
1949-10-10,Norway national election,election,Norway,election,standard,82.02,"turnout, percent of electorate","http://en.wikipedia.org/wiki/Norwegian_parliamentary_election,_1949",parlgov
1949-10-24,Iceland national election,election,Iceland,election,standard,89.03,"turnout, percent of electorate","http://en.wikipedia.org/wiki/Icelandic_parliamentary_election,_1949",parlgov
1949-11-30,New Zealand national election,election,New Zealand,election,standard,94.0,"turnout, percent of electorate","http://en.wikipedia.org/wiki/New_Zealand_general_election,_1949",parlgov
1949-12-10,Australia national election,election,Australia,election,standard,95.94,"turnout, percent of electorate","http://en.wikipedia.org/wiki/Australian_federal_election,_1949",parlgov
1950-02-23,United Kingdom national election,election,United Kingdom,election,standard,,"turnout, percent of electorate","http://en.wikipedia.org/wiki/United_Kingdom_general_election,_1950",parlgov
1950-06-04,Belgium national election,election,Belgium,election,major,92.62,"turnout, percent of electorate","http://en.wikipedia.org/wiki/Belgian_general_election,_1950",parlgov
1950-09-04,Malta national election,election,Malta,election,major,73.92,"turnout, percent of electorate","http://en.wikipedia.org/wiki/Maltese_general_election,_1950",parlgov
1950-09-05,Denmark national election,election,Denmark,election,major,81.87,"turnout, percent of electorate","http://en.wikipedia.org/wiki/Danish_Folketing_election,_1950",parlgov
1951-04-28,Australia national election,election,Australia,election,major,93.77,"turnout, percent of electorate","http://en.wikipedia.org/wiki/Australian_federal_election,_1951",parlgov
1951-05-06,Malta national election,election,Malta,election,major,74.59,"turnout, percent of electorate","http://en.wikipedia.org/wiki/Maltese_general_election,_1951",parlgov
1951-05-30,Ireland national election,election,Ireland,election,major,75.27,"turnout, percent of electorate","http://en.wikipedia.org/wiki/Irish_general_election,_1951",parlgov
1951-06-03,Luxembourg national election,election,Luxembourg,election,standard,90.78,"turnout, percent of electorate","http://en.wikipedia.org/wiki/Luxembourgian_legislative_election,_1951",parlgov
1951-06-17,France national election,election,France,election,standard,80.19,"turnout, percent of electorate","http://en.wikipedia.org/wiki/French_legislative_election,_1951",parlgov
1951-07-03,Finland national election,election,Finland,election,standard,74.58,"turnout, percent of electorate","http://en.wikipedia.org/wiki/Finnish_parliamentary_election,_1951",parlgov
1951-07-30,Israel national election,election,Israel,election,standard,75.15,"turnout, percent of electorate","http://en.wikipedia.org/wiki/Israeli_legislative_election,_1951",parlgov
1951-09-01,New Zealand national election,election,New Zealand,election,major,89.11,"turnout, percent of electorate","http://en.wikipedia.org/wiki/New_Zealand_general_election,_1951",parlgov
1951-10-25,United Kingdom national election,election,United Kingdom,election,major,,"turnout, percent of electorate","http://en.wikipedia.org/wiki/United_Kingdom_general_election,_1951",parlgov
1951-10-28,Switzerland national election,election,Switzerland,election,standard,71.2,"turnout, percent of electorate","http://en.wikipedia.org/wiki/Swiss_federal_election,_1951",parlgov
1952-06-25,Netherlands national election,election,Netherlands,election,standard,94.98,"turnout, percent of electorate","http://en.wikipedia.org/wiki/Dutch_general_election,_1952",parlgov
1952-09-21,Sweden national election,election,Sweden,election,standard,79.11,"turnout, percent of electorate","http://en.wikipedia.org/wiki/Swedish_general_election,_1952",parlgov
1952-10-01,Japan national election,election,Japan,election,major,76.43,"turnout, percent of electorate","http://en.wikipedia.org/wiki/Japanese_general_election,_1952",parlgov
1953-02-22,Austria national election,election,Austria,election,major,95.83,"turnout, percent of electorate","http://en.wikipedia.org/wiki/Austrian_legislative_election,_1953",parlgov
1953-04-19,Japan national election,election,Japan,election,major,74.21,"turnout, percent of electorate","http://en.wikipedia.org/wiki/Japanese_general_election,_1953",parlgov
1953-04-21,Denmark national election,election,Denmark,election,standard,80.8,"turnout, percent of electorate","http://en.wikipedia.org/wiki/Danish_parliamentary_election,_1953",parlgov
1953-06-07,Italy national election,election,Italy,election,standard,93.84,"turnout, percent of electorate","http://en.wikipedia.org/wiki/Italian_general_election,_1953",parlgov
1953-06-28,Iceland national election,election,Iceland,election,standard,89.9,"turnout, percent of electorate","http://en.wikipedia.org/wiki/Icelandic_parliamentary_election,_1953",parlgov
1953-08-10,Canada national election,election,Canada,election,standard,67.87,"turnout, percent of electorate","http://en.wikipedia.org/wiki/Canadian_federal_election,_1953",parlgov
1953-09-06,Germany national election,election,Germany,election,standard,85.99,"turnout, percent of electorate","http://en.wikipedia.org/wiki/West_German_federal_election,_1953",parlgov
1953-09-22,Denmark national election,election,Denmark,election,standard,80.58,"turnout, percent of electorate","http://en.wikipedia.org/wiki/Danish_parliamentary_election,_1953",parlgov
1953-10-12,Norway national election,election,Norway,election,standard,79.33,"turnout, percent of electorate",http://no.wikipedia.org/wiki/Stortingsvalget_1953,parlgov
1953-12-14,Malta national election,election,Malta,election,major,80.37,"turnout, percent of electorate","http://en.wikipedia.org/wiki/Maltese_general_election,_1953",parlgov
1954-03-08,Finland national election,election,Finland,election,major,79.9,"turnout, percent of electorate","http://en.wikipedia.org/wiki/Finnish_parliamentary_election,_1954",parlgov
1954-04-11,Belgium national election,election,Belgium,election,standard,93.18,"turnout, percent of electorate","http://en.wikipedia.org/wiki/Belgian_general_election,_1954",parlgov
1954-05-18,Ireland national election,election,Ireland,election,major,76.45,"turnout, percent of electorate","http://en.wikipedia.org/wiki/Irish_general_election,_1954",parlgov
1954-05-29,Australia national election,election,Australia,election,major,90.64,"turnout, percent of electorate","http://en.wikipedia.org/wiki/Australian_federal_election,_1954",parlgov
1954-05-30,Luxembourg national election,election,Luxembourg,election,standard,92.65,"turnout, percent of electorate","http://en.wikipedia.org/wiki/Luxembourgian_legislative_election,_1954",parlgov
1954-11-13,New Zealand national election,election,New Zealand,election,standard,91.4,"turnout, percent of electorate","http://en.wikipedia.org/wiki/New_Zealand_general_election,_1954",parlgov
1955-02-27,Japan national election,election,Japan,election,major,75.83,"turnout, percent of electorate","http://en.wikipedia.org/wiki/Japanese_general_election,_1955",parlgov
1955-02-28,Malta national election,election,Malta,election,major,81.16,"turnout, percent of electorate","http://en.wikipedia.org/wiki/Maltese_general_election,_1955",parlgov
1955-05-26,United Kingdom national election,election,United Kingdom,election,major,,"turnout, percent of electorate","http://en.wikipedia.org/wiki/United_Kingdom_general_election,_1955",parlgov
1955-07-26,Israel national election,election,Israel,election,standard,82.82,"turnout, percent of electorate","http://en.wikipedia.org/wiki/Israeli_legislative_election,_1955",parlgov
1955-10-30,Switzerland national election,election,Switzerland,election,standard,70.08,"turnout, percent of electorate","http://en.wikipedia.org/wiki/Swiss_federal_election,_1955",parlgov
1955-12-10,Australia national election,election,Australia,election,standard,87.4,"turnout, percent of electorate","http://en.wikipedia.org/wiki/Australian_federal_election,_1955",parlgov
1956-01-02,France national election,election,France,election,standard,82.69,"turnout, percent of electorate","http://en.wikipedia.org/wiki/French_legislative_election,_1956",parlgov
1956-05-13,Austria national election,election,Austria,election,major,95.95,"turnout, percent of electorate","http://en.wikipedia.org/wiki/Austrian_legislative_election,_1956",parlgov
1956-06-13,Netherlands national election,election,Netherlands,election,major,95.5,"turnout, percent of electorate","http://en.wikipedia.org/wiki/Dutch_general_election,_1956",parlgov
1956-06-24,Iceland national election,election,Iceland,election,major,92.07,"turnout, percent of electorate","http://en.wikipedia.org/wiki/Icelandic_parliamentary_election,_1956",parlgov
1956-09-16,Sweden national election,election,Sweden,election,standard,79.6,"turnout, percent of electorate","http://en.wikipedia.org/wiki/Swedish_general_election,_1956",parlgov
1957-03-05,Ireland national election,election,Ireland,election,major,71.25,"turnout, percent of electorate","http://en.wikipedia.org/wiki/Irish_general_election,_1957",parlgov
1957-05-14,Denmark national election,election,Denmark,election,standard,83.73,"turnout, percent of electorate","http://en.wikipedia.org/wiki/Danish_parliamentary_election,_1957",parlgov
1957-06-10,Canada national election,election,Canada,election,standard,75.05,"turnout, percent of electorate","http://en.wikipedia.org/wiki/Canadian_federal_election,_1957",parlgov
1957-09-15,Germany national election,election,Germany,election,standard,87.77,"turnout, percent of electorate","http://en.wikipedia.org/wiki/West_German_federal_election,_1957",parlgov
1957-10-07,Norway national election,election,Norway,election,standard,78.32,"turnout, percent of electorate","http://en.wikipedia.org/wiki/Norwegian_parliamentary_election,_1957",parlgov
1957-11-30,New Zealand national election,election,New Zealand,election,standard,93.44,"turnout, percent of electorate","http://en.wikipedia.org/wiki/New_Zealand_general_election,_1957",parlgov
1958-03-31,Canada national election,election,Canada,election,major,80.57,"turnout, percent of electorate","http://en.wikipedia.org/wiki/Canadian_federal_election,_1958",parlgov
1958-05-22,Japan national election,election,Japan,election,major,76.98,"turnout, percent of electorate","http://en.wikipedia.org/wiki/Japanese_general_election,_1958",parlgov
1958-05-25,Italy national election,election,Italy,election,standard,93.83,"turnout, percent of electorate","http://en.wikipedia.org/wiki/Italian_general_election,_1958",parlgov
1958-06-01,Belgium national election,election,Belgium,election,standard,93.62,"turnout, percent of electorate","http://en.wikipedia.org/wiki/Belgian_general_election,_1958",parlgov
1958-06-01,Sweden national election,election,Sweden,election,major,77.42,"turnout, percent of electorate","http://en.wikipedia.org/wiki/Swedish_general_election,_1958",parlgov
1958-07-07,Finland national election,election,Finland,election,standard,74.99,"turnout, percent of electorate","http://en.wikipedia.org/wiki/Finnish_parliamentary_election,_1958",parlgov
1958-11-22,Australia national election,election,Australia,election,standard,95.44,"turnout, percent of electorate","http://en.wikipedia.org/wiki/Australian_federal_election,_1958",parlgov
1958-11-30,France national election,election,France,election,major,77.18,"turnout, percent of electorate","http://en.wikipedia.org/wiki/French_legislative_election,_1958",parlgov
1959-02-01,Luxembourg national election,election,Luxembourg,election,standard,92.33,"turnout, percent of electorate","http://en.wikipedia.org/wiki/Luxembourgian_legislative_election,_1959",parlgov
1959-03-12,Netherlands national election,election,Netherlands,election,major,95.57,"turnout, percent of electorate","http://en.wikipedia.org/wiki/Dutch_general_election,_1959",parlgov
1959-05-10,Austria national election,election,Austria,election,major,94.21,"turnout, percent of electorate","http://en.wikipedia.org/wiki/Austrian_legislative_election,_1959",parlgov
1959-06-28,Iceland national election,election,Iceland,election,standard,90.63,"turnout, percent of electorate","http://en.wikipedia.org/wiki/Icelandic_parliamentary_election,_June_1959",parlgov
1959-10-08,United Kingdom national election,election,United Kingdom,election,standard,,"turnout, percent of electorate","http://en.wikipedia.org/wiki/United_Kingdom_general_election,_1959",parlgov
1959-10-25,Switzerland national election,election,Switzerland,election,standard,68.46,"turnout, percent of electorate","http://en.wikipedia.org/wiki/Swiss_federal_election,_1959",parlgov
1959-10-26,Iceland national election,election,Iceland,election,major,90.37,"turnout, percent of electorate","http://en.wikipedia.org/wiki/Icelandic_parliamentary_election,_October_1959",parlgov
1959-11-03,Israel national election,election,Israel,election,major,81.6,"turnout, percent of electorate","https://en.wikipedia.org/wiki/Israeli_legislative_election,_1959",parlgov
1960-09-18,Sweden national election,election,Sweden,election,standard,85.91,"turnout, percent of electorate","http://en.wikipedia.org/wiki/Swedish_general_election,_1960",parlgov
1960-11-15,Denmark national election,election,Denmark,election,major,85.84,"turnout, percent of electorate","http://en.wikipedia.org/wiki/Danish_parliamentary_election,_1960",parlgov
1960-11-20,Japan national election,election,Japan,election,major,73.5,"turnout, percent of electorate","http://en.wikipedia.org/wiki/Japanese_general_election,_1960",parlgov
1960-11-26,New Zealand national election,election,New Zealand,election,standard,89.79,"turnout, percent of electorate","http://en.wikipedia.org/wiki/New_Zealand_general_election,_1960",parlgov
1961-03-26,Belgium national election,election,Belgium,election,major,92.34,"turnout, percent of electorate","http://en.wikipedia.org/wiki/Belgian_general_election,_1961",parlgov
1961-08-15,Israel national election,election,Israel,election,standard,81.57,"turnout, percent of electorate","http://en.wikipedia.org/wiki/Israeli_legislative_election,_1961",parlgov
1961-09-11,Norway national election,election,Norway,election,standard,79.07,"turnout, percent of electorate","http://en.wikipedia.org/wiki/Norwegian_parliamentary_election,_1961",parlgov
1961-09-17,Germany national election,election,Germany,election,standard,87.74,"turnout, percent of electorate","http://en.wikipedia.org/wiki/West_German_federal_election,_1961",parlgov
1961-10-04,Ireland national election,election,Ireland,election,standard,70.61,"turnout, percent of electorate","http://en.wikipedia.org/wiki/Irish_general_election,_1961",parlgov
1961-12-09,Australia national election,election,Australia,election,standard,95.22,"turnout, percent of electorate","http://en.wikipedia.org/wiki/Australian_federal_election,_1961",parlgov
1962-02-05,Finland national election,election,Finland,election,major,85.09,"turnout, percent of electorate","http://en.wikipedia.org/wiki/Finnish_parliamentary_election,_1962",parlgov
1962-02-19,Malta national election,election,Malta,election,standard,90.77,"turnout, percent of electorate","http://en.wikipedia.org/wiki/Maltese_general_election,_1962",parlgov
1962-06-18,Canada national election,election,Canada,election,standard,80.13,"turnout, percent of electorate","http://en.wikipedia.org/wiki/Canadian_federal_election,_1962",parlgov
1962-11-18,Austria national election,election,Austria,election,major,93.77,"turnout, percent of electorate","http://en.wikipedia.org/wiki/Austrian_legislative_election,_1962",parlgov
1962-11-25,France national election,election,France,election,major,68.69,"turnout, percent of electorate","http://en.wikipedia.org/wiki/French_legislative_election,_1962",parlgov
1963-04-08,Canada national election,election,Canada,election,major,80.3,"turnout, percent of electorate","http://en.wikipedia.org/wiki/Canadian_federal_election,_1963",parlgov
1963-04-28,Italy national election,election,Italy,election,standard,92.89,"turnout, percent of electorate","http://en.wikipedia.org/wiki/Italian_general_election,_1963",parlgov
1963-05-15,Netherlands national election,election,Netherlands,election,standard,95.13,"turnout, percent of electorate","http://en.wikipedia.org/wiki/Dutch_general_election,_1963",parlgov
1963-06-09,Iceland national election,election,Iceland,election,standard,91.14,"turnout, percent of electorate","http://en.wikipedia.org/wiki/Icelandic_parliamentary_election,_1963",parlgov
1963-10-27,Switzerland national election,election,Switzerland,election,standard,66.11,"turnout, percent of electorate","http://en.wikipedia.org/wiki/Swiss_federal_election,_1963",parlgov
1963-11-21,Japan national election,election,Japan,election,major,71.14,"turnout, percent of electorate","http://en.wikipedia.org/wiki/Japanese_general_election,_1963",parlgov
1963-11-30,Australia national election,election,Australia,election,major,95.47,"turnout, percent of electorate","http://en.wikipedia.org/wiki/Australian_federal_election,_1963",parlgov
1963-11-30,New Zealand national election,election,New Zealand,election,standard,89.56,"turnout, percent of electorate","http://en.wikipedia.org/wiki/New_Zealand_general_election,_1963",parlgov
1964-06-07,Luxembourg national election,election,Luxembourg,election,standard,90.57,"turnout, percent of electorate","http://en.wikipedia.org/wiki/Luxembourgian_legislative_election,_1964",parlgov
1964-09-20,Sweden national election,election,Sweden,election,standard,83.86,"turnout, percent of electorate","http://en.wikipedia.org/wiki/Swedish_general_election,_1964",parlgov
1964-09-22,Denmark national election,election,Denmark,election,standard,85.51,"turnout, percent of electorate","http://en.wikipedia.org/wiki/Danish_parliamentary_election,_1964",parlgov
1964-10-15,United Kingdom national election,election,United Kingdom,election,standard,77.17,"turnout, percent of electorate","http://en.wikipedia.org/wiki/United_Kingdom_general_election,_1964",parlgov
1965-04-07,Ireland national election,election,Ireland,election,standard,75.14,"turnout, percent of electorate","http://en.wikipedia.org/wiki/Irish_general_election,_1965",parlgov
1965-05-23,Belgium national election,election,Belgium,election,standard,91.58,"turnout, percent of electorate","http://en.wikipedia.org/wiki/Belgian_general_election,_1965",parlgov
1965-09-12,Norway national election,election,Norway,election,standard,85.43,"turnout, percent of electorate","http://en.wikipedia.org/wiki/Norwegian_parliamentary_election,_1965",parlgov
1965-09-19,Germany national election,election,Germany,election,standard,86.77,"turnout, percent of electorate","http://en.wikipedia.org/wiki/West_German_federal_election,_1965",parlgov
1965-11-01,Israel national election,election,Israel,election,standard,83.0,"turnout, percent of electorate","http://en.wikipedia.org/wiki/Israeli_legislative_election,_1965",parlgov
1965-11-08,Canada national election,election,Canada,election,major,75.88,"turnout, percent of electorate","http://en.wikipedia.org/wiki/Canadian_federal_election,_1965",parlgov
1966-03-06,Austria national election,election,Austria,election,major,93.8,"turnout, percent of electorate","http://en.wikipedia.org/wiki/Austrian_legislative_election,_1966",parlgov
1966-03-21,Finland national election,election,Finland,election,standard,84.94,"turnout, percent of electorate","http://en.wikipedia.org/wiki/Finnish_parliamentary_election,_1966",parlgov
1966-03-28,Malta national election,election,Malta,election,standard,89.71,"turnout, percent of electorate","http://en.wikipedia.org/wiki/Maltese_general_election,_1966",parlgov
1966-03-31,United Kingdom national election,election,United Kingdom,election,major,75.96,"turnout, percent of electorate","http://en.wikipedia.org/wiki/United_Kingdom_general_election,_1966",parlgov
1966-11-22,Denmark national election,election,Denmark,election,major,88.61,"turnout, percent of electorate","http://en.wikipedia.org/wiki/Danish_parliamentary_election,_1966",parlgov
1966-11-26,Australia national election,election,Australia,election,major,95.13,"turnout, percent of electorate","http://en.wikipedia.org/wiki/Australian_federal_election,_1966",parlgov
1966-11-26,New Zealand national election,election,New Zealand,election,standard,85.99,"turnout, percent of electorate","http://en.wikipedia.org/wiki/New_Zealand_general_election,_1966",parlgov
1967-01-29,Japan national election,election,Japan,election,standard,73.98,"turnout, percent of electorate","http://en.wikipedia.org/wiki/Japanese_general_election,_1967",parlgov
1967-02-15,Netherlands national election,election,Netherlands,election,standard,94.95,"turnout, percent of electorate","http://en.wikipedia.org/wiki/Dutch_general_election,_1967",parlgov
1967-03-12,France national election,election,France,election,standard,81.12,"turnout, percent of electorate","http://en.wikipedia.org/wiki/French_legislative_election,_1967",parlgov
1967-06-11,Iceland national election,election,Iceland,election,standard,91.37,"turnout, percent of electorate","http://en.wikipedia.org/wiki/Icelandic_parliamentary_election,_1967",parlgov
1967-10-29,Switzerland national election,election,Switzerland,election,standard,65.72,"turnout, percent of electorate","http://en.wikipedia.org/wiki/Swiss_federal_election,_1967",parlgov
1968-01-23,Denmark national election,election,Denmark,election,major,89.28,"turnout, percent of electorate","http://en.wikipedia.org/wiki/Danish_parliamentary_election,_1968",parlgov
1968-03-31,Belgium national election,election,Belgium,election,major,90.02,"turnout, percent of electorate","http://en.wikipedia.org/wiki/Belgian_general_election,_1968",parlgov
1968-05-19,Italy national election,election,Italy,election,standard,92.79,"turnout, percent of electorate","http://en.wikipedia.org/wiki/Italian_general_election,_1968",parlgov
1968-06-25,Canada national election,election,Canada,election,major,75.67,"turnout, percent of electorate","http://en.wikipedia.org/wiki/Canadian_federal_election,_1968",parlgov
1968-06-30,France national election,election,France,election,major,79.85,"turnout, percent of electorate","http://en.wikipedia.org/wiki/French_legislative_election,_1968",parlgov
1968-09-15,Sweden national election,election,Sweden,election,standard,89.29,"turnout, percent of electorate","http://en.wikipedia.org/wiki/Swedish_general_election,_1968",parlgov
1968-12-15,Luxembourg national election,election,Luxembourg,election,major,88.56,"turnout, percent of electorate","http://en.wikipedia.org/wiki/Luxembourgian_legislative_election,_1968",parlgov
1969-06-18,Ireland national election,election,Ireland,election,standard,76.93,"turnout, percent of electorate","http://en.wikipedia.org/wiki/Irish_general_election,_1969",parlgov
1969-09-07,Norway national election,election,Norway,election,standard,83.84,"turnout, percent of electorate","http://en.wikipedia.org/wiki/Norwegian_parliamentary_election,_1969",parlgov
1969-09-28,Germany national election,election,Germany,election,standard,86.67,"turnout, percent of electorate","http://en.wikipedia.org/wiki/West_German_federal_election,_1969",parlgov
1969-10-25,Australia national election,election,Australia,election,major,94.97,"turnout, percent of electorate","http://en.wikipedia.org/wiki/Australian_federal_election,_1969",parlgov
1969-10-28,Israel national election,election,Israel,election,standard,81.66,"turnout, percent of electorate","http://en.wikipedia.org/wiki/Israeli_legislative_election,_1969",parlgov
1969-11-29,New Zealand national election,election,New Zealand,election,standard,89.88,"turnout, percent of electorate","http://en.wikipedia.org/wiki/New_Zealand_general_election,_1969",parlgov
1969-12-27,Japan national election,election,Japan,election,major,68.5,"turnout, percent of electorate","http://en.wikipedia.org/wiki/Japanese_general_election,_1969",parlgov
1970-03-01,Austria national election,election,Austria,election,standard,91.78,"turnout, percent of electorate","http://en.wikipedia.org/wiki/Austrian_legislative_election,_1970",parlgov
1970-03-16,Finland national election,election,Finland,election,standard,82.23,"turnout, percent of electorate","http://en.wikipedia.org/wiki/Finnish_parliamentary_election,_1970",parlgov
1970-06-18,United Kingdom national election,election,United Kingdom,election,standard,72.15,"turnout, percent of electorate","http://en.wikipedia.org/wiki/United_Kingdom_general_election,_1970",parlgov
1970-09-20,Sweden national election,election,Sweden,election,standard,88.28,"turnout, percent of electorate","http://en.wikipedia.org/wiki/Swedish_general_election,_1970",parlgov
1971-04-28,Netherlands national election,election,Netherlands,election,standard,79.08,"turnout, percent of electorate","http://en.wikipedia.org/wiki/Dutch_general_election,_1971",parlgov
1971-06-13,Iceland national election,election,Iceland,election,standard,90.44,"turnout, percent of electorate","http://en.wikipedia.org/wiki/Icelandic_parliamentary_election,_1971",parlgov
1971-06-14,Malta national election,election,Malta,election,standard,92.93,"turnout, percent of electorate","http://en.wikipedia.org/wiki/Maltese_general_election,_1971",parlgov
1971-09-21,Denmark national election,election,Denmark,election,major,87.16,"turnout, percent of electorate","http://en.wikipedia.org/wiki/Danish_parliamentary_election,_1971",parlgov
1971-10-10,Austria national election,election,Austria,election,major,92.44,"turnout, percent of electorate","http://en.wikipedia.org/wiki/Austrian_legislative_election,_1971",parlgov
1971-10-31,Switzerland national election,election,Switzerland,election,standard,56.86,"turnout, percent of electorate","http://en.wikipedia.org/wiki/Swiss_federal_election,_1971",parlgov
1971-11-07,Belgium national election,election,Belgium,election,major,91.55,"turnout, percent of electorate","http://en.wikipedia.org/wiki/Belgian_general_election,_1971",parlgov
1972-01-03,Finland national election,election,Finland,election,major,81.4,"turnout, percent of electorate","http://en.wikipedia.org/wiki/Finnish_parliamentary_election,_1972",parlgov
1972-05-07,Italy national election,election,Italy,election,major,93.21,"turnout, percent of electorate","http://en.wikipedia.org/wiki/Italian_general_election,_1972",parlgov
1972-10-30,Canada national election,election,Canada,election,standard,76.72,"turnout, percent of electorate","http://en.wikipedia.org/wiki/Canadian_federal_election,_1972",parlgov
1972-11-19,Germany national election,election,Germany,election,major,91.11,"turnout, percent of electorate","http://en.wikipedia.org/wiki/West_German_federal_election,_1972",parlgov
1972-11-25,New Zealand national election,election,New Zealand,election,standard,89.83,"turnout, percent of electorate","http://en.wikipedia.org/wiki/New_Zealand_general_election,_1972",parlgov
1972-11-29,Netherlands national election,election,Netherlands,election,major,83.5,"turnout, percent of electorate","http://en.wikipedia.org/wiki/Dutch_general_election,_1972",parlgov
1972-12-02,Australia national election,election,Australia,election,standard,95.38,"turnout, percent of electorate","http://en.wikipedia.org/wiki/Australian_federal_election,_1972",parlgov
1972-12-10,Japan national election,election,Japan,election,major,71.76,"turnout, percent of electorate","http://en.wikipedia.org/wiki/Japanese_general_election,_1972",parlgov
1973-02-28,Ireland national election,election,Ireland,election,major,76.61,"turnout, percent of electorate","http://en.wikipedia.org/wiki/Irish_general_election,_1973",parlgov
1973-03-11,France national election,election,France,election,standard,81.31,"turnout, percent of electorate","http://en.wikipedia.org/wiki/French_legislative_election,_1973",parlgov
1973-09-09,Norway national election,election,Norway,election,standard,80.24,"turnout, percent of electorate","http://en.wikipedia.org/wiki/Norwegian_parliamentary_election,_1973",parlgov
1973-09-16,Sweden national election,election,Sweden,election,standard,90.84,"turnout, percent of electorate","http://en.wikipedia.org/wiki/Swedish_general_election,_1973",parlgov
1973-12-04,Denmark national election,election,Denmark,election,major,88.72,"turnout, percent of electorate","http://en.wikipedia.org/wiki/Danish_parliamentary_election,_1973",parlgov
1973-12-31,Israel national election,election,Israel,election,standard,78.58,"turnout, percent of electorate","http://en.wikipedia.org/wiki/Israeli_legislative_election,_1973",parlgov
1974-02-28,United Kingdom national election,election,United Kingdom,election,standard,78.94,"turnout, percent of electorate","http://en.wikipedia.org/wiki/United_Kingdom_general_election,_1974",parlgov
1974-03-10,Belgium national election,election,Belgium,election,major,90.33,"turnout, percent of electorate","http://en.wikipedia.org/wiki/Belgian_general_election,_1974",parlgov
1974-05-18,Australia national election,election,Australia,election,major,95.42,"turnout, percent of electorate","http://en.wikipedia.org/wiki/Australian_federal_election,_1974",parlgov
1974-05-26,Luxembourg national election,election,Luxembourg,election,standard,90.14,"turnout, percent of electorate","http://en.wikipedia.org/wiki/Luxembourgian_legislative_election,_1974",parlgov
1974-06-30,Iceland national election,election,Iceland,election,major,91.44,"turnout, percent of electorate","http://en.wikipedia.org/wiki/Icelandic_parliamentary_election,_1974",parlgov
1974-07-08,Canada national election,election,Canada,election,major,71.0,"turnout, percent of electorate","http://en.wikipedia.org/wiki/Canadian_federal_election,_1974",parlgov
1974-10-10,United Kingdom national election,election,United Kingdom,election,major,72.93,"turnout, percent of electorate","http://en.wikipedia.org/wiki/United_Kingdom_general_election,_1974",parlgov
1974-11-17,Greece national election,election,Greece,election,standard,79.53,"turnout, percent of electorate","http://en.wikipedia.org/wiki/Greek_legislative_election,_1974",parlgov
1975-01-09,Denmark national election,election,Denmark,election,major,88.23,"turnout, percent of electorate","http://en.wikipedia.org/wiki/Danish_parliamentary_election,_1975",parlgov
1975-04-25,Portugal national election,election,Portugal,election,standard,91.66,"turnout, percent of electorate","http://en.wikipedia.org/wiki/Portuguese_Constituent_Assembly_election,_1975",parlgov
1975-09-22,Finland national election,election,Finland,election,major,73.8,"turnout, percent of electorate","http://en.wikipedia.org/wiki/Finnish_parliamentary_election,_1975",parlgov
1975-10-05,Austria national election,election,Austria,election,standard,92.9,"turnout, percent of electorate","http://en.wikipedia.org/wiki/Austrian_legislative_election,_1975",parlgov
1975-10-26,Switzerland national election,election,Switzerland,election,standard,52.36,"turnout, percent of electorate","http://en.wikipedia.org/wiki/Swiss_federal_election,_1975",parlgov
1975-11-29,New Zealand national election,election,New Zealand,election,standard,82.49,"turnout, percent of electorate","http://en.wikipedia.org/wiki/New_Zealand_general_election,_1975",parlgov
1975-12-13,Australia national election,election,Australia,election,major,95.39,"turnout, percent of electorate","http://en.wikipedia.org/wiki/Australian_federal_election,_1975",parlgov
1976-04-25,Portugal national election,election,Portugal,election,standard,83.53,"turnout, percent of electorate","http://en.wikipedia.org/wiki/Portuguese_legislative_election,_1976",parlgov
1976-06-20,Italy national election,election,Italy,election,major,93.39,"turnout, percent of electorate","http://en.wikipedia.org/wiki/Italian_general_election,_1976",parlgov
1976-09-05,Cyprus national election,election,Cyprus,election,standard,85.29,"turnout, percent of electorate","http://en.wikipedia.org/wiki/Cypriot_legislative_election,_1976",parlgov
1976-09-18,Malta national election,election,Malta,election,standard,94.89,"turnout, percent of electorate","http://en.wikipedia.org/wiki/Maltese_general_election,_1976",parlgov
1976-09-19,Sweden national election,election,Sweden,election,standard,91.76,"turnout, percent of electorate","http://en.wikipedia.org/wiki/Swedish_general_election,_1976",parlgov
1976-10-03,Germany national election,election,Germany,election,standard,90.75,"turnout, percent of electorate","http://en.wikipedia.org/wiki/West_German_federal_election,_1976",parlgov
1976-12-05,Japan national election,election,Japan,election,standard,73.44,"turnout, percent of electorate","http://en.wikipedia.org/wiki/Japanese_general_election,_1976",parlgov
1977-02-15,Denmark national election,election,Denmark,election,major,87.96,"turnout, percent of electorate","http://en.wikipedia.org/wiki/Danish_parliamentary_election,_1977",parlgov
1977-04-17,Belgium national election,election,Belgium,election,major,95.09,"turnout, percent of electorate","http://en.wikipedia.org/wiki/Belgian_general_election,_1977",parlgov
1977-05-17,Israel national election,election,Israel,election,standard,79.23,"turnout, percent of electorate","http://en.wikipedia.org/wiki/Israeli_legislative_election,_1977",parlgov
1977-05-25,Netherlands national election,election,Netherlands,election,standard,88.0,"turnout, percent of electorate","http://en.wikipedia.org/wiki/Dutch_general_election,_1977",parlgov
1977-06-15,Spain national election,election,Spain,election,standard,78.83,"turnout, percent of electorate","http://en.wikipedia.org/wiki/Spanish_general_election,_1977",parlgov
1977-06-16,Ireland national election,election,Ireland,election,major,76.31,"turnout, percent of electorate","http://en.wikipedia.org/wiki/Irish_general_election,_1977",parlgov
1977-09-11,Norway national election,election,Norway,election,standard,82.89,"turnout, percent of electorate","http://en.wikipedia.org/wiki/Norwegian_parliamentary_election,_1977",parlgov
1977-11-20,Greece national election,election,Greece,election,standard,81.11,"turnout, percent of electorate","http://en.wikipedia.org/wiki/Greek_legislative_election,_1977",parlgov
1977-12-10,Australia national election,election,Australia,election,standard,95.08,"turnout, percent of electorate","http://en.wikipedia.org/wiki/Australian_federal_election,_1977",parlgov
1978-03-19,France national election,election,France,election,standard,83.25,"turnout, percent of electorate","http://en.wikipedia.org/wiki/French_legislative_election,_1978",parlgov
1978-06-25,Iceland national election,election,Iceland,election,standard,90.27,"turnout, percent of electorate","http://en.wikipedia.org/wiki/Icelandic_parliamentary_election,_1978",parlgov
1978-11-25,New Zealand national election,election,New Zealand,election,standard,80.94,"turnout, percent of electorate","http://en.wikipedia.org/wiki/New_Zealand_general_election,_1978",parlgov
1978-12-17,Belgium national election,election,Belgium,election,major,94.91,"turnout, percent of electorate","http://en.wikipedia.org/wiki/Belgian_general_election,_1978",parlgov
1979-03-01,Spain national election,election,Spain,election,standard,68.04,"turnout, percent of electorate","http://en.wikipedia.org/wiki/Spanish_general_election,_1979",parlgov
1979-03-19,Finland national election,election,Finland,election,standard,75.31,"turnout, percent of electorate","http://en.wikipedia.org/wiki/Finnish_parliamentary_election,_1979",parlgov
1979-05-03,United Kingdom national election,election,United Kingdom,election,major,76.0,"turnout, percent of electorate","http://en.wikipedia.org/wiki/United_Kingdom_general_election,_1979",parlgov
1979-05-06,Austria national election,election,Austria,election,major,92.24,"turnout, percent of electorate","http://en.wikipedia.org/wiki/Austrian_legislative_election,_1979",parlgov
1979-05-22,Canada national election,election,Canada,election,standard,75.76,"turnout, percent of electorate","http://en.wikipedia.org/wiki/Canadian_federal_election,_1979",parlgov
1979-06-03,Italy national election,election,Italy,election,major,90.62,"turnout, percent of electorate","http://en.wikipedia.org/wiki/European_Parliament_election,_1979_(Italy)",parlgov
1979-06-10,Germany national election,election,Germany,election,standard,65.73,"turnout, percent of electorate","http://en.wikipedia.org/wiki/European_Parliament_election,_1979_(West_Germany)",parlgov
1979-06-10,Italy national election,election,Italy,election,standard,85.65,"turnout, percent of electorate","http://en.wikipedia.org/wiki/European_Parliament_election,_1979_(Italy)",parlgov
1979-06-10,France national election,election,France,election,standard,60.71,"turnout, percent of electorate","http://en.wikipedia.org/wiki/European_Parliament_election,_1979_%28France%29",parlgov
1979-06-10,Luxembourg national election,election,Luxembourg,election,standard,88.91,"turnout, percent of electorate","http://en.wikipedia.org/wiki/European_Parliament_election,_1979_(Luxembourg)",parlgov
1979-06-10,United Kingdom national election,election,United Kingdom,election,standard,32.67,"turnout, percent of electorate","http://en.wikipedia.org/wiki/European_Parliament_election,_1979_(United_Kingdom)",parlgov
1979-06-10,Luxembourg national election,election,Luxembourg,election,standard,88.85,"turnout, percent of electorate","http://en.wikipedia.org/wiki/Luxembourgian_legislative_election,_1979",parlgov
1979-06-10,Netherlands national election,election,Netherlands,election,standard,58.12,"turnout, percent of electorate","http://en.wikipedia.org/wiki/European_Parliament_election,_1979_(Netherlands)",parlgov
1979-06-10,Denmark national election,election,Denmark,election,standard,47.82,"turnout, percent of electorate","http://en.wikipedia.org/wiki/European_Parliament_election,_1979_(Denmark)",parlgov
1979-06-10,Ireland national election,election,Ireland,election,standard,63.61,"turnout, percent of electorate","http://en.wikipedia.org/wiki/European_Parliament_election,_1979_(Ireland)",parlgov
1979-06-10,Belgium national election,election,Belgium,election,standard,91.36,"turnout, percent of electorate","http://en.wikipedia.org/wiki/European_Parliament_election,_1979_(Belgium)",parlgov
1979-09-16,Sweden national election,election,Sweden,election,standard,90.72,"turnout, percent of electorate","http://en.wikipedia.org/wiki/Swedish_general_election,_1979",parlgov
1979-10-07,Japan national election,election,Japan,election,major,68.0,"turnout, percent of electorate","http://en.wikipedia.org/wiki/Japanese_general_election,_1979",parlgov
1979-10-21,Switzerland national election,election,Switzerland,election,standard,48.05,"turnout, percent of electorate","http://en.wikipedia.org/wiki/Swiss_federal_election,_1979",parlgov
1979-10-23,Denmark national election,election,Denmark,election,major,85.62,"turnout, percent of electorate","http://en.wikipedia.org/wiki/European_Parliament_election,_1979_(Denmark)",parlgov
1979-12-02,Portugal national election,election,Portugal,election,major,82.87,"turnout, percent of electorate","http://en.wikipedia.org/wiki/Portuguese_legislative_election,_1979",parlgov
1979-12-03,Iceland national election,election,Iceland,election,major,89.34,"turnout, percent of electorate","http://en.wikipedia.org/wiki/Icelandic_parliamentary_election,_1979",parlgov
1980-02-18,Canada national election,election,Canada,election,major,69.32,"turnout, percent of electorate","http://en.wikipedia.org/wiki/Canadian_federal_election,_1980",parlgov
1980-06-22,Japan national election,election,Japan,election,major,74.56,"turnout, percent of electorate","http://en.wikipedia.org/wiki/Japanese_House_of_Councillors_election,_1980",parlgov
1980-10-05,Germany national election,election,Germany,election,standard,88.57,"turnout, percent of electorate","http://en.wikipedia.org/wiki/West_German_federal_election,_1980",parlgov
1980-10-05,Portugal national election,election,Portugal,election,standard,83.94,"turnout, percent of electorate","http://en.wikipedia.org/wiki/Portuguese_legislative_election,_1980",parlgov
1980-10-18,Australia national election,election,Australia,election,standard,94.35,"turnout, percent of electorate","http://en.wikipedia.org/wiki/Australian_federal_election,_1980",parlgov
1981-01-01,Greece national election,election,Greece,election,standard,,"turnout, percent of electorate","http://en.wikipedia.org/wiki/European_Parliament_election,_1981_(Greece)",parlgov
1981-05-24,Cyprus national election,election,Cyprus,election,standard,95.75,"turnout, percent of electorate","http://en.wikipedia.org/wiki/Cypriot_legislative_election,_1981",parlgov
1981-05-26,Netherlands national election,election,Netherlands,election,major,87.03,"turnout, percent of electorate","http://en.wikipedia.org/wiki/Dutch_general_election,_1981",parlgov
1981-06-11,Ireland national election,election,Ireland,election,major,76.22,"turnout, percent of electorate","http://en.wikipedia.org/wiki/Irish_general_election,_1981",parlgov
1981-06-21,France national election,election,France,election,major,70.86,"turnout, percent of electorate","http://en.wikipedia.org/wiki/French_legislative_election,_1981",parlgov
1981-06-30,Israel national election,election,Israel,election,standard,78.5,"turnout, percent of electorate","http://en.wikipedia.org/wiki/Israeli_legislative_election,_1981",parlgov
1981-09-14,Norway national election,election,Norway,election,standard,81.99,"turnout, percent of electorate","http://en.wikipedia.org/wiki/Norwegian_parliamentary_election,_1981",parlgov
1981-10-18,Greece national election,election,Greece,election,standard,78.6,"turnout, percent of electorate","http://en.wikipedia.org/wiki/European_Parliament_election,_1981_(Greece)",parlgov
1981-10-18,Greece national election,election,Greece,election,standard,81.5,"turnout, percent of electorate","http://en.wikipedia.org/wiki/Greek_legislative_election,_1981",parlgov
1981-11-08,Belgium national election,election,Belgium,election,major,94.54,"turnout, percent of electorate","http://en.wikipedia.org/wiki/Belgian_general_election,_1981",parlgov
1981-11-28,New Zealand national election,election,New Zealand,election,standard,91.44,"turnout, percent of electorate","http://en.wikipedia.org/wiki/New_Zealand_general_election,_1981",parlgov
1981-12-08,Denmark national election,election,Denmark,election,major,83.24,"turnout, percent of electorate","http://en.wikipedia.org/wiki/Danish_parliamentary_election,_1981",parlgov
1981-12-12,Malta national election,election,Malta,election,standard,94.64,"turnout, percent of electorate","http://en.wikipedia.org/wiki/Maltese_general_election,_1981",parlgov
1982-02-18,Ireland national election,election,Ireland,election,major,73.81,"turnout, percent of electorate","http://en.wikipedia.org/wiki/Irish_general_election,_February_1982",parlgov
1982-09-08,Netherlands national election,election,Netherlands,election,major,80.98,"turnout, percent of electorate","http://en.wikipedia.org/wiki/Dutch_general_election,_1982",parlgov
1982-09-19,Sweden national election,election,Sweden,election,standard,91.45,"turnout, percent of electorate","http://en.wikipedia.org/wiki/Swedish_general_election,_1982",parlgov
1982-10-28,Spain national election,election,Spain,election,standard,79.97,"turnout, percent of electorate","http://en.wikipedia.org/wiki/Spanish_general_election,_1982",parlgov
1982-11-24,Ireland national election,election,Ireland,election,major,72.86,"turnout, percent of electorate","http://en.wikipedia.org/wiki/Irish_general_election,_February_1982",parlgov
1983-03-05,Australia national election,election,Australia,election,major,94.64,"turnout, percent of electorate","http://en.wikipedia.org/wiki/Australian_federal_election,_1983",parlgov
1983-03-06,Germany national election,election,Germany,election,major,89.09,"turnout, percent of electorate","http://en.wikipedia.org/wiki/West_German_federal_election,_1983",parlgov
1983-03-21,Finland national election,election,Finland,election,standard,75.73,"turnout, percent of electorate","http://en.wikipedia.org/wiki/Finnish_parliamentary_election,_1983",parlgov
1983-04-23,Iceland national election,election,Iceland,election,standard,88.29,"turnout, percent of electorate","http://en.wikipedia.org/wiki/Icelandic_parliamentary_election,_1983",parlgov
1983-04-24,Austria national election,election,Austria,election,major,92.59,"turnout, percent of electorate","http://en.wikipedia.org/wiki/Austrian_legislative_election,_1983",parlgov
1983-04-25,Portugal national election,election,Portugal,election,major,77.79,"turnout, percent of electorate","http://en.wikipedia.org/wiki/Portuguese_legislative_election,_1983",parlgov
1983-06-09,United Kingdom national election,election,United Kingdom,election,standard,72.81,"turnout, percent of electorate","http://en.wikipedia.org/wiki/United_Kingdom_general_election,_1983",parlgov
1983-06-26,Italy national election,election,Italy,election,major,88.01,"turnout, percent of electorate","http://en.wikipedia.org/wiki/Italian_general_election,_1983",parlgov
1983-10-23,Switzerland national election,election,Switzerland,election,standard,48.91,"turnout, percent of electorate","http://en.wikipedia.org/wiki/Swiss_federal_election,_1983",parlgov
1983-11-06,Turkey national election,election,Turkey,election,standard,92.27,"turnout, percent of electorate","http://en.wikipedia.org/wiki/Turkish_general_election,_1983",parlgov
1983-12-18,Japan national election,election,Japan,election,major,67.94,"turnout, percent of electorate","http://en.wikipedia.org/wiki/Japanese_House_of_Councillors_election,_1983",parlgov
1984-01-10,Denmark national election,election,Denmark,election,major,88.44,"turnout, percent of electorate","http://en.wikipedia.org/wiki/European_Parliament_election,_1984_(Denmark)",parlgov
1984-06-17,Denmark national election,election,Denmark,election,standard,52.38,"turnout, percent of electorate","http://en.wikipedia.org/wiki/European_Parliament_election,_1984_(Denmark)",parlgov
1984-06-17,France national election,election,France,election,standard,56.7,"turnout, percent of electorate","http://en.wikipedia.org/wiki/European_Parliament_election,_1984_%28France%29",parlgov
1984-06-17,Luxembourg national election,election,Luxembourg,election,standard,88.79,"turnout, percent of electorate","http://en.wikipedia.org/wiki/European_Parliament_election,_1984_(Luxembourg)",parlgov
1984-06-17,Italy national election,election,Italy,election,standard,82.47,"turnout, percent of electorate","http://en.wikipedia.org/wiki/European_Parliament_election,_1984_(Italy)",parlgov
1984-06-17,Germany national election,election,Germany,election,standard,56.76,"turnout, percent of electorate","http://en.wikipedia.org/wiki/European_Parliament_election,_1984_(West_Germany)",parlgov
1984-06-17,Belgium national election,election,Belgium,election,standard,92.09,"turnout, percent of electorate","http://en.wikipedia.org/wiki/European_Parliament_election,_1984_(Belgium)",parlgov
1984-06-17,Luxembourg national election,election,Luxembourg,election,standard,88.95,"turnout, percent of electorate","http://en.wikipedia.org/wiki/Luxembourgian_legislative_election,_1984",parlgov
1984-06-17,Ireland national election,election,Ireland,election,standard,47.56,"turnout, percent of electorate","http://en.wikipedia.org/wiki/European_Parliament_election,_1984_(Ireland)",parlgov
1984-06-17,Netherlands national election,election,Netherlands,election,standard,50.88,"turnout, percent of electorate","http://en.wikipedia.org/wiki/European_Parliament_election,_1984_(Netherlands)",parlgov
1984-06-17,United Kingdom national election,election,United Kingdom,election,standard,32.94,"turnout, percent of electorate","http://en.wikipedia.org/wiki/European_Parliament_election,_1984_(United_Kingdom)",parlgov
1984-06-17,Greece national election,election,Greece,election,standard,77.17,"turnout, percent of electorate","http://en.wikipedia.org/wiki/European_Parliament_election,_1984_(Greece)",parlgov
1984-07-14,New Zealand national election,election,New Zealand,election,major,93.71,"turnout, percent of electorate","http://en.wikipedia.org/wiki/New_Zealand_general_election,_1984",parlgov
1984-07-23,Israel national election,election,Israel,election,major,78.78,"turnout, percent of electorate","http://en.wikipedia.org/wiki/Israeli_legislative_election,_1984",parlgov
1984-09-04,Canada national election,election,Canada,election,major,75.34,"turnout, percent of electorate","http://en.wikipedia.org/wiki/Canadian_federal_election,_1984",parlgov
1984-12-01,Australia national election,election,Australia,election,standard,94.19,"turnout, percent of electorate","http://en.wikipedia.org/wiki/Australian_federal_election,_1984",parlgov
1985-06-02,Greece national election,election,Greece,election,standard,80.19,"turnout, percent of electorate","http://en.wikipedia.org/wiki/Greek_legislative_election,_1985",parlgov
1985-09-08,Norway national election,election,Norway,election,standard,84.03,"turnout, percent of electorate","http://en.wikipedia.org/wiki/Norwegian_parliamentary_election,_1985",parlgov
1985-09-15,Sweden national election,election,Sweden,election,standard,89.85,"turnout, percent of electorate","http://en.wikipedia.org/wiki/Swedish_general_election,_1985",parlgov
1985-10-06,Portugal national election,election,Portugal,election,major,74.16,"turnout, percent of electorate","http://en.wikipedia.org/wiki/Portuguese_legislative_election,_1985",parlgov
1985-10-13,Belgium national election,election,Belgium,election,major,93.59,"turnout, percent of electorate","http://en.wikipedia.org/wiki/Belgian_general_election,_1985",parlgov
1985-12-08,Cyprus national election,election,Cyprus,election,standard,94.62,"turnout, percent of electorate","http://en.wikipedia.org/wiki/Cypriot_legislative_election,_1985",parlgov
1986-01-01,Portugal national election,election,Portugal,election,standard,,"turnout, percent of electorate","http://en.wikipedia.org/wiki/European_Parliament_election,_1987_(Portugal)",parlgov
1986-01-01,Spain national election,election,Spain,election,standard,,"turnout, percent of electorate","http://en.wikipedia.org/wiki/European_Parliament_election,_1987_(Spain)",parlgov
1986-03-16,France national election,election,France,election,standard,78.48,"turnout, percent of electorate","http://en.wikipedia.org/wiki/French_legislative_election,_1986",parlgov
1986-05-21,Netherlands national election,election,Netherlands,election,major,85.76,"turnout, percent of electorate","http://en.wikipedia.org/wiki/Dutch_general_election,_1986",parlgov
1986-06-22,Spain national election,election,Spain,election,standard,70.49,"turnout, percent of electorate","http://en.wikipedia.org/wiki/Spanish_general_election,_1986",parlgov
1986-07-06,Japan national election,election,Japan,election,major,71.4,"turnout, percent of electorate","http://en.wikipedia.org/wiki/Japanese_House_of_Councillors_election,_1986",parlgov
1986-11-23,Austria national election,election,Austria,election,major,90.46,"turnout, percent of electorate","http://en.wikipedia.org/wiki/Austrian_legislative_election,_1986",parlgov
1987-01-25,Germany national election,election,Germany,election,standard,84.33,"turnout, percent of electorate","http://en.wikipedia.org/wiki/West_German_federal_election,_1987",parlgov
1987-02-17,Ireland national election,election,Ireland,election,major,73.33,"turnout, percent of electorate","http://en.wikipedia.org/wiki/Irish_general_election,_1987",parlgov
1987-03-16,Finland national election,election,Finland,election,standard,72.06,"turnout, percent of electorate","http://en.wikipedia.org/wiki/Finnish_parliamentary_election,_1987",parlgov
1987-04-25,Iceland national election,election,Iceland,election,standard,90.1,"turnout, percent of electorate","http://en.wikipedia.org/wiki/Icelandic_parliamentary_election,_1987",parlgov
1987-05-09,Malta national election,election,Malta,election,standard,96.11,"turnout, percent of electorate","http://en.wikipedia.org/wiki/Maltese_general_election,_1987",parlgov
1987-06-10,Spain national election,election,Spain,election,standard,68.52,"turnout, percent of electorate","http://en.wikipedia.org/wiki/European_Parliament_election,_1987_(Spain)",parlgov
1987-06-11,United Kingdom national election,election,United Kingdom,election,standard,75.42,"turnout, percent of electorate","http://en.wikipedia.org/wiki/United_Kingdom_general_election,_1987",parlgov
1987-06-14,Italy national election,election,Italy,election,major,88.83,"turnout, percent of electorate","http://en.wikipedia.org/wiki/Italian_general_election,_1987",parlgov
1987-07-11,Australia national election,election,Australia,election,major,93.84,"turnout, percent of electorate","http://en.wikipedia.org/wiki/Australian_federal_election,_1987",parlgov
1987-07-19,Portugal national election,election,Portugal,election,major,71.57,"turnout, percent of electorate","http://en.wikipedia.org/wiki/Portuguese_legislative_election,_1987",parlgov
1987-07-19,Portugal national election,election,Portugal,election,standard,72.42,"turnout, percent of electorate","http://en.wikipedia.org/wiki/European_Parliament_election,_1987_(Portugal)",parlgov
1987-08-15,New Zealand national election,election,New Zealand,election,standard,89.06,"turnout, percent of electorate","http://en.wikipedia.org/wiki/New_Zealand_general_election,_1987",parlgov
1987-09-08,Denmark national election,election,Denmark,election,major,86.74,"turnout, percent of electorate","http://en.wikipedia.org/wiki/Danish_parliamentary_election,_1987",parlgov
1987-10-18,Switzerland national election,election,Switzerland,election,standard,46.47,"turnout, percent of electorate","http://en.wikipedia.org/wiki/Swiss_federal_election,_1987",parlgov
1987-10-29,Turkey national election,election,Turkey,election,major,93.28,"turnout, percent of electorate","http://en.wikipedia.org/wiki/Turkish_general_election,_1987",parlgov
1987-12-13,Belgium national election,election,Belgium,election,major,93.37,"turnout, percent of electorate","http://en.wikipedia.org/wiki/Belgian_general_election,_1987",parlgov
1988-05-10,Denmark national election,election,Denmark,election,major,83.99,"turnout, percent of electorate","http://en.wikipedia.org/wiki/Danish_parliamentary_election,_1988",parlgov
1988-06-12,France national election,election,France,election,major,66.13,"turnout, percent of electorate","http://en.wikipedia.org/wiki/French_legislative_election,_1988",parlgov
1988-09-18,Sweden national election,election,Sweden,election,standard,85.96,"turnout, percent of electorate","http://en.wikipedia.org/wiki/Swedish_general_election,_1988",parlgov
1988-11-01,Israel national election,election,Israel,election,standard,79.66,"turnout, percent of electorate","http://en.wikipedia.org/wiki/Israeli_legislative_election,_1988",parlgov
1988-11-21,Canada national election,election,Canada,election,major,75.29,"turnout, percent of electorate","http://en.wikipedia.org/wiki/Canadian_federal_election,_1988",parlgov
1989-06-15,United Kingdom national election,election,United Kingdom,election,standard,36.81,"turnout, percent of electorate","http://en.wikipedia.org/wiki/European_Parliament_election,_1989_(United_Kingdom)",parlgov
1989-06-15,Ireland national election,election,Ireland,election,major,68.1,"turnout, percent of electorate","http://en.wikipedia.org/wiki/European_Parliament_election,_1989_(Ireland)",parlgov
1989-06-18,Luxembourg national election,election,Luxembourg,election,standard,87.59,"turnout, percent of electorate","http://en.wikipedia.org/wiki/Luxembourgian_legislative_election,_1989",parlgov
1989-06-18,Greece national election,election,Greece,election,standard,79.88,"turnout, percent of electorate","http://en.wikipedia.org/wiki/European_Parliament_election,_1989_(Greece)",parlgov
1989-06-18,Greece national election,election,Greece,election,standard,80.33,"turnout, percent of electorate","http://en.wikipedia.org/wiki/Greek_legislative_election,_June_1989",parlgov
1989-06-18,France national election,election,France,election,standard,48.8,"turnout, percent of electorate","http://en.wikipedia.org/wiki/European_Parliament_election,_1989_(France)",parlgov
1989-06-18,Poland national election,election,Poland,election,standard,,"turnout, percent of electorate","http://en.wikipedia.org/wiki/Polish_legislative_election,_1989",parlgov
1989-06-18,Belgium national election,election,Belgium,election,standard,90.73,"turnout, percent of electorate","http://en.wikipedia.org/wiki/European_Parliament_election,_1989_(Belgium)",parlgov
1989-06-18,Ireland national election,election,Ireland,election,standard,68.28,"turnout, percent of electorate","http://en.wikipedia.org/wiki/European_Parliament_election,_1989_(Ireland)",parlgov
1989-06-18,Italy national election,election,Italy,election,standard,81.07,"turnout, percent of electorate","http://en.wikipedia.org/wiki/European_Parliament_election,_1989_(Italy)",parlgov
1989-06-18,Spain national election,election,Spain,election,standard,54.71,"turnout, percent of electorate","http://en.wikipedia.org/wiki/European_Parliament_election,_1989_(Spain)",parlgov
1989-06-18,Portugal national election,election,Portugal,election,standard,51.1,"turnout, percent of electorate","http://en.wikipedia.org/wiki/European_Parliament_election,_1989_(Portugal)",parlgov
1989-06-18,Netherlands national election,election,Netherlands,election,standard,47.48,"turnout, percent of electorate","http://en.wikipedia.org/wiki/European_Parliament_election,_1989_(Netherlands)",parlgov
1989-06-18,Germany national election,election,Germany,election,standard,62.28,"turnout, percent of electorate","http://en.wikipedia.org/wiki/European_Parliament_election,_1989_(West_Germany)",parlgov
1989-06-18,Luxembourg national election,election,Luxembourg,election,standard,87.39,"turnout, percent of electorate","http://en.wikipedia.org/wiki/European_Parliament_election,_1989_(Luxembourg)",parlgov
1989-06-18,Denmark national election,election,Denmark,election,standard,46.17,"turnout, percent of electorate","http://en.wikipedia.org/wiki/European_Parliament_election,_1989_%28Denmark%29",parlgov
1989-09-06,Netherlands national election,election,Netherlands,election,major,80.27,"turnout, percent of electorate","http://en.wikipedia.org/wiki/Dutch_general_election,_1989",parlgov
1989-09-11,Norway national election,election,Norway,election,standard,83.16,"turnout, percent of electorate","http://en.wikipedia.org/wiki/Norwegian_parliamentary_election,_1989",parlgov
1989-10-29,Spain national election,election,Spain,election,standard,69.74,"turnout, percent of electorate","http://en.wikipedia.org/wiki/Spanish_general_election,_1989",parlgov
1989-11-05,Greece national election,election,Greece,election,major,80.7,"turnout, percent of electorate","http://en.wikipedia.org/wiki/Greek_legislative_election,_November_1989",parlgov
1990-02-18,Japan national election,election,Japan,election,major,73.31,"turnout, percent of electorate","http://en.wikipedia.org/wiki/Japanese_general_election,_1990",parlgov
1990-03-10,Lithuania national election,election,Lithuania,election,standard,71.72,"turnout, percent of electorate","http://en.wikipedia.org/wiki/Lithuanian_parliamentary_election,_1990",parlgov
1990-03-24,Australia national election,election,Australia,election,standard,95.31,"turnout, percent of electorate","http://en.wikipedia.org/wiki/Australian_federal_election,_1990",parlgov
1990-04-08,Greece national election,election,Greece,election,major,79.24,"turnout, percent of electorate","http://en.wikipedia.org/wiki/Greek_legislative_election,_1990",parlgov
1990-04-08,Hungary national election,election,Hungary,election,standard,65.09,"turnout, percent of electorate","http://en.wikipedia.org/wiki/Hungarian_parliamentary_election,_1990",parlgov
1990-04-12,Slovenia national election,election,Slovenia,election,standard,,"turnout, percent of electorate","http://en.wikipedia.org/wiki/Slovenian_parliamentary_election,_1990",parlgov
1990-04-29,Latvia national election,election,Latvia,election,standard,,"turnout, percent of electorate","http://en.wikipedia.org/wiki/Latvian_parliamentary_election,_1990",parlgov
1990-05-20,Romania national election,election,Romania,election,standard,86.19,"turnout, percent of electorate","http://en.wikipedia.org/wiki/Romanian_general_election,_1990",parlgov
1990-06-09,Slovakia national election,election,Slovakia,election,standard,95.39,"turnout, percent of electorate","http://en.wikipedia.org/wiki/Slovak_parliamentary_election,_1990",parlgov
1990-06-09,Czech Republic national election,election,Czech Republic,election,major,96.79,"turnout, percent of electorate","http://en.wikipedia.org/wiki/Czech_legislative_election,_1990",parlgov
1990-10-07,Austria national election,election,Austria,election,major,86.14,"turnout, percent of electorate","http://en.wikipedia.org/wiki/Austrian_legislative_election,_1990",parlgov
1990-10-27,New Zealand national election,election,New Zealand,election,standard,85.24,"turnout, percent of electorate","http://en.wikipedia.org/wiki/New_Zealand_general_election,_1990",parlgov
1990-12-02,Germany national election,election,Germany,election,major,77.76,"turnout, percent of electorate","http://en.wikipedia.org/wiki/German_federal_election,_1990",parlgov
1990-12-12,Denmark national election,election,Denmark,election,major,82.84,"turnout, percent of electorate","http://en.wikipedia.org/wiki/Danish_parliamentary_election,_1990",parlgov
1991-03-17,Finland national election,election,Finland,election,standard,68.39,"turnout, percent of electorate","http://en.wikipedia.org/wiki/Finnish_parliamentary_election,_1991",parlgov
1991-04-20,Iceland national election,election,Iceland,election,standard,87.62,"turnout, percent of electorate","http://en.wikipedia.org/wiki/Icelandic_parliamentary_election,_1991",parlgov
1991-05-19,Cyprus national election,election,Cyprus,election,standard,93.01,"turnout, percent of electorate","http://en.wikipedia.org/wiki/Cypriot_legislative_election,_1991",parlgov
1991-09-15,Sweden national election,election,Sweden,election,standard,86.74,"turnout, percent of electorate","http://en.wikipedia.org/wiki/Swedish_general_election,_1991",parlgov
1991-10-06,Portugal national election,election,Portugal,election,standard,67.78,"turnout, percent of electorate","http://en.wikipedia.org/wiki/Portuguese_legislative_election,_1991",parlgov
1991-10-13,Bulgaria national election,election,Bulgaria,election,standard,83.87,"turnout, percent of electorate","http://en.wikipedia.org/wiki/Bulgarian_parliamentary_election,_1991",parlgov
1991-10-20,Turkey national election,election,Turkey,election,major,83.92,"turnout, percent of electorate","http://en.wikipedia.org/wiki/Turkish_general_election,_1991",parlgov
1991-10-20,Switzerland national election,election,Switzerland,election,standard,46.05,"turnout, percent of electorate","http://en.wikipedia.org/wiki/Swiss_federal_election,_1991",parlgov
1991-10-27,Poland national election,election,Poland,election,major,43.2,"turnout, percent of electorate","http://en.wikipedia.org/wiki/Polish_parliamentary_election,_1991",parlgov
1991-11-24,Belgium national election,election,Belgium,election,major,92.71,"turnout, percent of electorate","http://en.wikipedia.org/wiki/Belgian_general_election,_1991",parlgov
1992-02-22,Malta national election,election,Malta,election,major,96.08,"turnout, percent of electorate","http://en.wikipedia.org/wiki/Maltese_general_election,_1992",parlgov
1992-04-05,Italy national election,election,Italy,election,major,87.29,"turnout, percent of electorate","http://en.wikipedia.org/wiki/Italian_general_election,_1992",parlgov
1992-04-09,United Kingdom national election,election,United Kingdom,election,standard,77.77,"turnout, percent of electorate","http://en.wikipedia.org/wiki/United_Kingdom_general_election,_1992",parlgov
1992-06-06,Czech Republic national election,election,Czech Republic,election,standard,85.08,"turnout, percent of electorate","http://en.wikipedia.org/wiki/Czech_legislative_election,_1992",parlgov
1992-06-06,Slovakia national election,election,Slovakia,election,standard,84.2,"turnout, percent of electorate","http://en.wikipedia.org/wiki/Slovak_parliamentary_election,_1992",parlgov
1992-06-23,Israel national election,election,Israel,election,standard,77.38,"turnout, percent of electorate","http://en.wikipedia.org/wiki/Israeli_legislative_election,_1992",parlgov
1992-09-20,Estonia national election,election,Estonia,election,standard,67.85,"turnout, percent of electorate","http://en.wikipedia.org/wiki/Estonian_parliamentary_election,_1992",parlgov
1992-09-27,Romania national election,election,Romania,election,standard,76.29,"turnout, percent of electorate","http://en.wikipedia.org/wiki/Romanian_general_election,_1992",parlgov
1992-11-15,Lithuania national election,election,Lithuania,election,standard,75.22,"turnout, percent of electorate","http://en.wikipedia.org/wiki/Lithuanian_parliamentary_election,_1992",parlgov
1992-11-25,Ireland national election,election,Ireland,election,standard,68.49,"turnout, percent of electorate","http://en.wikipedia.org/wiki/Irish_general_election,_1992",parlgov
1992-12-06,Slovenia national election,election,Slovenia,election,standard,85.67,"turnout, percent of electorate","http://en.wikipedia.org/wiki/Slovenian_parliamentary_election,_1992",parlgov
1993-03-13,Australia national election,election,Australia,election,standard,95.75,"turnout, percent of electorate","http://en.wikipedia.org/wiki/Australian_federal_election,_1993",parlgov
1993-03-28,France national election,election,France,election,standard,68.58,"turnout, percent of electorate","http://en.wikipedia.org/wiki/French_legislative_election,_1993",parlgov
1993-06-06,Spain national election,election,Spain,election,standard,76.44,"turnout, percent of electorate","http://en.wikipedia.org/wiki/Spanish_general_election,_1993",parlgov
1993-06-06,Latvia national election,election,Latvia,election,standard,91.18,"turnout, percent of electorate","http://en.wikipedia.org/wiki/Latvian_parliamentary_election,_1993",parlgov
1993-07-18,Japan national election,election,Japan,election,major,66.99,"turnout, percent of electorate","http://en.wikipedia.org/wiki/Japanese_general_election,_1993",parlgov
1993-09-13,Norway national election,election,Norway,election,standard,75.85,"turnout, percent of electorate","http://en.wikipedia.org/wiki/Norwegian_parliamentary_election,_1993",parlgov
1993-09-19,Poland national election,election,Poland,election,major,52.13,"turnout, percent of electorate","http://en.wikipedia.org/wiki/Polish_parliamentary_election,_1993",parlgov
1993-10-10,Greece national election,election,Greece,election,major,79.22,"turnout, percent of electorate","http://en.wikipedia.org/wiki/Greek_legislative_election,_1993",parlgov
1993-10-25,Canada national election,election,Canada,election,standard,69.64,"turnout, percent of electorate","http://en.wikipedia.org/wiki/Canadian_federal_election,_1993",parlgov
1993-11-06,New Zealand national election,election,New Zealand,election,standard,85.2,"turnout, percent of electorate","http://en.wikipedia.org/wiki/New_Zealand_general_election,_1993",parlgov
1994-03-27,Italy national election,election,Italy,election,standard,86.14,"turnout, percent of electorate","http://en.wikipedia.org/wiki/Italian_general_election,_1994",parlgov
1994-05-03,Netherlands national election,election,Netherlands,election,standard,78.81,"turnout, percent of electorate","http://en.wikipedia.org/wiki/Dutch_general_election,_1994",parlgov
1994-05-29,Hungary national election,election,Hungary,election,standard,68.92,"turnout, percent of electorate","http://en.wikipedia.org/wiki/Hungarian_parliamentary_election,_1994",parlgov
1994-06-09,United Kingdom national election,election,United Kingdom,election,standard,36.49,"turnout, percent of electorate","http://en.wikipedia.org/wiki/European_Parliament_election,_1994_(United_Kingdom)",parlgov
1994-06-12,Netherlands national election,election,Netherlands,election,standard,35.69,"turnout, percent of electorate","http://en.wikipedia.org/wiki/European_Parliament_election,_1994_(Netherlands)",parlgov
1994-06-12,Greece national election,election,Greece,election,standard,71.24,"turnout, percent of electorate","http://en.wikipedia.org/wiki/European_Parliament_election,_1994_(Greece)",parlgov
1994-06-12,Germany national election,election,Germany,election,standard,60.02,"turnout, percent of electorate","http://en.wikipedia.org/wiki/European_Parliament_election,_1994_(Germany)",parlgov
1994-06-12,France national election,election,France,election,standard,52.76,"turnout, percent of electorate","http://en.wikipedia.org/wiki/European_Parliament_election,_1994_(France)",parlgov
1994-06-12,Luxembourg national election,election,Luxembourg,election,standard,88.3,"turnout, percent of electorate","http://en.wikipedia.org/wiki/Luxembourgian_legislative_election,_1994",parlgov
1994-06-12,Ireland national election,election,Ireland,election,standard,43.98,"turnout, percent of electorate","http://en.wikipedia.org/wiki/European_Parliament_election,_1994_(Ireland)",parlgov
1994-06-12,Spain national election,election,Spain,election,standard,59.14,"turnout, percent of electorate","http://en.wikipedia.org/wiki/European_Parliament_election,_1994_(Spain)",parlgov
1994-06-12,Denmark national election,election,Denmark,election,standard,52.92,"turnout, percent of electorate","http://en.wikipedia.org/wiki/European_Parliament_election,_1994_(Denmark)",parlgov
1994-06-12,Italy national election,election,Italy,election,standard,73.6,"turnout, percent of electorate","http://en.wikipedia.org/wiki/European_Parliament_election,_1994_(Italy)",parlgov
1994-06-12,Luxembourg national election,election,Luxembourg,election,standard,88.64,"turnout, percent of electorate","http://en.wikipedia.org/wiki/European_Parliament_election,_1994_(Luxembourg)",parlgov
1994-06-12,Portugal national election,election,Portugal,election,standard,35.54,"turnout, percent of electorate","http://en.wikipedia.org/wiki/European_Parliament_election,_1994_(Portugal)",parlgov
1994-06-12,Belgium national election,election,Belgium,election,standard,90.66,"turnout, percent of electorate","http://en.wikipedia.org/wiki/European_Parliament_election,_1994_(Belgium)",parlgov
1994-09-18,Sweden national election,election,Sweden,election,standard,86.83,"turnout, percent of electorate","http://en.wikipedia.org/wiki/Swedish_general_election,_1994",parlgov
1994-09-21,Denmark national election,election,Denmark,election,standard,84.25,"turnout, percent of electorate","http://en.wikipedia.org/wiki/Danish_general_election,_1994",parlgov
1994-10-01,Slovakia national election,election,Slovakia,election,major,75.41,"turnout, percent of electorate","http://en.wikipedia.org/wiki/Slovak_parliamentary_election,_1994",parlgov
1994-10-09,Austria national election,election,Austria,election,standard,81.94,"turnout, percent of electorate","http://en.wikipedia.org/wiki/Austrian_legislative_election,_1994",parlgov
1994-10-16,Germany national election,election,Germany,election,standard,78.97,"turnout, percent of electorate","http://en.wikipedia.org/wiki/European_Parliament_election,_1994_(Germany)",parlgov
1994-12-18,Bulgaria national election,election,Bulgaria,election,major,75.23,"turnout, percent of electorate","http://en.wikipedia.org/wiki/Bulgarian_parliamentary_election,_1994",parlgov
1995-01-01,Sweden national election,election,Sweden,election,standard,,"turnout, percent of electorate","http://en.wikipedia.org/wiki/European_Parliament_election,_1995_(Sweden)",parlgov
1995-01-01,Austria national election,election,Austria,election,standard,,"turnout, percent of electorate","http://en.wikipedia.org/wiki/European_Parliament_election,_2009_%28Austria%29",parlgov
1995-01-01,Finland national election,election,Finland,election,standard,,"turnout, percent of electorate","http://en.wikipedia.org/wiki/European_Parliament_election,_1999",parlgov
1995-03-05,Estonia national election,election,Estonia,election,standard,69.06,"turnout, percent of electorate","http://en.wikipedia.org/wiki/Estonian_parliamentary_election,_1995",parlgov
1995-03-19,Finland national election,election,Finland,election,standard,68.58,"turnout, percent of electorate","http://en.wikipedia.org/wiki/Finnish_parliamentary_election,_1995",parlgov
1995-04-08,Iceland national election,election,Iceland,election,standard,87.38,"turnout, percent of electorate","http://en.wikipedia.org/wiki/Icelandic_parliamentary_election,_1995",parlgov
1995-05-21,Belgium national election,election,Belgium,election,major,91.15,"turnout, percent of electorate","http://en.wikipedia.org/wiki/Belgian_general_election,_1995",parlgov
1995-09-17,Sweden national election,election,Sweden,election,standard,41.63,"turnout, percent of electorate","http://en.wikipedia.org/wiki/European_Parliament_election,_1995_(Sweden)",parlgov
1995-10-01,Latvia national election,election,Latvia,election,standard,72.65,"turnout, percent of electorate","http://en.wikipedia.org/wiki/Latvian_parliamentary_election,_1995",parlgov
1995-10-01,Portugal national election,election,Portugal,election,standard,66.3,"turnout, percent of electorate","http://en.wikipedia.org/wiki/Portuguese_legislative_election,_1995",parlgov
1995-10-22,Switzerland national election,election,Switzerland,election,standard,42.22,"turnout, percent of electorate","http://en.wikipedia.org/wiki/Swiss_federal_election,_1995",parlgov
1995-12-17,Austria national election,election,Austria,election,major,85.98,"turnout, percent of electorate","http://en.wikipedia.org/wiki/Austrian_legislative_election,_1995",parlgov
1995-12-24,Turkey national election,election,Turkey,election,major,85.2,"turnout, percent of electorate","http://en.wikipedia.org/wiki/Turkish_general_election,_1995",parlgov
1996-03-02,Australia national election,election,Australia,election,standard,95.77,"turnout, percent of electorate","http://en.wikipedia.org/wiki/Australian_federal_election,_1996",parlgov
1996-03-03,Spain national election,election,Spain,election,standard,77.38,"turnout, percent of electorate","http://en.wikipedia.org/wiki/Spanish_general_election,_1996",parlgov
1996-04-21,Italy national election,election,Italy,election,major,82.91,"turnout, percent of electorate","http://en.wikipedia.org/wiki/Italian_general_election,_1996",parlgov
1996-05-26,Cyprus national election,election,Cyprus,election,standard,92.94,"turnout, percent of electorate","http://en.wikipedia.org/wiki/Cypriot_legislative_election,_1996",parlgov
1996-05-29,Israel national election,election,Israel,election,standard,79.32,"turnout, percent of electorate","http://en.wikipedia.org/wiki/Israeli_general_election,_1996",parlgov
1996-06-01,Czech Republic national election,election,Czech Republic,election,standard,76.29,"turnout, percent of electorate","http://en.wikipedia.org/wiki/Czech_legislative_election,_1996",parlgov
1996-09-22,Greece national election,election,Greece,election,standard,76.35,"turnout, percent of electorate","http://en.wikipedia.org/wiki/Greek_legislative_election,_1996",parlgov
1996-10-12,New Zealand national election,election,New Zealand,election,standard,88.28,"turnout, percent of electorate","http://en.wikipedia.org/wiki/New_Zealand_general_election,_1996",parlgov
1996-10-13,Austria national election,election,Austria,election,standard,67.73,"turnout, percent of electorate","http://en.wikipedia.org/wiki/European_Parliament_election,_1996_(Austria)",parlgov
1996-10-20,Japan national election,election,Japan,election,major,59.0,"turnout, percent of electorate","http://en.wikipedia.org/wiki/Japanese_general_election,_1996",parlgov
1996-10-20,Lithuania national election,election,Lithuania,election,standard,52.92,"turnout, percent of electorate","http://en.wikipedia.org/wiki/Lithuanian_parliamentary_election,_1996",parlgov
1996-10-20,Finland national election,election,Finland,election,standard,57.6,"turnout, percent of electorate","http://en.wikipedia.org/wiki/European_Parliament_election,_1996_(Finland)",parlgov
1996-10-26,Malta national election,election,Malta,election,major,97.16,"turnout, percent of electorate","http://en.wikipedia.org/wiki/Maltese_general_election,_1996",parlgov
1996-11-03,Romania national election,election,Romania,election,standard,76.01,"turnout, percent of electorate","http://en.wikipedia.org/wiki/Romanian_general_election,_1996",parlgov
1996-11-10,Slovenia national election,election,Slovenia,election,standard,73.67,"turnout, percent of electorate","http://en.wikipedia.org/wiki/Slovenian_parliamentary_election,_1996",parlgov
1997-04-19,Bulgaria national election,election,Bulgaria,election,major,58.87,"turnout, percent of electorate","http://en.wikipedia.org/wiki/Bulgarian_parliamentary_election,_1997",parlgov
1997-05-01,United Kingdom national election,election,United Kingdom,election,standard,71.54,"turnout, percent of electorate","http://en.wikipedia.org/wiki/United_Kingdom_general_election,_1997",parlgov
1997-06-01,France national election,election,France,election,major,67.92,"turnout, percent of electorate","http://en.wikipedia.org/wiki/French_legislative_election,_1997",parlgov
1997-06-02,Canada national election,election,Canada,election,major,67.0,"turnout, percent of electorate","http://en.wikipedia.org/wiki/Canadian_federal_election,_1997",parlgov
1997-06-06,Ireland national election,election,Ireland,election,major,65.92,"turnout, percent of electorate","http://en.wikipedia.org/wiki/Irish_general_election,_1997",parlgov
1997-09-16,Norway national election,election,Norway,election,standard,78.33,"turnout, percent of electorate","http://en.wikipedia.org/wiki/Norwegian_parliamentary_election,_1997",parlgov
1997-09-21,Poland national election,election,Poland,election,standard,47.93,"turnout, percent of electorate","http://en.wikipedia.org/wiki/Polish_parliamentary_election,_1997",parlgov
1998-03-11,Denmark national election,election,Denmark,election,major,85.95,"turnout, percent of electorate","http://en.wikipedia.org/wiki/Danish_parliamentary_election,_1998",parlgov
1998-05-06,Netherlands national election,election,Netherlands,election,standard,73.35,"turnout, percent of electorate","http://en.wikipedia.org/wiki/Dutch_general_election,_1998",parlgov
1998-05-24,Hungary national election,election,Hungary,election,standard,56.26,"turnout, percent of electorate","http://en.wikipedia.org/wiki/Hungarian_parliamentary_election,_1998",parlgov
1998-06-20,Czech Republic national election,election,Czech Republic,election,major,73.86,"turnout, percent of electorate","http://en.wikipedia.org/wiki/Czech_legislative_election,_1998",parlgov
1998-09-05,Malta national election,election,Malta,election,major,95.4,"turnout, percent of electorate","http://en.wikipedia.org/wiki/Maltese_general_election,_1998",parlgov
1998-09-20,Sweden national election,election,Sweden,election,standard,81.39,"turnout, percent of electorate","http://en.wikipedia.org/wiki/Swedish_general_election,_1998",parlgov
1998-09-26,Slovakia national election,election,Slovakia,election,standard,84.15,"turnout, percent of electorate","http://en.wikipedia.org/wiki/Slovak_parliamentary_election,_1998",parlgov
1998-09-27,Germany national election,election,Germany,election,standard,82.2,"turnout, percent of electorate","http://en.wikipedia.org/wiki/German_federal_election,_1998",parlgov
1998-10-03,Latvia national election,election,Latvia,election,major,71.0,"turnout, percent of electorate","http://en.wikipedia.org/wiki/Latvian_parliamentary_election,_1998",parlgov
1998-10-03,Australia national election,election,Australia,election,standard,94.99,"turnout, percent of electorate","http://en.wikipedia.org/wiki/Australian_federal_election,_1998",parlgov
1999-03-07,Estonia national election,election,Estonia,election,standard,57.43,"turnout, percent of electorate","http://en.wikipedia.org/wiki/Estonian_parliamentary_election,_1999",parlgov
1999-03-21,Finland national election,election,Finland,election,standard,65.27,"turnout, percent of electorate","http://en.wikipedia.org/wiki/European_Parliament_election,_1999_(Finland)",parlgov
1999-04-18,Turkey national election,election,Turkey,election,major,87.09,"turnout, percent of electorate","http://en.wikipedia.org/wiki/Turkish_general_election,_1999",parlgov
1999-05-08,Iceland national election,election,Iceland,election,standard,84.07,"turnout, percent of electorate","http://en.wikipedia.org/wiki/Icelandic_parliamentary_election,_1999",parlgov
1999-05-17,Israel national election,election,Israel,election,major,78.73,"turnout, percent of electorate","http://en.wikipedia.org/wiki/Israeli_general_election,_1999",parlgov
1999-06-10,United Kingdom national election,election,United Kingdom,election,standard,24.02,"turnout, percent of electorate","http://en.wikipedia.org/wiki/European_Parliament_election,_1999_(United_Kingdom)",parlgov
1999-06-13,Germany national election,election,Germany,election,standard,45.19,"turnout, percent of electorate","http://en.wikipedia.org/wiki/European_Parliament_election,_1999_(Germany)",parlgov
1999-06-13,Spain national election,election,Spain,election,standard,63.05,"turnout, percent of electorate","http://en.wikipedia.org/wiki/European_Parliament_election,_1999_(Spain)",parlgov
1999-06-13,Luxembourg national election,election,Luxembourg,election,standard,86.51,"turnout, percent of electorate","http://en.wikipedia.org/wiki/Luxembourgian_legislative_election,_1999",parlgov
1999-06-13,Finland national election,election,Finland,election,standard,29.96,"turnout, percent of electorate","http://en.wikipedia.org/wiki/European_Parliament_election,_1999_(Finland)",parlgov
1999-06-13,Belgium national election,election,Belgium,election,major,90.56,"turnout, percent of electorate","http://en.wikipedia.org/wiki/Belgian_federal_election,_1999",parlgov
1999-06-13,France national election,election,France,election,standard,46.76,"turnout, percent of electorate","http://en.wikipedia.org/wiki/European_Parliament_election,_1999_(France)",parlgov
1999-06-13,Belgium national election,election,Belgium,election,standard,91.05,"turnout, percent of electorate","http://en.wikipedia.org/wiki/European_Parliament_election,_1999_(Belgium)",parlgov
1999-06-13,Sweden national election,election,Sweden,election,standard,38.84,"turnout, percent of electorate","http://en.wikipedia.org/wiki/European_Parliament_election,_1999_%28Sweden%29",parlgov
1999-06-13,Austria national election,election,Austria,election,standard,49.4,"turnout, percent of electorate","http://en.wikipedia.org/wiki/European_Parliament_election,_1999_(Austria)",parlgov
1999-06-13,Italy national election,election,Italy,election,standard,69.76,"turnout, percent of electorate","http://en.wikipedia.org/wiki/European_Parliament_election,_1999_(Italy)",parlgov
1999-06-13,Ireland national election,election,Ireland,election,standard,50.21,"turnout, percent of electorate","http://en.wikipedia.org/wiki/European_Parliament_election,_1999_(Ireland)",parlgov
1999-06-13,Luxembourg national election,election,Luxembourg,election,standard,86.64,"turnout, percent of electorate","http://en.wikipedia.org/wiki/European_Parliament_election,_1999_(Luxembourg)",parlgov
1999-06-13,Greece national election,election,Greece,election,standard,70.25,"turnout, percent of electorate","http://en.wikipedia.org/wiki/European_Parliament_election,_1999_(Greece)",parlgov
1999-06-13,Netherlands national election,election,Netherlands,election,standard,30.02,"turnout, percent of electorate","http://en.wikipedia.org/wiki/European_Parliament_election,_1999_(Netherlands)",parlgov
1999-06-13,Portugal national election,election,Portugal,election,standard,39.93,"turnout, percent of electorate","http://en.wikipedia.org/wiki/European_Parliament_election,_1999_(Portugal)",parlgov
1999-06-13,Denmark national election,election,Denmark,election,standard,50.46,"turnout, percent of electorate","http://en.wikipedia.org/wiki/European_Parliament_election,_1999_(Denmark)",parlgov
1999-10-03,Austria national election,election,Austria,election,standard,80.42,"turnout, percent of electorate","http://en.wikipedia.org/wiki/Austrian_legislative_election,_1999",parlgov
1999-10-10,Portugal national election,election,Portugal,election,standard,61.09,"turnout, percent of electorate","http://en.wikipedia.org/wiki/European_Parliament_election,_1999_(Portugal)",parlgov
1999-10-24,Switzerland national election,election,Switzerland,election,standard,43.3,"turnout, percent of electorate","http://en.wikipedia.org/wiki/Swiss_Federal_Council_election,_1999",parlgov
1999-11-27,New Zealand national election,election,New Zealand,election,standard,84.77,"turnout, percent of electorate","http://en.wikipedia.org/wiki/New_Zealand_general_election,_1999",parlgov
2000-01-03,Croatia national election,election,Croatia,election,standard,76.53,"turnout, percent of electorate","http://en.wikipedia.org/wiki/Croatian_parliamentary_election,_2000",parlgov
2000-03-12,Spain national election,election,Spain,election,standard,68.71,"turnout, percent of electorate","http://en.wikipedia.org/wiki/Spanish_general_election,_2000",parlgov
2000-04-09,Greece national election,election,Greece,election,standard,74.97,"turnout, percent of electorate","http://en.wikipedia.org/wiki/Greek_legislative_election,_2000",parlgov
2000-06-25,Japan national election,election,Japan,election,major,62.45,"turnout, percent of electorate","http://en.wikipedia.org/wiki/Japanese_general_election,_2000",parlgov
2000-10-08,Lithuania national election,election,Lithuania,election,standard,58.63,"turnout, percent of electorate","http://en.wikipedia.org/wiki/Lithuanian_parliamentary_election,_2000",parlgov
2000-10-15,Slovenia national election,election,Slovenia,election,standard,70.09,"turnout, percent of electorate","http://en.wikipedia.org/wiki/Slovenian_parliamentary_election,_2000",parlgov
2000-11-26,Romania national election,election,Romania,election,standard,65.31,"turnout, percent of electorate","http://en.wikipedia.org/wiki/Romanian_general_election,_2000",parlgov
2000-11-27,Canada national election,election,Canada,election,major,61.18,"turnout, percent of electorate","http://en.wikipedia.org/wiki/Canadian_federal_election,_2000",parlgov
2001-05-13,Italy national election,election,Italy,election,standard,81.38,"turnout, percent of electorate","http://en.wikipedia.org/wiki/Italian_general_election,_2001",parlgov
2001-05-27,Cyprus national election,election,Cyprus,election,standard,91.75,"turnout, percent of electorate","http://en.wikipedia.org/wiki/Cypriot_legislative_election,_2001",parlgov
2001-06-07,United Kingdom national election,election,United Kingdom,election,standard,59.61,"turnout, percent of electorate","http://en.wikipedia.org/wiki/United_Kingdom_general_election,_2001",parlgov
2001-06-18,Bulgaria national election,election,Bulgaria,election,standard,66.77,"turnout, percent of electorate","http://en.wikipedia.org/wiki/Bulgarian_parliamentary_election,_2001",parlgov
2001-09-10,Norway national election,election,Norway,election,standard,75.53,"turnout, percent of electorate","http://en.wikipedia.org/wiki/Norwegian_parliamentary_election,_2001",parlgov
2001-09-23,Poland national election,election,Poland,election,standard,46.29,"turnout, percent of electorate","http://en.wikipedia.org/wiki/Polish_parliamentary_election,_2001",parlgov
2001-11-10,Australia national election,election,Australia,election,standard,94.85,"turnout, percent of electorate","http://en.wikipedia.org/wiki/Australian_federal_election,_2001",parlgov
2001-11-20,Denmark national election,election,Denmark,election,major,87.15,"turnout, percent of electorate","http://en.wikipedia.org/wiki/Danish_parliamentary_election,_2001",parlgov
2002-03-17,Portugal national election,election,Portugal,election,major,61.48,"turnout, percent of electorate","http://en.wikipedia.org/wiki/Portuguese_legislative_election,_2002",parlgov
2002-04-21,Hungary national election,election,Hungary,election,standard,70.53,"turnout, percent of electorate","http://en.wikipedia.org/wiki/Hungarian_parliamentary_election,_2002",parlgov
2002-05-15,Netherlands national election,election,Netherlands,election,standard,79.06,"turnout, percent of electorate","http://en.wikipedia.org/wiki/Dutch_general_election,_2002",parlgov
2002-05-17,Ireland national election,election,Ireland,election,standard,62.57,"turnout, percent of electorate","http://en.wikipedia.org/wiki/Irish_general_election,_2002",parlgov
2002-06-15,Czech Republic national election,election,Czech Republic,election,standard,57.95,"turnout, percent of electorate","http://en.wikipedia.org/wiki/Czech_legislative_election,_2002",parlgov
2002-06-16,France national election,election,France,election,standard,64.42,"turnout, percent of electorate","http://en.wikipedia.org/wiki/French_legislative_election,_2002",parlgov
2002-07-27,New Zealand national election,election,New Zealand,election,standard,76.98,"turnout, percent of electorate","http://en.wikipedia.org/wiki/New_Zealand_general_election,_2002",parlgov
2002-09-15,Sweden national election,election,Sweden,election,standard,80.11,"turnout, percent of electorate","http://en.wikipedia.org/wiki/Swedish_elections,_2002",parlgov
2002-09-21,Slovakia national election,election,Slovakia,election,standard,69.99,"turnout, percent of electorate","http://en.wikipedia.org/wiki/Slovak_parliamentary_election,_2002",parlgov
2002-09-22,Germany national election,election,Germany,election,standard,79.08,"turnout, percent of electorate","http://en.wikipedia.org/wiki/German_federal_election,_2002",parlgov
2002-10-05,Latvia national election,election,Latvia,election,standard,71.51,"turnout, percent of electorate","http://en.wikipedia.org/wiki/Latvian_parliamentary_election,_2002",parlgov
2002-11-03,Turkey national election,election,Turkey,election,major,79.14,"turnout, percent of electorate","http://en.wikipedia.org/wiki/Turkish_general_election,_2002",parlgov
2002-11-24,Austria national election,election,Austria,election,major,84.27,"turnout, percent of electorate","http://en.wikipedia.org/wiki/Austrian_legislative_election,_2002",parlgov
2003-01-22,Netherlands national election,election,Netherlands,election,major,80.04,"turnout, percent of electorate","http://en.wikipedia.org/wiki/Dutch_general_election,_2003",parlgov
2003-01-28,Israel national election,election,Israel,election,standard,67.81,"turnout, percent of electorate","http://en.wikipedia.org/wiki/Israeli_legislative_election,_2003",parlgov
2003-03-02,Estonia national election,election,Estonia,election,standard,58.24,"turnout, percent of electorate","http://en.wikipedia.org/wiki/Estonian_parliamentary_election,_2003",parlgov
2003-03-16,Finland national election,election,Finland,election,standard,66.71,"turnout, percent of electorate","http://en.wikipedia.org/wiki/Finnish_parliamentary_election,_2003",parlgov
2003-04-12,Malta national election,election,Malta,election,major,95.7,"turnout, percent of electorate","http://en.wikipedia.org/wiki/Maltese_general_election,_2003",parlgov
2003-05-10,Iceland national election,election,Iceland,election,standard,87.74,"turnout, percent of electorate","http://en.wikipedia.org/wiki/Icelandic_parliamentary_election,_2003",parlgov
2003-05-18,Belgium national election,election,Belgium,election,standard,91.63,"turnout, percent of electorate","http://en.wikipedia.org/wiki/Belgian_general_election,_2003",parlgov
2003-10-19,Switzerland national election,election,Switzerland,election,standard,45.23,"turnout, percent of electorate","http://en.wikipedia.org/wiki/Swiss_federal_election,_2003",parlgov
2003-11-09,Japan national election,election,Japan,election,major,59.86,"turnout, percent of electorate","http://en.wikipedia.org/wiki/Japanese_general_election,_2003",parlgov
2003-11-23,Croatia national election,election,Croatia,election,standard,66.83,"turnout, percent of electorate","http://en.wikipedia.org/wiki/Croatian_parliamentary_election,_2003",parlgov
2004-03-07,Greece national election,election,Greece,election,standard,76.5,"turnout, percent of electorate","http://en.wikipedia.org/wiki/Greek_legislative_election,_2004",parlgov
2004-03-14,Spain national election,election,Spain,election,standard,75.66,"turnout, percent of electorate","http://en.wikipedia.org/wiki/Spanish_general_election,_2004",parlgov
2004-06-10,United Kingdom national election,election,United Kingdom,election,standard,38.52,"turnout, percent of electorate","http://en.wikipedia.org/wiki/European_Parliament_election,_2004_(United_Kingdom)",parlgov
2004-06-12,Italy national election,election,Italy,election,standard,71.72,"turnout, percent of electorate","http://en.wikipedia.org/wiki/European_Parliament_election,_2004_(Italy)",parlgov
2004-06-12,Czech Republic national election,election,Czech Republic,election,standard,28.3,"turnout, percent of electorate","http://en.wikipedia.org/wiki/European_Parliament_election,_2004_(Czech_Republic)",parlgov
2004-06-13,Poland national election,election,Poland,election,standard,20.87,"turnout, percent of electorate","http://en.wikipedia.org/wiki/European_Parliament_election,_2004_(Poland)",parlgov
2004-06-13,Slovenia national election,election,Slovenia,election,standard,28.35,"turnout, percent of electorate","http://en.wikipedia.org/wiki/European_Parliament_election,_2004_(Slovenia)",parlgov
2004-06-13,Belgium national election,election,Belgium,election,standard,90.81,"turnout, percent of electorate","http://en.wikipedia.org/wiki/European_Parliament_election,_2004_(Belgium)",parlgov
2004-06-13,Austria national election,election,Austria,election,standard,42.43,"turnout, percent of electorate","http://en.wikipedia.org/wiki/European_Parliament_election,_2004_(Austria)",parlgov
2004-06-13,Lithuania national election,election,Lithuania,election,standard,48.38,"turnout, percent of electorate","http://en.wikipedia.org/wiki/European_Parliament_election,_2004_(Lithuania)",parlgov
2004-06-13,Spain national election,election,Spain,election,standard,45.14,"turnout, percent of electorate","http://en.wikipedia.org/wiki/European_Parliament_election,_2004_(Spain)",parlgov
2004-06-13,Cyprus national election,election,Cyprus,election,standard,71.19,"turnout, percent of electorate","http://en.wikipedia.org/wiki/European_Parliament_election,_2004_(Cyprus)",parlgov
2004-06-13,Germany national election,election,Germany,election,standard,43.0,"turnout, percent of electorate","http://en.wikipedia.org/wiki/European_Parliament_election,_2004_(Germany)",parlgov
2004-06-13,Greece national election,election,Greece,election,standard,63.22,"turnout, percent of electorate","http://en.wikipedia.org/wiki/European_Parliament_election,_2004_(Greece)",parlgov
2004-06-13,Hungary national election,election,Hungary,election,standard,38.63,"turnout, percent of electorate","http://en.wikipedia.org/wiki/European_Parliament_election,_2004_(Hungary)",parlgov
2004-06-13,Luxembourg national election,election,Luxembourg,election,standard,91.92,"turnout, percent of electorate","http://en.wikipedia.org/wiki/Luxembourgian_legislative_election,_2004",parlgov
2004-06-13,Sweden national election,election,Sweden,election,standard,37.85,"turnout, percent of electorate","http://en.wikipedia.org/wiki/European_Parliament_election,_2004_%28Sweden%29",parlgov
2004-06-13,Malta national election,election,Malta,election,standard,82.39,"turnout, percent of electorate","http://en.wikipedia.org/wiki/European_Parliament_election,_2004_(Malta)",parlgov
2004-06-13,Netherlands national election,election,Netherlands,election,standard,39.26,"turnout, percent of electorate","http://en.wikipedia.org/wiki/European_Parliament_election,_2004_(Netherlands)",parlgov
2004-06-13,Ireland national election,election,Ireland,election,standard,58.58,"turnout, percent of electorate","http://en.wikipedia.org/wiki/European_Parliament_election,_2004_(Ireland)",parlgov
2004-06-13,Slovakia national election,election,Slovakia,election,standard,16.94,"turnout, percent of electorate","http://en.wikipedia.org/wiki/European_Parliament_election,_2004_(Slovakia)",parlgov
2004-06-13,Estonia national election,election,Estonia,election,standard,26.83,"turnout, percent of electorate","http://en.wikipedia.org/wiki/European_Parliament_election,_2004_(Estonia)",parlgov
2004-06-13,Portugal national election,election,Portugal,election,standard,38.6,"turnout, percent of electorate","http://en.wikipedia.org/wiki/European_Parliament_election,_2004_(Portugal)",parlgov
2004-06-13,Finland national election,election,Finland,election,standard,39.43,"turnout, percent of electorate","http://en.wikipedia.org/wiki/European_Parliament_election,_2004_%28Finland%29",parlgov
2004-06-13,France national election,election,France,election,standard,42.79,"turnout, percent of electorate","http://en.wikipedia.org/wiki/European_Parliament_election,_2004_(France)",parlgov
2004-06-13,Latvia national election,election,Latvia,election,standard,41.34,"turnout, percent of electorate","http://en.wikipedia.org/wiki/European_Parliament_election,_2004_(Latvia)",parlgov
2004-06-13,Luxembourg national election,election,Luxembourg,election,standard,91.22,"turnout, percent of electorate","http://en.wikipedia.org/wiki/European_Parliament_election,_2004_(Luxembourg)",parlgov
2004-06-13,Denmark national election,election,Denmark,election,standard,47.89,"turnout, percent of electorate","http://en.wikipedia.org/wiki/European_Parliament_election,_2004_(Denmark)",parlgov
2004-06-28,Canada national election,election,Canada,election,major,60.91,"turnout, percent of electorate","http://en.wikipedia.org/wiki/Canadian_federal_election,_2004",parlgov
2004-10-03,Slovenia national election,election,Slovenia,election,standard,60.65,"turnout, percent of electorate","http://en.wikipedia.org/wiki/European_Parliament_election,_2004_(Slovenia)",parlgov
2004-10-09,Australia national election,election,Australia,election,standard,94.32,"turnout, percent of electorate","http://en.wikipedia.org/wiki/Australian_federal_election,_2004",parlgov
2004-10-24,Lithuania national election,election,Lithuania,election,standard,46.08,"turnout, percent of electorate","http://en.wikipedia.org/wiki/Lithuanian_parliamentary_election,_2004",parlgov
2004-11-28,Romania national election,election,Romania,election,standard,58.51,"turnout, percent of electorate","http://en.wikipedia.org/wiki/Romanian_general_election,_2004",parlgov
2005-02-08,Denmark national election,election,Denmark,election,major,84.54,"turnout, percent of electorate","http://en.wikipedia.org/wiki/Danish_parliamentary_election,_2005",parlgov
2005-02-20,Portugal national election,election,Portugal,election,major,64.26,"turnout, percent of electorate","http://en.wikipedia.org/wiki/Portuguese_legislative_election,_2005",parlgov
2005-05-05,United Kingdom national election,election,United Kingdom,election,standard,61.78,"turnout, percent of electorate","http://en.wikipedia.org/wiki/United_Kingdom_general_election,_2005",parlgov
2005-06-25,Bulgaria national election,election,Bulgaria,election,standard,55.76,"turnout, percent of electorate","http://en.wikipedia.org/wiki/Bulgarian_parliamentary_election,_2005",parlgov
2005-09-11,Japan national election,election,Japan,election,major,67.46,"turnout, percent of electorate","http://en.wikipedia.org/wiki/Japanese_general_election,_2005",parlgov
2005-09-12,Norway national election,election,Norway,election,standard,77.43,"turnout, percent of electorate","http://en.wikipedia.org/wiki/Norwegian_parliamentary_election,_2005",parlgov
2005-09-17,New Zealand national election,election,New Zealand,election,major,80.92,"turnout, percent of electorate","http://en.wikipedia.org/wiki/New_Zealand_general_election,_2005",parlgov
2005-09-18,Germany national election,election,Germany,election,major,77.65,"turnout, percent of electorate","http://en.wikipedia.org/wiki/German_federal_election,_2005",parlgov
2005-09-25,Poland national election,election,Poland,election,standard,40.51,"turnout, percent of electorate","http://en.wikipedia.org/wiki/Polish_parliamentary_election,_2005",parlgov
2006-01-23,Canada national election,election,Canada,election,major,64.67,"turnout, percent of electorate","http://en.wikipedia.org/wiki/Canadian_federal_election,_2006",parlgov
2006-03-28,Israel national election,election,Israel,election,major,63.55,"turnout, percent of electorate","http://en.wikipedia.org/wiki/Israeli_legislative_election,_2006",parlgov
2006-04-09,Italy national election,election,Italy,election,major,81.69,"turnout, percent of electorate","http://en.wikipedia.org/wiki/Italian_general_election,_2006",parlgov
2006-04-09,Hungary national election,election,Hungary,election,standard,67.83,"turnout, percent of electorate","http://en.wikipedia.org/wiki/Hungarian_parliamentary_election,_2006",parlgov
2006-05-21,Cyprus national election,election,Cyprus,election,standard,89.0,"turnout, percent of electorate","http://en.wikipedia.org/wiki/Cypriot_legislative_election,_2006",parlgov
2006-06-03,Czech Republic national election,election,Czech Republic,election,standard,64.42,"turnout, percent of electorate","http://en.wikipedia.org/wiki/Czech_legislative_election,_2006",parlgov
2006-06-17,Slovakia national election,election,Slovakia,election,major,54.67,"turnout, percent of electorate","http://en.wikipedia.org/wiki/Slovak_parliamentary_election,_2006",parlgov
2006-09-17,Sweden national election,election,Sweden,election,standard,81.99,"turnout, percent of electorate","http://en.wikipedia.org/wiki/Swedish_general_election,_2006",parlgov
2006-10-01,Austria national election,election,Austria,election,major,78.49,"turnout, percent of electorate","http://en.wikipedia.org/wiki/Austrian_legislative_election,_2006",parlgov
2006-10-07,Latvia national election,election,Latvia,election,standard,60.98,"turnout, percent of electorate","http://en.wikipedia.org/wiki/Latvian_parliamentary_election,_2006",parlgov
2006-11-22,Netherlands national election,election,Netherlands,election,major,80.35,"turnout, percent of electorate","http://en.wikipedia.org/wiki/Dutch_general_election,_2006",parlgov
2007-01-01,Bulgaria national election,election,Bulgaria,election,standard,,"turnout, percent of electorate","http://en.wikipedia.org/wiki/European_Parliament_election,_2007_(Bulgaria)",parlgov
2007-01-01,Romania national election,election,Romania,election,standard,,"turnout, percent of electorate","http://en.wikipedia.org/wiki/European_Parliament_election,_2007_(Romania)",parlgov
2007-03-04,Estonia national election,election,Estonia,election,standard,61.91,"turnout, percent of electorate","http://en.wikipedia.org/wiki/Estonian_parliamentary_election,_2007",parlgov
2007-03-18,Finland national election,election,Finland,election,standard,65.02,"turnout, percent of electorate","http://en.wikipedia.org/wiki/Finnish_parliamentary_election,_2007",parlgov
2007-05-12,Iceland national election,election,Iceland,election,standard,83.62,"turnout, percent of electorate","http://en.wikipedia.org/wiki/Icelandic_parliamentary_election,_2007",parlgov
2007-05-20,Bulgaria national election,election,Bulgaria,election,standard,29.22,"turnout, percent of electorate","http://en.wikipedia.org/wiki/European_Parliament_election,_2007_(Bulgaria)",parlgov
2007-05-24,Ireland national election,election,Ireland,election,standard,67.03,"turnout, percent of electorate","http://en.wikipedia.org/wiki/Irish_general_election,_2007",parlgov
2007-06-10,Belgium national election,election,Belgium,election,major,91.08,"turnout, percent of electorate","http://en.wikipedia.org/wiki/Belgian_general_election,_2007",parlgov
2007-06-17,France national election,election,France,election,standard,60.42,"turnout, percent of electorate","http://en.wikipedia.org/wiki/French_legislative_election,_2007",parlgov
2007-07-22,Turkey national election,election,Turkey,election,major,84.25,"turnout, percent of electorate","http://en.wikipedia.org/wiki/Turkish_general_election,_2007",parlgov
2007-09-16,Greece national election,election,Greece,election,standard,74.15,"turnout, percent of electorate","http://en.wikipedia.org/wiki/Greek_legislative_election,_2007",parlgov
2007-10-19,Poland national election,election,Poland,election,major,53.82,"turnout, percent of electorate",http://en.wikipedia.org/wiki/Elections_in_Poland#2007_Parliamentary_election,parlgov
2007-10-21,Switzerland national election,election,Switzerland,election,standard,48.28,"turnout, percent of electorate","http://en.wikipedia.org/wiki/Swiss_federal_election,_2007",parlgov
2007-11-13,Denmark national election,election,Denmark,election,major,86.59,"turnout, percent of electorate","http://en.wikipedia.org/wiki/Danish_parliamentary_election,_2007",parlgov
2007-11-24,Australia national election,election,Australia,election,standard,94.76,"turnout, percent of electorate","http://en.wikipedia.org/wiki/Australian_federal_election,_2007",parlgov
2007-11-25,Croatia national election,election,Croatia,election,standard,57.17,"turnout, percent of electorate","http://en.wikipedia.org/wiki/Croatian_parliamentary_election,_2007",parlgov
2007-11-25,Romania national election,election,Romania,election,standard,29.47,"turnout, percent of electorate","http://en.wikipedia.org/wiki/European_Parliament_election,_2007_%28Romania%29",parlgov
2008-03-08,Malta national election,election,Malta,election,major,93.3,"turnout, percent of electorate","http://en.wikipedia.org/wiki/Maltese_general_election,_2008",parlgov
2008-03-09,Spain national election,election,Spain,election,standard,73.85,"turnout, percent of electorate","http://en.wikipedia.org/wiki/Spanish_general_election,_2008",parlgov
2008-04-13,Italy national election,election,Italy,election,major,75.52,"turnout, percent of electorate","http://en.wikipedia.org/wiki/Italian_general_election,_2008",parlgov
2008-09-21,Slovenia national election,election,Slovenia,election,standard,63.1,"turnout, percent of electorate","http://en.wikipedia.org/wiki/Slovenian_parliamentary_election,_2008",parlgov
2008-09-28,Austria national election,election,Austria,election,major,78.81,"turnout, percent of electorate","http://en.wikipedia.org/wiki/Austrian_legislative_election,_2008",parlgov
2008-10-12,Lithuania national election,election,Lithuania,election,standard,48.59,"turnout, percent of electorate","http://en.wikipedia.org/wiki/Lithuanian_parliamentary_election,_2008",parlgov
2008-10-14,Canada national election,election,Canada,election,major,58.83,"turnout, percent of electorate","http://en.wikipedia.org/wiki/Canadian_federal_election,_2008",parlgov
2008-11-08,New Zealand national election,election,New Zealand,election,standard,79.46,"turnout, percent of electorate","http://en.wikipedia.org/wiki/New_Zealand_general_election,_2008",parlgov
2008-11-30,Romania national election,election,Romania,election,standard,39.2,"turnout, percent of electorate","http://en.wikipedia.org/wiki/Romanian_legislative_election,_2008",parlgov
2009-02-10,Israel national election,election,Israel,election,major,64.72,"turnout, percent of electorate","http://en.wikipedia.org/wiki/Israeli_legislative_election,_2009",parlgov
2009-04-25,Iceland national election,election,Iceland,election,major,85.1,"turnout, percent of electorate","http://en.wikipedia.org/wiki/Icelandic_parliamentary_election,_2009",parlgov
2009-06-04,Netherlands national election,election,Netherlands,election,standard,36.95,"turnout, percent of electorate","http://en.wikipedia.org/wiki/European_Parliament_election,_2009_(Netherlands)",parlgov
2009-06-04,United Kingdom national election,election,United Kingdom,election,standard,33.62,"turnout, percent of electorate","http://en.wikipedia.org/wiki/European_Parliament_election,_2009_(United_Kingdom)",parlgov
2009-06-05,Ireland national election,election,Ireland,election,standard,58.64,"turnout, percent of electorate","http://en.wikipedia.org/wiki/European_Parliament_election,_2009_(Ireland)",parlgov
2009-06-06,Malta national election,election,Malta,election,standard,78.79,"turnout, percent of electorate","http://en.wikipedia.org/wiki/European_Parliament_election,_2009_(Malta)",parlgov
2009-06-06,Cyprus national election,election,Cyprus,election,standard,59.4,"turnout, percent of electorate","http://en.wikipedia.org/wiki/European_Parliament_election,_2009_(Cyprus)",parlgov
2009-06-07,Czech Republic national election,election,Czech Republic,election,standard,28.22,"turnout, percent of electorate","http://en.wikipedia.org/wiki/European_Parliament_election,_2009_(Czech_Republic)",parlgov
2009-06-07,Slovenia national election,election,Slovenia,election,standard,28.36,"turnout, percent of electorate","http://en.wikipedia.org/wiki/European_Parliament_election,_2009_(Slovenia)",parlgov
2009-06-07,Spain national election,election,Spain,election,standard,44.9,"turnout, percent of electorate","http://en.wikipedia.org/wiki/European_Parliament_election,_2009_(Spain)",parlgov
2009-06-07,Slovakia national election,election,Slovakia,election,standard,19.62,"turnout, percent of electorate","http://en.wikipedia.org/wiki/European_Parliament_election,_2009_(Slovakia)",parlgov
2009-06-07,Italy national election,election,Italy,election,standard,65.14,"turnout, percent of electorate","http://en.wikipedia.org/wiki/European_Parliament_election,_2009_(Italy)",parlgov
2009-06-07,Greece national election,election,Greece,election,standard,52.54,"turnout, percent of electorate","http://en.wikipedia.org/wiki/European_Parliament_election,_2009_(Greece)",parlgov
2009-06-07,Latvia national election,election,Latvia,election,standard,53.69,"turnout, percent of electorate","http://en.wikipedia.org/wiki/European_Parliament_election,_2009_(Latvia)",parlgov
2009-06-07,Portugal national election,election,Portugal,election,standard,36.78,"turnout, percent of electorate","http://en.wikipedia.org/wiki/European_Parliament_election,_2009_(Portugal)",parlgov
2009-06-07,Poland national election,election,Poland,election,standard,24.55,"turnout, percent of electorate","http://en.wikipedia.org/wiki/European_Parliament_election,_2009_(Poland)",parlgov
2009-06-07,Denmark national election,election,Denmark,election,standard,59.54,"turnout, percent of electorate","http://en.wikipedia.org/wiki/European_Parliament_election,_2009_(Denmark)",parlgov
2009-06-07,Finland national election,election,Finland,election,standard,38.6,"turnout, percent of electorate","http://en.wikipedia.org/wiki/European_Parliament_election,_2009_(Finland)",parlgov
2009-06-07,Luxembourg national election,election,Luxembourg,election,standard,90.75,"turnout, percent of electorate","http://en.wikipedia.org/wiki/Luxembourgian_legislative_election,_2009",parlgov
2009-06-07,Luxembourg national election,election,Luxembourg,election,standard,90.76,"turnout, percent of electorate","http://en.wikipedia.org/wiki/European_Parliament_election,_2009_(Luxembourg)",parlgov
2009-06-07,Lithuania national election,election,Lithuania,election,standard,20.98,"turnout, percent of electorate","http://en.wikipedia.org/wiki/European_Parliament_election,_2009_(Lithuania)",parlgov
2009-06-07,Sweden national election,election,Sweden,election,standard,45.53,"turnout, percent of electorate","http://en.wikipedia.org/wiki/European_Parliament_election,_2009_(Sweden)",parlgov
2009-06-07,Austria national election,election,Austria,election,standard,45.97,"turnout, percent of electorate","http://en.wikipedia.org/wiki/European_Parliament_election,_2009_(Austria)",parlgov
2009-06-07,Bulgaria national election,election,Bulgaria,election,standard,38.92,"turnout, percent of electorate","http://en.wikipedia.org/wiki/European_Parliament_election,_2009_(Bulgaria)",parlgov
2009-06-07,Estonia national election,election,Estonia,election,standard,43.88,"turnout, percent of electorate","http://en.wikipedia.org/wiki/European_Parliament_election,_2009_(Estonia)",parlgov
2009-06-07,Hungary national election,election,Hungary,election,standard,36.41,"turnout, percent of electorate","http://en.wikipedia.org/wiki/European_Parliament_election,_2009_(Hungary)",parlgov
2009-06-07,France national election,election,France,election,standard,40.63,"turnout, percent of electorate","http://en.wikipedia.org/wiki/European_Parliament_election,_2009_(France)",parlgov
2009-06-07,Germany national election,election,Germany,election,standard,43.27,"turnout, percent of electorate","http://en.wikipedia.org/wiki/European_Parliament_election,_2009_(Germany)",parlgov
2009-06-07,Romania national election,election,Romania,election,standard,27.67,"turnout, percent of electorate","http://en.wikipedia.org/wiki/European_Parliament_election,_2009_(Romania)",parlgov
2009-06-07,Belgium national election,election,Belgium,election,standard,90.39,"turnout, percent of electorate","http://en.wikipedia.org/wiki/European_Parliament_election,_2009_(Belgium)",parlgov
2009-07-05,Bulgaria national election,election,Bulgaria,election,standard,60.95,"turnout, percent of electorate","http://en.wikipedia.org/wiki/Bulgarian_parliamentary_election,_2009",parlgov
2009-08-30,Japan national election,election,Japan,election,major,69.26,"turnout, percent of electorate","http://en.wikipedia.org/wiki/Japanese_general_election,_2009",parlgov
2009-09-14,Norway national election,election,Norway,election,standard,76.37,"turnout, percent of electorate","http://en.wikipedia.org/wiki/Norwegian_parliamentary_election,_2009",parlgov
2009-09-27,Germany national election,election,Germany,election,standard,70.78,"turnout, percent of electorate","http://en.wikipedia.org/wiki/German_federal_election,_2009",parlgov
2009-09-27,Portugal national election,election,Portugal,election,standard,59.68,"turnout, percent of electorate","http://en.wikipedia.org/wiki/European_Parliament_election,_2009_(Portugal)",parlgov
2009-10-04,Greece national election,election,Greece,election,major,70.95,"turnout, percent of electorate","http://en.wikipedia.org/wiki/Greek_legislative_election,_2009",parlgov
2010-04-25,Hungary national election,election,Hungary,election,standard,64.45,"turnout, percent of electorate","http://en.wikipedia.org/wiki/Hungarian_parliamentary_election,_2010",parlgov
2010-05-06,United Kingdom national election,election,United Kingdom,election,standard,65.77,"turnout, percent of electorate","http://en.wikipedia.org/wiki/United_Kingdom_general_election,_2010",parlgov
2010-05-29,Czech Republic national election,election,Czech Republic,election,standard,62.55,"turnout, percent of electorate","http://en.wikipedia.org/wiki/Czech_legislative_election,_2010",parlgov
2010-06-09,Netherlands national election,election,Netherlands,election,major,75.4,"turnout, percent of electorate","http://en.wikipedia.org/wiki/Dutch_general_election,_2010",parlgov
2010-06-12,Slovakia national election,election,Slovakia,election,standard,58.84,"turnout, percent of electorate","http://en.wikipedia.org/wiki/Slovak_parliamentary_election,_2010",parlgov
2010-06-13,Belgium national election,election,Belgium,election,major,89.22,"turnout, percent of electorate","http://en.wikipedia.org/wiki/Belgian_general_election,_2010",parlgov
2010-08-21,Australia national election,election,Australia,election,major,93.21,"turnout, percent of electorate","http://en.wikipedia.org/wiki/Australian_federal_election,_2010",parlgov
2010-09-19,Sweden national election,election,Sweden,election,standard,84.63,"turnout, percent of electorate","http://en.wikipedia.org/wiki/Swedish_general_election,_2010",parlgov
2010-10-02,Latvia national election,election,Latvia,election,standard,64.73,"turnout, percent of electorate","http://en.wikipedia.org/wiki/Latvian_parliamentary_election,_2010",parlgov
2011-02-25,Ireland national election,election,Ireland,election,major,69.9,"turnout, percent of electorate","http://en.wikipedia.org/wiki/Irish_general_election,_2011",parlgov
2011-03-06,Estonia national election,election,Estonia,election,standard,63.53,"turnout, percent of electorate","http://en.wikipedia.org/wiki/Estonian_parliamentary_election,_2011",parlgov
2011-04-17,Finland national election,election,Finland,election,standard,67.37,"turnout, percent of electorate","http://en.wikipedia.org/wiki/Finnish_parliamentary_election,_2011",parlgov
2011-05-02,Canada national election,election,Canada,election,major,61.11,"turnout, percent of electorate","http://en.wikipedia.org/wiki/Canadian_federal_election,_2011",parlgov
2011-05-22,Cyprus national election,election,Cyprus,election,standard,78.7,"turnout, percent of electorate","http://en.wikipedia.org/wiki/Cypriot_legislative_election,_2011",parlgov
2011-06-05,Portugal national election,election,Portugal,election,major,58.03,"turnout, percent of electorate","http://en.wikipedia.org/wiki/Portuguese_legislative_election,_2011",parlgov
2011-06-12,Turkey national election,election,Turkey,election,standard,83.16,"turnout, percent of electorate","http://en.wikipedia.org/wiki/Turkish_general_election,_2011",parlgov
2011-09-15,Denmark national election,election,Denmark,election,standard,87.74,"turnout, percent of electorate","http://en.wikipedia.org/wiki/Danish_parliamentary_election,_2011",parlgov
2011-09-17,Latvia national election,election,Latvia,election,major,59.49,"turnout, percent of electorate","http://en.wikipedia.org/wiki/Latvian_parliamentary_election,_2011",parlgov
2011-10-09,Poland national election,election,Poland,election,standard,48.92,"turnout, percent of electorate","http://en.wikipedia.org/wiki/Polish_parliamentary_election,_2011",parlgov
2011-10-23,Switzerland national election,election,Switzerland,election,standard,48.5,"turnout, percent of electorate","http://en.wikipedia.org/wiki/Swiss_federal_election,_2011",parlgov
2011-11-20,Spain national election,election,Spain,election,major,68.94,"turnout, percent of electorate","http://en.wikipedia.org/wiki/Spanish_general_election,_2011",parlgov
2011-11-26,New Zealand national election,election,New Zealand,election,standard,74.21,"turnout, percent of electorate","http://en.wikipedia.org/wiki/New_Zealand_general_election,_2011",parlgov
2011-12-04,Slovenia national election,election,Slovenia,election,major,65.6,"turnout, percent of electorate","http://en.wikipedia.org/wiki/Slovenian_parliamentary_election,_2011",parlgov
2011-12-04,Croatia national election,election,Croatia,election,standard,61.95,"turnout, percent of electorate","http://en.wikipedia.org/wiki/Croatian_parliamentary_election,_2011",parlgov
2012-03-10,Slovakia national election,election,Slovakia,election,major,59.11,"turnout, percent of electorate","http://en.wikipedia.org/wiki/Slovak_parliamentary_election,_2012",parlgov
2012-05-06,Greece national election,election,Greece,election,major,65.12,"turnout, percent of electorate","http://en.wikipedia.org/wiki/Greek_legislative_election,_May_2012",parlgov
2012-06-17,Greece national election,election,Greece,election,major,62.47,"turnout, percent of electorate","http://en.wikipedia.org/wiki/Greek_legislative_election,_June_2012",parlgov
2012-06-17,France national election,election,France,election,standard,57.22,"turnout, percent of electorate","http://en.wikipedia.org/wiki/French_legislative_election,_2012",parlgov
2012-09-12,Netherlands national election,election,Netherlands,election,major,74.57,"turnout, percent of electorate","http://en.wikipedia.org/wiki/Dutch_general_election,_2012",parlgov
2012-10-14,Lithuania national election,election,Lithuania,election,standard,52.93,"turnout, percent of electorate","http://en.wikipedia.org/wiki/Lithuanian_parliamentary_election,_2012",parlgov
2012-12-09,Romania national election,election,Romania,election,standard,41.76,"turnout, percent of electorate","http://en.wikipedia.org/wiki/Romanian_legislative_election,_2012",parlgov
2012-12-16,Japan national election,election,Japan,election,major,59.31,"turnout, percent of electorate","http://en.wikipedia.org/wiki/Japanese_general_election,_2012",parlgov
2013-01-22,Israel national election,election,Israel,election,major,67.77,"turnout, percent of electorate","http://en.wikipedia.org/wiki/Israeli_legislative_election,_2013",parlgov
2013-02-25,Italy national election,election,Italy,election,standard,75.2,"turnout, percent of electorate","http://en.wikipedia.org/wiki/Italian_general_election,_2013",parlgov
2013-03-09,Malta national election,election,Malta,election,major,92.97,"turnout, percent of electorate","http://en.wikipedia.org/wiki/Maltese_general_election,_2013",parlgov
2013-04-14,Croatia national election,election,Croatia,election,standard,20.83,"turnout, percent of electorate","http://en.wikipedia.org/wiki/European_Parliament_election,_2013_%28Croatia%29",parlgov
2013-04-27,Iceland national election,election,Iceland,election,standard,81.49,"turnout, percent of electorate","http://en.wikipedia.org/wiki/Icelandic_parliamentary_election,_2013",parlgov
2013-05-12,Bulgaria national election,election,Bulgaria,election,major,52.49,"turnout, percent of electorate","http://en.wikipedia.org/wiki/Bulgarian_parliamentary_election,_2013",parlgov
2013-09-07,Australia national election,election,Australia,election,standard,93.23,"turnout, percent of electorate","http://en.wikipedia.org/wiki/Australian_federal_election,_2013",parlgov
2013-09-09,Norway national election,election,Norway,election,standard,78.2,"turnout, percent of electorate","http://en.wikipedia.org/wiki/Norwegian_parliamentary_election,_2013",parlgov
2013-09-22,Germany national election,election,Germany,election,standard,71.53,"turnout, percent of electorate",https://en.wikipedia.org/wiki/2013_German_federal_election,parlgov
2013-09-29,Austria national election,election,Austria,election,standard,74.91,"turnout, percent of electorate","http://en.wikipedia.org/wiki/Austrian_legislative_election,_2013",parlgov
2013-10-20,Luxembourg national election,election,Luxembourg,election,standard,91.32,"turnout, percent of electorate","http://en.wikipedia.org/wiki/Luxembourgian_general_election,_2013",parlgov
2013-10-25,Czech Republic national election,election,Czech Republic,election,major,59.44,"turnout, percent of electorate","http://en.wikipedia.org/wiki/Czech_legislative_election,_2013",parlgov
2014-04-06,Hungary national election,election,Hungary,election,standard,61.8,"turnout, percent of electorate","http://en.wikipedia.org/wiki/Hungarian_parliamentary_election,_2014",parlgov
2014-05-22,United Kingdom national election,election,United Kingdom,election,standard,35.6,"turnout, percent of electorate","http://en.wikipedia.org/wiki/European_Parliament_election,_2014_%28United_Kingdom%29",parlgov
2014-05-23,Ireland national election,election,Ireland,election,standard,52.44,"turnout, percent of electorate","http://en.wikipedia.org/wiki/European_Parliament_election,_2014_(Ireland)",parlgov
2014-05-24,France national election,election,France,election,standard,42.43,"turnout, percent of electorate","http://en.wikipedia.org/wiki/European_Parliament_election,_2014_(France)",parlgov
2014-05-24,Latvia national election,election,Latvia,election,standard,30.24,"turnout, percent of electorate","http://en.wikipedia.org/wiki/European_Parliament_election,_2014_%28Latvia%29",parlgov
2014-05-24,Czech Republic national election,election,Czech Republic,election,standard,18.2,"turnout, percent of electorate","http://en.wikipedia.org/wiki/European_Parliament_election,_2014_(Czech_Republic)",parlgov
2014-05-25,Poland national election,election,Poland,election,standard,23.82,"turnout, percent of electorate","http://en.wikipedia.org/wiki/European_Parliament_election,_2014_%28Poland%29",parlgov
2014-05-25,Bulgaria national election,election,Bulgaria,election,standard,36.1,"turnout, percent of electorate","http://en.wikipedia.org/wiki/European_Parliament_election,_2014_(Bulgaria)",parlgov
2014-05-25,Austria national election,election,Austria,election,standard,45.39,"turnout, percent of electorate","http://en.wikipedia.org/wiki/European_Parliament_election,_2014_(Austria)",parlgov
2014-05-25,Belgium national election,election,Belgium,election,standard,89.64,"turnout, percent of electorate","http://en.wikipedia.org/wiki/European_Parliament_election,_2014_(Belgium)",parlgov
2014-05-25,Cyprus national election,election,Cyprus,election,standard,43.97,"turnout, percent of electorate","http://en.wikipedia.org/wiki/European_Parliament_election,_2014_(Cyprus)",parlgov
2014-05-25,Denmark national election,election,Denmark,election,standard,56.32,"turnout, percent of electorate","http://en.wikipedia.org/wiki/European_Parliament_election,_2014_(Denmark)",parlgov
2014-05-25,Estonia national election,election,Estonia,election,standard,36.52,"turnout, percent of electorate","http://en.wikipedia.org/wiki/European_Parliament_election,_2014_(Estonia)",parlgov
2014-05-25,Finland national election,election,Finland,election,standard,39.14,"turnout, percent of electorate","http://en.wikipedia.org/wiki/European_Parliament_election,_2014_(Finland)",parlgov
2014-05-25,Germany national election,election,Germany,election,standard,48.14,"turnout, percent of electorate","http://en.wikipedia.org/wiki/European_Parliament_election,_2014_(Germany)",parlgov
2014-05-25,Greece national election,election,Greece,election,standard,59.97,"turnout, percent of electorate","http://en.wikipedia.org/wiki/European_Parliament_election,_2014_(Greece)",parlgov
2014-05-25,Italy national election,election,Italy,election,standard,57.22,"turnout, percent of electorate","http://en.wikipedia.org/wiki/European_Parliament_election,_2014_(Italy)",parlgov
2014-05-25,Luxembourg national election,election,Luxembourg,election,standard,85.55,"turnout, percent of electorate","http://en.wikipedia.org/wiki/European_Parliament_election,_2014_(Luxembourg)",parlgov
2014-05-25,Malta national election,election,Malta,election,standard,74.8,"turnout, percent of electorate","http://en.wikipedia.org/wiki/European_Parliament_election,_2014_(Malta)",parlgov
2014-05-25,Portugal national election,election,Portugal,election,standard,33.67,"turnout, percent of electorate","http://en.wikipedia.org/wiki/European_Parliament_election,_2014_%28Portugal%29",parlgov
2014-05-25,Spain national election,election,Spain,election,standard,43.81,"turnout, percent of electorate","http://en.wikipedia.org/wiki/European_Parliament_election,_2014_%28Spain%29",parlgov
2014-05-25,Belgium national election,election,Belgium,election,standard,89.37,"turnout, percent of electorate","http://en.wikipedia.org/wiki/Belgian_federal_election,_2014",parlgov
2014-05-25,Lithuania national election,election,Lithuania,election,standard,47.35,"turnout, percent of electorate","http://en.wikipedia.org/wiki/European_Parliament_election,_2014_%28Lithuania%29",parlgov
2014-05-25,Sweden national election,election,Sweden,election,standard,51.07,"turnout, percent of electorate","http://en.wikipedia.org/wiki/European_Parliament_election,_2014_%28Sweden%29",parlgov
2014-05-25,Slovenia national election,election,Slovenia,election,standard,24.53,"turnout, percent of electorate","http://en.wikipedia.org/wiki/European_Parliament_election,_2014_%28Slovenia%29",parlgov
2014-05-25,Netherlands national election,election,Netherlands,election,standard,37.32,"turnout, percent of electorate","http://en.wikipedia.org/wiki/European_Parliament_election,_2014_%28Netherlands%29",parlgov
2014-05-25,Slovakia national election,election,Slovakia,election,standard,13.06,"turnout, percent of electorate","http://en.wikipedia.org/wiki/European_Parliament_election,_2014_%28Slovakia%29",parlgov
2014-05-25,Romania national election,election,Romania,election,standard,32.44,"turnout, percent of electorate","http://en.wikipedia.org/wiki/European_Parliament_election,_2014_%28Romania%29",parlgov
2014-05-25,Croatia national election,election,Croatia,election,standard,25.24,"turnout, percent of electorate","http://en.wikipedia.org/wiki/European_Parliament_election,_2014_%28Croatia%29",parlgov
2014-05-25,Hungary national election,election,Hungary,election,standard,28.97,"turnout, percent of electorate","http://en.wikipedia.org/wiki/European_Parliament_election,_2014_(Hungary)",parlgov
2014-07-13,Slovenia national election,election,Slovenia,election,major,51.71,"turnout, percent of electorate","http://en.wikipedia.org/wiki/Slovenian_parliamentary_election,_2014",parlgov
2014-09-14,Sweden national election,election,Sweden,election,standard,85.81,"turnout, percent of electorate","http://en.wikipedia.org/wiki/Swedish_general_election,_2014",parlgov
2014-09-20,New Zealand national election,election,New Zealand,election,standard,77.9,"turnout, percent of electorate","http://en.wikipedia.org/wiki/New_Zealand_general_election,_2014",parlgov
2014-10-04,Latvia national election,election,Latvia,election,standard,58.85,"turnout, percent of electorate","http://en.wikipedia.org/wiki/Latvian_parliamentary_election,_2014",parlgov
2014-10-05,Bulgaria national election,election,Bulgaria,election,standard,51.05,"turnout, percent of electorate","http://en.wikipedia.org/wiki/Bulgarian_parliamentary_election,_2014",parlgov
2014-12-14,Japan national election,election,Japan,election,major,52.65,"turnout, percent of electorate","http://en.wikipedia.org/wiki/Japanese_general_election,_2014",parlgov
2015-01-25,Greece national election,election,Greece,election,major,63.87,"turnout, percent of electorate","http://en.wikipedia.org/wiki/Greek_legislative_election,_2015",parlgov
2015-03-01,Estonia national election,election,Estonia,election,standard,64.23,"turnout, percent of electorate","http://en.wikipedia.org/wiki/Estonian_parliamentary_election,_2015",parlgov
2015-03-17,Israel national election,election,Israel,election,standard,72.34,"turnout, percent of electorate","http://en.wikipedia.org/wiki/Israeli_legislative_election,_2015",parlgov
2015-04-19,Finland national election,election,Finland,election,standard,66.85,"turnout, percent of electorate","http://en.wikipedia.org/wiki/Finnish_parliamentary_election,_2015",parlgov
2015-05-07,United Kingdom national election,election,United Kingdom,election,standard,,"turnout, percent of electorate","http://en.wikipedia.org/wiki/United_Kingdom_general_election,_2015",parlgov
2015-06-07,Turkey national election,election,Turkey,election,standard,83.92,"turnout, percent of electorate","https://en.wikipedia.org/wiki/Turkish_general_election,_June_2015",parlgov
2015-06-18,Denmark national election,election,Denmark,election,standard,85.89,"turnout, percent of electorate","https://en.wikipedia.org/wiki/Danish_general_election,_2015",parlgov
2015-09-20,Greece national election,election,Greece,election,standard,56.57,"turnout, percent of electorate","https://en.wikipedia.org/wiki/Greek_legislative_election,_September_2015",parlgov
2015-10-04,Portugal national election,election,Portugal,election,standard,55.84,"turnout, percent of electorate","https://en.wikipedia.org/wiki/Portuguese_legislative_election,_2015",parlgov
2015-10-18,Switzerland national election,election,Switzerland,election,standard,48.51,"turnout, percent of electorate","https://en.wikipedia.org/wiki/Swiss_federal_election,_2015",parlgov
2015-10-19,Canada national election,election,Canada,election,standard,68.49,"turnout, percent of electorate","https://en.wikipedia.org/wiki/Canadian_federal_election,_2015",parlgov
2015-10-25,Poland national election,election,Poland,election,standard,50.92,"turnout, percent of electorate","https://en.wikipedia.org/wiki/Polish_parliamentary_election,_2015",parlgov
2015-11-01,Turkey national election,election,Turkey,election,standard,85.23,"turnout, percent of electorate","https://en.wikipedia.org/wiki/Turkish_general_election,_November_2015",parlgov
2015-11-08,Croatia national election,election,Croatia,election,standard,60.82,"turnout, percent of electorate","https://en.wikipedia.org/wiki/Croatian_parliamentary_election,_2015",parlgov
2015-12-20,Spain national election,election,Spain,election,standard,73.2,"turnout, percent of electorate","https://en.wikipedia.org/wiki/Spanish_general_election,_2015",parlgov
2016-02-26,Ireland national election,election,Ireland,election,standard,,"turnout, percent of electorate","https://en.wikipedia.org/wiki/Irish_general_election,_2016",parlgov
2016-03-06,Slovakia national election,election,Slovakia,election,standard,59.82,"turnout, percent of electorate","https://en.wikipedia.org/wiki/Slovak_parliamentary_election,_2016",parlgov
2016-05-22,Cyprus national election,election,Cyprus,election,standard,66.74,"turnout, percent of electorate","https://en.wikipedia.org/wiki/Cypriot_legislative_election,_2016",parlgov
2016-06-26,Spain national election,election,Spain,election,major,69.84,"turnout, percent of electorate","https://en.wikipedia.org/wiki/Spanish_general_election,_2016",parlgov
2016-07-02,Australia national election,election,Australia,election,standard,90.98,"turnout, percent of electorate","https://en.wikipedia.org/wiki/Australian_federal_election,_2016",parlgov
2016-09-11,Croatia national election,election,Croatia,election,standard,52.56,"turnout, percent of electorate","https://en.wikipedia.org/wiki/Croatian_parliamentary_election,_2016",parlgov
2016-10-09,Lithuania national election,election,Lithuania,election,standard,50.64,"turnout, percent of electorate","https://en.wikipedia.org/wiki/Lithuanian_parliamentary_election,_2016",parlgov
2016-10-29,Iceland national election,election,Iceland,election,major,79.19,"turnout, percent of electorate","https://en.wikipedia.org/wiki/Icelandic_parliamentary_election,_2016",parlgov
2016-12-11,Romania national election,election,Romania,election,standard,39.46,"turnout, percent of electorate","https://en.wikipedia.org/wiki/Romanian_legislative_election,_2016",parlgov
2017-03-15,Netherlands national election,election,Netherlands,election,standard,81.93,"turnout, percent of electorate","https://en.wikipedia.org/wiki/Dutch_general_election,_2017",parlgov
2017-03-26,Bulgaria national election,election,Bulgaria,election,major,52.57,"turnout, percent of electorate","https://en.wikipedia.org/wiki/Bulgarian_parliamentary_election,_2017",parlgov
2017-06-03,Malta national election,election,Malta,election,major,92.06,"turnout, percent of electorate","https://en.wikipedia.org/wiki/Maltese_general_election,_2017",parlgov
2017-06-08,United Kingdom national election,election,United Kingdom,election,major,68.94,"turnout, percent of electorate","https://en.wikipedia.org/wiki/United_Kingdom_general_election,_2017",parlgov
2017-06-18,France national election,election,France,election,standard,48.7,"turnout, percent of electorate","https://en.wikipedia.org/wiki/French_legislative_election,_2017",parlgov
2017-09-11,Norway national election,election,Norway,election,standard,78.22,"turnout, percent of electorate","https://en.wikipedia.org/wiki/Norwegian_parliamentary_election,_2017",parlgov
2017-09-23,New Zealand national election,election,New Zealand,election,standard,79.75,"turnout, percent of electorate","https://en.wikipedia.org/wiki/New_Zealand_general_election,_2017",parlgov
2017-09-24,Germany national election,election,Germany,election,standard,76.15,"turnout, percent of electorate","https://en.wikipedia.org/wiki/German_federal_election,_2017",parlgov
2017-10-15,Austria national election,election,Austria,election,standard,80.0,"turnout, percent of electorate","https://en.wikipedia.org/wiki/Austrian_legislative_election,_2017",parlgov
2017-10-21,Czech Republic national election,election,Czech Republic,election,standard,60.79,"turnout, percent of electorate","https://en.wikipedia.org/wiki/Czech_legislative_election,_2017",parlgov
2017-10-22,Japan national election,election,Japan,election,major,53.68,"turnout, percent of electorate","https://en.wikipedia.org/wiki/Japanese_general_election,_2017",parlgov
2017-10-28,Iceland national election,election,Iceland,election,major,81.2,"turnout, percent of electorate","https://en.wikipedia.org/wiki/Icelandic_parliamentary_election,_2017",parlgov
2018-03-04,Italy national election,election,Italy,election,standard,72.94,"turnout, percent of electorate",https://en.wikipedia.org/wiki/2018_Italian_general_election,parlgov
2018-04-08,Hungary national election,election,Hungary,election,standard,69.67,"turnout, percent of electorate","https://en.wikipedia.org/wiki/Hungarian_parliamentary_election,_2018",parlgov
2018-06-03,Slovenia national election,election,Slovenia,election,standard,52.63,"turnout, percent of electorate","https://en.wikipedia.org/wiki/Slovenian_parliamentary_election,_2018",parlgov
2018-06-24,Turkey national election,election,Turkey,election,major,86.23,"turnout, percent of electorate","https://en.wikipedia.org/wiki/Turkish_general_election,_2018",parlgov
2018-09-09,Sweden national election,election,Sweden,election,standard,87.18,"turnout, percent of electorate","https://en.wikipedia.org/wiki/Swedish_general_election,_2018",parlgov
2018-10-06,Latvia national election,election,Latvia,election,standard,54.58,"turnout, percent of electorate","https://en.wikipedia.org/wiki/Latvian_parliamentary_election,_2018",parlgov
2018-10-14,Luxembourg national election,election,Luxembourg,election,standard,89.66,"turnout, percent of electorate","https://en.wikipedia.org/wiki/Luxembourg_general_election,_2018",parlgov
2019-03-03,Estonia national election,election,Estonia,election,standard,63.67,"turnout, percent of electorate",https://en.wikipedia.org/wiki/2019_Estonian_parliamentary_election,parlgov
2019-04-09,Israel national election,election,Israel,election,major,68.46,"turnout, percent of electorate",https://en.wikipedia.org/wiki/April_2019_Israeli_legislative_election,parlgov
2019-04-14,Finland national election,election,Finland,election,standard,72.84,"turnout, percent of electorate",https://en.wikipedia.org/wiki/2019_Finnish_parliamentary_election,parlgov
2019-04-28,Spain national election,election,Spain,election,major,75.75,"turnout, percent of electorate",https://en.wikipedia.org/wiki/2019_Spanish_general_election,parlgov
2019-05-18,Australia national election,election,Australia,election,standard,91.87,"turnout, percent of electorate",https://en.wikipedia.org/wiki/2019_Australian_federal_election,parlgov
2019-05-23,United Kingdom national election,election,United Kingdom,election,standard,37.17,"turnout, percent of electorate",https://en.wikipedia.org/wiki/2019_European_Parliament_election_in_the_United_Kingdom,parlgov
2019-05-23,Netherlands national election,election,Netherlands,election,standard,41.93,"turnout, percent of electorate",https://en.wikipedia.org/wiki/2019_European_Parliament_election_in_the_Netherlands,parlgov
2019-05-24,Ireland national election,election,Ireland,election,standard,49.68,"turnout, percent of electorate",https://en.wikipedia.org/wiki/2019_European_Parliament_election_in_Ireland,parlgov
2019-05-25,Slovakia national election,election,Slovakia,election,standard,22.74,"turnout, percent of electorate",https://en.wikipedia.org/wiki/2019_European_Parliament_election_in_Slovakia,parlgov
2019-05-25,Czech Republic national election,election,Czech Republic,election,standard,28.72,"turnout, percent of electorate",https://en.wikipedia.org/wiki/2019_European_Parliament_election_in_the_Czech_Republic,parlgov
2019-05-25,Latvia national election,election,Latvia,election,standard,33.53,"turnout, percent of electorate",https://en.wikipedia.org/wiki/2019_European_Parliament_election_in_Latvia,parlgov
2019-05-25,Malta national election,election,Malta,election,standard,72.66,"turnout, percent of electorate",https://en.wikipedia.org/wiki/2019_European_Parliament_election_in_Malta,parlgov
2019-05-26,Sweden national election,election,Sweden,election,standard,55.27,"turnout, percent of electorate",https://en.wikipedia.org/wiki/2019_European_Parliament_election_in_Sweden,parlgov
2019-05-26,Austria national election,election,Austria,election,standard,59.77,"turnout, percent of electorate",https://en.wikipedia.org/wiki/2019_European_Parliament_election_in_Austria,parlgov
2019-05-26,Cyprus national election,election,Cyprus,election,standard,44.99,"turnout, percent of electorate",https://en.wikipedia.org/wiki/2019_European_Parliament_election_in_Cyprus,parlgov
2019-05-26,Romania national election,election,Romania,election,standard,51.2,"turnout, percent of electorate",https://en.wikipedia.org/wiki/2019_European_Parliament_election_in_Romania,parlgov
2019-05-26,Portugal national election,election,Portugal,election,standard,30.73,"turnout, percent of electorate",https://en.wikipedia.org/wiki/2019_European_Parliament_election_in_Portugal,parlgov
2019-05-26,Hungary national election,election,Hungary,election,standard,43.56,"turnout, percent of electorate",https://en.wikipedia.org/wiki/2019_European_Parliament_election_in_Hungary,parlgov
2019-05-26,Poland national election,election,Poland,election,standard,45.69,"turnout, percent of electorate",https://en.wikipedia.org/wiki/2019_European_Parliament_election_in_Poland,parlgov
2019-05-26,Spain national election,election,Spain,election,standard,60.73,"turnout, percent of electorate",https://en.wikipedia.org/wiki/2019_European_Parliament_election_in_Spain,parlgov
2019-05-26,Slovenia national election,election,Slovenia,election,standard,28.89,"turnout, percent of electorate",https://en.wikipedia.org/wiki/2019_European_Parliament_election_in_Slovenia,parlgov
2019-05-26,Belgium national election,election,Belgium,election,standard,88.38,"turnout, percent of electorate",https://en.wikipedia.org/wiki/2019_Belgian_federal_election,parlgov
2019-05-26,Lithuania national election,election,Lithuania,election,standard,53.48,"turnout, percent of electorate",https://en.wikipedia.org/wiki/2019_European_Parliament_election_in_Latvia,parlgov
2019-05-26,Denmark national election,election,Denmark,election,standard,66.08,"turnout, percent of electorate",https://en.wikipedia.org/wiki/2019_European_Parliament_election_in_Denmark,parlgov
2019-05-26,Italy national election,election,Italy,election,standard,54.5,"turnout, percent of electorate",https://en.wikipedia.org/wiki/2019_European_Parliament_election_in_Italy,parlgov
2019-05-26,France national election,election,France,election,standard,50.12,"turnout, percent of electorate",https://en.wikipedia.org/wiki/2019_European_Parliament_election_in_France,parlgov
2019-05-26,Germany national election,election,Germany,election,standard,61.38,"turnout, percent of electorate",https://en.wikipedia.org/wiki/2019_European_Parliament_election_in_Germany,parlgov
2019-05-26,Finland national election,election,Finland,election,standard,40.76,"turnout, percent of electorate",https://en.wikipedia.org/wiki/2019_European_Parliament_election_in_Finland,parlgov
2019-05-26,Belgium national election,election,Belgium,election,standard,88.47,"turnout, percent of electorate",https://en.wikipedia.org/wiki/2019_European_Parliament_election_in_Belgium,parlgov
2019-05-26,Bulgaria national election,election,Bulgaria,election,standard,33.32,"turnout, percent of electorate",https://en.wikipedia.org/wiki/2019_European_Parliament_election_in_Bulgaria,parlgov
2019-05-26,Greece national election,election,Greece,election,standard,58.69,"turnout, percent of electorate",https://en.wikipedia.org/wiki/2019_European_Parliament_election_in_Greece,parlgov
2019-05-26,Croatia national election,election,Croatia,election,standard,29.85,"turnout, percent of electorate",https://en.wikipedia.org/wiki/2019_European_Parliament_election_in_Croatia,parlgov
2019-05-26,Estonia national election,election,Estonia,election,standard,37.59,"turnout, percent of electorate",https://en.wikipedia.org/wiki/2019_European_Parliament_election_in_Estonia,parlgov
2019-05-26,Luxembourg national election,election,Luxembourg,election,standard,84.1,"turnout, percent of electorate",https://en.wikipedia.org/wiki/2019_European_Parliament_election_in_Luxembourg,parlgov
2019-06-05,Denmark national election,election,Denmark,election,standard,84.6,"turnout, percent of electorate",https://en.wikipedia.org/wiki/2019_Danish_general_election,parlgov
2019-07-07,Greece national election,election,Greece,election,standard,57.91,"turnout, percent of electorate",https://en.wikipedia.org/wiki/2019_Greek_legislative_election#Results,parlgov
2019-09-17,Israel national election,election,Israel,election,major,69.83,"turnout, percent of electorate",https://en.wikipedia.org/wiki/September_2019_Israeli_legislative_election,parlgov
2019-09-29,Austria national election,election,Austria,election,standard,75.59,"turnout, percent of electorate",https://en.wikipedia.org/wiki/2019_Austrian_legislative_election,parlgov
2019-10-06,Portugal national election,election,Portugal,election,standard,48.6,"turnout, percent of electorate",https://en.wikipedia.org/wiki/2019_Portuguese_legislative_election,parlgov
2019-10-13,Poland national election,election,Poland,election,standard,61.75,"turnout, percent of electorate",https://en.wikipedia.org/wiki/2019_Polish_parliamentary_election,parlgov
2019-10-20,Switzerland national election,election,Switzerland,election,standard,45.11,"turnout, percent of electorate",https://en.wikipedia.org/wiki/2019_Swiss_federal_election,parlgov
2019-10-21,Canada national election,election,Canada,election,standard,71.32,"turnout, percent of electorate",https://en.wikipedia.org/wiki/2019_Canadian_federal_election,parlgov
2019-11-10,Spain national election,election,Spain,election,major,66.23,"turnout, percent of electorate",https://en.wikipedia.org/wiki/November_2019_Spanish_general_election,parlgov
2019-12-12,United Kingdom national election,election,United Kingdom,election,major,67.27,"turnout, percent of electorate",https://en.wikipedia.org/wiki/2019_United_Kingdom_general_election,parlgov
2020-02-08,Ireland national election,election,Ireland,election,standard,62.92,"turnout, percent of electorate",https://en.wikipedia.org/wiki/2020_Irish_general_election,parlgov
2020-02-29,Slovakia national election,election,Slovakia,election,standard,65.81,"turnout, percent of electorate",https://en.wikipedia.org/wiki/2020_Slovak_parliamentary_election,parlgov
2020-03-02,Israel national election,election,Israel,election,major,71.52,"turnout, percent of electorate",https://en.wikipedia.org/wiki/2020_Israeli_legislative_election,parlgov
2020-07-05,Croatia national election,election,Croatia,election,standard,468.95,"turnout, percent of electorate",https://en.wikipedia.org/wiki/2020_Croatian_parliamentary_election,parlgov
2020-10-11,Lithuania national election,election,Lithuania,election,standard,47.81,"turnout, percent of electorate",https://en.wikipedia.org/wiki/2020_Lithuanian_parliamentary_election,parlgov
2020-10-17,New Zealand national election,election,New Zealand,election,standard,82.24,"turnout, percent of electorate",https://en.wikipedia.org/wiki/2020_New_Zealand_general_election,parlgov
2020-12-06,Romania national election,election,Romania,election,standard,31.94,"turnout, percent of electorate",https://en.wikipedia.org/wiki/2020_Romanian_legislative_election,parlgov
2021-03-17,Netherlands national election,election,Netherlands,election,standard,78.71,"turnout, percent of electorate",https://en.wikipedia.org/wiki/2021_Dutch_general_election,parlgov
2021-03-23,Israel national election,election,Israel,election,major,67.44,"turnout, percent of electorate",https://en.wikipedia.org/wiki/2021_Israeli_legislative_election,parlgov
2021-04-04,Bulgaria national election,election,Bulgaria,election,standard,49.11,"turnout, percent of electorate",https://en.wikipedia.org/wiki/July_2021_Bulgarian_parliamentary_election,parlgov
2021-05-30,Cyprus national election,election,Cyprus,election,standard,65.72,"turnout, percent of electorate",https://en.wikipedia.org/wiki/2021_Cypriot_legislative_election,parlgov
2021-07-11,Bulgaria national election,election,Bulgaria,election,major,41.62,"turnout, percent of electorate",https://en.wikipedia.org/wiki/July_2021_Bulgarian_parliamentary_election,parlgov
2021-09-13,Norway national election,election,Norway,election,standard,77.17,"turnout, percent of electorate",https://en.wikipedia.org/wiki/2021_Norwegian_parliamentary_election,parlgov
2021-09-20,Canada national election,election,Canada,election,major,,"turnout, percent of electorate",https://en.wikipedia.org/wiki/2021_Canadian_federal_election,parlgov
2021-09-25,Iceland national election,election,Iceland,election,standard,79.23,"turnout, percent of electorate",https://en.wikipedia.org/wiki/2021_Icelandic_parliamentary_election,parlgov
2021-09-26,Germany national election,election,Germany,election,standard,76.58,"turnout, percent of electorate",https://en.wikipedia.org/wiki/2021_German_federal_election,parlgov
2021-10-09,Czech Republic national election,election,Czech Republic,election,standard,65.4,"turnout, percent of electorate",https://en.wikipedia.org/wiki/2021_Czech_legislative_election,parlgov
2021-10-31,Japan national election,election,Japan,election,major,55.62,"turnout, percent of electorate",https://en.wikipedia.org/wiki/2021_Japanese_general_election,parlgov
2021-11-14,Bulgaria national election,election,Bulgaria,election,major,40.07,"turnout, percent of electorate",https://en.wikipedia.org/wiki/2021_Bulgarian_general_election,parlgov
2022-01-30,Portugal national election,election,Portugal,election,major,51.46,"turnout, percent of electorate",https://en.wikipedia.org/wiki/2022_Portuguese_legislative_election,parlgov
2022-04-03,Hungary national election,election,Hungary,election,standard,70.21,"turnout, percent of electorate",https://en.wikipedia.org/wiki/2022_Hungarian_parliamentary_election,parlgov
2022-04-22,Slovenia national election,election,Slovenia,election,standard,70.96,"turnout, percent of electorate",https://en.wikipedia.org/wiki/2022_Slovenian_parliamentary_election,parlgov
2022-05-21,Australia national election,election,Australia,election,standard,89.74,"turnout, percent of electorate",https://en.wikipedia.org/wiki/2022_Australian_federal_election,parlgov
2022-06-19,France national election,election,France,election,standard,47.51,"turnout, percent of electorate",https://en.wikipedia.org/wiki/2022_French_legislative_election,parlgov
2022-09-11,Sweden national election,election,Sweden,election,standard,84.21,"turnout, percent of electorate",https://en.wikipedia.org/wiki/2022_Swedish_general_election,parlgov
2022-09-25,Italy national election,election,Italy,election,major,63.79,"turnout, percent of electorate",https://en.wikipedia.org/wiki/2022_Italian_general_election,parlgov
2022-10-01,Latvia national election,election,Latvia,election,standard,59.41,"turnout, percent of electorate",https://en.wikipedia.org/wiki/2022_Latvian_parliamentary_election,parlgov
2022-10-02,Bulgaria national election,election,Bulgaria,election,major,39.41,"turnout, percent of electorate",https://en.wikipedia.org/wiki/2022_Bulgarian_parliamentary_election,parlgov
2022-11-01,Denmark national election,election,Denmark,election,major,84.16,"turnout, percent of electorate",https://en.wikipedia.org/wiki/2022_Danish_general_election,parlgov
2022-11-01,Israel national election,election,Israel,election,major,70.63,"turnout, percent of electorate",https://en.wikipedia.org/wiki/2022_Israeli_legislative_election,parlgov
2023-03-05,Estonia national election,election,Estonia,election,standard,63.53,"turnout, percent of electorate",https://en.wikipedia.org/wiki/2023_Estonian_parliamentary_election,parlgov
2023-04-02,Finland national election,election,Finland,election,standard,72.71,"turnout, percent of electorate",https://en.wikipedia.org/wiki/2023_Finnish_parliamentary_election,parlgov
2023-04-02,Bulgaria national election,election,Bulgaria,election,major,40.69,"turnout, percent of electorate",https://en.wikipedia.org/wiki/2023_Bulgarian_parliamentary_election,parlgov
2023-05-14,Turkey national election,election,Turkey,election,standard,86.98,"turnout, percent of electorate",https://en.wikipedia.org/wiki/2023_Turkish_general_election,parlgov
2023-05-21,Greece national election,election,Greece,election,standard,60.94,"turnout, percent of electorate",https://en.wikipedia.org/wiki/May_2023_Greek_legislative_election,parlgov
2023-06-25,Greece national election,election,Greece,election,major,53.74,"turnout, percent of electorate",https://en.wikipedia.org/wiki/June_2023_Greek_legislative_election,parlgov
