date,series,value,unit,source_repo
1833-01-01,gold,18.93,USD per troy ounce,github.com/datasets/gold-prices
1833-02-01,gold,18.93,USD per troy ounce,github.com/datasets/gold-prices
1833-03-01,gold,18.93,USD per troy ounce,github.com/datasets/gold-prices
1833-04-01,gold,18.93,USD per troy ounce,github.com/datasets/gold-prices
1833-05-01,gold,18.93,USD per troy ounce,github.com/datasets/gold-prices
1833-06-01,gold,18.93,USD per troy ounce,github.com/datasets/gold-prices
1833-07-01,gold,18.93,USD per troy ounce,github.com/datasets/gold-prices
1833-08-01,gold,18.93,USD per troy ounce,github.com/datasets/gold-prices
1833-09-01,gold,18.93,USD per troy ounce,github.com/datasets/gold-prices
1833-10-01,gold,18.93,USD per troy ounce,github.com/datasets/gold-prices
1833-11-01,gold,18.93,USD per troy ounce,github.com/datasets/gold-prices
1833-12-01,gold,18.93,USD per troy ounce,github.com/datasets/gold-prices
1834-01-01,gold,18.93,USD per troy ounce,github.com/datasets/gold-prices
1834-02-01,gold,18.93,USD per troy ounce,github.com/datasets/gold-prices
1834-03-01,gold,18.93,USD per troy ounce,github.com/datasets/gold-prices
1834-04-01,gold,18.93,USD per troy ounce,github.com/datasets/gold-prices
1834-05-01,gold,18.93,USD per troy ounce,github.com/datasets/gold-prices
1834-06-01,gold,18.93,USD per troy ounce,github.com/datasets/gold-prices
1834-07-01,gold,18.93,USD per troy ounce,github.com/datasets/gold-prices
1834-08-01,gold,18.93,USD per troy ounce,github.com/datasets/gold-prices
1834-09-01,gold,18.93,USD per troy ounce,github.com/datasets/gold-prices
1834-10-01,gold,18.93,USD per troy ounce,github.com/datasets/gold-prices
1834-11-01,gold,18.93,USD per troy ounce,github.com/datasets/gold-prices
1834-12-01,gold,18.93,USD per troy ounce,github.com/datasets/gold-prices
1835-01-01,gold,18.93,USD per troy ounce,github.com/datasets/gold-prices
1835-02-01,gold,18.93,USD per troy ounce,github.com/datasets/gold-prices
1835-03-01,gold,18.93,USD per troy ounce,github.com/datasets/gold-prices
1835-04-01,gold,18.93,USD per troy ounce,github.com/datasets/gold-prices
1835-05-01,gold,18.93,USD per troy ounce,github.com/datasets/gold-prices
1835-06-01,gold,18.93,USD per troy ounce,github.com/datasets/gold-prices
1835-07-01,gold,18.93,USD per troy ounce,github.com/datasets/gold-prices
1835-08-01,gold,18.93,USD per troy ounce,github.com/datasets/gold-prices
1835-09-01,gold,18.93,USD per troy ounce,github.com/datasets/gold-prices
1835-10-01,gold,18.93,USD per troy ounce,github.com/datasets/gold-prices
1835-11-01,gold,18.93,USD per troy ounce,github.com/datasets/gold-prices
1835-12-01,gold,18.93,USD per troy ounce,github.com/datasets/gold-prices
1836-01-01,gold,18.93,USD per troy ounce,github.com/datasets/gold-prices
1836-02-01,gold,18.93,USD per troy ounce,github.com/datasets/gold-prices
1836-03-01,gold,18.93,USD per troy ounce,github.com/datasets/gold-prices
1836-04-01,gold,18.93,USD per troy ounce,github.com/datasets/gold-prices
1836-05-01,gold,18.93,USD per troy ounce,github.com/datasets/gold-prices
1836-06-01,gold,18.93,USD per troy ounce,github.com/datasets/gold-prices
1836-07-01,gold,18.93,USD per troy ounce,github.com/datasets/gold-prices
1836-08-01,gold,18.93,USD per troy ounce,github.com/datasets/gold-prices
1836-09-01,gold,18.93,USD per troy ounce,github.com/datasets/gold-prices
1836-10-01,gold,18.93,USD per troy ounce,github.com/datasets/gold-prices
1836-11-01,gold,18.93,USD per troy ounce,github.com/datasets/gold-prices
1836-12-01,gold,18.93,USD per troy ounce,github.com/datasets/gold-prices
1837-01-01,gold,18.93,USD per troy ounce,github.com/datasets/gold-prices
1837-02-01,gold,18.93,USD per troy ounce,github.com/datasets/gold-prices
1837-03-01,gold,18.93,USD per troy ounce,github.com/datasets/gold-prices
1837-04-01,gold,18.93,USD per troy ounce,github.com/datasets/gold-prices
1837-05-01,gold,18.93,USD per troy ounce,github.com/datasets/gold-prices
1837-06-01,gold,18.93,USD per troy ounce,github.com/datasets/gold-prices
1837-07-01,gold,18.93,USD per troy ounce,github.com/datasets/gold-prices
1837-08-01,gold,18.93,USD per troy ounce,github.com/datasets/gold-prices
1837-09-01,gold,18.93,USD per troy ounce,github.com/datasets/gold-prices
1837-10-01,gold,18.93,USD per troy ounce,github.com/datasets/gold-prices
1837-11-01,gold,18.93,USD per troy ounce,github.com/datasets/gold-prices
1837-12-01,gold,18.93,USD per troy ounce,github.com/datasets/gold-prices
1838-01-01,gold,18.93,USD per troy ounce,github.com/datasets/gold-prices
1838-02-01,gold,18.93,USD per troy ounce,github.com/datasets/gold-prices
1838-03-01,gold,18.93,USD per troy ounce,github.com/datasets/gold-prices
1838-04-01,gold,18.93,USD per troy ounce,github.com/datasets/gold-prices
1838-05-01,gold,18.93,USD per troy ounce,github.com/datasets/gold-prices
1838-06-01,gold,18.93,USD per troy ounce,github.com/datasets/gold-prices
1838-07-01,gold,18.93,USD per troy ounce,github.com/datasets/gold-prices
1838-08-01,gold,18.93,USD per troy ounce,github.com/datasets/gold-prices
1838-09-01,gold,18.93,USD per troy ounce,github.com/datasets/gold-prices
1838-10-01,gold,18.93,USD per troy ounce,github.com/datasets/gold-prices
1838-11-01,gold,18.93,USD per troy ounce,github.com/datasets/gold-prices
1838-12-01,gold,18.93,USD per troy ounce,github.com/datasets/gold-prices
1839-01-01,gold,18.93,USD per troy ounce,github.com/datasets/gold-prices
1839-02-01,gold,18.93,USD per troy ounce,github.com/datasets/gold-prices
1839-03-01,gold,18.93,USD per troy ounce,github.com/datasets/gold-prices
1839-04-01,gold,18.93,USD per troy ounce,github.com/datasets/gold-prices
1839-05-01,gold,18.93,USD per troy ounce,github.com/datasets/gold-prices
1839-06-01,gold,18.93,USD per troy ounce,github.com/datasets/gold-prices
1839-07-01,gold,18.93,USD per troy ounce,github.com/datasets/gold-prices
1839-08-01,gold,18.93,USD per troy ounce,github.com/datasets/gold-prices
1839-09-01,gold,18.93,USD per troy ounce,github.com/datasets/gold-prices
1839-10-01,gold,18.93,USD per troy ounce,github.com/datasets/gold-prices
1839-11-01,gold,18.93,USD per troy ounce,github.com/datasets/gold-prices
1839-12-01,gold,18.93,USD per troy ounce,github.com/datasets/gold-prices
1840-01-01,gold,18.93,USD per troy ounce,github.com/datasets/gold-prices
1840-02-01,gold,18.93,USD per troy ounce,github.com/datasets/gold-prices
1840-03-01,gold,18.93,USD per troy ounce,github.com/datasets/gold-prices
1840-04-01,gold,18.93,USD per troy ounce,github.com/datasets/gold-prices
1840-05-01,gold,18.93,USD per troy ounce,github.com/datasets/gold-prices
1840-06-01,gold,18.93,USD per troy ounce,github.com/datasets/gold-prices
1840-07-01,gold,18.93,USD per troy ounce,github.com/datasets/gold-prices
1840-08-01,gold,18.93,USD per troy ounce,github.com/datasets/gold-prices
1840-09-01,gold,18.93,USD per troy ounce,github.com/datasets/gold-prices
1840-10-01,gold,18.93,USD per troy ounce,github.com/datasets/gold-prices
1840-11-01,gold,18.93,USD per troy ounce,github.com/datasets/gold-prices
1840-12-01,gold,18.93,USD per troy ounce,github.com/datasets/gold-prices
1841-01-01,gold,18.93,USD per troy ounce,github.com/datasets/gold-prices
1841-02-01,gold,18.93,USD per troy ounce,github.com/datasets/gold-prices
1841-03-01,gold,18.93,USD per troy ounce,github.com/datasets/gold-prices
1841-04-01,gold,18.93,USD per troy ounce,github.com/datasets/gold-prices
1841-05-01,gold,18.93,USD per troy ounce,github.com/datasets/gold-prices
1841-06-01,gold,18.93,USD per troy ounce,github.com/datasets/gold-prices
1841-07-01,gold,18.93,USD per troy ounce,github.com/datasets/gold-prices
1841-08-01,gold,18.93,USD per troy ounce,github.com/datasets/gold-prices
1841-09-01,gold,18.93,USD per troy ounce,github.com/datasets/gold-prices
1841-10-01,gold,18.93,USD per troy ounce,github.com/datasets/gold-prices
1841-11-01,gold,18.93,USD per troy ounce,github.com/datasets/gold-prices
1841-12-01,gold,18.93,USD per troy ounce,github.com/datasets/gold-prices
1842-01-01,gold,18.93,USD per troy ounce,github.com/datasets/gold-prices
1842-02-01,gold,18.93,USD per troy ounce,github.com/datasets/gold-prices
1842-03-01,gold,18.93,USD per troy ounce,github.com/datasets/gold-prices
1842-04-01,gold,18.93,USD per troy ounce,github.com/datasets/gold-prices
1842-05-01,gold,18.93,USD per troy ounce,github.com/datasets/gold-prices
1842-06-01,gold,18.93,USD per troy ounce,github.com/datasets/gold-prices
1842-07-01,gold,18.93,USD per troy ounce,github.com/datasets/gold-prices
1842-08-01,gold,18.93,USD per troy ounce,github.com/datasets/gold-prices
1842-09-01,gold,18.93,USD per troy ounce,github.com/datasets/gold-prices
1842-10-01,gold,18.93,USD per troy ounce,github.com/datasets/gold-prices
1842-11-01,gold,18.93,USD per troy ounce,github.com/datasets/gold-prices
1842-12-01,gold,18.93,USD per troy ounce,github.com/datasets/gold-prices
1843-01-01,gold,18.93,USD per troy ounce,github.com/datasets/gold-prices
1843-02-01,gold,18.93,USD per troy ounce,github.com/datasets/gold-prices
1843-03-01,gold,18.93,USD per troy ounce,github.com/datasets/gold-prices
1843-04-01,gold,18.93,USD per troy ounce,github.com/datasets/gold-prices
1843-05-01,gold,18.93,USD per troy ounce,github.com/datasets/gold-prices
1843-06-01,gold,18.93,USD per troy ounce,github.com/datasets/gold-prices
1843-07-01,gold,18.93,USD per troy ounce,github.com/datasets/gold-prices
1843-08-01,gold,18.93,USD per troy ounce,github.com/datasets/gold-prices
1843-09-01,gold,18.93,USD per troy ounce,github.com/datasets/gold-prices
1843-10-01,gold,18.93,USD per troy ounce,github.com/datasets/gold-prices
1843-11-01,gold,18.93,USD per troy ounce,github.com/datasets/gold-prices
1843-12-01,gold,18.93,USD per troy ounce,github.com/datasets/gold-prices
1844-01-01,gold,18.93,USD per troy ounce,github.com/datasets/gold-prices
1844-02-01,gold,18.93,USD per troy ounce,github.com/datasets/gold-prices
1844-03-01,gold,18.93,USD per troy ounce,github.com/datasets/gold-prices
1844-04-01,gold,18.93,USD per troy ounce,github.com/datasets/gold-prices
1844-05-01,gold,18.93,USD per troy ounce,github.com/datasets/gold-prices
1844-06-01,gold,18.93,USD per troy ounce,github.com/datasets/gold-prices
1844-07-01,gold,18.93,USD per troy ounce,github.com/datasets/gold-prices
1844-08-01,gold,18.93,USD per troy ounce,github.com/datasets/gold-prices
1844-09-01,gold,18.93,USD per troy ounce,github.com/datasets/gold-prices
1844-10-01,gold,18.93,USD per troy ounce,github.com/datasets/gold-prices
1844-11-01,gold,18.93,USD per troy ounce,github.com/datasets/gold-prices
1844-12-01,gold,18.93,USD per troy ounce,github.com/datasets/gold-prices
1845-01-01,gold,18.93,USD per troy ounce,github.com/datasets/gold-prices
1845-02-01,gold,18.93,USD per troy ounce,github.com/datasets/gold-prices
1845-03-01,gold,18.93,USD per troy ounce,github.com/datasets/gold-prices
1845-04-01,gold,18.93,USD per troy ounce,github.com/datasets/gold-prices
1845-05-01,gold,18.93,USD per troy ounce,github.com/datasets/gold-prices
1845-06-01,gold,18.93,USD per troy ounce,github.com/datasets/gold-prices
1845-07-01,gold,18.93,USD per troy ounce,github.com/datasets/gold-prices
1845-08-01,gold,18.93,USD per troy ounce,github.com/datasets/gold-prices
1845-09-01,gold,18.93,USD per troy ounce,github.com/datasets/gold-prices
1845-10-01,gold,18.93,USD per troy ounce,github.com/datasets/gold-prices
1845-11-01,gold,18.93,USD per troy ounce,github.com/datasets/gold-prices
1845-12-01,gold,18.93,USD per troy ounce,github.com/datasets/gold-prices
1846-01-01,gold,18.93,USD per troy ounce,github.com/datasets/gold-prices
1846-02-01,gold,18.93,USD per troy ounce,github.com/datasets/gold-prices
1846-03-01,gold,18.93,USD per troy ounce,github.com/datasets/gold-prices
1846-04-01,gold,18.93,USD per troy ounce,github.com/datasets/gold-prices
1846-05-01,gold,18.93,USD per troy ounce,github.com/datasets/gold-prices
1846-06-01,gold,18.93,USD per troy ounce,github.com/datasets/gold-prices
1846-07-01,gold,18.93,USD per troy ounce,github.com/datasets/gold-prices
1846-08-01,gold,18.93,USD per troy ounce,github.com/datasets/gold-prices
1846-09-01,gold,18.93,USD per troy ounce,github.com/datasets/gold-prices
1846-10-01,gold,18.93,USD per troy ounce,github.com/datasets/gold-prices
1846-11-01,gold,18.93,USD per troy ounce,github.com/datasets/gold-prices
1846-12-01,gold,18.93,USD per troy ounce,github.com/datasets/gold-prices
1847-01-01,gold,18.93,USD per troy ounce,github.com/datasets/gold-prices
1847-02-01,gold,18.93,USD per troy ounce,github.com/datasets/gold-prices
1847-03-01,gold,18.93,USD per troy ounce,github.com/datasets/gold-prices
1847-04-01,gold,18.93,USD per troy ounce,github.com/datasets/gold-prices
1847-05-01,gold,18.93,USD per troy ounce,github.com/datasets/gold-prices
1847-06-01,gold,18.93,USD per troy ounce,github.com/datasets/gold-prices
1847-07-01,gold,18.93,USD per troy ounce,github.com/datasets/gold-prices
1847-08-01,gold,18.93,USD per troy ounce,github.com/datasets/gold-prices
1847-09-01,gold,18.93,USD per troy ounce,github.com/datasets/gold-prices
1847-10-01,gold,18.93,USD per troy ounce,github.com/datasets/gold-prices
1847-11-01,gold,18.93,USD per troy ounce,github.com/datasets/gold-prices
1847-12-01,gold,18.93,USD per troy ounce,github.com/datasets/gold-prices
1848-01-01,gold,18.93,USD per troy ounce,github.com/datasets/gold-prices
1848-02-01,gold,18.93,USD per troy ounce,github.com/datasets/gold-prices
1848-03-01,gold,18.93,USD per troy ounce,github.com/datasets/gold-prices
1848-04-01,gold,18.93,USD per troy ounce,github.com/datasets/gold-prices
1848-05-01,gold,18.93,USD per troy ounce,github.com/datasets/gold-prices
1848-06-01,gold,18.93,USD per troy ounce,github.com/datasets/gold-prices
1848-07-01,gold,18.93,USD per troy ounce,github.com/datasets/gold-prices
1848-08-01,gold,18.93,USD per troy ounce,github.com/datasets/gold-prices
1848-09-01,gold,18.93,USD per troy ounce,github.com/datasets/gold-prices
1848-10-01,gold,18.93,USD per troy ounce,github.com/datasets/gold-prices
1848-11-01,gold,18.93,USD per troy ounce,github.com/datasets/gold-prices
1848-12-01,gold,18.93,USD per troy ounce,github.com/datasets/gold-prices
1849-01-01,gold,18.93,USD per troy ounce,github.com/datasets/gold-prices
1849-02-01,gold,18.93,USD per troy ounce,github.com/datasets/gold-prices
1849-03-01,gold,18.93,USD per troy ounce,github.com/datasets/gold-prices
1849-04-01,gold,18.93,USD per troy ounce,github.com/datasets/gold-prices
1849-05-01,gold,18.93,USD per troy ounce,github.com/datasets/gold-prices
1849-06-01,gold,18.93,USD per troy ounce,github.com/datasets/gold-prices
1849-07-01,gold,18.93,USD per troy ounce,github.com/datasets/gold-prices
1849-08-01,gold,18.93,USD per troy ounce,github.com/datasets/gold-prices
1849-09-01,gold,18.93,USD per troy ounce,github.com/datasets/gold-prices
1849-10-01,gold,18.93,USD per troy ounce,github.com/datasets/gold-prices
1849-11-01,gold,18.93,USD per troy ounce,github.com/datasets/gold-prices
1849-12-01,gold,18.93,USD per troy ounce,github.com/datasets/gold-prices
1850-01-01,gold,18.93,USD per troy ounce,github.com/datasets/gold-prices
1850-02-01,gold,18.93,USD per troy ounce,github.com/datasets/gold-prices
1850-03-01,gold,18.93,USD per troy ounce,github.com/datasets/gold-prices
1850-04-01,gold,18.93,USD per troy ounce,github.com/datasets/gold-prices
1850-05-01,gold,18.93,USD per troy ounce,github.com/datasets/gold-prices
1850-06-01,gold,18.93,USD per troy ounce,github.com/datasets/gold-prices
1850-07-01,gold,18.93,USD per troy ounce,github.com/datasets/gold-prices
1850-08-01,gold,18.93,USD per troy ounce,github.com/datasets/gold-prices
1850-09-01,gold,18.93,USD per troy ounce,github.com/datasets/gold-prices
1850-10-01,gold,18.93,USD per troy ounce,github.com/datasets/gold-prices
1850-11-01,gold,18.93,USD per troy ounce,github.com/datasets/gold-prices
1850-12-01,gold,18.93,USD per troy ounce,github.com/datasets/gold-prices
1851-01-01,gold,18.93,USD per troy ounce,github.com/datasets/gold-prices
1851-02-01,gold,18.93,USD per troy ounce,github.com/datasets/gold-prices
1851-03-01,gold,18.93,USD per troy ounce,github.com/datasets/gold-prices
1851-04-01,gold,18.93,USD per troy ounce,github.com/datasets/gold-prices
1851-05-01,gold,18.93,USD per troy ounce,github.com/datasets/gold-prices
1851-06-01,gold,18.93,USD per troy ounce,github.com/datasets/gold-prices
1851-07-01,gold,18.93,USD per troy ounce,github.com/datasets/gold-prices
1851-08-01,gold,18.93,USD per troy ounce,github.com/datasets/gold-prices
1851-09-01,gold,18.93,USD per troy ounce,github.com/datasets/gold-prices
1851-10-01,gold,18.93,USD per troy ounce,github.com/datasets/gold-prices
1851-11-01,gold,18.93,USD per troy ounce,github.com/datasets/gold-prices
1851-12-01,gold,18.93,USD per troy ounce,github.com/datasets/gold-prices
1852-01-01,gold,18.93,USD per troy ounce,github.com/datasets/gold-prices
1852-02-01,gold,18.93,USD per troy ounce,github.com/datasets/gold-prices
1852-03-01,gold,18.93,USD per troy ounce,github.com/datasets/gold-prices
1852-04-01,gold,18.93,USD per troy ounce,github.com/datasets/gold-prices
1852-05-01,gold,18.93,USD per troy ounce,github.com/datasets/gold-prices
1852-06-01,gold,18.93,USD per troy ounce,github.com/datasets/gold-prices
1852-07-01,gold,18.93,USD per troy ounce,github.com/datasets/gold-prices
1852-08-01,gold,18.93,USD per troy ounce,github.com/datasets/gold-prices
1852-09-01,gold,18.93,USD per troy ounce,github.com/datasets/gold-prices
1852-10-01,gold,18.93,USD per troy ounce,github.com/datasets/gold-prices
1852-11-01,gold,18.93,USD per troy ounce,github.com/datasets/gold-prices
1852-12-01,gold,18.93,USD per troy ounce,github.com/datasets/gold-prices
1853-01-01,gold,18.93,USD per troy ounce,github.com/datasets/gold-prices
1853-02-01,gold,18.93,USD per troy ounce,github.com/datasets/gold-prices
1853-03-01,gold,18.93,USD per troy ounce,github.com/datasets/gold-prices
1853-04-01,gold,18.93,USD per troy ounce,github.com/datasets/gold-prices
1853-05-01,gold,18.93,USD per troy ounce,github.com/datasets/gold-prices
1853-06-01,gold,18.93,USD per troy ounce,github.com/datasets/gold-prices
1853-07-01,gold,18.93,USD per troy ounce,github.com/datasets/gold-prices
1853-08-01,gold,18.93,USD per troy ounce,github.com/datasets/gold-prices
1853-09-01,gold,18.93,USD per troy ounce,github.com/datasets/gold-prices
1853-10-01,gold,18.93,USD per troy ounce,github.com/datasets/gold-prices
1853-11-01,gold,18.93,USD per troy ounce,github.com/datasets/gold-prices
1853-12-01,gold,18.93,USD per troy ounce,github.com/datasets/gold-prices
1854-01-01,gold,18.93,USD per troy ounce,github.com/datasets/gold-prices
1854-02-01,gold,18.93,USD per troy ounce,github.com/datasets/gold-prices
1854-03-01,gold,18.93,USD per troy ounce,github.com/datasets/gold-prices
1854-04-01,gold,18.93,USD per troy ounce,github.com/datasets/gold-prices
1854-05-01,gold,18.93,USD per troy ounce,github.com/datasets/gold-prices
1854-06-01,gold,18.93,USD per troy ounce,github.com/datasets/gold-prices
1854-07-01,gold,18.93,USD per troy ounce,github.com/datasets/gold-prices
1854-08-01,gold,18.93,USD per troy ounce,github.com/datasets/gold-prices
1854-09-01,gold,18.93,USD per troy ounce,github.com/datasets/gold-prices
1854-10-01,gold,18.93,USD per troy ounce,github.com/datasets/gold-prices
1854-11-01,gold,18.93,USD per troy ounce,github.com/datasets/gold-prices
1854-12-01,gold,18.93,USD per troy ounce,github.com/datasets/gold-prices
1855-01-01,gold,18.93,USD per troy ounce,github.com/datasets/gold-prices
1855-02-01,gold,18.93,USD per troy ounce,github.com/datasets/gold-prices
1855-03-01,gold,18.93,USD per troy ounce,github.com/datasets/gold-prices
1855-04-01,gold,18.93,USD per troy ounce,github.com/datasets/gold-prices
1855-05-01,gold,18.93,USD per troy ounce,github.com/datasets/gold-prices
1855-06-01,gold,18.93,USD per troy ounce,github.com/datasets/gold-prices
1855-07-01,gold,18.93,USD per troy ounce,github.com/datasets/gold-prices
1855-08-01,gold,18.93,USD per troy ounce,github.com/datasets/gold-prices
1855-09-01,gold,18.93,USD per troy ounce,github.com/datasets/gold-prices
1855-10-01,gold,18.93,USD per troy ounce,github.com/datasets/gold-prices
1855-11-01,gold,18.93,USD per troy ounce,github.com/datasets/gold-prices
1855-12-01,gold,18.93,USD per troy ounce,github.com/datasets/gold-prices
1856-01-01,gold,18.93,USD per troy ounce,github.com/datasets/gold-prices
1856-02-01,gold,18.93,USD per troy ounce,github.com/datasets/gold-prices
1856-03-01,gold,18.93,USD per troy ounce,github.com/datasets/gold-prices
1856-04-01,gold,18.93,USD per troy ounce,github.com/datasets/gold-prices
1856-05-01,gold,18.93,USD per troy ounce,github.com/datasets/gold-prices
1856-06-01,gold,18.93,USD per troy ounce,github.com/datasets/gold-prices
1856-07-01,gold,18.93,USD per troy ounce,github.com/datasets/gold-prices
1856-08-01,gold,18.93,USD per troy ounce,github.com/datasets/gold-prices
1856-09-01,gold,18.93,USD per troy ounce,github.com/datasets/gold-prices
1856-10-01,gold,18.93,USD per troy ounce,github.com/datasets/gold-prices
1856-11-01,gold,18.93,USD per troy ounce,github.com/datasets/gold-prices
1856-12-01,gold,18.93,USD per troy ounce,github.com/datasets/gold-prices
1857-01-01,gold,18.93,USD per troy ounce,github.com/datasets/gold-prices
1857-02-01,gold,18.93,USD per troy ounce,github.com/datasets/gold-prices
1857-03-01,gold,18.93,USD per troy ounce,github.com/datasets/gold-prices
1857-04-01,gold,18.93,USD per troy ounce,github.com/datasets/gold-prices
1857-05-01,gold,18.93,USD per troy ounce,github.com/datasets/gold-prices
1857-06-01,gold,18.93,USD per troy ounce,github.com/datasets/gold-prices
1857-07-01,gold,18.93,USD per troy ounce,github.com/datasets/gold-prices
1857-08-01,gold,18.93,USD per troy ounce,github.com/datasets/gold-prices
1857-09-01,gold,18.93,USD per troy ounce,github.com/datasets/gold-prices
1857-10-01,gold,18.93,USD per troy ounce,github.com/datasets/gold-prices
1857-11-01,gold,18.93,USD per troy ounce,github.com/datasets/gold-prices
1857-12-01,gold,18.93,USD per troy ounce,github.com/datasets/gold-prices
1858-01-01,gold,18.93,USD per troy ounce,github.com/datasets/gold-prices
1858-02-01,gold,18.93,USD per troy ounce,github.com/datasets/gold-prices
1858-03-01,gold,18.93,USD per troy ounce,github.com/datasets/gold-prices
1858-04-01,gold,18.93,USD per troy ounce,github.com/datasets/gold-prices
1858-05-01,gold,18.93,USD per troy ounce,github.com/datasets/gold-prices
1858-06-01,gold,18.93,USD per troy ounce,github.com/datasets/gold-prices
1858-07-01,gold,18.93,USD per troy ounce,github.com/datasets/gold-prices
1858-08-01,gold,18.93,USD per troy ounce,github.com/datasets/gold-prices
1858-09-01,gold,18.93,USD per troy ounce,github.com/datasets/gold-prices
1858-10-01,gold,18.93,USD per troy ounce,github.com/datasets/gold-prices
1858-11-01,gold,18.93,USD per troy ounce,github.com/datasets/gold-prices
1858-12-01,gold,18.93,USD per troy ounce,github.com/datasets/gold-prices
1859-01-01,gold,18.93,USD per troy ounce,github.com/datasets/gold-prices
1859-02-01,gold,18.93,USD per troy ounce,github.com/datasets/gold-prices
1859-03-01,gold,18.93,USD per troy ounce,github.com/datasets/gold-prices
1859-04-01,gold,18.93,USD per troy ounce,github.com/datasets/gold-prices
1859-05-01,gold,18.93,USD per troy ounce,github.com/datasets/gold-prices
1859-06-01,gold,18.93,USD per troy ounce,github.com/datasets/gold-prices
1859-07-01,gold,18.93,USD per troy ounce,github.com/datasets/gold-prices
1859-08-01,gold,18.93,USD per troy ounce,github.com/datasets/gold-prices
1859-09-01,gold,18.93,USD per troy ounce,github.com/datasets/gold-prices
1859-10-01,gold,18.93,USD per troy ounce,github.com/datasets/gold-prices
1859-11-01,gold,18.93,USD per troy ounce,github.com/datasets/gold-prices
1859-12-01,gold,18.93,USD per troy ounce,github.com/datasets/gold-prices
1860-01-01,gold,18.93,USD per troy ounce,github.com/datasets/gold-prices
1860-02-01,gold,18.93,USD per troy ounce,github.com/datasets/gold-prices
1860-03-01,gold,18.93,USD per troy ounce,github.com/datasets/gold-prices
1860-04-01,gold,18.93,USD per troy ounce,github.com/datasets/gold-prices
1860-05-01,gold,18.93,USD per troy ounce,github.com/datasets/gold-prices
1860-06-01,gold,18.93,USD per troy ounce,github.com/datasets/gold-prices
1860-07-01,gold,18.93,USD per troy ounce,github.com/datasets/gold-prices
1860-08-01,gold,18.93,USD per troy ounce,github.com/datasets/gold-prices
1860-09-01,gold,18.93,USD per troy ounce,github.com/datasets/gold-prices
1860-10-01,gold,18.93,USD per troy ounce,github.com/datasets/gold-prices
1860-11-01,gold,18.93,USD per troy ounce,github.com/datasets/gold-prices
1860-12-01,gold,18.93,USD per troy ounce,github.com/datasets/gold-prices
1861-01-01,gold,18.93,USD per troy ounce,github.com/datasets/gold-prices
1861-02-01,gold,18.93,USD per troy ounce,github.com/datasets/gold-prices
1861-03-01,gold,18.93,USD per troy ounce,github.com/datasets/gold-prices
1861-04-01,gold,18.93,USD per troy ounce,github.com/datasets/gold-prices
1861-05-01,gold,18.93,USD per troy ounce,github.com/datasets/gold-prices
1861-06-01,gold,18.93,USD per troy ounce,github.com/datasets/gold-prices
1861-07-01,gold,18.93,USD per troy ounce,github.com/datasets/gold-prices
1861-08-01,gold,18.93,USD per troy ounce,github.com/datasets/gold-prices
1861-09-01,gold,18.93,USD per troy ounce,github.com/datasets/gold-prices
1861-10-01,gold,18.93,USD per troy ounce,github.com/datasets/gold-prices
1861-11-01,gold,18.93,USD per troy ounce,github.com/datasets/gold-prices
1861-12-01,gold,18.93,USD per troy ounce,github.com/datasets/gold-prices
1862-01-01,gold,18.93,USD per troy ounce,github.com/datasets/gold-prices
1862-02-01,gold,18.93,USD per troy ounce,github.com/datasets/gold-prices
1862-03-01,gold,18.93,USD per troy ounce,github.com/datasets/gold-prices
1862-04-01,gold,18.93,USD per troy ounce,github.com/datasets/gold-prices
1862-05-01,gold,18.93,USD per troy ounce,github.com/datasets/gold-prices
1862-06-01,gold,18.93,USD per troy ounce,github.com/datasets/gold-prices
1862-07-01,gold,18.93,USD per troy ounce,github.com/datasets/gold-prices
1862-08-01,gold,18.93,USD per troy ounce,github.com/datasets/gold-prices
1862-09-01,gold,18.93,USD per troy ounce,github.com/datasets/gold-prices
1862-10-01,gold,18.93,USD per troy ounce,github.com/datasets/gold-prices
1862-11-01,gold,18.93,USD per troy ounce,github.com/datasets/gold-prices
1862-12-01,gold,18.93,USD per troy ounce,github.com/datasets/gold-prices
1863-01-01,gold,18.93,USD per troy ounce,github.com/datasets/gold-prices
1863-02-01,gold,18.93,USD per troy ounce,github.com/datasets/gold-prices
1863-03-01,gold,18.93,USD per troy ounce,github.com/datasets/gold-prices
1863-04-01,gold,18.93,USD per troy ounce,github.com/datasets/gold-prices
1863-05-01,gold,18.93,USD per troy ounce,github.com/datasets/gold-prices
1863-06-01,gold,18.93,USD per troy ounce,github.com/datasets/gold-prices
1863-07-01,gold,18.93,USD per troy ounce,github.com/datasets/gold-prices
1863-08-01,gold,18.93,USD per troy ounce,github.com/datasets/gold-prices
1863-09-01,gold,18.93,USD per troy ounce,github.com/datasets/gold-prices
1863-10-01,gold,18.93,USD per troy ounce,github.com/datasets/gold-prices
1863-11-01,gold,18.93,USD per troy ounce,github.com/datasets/gold-prices
1863-12-01,gold,18.93,USD per troy ounce,github.com/datasets/gold-prices
1864-01-01,gold,18.93,USD per troy ounce,github.com/datasets/gold-prices
1864-02-01,gold,18.93,USD per troy ounce,github.com/datasets/gold-prices
1864-03-01,gold,18.93,USD per troy ounce,github.com/datasets/gold-prices
1864-04-01,gold,18.93,USD per troy ounce,github.com/datasets/gold-prices
1864-05-01,gold,18.93,USD per troy ounce,github.com/datasets/gold-prices
1864-06-01,gold,18.93,USD per troy ounce,github.com/datasets/gold-prices
1864-07-01,gold,18.93,USD per troy ounce,github.com/datasets/gold-prices
1864-08-01,gold,18.93,USD per troy ounce,github.com/datasets/gold-prices
1864-09-01,gold,18.93,USD per troy ounce,github.com/datasets/gold-prices
1864-10-01,gold,18.93,USD per troy ounce,github.com/datasets/gold-prices
1864-11-01,gold,18.93,USD per troy ounce,github.com/datasets/gold-prices
1864-12-01,gold,18.93,USD per troy ounce,github.com/datasets/gold-prices
1865-01-01,gold,18.93,USD per troy ounce,github.com/datasets/gold-prices
1865-02-01,gold,18.93,USD per troy ounce,github.com/datasets/gold-prices
1865-03-01,gold,18.93,USD per troy ounce,github.com/datasets/gold-prices
1865-04-01,gold,18.93,USD per troy ounce,github.com/datasets/gold-prices
1865-05-01,gold,18.93,USD per troy ounce,github.com/datasets/gold-prices
1865-06-01,gold,18.93,USD per troy ounce,github.com/datasets/gold-prices
1865-07-01,gold,18.93,USD per troy ounce,github.com/datasets/gold-prices
1865-08-01,gold,18.93,USD per troy ounce,github.com/datasets/gold-prices
1865-09-01,gold,18.93,USD per troy ounce,github.com/datasets/gold-prices
1865-10-01,gold,18.93,USD per troy ounce,github.com/datasets/gold-prices
1865-11-01,gold,18.93,USD per troy ounce,github.com/datasets/gold-prices
1865-12-01,gold,18.93,USD per troy ounce,github.com/datasets/gold-prices
1866-01-01,gold,18.93,USD per troy ounce,github.com/datasets/gold-prices
1866-02-01,gold,18.93,USD per troy ounce,github.com/datasets/gold-prices
1866-03-01,gold,18.93,USD per troy ounce,github.com/datasets/gold-prices
1866-04-01,gold,18.93,USD per troy ounce,github.com/datasets/gold-prices
1866-05-01,gold,18.93,USD per troy ounce,github.com/datasets/gold-prices
1866-06-01,gold,18.93,USD per troy ounce,github.com/datasets/gold-prices
1866-07-01,gold,18.93,USD per troy ounce,github.com/datasets/gold-prices
1866-08-01,gold,18.93,USD per troy ounce,github.com/datasets/gold-prices
1866-09-01,gold,18.93,USD per troy ounce,github.com/datasets/gold-prices
1866-10-01,gold,18.93,USD per troy ounce,github.com/datasets/gold-prices
1866-11-01,gold,18.93,USD per troy ounce,github.com/datasets/gold-prices
1866-12-01,gold,18.93,USD per troy ounce,github.com/datasets/gold-prices
1867-01-01,gold,18.93,USD per troy ounce,github.com/datasets/gold-prices
1867-02-01,gold,18.93,USD per troy ounce,github.com/datasets/gold-prices
1867-03-01,gold,18.93,USD per troy ounce,github.com/datasets/gold-prices
1867-04-01,gold,18.93,USD per troy ounce,github.com/datasets/gold-prices
1867-05-01,gold,18.93,USD per troy ounce,github.com/datasets/gold-prices
1867-06-01,gold,18.93,USD per troy ounce,github.com/datasets/gold-prices
1867-07-01,gold,18.93,USD per troy ounce,github.com/datasets/gold-prices
1867-08-01,gold,18.93,USD per troy ounce,github.com/datasets/gold-prices
1867-09-01,gold,18.93,USD per troy ounce,github.com/datasets/gold-prices
1867-10-01,gold,18.93,USD per troy ounce,github.com/datasets/gold-prices
1867-11-01,gold,18.93,USD per troy ounce,github.com/datasets/gold-prices
1867-12-01,gold,18.93,USD per troy ounce,github.com/datasets/gold-prices
1868-01-01,gold,18.93,USD per troy ounce,github.com/datasets/gold-prices
1868-02-01,gold,18.93,USD per troy ounce,github.com/datasets/gold-prices
1868-03-01,gold,18.93,USD per troy ounce,github.com/datasets/gold-prices
1868-04-01,gold,18.93,USD per troy ounce,github.com/datasets/gold-prices
1868-05-01,gold,18.93,USD per troy ounce,github.com/datasets/gold-prices
1868-06-01,gold,18.93,USD per troy ounce,github.com/datasets/gold-prices
1868-07-01,gold,18.93,USD per troy ounce,github.com/datasets/gold-prices
1868-08-01,gold,18.93,USD per troy ounce,github.com/datasets/gold-prices
1868-09-01,gold,18.93,USD per troy ounce,github.com/datasets/gold-prices
1868-10-01,gold,18.93,USD per troy ounce,github.com/datasets/gold-prices
1868-11-01,gold,18.93,USD per troy ounce,github.com/datasets/gold-prices
1868-12-01,gold,18.93,USD per troy ounce,github.com/datasets/gold-prices
1869-01-01,gold,18.93,USD per troy ounce,github.com/datasets/gold-prices
1869-02-01,gold,18.93,USD per troy ounce,github.com/datasets/gold-prices
1869-03-01,gold,18.93,USD per troy ounce,github.com/datasets/gold-prices
1869-04-01,gold,18.93,USD per troy ounce,github.com/datasets/gold-prices
1869-05-01,gold,18.93,USD per troy ounce,github.com/datasets/gold-prices
1869-06-01,gold,18.93,USD per troy ounce,github.com/datasets/gold-prices
1869-07-01,gold,18.93,USD per troy ounce,github.com/datasets/gold-prices
1869-08-01,gold,18.93,USD per troy ounce,github.com/datasets/gold-prices
1869-09-01,gold,18.93,USD per troy ounce,github.com/datasets/gold-prices
1869-10-01,gold,18.93,USD per troy ounce,github.com/datasets/gold-prices
1869-11-01,gold,18.93,USD per troy ounce,github.com/datasets/gold-prices
1869-12-01,gold,18.93,USD per troy ounce,github.com/datasets/gold-prices
1870-01-01,gold,18.93,USD per troy ounce,github.com/datasets/gold-prices
1870-02-01,gold,18.93,USD per troy ounce,github.com/datasets/gold-prices
1870-03-01,gold,18.93,USD per troy ounce,github.com/datasets/gold-prices
1870-04-01,gold,18.93,USD per troy ounce,github.com/datasets/gold-prices
1870-05-01,gold,18.93,USD per troy ounce,github.com/datasets/gold-prices
1870-06-01,gold,18.93,USD per troy ounce,github.com/datasets/gold-prices
1870-07-01,gold,18.93,USD per troy ounce,github.com/datasets/gold-prices
1870-08-01,gold,18.93,USD per troy ounce,github.com/datasets/gold-prices
1870-09-01,gold,18.93,USD per troy ounce,github.com/datasets/gold-prices
1870-10-01,gold,18.93,USD per troy ounce,github.com/datasets/gold-prices
1870-11-01,gold,18.93,USD per troy ounce,github.com/datasets/gold-prices
1870-12-01,gold,18.93,USD per troy ounce,github.com/datasets/gold-prices
1871-01-01,gold,18.93,USD per troy ounce,github.com/datasets/gold-prices
1871-02-01,gold,18.93,USD per troy ounce,github.com/datasets/gold-prices
1871-03-01,gold,18.93,USD per troy ounce,github.com/datasets/gold-prices
1871-04-01,gold,18.93,USD per troy ounce,github.com/datasets/gold-prices
1871-05-01,gold,18.93,USD per troy ounce,github.com/datasets/gold-prices
1871-06-01,gold,18.93,USD per troy ounce,github.com/datasets/gold-prices
1871-07-01,gold,18.93,USD per troy ounce,github.com/datasets/gold-prices
1871-08-01,gold,18.93,USD per troy ounce,github.com/datasets/gold-prices
1871-09-01,gold,18.93,USD per troy ounce,github.com/datasets/gold-prices
1871-10-01,gold,18.93,USD per troy ounce,github.com/datasets/gold-prices
1871-11-01,gold,18.93,USD per troy ounce,github.com/datasets/gold-prices
1871-12-01,gold,18.93,USD per troy ounce,github.com/datasets/gold-prices
1872-01-01,gold,18.94,USD per troy ounce,github.com/datasets/gold-prices
1872-02-01,gold,18.94,USD per troy ounce,github.com/datasets/gold-prices
1872-03-01,gold,18.94,USD per troy ounce,github.com/datasets/gold-prices
1872-04-01,gold,18.94,USD per troy ounce,github.com/datasets/gold-prices
1872-05-01,gold,18.94,USD per troy ounce,github.com/datasets/gold-prices
1872-06-01,gold,18.94,USD per troy ounce,github.com/datasets/gold-prices
1872-07-01,gold,18.94,USD per troy ounce,github.com/datasets/gold-prices
1872-08-01,gold,18.94,USD per troy ounce,github.com/datasets/gold-prices
1872-09-01,gold,18.94,USD per troy ounce,github.com/datasets/gold-prices
1872-10-01,gold,18.94,USD per troy ounce,github.com/datasets/gold-prices
1872-11-01,gold,18.94,USD per troy ounce,github.com/datasets/gold-prices
1872-12-01,gold,18.94,USD per troy ounce,github.com/datasets/gold-prices
1873-01-01,gold,18.94,USD per troy ounce,github.com/datasets/gold-prices
1873-02-01,gold,18.94,USD per troy ounce,github.com/datasets/gold-prices
1873-03-01,gold,18.94,USD per troy ounce,github.com/datasets/gold-prices
1873-04-01,gold,18.94,USD per troy ounce,github.com/datasets/gold-prices
1873-05-01,gold,18.94,USD per troy ounce,github.com/datasets/gold-prices
1873-06-01,gold,18.94,USD per troy ounce,github.com/datasets/gold-prices
1873-07-01,gold,18.94,USD per troy ounce,github.com/datasets/gold-prices
1873-08-01,gold,18.94,USD per troy ounce,github.com/datasets/gold-prices
1873-09-01,gold,18.94,USD per troy ounce,github.com/datasets/gold-prices
1873-10-01,gold,18.94,USD per troy ounce,github.com/datasets/gold-prices
1873-11-01,gold,18.94,USD per troy ounce,github.com/datasets/gold-prices
1873-12-01,gold,18.94,USD per troy ounce,github.com/datasets/gold-prices
1874-01-01,gold,18.94,USD per troy ounce,github.com/datasets/gold-prices
1874-02-01,gold,18.94,USD per troy ounce,github.com/datasets/gold-prices
1874-03-01,gold,18.94,USD per troy ounce,github.com/datasets/gold-prices
1874-04-01,gold,18.94,USD per troy ounce,github.com/datasets/gold-prices
1874-05-01,gold,18.94,USD per troy ounce,github.com/datasets/gold-prices
1874-06-01,gold,18.94,USD per troy ounce,github.com/datasets/gold-prices
1874-07-01,gold,18.94,USD per troy ounce,github.com/datasets/gold-prices
1874-08-01,gold,18.94,USD per troy ounce,github.com/datasets/gold-prices
1874-09-01,gold,18.94,USD per troy ounce,github.com/datasets/gold-prices
1874-10-01,gold,18.94,USD per troy ounce,github.com/datasets/gold-prices
1874-11-01,gold,18.94,USD per troy ounce,github.com/datasets/gold-prices
1874-12-01,gold,18.94,USD per troy ounce,github.com/datasets/gold-prices
1875-01-01,gold,18.94,USD per troy ounce,github.com/datasets/gold-prices
1875-02-01,gold,18.94,USD per troy ounce,github.com/datasets/gold-prices
1875-03-01,gold,18.94,USD per troy ounce,github.com/datasets/gold-prices
1875-04-01,gold,18.94,USD per troy ounce,github.com/datasets/gold-prices
1875-05-01,gold,18.94,USD per troy ounce,github.com/datasets/gold-prices
1875-06-01,gold,18.94,USD per troy ounce,github.com/datasets/gold-prices
1875-07-01,gold,18.94,USD per troy ounce,github.com/datasets/gold-prices
1875-08-01,gold,18.94,USD per troy ounce,github.com/datasets/gold-prices
1875-09-01,gold,18.94,USD per troy ounce,github.com/datasets/gold-prices
1875-10-01,gold,18.94,USD per troy ounce,github.com/datasets/gold-prices
1875-11-01,gold,18.94,USD per troy ounce,github.com/datasets/gold-prices
1875-12-01,gold,18.94,USD per troy ounce,github.com/datasets/gold-prices
1876-01-01,gold,18.94,USD per troy ounce,github.com/datasets/gold-prices
1876-02-01,gold,18.94,USD per troy ounce,github.com/datasets/gold-prices
1876-03-01,gold,18.94,USD per troy ounce,github.com/datasets/gold-prices
1876-04-01,gold,18.94,USD per troy ounce,github.com/datasets/gold-prices
1876-05-01,gold,18.94,USD per troy ounce,github.com/datasets/gold-prices
1876-06-01,gold,18.94,USD per troy ounce,github.com/datasets/gold-prices
1876-07-01,gold,18.94,USD per troy ounce,github.com/datasets/gold-prices
1876-08-01,gold,18.94,USD per troy ounce,github.com/datasets/gold-prices
1876-09-01,gold,18.94,USD per troy ounce,github.com/datasets/gold-prices
1876-10-01,gold,18.94,USD per troy ounce,github.com/datasets/gold-prices
1876-11-01,gold,18.94,USD per troy ounce,github.com/datasets/gold-prices
1876-12-01,gold,18.94,USD per troy ounce,github.com/datasets/gold-prices
1877-01-01,gold,18.94,USD per troy ounce,github.com/datasets/gold-prices
1877-02-01,gold,18.94,USD per troy ounce,github.com/datasets/gold-prices
1877-03-01,gold,18.94,USD per troy ounce,github.com/datasets/gold-prices
1877-04-01,gold,18.94,USD per troy ounce,github.com/datasets/gold-prices
1877-05-01,gold,18.94,USD per troy ounce,github.com/datasets/gold-prices
1877-06-01,gold,18.94,USD per troy ounce,github.com/datasets/gold-prices
1877-07-01,gold,18.94,USD per troy ounce,github.com/datasets/gold-prices
1877-08-01,gold,18.94,USD per troy ounce,github.com/datasets/gold-prices
1877-09-01,gold,18.94,USD per troy ounce,github.com/datasets/gold-prices
1877-10-01,gold,18.94,USD per troy ounce,github.com/datasets/gold-prices
1877-11-01,gold,18.94,USD per troy ounce,github.com/datasets/gold-prices
1877-12-01,gold,18.94,USD per troy ounce,github.com/datasets/gold-prices
1878-01-01,gold,18.94,USD per troy ounce,github.com/datasets/gold-prices
1878-02-01,gold,18.94,USD per troy ounce,github.com/datasets/gold-prices
1878-03-01,gold,18.94,USD per troy ounce,github.com/datasets/gold-prices
1878-04-01,gold,18.94,USD per troy ounce,github.com/datasets/gold-prices
1878-05-01,gold,18.94,USD per troy ounce,github.com/datasets/gold-prices
1878-06-01,gold,18.94,USD per troy ounce,github.com/datasets/gold-prices
1878-07-01,gold,18.94,USD per troy ounce,github.com/datasets/gold-prices
1878-08-01,gold,18.94,USD per troy ounce,github.com/datasets/gold-prices
1878-09-01,gold,18.94,USD per troy ounce,github.com/datasets/gold-prices
1878-10-01,gold,18.94,USD per troy ounce,github.com/datasets/gold-prices
1878-11-01,gold,18.94,USD per troy ounce,github.com/datasets/gold-prices
1878-12-01,gold,18.94,USD per troy ounce,github.com/datasets/gold-prices
1879-01-01,gold,18.94,USD per troy ounce,github.com/datasets/gold-prices
1879-02-01,gold,18.94,USD per troy ounce,github.com/datasets/gold-prices
1879-03-01,gold,18.94,USD per troy ounce,github.com/datasets/gold-prices
1879-04-01,gold,18.94,USD per troy ounce,github.com/datasets/gold-prices
1879-05-01,gold,18.94,USD per troy ounce,github.com/datasets/gold-prices
1879-06-01,gold,18.94,USD per troy ounce,github.com/datasets/gold-prices
1879-07-01,gold,18.94,USD per troy ounce,github.com/datasets/gold-prices
1879-08-01,gold,18.94,USD per troy ounce,github.com/datasets/gold-prices
1879-09-01,gold,18.94,USD per troy ounce,github.com/datasets/gold-prices
1879-10-01,gold,18.94,USD per troy ounce,github.com/datasets/gold-prices
1879-11-01,gold,18.94,USD per troy ounce,github.com/datasets/gold-prices
1879-12-01,gold,18.94,USD per troy ounce,github.com/datasets/gold-prices
1880-01-01,gold,18.94,USD per troy ounce,github.com/datasets/gold-prices
1880-02-01,gold,18.94,USD per troy ounce,github.com/datasets/gold-prices
1880-03-01,gold,18.94,USD per troy ounce,github.com/datasets/gold-prices
1880-04-01,gold,18.94,USD per troy ounce,github.com/datasets/gold-prices
1880-05-01,gold,18.94,USD per troy ounce,github.com/datasets/gold-prices
1880-06-01,gold,18.94,USD per troy ounce,github.com/datasets/gold-prices
1880-07-01,gold,18.94,USD per troy ounce,github.com/datasets/gold-prices
1880-08-01,gold,18.94,USD per troy ounce,github.com/datasets/gold-prices
1880-09-01,gold,18.94,USD per troy ounce,github.com/datasets/gold-prices
1880-10-01,gold,18.94,USD per troy ounce,github.com/datasets/gold-prices
1880-11-01,gold,18.94,USD per troy ounce,github.com/datasets/gold-prices
1880-12-01,gold,18.94,USD per troy ounce,github.com/datasets/gold-prices
1881-01-01,gold,18.94,USD per troy ounce,github.com/datasets/gold-prices
1881-02-01,gold,18.94,USD per troy ounce,github.com/datasets/gold-prices
1881-03-01,gold,18.94,USD per troy ounce,github.com/datasets/gold-prices
1881-04-01,gold,18.94,USD per troy ounce,github.com/datasets/gold-prices
1881-05-01,gold,18.94,USD per troy ounce,github.com/datasets/gold-prices
1881-06-01,gold,18.94,USD per troy ounce,github.com/datasets/gold-prices
1881-07-01,gold,18.94,USD per troy ounce,github.com/datasets/gold-prices
1881-08-01,gold,18.94,USD per troy ounce,github.com/datasets/gold-prices
1881-09-01,gold,18.94,USD per troy ounce,github.com/datasets/gold-prices
1881-10-01,gold,18.94,USD per troy ounce,github.com/datasets/gold-prices
1881-11-01,gold,18.94,USD per troy ounce,github.com/datasets/gold-prices
1881-12-01,gold,18.94,USD per troy ounce,github.com/datasets/gold-prices
1882-01-01,gold,18.94,USD per troy ounce,github.com/datasets/gold-prices
1882-02-01,gold,18.94,USD per troy ounce,github.com/datasets/gold-prices
1882-03-01,gold,18.94,USD per troy ounce,github.com/datasets/gold-prices
1882-04-01,gold,18.94,USD per troy ounce,github.com/datasets/gold-prices
1882-05-01,gold,18.94,USD per troy ounce,github.com/datasets/gold-prices
1882-06-01,gold,18.94,USD per troy ounce,github.com/datasets/gold-prices
1882-07-01,gold,18.94,USD per troy ounce,github.com/datasets/gold-prices
1882-08-01,gold,18.94,USD per troy ounce,github.com/datasets/gold-prices
1882-09-01,gold,18.94,USD per troy ounce,github.com/datasets/gold-prices
1882-10-01,gold,18.94,USD per troy ounce,github.com/datasets/gold-prices
1882-11-01,gold,18.94,USD per troy ounce,github.com/datasets/gold-prices
1882-12-01,gold,18.94,USD per troy ounce,github.com/datasets/gold-prices
1883-01-01,gold,18.94,USD per troy ounce,github.com/datasets/gold-prices
1883-02-01,gold,18.94,USD per troy ounce,github.com/datasets/gold-prices
1883-03-01,gold,18.94,USD per troy ounce,github.com/datasets/gold-prices
1883-04-01,gold,18.94,USD per troy ounce,github.com/datasets/gold-prices
1883-05-01,gold,18.94,USD per troy ounce,github.com/datasets/gold-prices
1883-06-01,gold,18.94,USD per troy ounce,github.com/datasets/gold-prices
1883-07-01,gold,18.94,USD per troy ounce,github.com/datasets/gold-prices
1883-08-01,gold,18.94,USD per troy ounce,github.com/datasets/gold-prices
1883-09-01,gold,18.94,USD per troy ounce,github.com/datasets/gold-prices
1883-10-01,gold,18.94,USD per troy ounce,github.com/datasets/gold-prices
1883-11-01,gold,18.94,USD per troy ounce,github.com/datasets/gold-prices
1883-12-01,gold,18.94,USD per troy ounce,github.com/datasets/gold-prices
1884-01-01,gold,18.94,USD per troy ounce,github.com/datasets/gold-prices
1884-02-01,gold,18.94,USD per troy ounce,github.com/datasets/gold-prices
1884-03-01,gold,18.94,USD per troy ounce,github.com/datasets/gold-prices
1884-04-01,gold,18.94,USD per troy ounce,github.com/datasets/gold-prices
1884-05-01,gold,18.94,USD per troy ounce,github.com/datasets/gold-prices
1884-06-01,gold,18.94,USD per troy ounce,github.com/datasets/gold-prices
1884-07-01,gold,18.94,USD per troy ounce,github.com/datasets/gold-prices
1884-08-01,gold,18.94,USD per troy ounce,github.com/datasets/gold-prices
1884-09-01,gold,18.94,USD per troy ounce,github.com/datasets/gold-prices
1884-10-01,gold,18.94,USD per troy ounce,github.com/datasets/gold-prices
1884-11-01,gold,18.94,USD per troy ounce,github.com/datasets/gold-prices
1884-12-01,gold,18.94,USD per troy ounce,github.com/datasets/gold-prices
1885-01-01,gold,18.94,USD per troy ounce,github.com/datasets/gold-prices
1885-02-01,gold,18.94,USD per troy ounce,github.com/datasets/gold-prices
1885-03-01,gold,18.94,USD per troy ounce,github.com/datasets/gold-prices
1885-04-01,gold,18.94,USD per troy ounce,github.com/datasets/gold-prices
1885-05-01,gold,18.94,USD per troy ounce,github.com/datasets/gold-prices
1885-06-01,gold,18.94,USD per troy ounce,github.com/datasets/gold-prices
1885-07-01,gold,18.94,USD per troy ounce,github.com/datasets/gold-prices
1885-08-01,gold,18.94,USD per troy ounce,github.com/datasets/gold-prices
1885-09-01,gold,18.94,USD per troy ounce,github.com/datasets/gold-prices
1885-10-01,gold,18.94,USD per troy ounce,github.com/datasets/gold-prices
1885-11-01,gold,18.94,USD per troy ounce,github.com/datasets/gold-prices
1885-12-01,gold,18.94,USD per troy ounce,github.com/datasets/gold-prices
1886-01-01,gold,18.94,USD per troy ounce,github.com/datasets/gold-prices
1886-02-01,gold,18.94,USD per troy ounce,github.com/datasets/gold-prices
1886-03-01,gold,18.94,USD per troy ounce,github.com/datasets/gold-prices
1886-04-01,gold,18.94,USD per troy ounce,github.com/datasets/gold-prices
1886-05-01,gold,18.94,USD per troy ounce,github.com/datasets/gold-prices
1886-06-01,gold,18.94,USD per troy ounce,github.com/datasets/gold-prices
1886-07-01,gold,18.94,USD per troy ounce,github.com/datasets/gold-prices
1886-08-01,gold,18.94,USD per troy ounce,github.com/datasets/gold-prices
1886-09-01,gold,18.94,USD per troy ounce,github.com/datasets/gold-prices
1886-10-01,gold,18.94,USD per troy ounce,github.com/datasets/gold-prices
1886-11-01,gold,18.94,USD per troy ounce,github.com/datasets/gold-prices
1886-12-01,gold,18.94,USD per troy ounce,github.com/datasets/gold-prices
1887-01-01,gold,18.94,USD per troy ounce,github.com/datasets/gold-prices
1887-02-01,gold,18.94,USD per troy ounce,github.com/datasets/gold-prices
1887-03-01,gold,18.94,USD per troy ounce,github.com/datasets/gold-prices
1887-04-01,gold,18.94,USD per troy ounce,github.com/datasets/gold-prices
1887-05-01,gold,18.94,USD per troy ounce,github.com/datasets/gold-prices
1887-06-01,gold,18.94,USD per troy ounce,github.com/datasets/gold-prices
1887-07-01,gold,18.94,USD per troy ounce,github.com/datasets/gold-prices
1887-08-01,gold,18.94,USD per troy ounce,github.com/datasets/gold-prices
1887-09-01,gold,18.94,USD per troy ounce,github.com/datasets/gold-prices
1887-10-01,gold,18.94,USD per troy ounce,github.com/datasets/gold-prices
1887-11-01,gold,18.94,USD per troy ounce,github.com/datasets/gold-prices
1887-12-01,gold,18.94,USD per troy ounce,github.com/datasets/gold-prices
1888-01-01,gold,18.94,USD per troy ounce,github.com/datasets/gold-prices
1888-02-01,gold,18.94,USD per troy ounce,github.com/datasets/gold-prices
1888-03-01,gold,18.94,USD per troy ounce,github.com/datasets/gold-prices
1888-04-01,gold,18.94,USD per troy ounce,github.com/datasets/gold-prices
1888-05-01,gold,18.94,USD per troy ounce,github.com/datasets/gold-prices
1888-06-01,gold,18.94,USD per troy ounce,github.com/datasets/gold-prices
1888-07-01,gold,18.94,USD per troy ounce,github.com/datasets/gold-prices
1888-08-01,gold,18.94,USD per troy ounce,github.com/datasets/gold-prices
1888-09-01,gold,18.94,USD per troy ounce,github.com/datasets/gold-prices
1888-10-01,gold,18.94,USD per troy ounce,github.com/datasets/gold-prices
1888-11-01,gold,18.94,USD per troy ounce,github.com/datasets/gold-prices
1888-12-01,gold,18.94,USD per troy ounce,github.com/datasets/gold-prices
1889-01-01,gold,18.93,USD per troy ounce,github.com/datasets/gold-prices
1889-02-01,gold,18.93,USD per troy ounce,github.com/datasets/gold-prices
1889-03-01,gold,18.93,USD per troy ounce,github.com/datasets/gold-prices
1889-04-01,gold,18.93,USD per troy ounce,github.com/datasets/gold-prices
1889-05-01,gold,18.93,USD per troy ounce,github.com/datasets/gold-prices
1889-06-01,gold,18.93,USD per troy ounce,github.com/datasets/gold-prices
1889-07-01,gold,18.93,USD per troy ounce,github.com/datasets/gold-prices
1889-08-01,gold,18.93,USD per troy ounce,github.com/datasets/gold-prices
1889-09-01,gold,18.93,USD per troy ounce,github.com/datasets/gold-prices
1889-10-01,gold,18.93,USD per troy ounce,github.com/datasets/gold-prices
1889-11-01,gold,18.93,USD per troy ounce,github.com/datasets/gold-prices
1889-12-01,gold,18.93,USD per troy ounce,github.com/datasets/gold-prices
1890-01-01,gold,18.94,USD per troy ounce,github.com/datasets/gold-prices
1890-02-01,gold,18.94,USD per troy ounce,github.com/datasets/gold-prices
1890-03-01,gold,18.94,USD per troy ounce,github.com/datasets/gold-prices
1890-04-01,gold,18.94,USD per troy ounce,github.com/datasets/gold-prices
1890-05-01,gold,18.94,USD per troy ounce,github.com/datasets/gold-prices
1890-06-01,gold,18.94,USD per troy ounce,github.com/datasets/gold-prices
1890-07-01,gold,18.94,USD per troy ounce,github.com/datasets/gold-prices
1890-08-01,gold,18.94,USD per troy ounce,github.com/datasets/gold-prices
1890-09-01,gold,18.94,USD per troy ounce,github.com/datasets/gold-prices
1890-10-01,gold,18.94,USD per troy ounce,github.com/datasets/gold-prices
1890-11-01,gold,18.94,USD per troy ounce,github.com/datasets/gold-prices
1890-12-01,gold,18.94,USD per troy ounce,github.com/datasets/gold-prices
1891-01-01,gold,18.96,USD per troy ounce,github.com/datasets/gold-prices
1891-02-01,gold,18.96,USD per troy ounce,github.com/datasets/gold-prices
1891-03-01,gold,18.96,USD per troy ounce,github.com/datasets/gold-prices
1891-04-01,gold,18.96,USD per troy ounce,github.com/datasets/gold-prices
1891-05-01,gold,18.96,USD per troy ounce,github.com/datasets/gold-prices
1891-06-01,gold,18.96,USD per troy ounce,github.com/datasets/gold-prices
1891-07-01,gold,18.96,USD per troy ounce,github.com/datasets/gold-prices
1891-08-01,gold,18.96,USD per troy ounce,github.com/datasets/gold-prices
1891-09-01,gold,18.96,USD per troy ounce,github.com/datasets/gold-prices
1891-10-01,gold,18.96,USD per troy ounce,github.com/datasets/gold-prices
1891-11-01,gold,18.96,USD per troy ounce,github.com/datasets/gold-prices
1891-12-01,gold,18.96,USD per troy ounce,github.com/datasets/gold-prices
1892-01-01,gold,18.96,USD per troy ounce,github.com/datasets/gold-prices
1892-02-01,gold,18.96,USD per troy ounce,github.com/datasets/gold-prices
1892-03-01,gold,18.96,USD per troy ounce,github.com/datasets/gold-prices
1892-04-01,gold,18.96,USD per troy ounce,github.com/datasets/gold-prices
1892-05-01,gold,18.96,USD per troy ounce,github.com/datasets/gold-prices
1892-06-01,gold,18.96,USD per troy ounce,github.com/datasets/gold-prices
1892-07-01,gold,18.96,USD per troy ounce,github.com/datasets/gold-prices
1892-08-01,gold,18.96,USD per troy ounce,github.com/datasets/gold-prices
1892-09-01,gold,18.96,USD per troy ounce,github.com/datasets/gold-prices
1892-10-01,gold,18.96,USD per troy ounce,github.com/datasets/gold-prices
1892-11-01,gold,18.96,USD per troy ounce,github.com/datasets/gold-prices
1892-12-01,gold,18.96,USD per troy ounce,github.com/datasets/gold-prices
1893-01-01,gold,18.96,USD per troy ounce,github.com/datasets/gold-prices
1893-02-01,gold,18.96,USD per troy ounce,github.com/datasets/gold-prices
1893-03-01,gold,18.96,USD per troy ounce,github.com/datasets/gold-prices
1893-04-01,gold,18.96,USD per troy ounce,github.com/datasets/gold-prices
1893-05-01,gold,18.96,USD per troy ounce,github.com/datasets/gold-prices
1893-06-01,gold,18.96,USD per troy ounce,github.com/datasets/gold-prices
1893-07-01,gold,18.96,USD per troy ounce,github.com/datasets/gold-prices
1893-08-01,gold,18.96,USD per troy ounce,github.com/datasets/gold-prices
1893-09-01,gold,18.96,USD per troy ounce,github.com/datasets/gold-prices
1893-10-01,gold,18.96,USD per troy ounce,github.com/datasets/gold-prices
1893-11-01,gold,18.96,USD per troy ounce,github.com/datasets/gold-prices
1893-12-01,gold,18.96,USD per troy ounce,github.com/datasets/gold-prices
1894-01-01,gold,18.94,USD per troy ounce,github.com/datasets/gold-prices
1894-02-01,gold,18.94,USD per troy ounce,github.com/datasets/gold-prices
1894-03-01,gold,18.94,USD per troy ounce,github.com/datasets/gold-prices
1894-04-01,gold,18.94,USD per troy ounce,github.com/datasets/gold-prices
1894-05-01,gold,18.94,USD per troy ounce,github.com/datasets/gold-prices
1894-06-01,gold,18.94,USD per troy ounce,github.com/datasets/gold-prices
1894-07-01,gold,18.94,USD per troy ounce,github.com/datasets/gold-prices
1894-08-01,gold,18.94,USD per troy ounce,github.com/datasets/gold-prices
1894-09-01,gold,18.94,USD per troy ounce,github.com/datasets/gold-prices
1894-10-01,gold,18.94,USD per troy ounce,github.com/datasets/gold-prices
1894-11-01,gold,18.94,USD per troy ounce,github.com/datasets/gold-prices
1894-12-01,gold,18.94,USD per troy ounce,github.com/datasets/gold-prices
1895-01-01,gold,18.93,USD per troy ounce,github.com/datasets/gold-prices
1895-02-01,gold,18.93,USD per troy ounce,github.com/datasets/gold-prices
1895-03-01,gold,18.93,USD per troy ounce,github.com/datasets/gold-prices
1895-04-01,gold,18.93,USD per troy ounce,github.com/datasets/gold-prices
1895-05-01,gold,18.93,USD per troy ounce,github.com/datasets/gold-prices
1895-06-01,gold,18.93,USD per troy ounce,github.com/datasets/gold-prices
1895-07-01,gold,18.93,USD per troy ounce,github.com/datasets/gold-prices
1895-08-01,gold,18.93,USD per troy ounce,github.com/datasets/gold-prices
1895-09-01,gold,18.93,USD per troy ounce,github.com/datasets/gold-prices
1895-10-01,gold,18.93,USD per troy ounce,github.com/datasets/gold-prices
1895-11-01,gold,18.93,USD per troy ounce,github.com/datasets/gold-prices
1895-12-01,gold,18.93,USD per troy ounce,github.com/datasets/gold-prices
1896-01-01,gold,18.98,USD per troy ounce,github.com/datasets/gold-prices
1896-02-01,gold,18.98,USD per troy ounce,github.com/datasets/gold-prices
1896-03-01,gold,18.98,USD per troy ounce,github.com/datasets/gold-prices
1896-04-01,gold,18.98,USD per troy ounce,github.com/datasets/gold-prices
1896-05-01,gold,18.98,USD per troy ounce,github.com/datasets/gold-prices
1896-06-01,gold,18.98,USD per troy ounce,github.com/datasets/gold-prices
1896-07-01,gold,18.98,USD per troy ounce,github.com/datasets/gold-prices
1896-08-01,gold,18.98,USD per troy ounce,github.com/datasets/gold-prices
1896-09-01,gold,18.98,USD per troy ounce,github.com/datasets/gold-prices
1896-10-01,gold,18.98,USD per troy ounce,github.com/datasets/gold-prices
1896-11-01,gold,18.98,USD per troy ounce,github.com/datasets/gold-prices
1896-12-01,gold,18.98,USD per troy ounce,github.com/datasets/gold-prices
1897-01-01,gold,18.98,USD per troy ounce,github.com/datasets/gold-prices
1897-02-01,gold,18.98,USD per troy ounce,github.com/datasets/gold-prices
1897-03-01,gold,18.98,USD per troy ounce,github.com/datasets/gold-prices
1897-04-01,gold,18.98,USD per troy ounce,github.com/datasets/gold-prices
1897-05-01,gold,18.98,USD per troy ounce,github.com/datasets/gold-prices
1897-06-01,gold,18.98,USD per troy ounce,github.com/datasets/gold-prices
1897-07-01,gold,18.98,USD per troy ounce,github.com/datasets/gold-prices
1897-08-01,gold,18.98,USD per troy ounce,github.com/datasets/gold-prices
1897-09-01,gold,18.98,USD per troy ounce,github.com/datasets/gold-prices
1897-10-01,gold,18.98,USD per troy ounce,github.com/datasets/gold-prices
1897-11-01,gold,18.98,USD per troy ounce,github.com/datasets/gold-prices
1897-12-01,gold,18.98,USD per troy ounce,github.com/datasets/gold-prices
1898-01-01,gold,18.98,USD per troy ounce,github.com/datasets/gold-prices
1898-02-01,gold,18.98,USD per troy ounce,github.com/datasets/gold-prices
1898-03-01,gold,18.98,USD per troy ounce,github.com/datasets/gold-prices
1898-04-01,gold,18.98,USD per troy ounce,github.com/datasets/gold-prices
1898-05-01,gold,18.98,USD per troy ounce,github.com/datasets/gold-prices
1898-06-01,gold,18.98,USD per troy ounce,github.com/datasets/gold-prices
1898-07-01,gold,18.98,USD per troy ounce,github.com/datasets/gold-prices
1898-08-01,gold,18.98,USD per troy ounce,github.com/datasets/gold-prices
1898-09-01,gold,18.98,USD per troy ounce,github.com/datasets/gold-prices
1898-10-01,gold,18.98,USD per troy ounce,github.com/datasets/gold-prices
1898-11-01,gold,18.98,USD per troy ounce,github.com/datasets/gold-prices
1898-12-01,gold,18.98,USD per troy ounce,github.com/datasets/gold-prices
1899-01-01,gold,18.94,USD per troy ounce,github.com/datasets/gold-prices
1899-02-01,gold,18.94,USD per troy ounce,github.com/datasets/gold-prices
1899-03-01,gold,18.94,USD per troy ounce,github.com/datasets/gold-prices
1899-04-01,gold,18.94,USD per troy ounce,github.com/datasets/gold-prices
1899-05-01,gold,18.94,USD per troy ounce,github.com/datasets/gold-prices
1899-06-01,gold,18.94,USD per troy ounce,github.com/datasets/gold-prices
1899-07-01,gold,18.94,USD per troy ounce,github.com/datasets/gold-prices
1899-08-01,gold,18.94,USD per troy ounce,github.com/datasets/gold-prices
1899-09-01,gold,18.94,USD per troy ounce,github.com/datasets/gold-prices
1899-10-01,gold,18.94,USD per troy ounce,github.com/datasets/gold-prices
1899-11-01,gold,18.94,USD per troy ounce,github.com/datasets/gold-prices
1899-12-01,gold,18.94,USD per troy ounce,github.com/datasets/gold-prices
1900-01-01,gold,18.96,USD per troy ounce,github.com/datasets/gold-prices
1900-02-01,gold,18.96,USD per troy ounce,github.com/datasets/gold-prices
1900-03-01,gold,18.96,USD per troy ounce,github.com/datasets/gold-prices
1900-04-01,gold,18.96,USD per troy ounce,github.com/datasets/gold-prices
1900-05-01,gold,18.96,USD per troy ounce,github.com/datasets/gold-prices
1900-06-01,gold,18.96,USD per troy ounce,github.com/datasets/gold-prices
1900-07-01,gold,18.96,USD per troy ounce,github.com/datasets/gold-prices
1900-08-01,gold,18.96,USD per troy ounce,github.com/datasets/gold-prices
1900-09-01,gold,18.96,USD per troy ounce,github.com/datasets/gold-prices
1900-10-01,gold,18.96,USD per troy ounce,github.com/datasets/gold-prices
1900-11-01,gold,18.96,USD per troy ounce,github.com/datasets/gold-prices
1900-12-01,gold,18.96,USD per troy ounce,github.com/datasets/gold-prices
1901-01-01,gold,18.98,USD per troy ounce,github.com/datasets/gold-prices
1901-02-01,gold,18.98,USD per troy ounce,github.com/datasets/gold-prices
1901-03-01,gold,18.98,USD per troy ounce,github.com/datasets/gold-prices
1901-04-01,gold,18.98,USD per troy ounce,github.com/datasets/gold-prices
1901-05-01,gold,18.98,USD per troy ounce,github.com/datasets/gold-prices
1901-06-01,gold,18.98,USD per troy ounce,github.com/datasets/gold-prices
1901-07-01,gold,18.98,USD per troy ounce,github.com/datasets/gold-prices
1901-08-01,gold,18.98,USD per troy ounce,github.com/datasets/gold-prices
1901-09-01,gold,18.98,USD per troy ounce,github.com/datasets/gold-prices
1901-10-01,gold,18.98,USD per troy ounce,github.com/datasets/gold-prices
1901-11-01,gold,18.98,USD per troy ounce,github.com/datasets/gold-prices
1901-12-01,gold,18.98,USD per troy ounce,github.com/datasets/gold-prices
1902-01-01,gold,18.97,USD per troy ounce,github.com/datasets/gold-prices
1902-02-01,gold,18.97,USD per troy ounce,github.com/datasets/gold-prices
1902-03-01,gold,18.97,USD per troy ounce,github.com/datasets/gold-prices
1902-04-01,gold,18.97,USD per troy ounce,github.com/datasets/gold-prices
1902-05-01,gold,18.97,USD per troy ounce,github.com/datasets/gold-prices
1902-06-01,gold,18.97,USD per troy ounce,github.com/datasets/gold-prices
1902-07-01,gold,18.97,USD per troy ounce,github.com/datasets/gold-prices
1902-08-01,gold,18.97,USD per troy ounce,github.com/datasets/gold-prices
1902-09-01,gold,18.97,USD per troy ounce,github.com/datasets/gold-prices
1902-10-01,gold,18.97,USD per troy ounce,github.com/datasets/gold-prices
1902-11-01,gold,18.97,USD per troy ounce,github.com/datasets/gold-prices
1902-12-01,gold,18.97,USD per troy ounce,github.com/datasets/gold-prices
1903-01-01,gold,18.95,USD per troy ounce,github.com/datasets/gold-prices
1903-02-01,gold,18.95,USD per troy ounce,github.com/datasets/gold-prices
1903-03-01,gold,18.95,USD per troy ounce,github.com/datasets/gold-prices
1903-04-01,gold,18.95,USD per troy ounce,github.com/datasets/gold-prices
1903-05-01,gold,18.95,USD per troy ounce,github.com/datasets/gold-prices
1903-06-01,gold,18.95,USD per troy ounce,github.com/datasets/gold-prices
1903-07-01,gold,18.95,USD per troy ounce,github.com/datasets/gold-prices
1903-08-01,gold,18.95,USD per troy ounce,github.com/datasets/gold-prices
1903-09-01,gold,18.95,USD per troy ounce,github.com/datasets/gold-prices
1903-10-01,gold,18.95,USD per troy ounce,github.com/datasets/gold-prices
1903-11-01,gold,18.95,USD per troy ounce,github.com/datasets/gold-prices
1903-12-01,gold,18.95,USD per troy ounce,github.com/datasets/gold-prices
1904-01-01,gold,18.96,USD per troy ounce,github.com/datasets/gold-prices
1904-02-01,gold,18.96,USD per troy ounce,github.com/datasets/gold-prices
1904-03-01,gold,18.96,USD per troy ounce,github.com/datasets/gold-prices
1904-04-01,gold,18.96,USD per troy ounce,github.com/datasets/gold-prices
1904-05-01,gold,18.96,USD per troy ounce,github.com/datasets/gold-prices
1904-06-01,gold,18.96,USD per troy ounce,github.com/datasets/gold-prices
1904-07-01,gold,18.96,USD per troy ounce,github.com/datasets/gold-prices
1904-08-01,gold,18.96,USD per troy ounce,github.com/datasets/gold-prices
1904-09-01,gold,18.96,USD per troy ounce,github.com/datasets/gold-prices
1904-10-01,gold,18.96,USD per troy ounce,github.com/datasets/gold-prices
1904-11-01,gold,18.96,USD per troy ounce,github.com/datasets/gold-prices
1904-12-01,gold,18.96,USD per troy ounce,github.com/datasets/gold-prices
1905-01-01,gold,18.92,USD per troy ounce,github.com/datasets/gold-prices
1905-02-01,gold,18.92,USD per troy ounce,github.com/datasets/gold-prices
1905-03-01,gold,18.92,USD per troy ounce,github.com/datasets/gold-prices
1905-04-01,gold,18.92,USD per troy ounce,github.com/datasets/gold-prices
1905-05-01,gold,18.92,USD per troy ounce,github.com/datasets/gold-prices
1905-06-01,gold,18.92,USD per troy ounce,github.com/datasets/gold-prices
1905-07-01,gold,18.92,USD per troy ounce,github.com/datasets/gold-prices
1905-08-01,gold,18.92,USD per troy ounce,github.com/datasets/gold-prices
1905-09-01,gold,18.92,USD per troy ounce,github.com/datasets/gold-prices
1905-10-01,gold,18.92,USD per troy ounce,github.com/datasets/gold-prices
1905-11-01,gold,18.92,USD per troy ounce,github.com/datasets/gold-prices
1905-12-01,gold,18.92,USD per troy ounce,github.com/datasets/gold-prices
1906-01-01,gold,18.9,USD per troy ounce,github.com/datasets/gold-prices
1906-02-01,gold,18.9,USD per troy ounce,github.com/datasets/gold-prices
1906-03-01,gold,18.9,USD per troy ounce,github.com/datasets/gold-prices
1906-04-01,gold,18.9,USD per troy ounce,github.com/datasets/gold-prices
1906-05-01,gold,18.9,USD per troy ounce,github.com/datasets/gold-prices
1906-06-01,gold,18.9,USD per troy ounce,github.com/datasets/gold-prices
1906-07-01,gold,18.9,USD per troy ounce,github.com/datasets/gold-prices
1906-08-01,gold,18.9,USD per troy ounce,github.com/datasets/gold-prices
1906-09-01,gold,18.9,USD per troy ounce,github.com/datasets/gold-prices
1906-10-01,gold,18.9,USD per troy ounce,github.com/datasets/gold-prices
1906-11-01,gold,18.9,USD per troy ounce,github.com/datasets/gold-prices
1906-12-01,gold,18.9,USD per troy ounce,github.com/datasets/gold-prices
1907-01-01,gold,18.94,USD per troy ounce,github.com/datasets/gold-prices
1907-02-01,gold,18.94,USD per troy ounce,github.com/datasets/gold-prices
1907-03-01,gold,18.94,USD per troy ounce,github.com/datasets/gold-prices
1907-04-01,gold,18.94,USD per troy ounce,github.com/datasets/gold-prices
1907-05-01,gold,18.94,USD per troy ounce,github.com/datasets/gold-prices
1907-06-01,gold,18.94,USD per troy ounce,github.com/datasets/gold-prices
1907-07-01,gold,18.94,USD per troy ounce,github.com/datasets/gold-prices
1907-08-01,gold,18.94,USD per troy ounce,github.com/datasets/gold-prices
1907-09-01,gold,18.94,USD per troy ounce,github.com/datasets/gold-prices
1907-10-01,gold,18.94,USD per troy ounce,github.com/datasets/gold-prices
1907-11-01,gold,18.94,USD per troy ounce,github.com/datasets/gold-prices
1907-12-01,gold,18.94,USD per troy ounce,github.com/datasets/gold-prices
1908-01-01,gold,18.95,USD per troy ounce,github.com/datasets/gold-prices
1908-02-01,gold,18.95,USD per troy ounce,github.com/datasets/gold-prices
1908-03-01,gold,18.95,USD per troy ounce,github.com/datasets/gold-prices
1908-04-01,gold,18.95,USD per troy ounce,github.com/datasets/gold-prices
1908-05-01,gold,18.95,USD per troy ounce,github.com/datasets/gold-prices
1908-06-01,gold,18.95,USD per troy ounce,github.com/datasets/gold-prices
1908-07-01,gold,18.95,USD per troy ounce,github.com/datasets/gold-prices
1908-08-01,gold,18.95,USD per troy ounce,github.com/datasets/gold-prices
1908-09-01,gold,18.95,USD per troy ounce,github.com/datasets/gold-prices
1908-10-01,gold,18.95,USD per troy ounce,github.com/datasets/gold-prices
1908-11-01,gold,18.95,USD per troy ounce,github.com/datasets/gold-prices
1908-12-01,gold,18.95,USD per troy ounce,github.com/datasets/gold-prices
1909-01-01,gold,18.96,USD per troy ounce,github.com/datasets/gold-prices
1909-02-01,gold,18.96,USD per troy ounce,github.com/datasets/gold-prices
1909-03-01,gold,18.96,USD per troy ounce,github.com/datasets/gold-prices
1909-04-01,gold,18.96,USD per troy ounce,github.com/datasets/gold-prices
1909-05-01,gold,18.96,USD per troy ounce,github.com/datasets/gold-prices
1909-06-01,gold,18.96,USD per troy ounce,github.com/datasets/gold-prices
1909-07-01,gold,18.96,USD per troy ounce,github.com/datasets/gold-prices
1909-08-01,gold,18.96,USD per troy ounce,github.com/datasets/gold-prices
1909-09-01,gold,18.96,USD per troy ounce,github.com/datasets/gold-prices
1909-10-01,gold,18.96,USD per troy ounce,github.com/datasets/gold-prices
1909-11-01,gold,18.96,USD per troy ounce,github.com/datasets/gold-prices
1909-12-01,gold,18.96,USD per troy ounce,github.com/datasets/gold-prices
1910-01-01,gold,18.92,USD per troy ounce,github.com/datasets/gold-prices
1910-02-01,gold,18.92,USD per troy ounce,github.com/datasets/gold-prices
1910-03-01,gold,18.92,USD per troy ounce,github.com/datasets/gold-prices
1910-04-01,gold,18.92,USD per troy ounce,github.com/datasets/gold-prices
1910-05-01,gold,18.92,USD per troy ounce,github.com/datasets/gold-prices
1910-06-01,gold,18.92,USD per troy ounce,github.com/datasets/gold-prices
1910-07-01,gold,18.92,USD per troy ounce,github.com/datasets/gold-prices
1910-08-01,gold,18.92,USD per troy ounce,github.com/datasets/gold-prices
1910-09-01,gold,18.92,USD per troy ounce,github.com/datasets/gold-prices
1910-10-01,gold,18.92,USD per troy ounce,github.com/datasets/gold-prices
1910-11-01,gold,18.92,USD per troy ounce,github.com/datasets/gold-prices
1910-12-01,gold,18.92,USD per troy ounce,github.com/datasets/gold-prices
1911-01-01,gold,18.92,USD per troy ounce,github.com/datasets/gold-prices
1911-02-01,gold,18.92,USD per troy ounce,github.com/datasets/gold-prices
1911-03-01,gold,18.92,USD per troy ounce,github.com/datasets/gold-prices
1911-04-01,gold,18.92,USD per troy ounce,github.com/datasets/gold-prices
1911-05-01,gold,18.92,USD per troy ounce,github.com/datasets/gold-prices
1911-06-01,gold,18.92,USD per troy ounce,github.com/datasets/gold-prices
1911-07-01,gold,18.92,USD per troy ounce,github.com/datasets/gold-prices
1911-08-01,gold,18.92,USD per troy ounce,github.com/datasets/gold-prices
1911-09-01,gold,18.92,USD per troy ounce,github.com/datasets/gold-prices
1911-10-01,gold,18.92,USD per troy ounce,github.com/datasets/gold-prices
1911-11-01,gold,18.92,USD per troy ounce,github.com/datasets/gold-prices
1911-12-01,gold,18.92,USD per troy ounce,github.com/datasets/gold-prices
1912-01-01,gold,18.93,USD per troy ounce,github.com/datasets/gold-prices
1912-02-01,gold,18.93,USD per troy ounce,github.com/datasets/gold-prices
1912-03-01,gold,18.93,USD per troy ounce,github.com/datasets/gold-prices
1912-04-01,gold,18.93,USD per troy ounce,github.com/datasets/gold-prices
1912-05-01,gold,18.93,USD per troy ounce,github.com/datasets/gold-prices
1912-06-01,gold,18.93,USD per troy ounce,github.com/datasets/gold-prices
1912-07-01,gold,18.93,USD per troy ounce,github.com/datasets/gold-prices
1912-08-01,gold,18.93,USD per troy ounce,github.com/datasets/gold-prices
1912-09-01,gold,18.93,USD per troy ounce,github.com/datasets/gold-prices
1912-10-01,gold,18.93,USD per troy ounce,github.com/datasets/gold-prices
1912-11-01,gold,18.93,USD per troy ounce,github.com/datasets/gold-prices
1912-12-01,gold,18.93,USD per troy ounce,github.com/datasets/gold-prices
1913-01-01,gold,18.92,USD per troy ounce,github.com/datasets/gold-prices
1913-02-01,gold,18.92,USD per troy ounce,github.com/datasets/gold-prices
1913-03-01,gold,18.92,USD per troy ounce,github.com/datasets/gold-prices
1913-04-01,gold,18.92,USD per troy ounce,github.com/datasets/gold-prices
1913-05-01,gold,18.92,USD per troy ounce,github.com/datasets/gold-prices
1913-06-01,gold,18.92,USD per troy ounce,github.com/datasets/gold-prices
1913-07-01,gold,18.92,USD per troy ounce,github.com/datasets/gold-prices
1913-08-01,gold,18.92,USD per troy ounce,github.com/datasets/gold-prices
1913-09-01,gold,18.92,USD per troy ounce,github.com/datasets/gold-prices
1913-10-01,gold,18.92,USD per troy ounce,github.com/datasets/gold-prices
1913-11-01,gold,18.92,USD per troy ounce,github.com/datasets/gold-prices
1913-12-01,gold,18.92,USD per troy ounce,github.com/datasets/gold-prices
1914-01-01,gold,18.99,USD per troy ounce,github.com/datasets/gold-prices
1914-02-01,gold,18.99,USD per troy ounce,github.com/datasets/gold-prices
1914-03-01,gold,18.99,USD per troy ounce,github.com/datasets/gold-prices
1914-04-01,gold,18.99,USD per troy ounce,github.com/datasets/gold-prices
1914-05-01,gold,18.99,USD per troy ounce,github.com/datasets/gold-prices
1914-06-01,gold,18.99,USD per troy ounce,github.com/datasets/gold-prices
1914-07-01,gold,18.99,USD per troy ounce,github.com/datasets/gold-prices
1914-08-01,gold,18.99,USD per troy ounce,github.com/datasets/gold-prices
1914-09-01,gold,18.99,USD per troy ounce,github.com/datasets/gold-prices
1914-10-01,gold,18.99,USD per troy ounce,github.com/datasets/gold-prices
1914-11-01,gold,18.99,USD per troy ounce,github.com/datasets/gold-prices
1914-12-01,gold,18.99,USD per troy ounce,github.com/datasets/gold-prices
1915-01-01,gold,18.99,USD per troy ounce,github.com/datasets/gold-prices
1915-02-01,gold,18.99,USD per troy ounce,github.com/datasets/gold-prices
1915-03-01,gold,18.99,USD per troy ounce,github.com/datasets/gold-prices
1915-04-01,gold,18.99,USD per troy ounce,github.com/datasets/gold-prices
1915-05-01,gold,18.99,USD per troy ounce,github.com/datasets/gold-prices
1915-06-01,gold,18.99,USD per troy ounce,github.com/datasets/gold-prices
1915-07-01,gold,18.99,USD per troy ounce,github.com/datasets/gold-prices
1915-08-01,gold,18.99,USD per troy ounce,github.com/datasets/gold-prices
1915-09-01,gold,18.99,USD per troy ounce,github.com/datasets/gold-prices
1915-10-01,gold,18.99,USD per troy ounce,github.com/datasets/gold-prices
1915-11-01,gold,18.99,USD per troy ounce,github.com/datasets/gold-prices
1915-12-01,gold,18.99,USD per troy ounce,github.com/datasets/gold-prices
1916-01-01,gold,18.99,USD per troy ounce,github.com/datasets/gold-prices
1916-02-01,gold,18.99,USD per troy ounce,github.com/datasets/gold-prices
1916-03-01,gold,18.99,USD per troy ounce,github.com/datasets/gold-prices
1916-04-01,gold,18.99,USD per troy ounce,github.com/datasets/gold-prices
1916-05-01,gold,18.99,USD per troy ounce,github.com/datasets/gold-prices
1916-06-01,gold,18.99,USD per troy ounce,github.com/datasets/gold-prices
1916-07-01,gold,18.99,USD per troy ounce,github.com/datasets/gold-prices
1916-08-01,gold,18.99,USD per troy ounce,github.com/datasets/gold-prices
1916-09-01,gold,18.99,USD per troy ounce,github.com/datasets/gold-prices
1916-10-01,gold,18.99,USD per troy ounce,github.com/datasets/gold-prices
1916-11-01,gold,18.99,USD per troy ounce,github.com/datasets/gold-prices
1916-12-01,gold,18.99,USD per troy ounce,github.com/datasets/gold-prices
1917-01-01,gold,18.99,USD per troy ounce,github.com/datasets/gold-prices
1917-02-01,gold,18.99,USD per troy ounce,github.com/datasets/gold-prices
1917-03-01,gold,18.99,USD per troy ounce,github.com/datasets/gold-prices
1917-04-01,gold,18.99,USD per troy ounce,github.com/datasets/gold-prices
1917-05-01,gold,18.99,USD per troy ounce,github.com/datasets/gold-prices
1917-06-01,gold,18.99,USD per troy ounce,github.com/datasets/gold-prices
1917-07-01,gold,18.99,USD per troy ounce,github.com/datasets/gold-prices
1917-08-01,gold,18.99,USD per troy ounce,github.com/datasets/gold-prices
1917-09-01,gold,18.99,USD per troy ounce,github.com/datasets/gold-prices
1917-10-01,gold,18.99,USD per troy ounce,github.com/datasets/gold-prices
1917-11-01,gold,18.99,USD per troy ounce,github.com/datasets/gold-prices
1917-12-01,gold,18.99,USD per troy ounce,github.com/datasets/gold-prices
1918-01-01,gold,18.99,USD per troy ounce,github.com/datasets/gold-prices
1918-02-01,gold,18.99,USD per troy ounce,github.com/datasets/gold-prices
1918-03-01,gold,18.99,USD per troy ounce,github.com/datasets/gold-prices
1918-04-01,gold,18.99,USD per troy ounce,github.com/datasets/gold-prices
1918-05-01,gold,18.99,USD per troy ounce,github.com/datasets/gold-prices
1918-06-01,gold,18.99,USD per troy ounce,github.com/datasets/gold-prices
1918-07-01,gold,18.99,USD per troy ounce,github.com/datasets/gold-prices
1918-08-01,gold,18.99,USD per troy ounce,github.com/datasets/gold-prices
1918-09-01,gold,18.99,USD per troy ounce,github.com/datasets/gold-prices
1918-10-01,gold,18.99,USD per troy ounce,github.com/datasets/gold-prices
1918-11-01,gold,18.99,USD per troy ounce,github.com/datasets/gold-prices
1918-12-01,gold,18.99,USD per troy ounce,github.com/datasets/gold-prices
1919-01-01,gold,19.95,USD per troy ounce,github.com/datasets/gold-prices
1919-02-01,gold,19.95,USD per troy ounce,github.com/datasets/gold-prices
1919-03-01,gold,19.95,USD per troy ounce,github.com/datasets/gold-prices
1919-04-01,gold,19.95,USD per troy ounce,github.com/datasets/gold-prices
1919-05-01,gold,19.95,USD per troy ounce,github.com/datasets/gold-prices
1919-06-01,gold,19.95,USD per troy ounce,github.com/datasets/gold-prices
1919-07-01,gold,19.95,USD per troy ounce,github.com/datasets/gold-prices
1919-08-01,gold,19.95,USD per troy ounce,github.com/datasets/gold-prices
1919-09-01,gold,19.95,USD per troy ounce,github.com/datasets/gold-prices
1919-10-01,gold,19.95,USD per troy ounce,github.com/datasets/gold-prices
1919-11-01,gold,19.95,USD per troy ounce,github.com/datasets/gold-prices
1919-12-01,gold,19.95,USD per troy ounce,github.com/datasets/gold-prices
1920-01-01,gold,20.68,USD per troy ounce,github.com/datasets/gold-prices
1920-02-01,gold,20.68,USD per troy ounce,github.com/datasets/gold-prices
1920-03-01,gold,20.68,USD per troy ounce,github.com/datasets/gold-prices
1920-04-01,gold,20.68,USD per troy ounce,github.com/datasets/gold-prices
1920-05-01,gold,20.68,USD per troy ounce,github.com/datasets/gold-prices
1920-06-01,gold,20.68,USD per troy ounce,github.com/datasets/gold-prices
1920-07-01,gold,20.68,USD per troy ounce,github.com/datasets/gold-prices
1920-08-01,gold,20.68,USD per troy ounce,github.com/datasets/gold-prices
1920-09-01,gold,20.68,USD per troy ounce,github.com/datasets/gold-prices
1920-10-01,gold,20.68,USD per troy ounce,github.com/datasets/gold-prices
1920-11-01,gold,20.68,USD per troy ounce,github.com/datasets/gold-prices
1920-12-01,gold,20.68,USD per troy ounce,github.com/datasets/gold-prices
1921-01-01,gold,20.58,USD per troy ounce,github.com/datasets/gold-prices
1921-02-01,gold,20.58,USD per troy ounce,github.com/datasets/gold-prices
1921-03-01,gold,20.58,USD per troy ounce,github.com/datasets/gold-prices
1921-04-01,gold,20.58,USD per troy ounce,github.com/datasets/gold-prices
1921-05-01,gold,20.58,USD per troy ounce,github.com/datasets/gold-prices
1921-06-01,gold,20.58,USD per troy ounce,github.com/datasets/gold-prices
1921-07-01,gold,20.58,USD per troy ounce,github.com/datasets/gold-prices
1921-08-01,gold,20.58,USD per troy ounce,github.com/datasets/gold-prices
1921-09-01,gold,20.58,USD per troy ounce,github.com/datasets/gold-prices
1921-10-01,gold,20.58,USD per troy ounce,github.com/datasets/gold-prices
1921-11-01,gold,20.58,USD per troy ounce,github.com/datasets/gold-prices
1921-12-01,gold,20.58,USD per troy ounce,github.com/datasets/gold-prices
1922-01-01,gold,20.66,USD per troy ounce,github.com/datasets/gold-prices
1922-02-01,gold,20.66,USD per troy ounce,github.com/datasets/gold-prices
1922-03-01,gold,20.66,USD per troy ounce,github.com/datasets/gold-prices
1922-04-01,gold,20.66,USD per troy ounce,github.com/datasets/gold-prices
1922-05-01,gold,20.66,USD per troy ounce,github.com/datasets/gold-prices
1922-06-01,gold,20.66,USD per troy ounce,github.com/datasets/gold-prices
1922-07-01,gold,20.66,USD per troy ounce,github.com/datasets/gold-prices
1922-08-01,gold,20.66,USD per troy ounce,github.com/datasets/gold-prices
1922-09-01,gold,20.66,USD per troy ounce,github.com/datasets/gold-prices
1922-10-01,gold,20.66,USD per troy ounce,github.com/datasets/gold-prices
1922-11-01,gold,20.66,USD per troy ounce,github.com/datasets/gold-prices
1922-12-01,gold,20.66,USD per troy ounce,github.com/datasets/gold-prices
1923-01-01,gold,21.32,USD per troy ounce,github.com/datasets/gold-prices
1923-02-01,gold,21.32,USD per troy ounce,github.com/datasets/gold-prices
1923-03-01,gold,21.32,USD per troy ounce,github.com/datasets/gold-prices
1923-04-01,gold,21.32,USD per troy ounce,github.com/datasets/gold-prices
1923-05-01,gold,21.32,USD per troy ounce,github.com/datasets/gold-prices
1923-06-01,gold,21.32,USD per troy ounce,github.com/datasets/gold-prices
1923-07-01,gold,21.32,USD per troy ounce,github.com/datasets/gold-prices
1923-08-01,gold,21.32,USD per troy ounce,github.com/datasets/gold-prices
1923-09-01,gold,21.32,USD per troy ounce,github.com/datasets/gold-prices
1923-10-01,gold,21.32,USD per troy ounce,github.com/datasets/gold-prices
1923-11-01,gold,21.32,USD per troy ounce,github.com/datasets/gold-prices
1923-12-01,gold,21.32,USD per troy ounce,github.com/datasets/gold-prices
1924-01-01,gold,20.69,USD per troy ounce,github.com/datasets/gold-prices
1924-02-01,gold,20.69,USD per troy ounce,github.com/datasets/gold-prices
1924-03-01,gold,20.69,USD per troy ounce,github.com/datasets/gold-prices
1924-04-01,gold,20.69,USD per troy ounce,github.com/datasets/gold-prices
1924-05-01,gold,20.69,USD per troy ounce,github.com/datasets/gold-prices
1924-06-01,gold,20.69,USD per troy ounce,github.com/datasets/gold-prices
1924-07-01,gold,20.69,USD per troy ounce,github.com/datasets/gold-prices
1924-08-01,gold,20.69,USD per troy ounce,github.com/datasets/gold-prices
1924-09-01,gold,20.69,USD per troy ounce,github.com/datasets/gold-prices
1924-10-01,gold,20.69,USD per troy ounce,github.com/datasets/gold-prices
1924-11-01,gold,20.69,USD per troy ounce,github.com/datasets/gold-prices
1924-12-01,gold,20.69,USD per troy ounce,github.com/datasets/gold-prices
1925-01-01,gold,20.64,USD per troy ounce,github.com/datasets/gold-prices
1925-02-01,gold,20.64,USD per troy ounce,github.com/datasets/gold-prices
1925-03-01,gold,20.64,USD per troy ounce,github.com/datasets/gold-prices
1925-04-01,gold,20.64,USD per troy ounce,github.com/datasets/gold-prices
1925-05-01,gold,20.64,USD per troy ounce,github.com/datasets/gold-prices
1925-06-01,gold,20.64,USD per troy ounce,github.com/datasets/gold-prices
1925-07-01,gold,20.64,USD per troy ounce,github.com/datasets/gold-prices
1925-08-01,gold,20.64,USD per troy ounce,github.com/datasets/gold-prices
1925-09-01,gold,20.64,USD per troy ounce,github.com/datasets/gold-prices
1925-10-01,gold,20.64,USD per troy ounce,github.com/datasets/gold-prices
1925-11-01,gold,20.64,USD per troy ounce,github.com/datasets/gold-prices
1925-12-01,gold,20.64,USD per troy ounce,github.com/datasets/gold-prices
1926-01-01,gold,20.63,USD per troy ounce,github.com/datasets/gold-prices
1926-02-01,gold,20.63,USD per troy ounce,github.com/datasets/gold-prices
1926-03-01,gold,20.63,USD per troy ounce,github.com/datasets/gold-prices
1926-04-01,gold,20.63,USD per troy ounce,github.com/datasets/gold-prices
1926-05-01,gold,20.63,USD per troy ounce,github.com/datasets/gold-prices
1926-06-01,gold,20.63,USD per troy ounce,github.com/datasets/gold-prices
1926-07-01,gold,20.63,USD per troy ounce,github.com/datasets/gold-prices
1926-08-01,gold,20.63,USD per troy ounce,github.com/datasets/gold-prices
1926-09-01,gold,20.63,USD per troy ounce,github.com/datasets/gold-prices
1926-10-01,gold,20.63,USD per troy ounce,github.com/datasets/gold-prices
1926-11-01,gold,20.63,USD per troy ounce,github.com/datasets/gold-prices
1926-12-01,gold,20.63,USD per troy ounce,github.com/datasets/gold-prices
1927-01-01,gold,20.64,USD per troy ounce,github.com/datasets/gold-prices
1927-02-01,gold,20.64,USD per troy ounce,github.com/datasets/gold-prices
1927-03-01,gold,20.64,USD per troy ounce,github.com/datasets/gold-prices
1927-04-01,gold,20.64,USD per troy ounce,github.com/datasets/gold-prices
1927-05-01,gold,20.64,USD per troy ounce,github.com/datasets/gold-prices
1927-06-01,gold,20.64,USD per troy ounce,github.com/datasets/gold-prices
1927-07-01,gold,20.64,USD per troy ounce,github.com/datasets/gold-prices
1927-08-01,gold,20.64,USD per troy ounce,github.com/datasets/gold-prices
1927-09-01,gold,20.64,USD per troy ounce,github.com/datasets/gold-prices
1927-10-01,gold,20.64,USD per troy ounce,github.com/datasets/gold-prices
1927-11-01,gold,20.64,USD per troy ounce,github.com/datasets/gold-prices
1927-12-01,gold,20.64,USD per troy ounce,github.com/datasets/gold-prices
1928-01-01,gold,20.66,USD per troy ounce,github.com/datasets/gold-prices
1928-02-01,gold,20.66,USD per troy ounce,github.com/datasets/gold-prices
1928-03-01,gold,20.66,USD per troy ounce,github.com/datasets/gold-prices
1928-04-01,gold,20.66,USD per troy ounce,github.com/datasets/gold-prices
1928-05-01,gold,20.66,USD per troy ounce,github.com/datasets/gold-prices
1928-06-01,gold,20.66,USD per troy ounce,github.com/datasets/gold-prices
1928-07-01,gold,20.66,USD per troy ounce,github.com/datasets/gold-prices
1928-08-01,gold,20.66,USD per troy ounce,github.com/datasets/gold-prices
1928-09-01,gold,20.66,USD per troy ounce,github.com/datasets/gold-prices
1928-10-01,gold,20.66,USD per troy ounce,github.com/datasets/gold-prices
1928-11-01,gold,20.66,USD per troy ounce,github.com/datasets/gold-prices
1928-12-01,gold,20.66,USD per troy ounce,github.com/datasets/gold-prices
1929-01-01,gold,20.63,USD per troy ounce,github.com/datasets/gold-prices
1929-02-01,gold,20.63,USD per troy ounce,github.com/datasets/gold-prices
1929-03-01,gold,20.63,USD per troy ounce,github.com/datasets/gold-prices
1929-04-01,gold,20.63,USD per troy ounce,github.com/datasets/gold-prices
1929-05-01,gold,20.63,USD per troy ounce,github.com/datasets/gold-prices
1929-06-01,gold,20.63,USD per troy ounce,github.com/datasets/gold-prices
1929-07-01,gold,20.63,USD per troy ounce,github.com/datasets/gold-prices
1929-08-01,gold,20.63,USD per troy ounce,github.com/datasets/gold-prices
1929-09-01,gold,20.63,USD per troy ounce,github.com/datasets/gold-prices
1929-10-01,gold,20.63,USD per troy ounce,github.com/datasets/gold-prices
1929-11-01,gold,20.63,USD per troy ounce,github.com/datasets/gold-prices
1929-12-01,gold,20.63,USD per troy ounce,github.com/datasets/gold-prices
1930-01-01,gold,20.65,USD per troy ounce,github.com/datasets/gold-prices
1930-02-01,gold,20.65,USD per troy ounce,github.com/datasets/gold-prices
1930-03-01,gold,20.65,USD per troy ounce,github.com/datasets/gold-prices
1930-04-01,gold,20.65,USD per troy ounce,github.com/datasets/gold-prices
1930-05-01,gold,20.65,USD per troy ounce,github.com/datasets/gold-prices
1930-06-01,gold,20.65,USD per troy ounce,github.com/datasets/gold-prices
1930-07-01,gold,20.65,USD per troy ounce,github.com/datasets/gold-prices
1930-08-01,gold,20.65,USD per troy ounce,github.com/datasets/gold-prices
1930-09-01,gold,20.65,USD per troy ounce,github.com/datasets/gold-prices
1930-10-01,gold,20.65,USD per troy ounce,github.com/datasets/gold-prices
1930-11-01,gold,20.65,USD per troy ounce,github.com/datasets/gold-prices
1930-12-01,gold,20.65,USD per troy ounce,github.com/datasets/gold-prices
1931-01-01,gold,17.06,USD per troy ounce,github.com/datasets/gold-prices
1931-02-01,gold,17.06,USD per troy ounce,github.com/datasets/gold-prices
1931-03-01,gold,17.06,USD per troy ounce,github.com/datasets/gold-prices
1931-04-01,gold,17.06,USD per troy ounce,github.com/datasets/gold-prices
1931-05-01,gold,17.06,USD per troy ounce,github.com/datasets/gold-prices
1931-06-01,gold,17.06,USD per troy ounce,github.com/datasets/gold-prices
1931-07-01,gold,17.06,USD per troy ounce,github.com/datasets/gold-prices
1931-08-01,gold,17.06,USD per troy ounce,github.com/datasets/gold-prices
1931-09-01,gold,17.06,USD per troy ounce,github.com/datasets/gold-prices
1931-10-01,gold,17.06,USD per troy ounce,github.com/datasets/gold-prices
1931-11-01,gold,17.06,USD per troy ounce,github.com/datasets/gold-prices
1931-12-01,gold,17.06,USD per troy ounce,github.com/datasets/gold-prices
1932-01-01,gold,20.69,USD per troy ounce,github.com/datasets/gold-prices
1932-02-01,gold,20.69,USD per troy ounce,github.com/datasets/gold-prices
1932-03-01,gold,20.69,USD per troy ounce,github.com/datasets/gold-prices
1932-04-01,gold,20.69,USD per troy ounce,github.com/datasets/gold-prices
1932-05-01,gold,20.69,USD per troy ounce,github.com/datasets/gold-prices
1932-06-01,gold,20.69,USD per troy ounce,github.com/datasets/gold-prices
1932-07-01,gold,20.69,USD per troy ounce,github.com/datasets/gold-prices
1932-08-01,gold,20.69,USD per troy ounce,github.com/datasets/gold-prices
1932-09-01,gold,20.69,USD per troy ounce,github.com/datasets/gold-prices
1932-10-01,gold,20.69,USD per troy ounce,github.com/datasets/gold-prices
1932-11-01,gold,20.69,USD per troy ounce,github.com/datasets/gold-prices
1932-12-01,gold,20.69,USD per troy ounce,github.com/datasets/gold-prices
1933-01-01,gold,26.33,USD per troy ounce,github.com/datasets/gold-prices
1933-02-01,gold,26.33,USD per troy ounce,github.com/datasets/gold-prices
1933-03-01,gold,26.33,USD per troy ounce,github.com/datasets/gold-prices
1933-04-01,gold,26.33,USD per troy ounce,github.com/datasets/gold-prices
1933-05-01,gold,26.33,USD per troy ounce,github.com/datasets/gold-prices
1933-06-01,gold,26.33,USD per troy ounce,github.com/datasets/gold-prices
1933-07-01,gold,26.33,USD per troy ounce,github.com/datasets/gold-prices
1933-08-01,gold,26.33,USD per troy ounce,github.com/datasets/gold-prices
1933-09-01,gold,26.33,USD per troy ounce,github.com/datasets/gold-prices
1933-10-01,gold,26.33,USD per troy ounce,github.com/datasets/gold-prices
1933-11-01,gold,26.33,USD per troy ounce,github.com/datasets/gold-prices
1933-12-01,gold,26.33,USD per troy ounce,github.com/datasets/gold-prices
1934-01-01,gold,34.69,USD per troy ounce,github.com/datasets/gold-prices
1934-02-01,gold,34.69,USD per troy ounce,github.com/datasets/gold-prices
1934-03-01,gold,34.69,USD per troy ounce,github.com/datasets/gold-prices
1934-04-01,gold,34.69,USD per troy ounce,github.com/datasets/gold-prices
1934-05-01,gold,34.69,USD per troy ounce,github.com/datasets/gold-prices
1934-06-01,gold,34.69,USD per troy ounce,github.com/datasets/gold-prices
1934-07-01,gold,34.69,USD per troy ounce,github.com/datasets/gold-prices
1934-08-01,gold,34.69,USD per troy ounce,github.com/datasets/gold-prices
1934-09-01,gold,34.69,USD per troy ounce,github.com/datasets/gold-prices
1934-10-01,gold,34.69,USD per troy ounce,github.com/datasets/gold-prices
1934-11-01,gold,34.69,USD per troy ounce,github.com/datasets/gold-prices
1934-12-01,gold,34.69,USD per troy ounce,github.com/datasets/gold-prices
1935-01-01,gold,34.84,USD per troy ounce,github.com/datasets/gold-prices
1935-02-01,gold,34.84,USD per troy ounce,github.com/datasets/gold-prices
1935-03-01,gold,34.84,USD per troy ounce,github.com/datasets/gold-prices
1935-04-01,gold,34.84,USD per troy ounce,github.com/datasets/gold-prices
1935-05-01,gold,34.84,USD per troy ounce,github.com/datasets/gold-prices
1935-06-01,gold,34.84,USD per troy ounce,github.com/datasets/gold-prices
1935-07-01,gold,34.84,USD per troy ounce,github.com/datasets/gold-prices
1935-08-01,gold,34.84,USD per troy ounce,github.com/datasets/gold-prices
1935-09-01,gold,34.84,USD per troy ounce,github.com/datasets/gold-prices
1935-10-01,gold,34.84,USD per troy ounce,github.com/datasets/gold-prices
1935-11-01,gold,34.84,USD per troy ounce,github.com/datasets/gold-prices
1935-12-01,gold,34.84,USD per troy ounce,github.com/datasets/gold-prices
1936-01-01,gold,34.87,USD per troy ounce,github.com/datasets/gold-prices
1936-02-01,gold,34.87,USD per troy ounce,github.com/datasets/gold-prices
1936-03-01,gold,34.87,USD per troy ounce,github.com/datasets/gold-prices
1936-04-01,gold,34.87,USD per troy ounce,github.com/datasets/gold-prices
1936-05-01,gold,34.87,USD per troy ounce,github.com/datasets/gold-prices
1936-06-01,gold,34.87,USD per troy ounce,github.com/datasets/gold-prices
1936-07-01,gold,34.87,USD per troy ounce,github.com/datasets/gold-prices
1936-08-01,gold,34.87,USD per troy ounce,github.com/datasets/gold-prices
1936-09-01,gold,34.87,USD per troy ounce,github.com/datasets/gold-prices
1936-10-01,gold,34.87,USD per troy ounce,github.com/datasets/gold-prices
1936-11-01,gold,34.87,USD per troy ounce,github.com/datasets/gold-prices
1936-12-01,gold,34.87,USD per troy ounce,github.com/datasets/gold-prices
1937-01-01,gold,34.79,USD per troy ounce,github.com/datasets/gold-prices
1937-02-01,gold,34.79,USD per troy ounce,github.com/datasets/gold-prices
1937-03-01,gold,34.79,USD per troy ounce,github.com/datasets/gold-prices
1937-04-01,gold,34.79,USD per troy ounce,github.com/datasets/gold-prices
1937-05-01,gold,34.79,USD per troy ounce,github.com/datasets/gold-prices
1937-06-01,gold,34.79,USD per troy ounce,github.com/datasets/gold-prices
1937-07-01,gold,34.79,USD per troy ounce,github.com/datasets/gold-prices
1937-08-01,gold,34.79,USD per troy ounce,github.com/datasets/gold-prices
1937-09-01,gold,34.79,USD per troy ounce,github.com/datasets/gold-prices
1937-10-01,gold,34.79,USD per troy ounce,github.com/datasets/gold-prices
1937-11-01,gold,34.79,USD per troy ounce,github.com/datasets/gold-prices
1937-12-01,gold,34.79,USD per troy ounce,github.com/datasets/gold-prices
1938-01-01,gold,34.85,USD per troy ounce,github.com/datasets/gold-prices
1938-02-01,gold,34.85,USD per troy ounce,github.com/datasets/gold-prices
1938-03-01,gold,34.85,USD per troy ounce,github.com/datasets/gold-prices
1938-04-01,gold,34.85,USD per troy ounce,github.com/datasets/gold-prices
1938-05-01,gold,34.85,USD per troy ounce,github.com/datasets/gold-prices
1938-06-01,gold,34.85,USD per troy ounce,github.com/datasets/gold-prices
1938-07-01,gold,34.85,USD per troy ounce,github.com/datasets/gold-prices
1938-08-01,gold,34.85,USD per troy ounce,github.com/datasets/gold-prices
1938-09-01,gold,34.85,USD per troy ounce,github.com/datasets/gold-prices
1938-10-01,gold,34.85,USD per troy ounce,github.com/datasets/gold-prices
1938-11-01,gold,34.85,USD per troy ounce,github.com/datasets/gold-prices
1938-12-01,gold,34.85,USD per troy ounce,github.com/datasets/gold-prices
1939-01-01,gold,34.42,USD per troy ounce,github.com/datasets/gold-prices
1939-02-01,gold,34.42,USD per troy ounce,github.com/datasets/gold-prices
1939-03-01,gold,34.42,USD per troy ounce,github.com/datasets/gold-prices
1939-04-01,gold,34.42,USD per troy ounce,github.com/datasets/gold-prices
1939-05-01,gold,34.42,USD per troy ounce,github.com/datasets/gold-prices
1939-06-01,gold,34.42,USD per troy ounce,github.com/datasets/gold-prices
1939-07-01,gold,34.42,USD per troy ounce,github.com/datasets/gold-prices
1939-08-01,gold,34.42,USD per troy ounce,github.com/datasets/gold-prices
1939-09-01,gold,34.42,USD per troy ounce,github.com/datasets/gold-prices
1939-10-01,gold,34.42,USD per troy ounce,github.com/datasets/gold-prices
1939-11-01,gold,34.42,USD per troy ounce,github.com/datasets/gold-prices
1939-12-01,gold,34.42,USD per troy ounce,github.com/datasets/gold-prices
1940-01-01,gold,33.85,USD per troy ounce,github.com/datasets/gold-prices
1940-02-01,gold,33.85,USD per troy ounce,github.com/datasets/gold-prices
1940-03-01,gold,33.85,USD per troy ounce,github.com/datasets/gold-prices
1940-04-01,gold,33.85,USD per troy ounce,github.com/datasets/gold-prices
1940-05-01,gold,33.85,USD per troy ounce,github.com/datasets/gold-prices
1940-06-01,gold,33.85,USD per troy ounce,github.com/datasets/gold-prices
1940-07-01,gold,33.85,USD per troy ounce,github.com/datasets/gold-prices
1940-08-01,gold,33.85,USD per troy ounce,github.com/datasets/gold-prices
1940-09-01,gold,33.85,USD per troy ounce,github.com/datasets/gold-prices
1940-10-01,gold,33.85,USD per troy ounce,github.com/datasets/gold-prices
1940-11-01,gold,33.85,USD per troy ounce,github.com/datasets/gold-prices
1940-12-01,gold,33.85,USD per troy ounce,github.com/datasets/gold-prices
1941-01-01,gold,33.85,USD per troy ounce,github.com/datasets/gold-prices
1941-02-01,gold,33.85,USD per troy ounce,github.com/datasets/gold-prices
1941-03-01,gold,33.85,USD per troy ounce,github.com/datasets/gold-prices
1941-04-01,gold,33.85,USD per troy ounce,github.com/datasets/gold-prices
1941-05-01,gold,33.85,USD per troy ounce,github.com/datasets/gold-prices
1941-06-01,gold,33.85,USD per troy ounce,github.com/datasets/gold-prices
1941-07-01,gold,33.85,USD per troy ounce,github.com/datasets/gold-prices
1941-08-01,gold,33.85,USD per troy ounce,github.com/datasets/gold-prices
1941-09-01,gold,33.85,USD per troy ounce,github.com/datasets/gold-prices
1941-10-01,gold,33.85,USD per troy ounce,github.com/datasets/gold-prices
1941-11-01,gold,33.85,USD per troy ounce,github.com/datasets/gold-prices
1941-12-01,gold,33.85,USD per troy ounce,github.com/datasets/gold-prices
1942-01-01,gold,33.85,USD per troy ounce,github.com/datasets/gold-prices
1942-02-01,gold,33.85,USD per troy ounce,github.com/datasets/gold-prices
1942-03-01,gold,33.85,USD per troy ounce,github.com/datasets/gold-prices
1942-04-01,gold,33.85,USD per troy ounce,github.com/datasets/gold-prices
1942-05-01,gold,33.85,USD per troy ounce,github.com/datasets/gold-prices
1942-06-01,gold,33.85,USD per troy ounce,github.com/datasets/gold-prices
1942-07-01,gold,33.85,USD per troy ounce,github.com/datasets/gold-prices
1942-08-01,gold,33.85,USD per troy ounce,github.com/datasets/gold-prices
1942-09-01,gold,33.85,USD per troy ounce,github.com/datasets/gold-prices
1942-10-01,gold,33.85,USD per troy ounce,github.com/datasets/gold-prices
1942-11-01,gold,33.85,USD per troy ounce,github.com/datasets/gold-prices
1942-12-01,gold,33.85,USD per troy ounce,github.com/datasets/gold-prices
1943-01-01,gold,33.85,USD per troy ounce,github.com/datasets/gold-prices
1943-02-01,gold,33.85,USD per troy ounce,github.com/datasets/gold-prices
1943-03-01,gold,33.85,USD per troy ounce,github.com/datasets/gold-prices
1943-04-01,gold,33.85,USD per troy ounce,github.com/datasets/gold-prices
1943-05-01,gold,33.85,USD per troy ounce,github.com/datasets/gold-prices
1943-06-01,gold,33.85,USD per troy ounce,github.com/datasets/gold-prices
1943-07-01,gold,33.85,USD per troy ounce,github.com/datasets/gold-prices
1943-08-01,gold,33.85,USD per troy ounce,github.com/datasets/gold-prices
1943-09-01,gold,33.85,USD per troy ounce,github.com/datasets/gold-prices
1943-10-01,gold,33.85,USD per troy ounce,github.com/datasets/gold-prices
1943-11-01,gold,33.85,USD per troy ounce,github.com/datasets/gold-prices
1943-12-01,gold,33.85,USD per troy ounce,github.com/datasets/gold-prices
1944-01-01,gold,33.85,USD per troy ounce,github.com/datasets/gold-prices
1944-02-01,gold,33.85,USD per troy ounce,github.com/datasets/gold-prices
1944-03-01,gold,33.85,USD per troy ounce,github.com/datasets/gold-prices
1944-04-01,gold,33.85,USD per troy ounce,github.com/datasets/gold-prices
1944-05-01,gold,33.85,USD per troy ounce,github.com/datasets/gold-prices
1944-06-01,gold,33.85,USD per troy ounce,github.com/datasets/gold-prices
1944-07-01,gold,33.85,USD per troy ounce,github.com/datasets/gold-prices
1944-08-01,gold,33.85,USD per troy ounce,github.com/datasets/gold-prices
1944-09-01,gold,33.85,USD per troy ounce,github.com/datasets/gold-prices
1944-10-01,gold,33.85,USD per troy ounce,github.com/datasets/gold-prices
1944-11-01,gold,33.85,USD per troy ounce,github.com/datasets/gold-prices
1944-12-01,gold,33.85,USD per troy ounce,github.com/datasets/gold-prices
1945-01-01,gold,34.71,USD per troy ounce,github.com/datasets/gold-prices
1945-02-01,gold,34.71,USD per troy ounce,github.com/datasets/gold-prices
1945-03-01,gold,34.71,USD per troy ounce,github.com/datasets/gold-prices
1945-04-01,gold,34.71,USD per troy ounce,github.com/datasets/gold-prices
1945-05-01,gold,34.71,USD per troy ounce,github.com/datasets/gold-prices
1945-06-01,gold,34.71,USD per troy ounce,github.com/datasets/gold-prices
1945-07-01,gold,34.71,USD per troy ounce,github.com/datasets/gold-prices
1945-08-01,gold,34.71,USD per troy ounce,github.com/datasets/gold-prices
1945-09-01,gold,34.71,USD per troy ounce,github.com/datasets/gold-prices
1945-10-01,gold,34.71,USD per troy ounce,github.com/datasets/gold-prices
1945-11-01,gold,34.71,USD per troy ounce,github.com/datasets/gold-prices
1945-12-01,gold,34.71,USD per troy ounce,github.com/datasets/gold-prices
1946-01-01,gold,34.71,USD per troy ounce,github.com/datasets/gold-prices
1946-02-01,gold,34.71,USD per troy ounce,github.com/datasets/gold-prices
1946-03-01,gold,34.71,USD per troy ounce,github.com/datasets/gold-prices
1946-04-01,gold,34.71,USD per troy ounce,github.com/datasets/gold-prices
1946-05-01,gold,34.71,USD per troy ounce,github.com/datasets/gold-prices
1946-06-01,gold,34.71,USD per troy ounce,github.com/datasets/gold-prices
1946-07-01,gold,34.71,USD per troy ounce,github.com/datasets/gold-prices
1946-08-01,gold,34.71,USD per troy ounce,github.com/datasets/gold-prices
1946-09-01,gold,34.71,USD per troy ounce,github.com/datasets/gold-prices
1946-10-01,gold,34.71,USD per troy ounce,github.com/datasets/gold-prices
1946-11-01,gold,34.71,USD per troy ounce,github.com/datasets/gold-prices
1946-12-01,gold,34.71,USD per troy ounce,github.com/datasets/gold-prices
1947-01-01,gold,34.71,USD per troy ounce,github.com/datasets/gold-prices
1947-02-01,gold,34.71,USD per troy ounce,github.com/datasets/gold-prices
1947-03-01,gold,34.71,USD per troy ounce,github.com/datasets/gold-prices
1947-04-01,gold,34.71,USD per troy ounce,github.com/datasets/gold-prices
1947-05-01,gold,34.71,USD per troy ounce,github.com/datasets/gold-prices
1947-06-01,gold,34.71,USD per troy ounce,github.com/datasets/gold-prices
1947-07-01,gold,34.71,USD per troy ounce,github.com/datasets/gold-prices
1947-08-01,gold,34.71,USD per troy ounce,github.com/datasets/gold-prices
1947-09-01,gold,34.71,USD per troy ounce,github.com/datasets/gold-prices
1947-10-01,gold,34.71,USD per troy ounce,github.com/datasets/gold-prices
1947-11-01,gold,34.71,USD per troy ounce,github.com/datasets/gold-prices
1947-12-01,gold,34.71,USD per troy ounce,github.com/datasets/gold-prices
1948-01-01,gold,34.71,USD per troy ounce,github.com/datasets/gold-prices
1948-02-01,gold,34.71,USD per troy ounce,github.com/datasets/gold-prices
1948-03-01,gold,34.71,USD per troy ounce,github.com/datasets/gold-prices
1948-04-01,gold,34.71,USD per troy ounce,github.com/datasets/gold-prices
1948-05-01,gold,34.71,USD per troy ounce,github.com/datasets/gold-prices
1948-06-01,gold,34.71,USD per troy ounce,github.com/datasets/gold-prices
1948-07-01,gold,34.71,USD per troy ounce,github.com/datasets/gold-prices
1948-08-01,gold,34.71,USD per troy ounce,github.com/datasets/gold-prices
1948-09-01,gold,34.71,USD per troy ounce,github.com/datasets/gold-prices
1948-10-01,gold,34.71,USD per troy ounce,github.com/datasets/gold-prices
1948-11-01,gold,34.71,USD per troy ounce,github.com/datasets/gold-prices
1948-12-01,gold,34.71,USD per troy ounce,github.com/datasets/gold-prices
1949-01-01,gold,31.69,USD per troy ounce,github.com/datasets/gold-prices
1949-02-01,gold,31.69,USD per troy ounce,github.com/datasets/gold-prices
1949-03-01,gold,31.69,USD per troy ounce,github.com/datasets/gold-prices
1949-04-01,gold,31.69,USD per troy ounce,github.com/datasets/gold-prices
1949-05-01,gold,31.69,USD per troy ounce,github.com/datasets/gold-prices
1949-06-01,gold,31.69,USD per troy ounce,github.com/datasets/gold-prices
1949-07-01,gold,31.69,USD per troy ounce,github.com/datasets/gold-prices
1949-08-01,gold,31.69,USD per troy ounce,github.com/datasets/gold-prices
1949-09-01,gold,31.69,USD per troy ounce,github.com/datasets/gold-prices
1949-10-01,gold,31.69,USD per troy ounce,github.com/datasets/gold-prices
1949-11-01,gold,31.69,USD per troy ounce,github.com/datasets/gold-prices
1949-12-01,gold,31.69,USD per troy ounce,github.com/datasets/gold-prices
1950-01-01,gold,34.72,USD per troy ounce,github.com/datasets/gold-prices
1950-02-01,gold,34.72,USD per troy ounce,github.com/datasets/gold-prices
1950-03-01,gold,34.72,USD per troy ounce,github.com/datasets/gold-prices
1950-04-01,gold,34.72,USD per troy ounce,github.com/datasets/gold-prices
1950-05-01,gold,34.72,USD per troy ounce,github.com/datasets/gold-prices
1950-06-01,gold,34.72,USD per troy ounce,github.com/datasets/gold-prices
1950-07-01,gold,34.72,USD per troy ounce,github.com/datasets/gold-prices
1950-08-01,gold,34.72,USD per troy ounce,github.com/datasets/gold-prices
1950-09-01,gold,34.72,USD per troy ounce,github.com/datasets/gold-prices
1950-10-01,gold,34.72,USD per troy ounce,github.com/datasets/gold-prices
1950-11-01,gold,34.72,USD per troy ounce,github.com/datasets/gold-prices
1950-12-01,gold,34.72,USD per troy ounce,github.com/datasets/gold-prices
1951-01-01,gold,34.72,USD per troy ounce,github.com/datasets/gold-prices
1951-02-01,gold,34.72,USD per troy ounce,github.com/datasets/gold-prices
1951-03-01,gold,34.72,USD per troy ounce,github.com/datasets/gold-prices
1951-04-01,gold,34.72,USD per troy ounce,github.com/datasets/gold-prices
1951-05-01,gold,34.72,USD per troy ounce,github.com/datasets/gold-prices
1951-06-01,gold,34.72,USD per troy ounce,github.com/datasets/gold-prices
1951-07-01,gold,34.72,USD per troy ounce,github.com/datasets/gold-prices
1951-08-01,gold,34.72,USD per troy ounce,github.com/datasets/gold-prices
1951-09-01,gold,34.72,USD per troy ounce,github.com/datasets/gold-prices
1951-10-01,gold,34.72,USD per troy ounce,github.com/datasets/gold-prices
1951-11-01,gold,34.72,USD per troy ounce,github.com/datasets/gold-prices
1951-12-01,gold,34.72,USD per troy ounce,github.com/datasets/gold-prices
1952-01-01,gold,34.6,USD per troy ounce,github.com/datasets/gold-prices
1952-02-01,gold,34.6,USD per troy ounce,github.com/datasets/gold-prices
1952-03-01,gold,34.6,USD per troy ounce,github.com/datasets/gold-prices
1952-04-01,gold,34.6,USD per troy ounce,github.com/datasets/gold-prices
1952-05-01,gold,34.6,USD per troy ounce,github.com/datasets/gold-prices
1952-06-01,gold,34.6,USD per troy ounce,github.com/datasets/gold-prices
1952-07-01,gold,34.6,USD per troy ounce,github.com/datasets/gold-prices
1952-08-01,gold,34.6,USD per troy ounce,github.com/datasets/gold-prices
1952-09-01,gold,34.6,USD per troy ounce,github.com/datasets/gold-prices
1952-10-01,gold,34.6,USD per troy ounce,github.com/datasets/gold-prices
1952-11-01,gold,34.6,USD per troy ounce,github.com/datasets/gold-prices
1952-12-01,gold,34.6,USD per troy ounce,github.com/datasets/gold-prices
1953-01-01,gold,34.84,USD per troy ounce,github.com/datasets/gold-prices
1953-02-01,gold,34.84,USD per troy ounce,github.com/datasets/gold-prices
1953-03-01,gold,34.84,USD per troy ounce,github.com/datasets/gold-prices
1953-04-01,gold,34.84,USD per troy ounce,github.com/datasets/gold-prices
1953-05-01,gold,34.84,USD per troy ounce,github.com/datasets/gold-prices
1953-06-01,gold,34.84,USD per troy ounce,github.com/datasets/gold-prices
1953-07-01,gold,34.84,USD per troy ounce,github.com/datasets/gold-prices
1953-08-01,gold,34.84,USD per troy ounce,github.com/datasets/gold-prices
1953-09-01,gold,34.84,USD per troy ounce,github.com/datasets/gold-prices
1953-10-01,gold,34.84,USD per troy ounce,github.com/datasets/gold-prices
1953-11-01,gold,34.84,USD per troy ounce,github.com/datasets/gold-prices
1953-12-01,gold,34.84,USD per troy ounce,github.com/datasets/gold-prices
1954-01-01,gold,35.04,USD per troy ounce,github.com/datasets/gold-prices
1954-02-01,gold,35.04,USD per troy ounce,github.com/datasets/gold-prices
1954-03-01,gold,35.04,USD per troy ounce,github.com/datasets/gold-prices
1954-04-01,gold,35.04,USD per troy ounce,github.com/datasets/gold-prices
1954-05-01,gold,35.04,USD per troy ounce,github.com/datasets/gold-prices
1954-06-01,gold,35.04,USD per troy ounce,github.com/datasets/gold-prices
1954-07-01,gold,35.04,USD per troy ounce,github.com/datasets/gold-prices
1954-08-01,gold,35.04,USD per troy ounce,github.com/datasets/gold-prices
1954-09-01,gold,35.04,USD per troy ounce,github.com/datasets/gold-prices
1954-10-01,gold,35.04,USD per troy ounce,github.com/datasets/gold-prices
1954-11-01,gold,35.04,USD per troy ounce,github.com/datasets/gold-prices
1954-12-01,gold,35.04,USD per troy ounce,github.com/datasets/gold-prices
1955-01-01,gold,35.03,USD per troy ounce,github.com/datasets/gold-prices
1955-02-01,gold,35.03,USD per troy ounce,github.com/datasets/gold-prices
1955-03-01,gold,35.03,USD per troy ounce,github.com/datasets/gold-prices
1955-04-01,gold,35.03,USD per troy ounce,github.com/datasets/gold-prices
1955-05-01,gold,35.03,USD per troy ounce,github.com/datasets/gold-prices
1955-06-01,gold,35.03,USD per troy ounce,github.com/datasets/gold-prices
1955-07-01,gold,35.03,USD per troy ounce,github.com/datasets/gold-prices
1955-08-01,gold,35.03,USD per troy ounce,github.com/datasets/gold-prices
1955-09-01,gold,35.03,USD per troy ounce,github.com/datasets/gold-prices
1955-10-01,gold,35.03,USD per troy ounce,github.com/datasets/gold-prices
1955-11-01,gold,35.03,USD per troy ounce,github.com/datasets/gold-prices
1955-12-01,gold,35.03,USD per troy ounce,github.com/datasets/gold-prices
1956-01-01,gold,34.99,USD per troy ounce,github.com/datasets/gold-prices
1956-02-01,gold,34.99,USD per troy ounce,github.com/datasets/gold-prices
1956-03-01,gold,34.99,USD per troy ounce,github.com/datasets/gold-prices
1956-04-01,gold,34.99,USD per troy ounce,github.com/datasets/gold-prices
1956-05-01,gold,34.99,USD per troy ounce,github.com/datasets/gold-prices
1956-06-01,gold,34.99,USD per troy ounce,github.com/datasets/gold-prices
1956-07-01,gold,34.99,USD per troy ounce,github.com/datasets/gold-prices
1956-08-01,gold,34.99,USD per troy ounce,github.com/datasets/gold-prices
1956-09-01,gold,34.99,USD per troy ounce,github.com/datasets/gold-prices
1956-10-01,gold,34.99,USD per troy ounce,github.com/datasets/gold-prices
1956-11-01,gold,34.99,USD per troy ounce,github.com/datasets/gold-prices
1956-12-01,gold,34.99,USD per troy ounce,github.com/datasets/gold-prices
1957-01-01,gold,34.95,USD per troy ounce,github.com/datasets/gold-prices
1957-02-01,gold,34.95,USD per troy ounce,github.com/datasets/gold-prices
1957-03-01,gold,34.95,USD per troy ounce,github.com/datasets/gold-prices
1957-04-01,gold,34.95,USD per troy ounce,github.com/datasets/gold-prices
1957-05-01,gold,34.95,USD per troy ounce,github.com/datasets/gold-prices
1957-06-01,gold,34.95,USD per troy ounce,github.com/datasets/gold-prices
1957-07-01,gold,34.95,USD per troy ounce,github.com/datasets/gold-prices
1957-08-01,gold,34.95,USD per troy ounce,github.com/datasets/gold-prices
1957-09-01,gold,34.95,USD per troy ounce,github.com/datasets/gold-prices
1957-10-01,gold,34.95,USD per troy ounce,github.com/datasets/gold-prices
1957-11-01,gold,34.95,USD per troy ounce,github.com/datasets/gold-prices
1957-12-01,gold,34.95,USD per troy ounce,github.com/datasets/gold-prices
1958-01-01,gold,35.1,USD per troy ounce,github.com/datasets/gold-prices
1958-02-01,gold,35.1,USD per troy ounce,github.com/datasets/gold-prices
1958-03-01,gold,35.1,USD per troy ounce,github.com/datasets/gold-prices
1958-04-01,gold,35.1,USD per troy ounce,github.com/datasets/gold-prices
1958-05-01,gold,35.1,USD per troy ounce,github.com/datasets/gold-prices
1958-06-01,gold,35.1,USD per troy ounce,github.com/datasets/gold-prices
1958-07-01,gold,35.1,USD per troy ounce,github.com/datasets/gold-prices
1958-08-01,gold,35.1,USD per troy ounce,github.com/datasets/gold-prices
1958-09-01,gold,35.1,USD per troy ounce,github.com/datasets/gold-prices
1958-10-01,gold,35.1,USD per troy ounce,github.com/datasets/gold-prices
1958-11-01,gold,35.1,USD per troy ounce,github.com/datasets/gold-prices
1958-12-01,gold,35.1,USD per troy ounce,github.com/datasets/gold-prices
1959-01-01,gold,35.1,USD per troy ounce,github.com/datasets/gold-prices
1959-02-01,gold,35.1,USD per troy ounce,github.com/datasets/gold-prices
1959-03-01,gold,35.1,USD per troy ounce,github.com/datasets/gold-prices
1959-04-01,gold,35.1,USD per troy ounce,github.com/datasets/gold-prices
1959-05-01,gold,35.1,USD per troy ounce,github.com/datasets/gold-prices
1959-06-01,gold,35.1,USD per troy ounce,github.com/datasets/gold-prices
1959-07-01,gold,35.1,USD per troy ounce,github.com/datasets/gold-prices
1959-08-01,gold,35.1,USD per troy ounce,github.com/datasets/gold-prices
1959-09-01,gold,35.1,USD per troy ounce,github.com/datasets/gold-prices
1959-10-01,gold,35.1,USD per troy ounce,github.com/datasets/gold-prices
1959-11-01,gold,35.1,USD per troy ounce,github.com/datasets/gold-prices
1959-12-01,gold,35.1,USD per troy ounce,github.com/datasets/gold-prices
1960-01-01,gold,35.27,USD per troy ounce,github.com/datasets/gold-prices
1960-02-01,gold,35.0,USD per troy ounce,github.com/datasets/gold-prices
1960-03-01,gold,35.0,USD per troy ounce,github.com/datasets/gold-prices
1960-04-01,gold,35.27,USD per troy ounce,github.com/datasets/gold-prices
1960-05-01,gold,35.27,USD per troy ounce,github.com/datasets/gold-prices
1960-06-01,gold,35.0,USD per troy ounce,github.com/datasets/gold-prices
1960-07-01,gold,35.27,USD per troy ounce,github.com/datasets/gold-prices
1960-08-01,gold,35.27,USD per troy ounce,github.com/datasets/gold-prices
1960-09-01,gold,35.27,USD per troy ounce,github.com/datasets/gold-prices
1960-10-01,gold,35.27,USD per troy ounce,github.com/datasets/gold-prices
1960-11-01,gold,35.27,USD per troy ounce,github.com/datasets/gold-prices
1960-12-01,gold,35.0,USD per troy ounce,github.com/datasets/gold-prices
1961-01-01,gold,35.25,USD per troy ounce,github.com/datasets/gold-prices
1961-02-01,gold,35.0,USD per troy ounce,github.com/datasets/gold-prices
1961-03-01,gold,35.0,USD per troy ounce,github.com/datasets/gold-prices
1961-04-01,gold,35.0,USD per troy ounce,github.com/datasets/gold-prices
1961-05-01,gold,35.0,USD per troy ounce,github.com/datasets/gold-prices
1961-06-01,gold,35.0,USD per troy ounce,github.com/datasets/gold-prices
1961-07-01,gold,35.0,USD per troy ounce,github.com/datasets/gold-prices
1961-08-01,gold,35.25,USD per troy ounce,github.com/datasets/gold-prices
1961-09-01,gold,35.0,USD per troy ounce,github.com/datasets/gold-prices
1961-10-01,gold,35.25,USD per troy ounce,github.com/datasets/gold-prices
1961-11-01,gold,35.0,USD per troy ounce,github.com/datasets/gold-prices
1961-12-01,gold,35.0,USD per troy ounce,github.com/datasets/gold-prices
1962-01-01,gold,35.0,USD per troy ounce,github.com/datasets/gold-prices
1962-02-01,gold,35.0,USD per troy ounce,github.com/datasets/gold-prices
1962-03-01,gold,35.0,USD per troy ounce,github.com/datasets/gold-prices
1962-04-01,gold,35.23,USD per troy ounce,github.com/datasets/gold-prices
1962-05-01,gold,35.0,USD per troy ounce,github.com/datasets/gold-prices
1962-06-01,gold,35.0,USD per troy ounce,github.com/datasets/gold-prices
1962-07-01,gold,35.0,USD per troy ounce,github.com/datasets/gold-prices
1962-08-01,gold,35.0,USD per troy ounce,github.com/datasets/gold-prices
1962-09-01,gold,35.23,USD per troy ounce,github.com/datasets/gold-prices
1962-10-01,gold,35.0,USD per troy ounce,github.com/datasets/gold-prices
1962-11-01,gold,35.0,USD per troy ounce,github.com/datasets/gold-prices
1962-12-01,gold,35.23,USD per troy ounce,github.com/datasets/gold-prices
1963-01-01,gold,35.0,USD per troy ounce,github.com/datasets/gold-prices
1963-02-01,gold,35.0,USD per troy ounce,github.com/datasets/gold-prices
1963-03-01,gold,35.0,USD per troy ounce,github.com/datasets/gold-prices
1963-04-01,gold,35.0,USD per troy ounce,github.com/datasets/gold-prices
1963-05-01,gold,35.0,USD per troy ounce,github.com/datasets/gold-prices
1963-06-01,gold,35.0,USD per troy ounce,github.com/datasets/gold-prices
1963-07-01,gold,35.0,USD per troy ounce,github.com/datasets/gold-prices
1963-08-01,gold,35.0,USD per troy ounce,github.com/datasets/gold-prices
1963-09-01,gold,35.0,USD per troy ounce,github.com/datasets/gold-prices
1963-10-01,gold,35.0,USD per troy ounce,github.com/datasets/gold-prices
1963-11-01,gold,35.0,USD per troy ounce,github.com/datasets/gold-prices
1963-12-01,gold,35.0,USD per troy ounce,github.com/datasets/gold-prices
1964-01-01,gold,35.0,USD per troy ounce,github.com/datasets/gold-prices
1964-02-01,gold,35.0,USD per troy ounce,github.com/datasets/gold-prices
1964-03-01,gold,35.0,USD per troy ounce,github.com/datasets/gold-prices
1964-04-01,gold,35.0,USD per troy ounce,github.com/datasets/gold-prices
1964-05-01,gold,35.1,USD per troy ounce,github.com/datasets/gold-prices
1964-06-01,gold,35.1,USD per troy ounce,github.com/datasets/gold-prices
1964-07-01,gold,35.0,USD per troy ounce,github.com/datasets/gold-prices
1964-08-01,gold,35.0,USD per troy ounce,github.com/datasets/gold-prices
1964-09-01,gold,35.0,USD per troy ounce,github.com/datasets/gold-prices
1964-10-01,gold,35.0,USD per troy ounce,github.com/datasets/gold-prices
1964-11-01,gold,35.0,USD per troy ounce,github.com/datasets/gold-prices
1964-12-01,gold,35.1,USD per troy ounce,github.com/datasets/gold-prices
1965-01-01,gold,35.0,USD per troy ounce,github.com/datasets/gold-prices
1965-02-01,gold,35.0,USD per troy ounce,github.com/datasets/gold-prices
1965-03-01,gold,35.0,USD per troy ounce,github.com/datasets/gold-prices
1965-04-01,gold,35.0,USD per troy ounce,github.com/datasets/gold-prices
1965-05-01,gold,35.0,USD per troy ounce,github.com/datasets/gold-prices
1965-06-01,gold,35.0,USD per troy ounce,github.com/datasets/gold-prices
1965-07-01,gold,35.12,USD per troy ounce,github.com/datasets/gold-prices
1965-08-01,gold,35.0,USD per troy ounce,github.com/datasets/gold-prices
1965-09-01,gold,35.0,USD per troy ounce,github.com/datasets/gold-prices
1965-10-01,gold,35.0,USD per troy ounce,github.com/datasets/gold-prices
1965-11-01,gold,35.0,USD per troy ounce,github.com/datasets/gold-prices
1965-12-01,gold,35.0,USD per troy ounce,github.com/datasets/gold-prices
1966-01-01,gold,35.0,USD per troy ounce,github.com/datasets/gold-prices
1966-02-01,gold,35.0,USD per troy ounce,github.com/datasets/gold-prices
1966-03-01,gold,35.0,USD per troy ounce,github.com/datasets/gold-prices
1966-04-01,gold,35.0,USD per troy ounce,github.com/datasets/gold-prices
1966-05-01,gold,35.0,USD per troy ounce,github.com/datasets/gold-prices
1966-06-01,gold,35.0,USD per troy ounce,github.com/datasets/gold-prices
1966-07-01,gold,35.0,USD per troy ounce,github.com/datasets/gold-prices
1966-08-01,gold,35.0,USD per troy ounce,github.com/datasets/gold-prices
1966-09-01,gold,35.0,USD per troy ounce,github.com/datasets/gold-prices
1966-10-01,gold,35.0,USD per troy ounce,github.com/datasets/gold-prices
1966-11-01,gold,35.0,USD per troy ounce,github.com/datasets/gold-prices
1966-12-01,gold,35.0,USD per troy ounce,github.com/datasets/gold-prices
1967-01-01,gold,35.0,USD per troy ounce,github.com/datasets/gold-prices
1967-02-01,gold,35.0,USD per troy ounce,github.com/datasets/gold-prices
1967-03-01,gold,35.0,USD per troy ounce,github.com/datasets/gold-prices
1967-04-01,gold,35.0,USD per troy ounce,github.com/datasets/gold-prices
1967-05-01,gold,35.0,USD per troy ounce,github.com/datasets/gold-prices
1967-06-01,gold,35.0,USD per troy ounce,github.com/datasets/gold-prices
1967-07-01,gold,35.0,USD per troy ounce,github.com/datasets/gold-prices
1967-08-01,gold,35.0,USD per troy ounce,github.com/datasets/gold-prices
1967-09-01,gold,35.0,USD per troy ounce,github.com/datasets/gold-prices
1967-10-01,gold,35.0,USD per troy ounce,github.com/datasets/gold-prices
1967-11-01,gold,35.0,USD per troy ounce,github.com/datasets/gold-prices
1967-12-01,gold,35.0,USD per troy ounce,github.com/datasets/gold-prices
1968-01-01,gold,36.0,USD per troy ounce,github.com/datasets/gold-prices
1968-02-01,gold,36.0,USD per troy ounce,github.com/datasets/gold-prices
1968-03-01,gold,37.0,USD per troy ounce,github.com/datasets/gold-prices
1968-04-01,gold,38.0,USD per troy ounce,github.com/datasets/gold-prices
1968-05-01,gold,41.0,USD per troy ounce,github.com/datasets/gold-prices
1968-06-01,gold,41.0,USD per troy ounce,github.com/datasets/gold-prices
1968-07-01,gold,39.0,USD per troy ounce,github.com/datasets/gold-prices
1968-08-01,gold,39.0,USD per troy ounce,github.com/datasets/gold-prices
1968-09-01,gold,40.18,USD per troy ounce,github.com/datasets/gold-prices
1968-10-01,gold,39.0,USD per troy ounce,github.com/datasets/gold-prices
1968-11-01,gold,40.0,USD per troy ounce,github.com/datasets/gold-prices
1968-12-01,gold,41.0,USD per troy ounce,github.com/datasets/gold-prices
1969-01-01,gold,42.0,USD per troy ounce,github.com/datasets/gold-prices
1969-02-01,gold,43.0,USD per troy ounce,github.com/datasets/gold-prices
1969-03-01,gold,43.0,USD per troy ounce,github.com/datasets/gold-prices
1969-04-01,gold,43.0,USD per troy ounce,github.com/datasets/gold-prices
1969-05-01,gold,43.0,USD per troy ounce,github.com/datasets/gold-prices
1969-06-01,gold,41.0,USD per troy ounce,github.com/datasets/gold-prices
1969-07-01,gold,42.0,USD per troy ounce,github.com/datasets/gold-prices
1969-08-01,gold,41.0,USD per troy ounce,github.com/datasets/gold-prices
1969-09-01,gold,41.0,USD per troy ounce,github.com/datasets/gold-prices
1969-10-01,gold,40.0,USD per troy ounce,github.com/datasets/gold-prices
1969-11-01,gold,37.0,USD per troy ounce,github.com/datasets/gold-prices
1969-12-01,gold,35.0,USD per troy ounce,github.com/datasets/gold-prices
1970-01-01,gold,35.0,USD per troy ounce,github.com/datasets/gold-prices
1970-02-01,gold,35.0,USD per troy ounce,github.com/datasets/gold-prices
1970-03-01,gold,35.0,USD per troy ounce,github.com/datasets/gold-prices
1970-04-01,gold,36.0,USD per troy ounce,github.com/datasets/gold-prices
1970-05-01,gold,36.0,USD per troy ounce,github.com/datasets/gold-prices
1970-06-01,gold,35.0,USD per troy ounce,github.com/datasets/gold-prices
1970-07-01,gold,35.0,USD per troy ounce,github.com/datasets/gold-prices
1970-08-01,gold,35.0,USD per troy ounce,github.com/datasets/gold-prices
1970-09-01,gold,36.0,USD per troy ounce,github.com/datasets/gold-prices
1970-10-01,gold,38.0,USD per troy ounce,github.com/datasets/gold-prices
1970-11-01,gold,37.0,USD per troy ounce,github.com/datasets/gold-prices
1970-12-01,gold,37.0,USD per troy ounce,github.com/datasets/gold-prices
1971-01-01,gold,38.0,USD per troy ounce,github.com/datasets/gold-prices
1971-02-01,gold,39.0,USD per troy ounce,github.com/datasets/gold-prices
1971-03-01,gold,39.0,USD per troy ounce,github.com/datasets/gold-prices
1971-04-01,gold,39.0,USD per troy ounce,github.com/datasets/gold-prices
1971-05-01,gold,41.0,USD per troy ounce,github.com/datasets/gold-prices
1971-06-01,gold,40.0,USD per troy ounce,github.com/datasets/gold-prices
1971-07-01,gold,41.0,USD per troy ounce,github.com/datasets/gold-prices
1971-08-01,gold,43.0,USD per troy ounce,github.com/datasets/gold-prices
1971-09-01,gold,42.0,USD per troy ounce,github.com/datasets/gold-prices
1971-10-01,gold,43.0,USD per troy ounce,github.com/datasets/gold-prices
1971-11-01,gold,43.0,USD per troy ounce,github.com/datasets/gold-prices
1971-12-01,gold,43.0,USD per troy ounce,github.com/datasets/gold-prices
1972-01-01,gold,46.0,USD per troy ounce,github.com/datasets/gold-prices
1972-02-01,gold,48.0,USD per troy ounce,github.com/datasets/gold-prices
1972-03-01,gold,48.0,USD per troy ounce,github.com/datasets/gold-prices
1972-04-01,gold,49.0,USD per troy ounce,github.com/datasets/gold-prices
1972-05-01,gold,55.0,USD per troy ounce,github.com/datasets/gold-prices
1972-06-01,gold,62.0,USD per troy ounce,github.com/datasets/gold-prices
1972-07-01,gold,66.0,USD per troy ounce,github.com/datasets/gold-prices
1972-08-01,gold,67.0,USD per troy ounce,github.com/datasets/gold-prices
1972-09-01,gold,65.0,USD per troy ounce,github.com/datasets/gold-prices
1972-10-01,gold,65.0,USD per troy ounce,github.com/datasets/gold-prices
1972-11-01,gold,63.0,USD per troy ounce,github.com/datasets/gold-prices
1972-12-01,gold,64.0,USD per troy ounce,github.com/datasets/gold-prices
1973-01-01,gold,65.0,USD per troy ounce,github.com/datasets/gold-prices
1973-02-01,gold,74.0,USD per troy ounce,github.com/datasets/gold-prices
1973-03-01,gold,84.0,USD per troy ounce,github.com/datasets/gold-prices
1973-04-01,gold,91.0,USD per troy ounce,github.com/datasets/gold-prices
1973-05-01,gold,102.0,USD per troy ounce,github.com/datasets/gold-prices
1973-06-01,gold,120.0,USD per troy ounce,github.com/datasets/gold-prices
1973-07-01,gold,120.0,USD per troy ounce,github.com/datasets/gold-prices
1973-08-01,gold,107.0,USD per troy ounce,github.com/datasets/gold-prices
1973-09-01,gold,103.0,USD per troy ounce,github.com/datasets/gold-prices
1973-10-01,gold,100.0,USD per troy ounce,github.com/datasets/gold-prices
1973-11-01,gold,95.0,USD per troy ounce,github.com/datasets/gold-prices
1973-12-01,gold,107.0,USD per troy ounce,github.com/datasets/gold-prices
1974-01-01,gold,129.0,USD per troy ounce,github.com/datasets/gold-prices
1974-02-01,gold,150.0,USD per troy ounce,github.com/datasets/gold-prices
1974-03-01,gold,168.0,USD per troy ounce,github.com/datasets/gold-prices
1974-04-01,gold,172.0,USD per troy ounce,github.com/datasets/gold-prices
1974-05-01,gold,163.0,USD per troy ounce,github.com/datasets/gold-prices
1974-06-01,gold,154.0,USD per troy ounce,github.com/datasets/gold-prices
1974-07-01,gold,143.0,USD per troy ounce,github.com/datasets/gold-prices
1974-08-01,gold,155.0,USD per troy ounce,github.com/datasets/gold-prices
1974-09-01,gold,152.0,USD per troy ounce,github.com/datasets/gold-prices
1974-10-01,gold,159.0,USD per troy ounce,github.com/datasets/gold-prices
1974-11-01,gold,182.0,USD per troy ounce,github.com/datasets/gold-prices
1974-12-01,gold,184.0,USD per troy ounce,github.com/datasets/gold-prices
1975-01-01,gold,176.0,USD per troy ounce,github.com/datasets/gold-prices
1975-02-01,gold,180.0,USD per troy ounce,github.com/datasets/gold-prices
1975-03-01,gold,178.0,USD per troy ounce,github.com/datasets/gold-prices
1975-04-01,gold,170.0,USD per troy ounce,github.com/datasets/gold-prices
1975-05-01,gold,167.0,USD per troy ounce,github.com/datasets/gold-prices
1975-06-01,gold,164.0,USD per troy ounce,github.com/datasets/gold-prices
1975-07-01,gold,165.0,USD per troy ounce,github.com/datasets/gold-prices
1975-08-01,gold,163.0,USD per troy ounce,github.com/datasets/gold-prices
1975-09-01,gold,144.0,USD per troy ounce,github.com/datasets/gold-prices
1975-10-01,gold,143.0,USD per troy ounce,github.com/datasets/gold-prices
1975-11-01,gold,142.0,USD per troy ounce,github.com/datasets/gold-prices
1975-12-01,gold,139.0,USD per troy ounce,github.com/datasets/gold-prices
1976-01-01,gold,131.05,USD per troy ounce,github.com/datasets/gold-prices
1976-02-01,gold,131.0,USD per troy ounce,github.com/datasets/gold-prices
1976-03-01,gold,133.0,USD per troy ounce,github.com/datasets/gold-prices
1976-04-01,gold,128.0,USD per troy ounce,github.com/datasets/gold-prices
1976-05-01,gold,127.0,USD per troy ounce,github.com/datasets/gold-prices
1976-06-01,gold,126.0,USD per troy ounce,github.com/datasets/gold-prices
1976-07-01,gold,118.0,USD per troy ounce,github.com/datasets/gold-prices
1976-08-01,gold,110.0,USD per troy ounce,github.com/datasets/gold-prices
1976-09-01,gold,114.0,USD per troy ounce,github.com/datasets/gold-prices
1976-10-01,gold,116.0,USD per troy ounce,github.com/datasets/gold-prices
1976-11-01,gold,130.0,USD per troy ounce,github.com/datasets/gold-prices
1976-12-01,gold,134.0,USD per troy ounce,github.com/datasets/gold-prices
1977-01-01,gold,132.0,USD per troy ounce,github.com/datasets/gold-prices
1977-02-01,gold,136.0,USD per troy ounce,github.com/datasets/gold-prices
1977-03-01,gold,148.0,USD per troy ounce,github.com/datasets/gold-prices
1977-04-01,gold,149.0,USD per troy ounce,github.com/datasets/gold-prices
1977-05-01,gold,147.0,USD per troy ounce,github.com/datasets/gold-prices
1977-06-01,gold,141.0,USD per troy ounce,github.com/datasets/gold-prices
1977-07-01,gold,143.0,USD per troy ounce,github.com/datasets/gold-prices
1977-08-01,gold,145.0,USD per troy ounce,github.com/datasets/gold-prices
1977-09-01,gold,149.53,USD per troy ounce,github.com/datasets/gold-prices
1977-10-01,gold,159.0,USD per troy ounce,github.com/datasets/gold-prices
1977-11-01,gold,162.0,USD per troy ounce,github.com/datasets/gold-prices
1977-12-01,gold,160.0,USD per troy ounce,github.com/datasets/gold-prices
1978-01-01,gold,173.0,USD per troy ounce,github.com/datasets/gold-prices
1978-02-01,gold,178.0,USD per troy ounce,github.com/datasets/gold-prices
1978-03-01,gold,184.0,USD per troy ounce,github.com/datasets/gold-prices
1978-04-01,gold,175.0,USD per troy ounce,github.com/datasets/gold-prices
1978-05-01,gold,176.0,USD per troy ounce,github.com/datasets/gold-prices
1978-06-01,gold,184.0,USD per troy ounce,github.com/datasets/gold-prices
1978-07-01,gold,189.0,USD per troy ounce,github.com/datasets/gold-prices
1978-08-01,gold,206.0,USD per troy ounce,github.com/datasets/gold-prices
1978-09-01,gold,212.0,USD per troy ounce,github.com/datasets/gold-prices
1978-10-01,gold,227.0,USD per troy ounce,github.com/datasets/gold-prices
1978-11-01,gold,206.0,USD per troy ounce,github.com/datasets/gold-prices
1978-12-01,gold,208.0,USD per troy ounce,github.com/datasets/gold-prices
1979-01-01,gold,227.0,USD per troy ounce,github.com/datasets/gold-prices
1979-02-01,gold,246.0,USD per troy ounce,github.com/datasets/gold-prices
1979-03-01,gold,242.0,USD per troy ounce,github.com/datasets/gold-prices
1979-04-01,gold,239.11,USD per troy ounce,github.com/datasets/gold-prices
1979-05-01,gold,258.0,USD per troy ounce,github.com/datasets/gold-prices
1979-06-01,gold,279.0,USD per troy ounce,github.com/datasets/gold-prices
1979-07-01,gold,295.0,USD per troy ounce,github.com/datasets/gold-prices
1979-08-01,gold,301.0,USD per troy ounce,github.com/datasets/gold-prices
1979-09-01,gold,355.0,USD per troy ounce,github.com/datasets/gold-prices
1979-10-01,gold,392.0,USD per troy ounce,github.com/datasets/gold-prices
1979-11-01,gold,392.0,USD per troy ounce,github.com/datasets/gold-prices
1979-12-01,gold,455.0,USD per troy ounce,github.com/datasets/gold-prices
1980-01-01,gold,675.0,USD per troy ounce,github.com/datasets/gold-prices
1980-02-01,gold,665.0,USD per troy ounce,github.com/datasets/gold-prices
1980-03-01,gold,554.0,USD per troy ounce,github.com/datasets/gold-prices
1980-04-01,gold,517.0,USD per troy ounce,github.com/datasets/gold-prices
1980-05-01,gold,514.0,USD per troy ounce,github.com/datasets/gold-prices
1980-06-01,gold,601.0,USD per troy ounce,github.com/datasets/gold-prices
1980-07-01,gold,643.0,USD per troy ounce,github.com/datasets/gold-prices
1980-08-01,gold,627.0,USD per troy ounce,github.com/datasets/gold-prices
1980-09-01,gold,674.0,USD per troy ounce,github.com/datasets/gold-prices
1980-10-01,gold,661.0,USD per troy ounce,github.com/datasets/gold-prices
1980-11-01,gold,625.0,USD per troy ounce,github.com/datasets/gold-prices
1980-12-01,gold,538.0,USD per troy ounce,github.com/datasets/gold-prices
1981-01-01,gold,557.0,USD per troy ounce,github.com/datasets/gold-prices
1981-02-01,gold,500.0,USD per troy ounce,github.com/datasets/gold-prices
1981-03-01,gold,499.0,USD per troy ounce,github.com/datasets/gold-prices
1981-04-01,gold,496.0,USD per troy ounce,github.com/datasets/gold-prices
1981-05-01,gold,480.0,USD per troy ounce,github.com/datasets/gold-prices
1981-06-01,gold,461.0,USD per troy ounce,github.com/datasets/gold-prices
1981-07-01,gold,409.0,USD per troy ounce,github.com/datasets/gold-prices
1981-08-01,gold,410.0,USD per troy ounce,github.com/datasets/gold-prices
1981-09-01,gold,444.0,USD per troy ounce,github.com/datasets/gold-prices
1981-10-01,gold,438.0,USD per troy ounce,github.com/datasets/gold-prices
1981-11-01,gold,413.0,USD per troy ounce,github.com/datasets/gold-prices
1981-12-01,gold,410.0,USD per troy ounce,github.com/datasets/gold-prices
1982-01-01,gold,384.0,USD per troy ounce,github.com/datasets/gold-prices
1982-02-01,gold,374.0,USD per troy ounce,github.com/datasets/gold-prices
1982-03-01,gold,330.0,USD per troy ounce,github.com/datasets/gold-prices
1982-04-01,gold,350.0,USD per troy ounce,github.com/datasets/gold-prices
1982-05-01,gold,334.0,USD per troy ounce,github.com/datasets/gold-prices
1982-06-01,gold,315.0,USD per troy ounce,github.com/datasets/gold-prices
1982-07-01,gold,339.0,USD per troy ounce,github.com/datasets/gold-prices
1982-08-01,gold,364.0,USD per troy ounce,github.com/datasets/gold-prices
1982-09-01,gold,437.0,USD per troy ounce,github.com/datasets/gold-prices
1982-10-01,gold,422.0,USD per troy ounce,github.com/datasets/gold-prices
1982-11-01,gold,415.0,USD per troy ounce,github.com/datasets/gold-prices
1982-12-01,gold,445.0,USD per troy ounce,github.com/datasets/gold-prices
1983-01-01,gold,481.0,USD per troy ounce,github.com/datasets/gold-prices
1983-02-01,gold,491.0,USD per troy ounce,github.com/datasets/gold-prices
1983-03-01,gold,420.0,USD per troy ounce,github.com/datasets/gold-prices
1983-04-01,gold,433.0,USD per troy ounce,github.com/datasets/gold-prices
1983-05-01,gold,438.0,USD per troy ounce,github.com/datasets/gold-prices
1983-06-01,gold,413.0,USD per troy ounce,github.com/datasets/gold-prices
1983-07-01,gold,403.0,USD per troy ounce,github.com/datasets/gold-prices
1983-08-01,gold,416.0,USD per troy ounce,github.com/datasets/gold-prices
1983-09-01,gold,412.0,USD per troy ounce,github.com/datasets/gold-prices
1983-10-01,gold,394.0,USD per troy ounce,github.com/datasets/gold-prices
1983-11-01,gold,382.0,USD per troy ounce,github.com/datasets/gold-prices
1983-12-01,gold,388.0,USD per troy ounce,github.com/datasets/gold-prices
1984-01-01,gold,371.0,USD per troy ounce,github.com/datasets/gold-prices
1984-02-01,gold,386.0,USD per troy ounce,github.com/datasets/gold-prices
1984-03-01,gold,394.0,USD per troy ounce,github.com/datasets/gold-prices
1984-04-01,gold,381.0,USD per troy ounce,github.com/datasets/gold-prices
1984-05-01,gold,377.0,USD per troy ounce,github.com/datasets/gold-prices
1984-06-01,gold,378.0,USD per troy ounce,github.com/datasets/gold-prices
1984-07-01,gold,348.0,USD per troy ounce,github.com/datasets/gold-prices
1984-08-01,gold,348.0,USD per troy ounce,github.com/datasets/gold-prices
1984-09-01,gold,340.0,USD per troy ounce,github.com/datasets/gold-prices
1984-10-01,gold,341.0,USD per troy ounce,github.com/datasets/gold-prices
1984-11-01,gold,342.0,USD per troy ounce,github.com/datasets/gold-prices
1984-12-01,gold,320.0,USD per troy ounce,github.com/datasets/gold-prices
1985-01-01,gold,303.0,USD per troy ounce,github.com/datasets/gold-prices
1985-02-01,gold,299.0,USD per troy ounce,github.com/datasets/gold-prices
1985-03-01,gold,314.0,USD per troy ounce,github.com/datasets/gold-prices
1985-04-01,gold,327.0,USD per troy ounce,github.com/datasets/gold-prices
1985-05-01,gold,316.0,USD per troy ounce,github.com/datasets/gold-prices
1985-06-01,gold,317.0,USD per troy ounce,github.com/datasets/gold-prices
1985-07-01,gold,317.0,USD per troy ounce,github.com/datasets/gold-prices
1985-08-01,gold,330.0,USD per troy ounce,github.com/datasets/gold-prices
1985-09-01,gold,323.0,USD per troy ounce,github.com/datasets/gold-prices
1985-10-01,gold,326.0,USD per troy ounce,github.com/datasets/gold-prices
1985-11-01,gold,322.0,USD per troy ounce,github.com/datasets/gold-prices
1985-12-01,gold,322.0,USD per troy ounce,github.com/datasets/gold-prices
1986-01-01,gold,347.0,USD per troy ounce,github.com/datasets/gold-prices
1986-02-01,gold,339.0,USD per troy ounce,github.com/datasets/gold-prices
1986-03-01,gold,346.0,USD per troy ounce,github.com/datasets/gold-prices
1986-04-01,gold,340.0,USD per troy ounce,github.com/datasets/gold-prices
1986-05-01,gold,342.0,USD per troy ounce,github.com/datasets/gold-prices
1986-06-01,gold,343.0,USD per troy ounce,github.com/datasets/gold-prices
1986-07-01,gold,348.0,USD per troy ounce,github.com/datasets/gold-prices
1986-08-01,gold,377.0,USD per troy ounce,github.com/datasets/gold-prices
1986-09-01,gold,418.0,USD per troy ounce,github.com/datasets/gold-prices
1986-10-01,gold,424.0,USD per troy ounce,github.com/datasets/gold-prices
1986-11-01,gold,398.0,USD per troy ounce,github.com/datasets/gold-prices
1986-12-01,gold,391.0,USD per troy ounce,github.com/datasets/gold-prices
1987-01-01,gold,408.0,USD per troy ounce,github.com/datasets/gold-prices
1987-02-01,gold,401.0,USD per troy ounce,github.com/datasets/gold-prices
1987-03-01,gold,409.0,USD per troy ounce,github.com/datasets/gold-prices
1987-04-01,gold,438.0,USD per troy ounce,github.com/datasets/gold-prices
1987-05-01,gold,460.0,USD per troy ounce,github.com/datasets/gold-prices
1987-06-01,gold,450.0,USD per troy ounce,github.com/datasets/gold-prices
1987-07-01,gold,451.0,USD per troy ounce,github.com/datasets/gold-prices
1987-08-01,gold,461.0,USD per troy ounce,github.com/datasets/gold-prices
1987-09-01,gold,460.0,USD per troy ounce,github.com/datasets/gold-prices
1987-10-01,gold,465.0,USD per troy ounce,github.com/datasets/gold-prices
1987-11-01,gold,468.0,USD per troy ounce,github.com/datasets/gold-prices
1987-12-01,gold,486.0,USD per troy ounce,github.com/datasets/gold-prices
1988-01-01,gold,477.0,USD per troy ounce,github.com/datasets/gold-prices
1988-02-01,gold,442.0,USD per troy ounce,github.com/datasets/gold-prices
1988-03-01,gold,444.0,USD per troy ounce,github.com/datasets/gold-prices
1988-04-01,gold,452.0,USD per troy ounce,github.com/datasets/gold-prices
1988-05-01,gold,451.0,USD per troy ounce,github.com/datasets/gold-prices
1988-06-01,gold,451.0,USD per troy ounce,github.com/datasets/gold-prices
1988-07-01,gold,438.0,USD per troy ounce,github.com/datasets/gold-prices
1988-08-01,gold,431.0,USD per troy ounce,github.com/datasets/gold-prices
1988-09-01,gold,413.0,USD per troy ounce,github.com/datasets/gold-prices
1988-10-01,gold,407.0,USD per troy ounce,github.com/datasets/gold-prices
1988-11-01,gold,420.0,USD per troy ounce,github.com/datasets/gold-prices
1988-12-01,gold,419.0,USD per troy ounce,github.com/datasets/gold-prices
1989-01-01,gold,404.0,USD per troy ounce,github.com/datasets/gold-prices
1989-02-01,gold,388.0,USD per troy ounce,github.com/datasets/gold-prices
1989-03-01,gold,390.0,USD per troy ounce,github.com/datasets/gold-prices
1989-04-01,gold,384.0,USD per troy ounce,github.com/datasets/gold-prices
1989-05-01,gold,371.0,USD per troy ounce,github.com/datasets/gold-prices
1989-06-01,gold,368.0,USD per troy ounce,github.com/datasets/gold-prices
1989-07-01,gold,375.0,USD per troy ounce,github.com/datasets/gold-prices
1989-08-01,gold,365.0,USD per troy ounce,github.com/datasets/gold-prices
1989-09-01,gold,362.0,USD per troy ounce,github.com/datasets/gold-prices
1989-10-01,gold,367.0,USD per troy ounce,github.com/datasets/gold-prices
1989-11-01,gold,394.0,USD per troy ounce,github.com/datasets/gold-prices
1989-12-01,gold,409.39,USD per troy ounce,github.com/datasets/gold-prices
1990-01-01,gold,410.0,USD per troy ounce,github.com/datasets/gold-prices
1990-02-01,gold,417.0,USD per troy ounce,github.com/datasets/gold-prices
1990-03-01,gold,393.0,USD per troy ounce,github.com/datasets/gold-prices
1990-04-01,gold,374.0,USD per troy ounce,github.com/datasets/gold-prices
1990-05-01,gold,369.0,USD per troy ounce,github.com/datasets/gold-prices
1990-06-01,gold,352.0,USD per troy ounce,github.com/datasets/gold-prices
1990-07-01,gold,363.0,USD per troy ounce,github.com/datasets/gold-prices
1990-08-01,gold,395.0,USD per troy ounce,github.com/datasets/gold-prices
1990-09-01,gold,389.0,USD per troy ounce,github.com/datasets/gold-prices
1990-10-01,gold,381.0,USD per troy ounce,github.com/datasets/gold-prices
1990-11-01,gold,382.0,USD per troy ounce,github.com/datasets/gold-prices
1990-12-01,gold,377.0,USD per troy ounce,github.com/datasets/gold-prices
1991-01-01,gold,384.0,USD per troy ounce,github.com/datasets/gold-prices
1991-02-01,gold,364.0,USD per troy ounce,github.com/datasets/gold-prices
1991-03-01,gold,363.0,USD per troy ounce,github.com/datasets/gold-prices
1991-04-01,gold,358.0,USD per troy ounce,github.com/datasets/gold-prices
1991-05-01,gold,357.0,USD per troy ounce,github.com/datasets/gold-prices
1991-06-01,gold,367.0,USD per troy ounce,github.com/datasets/gold-prices
1991-07-01,gold,368.0,USD per troy ounce,github.com/datasets/gold-prices
1991-08-01,gold,356.0,USD per troy ounce,github.com/datasets/gold-prices
1991-09-01,gold,349.0,USD per troy ounce,github.com/datasets/gold-prices
1991-10-01,gold,359.0,USD per troy ounce,github.com/datasets/gold-prices
1991-11-01,gold,360.0,USD per troy ounce,github.com/datasets/gold-prices
1991-12-01,gold,362.0,USD per troy ounce,github.com/datasets/gold-prices
1992-01-01,gold,354.0,USD per troy ounce,github.com/datasets/gold-prices
1992-02-01,gold,354.0,USD per troy ounce,github.com/datasets/gold-prices
1992-03-01,gold,344.0,USD per troy ounce,github.com/datasets/gold-prices
1992-04-01,gold,339.0,USD per troy ounce,github.com/datasets/gold-prices
1992-05-01,gold,337.0,USD per troy ounce,github.com/datasets/gold-prices
1992-06-01,gold,341.0,USD per troy ounce,github.com/datasets/gold-prices
1992-07-01,gold,353.0,USD per troy ounce,github.com/datasets/gold-prices
1992-08-01,gold,343.0,USD per troy ounce,github.com/datasets/gold-prices
1992-09-01,gold,345.0,USD per troy ounce,github.com/datasets/gold-prices
1992-10-01,gold,344.0,USD per troy ounce,github.com/datasets/gold-prices
1992-11-01,gold,335.0,USD per troy ounce,github.com/datasets/gold-prices
1992-12-01,gold,335.0,USD per troy ounce,github.com/datasets/gold-prices
1993-01-01,gold,329.0,USD per troy ounce,github.com/datasets/gold-prices
1993-02-01,gold,329.0,USD per troy ounce,github.com/datasets/gold-prices
1993-03-01,gold,330.0,USD per troy ounce,github.com/datasets/gold-prices
1993-04-01,gold,342.0,USD per troy ounce,github.com/datasets/gold-prices
1993-05-01,gold,367.0,USD per troy ounce,github.com/datasets/gold-prices
1993-06-01,gold,372.0,USD per troy ounce,github.com/datasets/gold-prices
1993-07-01,gold,392.0,USD per troy ounce,github.com/datasets/gold-prices
1993-08-01,gold,379.0,USD per troy ounce,github.com/datasets/gold-prices
1993-09-01,gold,355.0,USD per troy ounce,github.com/datasets/gold-prices
1993-10-01,gold,364.0,USD per troy ounce,github.com/datasets/gold-prices
1993-11-01,gold,374.0,USD per troy ounce,github.com/datasets/gold-prices
1993-12-01,gold,383.0,USD per troy ounce,github.com/datasets/gold-prices
1994-01-01,gold,387.0,USD per troy ounce,github.com/datasets/gold-prices
1994-02-01,gold,382.0,USD per troy ounce,github.com/datasets/gold-prices
1994-03-01,gold,384.0,USD per troy ounce,github.com/datasets/gold-prices
1994-04-01,gold,377.0,USD per troy ounce,github.com/datasets/gold-prices
1994-05-01,gold,381.0,USD per troy ounce,github.com/datasets/gold-prices
1994-06-01,gold,386.0,USD per troy ounce,github.com/datasets/gold-prices
1994-07-01,gold,385.0,USD per troy ounce,github.com/datasets/gold-prices
1994-08-01,gold,380.0,USD per troy ounce,github.com/datasets/gold-prices
1994-09-01,gold,392.0,USD per troy ounce,github.com/datasets/gold-prices
1994-10-01,gold,390.0,USD per troy ounce,github.com/datasets/gold-prices
1994-11-01,gold,384.0,USD per troy ounce,github.com/datasets/gold-prices
1994-12-01,gold,379.0,USD per troy ounce,github.com/datasets/gold-prices
1995-01-01,gold,379.0,USD per troy ounce,github.com/datasets/gold-prices
1995-02-01,gold,377.0,USD per troy ounce,github.com/datasets/gold-prices
1995-03-01,gold,382.0,USD per troy ounce,github.com/datasets/gold-prices
1995-04-01,gold,391.0,USD per troy ounce,github.com/datasets/gold-prices
1995-05-01,gold,385.0,USD per troy ounce,github.com/datasets/gold-prices
1995-06-01,gold,388.0,USD per troy ounce,github.com/datasets/gold-prices
1995-07-01,gold,386.0,USD per troy ounce,github.com/datasets/gold-prices
1995-08-01,gold,384.0,USD per troy ounce,github.com/datasets/gold-prices
1995-09-01,gold,383.0,USD per troy ounce,github.com/datasets/gold-prices
1995-10-01,gold,383.0,USD per troy ounce,github.com/datasets/gold-prices
1995-11-01,gold,385.0,USD per troy ounce,github.com/datasets/gold-prices
1995-12-01,gold,387.0,USD per troy ounce,github.com/datasets/gold-prices
1996-01-01,gold,399.0,USD per troy ounce,github.com/datasets/gold-prices
1996-02-01,gold,405.0,USD per troy ounce,github.com/datasets/gold-prices
1996-03-01,gold,396.0,USD per troy ounce,github.com/datasets/gold-prices
1996-04-01,gold,393.0,USD per troy ounce,github.com/datasets/gold-prices
1996-05-01,gold,392.0,USD per troy ounce,github.com/datasets/gold-prices
1996-06-01,gold,385.0,USD per troy ounce,github.com/datasets/gold-prices
1996-07-01,gold,383.0,USD per troy ounce,github.com/datasets/gold-prices
1996-08-01,gold,387.0,USD per troy ounce,github.com/datasets/gold-prices
1996-09-01,gold,383.0,USD per troy ounce,github.com/datasets/gold-prices
1996-10-01,gold,381.0,USD per troy ounce,github.com/datasets/gold-prices
1996-11-01,gold,378.0,USD per troy ounce,github.com/datasets/gold-prices
1996-12-01,gold,369.0,USD per troy ounce,github.com/datasets/gold-prices
1997-01-01,gold,355.0,USD per troy ounce,github.com/datasets/gold-prices
1997-02-01,gold,347.0,USD per troy ounce,github.com/datasets/gold-prices
1997-03-01,gold,352.0,USD per troy ounce,github.com/datasets/gold-prices
1997-04-01,gold,344.0,USD per troy ounce,github.com/datasets/gold-prices
1997-05-01,gold,344.0,USD per troy ounce,github.com/datasets/gold-prices
1997-06-01,gold,341.0,USD per troy ounce,github.com/datasets/gold-prices
1997-07-01,gold,324.0,USD per troy ounce,github.com/datasets/gold-prices
1997-08-01,gold,324.0,USD per troy ounce,github.com/datasets/gold-prices
1997-09-01,gold,323.0,USD per troy ounce,github.com/datasets/gold-prices
1997-10-01,gold,325.0,USD per troy ounce,github.com/datasets/gold-prices
1997-11-01,gold,306.0,USD per troy ounce,github.com/datasets/gold-prices
1997-12-01,gold,289.0,USD per troy ounce,github.com/datasets/gold-prices
1998-01-01,gold,289.0,USD per troy ounce,github.com/datasets/gold-prices
1998-02-01,gold,297.0,USD per troy ounce,github.com/datasets/gold-prices
1998-03-01,gold,296.0,USD per troy ounce,github.com/datasets/gold-prices
1998-04-01,gold,308.0,USD per troy ounce,github.com/datasets/gold-prices
1998-05-01,gold,299.0,USD per troy ounce,github.com/datasets/gold-prices
1998-06-01,gold,292.0,USD per troy ounce,github.com/datasets/gold-prices
1998-07-01,gold,293.0,USD per troy ounce,github.com/datasets/gold-prices
1998-08-01,gold,284.0,USD per troy ounce,github.com/datasets/gold-prices
1998-09-01,gold,289.0,USD per troy ounce,github.com/datasets/gold-prices
1998-10-01,gold,296.0,USD per troy ounce,github.com/datasets/gold-prices
1998-11-01,gold,294.0,USD per troy ounce,github.com/datasets/gold-prices
1998-12-01,gold,292.0,USD per troy ounce,github.com/datasets/gold-prices
1999-01-01,gold,287.0,USD per troy ounce,github.com/datasets/gold-prices
1999-02-01,gold,287.0,USD per troy ounce,github.com/datasets/gold-prices
1999-03-01,gold,286.0,USD per troy ounce,github.com/datasets/gold-prices
1999-04-01,gold,283.0,USD per troy ounce,github.com/datasets/gold-prices
1999-05-01,gold,276.0,USD per troy ounce,github.com/datasets/gold-prices
1999-06-01,gold,261.0,USD per troy ounce,github.com/datasets/gold-prices
1999-07-01,gold,256.0,USD per troy ounce,github.com/datasets/gold-prices
1999-08-01,gold,257.0,USD per troy ounce,github.com/datasets/gold-prices
1999-09-01,gold,265.0,USD per troy ounce,github.com/datasets/gold-prices
1999-10-01,gold,311.0,USD per troy ounce,github.com/datasets/gold-prices
1999-11-01,gold,293.0,USD per troy ounce,github.com/datasets/gold-prices
1999-12-01,gold,283.0,USD per troy ounce,github.com/datasets/gold-prices
2000-01-01,gold,284.0,USD per troy ounce,github.com/datasets/gold-prices
2000-02-01,gold,300.0,USD per troy ounce,github.com/datasets/gold-prices
2000-03-01,gold,286.0,USD per troy ounce,github.com/datasets/gold-prices
2000-04-01,gold,280.0,USD per troy ounce,github.com/datasets/gold-prices
2000-05-01,gold,275.0,USD per troy ounce,github.com/datasets/gold-prices
2000-06-01,gold,286.0,USD per troy ounce,github.com/datasets/gold-prices
2000-07-01,gold,282.0,USD per troy ounce,github.com/datasets/gold-prices
2000-08-01,gold,274.47,USD per troy ounce,github.com/datasets/gold-prices
2000-09-01,gold,274.0,USD per troy ounce,github.com/datasets/gold-prices
2000-10-01,gold,270.0,USD per troy ounce,github.com/datasets/gold-prices
2000-11-01,gold,266.0,USD per troy ounce,github.com/datasets/gold-prices
2000-12-01,gold,271.0,USD per troy ounce,github.com/datasets/gold-prices
2001-01-01,gold,265.0,USD per troy ounce,github.com/datasets/gold-prices
2001-02-01,gold,262.0,USD per troy ounce,github.com/datasets/gold-prices
2001-03-01,gold,263.0,USD per troy ounce,github.com/datasets/gold-prices
2001-04-01,gold,260.0,USD per troy ounce,github.com/datasets/gold-prices
2001-05-01,gold,272.0,USD per troy ounce,github.com/datasets/gold-prices
2001-06-01,gold,270.0,USD per troy ounce,github.com/datasets/gold-prices
2001-07-01,gold,268.0,USD per troy ounce,github.com/datasets/gold-prices
2001-08-01,gold,272.0,USD per troy ounce,github.com/datasets/gold-prices
2001-09-01,gold,283.0,USD per troy ounce,github.com/datasets/gold-prices
2001-10-01,gold,283.0,USD per troy ounce,github.com/datasets/gold-prices
2001-11-01,gold,276.0,USD per troy ounce,github.com/datasets/gold-prices
2001-12-01,gold,276.0,USD per troy ounce,github.com/datasets/gold-prices
2002-01-01,gold,282.0,USD per troy ounce,github.com/datasets/gold-prices
2002-02-01,gold,296.0,USD per troy ounce,github.com/datasets/gold-prices
2002-03-01,gold,294.0,USD per troy ounce,github.com/datasets/gold-prices
2002-04-01,gold,303.0,USD per troy ounce,github.com/datasets/gold-prices
2002-05-01,gold,314.0,USD per troy ounce,github.com/datasets/gold-prices
2002-06-01,gold,321.0,USD per troy ounce,github.com/datasets/gold-prices
2002-07-01,gold,313.0,USD per troy ounce,github.com/datasets/gold-prices
2002-08-01,gold,310.0,USD per troy ounce,github.com/datasets/gold-prices
2002-09-01,gold,319.0,USD per troy ounce,github.com/datasets/gold-prices
2002-10-01,gold,317.0,USD per troy ounce,github.com/datasets/gold-prices
2002-11-01,gold,319.0,USD per troy ounce,github.com/datasets/gold-prices
2002-12-01,gold,332.0,USD per troy ounce,github.com/datasets/gold-prices
2003-01-01,gold,357.0,USD per troy ounce,github.com/datasets/gold-prices
2003-02-01,gold,359.0,USD per troy ounce,github.com/datasets/gold-prices
2003-03-01,gold,341.0,USD per troy ounce,github.com/datasets/gold-prices
2003-04-01,gold,328.0,USD per troy ounce,github.com/datasets/gold-prices
2003-05-01,gold,356.0,USD per troy ounce,github.com/datasets/gold-prices
2003-06-01,gold,356.0,USD per troy ounce,github.com/datasets/gold-prices
2003-07-01,gold,351.0,USD per troy ounce,github.com/datasets/gold-prices
2003-08-01,gold,360.0,USD per troy ounce,github.com/datasets/gold-prices
2003-09-01,gold,379.0,USD per troy ounce,github.com/datasets/gold-prices
2003-10-01,gold,379.0,USD per troy ounce,github.com/datasets/gold-prices
2003-11-01,gold,390.0,USD per troy ounce,github.com/datasets/gold-prices
2003-12-01,gold,407.0,USD per troy ounce,github.com/datasets/gold-prices
2004-01-01,gold,414.0,USD per troy ounce,github.com/datasets/gold-prices
2004-02-01,gold,405.0,USD per troy ounce,github.com/datasets/gold-prices
2004-03-01,gold,407.0,USD per troy ounce,github.com/datasets/gold-prices
2004-04-01,gold,403.0,USD per troy ounce,github.com/datasets/gold-prices
2004-05-01,gold,384.0,USD per troy ounce,github.com/datasets/gold-prices
2004-06-01,gold,392.0,USD per troy ounce,github.com/datasets/gold-prices
2004-07-01,gold,398.0,USD per troy ounce,github.com/datasets/gold-prices
2004-08-01,gold,401.0,USD per troy ounce,github.com/datasets/gold-prices
2004-09-01,gold,405.0,USD per troy ounce,github.com/datasets/gold-prices
2004-10-01,gold,420.0,USD per troy ounce,github.com/datasets/gold-prices
2004-11-01,gold,439.0,USD per troy ounce,github.com/datasets/gold-prices
2004-12-01,gold,442.0,USD per troy ounce,github.com/datasets/gold-prices
2005-01-01,gold,424.0,USD per troy ounce,github.com/datasets/gold-prices
2005-02-01,gold,423.0,USD per troy ounce,github.com/datasets/gold-prices
2005-03-01,gold,434.0,USD per troy ounce,github.com/datasets/gold-prices
2005-04-01,gold,429.0,USD per troy ounce,github.com/datasets/gold-prices
2005-05-01,gold,422.0,USD per troy ounce,github.com/datasets/gold-prices
2005-06-01,gold,431.0,USD per troy ounce,github.com/datasets/gold-prices
2005-07-01,gold,424.0,USD per troy ounce,github.com/datasets/gold-prices
2005-08-01,gold,438.0,USD per troy ounce,github.com/datasets/gold-prices
2005-09-01,gold,456.0,USD per troy ounce,github.com/datasets/gold-prices
2005-10-01,gold,470.0,USD per troy ounce,github.com/datasets/gold-prices
2005-11-01,gold,477.0,USD per troy ounce,github.com/datasets/gold-prices
2005-12-01,gold,510.0,USD per troy ounce,github.com/datasets/gold-prices
2006-01-01,gold,550.0,USD per troy ounce,github.com/datasets/gold-prices
2006-02-01,gold,555.0,USD per troy ounce,github.com/datasets/gold-prices
2006-03-01,gold,557.0,USD per troy ounce,github.com/datasets/gold-prices
2006-04-01,gold,611.0,USD per troy ounce,github.com/datasets/gold-prices
2006-05-01,gold,675.0,USD per troy ounce,github.com/datasets/gold-prices
2006-06-01,gold,596.0,USD per troy ounce,github.com/datasets/gold-prices
2006-07-01,gold,634.0,USD per troy ounce,github.com/datasets/gold-prices
2006-08-01,gold,633.0,USD per troy ounce,github.com/datasets/gold-prices
2006-09-01,gold,598.0,USD per troy ounce,github.com/datasets/gold-prices
2006-10-01,gold,586.0,USD per troy ounce,github.com/datasets/gold-prices
2006-11-01,gold,628.0,USD per troy ounce,github.com/datasets/gold-prices
2006-12-01,gold,630.0,USD per troy ounce,github.com/datasets/gold-prices
2007-01-01,gold,631.0,USD per troy ounce,github.com/datasets/gold-prices
2007-02-01,gold,665.0,USD per troy ounce,github.com/datasets/gold-prices
2007-03-01,gold,655.0,USD per troy ounce,github.com/datasets/gold-prices
2007-04-01,gold,679.0,USD per troy ounce,github.com/datasets/gold-prices
2007-05-01,gold,667.0,USD per troy ounce,github.com/datasets/gold-prices
2007-06-01,gold,656.0,USD per troy ounce,github.com/datasets/gold-prices
2007-07-01,gold,665.0,USD per troy ounce,github.com/datasets/gold-prices
2007-08-01,gold,665.0,USD per troy ounce,github.com/datasets/gold-prices
2007-09-01,gold,713.0,USD per troy ounce,github.com/datasets/gold-prices
2007-10-01,gold,755.0,USD per troy ounce,github.com/datasets/gold-prices
2007-11-01,gold,806.0,USD per troy ounce,github.com/datasets/gold-prices
2007-12-01,gold,803.0,USD per troy ounce,github.com/datasets/gold-prices
2008-01-01,gold,890.0,USD per troy ounce,github.com/datasets/gold-prices
2008-02-01,gold,922.0,USD per troy ounce,github.com/datasets/gold-prices
2008-03-01,gold,968.0,USD per troy ounce,github.com/datasets/gold-prices
2008-04-01,gold,910.0,USD per troy ounce,github.com/datasets/gold-prices
2008-05-01,gold,889.0,USD per troy ounce,github.com/datasets/gold-prices
2008-06-01,gold,889.0,USD per troy ounce,github.com/datasets/gold-prices
2008-07-01,gold,940.0,USD per troy ounce,github.com/datasets/gold-prices
2008-08-01,gold,839.0,USD per troy ounce,github.com/datasets/gold-prices
2008-09-01,gold,830.0,USD per troy ounce,github.com/datasets/gold-prices
2008-10-01,gold,807.0,USD per troy ounce,github.com/datasets/gold-prices
2008-11-01,gold,761.0,USD per troy ounce,github.com/datasets/gold-prices
2008-12-01,gold,816.0,USD per troy ounce,github.com/datasets/gold-prices
2009-01-01,gold,859.0,USD per troy ounce,github.com/datasets/gold-prices
2009-02-01,gold,943.0,USD per troy ounce,github.com/datasets/gold-prices
2009-03-01,gold,924.0,USD per troy ounce,github.com/datasets/gold-prices
2009-04-01,gold,890.0,USD per troy ounce,github.com/datasets/gold-prices
2009-05-01,gold,929.0,USD per troy ounce,github.com/datasets/gold-prices
2009-06-01,gold,946.0,USD per troy ounce,github.com/datasets/gold-prices
2009-07-01,gold,934.0,USD per troy ounce,github.com/datasets/gold-prices
2009-08-01,gold,949.0,USD per troy ounce,github.com/datasets/gold-prices
2009-09-01,gold,996.59,USD per troy ounce,github.com/datasets/gold-prices
2009-10-01,gold,1043.0,USD per troy ounce,github.com/datasets/gold-prices
2009-11-01,gold,1127.0,USD per troy ounce,github.com/datasets/gold-prices
2009-12-01,gold,1135.0,USD per troy ounce,github.com/datasets/gold-prices
2010-01-01,gold,1118.0,USD per troy ounce,github.com/datasets/gold-prices
2010-02-01,gold,1095.0,USD per troy ounce,github.com/datasets/gold-prices
2010-03-01,gold,1113.0,USD per troy ounce,github.com/datasets/gold-prices
2010-04-01,gold,1149.0,USD per troy ounce,github.com/datasets/gold-prices
2010-05-01,gold,1205.0,USD per troy ounce,github.com/datasets/gold-prices
2010-06-01,gold,1233.0,USD per troy ounce,github.com/datasets/gold-prices
2010-07-01,gold,1193.0,USD per troy ounce,github.com/datasets/gold-prices
2010-08-01,gold,1216.0,USD per troy ounce,github.com/datasets/gold-prices
2010-09-01,gold,1271.0,USD per troy ounce,github.com/datasets/gold-prices
2010-10-01,gold,1342.0,USD per troy ounce,github.com/datasets/gold-prices
2010-11-01,gold,1370.0,USD per troy ounce,github.com/datasets/gold-prices
2010-12-01,gold,1391.0,USD per troy ounce,github.com/datasets/gold-prices
2011-01-01,gold,1360.0,USD per troy ounce,github.com/datasets/gold-prices
2011-02-01,gold,1375.0,USD per troy ounce,github.com/datasets/gold-prices
2011-03-01,gold,1423.0,USD per troy ounce,github.com/datasets/gold-prices
2011-04-01,gold,1481.0,USD per troy ounce,github.com/datasets/gold-prices
2011-05-01,gold,1513.0,USD per troy ounce,github.com/datasets/gold-prices
2011-06-01,gold,1529.0,USD per troy ounce,github.com/datasets/gold-prices
2011-07-01,gold,1573.0,USD per troy ounce,github.com/datasets/gold-prices
2011-08-01,gold,1759.0,USD per troy ounce,github.com/datasets/gold-prices
2011-09-01,gold,1772.0,USD per troy ounce,github.com/datasets/gold-prices
2011-10-01,gold,1666.0,USD per troy ounce,github.com/datasets/gold-prices
2011-11-01,gold,1739.0,USD per troy ounce,github.com/datasets/gold-prices
2011-12-01,gold,1640.0,USD per troy ounce,github.com/datasets/gold-prices
2012-01-01,gold,1654.0,USD per troy ounce,github.com/datasets/gold-prices
2012-02-01,gold,1745.0,USD per troy ounce,github.com/datasets/gold-prices
2012-03-01,gold,1676.0,USD per troy ounce,github.com/datasets/gold-prices
2012-04-01,gold,1649.0,USD per troy ounce,github.com/datasets/gold-prices
2012-05-01,gold,1589.0,USD per troy ounce,github.com/datasets/gold-prices
2012-06-01,gold,1599.0,USD per troy ounce,github.com/datasets/gold-prices
2012-07-01,gold,1594.0,USD per troy ounce,github.com/datasets/gold-prices
2012-08-01,gold,1630.0,USD per troy ounce,github.com/datasets/gold-prices
2012-09-01,gold,1745.0,USD per troy ounce,github.com/datasets/gold-prices
2012-10-01,gold,1747.0,USD per troy ounce,github.com/datasets/gold-prices
2012-11-01,gold,1722.0,USD per troy ounce,github.com/datasets/gold-prices
2012-12-01,gold,1685.0,USD per troy ounce,github.com/datasets/gold-prices
2013-01-01,gold,1672.0,USD per troy ounce,github.com/datasets/gold-prices
2013-02-01,gold,1628.0,USD per troy ounce,github.com/datasets/gold-prices
2013-03-01,gold,1593.0,USD per troy ounce,github.com/datasets/gold-prices
2013-04-01,gold,1488.0,USD per troy ounce,github.com/datasets/gold-prices
2013-05-01,gold,1414.0,USD per troy ounce,github.com/datasets/gold-prices
2013-06-01,gold,1343.0,USD per troy ounce,github.com/datasets/gold-prices
2013-07-01,gold,1286.0,USD per troy ounce,github.com/datasets/gold-prices
2013-08-01,gold,1352.0,USD per troy ounce,github.com/datasets/gold-prices
2013-09-01,gold,1349.0,USD per troy ounce,github.com/datasets/gold-prices
2013-10-01,gold,1317.0,USD per troy ounce,github.com/datasets/gold-prices
2013-11-01,gold,1276.0,USD per troy ounce,github.com/datasets/gold-prices
2013-12-01,gold,1222.0,USD per troy ounce,github.com/datasets/gold-prices
2014-01-01,gold,1244.0,USD per troy ounce,github.com/datasets/gold-prices
2014-02-01,gold,1300.0,USD per troy ounce,github.com/datasets/gold-prices
2014-03-01,gold,1336.0,USD per troy ounce,github.com/datasets/gold-prices
2014-04-01,gold,1298.0,USD per troy ounce,github.com/datasets/gold-prices
2014-05-01,gold,1289.0,USD per troy ounce,github.com/datasets/gold-prices
2014-06-01,gold,1279.0,USD per troy ounce,github.com/datasets/gold-prices
2014-07-01,gold,1311.0,USD per troy ounce,github.com/datasets/gold-prices
2014-08-01,gold,1295.0,USD per troy ounce,github.com/datasets/gold-prices
2014-09-01,gold,1237.0,USD per troy ounce,github.com/datasets/gold-prices
2014-10-01,gold,1222.0,USD per troy ounce,github.com/datasets/gold-prices
2014-11-01,gold,1175.0,USD per troy ounce,github.com/datasets/gold-prices
2014-12-01,gold,1201.0,USD per troy ounce,github.com/datasets/gold-prices
2015-01-01,gold,1251.0,USD per troy ounce,github.com/datasets/gold-prices
2015-02-01,gold,1227.0,USD per troy ounce,github.com/datasets/gold-prices
2015-03-01,gold,1179.0,USD per troy ounce,github.com/datasets/gold-prices
2015-04-01,gold,1199.0,USD per troy ounce,github.com/datasets/gold-prices
2015-05-01,gold,1199.0,USD per troy ounce,github.com/datasets/gold-prices
2015-06-01,gold,1182.0,USD per troy ounce,github.com/datasets/gold-prices
2015-07-01,gold,1128.0,USD per troy ounce,github.com/datasets/gold-prices
2015-08-01,gold,1118.0,USD per troy ounce,github.com/datasets/gold-prices
2015-09-01,gold,1125.0,USD per troy ounce,github.com/datasets/gold-prices
2015-10-01,gold,1159.0,USD per troy ounce,github.com/datasets/gold-prices
2015-11-01,gold,1086.0,USD per troy ounce,github.com/datasets/gold-prices
2015-12-01,gold,1076.0,USD per troy ounce,github.com/datasets/gold-prices
2016-01-01,gold,1098.0,USD per troy ounce,github.com/datasets/gold-prices
2016-02-01,gold,1200.0,USD per troy ounce,github.com/datasets/gold-prices
2016-03-01,gold,1245.0,USD per troy ounce,github.com/datasets/gold-prices
2016-04-01,gold,1242.0,USD per troy ounce,github.com/datasets/gold-prices
2016-05-01,gold,1261.0,USD per troy ounce,github.com/datasets/gold-prices
2016-06-01,gold,1276.0,USD per troy ounce,github.com/datasets/gold-prices
2016-07-01,gold,1337.0,USD per troy ounce,github.com/datasets/gold-prices
2016-08-01,gold,1340.0,USD per troy ounce,github.com/datasets/gold-prices
2016-09-01,gold,1327.0,USD per troy ounce,github.com/datasets/gold-prices
2016-10-01,gold,1267.0,USD per troy ounce,github.com/datasets/gold-prices
2016-11-01,gold,1238.0,USD per troy ounce,github.com/datasets/gold-prices
2016-12-01,gold,1157.0,USD per troy ounce,github.com/datasets/gold-prices
2017-01-01,gold,1192.0,USD per troy ounce,github.com/datasets/gold-prices
2017-02-01,gold,1234.0,USD per troy ounce,github.com/datasets/gold-prices
2017-03-01,gold,1231.0,USD per troy ounce,github.com/datasets/gold-prices
2017-04-01,gold,1267.0,USD per troy ounce,github.com/datasets/gold-prices
2017-05-01,gold,1246.0,USD per troy ounce,github.com/datasets/gold-prices
2017-06-01,gold,1260.0,USD per troy ounce,github.com/datasets/gold-prices
2017-07-01,gold,1237.0,USD per troy ounce,github.com/datasets/gold-prices
2017-08-01,gold,1283.0,USD per troy ounce,github.com/datasets/gold-prices
2017-09-01,gold,1314.0,USD per troy ounce,github.com/datasets/gold-prices
2017-10-01,gold,1280.0,USD per troy ounce,github.com/datasets/gold-prices
2017-11-01,gold,1282.0,USD per troy ounce,github.com/datasets/gold-prices
2017-12-01,gold,1264.0,USD per troy ounce,github.com/datasets/gold-prices
2018-01-01,gold,1331.0,USD per troy ounce,github.com/datasets/gold-prices
2018-02-01,gold,1331.0,USD per troy ounce,github.com/datasets/gold-prices
2018-03-01,gold,1325.0,USD per troy ounce,github.com/datasets/gold-prices
2018-04-01,gold,1335.0,USD per troy ounce,github.com/datasets/gold-prices
2018-05-01,gold,1303.0,USD per troy ounce,github.com/datasets/gold-prices
2018-06-01,gold,1282.0,USD per troy ounce,github.com/datasets/gold-prices
2018-07-01,gold,1238.0,USD per troy ounce,github.com/datasets/gold-prices
2018-08-01,gold,1202.0,USD per troy ounce,github.com/datasets/gold-prices
2018-09-01,gold,1198.0,USD per troy ounce,github.com/datasets/gold-prices
2018-10-01,gold,1215.0,USD per troy ounce,github.com/datasets/gold-prices
2018-11-01,gold,1221.0,USD per troy ounce,github.com/datasets/gold-prices
2018-12-01,gold,1250.0,USD per troy ounce,github.com/datasets/gold-prices
2019-01-01,gold,1292.0,USD per troy ounce,github.com/datasets/gold-prices
2019-02-01,gold,1320.0,USD per troy ounce,github.com/datasets/gold-prices
2019-03-01,gold,1301.0,USD per troy ounce,github.com/datasets/gold-prices
2019-04-01,gold,1286.0,USD per troy ounce,github.com/datasets/gold-prices
2019-05-01,gold,1284.0,USD per troy ounce,github.com/datasets/gold-prices
2019-06-01,gold,1359.0,USD per troy ounce,github.com/datasets/gold-prices
2019-07-01,gold,1413.0,USD per troy ounce,github.com/datasets/gold-prices
2019-08-01,gold,1500.0,USD per troy ounce,github.com/datasets/gold-prices
2019-09-01,gold,1511.0,USD per troy ounce,github.com/datasets/gold-prices
2019-10-01,gold,1495.0,USD per troy ounce,github.com/datasets/gold-prices
2019-11-01,gold,1471.0,USD per troy ounce,github.com/datasets/gold-prices
2019-12-01,gold,1479.0,USD per troy ounce,github.com/datasets/gold-prices
2020-01-01,gold,1561.0,USD per troy ounce,github.com/datasets/gold-prices
2020-02-01,gold,1597.0,USD per troy ounce,github.com/datasets/gold-prices
2020-03-01,gold,1592.0,USD per troy ounce,github.com/datasets/gold-prices
2020-04-01,gold,1683.0,USD per troy ounce,github.com/datasets/gold-prices
2020-05-01,gold,1716.0,USD per troy ounce,github.com/datasets/gold-prices
2020-06-01,gold,1732.0,USD per troy ounce,github.com/datasets/gold-prices
2020-07-01,gold,1847.0,USD per troy ounce,github.com/datasets/gold-prices
2020-08-01,gold,1969.0,USD per troy ounce,github.com/datasets/gold-prices
2020-09-01,gold,1922.0,USD per troy ounce,github.com/datasets/gold-prices
2020-10-01,gold,1900.0,USD per troy ounce,github.com/datasets/gold-prices
2020-11-01,gold,1866.0,USD per troy ounce,github.com/datasets/gold-prices
2020-12-01,gold,1858.0,USD per troy ounce,github.com/datasets/gold-prices
2021-01-01,gold,1867.0,USD per troy ounce,github.com/datasets/gold-prices
2021-02-01,gold,1808.0,USD per troy ounce,github.com/datasets/gold-prices
2021-03-01,gold,1718.0,USD per troy ounce,github.com/datasets/gold-prices
2021-04-01,gold,1760.0,USD per troy ounce,github.com/datasets/gold-prices
2021-05-01,gold,1850.0,USD per troy ounce,github.com/datasets/gold-prices
2021-06-01,gold,1835.0,USD per troy ounce,github.com/datasets/gold-prices
2021-07-01,gold,1808.0,USD per troy ounce,github.com/datasets/gold-prices
2021-08-01,gold,1785.0,USD per troy ounce,github.com/datasets/gold-prices
2021-09-01,gold,1775.0,USD per troy ounce,github.com/datasets/gold-prices
2021-10-01,gold,1777.0,USD per troy ounce,github.com/datasets/gold-prices
2021-11-01,gold,1822.0,USD per troy ounce,github.com/datasets/gold-prices
2021-12-01,gold,1790.0,USD per troy ounce,github.com/datasets/gold-prices
2022-01-01,gold,1816.0,USD per troy ounce,github.com/datasets/gold-prices
2022-02-01,gold,1856.0,USD per troy ounce,github.com/datasets/gold-prices
2022-03-01,gold,1948.0,USD per troy ounce,github.com/datasets/gold-prices
2022-04-01,gold,1937.0,USD per troy ounce,github.com/datasets/gold-prices
2022-05-01,gold,1849.0,USD per troy ounce,github.com/datasets/gold-prices
2022-06-01,gold,1837.0,USD per troy ounce,github.com/datasets/gold-prices
2022-07-01,gold,1733.0,USD per troy ounce,github.com/datasets/gold-prices
2022-08-01,gold,1765.0,USD per troy ounce,github.com/datasets/gold-prices
2022-09-01,gold,1681.0,USD per troy ounce,github.com/datasets/gold-prices
2022-10-01,gold,1664.0,USD per troy ounce,github.com/datasets/gold-prices
2022-11-01,gold,1725.0,USD per troy ounce,github.com/datasets/gold-prices
2022-12-01,gold,1798.0,USD per troy ounce,github.com/datasets/gold-prices
2023-01-01,gold,1898.0,USD per troy ounce,github.com/datasets/gold-prices
2023-02-01,gold,1855.0,USD per troy ounce,github.com/datasets/gold-prices
2023-03-01,gold,1913.0,USD per troy ounce,github.com/datasets/gold-prices
2023-04-01,gold,2000.0,USD per troy ounce,github.com/datasets/gold-prices
2023-05-01,gold,1992.0,USD per troy ounce,github.com/datasets/gold-prices
2023-06-01,gold,1943.0,USD per troy ounce,github.com/datasets/gold-prices
2023-07-01,gold,1951.0,USD per troy ounce,github.com/datasets/gold-prices
2023-08-01,gold,1919.0,USD per troy ounce,github.com/datasets/gold-prices
2023-09-01,gold,1916.0,USD per troy ounce,github.com/datasets/gold-prices
2023-10-01,gold,1916.0,USD per troy ounce,github.com/datasets/gold-prices
2023-11-01,gold,1984.0,USD per troy ounce,github.com/datasets/gold-prices
2023-12-01,gold,2026.0,USD per troy ounce,github.com/datasets/gold-prices
2024-01-01,gold,2034.0,USD per troy ounce,github.com/datasets/gold-prices
2024-02-01,gold,2023.0,USD per troy ounce,github.com/datasets/gold-prices
2024-03-01,gold,2158.0,USD per troy ounce,github.com/datasets/gold-prices
2024-04-01,gold,2331.0,USD per troy ounce,github.com/datasets/gold-prices
2024-05-01,gold,2351.0,USD per troy ounce,github.com/datasets/gold-prices
2024-06-01,gold,2326.0,USD per troy ounce,github.com/datasets/gold-prices
2024-07-01,gold,2398.0,USD per troy ounce,github.com/datasets/gold-prices
2024-08-01,gold,2470.0,USD per troy ounce,github.com/datasets/gold-prices
2024-09-01,gold,2571.0,USD per troy ounce,github.com/datasets/gold-prices
2024-10-01,gold,2690.0,USD per troy ounce,github.com/datasets/gold-prices
2024-11-01,gold,2651.0,USD per troy ounce,github.com/datasets/gold-prices
2024-12-01,gold,2648.0,USD per troy ounce,github.com/datasets/gold-prices
2025-01-01,gold,2710.0,USD per troy ounce,github.com/datasets/gold-prices
2025-02-01,gold,2895.0,USD per troy ounce,github.com/datasets/gold-prices
2025-03-01,gold,2983.0,USD per troy ounce,github.com/datasets/gold-prices
2025-04-01,gold,3218.0,USD per troy ounce,github.com/datasets/gold-prices
2025-05-01,gold,3309.0,USD per troy ounce,github.com/datasets/gold-prices
2025-06-01,gold,3353.0,USD per troy ounce,github.com/datasets/gold-prices
2025-07-01,gold,3340.0,USD per troy ounce,github.com/datasets/gold-prices
2025-08-01,gold,3368.0,USD per troy ounce,github.com/datasets/gold-prices
2025-09-01,gold,3668.0,USD per troy ounce,github.com/datasets/gold-prices
2025-10-01,gold,4058.33,USD per troy ounce,github.com/datasets/gold-prices
2025-11-01,gold,4087.0,USD per troy ounce,github.com/datasets/gold-prices
2025-12-01,gold,4309.0,USD per troy ounce,github.com/datasets/gold-prices
2026-01-01,gold,4753.0,USD per troy ounce,github.com/datasets/gold-prices
2026-02-01,gold,5020.0,USD per troy ounce,github.com/datasets/gold-prices
2026-03-01,gold,4856.0,USD per troy ounce,github.com/datasets/gold-prices
2026-04-01,gold,4721.0,USD per troy ounce,github.com/datasets/gold-prices
2026-05-01,gold,4587.0,USD per troy ounce,github.com/datasets/gold-prices
2026-06-01,gold,4228.0,USD per troy ounce,github.com/datasets/gold-prices
2026-07-01,gold,4073.0,USD per troy ounce,github.com/datasets/gold-prices
2026-08-01,gold,4411.0,USD per troy ounce,github.com/datasets/gold-prices
