date,series,value,unit,source_repo
1986-01-02,wti,25.56,USD per barrel,github.com/datasets/oil-prices
1986-01-03,wti,26.0,USD per barrel,github.com/datasets/oil-prices
1986-01-06,wti,26.53,USD per barrel,github.com/datasets/oil-prices
1986-01-07,wti,25.85,USD per barrel,github.com/datasets/oil-prices
1986-01-08,wti,25.87,USD per barrel,github.com/datasets/oil-prices
1986-01-09,wti,26.03,USD per barrel,github.com/datasets/oil-prices
1986-01-10,wti,25.65,USD per barrel,github.com/datasets/oil-prices
1986-01-13,wti,25.08,USD per barrel,github.com/datasets/oil-prices
1986-01-14,wti,24.97,USD per barrel,github.com/datasets/oil-prices
1986-01-15,wti,25.18,USD per barrel,github.com/datasets/oil-prices
1986-01-16,wti,23.98,USD per barrel,github.com/datasets/oil-prices
1986-01-17,wti,23.63,USD per barrel,github.com/datasets/oil-prices
1986-01-20,wti,21.33,USD per barrel,github.com/datasets/oil-prices
1986-01-21,wti,20.61,USD per barrel,github.com/datasets/oil-prices
1986-01-22,wti,20.25,USD per barrel,github.com/datasets/oil-prices
1986-01-23,wti,19.93,USD per barrel,github.com/datasets/oil-prices
1986-01-24,wti,19.45,USD per barrel,github.com/datasets/oil-prices
1986-01-27,wti,20.87,USD per barrel,github.com/datasets/oil-prices
1986-01-28,wti,19.45,USD per barrel,github.com/datasets/oil-prices
1986-01-29,wti,19.61,USD per barrel,github.com/datasets/oil-prices
1986-01-30,wti,19.58,USD per barrel,github.com/datasets/oil-prices
1986-02-03,wti,17.42,USD per barrel,github.com/datasets/oil-prices
1986-02-04,wti,15.58,USD per barrel,github.com/datasets/oil-prices
1986-02-05,wti,16.28,USD per barrel,github.com/datasets/oil-prices
1986-02-06,wti,16.6,USD per barrel,github.com/datasets/oil-prices
1986-02-07,wti,17.7,USD per barrel,github.com/datasets/oil-prices
1986-02-11,wti,16.28,USD per barrel,github.com/datasets/oil-prices
1986-02-12,wti,15.74,USD per barrel,github.com/datasets/oil-prices
1986-02-13,wti,16.43,USD per barrel,github.com/datasets/oil-prices
1986-02-14,wti,16.03,USD per barrel,github.com/datasets/oil-prices
1986-02-18,wti,14.7,USD per barrel,github.com/datasets/oil-prices
1986-02-19,wti,15.08,USD per barrel,github.com/datasets/oil-prices
1986-02-20,wti,14.13,USD per barrel,github.com/datasets/oil-prices
1986-02-21,wti,13.63,USD per barrel,github.com/datasets/oil-prices
1986-02-24,wti,14.68,USD per barrel,github.com/datasets/oil-prices
1986-02-25,wti,14.68,USD per barrel,github.com/datasets/oil-prices
1986-02-26,wti,14.62,USD per barrel,github.com/datasets/oil-prices
1986-02-27,wti,14.05,USD per barrel,github.com/datasets/oil-prices
1986-02-28,wti,13.23,USD per barrel,github.com/datasets/oil-prices
1986-03-03,wti,11.98,USD per barrel,github.com/datasets/oil-prices
1986-03-05,wti,12.03,USD per barrel,github.com/datasets/oil-prices
1986-03-06,wti,13.13,USD per barrel,github.com/datasets/oil-prices
1986-03-07,wti,12.24,USD per barrel,github.com/datasets/oil-prices
1986-03-10,wti,12.94,USD per barrel,github.com/datasets/oil-prices
1986-03-11,wti,13.23,USD per barrel,github.com/datasets/oil-prices
1986-03-12,wti,14.05,USD per barrel,github.com/datasets/oil-prices
1986-03-13,wti,12.6,USD per barrel,github.com/datasets/oil-prices
1986-03-14,wti,12.55,USD per barrel,github.com/datasets/oil-prices
1986-03-17,wti,13.28,USD per barrel,github.com/datasets/oil-prices
1986-03-19,wti,13.25,USD per barrel,github.com/datasets/oil-prices
1986-03-20,wti,12.75,USD per barrel,github.com/datasets/oil-prices
1986-03-21,wti,13.95,USD per barrel,github.com/datasets/oil-prices
1986-03-24,wti,12.2,USD per barrel,github.com/datasets/oil-prices
1986-03-25,wti,12.43,USD per barrel,github.com/datasets/oil-prices
1986-03-26,wti,12.03,USD per barrel,github.com/datasets/oil-prices
1986-03-27,wti,11.35,USD per barrel,github.com/datasets/oil-prices
1986-03-31,wti,10.25,USD per barrel,github.com/datasets/oil-prices
1986-04-01,wti,11.13,USD per barrel,github.com/datasets/oil-prices
1986-04-02,wti,11.35,USD per barrel,github.com/datasets/oil-prices
1986-04-03,wti,11.7,USD per barrel,github.com/datasets/oil-prices
1986-04-04,wti,12.75,USD per barrel,github.com/datasets/oil-prices
1986-04-07,wti,14.39,USD per barrel,github.com/datasets/oil-prices
1986-04-08,wti,12.83,USD per barrel,github.com/datasets/oil-prices
1986-04-10,wti,13.45,USD per barrel,github.com/datasets/oil-prices
1986-04-11,wti,13.63,USD per barrel,github.com/datasets/oil-prices
1986-04-14,wti,12.94,USD per barrel,github.com/datasets/oil-prices
1986-04-15,wti,12.72,USD per barrel,github.com/datasets/oil-prices
1986-04-16,wti,11.5,USD per barrel,github.com/datasets/oil-prices
1986-04-17,wti,11.75,USD per barrel,github.com/datasets/oil-prices
1986-04-18,wti,11.88,USD per barrel,github.com/datasets/oil-prices
1986-04-21,wti,12.48,USD per barrel,github.com/datasets/oil-prices
1986-04-22,wti,13.13,USD per barrel,github.com/datasets/oil-prices
1986-04-23,wti,13.7,USD per barrel,github.com/datasets/oil-prices
1986-04-24,wti,13.65,USD per barrel,github.com/datasets/oil-prices
1986-04-25,wti,14.23,USD per barrel,github.com/datasets/oil-prices
1986-04-28,wti,13.34,USD per barrel,github.com/datasets/oil-prices
1986-04-29,wti,13.63,USD per barrel,github.com/datasets/oil-prices
1986-04-30,wti,13.38,USD per barrel,github.com/datasets/oil-prices
1986-05-01,wti,13.8,USD per barrel,github.com/datasets/oil-prices
1986-05-02,wti,14.65,USD per barrel,github.com/datasets/oil-prices
1986-05-05,wti,14.32,USD per barrel,github.com/datasets/oil-prices
1986-05-06,wti,14.43,USD per barrel,github.com/datasets/oil-prices
1986-05-07,wti,15.13,USD per barrel,github.com/datasets/oil-prices
1986-05-08,wti,15.7,USD per barrel,github.com/datasets/oil-prices
1986-05-09,wti,15.83,USD per barrel,github.com/datasets/oil-prices
1986-05-12,wti,15.75,USD per barrel,github.com/datasets/oil-prices
1986-05-13,wti,15.65,USD per barrel,github.com/datasets/oil-prices
1986-05-14,wti,15.53,USD per barrel,github.com/datasets/oil-prices
1986-05-16,wti,16.08,USD per barrel,github.com/datasets/oil-prices
1986-05-19,wti,17.13,USD per barrel,github.com/datasets/oil-prices
1986-05-20,wti,16.18,USD per barrel,github.com/datasets/oil-prices
1986-05-21,wti,15.53,USD per barrel,github.com/datasets/oil-prices
1986-05-22,wti,16.04,USD per barrel,github.com/datasets/oil-prices
1986-05-23,wti,16.95,USD per barrel,github.com/datasets/oil-prices
1986-05-27,wti,15.1,USD per barrel,github.com/datasets/oil-prices
1986-05-28,wti,14.65,USD per barrel,github.com/datasets/oil-prices
1986-05-29,wti,14.5,USD per barrel,github.com/datasets/oil-prices
1986-06-02,wti,13.8,USD per barrel,github.com/datasets/oil-prices
1986-06-03,wti,13.35,USD per barrel,github.com/datasets/oil-prices
1986-06-04,wti,13.15,USD per barrel,github.com/datasets/oil-prices
1986-06-05,wti,13.21,USD per barrel,github.com/datasets/oil-prices
1986-06-06,wti,12.73,USD per barrel,github.com/datasets/oil-prices
1986-06-10,wti,12.38,USD per barrel,github.com/datasets/oil-prices
1986-06-11,wti,13.52,USD per barrel,github.com/datasets/oil-prices
1986-06-12,wti,13.69,USD per barrel,github.com/datasets/oil-prices
1986-06-13,wti,13.83,USD per barrel,github.com/datasets/oil-prices
1986-06-16,wti,13.65,USD per barrel,github.com/datasets/oil-prices
1986-06-17,wti,13.65,USD per barrel,github.com/datasets/oil-prices
1986-06-18,wti,13.62,USD per barrel,github.com/datasets/oil-prices
1986-06-19,wti,13.73,USD per barrel,github.com/datasets/oil-prices
1986-06-20,wti,14.44,USD per barrel,github.com/datasets/oil-prices
1986-06-23,wti,14.05,USD per barrel,github.com/datasets/oil-prices
1986-06-24,wti,13.98,USD per barrel,github.com/datasets/oil-prices
1986-06-25,wti,13.23,USD per barrel,github.com/datasets/oil-prices
1986-06-26,wti,13.14,USD per barrel,github.com/datasets/oil-prices
1986-06-27,wti,13.38,USD per barrel,github.com/datasets/oil-prices
1986-06-30,wti,12.8,USD per barrel,github.com/datasets/oil-prices
1986-07-02,wti,12.04,USD per barrel,github.com/datasets/oil-prices
1986-07-03,wti,11.7,USD per barrel,github.com/datasets/oil-prices
1986-07-07,wti,11.18,USD per barrel,github.com/datasets/oil-prices
1986-07-08,wti,11.19,USD per barrel,github.com/datasets/oil-prices
1986-07-09,wti,11.0,USD per barrel,github.com/datasets/oil-prices
1986-07-10,wti,11.13,USD per barrel,github.com/datasets/oil-prices
1986-07-14,wti,11.23,USD per barrel,github.com/datasets/oil-prices
1986-07-15,wti,11.85,USD per barrel,github.com/datasets/oil-prices
1986-07-16,wti,12.68,USD per barrel,github.com/datasets/oil-prices
1986-07-17,wti,12.3,USD per barrel,github.com/datasets/oil-prices
1986-07-18,wti,12.8,USD per barrel,github.com/datasets/oil-prices
1986-07-21,wti,13.07,USD per barrel,github.com/datasets/oil-prices
1986-07-22,wti,10.88,USD per barrel,github.com/datasets/oil-prices
1986-07-23,wti,10.83,USD per barrel,github.com/datasets/oil-prices
1986-07-24,wti,10.95,USD per barrel,github.com/datasets/oil-prices
1986-07-25,wti,10.83,USD per barrel,github.com/datasets/oil-prices
1986-07-28,wti,11.09,USD per barrel,github.com/datasets/oil-prices
1986-07-29,wti,11.63,USD per barrel,github.com/datasets/oil-prices
1986-07-31,wti,11.23,USD per barrel,github.com/datasets/oil-prices
1986-08-01,wti,11.56,USD per barrel,github.com/datasets/oil-prices
1986-08-04,wti,14.0,USD per barrel,github.com/datasets/oil-prices
1986-08-05,wti,14.35,USD per barrel,github.com/datasets/oil-prices
1986-08-06,wti,14.8,USD per barrel,github.com/datasets/oil-prices
1986-08-07,wti,15.18,USD per barrel,github.com/datasets/oil-prices
1986-08-11,wti,14.92,USD per barrel,github.com/datasets/oil-prices
1986-08-12,wti,15.5,USD per barrel,github.com/datasets/oil-prices
1986-08-13,wti,15.28,USD per barrel,github.com/datasets/oil-prices
1986-08-15,wti,15.83,USD per barrel,github.com/datasets/oil-prices
1986-08-18,wti,15.58,USD per barrel,github.com/datasets/oil-prices
1986-08-19,wti,14.98,USD per barrel,github.com/datasets/oil-prices
1986-08-20,wti,15.23,USD per barrel,github.com/datasets/oil-prices
1986-08-21,wti,15.23,USD per barrel,github.com/datasets/oil-prices
1986-08-25,wti,15.48,USD per barrel,github.com/datasets/oil-prices
1986-08-26,wti,15.78,USD per barrel,github.com/datasets/oil-prices
1986-08-27,wti,15.83,USD per barrel,github.com/datasets/oil-prices
1986-08-28,wti,15.83,USD per barrel,github.com/datasets/oil-prices
1986-08-29,wti,15.93,USD per barrel,github.com/datasets/oil-prices
1986-09-02,wti,16.43,USD per barrel,github.com/datasets/oil-prices
1986-09-03,wti,16.03,USD per barrel,github.com/datasets/oil-prices
1986-09-04,wti,16.18,USD per barrel,github.com/datasets/oil-prices
1986-09-05,wti,15.63,USD per barrel,github.com/datasets/oil-prices
1986-09-09,wti,15.0,USD per barrel,github.com/datasets/oil-prices
1986-09-10,wti,14.9,USD per barrel,github.com/datasets/oil-prices
1986-09-11,wti,15.05,USD per barrel,github.com/datasets/oil-prices
1986-09-15,wti,14.31,USD per barrel,github.com/datasets/oil-prices
1986-09-16,wti,13.8,USD per barrel,github.com/datasets/oil-prices
1986-09-17,wti,14.03,USD per barrel,github.com/datasets/oil-prices
1986-09-18,wti,14.55,USD per barrel,github.com/datasets/oil-prices
1986-09-19,wti,14.47,USD per barrel,github.com/datasets/oil-prices
1986-09-22,wti,13.94,USD per barrel,github.com/datasets/oil-prices
1986-09-23,wti,14.3,USD per barrel,github.com/datasets/oil-prices
1986-09-24,wti,14.55,USD per barrel,github.com/datasets/oil-prices
1986-09-29,wti,14.93,USD per barrel,github.com/datasets/oil-prices
1986-09-30,wti,14.7,USD per barrel,github.com/datasets/oil-prices
1986-10-01,wti,15.23,USD per barrel,github.com/datasets/oil-prices
1986-10-02,wti,15.38,USD per barrel,github.com/datasets/oil-prices
1986-10-03,wti,14.86,USD per barrel,github.com/datasets/oil-prices
1986-10-06,wti,14.83,USD per barrel,github.com/datasets/oil-prices
1986-10-07,wti,15.6,USD per barrel,github.com/datasets/oil-prices
1986-10-08,wti,15.35,USD per barrel,github.com/datasets/oil-prices
1986-10-09,wti,15.05,USD per barrel,github.com/datasets/oil-prices
1986-10-10,wti,14.98,USD per barrel,github.com/datasets/oil-prices
1986-10-14,wti,14.55,USD per barrel,github.com/datasets/oil-prices
1986-10-15,wti,14.83,USD per barrel,github.com/datasets/oil-prices
1986-10-16,wti,14.53,USD per barrel,github.com/datasets/oil-prices
1986-10-17,wti,14.85,USD per barrel,github.com/datasets/oil-prices
1986-10-20,wti,15.17,USD per barrel,github.com/datasets/oil-prices
1986-10-22,wti,14.85,USD per barrel,github.com/datasets/oil-prices
1986-10-23,wti,14.88,USD per barrel,github.com/datasets/oil-prices
1986-10-24,wti,14.93,USD per barrel,github.com/datasets/oil-prices
1986-10-27,wti,14.4,USD per barrel,github.com/datasets/oil-prices
1986-10-28,wti,14.18,USD per barrel,github.com/datasets/oil-prices
1986-10-30,wti,15.08,USD per barrel,github.com/datasets/oil-prices
1986-10-31,wti,15.25,USD per barrel,github.com/datasets/oil-prices
1986-11-03,wti,14.7,USD per barrel,github.com/datasets/oil-prices
1986-11-04,wti,15.05,USD per barrel,github.com/datasets/oil-prices
1986-11-05,wti,14.93,USD per barrel,github.com/datasets/oil-prices
1986-11-07,wti,15.15,USD per barrel,github.com/datasets/oil-prices
1986-11-10,wti,15.3,USD per barrel,github.com/datasets/oil-prices
1986-11-11,wti,15.39,USD per barrel,github.com/datasets/oil-prices
1986-11-12,wti,15.33,USD per barrel,github.com/datasets/oil-prices
1986-11-13,wti,15.55,USD per barrel,github.com/datasets/oil-prices
1986-11-14,wti,15.68,USD per barrel,github.com/datasets/oil-prices
1986-11-18,wti,15.65,USD per barrel,github.com/datasets/oil-prices
1986-11-19,wti,15.52,USD per barrel,github.com/datasets/oil-prices
1986-11-20,wti,15.1,USD per barrel,github.com/datasets/oil-prices
1986-11-21,wti,15.13,USD per barrel,github.com/datasets/oil-prices
1986-11-24,wti,14.98,USD per barrel,github.com/datasets/oil-prices
1986-11-25,wti,15.05,USD per barrel,github.com/datasets/oil-prices
1986-11-26,wti,15.0,USD per barrel,github.com/datasets/oil-prices
1986-11-28,wti,15.0,USD per barrel,github.com/datasets/oil-prices
1986-12-01,wti,15.29,USD per barrel,github.com/datasets/oil-prices
1986-12-02,wti,15.22,USD per barrel,github.com/datasets/oil-prices
1986-12-03,wti,15.13,USD per barrel,github.com/datasets/oil-prices
1986-12-04,wti,15.2,USD per barrel,github.com/datasets/oil-prices
1986-12-05,wti,15.14,USD per barrel,github.com/datasets/oil-prices
1986-12-08,wti,15.01,USD per barrel,github.com/datasets/oil-prices
1986-12-09,wti,14.93,USD per barrel,github.com/datasets/oil-prices
1986-12-10,wti,15.12,USD per barrel,github.com/datasets/oil-prices
1986-12-11,wti,15.49,USD per barrel,github.com/datasets/oil-prices
1986-12-12,wti,16.13,USD per barrel,github.com/datasets/oil-prices
1986-12-15,wti,16.38,USD per barrel,github.com/datasets/oil-prices
1986-12-16,wti,16.11,USD per barrel,github.com/datasets/oil-prices
1986-12-17,wti,15.83,USD per barrel,github.com/datasets/oil-prices
1986-12-18,wti,16.28,USD per barrel,github.com/datasets/oil-prices
1986-12-19,wti,16.55,USD per barrel,github.com/datasets/oil-prices
1986-12-22,wti,16.95,USD per barrel,github.com/datasets/oil-prices
1986-12-23,wti,16.93,USD per barrel,github.com/datasets/oil-prices
1986-12-24,wti,17.26,USD per barrel,github.com/datasets/oil-prices
1986-12-30,wti,17.73,USD per barrel,github.com/datasets/oil-prices
1987-01-02,wti,18.13,USD per barrel,github.com/datasets/oil-prices
1987-01-05,wti,17.98,USD per barrel,github.com/datasets/oil-prices
1987-01-06,wti,18.21,USD per barrel,github.com/datasets/oil-prices
1987-01-07,wti,18.28,USD per barrel,github.com/datasets/oil-prices
1987-01-08,wti,18.63,USD per barrel,github.com/datasets/oil-prices
1987-01-09,wti,18.78,USD per barrel,github.com/datasets/oil-prices
1987-01-12,wti,19.0,USD per barrel,github.com/datasets/oil-prices
1987-01-13,wti,18.86,USD per barrel,github.com/datasets/oil-prices
1987-01-14,wti,19.13,USD per barrel,github.com/datasets/oil-prices
1987-01-15,wti,19.09,USD per barrel,github.com/datasets/oil-prices
1987-01-16,wti,19.13,USD per barrel,github.com/datasets/oil-prices
1987-01-19,wti,18.7,USD per barrel,github.com/datasets/oil-prices
1987-01-20,wti,18.73,USD per barrel,github.com/datasets/oil-prices
1987-01-21,wti,18.6,USD per barrel,github.com/datasets/oil-prices
1987-01-22,wti,18.76,USD per barrel,github.com/datasets/oil-prices
1987-01-26,wti,18.63,USD per barrel,github.com/datasets/oil-prices
1987-01-27,wti,18.48,USD per barrel,github.com/datasets/oil-prices
1987-01-28,wti,18.56,USD per barrel,github.com/datasets/oil-prices
1987-01-29,wti,18.68,USD per barrel,github.com/datasets/oil-prices
1987-01-30,wti,18.73,USD per barrel,github.com/datasets/oil-prices
1987-02-02,wti,18.59,USD per barrel,github.com/datasets/oil-prices
1987-02-03,wti,18.38,USD per barrel,github.com/datasets/oil-prices
1987-02-05,wti,18.56,USD per barrel,github.com/datasets/oil-prices
1987-02-06,wti,18.44,USD per barrel,github.com/datasets/oil-prices
1987-02-09,wti,18.37,USD per barrel,github.com/datasets/oil-prices
1987-02-10,wti,18.43,USD per barrel,github.com/datasets/oil-prices
1987-02-11,wti,18.03,USD per barrel,github.com/datasets/oil-prices
1987-02-12,wti,18.05,USD per barrel,github.com/datasets/oil-prices
1987-02-13,wti,17.83,USD per barrel,github.com/datasets/oil-prices
1987-02-17,wti,17.78,USD per barrel,github.com/datasets/oil-prices
1987-02-18,wti,17.44,USD per barrel,github.com/datasets/oil-prices
1987-02-19,wti,17.48,USD per barrel,github.com/datasets/oil-prices
1987-02-20,wti,17.83,USD per barrel,github.com/datasets/oil-prices
1987-02-23,wti,17.15,USD per barrel,github.com/datasets/oil-prices
1987-02-24,wti,16.75,USD per barrel,github.com/datasets/oil-prices
1987-02-25,wti,16.43,USD per barrel,github.com/datasets/oil-prices
1987-02-26,wti,16.98,USD per barrel,github.com/datasets/oil-prices
1987-02-27,wti,16.45,USD per barrel,github.com/datasets/oil-prices
1987-03-03,wti,17.4,USD per barrel,github.com/datasets/oil-prices
1987-03-04,wti,17.4,USD per barrel,github.com/datasets/oil-prices
1987-03-05,wti,18.0,USD per barrel,github.com/datasets/oil-prices
1987-03-09,wti,18.13,USD per barrel,github.com/datasets/oil-prices
1987-03-10,wti,18.27,USD per barrel,github.com/datasets/oil-prices
1987-03-11,wti,18.33,USD per barrel,github.com/datasets/oil-prices
1987-03-12,wti,18.42,USD per barrel,github.com/datasets/oil-prices
1987-03-13,wti,18.39,USD per barrel,github.com/datasets/oil-prices
1987-03-16,wti,18.61,USD per barrel,github.com/datasets/oil-prices
1987-03-17,wti,18.94,USD per barrel,github.com/datasets/oil-prices
1987-03-18,wti,18.75,USD per barrel,github.com/datasets/oil-prices
1987-03-19,wti,18.61,USD per barrel,github.com/datasets/oil-prices
1987-03-20,wti,18.7,USD per barrel,github.com/datasets/oil-prices
1987-03-23,wti,18.6,USD per barrel,github.com/datasets/oil-prices
1987-03-25,wti,18.48,USD per barrel,github.com/datasets/oil-prices
1987-03-26,wti,18.63,USD per barrel,github.com/datasets/oil-prices
1987-03-27,wti,18.65,USD per barrel,github.com/datasets/oil-prices
1987-03-30,wti,18.67,USD per barrel,github.com/datasets/oil-prices
1987-03-31,wti,18.82,USD per barrel,github.com/datasets/oil-prices
1987-04-01,wti,18.78,USD per barrel,github.com/datasets/oil-prices
1987-04-02,wti,18.9,USD per barrel,github.com/datasets/oil-prices
1987-04-03,wti,18.68,USD per barrel,github.com/datasets/oil-prices
1987-04-06,wti,18.71,USD per barrel,github.com/datasets/oil-prices
1987-04-07,wti,18.69,USD per barrel,github.com/datasets/oil-prices
1987-04-08,wti,18.68,USD per barrel,github.com/datasets/oil-prices
1987-04-09,wti,18.64,USD per barrel,github.com/datasets/oil-prices
1987-04-10,wti,18.26,USD per barrel,github.com/datasets/oil-prices
1987-04-13,wti,18.07,USD per barrel,github.com/datasets/oil-prices
1987-04-14,wti,18.09,USD per barrel,github.com/datasets/oil-prices
1987-04-15,wti,18.46,USD per barrel,github.com/datasets/oil-prices
1987-04-16,wti,18.58,USD per barrel,github.com/datasets/oil-prices
1987-04-20,wti,18.66,USD per barrel,github.com/datasets/oil-prices
1987-04-21,wti,18.97,USD per barrel,github.com/datasets/oil-prices
1987-04-22,wti,19.03,USD per barrel,github.com/datasets/oil-prices
1987-04-23,wti,19.03,USD per barrel,github.com/datasets/oil-prices
1987-04-24,wti,19.01,USD per barrel,github.com/datasets/oil-prices
1987-04-28,wti,18.73,USD per barrel,github.com/datasets/oil-prices
1987-04-29,wti,18.66,USD per barrel,github.com/datasets/oil-prices
1987-04-30,wti,18.76,USD per barrel,github.com/datasets/oil-prices
1987-05-01,wti,18.84,USD per barrel,github.com/datasets/oil-prices
1987-05-04,wti,18.93,USD per barrel,github.com/datasets/oil-prices
1987-05-05,wti,19.18,USD per barrel,github.com/datasets/oil-prices
1987-05-06,wti,19.22,USD per barrel,github.com/datasets/oil-prices
1987-05-07,wti,19.08,USD per barrel,github.com/datasets/oil-prices
1987-05-08,wti,19.28,USD per barrel,github.com/datasets/oil-prices
1987-05-11,wti,19.43,USD per barrel,github.com/datasets/oil-prices
1987-05-12,wti,19.37,USD per barrel,github.com/datasets/oil-prices
1987-05-13,wti,19.39,USD per barrel,github.com/datasets/oil-prices
1987-05-15,wti,19.84,USD per barrel,github.com/datasets/oil-prices
1987-05-18,wti,19.91,USD per barrel,github.com/datasets/oil-prices
1987-05-19,wti,19.97,USD per barrel,github.com/datasets/oil-prices
1987-05-20,wti,19.75,USD per barrel,github.com/datasets/oil-prices
1987-05-21,wti,19.95,USD per barrel,github.com/datasets/oil-prices
1987-05-22,wti,19.68,USD per barrel,github.com/datasets/oil-prices
1987-05-26,wti,19.35,USD per barrel,github.com/datasets/oil-prices
1987-05-27,wti,19.38,USD per barrel,github.com/datasets/oil-prices
1987-05-28,wti,19.28,USD per barrel,github.com/datasets/oil-prices
1987-05-29,wti,19.36,USD per barrel,github.com/datasets/oil-prices
1987-06-01,wti,19.55,USD per barrel,github.com/datasets/oil-prices
1987-06-02,wti,19.7,USD per barrel,github.com/datasets/oil-prices
1987-06-03,wti,19.87,USD per barrel,github.com/datasets/oil-prices
1987-06-04,wti,19.75,USD per barrel,github.com/datasets/oil-prices
1987-06-08,wti,19.94,USD per barrel,github.com/datasets/oil-prices
1987-06-09,wti,19.84,USD per barrel,github.com/datasets/oil-prices
1987-06-10,wti,19.83,USD per barrel,github.com/datasets/oil-prices
1987-06-12,wti,19.93,USD per barrel,github.com/datasets/oil-prices
1987-06-15,wti,20.07,USD per barrel,github.com/datasets/oil-prices
1987-06-16,wti,20.27,USD per barrel,github.com/datasets/oil-prices
1987-06-17,wti,20.41,USD per barrel,github.com/datasets/oil-prices
1987-06-18,wti,20.5,USD per barrel,github.com/datasets/oil-prices
1987-06-19,wti,20.65,USD per barrel,github.com/datasets/oil-prices
1987-06-22,wti,20.49,USD per barrel,github.com/datasets/oil-prices
1987-06-23,wti,19.95,USD per barrel,github.com/datasets/oil-prices
1987-06-24,wti,20.13,USD per barrel,github.com/datasets/oil-prices
1987-06-25,wti,20.15,USD per barrel,github.com/datasets/oil-prices
1987-06-26,wti,20.34,USD per barrel,github.com/datasets/oil-prices
1987-06-29,wti,20.38,USD per barrel,github.com/datasets/oil-prices
1987-06-30,wti,20.22,USD per barrel,github.com/datasets/oil-prices
1987-07-01,wti,20.47,USD per barrel,github.com/datasets/oil-prices
1987-07-03,wti,20.61,USD per barrel,github.com/datasets/oil-prices
1987-07-06,wti,20.92,USD per barrel,github.com/datasets/oil-prices
1987-07-07,wti,20.76,USD per barrel,github.com/datasets/oil-prices
1987-07-08,wti,20.94,USD per barrel,github.com/datasets/oil-prices
1987-07-09,wti,21.32,USD per barrel,github.com/datasets/oil-prices
1987-07-10,wti,21.34,USD per barrel,github.com/datasets/oil-prices
1987-07-13,wti,21.38,USD per barrel,github.com/datasets/oil-prices
1987-07-15,wti,22.23,USD per barrel,github.com/datasets/oil-prices
1987-07-16,wti,22.44,USD per barrel,github.com/datasets/oil-prices
1987-07-17,wti,22.44,USD per barrel,github.com/datasets/oil-prices
1987-07-20,wti,22.23,USD per barrel,github.com/datasets/oil-prices
1987-07-21,wti,21.75,USD per barrel,github.com/datasets/oil-prices
1987-07-22,wti,21.73,USD per barrel,github.com/datasets/oil-prices
1987-07-24,wti,20.58,USD per barrel,github.com/datasets/oil-prices
1987-07-27,wti,20.5,USD per barrel,github.com/datasets/oil-prices
1987-07-28,wti,21.35,USD per barrel,github.com/datasets/oil-prices
1987-07-29,wti,21.49,USD per barrel,github.com/datasets/oil-prices
1987-07-30,wti,21.47,USD per barrel,github.com/datasets/oil-prices
1987-07-31,wti,21.43,USD per barrel,github.com/datasets/oil-prices
1987-08-03,wti,22.21,USD per barrel,github.com/datasets/oil-prices
1987-08-04,wti,21.82,USD per barrel,github.com/datasets/oil-prices
1987-08-05,wti,21.37,USD per barrel,github.com/datasets/oil-prices
1987-08-06,wti,21.17,USD per barrel,github.com/datasets/oil-prices
1987-08-07,wti,21.01,USD per barrel,github.com/datasets/oil-prices
1987-08-10,wti,20.7,USD per barrel,github.com/datasets/oil-prices
1987-08-11,wti,21.07,USD per barrel,github.com/datasets/oil-prices
1987-08-12,wti,20.96,USD per barrel,github.com/datasets/oil-prices
1987-08-13,wti,20.76,USD per barrel,github.com/datasets/oil-prices
1987-08-14,wti,20.53,USD per barrel,github.com/datasets/oil-prices
1987-08-17,wti,19.85,USD per barrel,github.com/datasets/oil-prices
1987-08-18,wti,19.84,USD per barrel,github.com/datasets/oil-prices
1987-08-19,wti,19.71,USD per barrel,github.com/datasets/oil-prices
1987-08-20,wti,19.47,USD per barrel,github.com/datasets/oil-prices
1987-08-21,wti,19.2,USD per barrel,github.com/datasets/oil-prices
1987-08-24,wti,19.18,USD per barrel,github.com/datasets/oil-prices
1987-08-25,wti,19.3,USD per barrel,github.com/datasets/oil-prices
1987-08-26,wti,19.49,USD per barrel,github.com/datasets/oil-prices
1987-08-27,wti,19.69,USD per barrel,github.com/datasets/oil-prices
1987-08-28,wti,19.44,USD per barrel,github.com/datasets/oil-prices
1987-08-31,wti,19.76,USD per barrel,github.com/datasets/oil-prices
1987-09-01,wti,19.61,USD per barrel,github.com/datasets/oil-prices
1987-09-02,wti,19.62,USD per barrel,github.com/datasets/oil-prices
1987-09-03,wti,19.48,USD per barrel,github.com/datasets/oil-prices
1987-09-04,wti,19.34,USD per barrel,github.com/datasets/oil-prices
1987-09-07,wti,19.34,USD per barrel,github.com/datasets/oil-prices
1987-09-08,wti,18.99,USD per barrel,github.com/datasets/oil-prices
1987-09-09,wti,19.43,USD per barrel,github.com/datasets/oil-prices
1987-09-10,wti,19.72,USD per barrel,github.com/datasets/oil-prices
1987-09-11,wti,19.42,USD per barrel,github.com/datasets/oil-prices
1987-09-14,wti,19.64,USD per barrel,github.com/datasets/oil-prices
1987-09-15,wti,19.66,USD per barrel,github.com/datasets/oil-prices
1987-09-16,wti,19.71,USD per barrel,github.com/datasets/oil-prices
1987-09-17,wti,19.58,USD per barrel,github.com/datasets/oil-prices
1987-09-18,wti,19.58,USD per barrel,github.com/datasets/oil-prices
1987-09-21,wti,19.77,USD per barrel,github.com/datasets/oil-prices
1987-09-22,wti,19.35,USD per barrel,github.com/datasets/oil-prices
1987-09-23,wti,19.66,USD per barrel,github.com/datasets/oil-prices
1987-09-24,wti,19.61,USD per barrel,github.com/datasets/oil-prices
1987-09-25,wti,19.47,USD per barrel,github.com/datasets/oil-prices
1987-09-28,wti,19.48,USD per barrel,github.com/datasets/oil-prices
1987-09-29,wti,19.58,USD per barrel,github.com/datasets/oil-prices
1987-09-30,wti,19.62,USD per barrel,github.com/datasets/oil-prices
1987-10-01,wti,19.62,USD per barrel,github.com/datasets/oil-prices
1987-10-02,wti,19.88,USD per barrel,github.com/datasets/oil-prices
1987-10-05,wti,19.81,USD per barrel,github.com/datasets/oil-prices
1987-10-06,wti,19.33,USD per barrel,github.com/datasets/oil-prices
1987-10-07,wti,19.68,USD per barrel,github.com/datasets/oil-prices
1987-10-08,wti,19.77,USD per barrel,github.com/datasets/oil-prices
1987-10-09,wti,19.67,USD per barrel,github.com/datasets/oil-prices
1987-10-12,wti,19.67,USD per barrel,github.com/datasets/oil-prices
1987-10-13,wti,19.66,USD per barrel,github.com/datasets/oil-prices
1987-10-14,wti,19.79,USD per barrel,github.com/datasets/oil-prices
1987-10-15,wti,19.77,USD per barrel,github.com/datasets/oil-prices
1987-10-16,wti,20.23,USD per barrel,github.com/datasets/oil-prices
1987-10-19,wti,19.79,USD per barrel,github.com/datasets/oil-prices
1987-10-20,wti,19.79,USD per barrel,github.com/datasets/oil-prices
1987-10-21,wti,19.93,USD per barrel,github.com/datasets/oil-prices
1987-10-22,wti,20.19,USD per barrel,github.com/datasets/oil-prices
1987-10-23,wti,20.18,USD per barrel,github.com/datasets/oil-prices
1987-10-26,wti,20.0,USD per barrel,github.com/datasets/oil-prices
1987-10-27,wti,20.15,USD per barrel,github.com/datasets/oil-prices
1987-10-28,wti,20.1,USD per barrel,github.com/datasets/oil-prices
1987-10-29,wti,19.93,USD per barrel,github.com/datasets/oil-prices
1987-11-02,wti,19.64,USD per barrel,github.com/datasets/oil-prices
1987-11-03,wti,19.39,USD per barrel,github.com/datasets/oil-prices
1987-11-04,wti,19.09,USD per barrel,github.com/datasets/oil-prices
1987-11-05,wti,19.02,USD per barrel,github.com/datasets/oil-prices
1987-11-06,wti,18.73,USD per barrel,github.com/datasets/oil-prices
1987-11-09,wti,18.66,USD per barrel,github.com/datasets/oil-prices
1987-11-10,wti,18.98,USD per barrel,github.com/datasets/oil-prices
1987-11-11,wti,18.92,USD per barrel,github.com/datasets/oil-prices
1987-11-12,wti,18.93,USD per barrel,github.com/datasets/oil-prices
1987-11-13,wti,18.89,USD per barrel,github.com/datasets/oil-prices
1987-11-16,wti,18.69,USD per barrel,github.com/datasets/oil-prices
1987-11-17,wti,18.28,USD per barrel,github.com/datasets/oil-prices
1987-11-18,wti,18.62,USD per barrel,github.com/datasets/oil-prices
1987-11-19,wti,18.55,USD per barrel,github.com/datasets/oil-prices
1987-11-20,wti,18.87,USD per barrel,github.com/datasets/oil-prices
1987-11-23,wti,19.31,USD per barrel,github.com/datasets/oil-prices
1987-11-24,wti,18.73,USD per barrel,github.com/datasets/oil-prices
1987-11-25,wti,18.63,USD per barrel,github.com/datasets/oil-prices
1987-11-27,wti,18.63,USD per barrel,github.com/datasets/oil-prices
1987-11-30,wti,18.52,USD per barrel,github.com/datasets/oil-prices
1987-12-01,wti,18.44,USD per barrel,github.com/datasets/oil-prices
1987-12-02,wti,18.59,USD per barrel,github.com/datasets/oil-prices
1987-12-04,wti,18.68,USD per barrel,github.com/datasets/oil-prices
1987-12-07,wti,18.3,USD per barrel,github.com/datasets/oil-prices
1987-12-08,wti,18.06,USD per barrel,github.com/datasets/oil-prices
1987-12-09,wti,18.53,USD per barrel,github.com/datasets/oil-prices
1987-12-14,wti,17.47,USD per barrel,github.com/datasets/oil-prices
1987-12-15,wti,16.75,USD per barrel,github.com/datasets/oil-prices
1987-12-16,wti,15.97,USD per barrel,github.com/datasets/oil-prices
1987-12-17,wti,15.97,USD per barrel,github.com/datasets/oil-prices
1987-12-18,wti,15.57,USD per barrel,github.com/datasets/oil-prices
1987-12-21,wti,15.12,USD per barrel,github.com/datasets/oil-prices
1987-12-22,wti,16.6,USD per barrel,github.com/datasets/oil-prices
1987-12-24,wti,16.54,USD per barrel,github.com/datasets/oil-prices
1987-12-28,wti,16.46,USD per barrel,github.com/datasets/oil-prices
1987-12-29,wti,16.95,USD per barrel,github.com/datasets/oil-prices
1987-12-30,wti,16.97,USD per barrel,github.com/datasets/oil-prices
1987-12-31,wti,16.74,USD per barrel,github.com/datasets/oil-prices
1988-01-04,wti,17.77,USD per barrel,github.com/datasets/oil-prices
1988-01-05,wti,17.89,USD per barrel,github.com/datasets/oil-prices
1988-01-06,wti,17.73,USD per barrel,github.com/datasets/oil-prices
1988-01-07,wti,17.3,USD per barrel,github.com/datasets/oil-prices
1988-01-08,wti,17.33,USD per barrel,github.com/datasets/oil-prices
1988-01-11,wti,16.63,USD per barrel,github.com/datasets/oil-prices
1988-01-12,wti,16.76,USD per barrel,github.com/datasets/oil-prices
1988-01-13,wti,16.56,USD per barrel,github.com/datasets/oil-prices
1988-01-14,wti,17.1,USD per barrel,github.com/datasets/oil-prices
1988-01-15,wti,16.92,USD per barrel,github.com/datasets/oil-prices
1988-01-18,wti,17.28,USD per barrel,github.com/datasets/oil-prices
1988-01-19,wti,17.3,USD per barrel,github.com/datasets/oil-prices
1988-01-20,wti,17.2,USD per barrel,github.com/datasets/oil-prices
1988-01-21,wti,17.21,USD per barrel,github.com/datasets/oil-prices
1988-01-22,wti,16.99,USD per barrel,github.com/datasets/oil-prices
1988-01-25,wti,17.11,USD per barrel,github.com/datasets/oil-prices
1988-01-26,wti,16.96,USD per barrel,github.com/datasets/oil-prices
1988-01-27,wti,16.64,USD per barrel,github.com/datasets/oil-prices
1988-01-28,wti,16.94,USD per barrel,github.com/datasets/oil-prices
1988-01-29,wti,16.97,USD per barrel,github.com/datasets/oil-prices
1988-02-01,wti,16.83,USD per barrel,github.com/datasets/oil-prices
1988-02-02,wti,16.92,USD per barrel,github.com/datasets/oil-prices
1988-02-03,wti,17.12,USD per barrel,github.com/datasets/oil-prices
1988-02-04,wti,17.17,USD per barrel,github.com/datasets/oil-prices
1988-02-05,wti,17.34,USD per barrel,github.com/datasets/oil-prices
1988-02-08,wti,17.7,USD per barrel,github.com/datasets/oil-prices
1988-02-09,wti,17.38,USD per barrel,github.com/datasets/oil-prices
1988-02-10,wti,17.12,USD per barrel,github.com/datasets/oil-prices
1988-02-11,wti,17.17,USD per barrel,github.com/datasets/oil-prices
1988-02-12,wti,16.84,USD per barrel,github.com/datasets/oil-prices
1988-02-15,wti,16.84,USD per barrel,github.com/datasets/oil-prices
1988-02-16,wti,16.8,USD per barrel,github.com/datasets/oil-prices
1988-02-17,wti,16.62,USD per barrel,github.com/datasets/oil-prices
1988-02-18,wti,16.5,USD per barrel,github.com/datasets/oil-prices
1988-02-19,wti,16.73,USD per barrel,github.com/datasets/oil-prices
1988-02-22,wti,16.64,USD per barrel,github.com/datasets/oil-prices
1988-02-23,wti,16.8,USD per barrel,github.com/datasets/oil-prices
1988-02-24,wti,16.58,USD per barrel,github.com/datasets/oil-prices
1988-02-25,wti,15.86,USD per barrel,github.com/datasets/oil-prices
1988-02-26,wti,15.77,USD per barrel,github.com/datasets/oil-prices
1988-02-29,wti,15.98,USD per barrel,github.com/datasets/oil-prices
1988-03-01,wti,15.57,USD per barrel,github.com/datasets/oil-prices
1988-03-02,wti,15.69,USD per barrel,github.com/datasets/oil-prices
1988-03-03,wti,15.35,USD per barrel,github.com/datasets/oil-prices
1988-03-04,wti,15.63,USD per barrel,github.com/datasets/oil-prices
1988-03-08,wti,15.58,USD per barrel,github.com/datasets/oil-prices
1988-03-09,wti,15.52,USD per barrel,github.com/datasets/oil-prices
1988-03-10,wti,16.04,USD per barrel,github.com/datasets/oil-prices
1988-03-11,wti,16.2,USD per barrel,github.com/datasets/oil-prices
1988-03-14,wti,15.57,USD per barrel,github.com/datasets/oil-prices
1988-03-15,wti,15.81,USD per barrel,github.com/datasets/oil-prices
1988-03-16,wti,16.03,USD per barrel,github.com/datasets/oil-prices
1988-03-17,wti,16.39,USD per barrel,github.com/datasets/oil-prices
1988-03-18,wti,16.61,USD per barrel,github.com/datasets/oil-prices
1988-03-21,wti,16.52,USD per barrel,github.com/datasets/oil-prices
1988-03-22,wti,16.02,USD per barrel,github.com/datasets/oil-prices
1988-03-23,wti,16.58,USD per barrel,github.com/datasets/oil-prices
1988-03-24,wti,16.73,USD per barrel,github.com/datasets/oil-prices
1988-03-25,wti,17.07,USD per barrel,github.com/datasets/oil-prices
1988-03-28,wti,17.05,USD per barrel,github.com/datasets/oil-prices
1988-03-29,wti,17.08,USD per barrel,github.com/datasets/oil-prices
1988-03-30,wti,17.06,USD per barrel,github.com/datasets/oil-prices
1988-03-31,wti,17.09,USD per barrel,github.com/datasets/oil-prices
1988-04-04,wti,16.99,USD per barrel,github.com/datasets/oil-prices
1988-04-05,wti,16.72,USD per barrel,github.com/datasets/oil-prices
1988-04-06,wti,16.8,USD per barrel,github.com/datasets/oil-prices
1988-04-07,wti,17.05,USD per barrel,github.com/datasets/oil-prices
1988-04-08,wti,16.87,USD per barrel,github.com/datasets/oil-prices
1988-04-11,wti,17.87,USD per barrel,github.com/datasets/oil-prices
1988-04-12,wti,18.06,USD per barrel,github.com/datasets/oil-prices
1988-04-13,wti,18.12,USD per barrel,github.com/datasets/oil-prices
1988-04-14,wti,18.4,USD per barrel,github.com/datasets/oil-prices
1988-04-15,wti,18.32,USD per barrel,github.com/datasets/oil-prices
1988-04-18,wti,18.5,USD per barrel,github.com/datasets/oil-prices
1988-04-19,wti,17.92,USD per barrel,github.com/datasets/oil-prices
1988-04-20,wti,17.93,USD per barrel,github.com/datasets/oil-prices
1988-04-21,wti,18.34,USD per barrel,github.com/datasets/oil-prices
1988-04-22,wti,18.13,USD per barrel,github.com/datasets/oil-prices
1988-04-25,wti,18.36,USD per barrel,github.com/datasets/oil-prices
1988-04-26,wti,18.54,USD per barrel,github.com/datasets/oil-prices
1988-04-27,wti,18.32,USD per barrel,github.com/datasets/oil-prices
1988-04-28,wti,17.91,USD per barrel,github.com/datasets/oil-prices
1988-04-29,wti,18.1,USD per barrel,github.com/datasets/oil-prices
1988-05-02,wti,17.12,USD per barrel,github.com/datasets/oil-prices
1988-05-03,wti,17.3,USD per barrel,github.com/datasets/oil-prices
1988-05-04,wti,17.23,USD per barrel,github.com/datasets/oil-prices
1988-05-05,wti,17.41,USD per barrel,github.com/datasets/oil-prices
1988-05-06,wti,17.63,USD per barrel,github.com/datasets/oil-prices
1988-05-09,wti,17.56,USD per barrel,github.com/datasets/oil-prices
1988-05-10,wti,17.5,USD per barrel,github.com/datasets/oil-prices
1988-05-11,wti,17.48,USD per barrel,github.com/datasets/oil-prices
1988-05-12,wti,17.49,USD per barrel,github.com/datasets/oil-prices
1988-05-13,wti,17.53,USD per barrel,github.com/datasets/oil-prices
1988-05-16,wti,17.7,USD per barrel,github.com/datasets/oil-prices
1988-05-17,wti,17.72,USD per barrel,github.com/datasets/oil-prices
1988-05-18,wti,17.39,USD per barrel,github.com/datasets/oil-prices
1988-05-19,wti,17.43,USD per barrel,github.com/datasets/oil-prices
1988-05-20,wti,17.41,USD per barrel,github.com/datasets/oil-prices
1988-05-23,wti,17.01,USD per barrel,github.com/datasets/oil-prices
1988-05-24,wti,17.04,USD per barrel,github.com/datasets/oil-prices
1988-05-25,wti,17.39,USD per barrel,github.com/datasets/oil-prices
1988-05-26,wti,17.54,USD per barrel,github.com/datasets/oil-prices
1988-05-27,wti,17.45,USD per barrel,github.com/datasets/oil-prices
1988-05-30,wti,17.45,USD per barrel,github.com/datasets/oil-prices
1988-05-31,wti,17.54,USD per barrel,github.com/datasets/oil-prices
1988-06-01,wti,17.6,USD per barrel,github.com/datasets/oil-prices
1988-06-02,wti,17.67,USD per barrel,github.com/datasets/oil-prices
1988-06-03,wti,17.51,USD per barrel,github.com/datasets/oil-prices
1988-06-06,wti,17.28,USD per barrel,github.com/datasets/oil-prices
1988-06-07,wti,17.32,USD per barrel,github.com/datasets/oil-prices
1988-06-08,wti,17.35,USD per barrel,github.com/datasets/oil-prices
1988-06-09,wti,17.09,USD per barrel,github.com/datasets/oil-prices
1988-06-10,wti,16.7,USD per barrel,github.com/datasets/oil-prices
1988-06-14,wti,16.85,USD per barrel,github.com/datasets/oil-prices
1988-06-15,wti,16.56,USD per barrel,github.com/datasets/oil-prices
1988-06-16,wti,16.62,USD per barrel,github.com/datasets/oil-prices
1988-06-17,wti,16.43,USD per barrel,github.com/datasets/oil-prices
1988-06-20,wti,16.02,USD per barrel,github.com/datasets/oil-prices
1988-06-21,wti,15.82,USD per barrel,github.com/datasets/oil-prices
1988-06-22,wti,16.03,USD per barrel,github.com/datasets/oil-prices
1988-06-23,wti,15.86,USD per barrel,github.com/datasets/oil-prices
1988-06-24,wti,16.03,USD per barrel,github.com/datasets/oil-prices
1988-06-28,wti,16.01,USD per barrel,github.com/datasets/oil-prices
1988-06-29,wti,15.37,USD per barrel,github.com/datasets/oil-prices
1988-06-30,wti,15.2,USD per barrel,github.com/datasets/oil-prices
1988-07-01,wti,14.92,USD per barrel,github.com/datasets/oil-prices
1988-07-05,wti,15.11,USD per barrel,github.com/datasets/oil-prices
1988-07-06,wti,15.44,USD per barrel,github.com/datasets/oil-prices
1988-07-07,wti,15.83,USD per barrel,github.com/datasets/oil-prices
1988-07-08,wti,15.42,USD per barrel,github.com/datasets/oil-prices
1988-07-11,wti,14.56,USD per barrel,github.com/datasets/oil-prices
1988-07-12,wti,14.61,USD per barrel,github.com/datasets/oil-prices
1988-07-13,wti,14.35,USD per barrel,github.com/datasets/oil-prices
1988-07-14,wti,14.84,USD per barrel,github.com/datasets/oil-prices
1988-07-15,wti,14.85,USD per barrel,github.com/datasets/oil-prices
1988-07-18,wti,15.84,USD per barrel,github.com/datasets/oil-prices
1988-07-19,wti,15.16,USD per barrel,github.com/datasets/oil-prices
1988-07-20,wti,15.76,USD per barrel,github.com/datasets/oil-prices
1988-07-21,wti,16.28,USD per barrel,github.com/datasets/oil-prices
1988-07-22,wti,16.27,USD per barrel,github.com/datasets/oil-prices
1988-07-25,wti,16.09,USD per barrel,github.com/datasets/oil-prices
1988-07-26,wti,15.99,USD per barrel,github.com/datasets/oil-prices
1988-07-27,wti,16.18,USD per barrel,github.com/datasets/oil-prices
1988-07-28,wti,16.08,USD per barrel,github.com/datasets/oil-prices
1988-07-29,wti,16.37,USD per barrel,github.com/datasets/oil-prices
1988-08-01,wti,16.07,USD per barrel,github.com/datasets/oil-prices
1988-08-02,wti,15.57,USD per barrel,github.com/datasets/oil-prices
1988-08-03,wti,15.2,USD per barrel,github.com/datasets/oil-prices
1988-08-04,wti,15.12,USD per barrel,github.com/datasets/oil-prices
1988-08-05,wti,15.31,USD per barrel,github.com/datasets/oil-prices
1988-08-08,wti,15.84,USD per barrel,github.com/datasets/oil-prices
1988-08-09,wti,15.56,USD per barrel,github.com/datasets/oil-prices
1988-08-10,wti,15.65,USD per barrel,github.com/datasets/oil-prices
1988-08-11,wti,15.75,USD per barrel,github.com/datasets/oil-prices
1988-08-12,wti,15.54,USD per barrel,github.com/datasets/oil-prices
1988-08-15,wti,15.59,USD per barrel,github.com/datasets/oil-prices
1988-08-16,wti,15.51,USD per barrel,github.com/datasets/oil-prices
1988-08-17,wti,15.46,USD per barrel,github.com/datasets/oil-prices
1988-08-18,wti,15.59,USD per barrel,github.com/datasets/oil-prices
1988-08-19,wti,15.77,USD per barrel,github.com/datasets/oil-prices
1988-08-22,wti,15.75,USD per barrel,github.com/datasets/oil-prices
1988-08-23,wti,15.71,USD per barrel,github.com/datasets/oil-prices
1988-08-24,wti,15.55,USD per barrel,github.com/datasets/oil-prices
1988-08-25,wti,15.33,USD per barrel,github.com/datasets/oil-prices
1988-08-26,wti,15.35,USD per barrel,github.com/datasets/oil-prices
1988-08-29,wti,15.24,USD per barrel,github.com/datasets/oil-prices
1988-08-30,wti,15.39,USD per barrel,github.com/datasets/oil-prices
1988-08-31,wti,15.19,USD per barrel,github.com/datasets/oil-prices
1988-09-01,wti,15.05,USD per barrel,github.com/datasets/oil-prices
1988-09-02,wti,14.79,USD per barrel,github.com/datasets/oil-prices
1988-09-05,wti,14.79,USD per barrel,github.com/datasets/oil-prices
1988-09-06,wti,14.25,USD per barrel,github.com/datasets/oil-prices
1988-09-07,wti,14.29,USD per barrel,github.com/datasets/oil-prices
1988-09-08,wti,14.51,USD per barrel,github.com/datasets/oil-prices
1988-09-09,wti,14.14,USD per barrel,github.com/datasets/oil-prices
1988-09-12,wti,14.48,USD per barrel,github.com/datasets/oil-prices
1988-09-13,wti,14.55,USD per barrel,github.com/datasets/oil-prices
1988-09-14,wti,15.38,USD per barrel,github.com/datasets/oil-prices
1988-09-15,wti,14.86,USD per barrel,github.com/datasets/oil-prices
1988-09-16,wti,14.5,USD per barrel,github.com/datasets/oil-prices
1988-09-19,wti,14.72,USD per barrel,github.com/datasets/oil-prices
1988-09-20,wti,15.08,USD per barrel,github.com/datasets/oil-prices
1988-09-21,wti,15.19,USD per barrel,github.com/datasets/oil-prices
1988-09-22,wti,15.25,USD per barrel,github.com/datasets/oil-prices
1988-09-23,wti,14.26,USD per barrel,github.com/datasets/oil-prices
1988-09-26,wti,14.16,USD per barrel,github.com/datasets/oil-prices
1988-09-27,wti,14.22,USD per barrel,github.com/datasets/oil-prices
1988-09-28,wti,14.07,USD per barrel,github.com/datasets/oil-prices
1988-09-29,wti,13.91,USD per barrel,github.com/datasets/oil-prices
1988-09-30,wti,13.33,USD per barrel,github.com/datasets/oil-prices
1988-10-03,wti,13.03,USD per barrel,github.com/datasets/oil-prices
1988-10-04,wti,13.03,USD per barrel,github.com/datasets/oil-prices
1988-10-05,wti,12.58,USD per barrel,github.com/datasets/oil-prices
1988-10-06,wti,12.62,USD per barrel,github.com/datasets/oil-prices
1988-10-07,wti,12.99,USD per barrel,github.com/datasets/oil-prices
1988-10-10,wti,13.59,USD per barrel,github.com/datasets/oil-prices
1988-10-11,wti,13.63,USD per barrel,github.com/datasets/oil-prices
1988-10-12,wti,14.02,USD per barrel,github.com/datasets/oil-prices
1988-10-13,wti,14.26,USD per barrel,github.com/datasets/oil-prices
1988-10-14,wti,14.9,USD per barrel,github.com/datasets/oil-prices
1988-10-17,wti,15.16,USD per barrel,github.com/datasets/oil-prices
1988-10-18,wti,14.63,USD per barrel,github.com/datasets/oil-prices
1988-10-19,wti,15.33,USD per barrel,github.com/datasets/oil-prices
1988-10-20,wti,14.44,USD per barrel,github.com/datasets/oil-prices
1988-10-21,wti,14.22,USD per barrel,github.com/datasets/oil-prices
1988-10-24,wti,12.94,USD per barrel,github.com/datasets/oil-prices
1988-10-25,wti,13.36,USD per barrel,github.com/datasets/oil-prices
1988-10-26,wti,13.45,USD per barrel,github.com/datasets/oil-prices
1988-10-27,wti,13.67,USD per barrel,github.com/datasets/oil-prices
1988-10-28,wti,13.79,USD per barrel,github.com/datasets/oil-prices
1988-10-31,wti,13.54,USD per barrel,github.com/datasets/oil-prices
1988-11-01,wti,13.52,USD per barrel,github.com/datasets/oil-prices
1988-11-02,wti,13.78,USD per barrel,github.com/datasets/oil-prices
1988-11-03,wti,13.89,USD per barrel,github.com/datasets/oil-prices
1988-11-07,wti,14.08,USD per barrel,github.com/datasets/oil-prices
1988-11-08,wti,13.7,USD per barrel,github.com/datasets/oil-prices
1988-11-09,wti,13.88,USD per barrel,github.com/datasets/oil-prices
1988-11-10,wti,13.99,USD per barrel,github.com/datasets/oil-prices
1988-11-11,wti,13.99,USD per barrel,github.com/datasets/oil-prices
1988-11-14,wti,14.25,USD per barrel,github.com/datasets/oil-prices
1988-11-15,wti,14.03,USD per barrel,github.com/datasets/oil-prices
1988-11-16,wti,13.68,USD per barrel,github.com/datasets/oil-prices
1988-11-17,wti,13.3,USD per barrel,github.com/datasets/oil-prices
1988-11-18,wti,13.47,USD per barrel,github.com/datasets/oil-prices
1988-11-21,wti,13.73,USD per barrel,github.com/datasets/oil-prices
1988-11-22,wti,14.78,USD per barrel,github.com/datasets/oil-prices
1988-11-23,wti,14.11,USD per barrel,github.com/datasets/oil-prices
1988-11-24,wti,14.11,USD per barrel,github.com/datasets/oil-prices
1988-11-25,wti,15.43,USD per barrel,github.com/datasets/oil-prices
1988-11-28,wti,14.93,USD per barrel,github.com/datasets/oil-prices
1988-11-29,wti,15.0,USD per barrel,github.com/datasets/oil-prices
1988-11-30,wti,15.42,USD per barrel,github.com/datasets/oil-prices
1988-12-01,wti,15.63,USD per barrel,github.com/datasets/oil-prices
1988-12-02,wti,15.69,USD per barrel,github.com/datasets/oil-prices
1988-12-05,wti,15.36,USD per barrel,github.com/datasets/oil-prices
1988-12-06,wti,15.51,USD per barrel,github.com/datasets/oil-prices
1988-12-07,wti,15.8,USD per barrel,github.com/datasets/oil-prices
1988-12-08,wti,15.48,USD per barrel,github.com/datasets/oil-prices
1988-12-09,wti,15.9,USD per barrel,github.com/datasets/oil-prices
1988-12-12,wti,16.08,USD per barrel,github.com/datasets/oil-prices
1988-12-13,wti,15.93,USD per barrel,github.com/datasets/oil-prices
1988-12-14,wti,16.33,USD per barrel,github.com/datasets/oil-prices
1988-12-15,wti,16.39,USD per barrel,github.com/datasets/oil-prices
1988-12-16,wti,16.81,USD per barrel,github.com/datasets/oil-prices
1988-12-19,wti,16.24,USD per barrel,github.com/datasets/oil-prices
1988-12-20,wti,17.68,USD per barrel,github.com/datasets/oil-prices
1988-12-21,wti,17.27,USD per barrel,github.com/datasets/oil-prices
1988-12-22,wti,17.36,USD per barrel,github.com/datasets/oil-prices
1988-12-23,wti,16.63,USD per barrel,github.com/datasets/oil-prices
1988-12-27,wti,16.98,USD per barrel,github.com/datasets/oil-prices
1988-12-28,wti,17.03,USD per barrel,github.com/datasets/oil-prices
1988-12-29,wti,16.81,USD per barrel,github.com/datasets/oil-prices
1988-12-30,wti,17.12,USD per barrel,github.com/datasets/oil-prices
1989-01-03,wti,17.38,USD per barrel,github.com/datasets/oil-prices
1989-01-04,wti,16.99,USD per barrel,github.com/datasets/oil-prices
1989-01-05,wti,17.45,USD per barrel,github.com/datasets/oil-prices
1989-01-06,wti,17.56,USD per barrel,github.com/datasets/oil-prices
1989-01-09,wti,17.74,USD per barrel,github.com/datasets/oil-prices
1989-01-10,wti,17.8,USD per barrel,github.com/datasets/oil-prices
1989-01-11,wti,18.16,USD per barrel,github.com/datasets/oil-prices
1989-01-12,wti,18.11,USD per barrel,github.com/datasets/oil-prices
1989-01-13,wti,18.49,USD per barrel,github.com/datasets/oil-prices
1989-01-17,wti,19.03,USD per barrel,github.com/datasets/oil-prices
1989-01-18,wti,19.2,USD per barrel,github.com/datasets/oil-prices
1989-01-19,wti,19.28,USD per barrel,github.com/datasets/oil-prices
1989-01-20,wti,18.85,USD per barrel,github.com/datasets/oil-prices
1989-01-23,wti,17.66,USD per barrel,github.com/datasets/oil-prices
1989-01-24,wti,17.96,USD per barrel,github.com/datasets/oil-prices
1989-01-25,wti,18.23,USD per barrel,github.com/datasets/oil-prices
1989-01-26,wti,17.68,USD per barrel,github.com/datasets/oil-prices
1989-01-27,wti,17.74,USD per barrel,github.com/datasets/oil-prices
1989-01-30,wti,17.32,USD per barrel,github.com/datasets/oil-prices
1989-01-31,wti,17.0,USD per barrel,github.com/datasets/oil-prices
1989-02-01,wti,17.5,USD per barrel,github.com/datasets/oil-prices
1989-02-02,wti,17.72,USD per barrel,github.com/datasets/oil-prices
1989-02-03,wti,17.51,USD per barrel,github.com/datasets/oil-prices
1989-02-06,wti,17.38,USD per barrel,github.com/datasets/oil-prices
1989-02-07,wti,17.55,USD per barrel,github.com/datasets/oil-prices
1989-02-09,wti,17.42,USD per barrel,github.com/datasets/oil-prices
1989-02-13,wti,17.61,USD per barrel,github.com/datasets/oil-prices
1989-02-14,wti,17.6,USD per barrel,github.com/datasets/oil-prices
1989-02-15,wti,18.23,USD per barrel,github.com/datasets/oil-prices
1989-02-16,wti,18.35,USD per barrel,github.com/datasets/oil-prices
1989-02-17,wti,18.6,USD per barrel,github.com/datasets/oil-prices
1989-02-20,wti,18.6,USD per barrel,github.com/datasets/oil-prices
1989-02-21,wti,18.64,USD per barrel,github.com/datasets/oil-prices
1989-02-22,wti,18.5,USD per barrel,github.com/datasets/oil-prices
1989-02-23,wti,18.49,USD per barrel,github.com/datasets/oil-prices
1989-02-24,wti,18.06,USD per barrel,github.com/datasets/oil-prices
1989-02-27,wti,18.16,USD per barrel,github.com/datasets/oil-prices
1989-02-28,wti,18.21,USD per barrel,github.com/datasets/oil-prices
1989-03-01,wti,18.3,USD per barrel,github.com/datasets/oil-prices
1989-03-02,wti,18.68,USD per barrel,github.com/datasets/oil-prices
1989-03-03,wti,18.67,USD per barrel,github.com/datasets/oil-prices
1989-03-06,wti,18.73,USD per barrel,github.com/datasets/oil-prices
1989-03-07,wti,18.12,USD per barrel,github.com/datasets/oil-prices
1989-03-08,wti,18.57,USD per barrel,github.com/datasets/oil-prices
1989-03-09,wti,18.53,USD per barrel,github.com/datasets/oil-prices
1989-03-10,wti,18.53,USD per barrel,github.com/datasets/oil-prices
1989-03-13,wti,19.05,USD per barrel,github.com/datasets/oil-prices
1989-03-14,wti,19.47,USD per barrel,github.com/datasets/oil-prices
1989-03-15,wti,19.84,USD per barrel,github.com/datasets/oil-prices
1989-03-16,wti,19.86,USD per barrel,github.com/datasets/oil-prices
1989-03-17,wti,20.34,USD per barrel,github.com/datasets/oil-prices
1989-03-20,wti,19.53,USD per barrel,github.com/datasets/oil-prices
1989-03-21,wti,20.08,USD per barrel,github.com/datasets/oil-prices
1989-03-22,wti,20.21,USD per barrel,github.com/datasets/oil-prices
1989-03-23,wti,20.16,USD per barrel,github.com/datasets/oil-prices
1989-03-27,wti,20.55,USD per barrel,github.com/datasets/oil-prices
1989-03-28,wti,19.93,USD per barrel,github.com/datasets/oil-prices
1989-03-29,wti,20.2,USD per barrel,github.com/datasets/oil-prices
1989-03-30,wti,21.03,USD per barrel,github.com/datasets/oil-prices
1989-03-31,wti,20.27,USD per barrel,github.com/datasets/oil-prices
1989-04-03,wti,20.03,USD per barrel,github.com/datasets/oil-prices
1989-04-04,wti,20.59,USD per barrel,github.com/datasets/oil-prices
1989-04-05,wti,20.07,USD per barrel,github.com/datasets/oil-prices
1989-04-06,wti,19.85,USD per barrel,github.com/datasets/oil-prices
1989-04-07,wti,20.03,USD per barrel,github.com/datasets/oil-prices
1989-04-10,wti,20.65,USD per barrel,github.com/datasets/oil-prices
1989-04-11,wti,20.56,USD per barrel,github.com/datasets/oil-prices
1989-04-12,wti,20.66,USD per barrel,github.com/datasets/oil-prices
1989-04-13,wti,20.26,USD per barrel,github.com/datasets/oil-prices
1989-04-14,wti,20.68,USD per barrel,github.com/datasets/oil-prices
1989-04-17,wti,21.23,USD per barrel,github.com/datasets/oil-prices
1989-04-18,wti,21.74,USD per barrel,github.com/datasets/oil-prices
1989-04-19,wti,22.66,USD per barrel,github.com/datasets/oil-prices
1989-04-20,wti,24.62,USD per barrel,github.com/datasets/oil-prices
1989-04-21,wti,23.38,USD per barrel,github.com/datasets/oil-prices
1989-04-24,wti,20.64,USD per barrel,github.com/datasets/oil-prices
1989-04-25,wti,21.32,USD per barrel,github.com/datasets/oil-prices
1989-04-26,wti,21.2,USD per barrel,github.com/datasets/oil-prices
1989-04-27,wti,20.83,USD per barrel,github.com/datasets/oil-prices
1989-04-28,wti,20.38,USD per barrel,github.com/datasets/oil-prices
1989-05-02,wti,19.73,USD per barrel,github.com/datasets/oil-prices
1989-05-03,wti,20.13,USD per barrel,github.com/datasets/oil-prices
1989-05-04,wti,20.57,USD per barrel,github.com/datasets/oil-prices
1989-05-05,wti,20.08,USD per barrel,github.com/datasets/oil-prices
1989-05-08,wti,19.41,USD per barrel,github.com/datasets/oil-prices
1989-05-09,wti,19.54,USD per barrel,github.com/datasets/oil-prices
1989-05-10,wti,19.56,USD per barrel,github.com/datasets/oil-prices
1989-05-11,wti,20.13,USD per barrel,github.com/datasets/oil-prices
1989-05-12,wti,20.12,USD per barrel,github.com/datasets/oil-prices
1989-05-15,wti,20.53,USD per barrel,github.com/datasets/oil-prices
1989-05-16,wti,20.58,USD per barrel,github.com/datasets/oil-prices
1989-05-17,wti,20.15,USD per barrel,github.com/datasets/oil-prices
1989-05-18,wti,20.25,USD per barrel,github.com/datasets/oil-prices
1989-05-19,wti,20.58,USD per barrel,github.com/datasets/oil-prices
1989-05-22,wti,20.92,USD per barrel,github.com/datasets/oil-prices
1989-05-23,wti,21.77,USD per barrel,github.com/datasets/oil-prices
1989-05-24,wti,19.68,USD per barrel,github.com/datasets/oil-prices
1989-05-25,wti,19.46,USD per barrel,github.com/datasets/oil-prices
1989-05-26,wti,19.55,USD per barrel,github.com/datasets/oil-prices
1989-05-29,wti,19.55,USD per barrel,github.com/datasets/oil-prices
1989-05-30,wti,19.96,USD per barrel,github.com/datasets/oil-prices
1989-05-31,wti,19.93,USD per barrel,github.com/datasets/oil-prices
1989-06-01,wti,19.83,USD per barrel,github.com/datasets/oil-prices
1989-06-02,wti,20.18,USD per barrel,github.com/datasets/oil-prices
1989-06-05,wti,20.5,USD per barrel,github.com/datasets/oil-prices
1989-06-06,wti,20.38,USD per barrel,github.com/datasets/oil-prices
1989-06-07,wti,19.7,USD per barrel,github.com/datasets/oil-prices
1989-06-08,wti,19.94,USD per barrel,github.com/datasets/oil-prices
1989-06-09,wti,19.87,USD per barrel,github.com/datasets/oil-prices
1989-06-12,wti,19.3,USD per barrel,github.com/datasets/oil-prices
1989-06-13,wti,19.5,USD per barrel,github.com/datasets/oil-prices
1989-06-14,wti,20.37,USD per barrel,github.com/datasets/oil-prices
1989-06-15,wti,20.56,USD per barrel,github.com/datasets/oil-prices
1989-06-16,wti,19.98,USD per barrel,github.com/datasets/oil-prices
1989-06-19,wti,20.88,USD per barrel,github.com/datasets/oil-prices
1989-06-20,wti,19.88,USD per barrel,github.com/datasets/oil-prices
1989-06-21,wti,19.74,USD per barrel,github.com/datasets/oil-prices
1989-06-22,wti,19.53,USD per barrel,github.com/datasets/oil-prices
1989-06-23,wti,19.71,USD per barrel,github.com/datasets/oil-prices
1989-06-26,wti,20.28,USD per barrel,github.com/datasets/oil-prices
1989-06-27,wti,20.38,USD per barrel,github.com/datasets/oil-prices
1989-06-28,wti,20.04,USD per barrel,github.com/datasets/oil-prices
1989-06-29,wti,20.27,USD per barrel,github.com/datasets/oil-prices
1989-06-30,wti,20.29,USD per barrel,github.com/datasets/oil-prices
1989-07-03,wti,20.55,USD per barrel,github.com/datasets/oil-prices
1989-07-04,wti,20.29,USD per barrel,github.com/datasets/oil-prices
1989-07-05,wti,20.98,USD per barrel,github.com/datasets/oil-prices
1989-07-06,wti,20.35,USD per barrel,github.com/datasets/oil-prices
1989-07-07,wti,20.78,USD per barrel,github.com/datasets/oil-prices
1989-07-10,wti,20.38,USD per barrel,github.com/datasets/oil-prices
1989-07-11,wti,20.75,USD per barrel,github.com/datasets/oil-prices
1989-07-12,wti,20.2,USD per barrel,github.com/datasets/oil-prices
1989-07-13,wti,20.42,USD per barrel,github.com/datasets/oil-prices
1989-07-14,wti,20.36,USD per barrel,github.com/datasets/oil-prices
1989-07-17,wti,20.49,USD per barrel,github.com/datasets/oil-prices
1989-07-18,wti,20.21,USD per barrel,github.com/datasets/oil-prices
1989-07-19,wti,19.83,USD per barrel,github.com/datasets/oil-prices
1989-07-20,wti,19.92,USD per barrel,github.com/datasets/oil-prices
1989-07-21,wti,19.86,USD per barrel,github.com/datasets/oil-prices
1989-07-24,wti,18.76,USD per barrel,github.com/datasets/oil-prices
1989-07-25,wti,18.52,USD per barrel,github.com/datasets/oil-prices
1989-07-26,wti,18.32,USD per barrel,github.com/datasets/oil-prices
1989-07-27,wti,18.15,USD per barrel,github.com/datasets/oil-prices
1989-07-28,wti,17.96,USD per barrel,github.com/datasets/oil-prices
1989-07-31,wti,18.33,USD per barrel,github.com/datasets/oil-prices
1989-08-01,wti,17.91,USD per barrel,github.com/datasets/oil-prices
1989-08-03,wti,18.18,USD per barrel,github.com/datasets/oil-prices
1989-08-04,wti,18.05,USD per barrel,github.com/datasets/oil-prices
1989-08-07,wti,17.91,USD per barrel,github.com/datasets/oil-prices
1989-08-08,wti,18.06,USD per barrel,github.com/datasets/oil-prices
1989-08-09,wti,18.23,USD per barrel,github.com/datasets/oil-prices
1989-08-10,wti,18.58,USD per barrel,github.com/datasets/oil-prices
1989-08-11,wti,18.46,USD per barrel,github.com/datasets/oil-prices
1989-08-14,wti,18.6,USD per barrel,github.com/datasets/oil-prices
1989-08-15,wti,18.78,USD per barrel,github.com/datasets/oil-prices
1989-08-16,wti,18.99,USD per barrel,github.com/datasets/oil-prices
1989-08-17,wti,18.67,USD per barrel,github.com/datasets/oil-prices
1989-08-18,wti,18.82,USD per barrel,github.com/datasets/oil-prices
1989-08-21,wti,19.1,USD per barrel,github.com/datasets/oil-prices
1989-08-22,wti,19.01,USD per barrel,github.com/datasets/oil-prices
1989-08-23,wti,19.15,USD per barrel,github.com/datasets/oil-prices
1989-08-24,wti,19.02,USD per barrel,github.com/datasets/oil-prices
1989-08-25,wti,18.53,USD per barrel,github.com/datasets/oil-prices
1989-08-28,wti,18.69,USD per barrel,github.com/datasets/oil-prices
1989-08-29,wti,18.59,USD per barrel,github.com/datasets/oil-prices
1989-08-30,wti,18.85,USD per barrel,github.com/datasets/oil-prices
1989-09-01,wti,18.88,USD per barrel,github.com/datasets/oil-prices
1989-09-04,wti,18.88,USD per barrel,github.com/datasets/oil-prices
1989-09-05,wti,19.08,USD per barrel,github.com/datasets/oil-prices
1989-09-06,wti,19.41,USD per barrel,github.com/datasets/oil-prices
1989-09-08,wti,19.77,USD per barrel,github.com/datasets/oil-prices
1989-09-11,wti,19.77,USD per barrel,github.com/datasets/oil-prices
1989-09-12,wti,19.68,USD per barrel,github.com/datasets/oil-prices
1989-09-13,wti,19.87,USD per barrel,github.com/datasets/oil-prices
1989-09-14,wti,19.73,USD per barrel,github.com/datasets/oil-prices
1989-09-18,wti,19.87,USD per barrel,github.com/datasets/oil-prices
1989-09-19,wti,19.68,USD per barrel,github.com/datasets/oil-prices
1989-09-21,wti,19.69,USD per barrel,github.com/datasets/oil-prices
1989-09-22,wti,19.21,USD per barrel,github.com/datasets/oil-prices
1989-09-25,wti,19.49,USD per barrel,github.com/datasets/oil-prices
1989-09-26,wti,19.62,USD per barrel,github.com/datasets/oil-prices
1989-09-27,wti,19.61,USD per barrel,github.com/datasets/oil-prices
1989-09-28,wti,19.99,USD per barrel,github.com/datasets/oil-prices
1989-09-29,wti,20.15,USD per barrel,github.com/datasets/oil-prices
1989-10-02,wti,19.99,USD per barrel,github.com/datasets/oil-prices
1989-10-03,wti,20.15,USD per barrel,github.com/datasets/oil-prices
1989-10-04,wti,20.17,USD per barrel,github.com/datasets/oil-prices
1989-10-05,wti,19.95,USD per barrel,github.com/datasets/oil-prices
1989-10-06,wti,19.89,USD per barrel,github.com/datasets/oil-prices
1989-10-09,wti,20.04,USD per barrel,github.com/datasets/oil-prices
1989-10-10,wti,20.21,USD per barrel,github.com/datasets/oil-prices
1989-10-11,wti,20.18,USD per barrel,github.com/datasets/oil-prices
1989-10-12,wti,20.49,USD per barrel,github.com/datasets/oil-prices
1989-10-13,wti,20.91,USD per barrel,github.com/datasets/oil-prices
1989-10-16,wti,20.64,USD per barrel,github.com/datasets/oil-prices
1989-10-17,wti,20.68,USD per barrel,github.com/datasets/oil-prices
1989-10-18,wti,20.58,USD per barrel,github.com/datasets/oil-prices
1989-10-19,wti,20.37,USD per barrel,github.com/datasets/oil-prices
1989-10-20,wti,20.04,USD per barrel,github.com/datasets/oil-prices
1989-10-23,wti,19.67,USD per barrel,github.com/datasets/oil-prices
1989-10-24,wti,19.7,USD per barrel,github.com/datasets/oil-prices
1989-10-25,wti,19.6,USD per barrel,github.com/datasets/oil-prices
1989-10-26,wti,19.48,USD per barrel,github.com/datasets/oil-prices
1989-10-27,wti,19.79,USD per barrel,github.com/datasets/oil-prices
1989-10-30,wti,19.74,USD per barrel,github.com/datasets/oil-prices
1989-10-31,wti,19.88,USD per barrel,github.com/datasets/oil-prices
1989-11-01,wti,20.09,USD per barrel,github.com/datasets/oil-prices
1989-11-03,wti,20.23,USD per barrel,github.com/datasets/oil-prices
1989-11-06,wti,20.06,USD per barrel,github.com/datasets/oil-prices
1989-11-07,wti,19.97,USD per barrel,github.com/datasets/oil-prices
1989-11-08,wti,19.97,USD per barrel,github.com/datasets/oil-prices
1989-11-09,wti,19.62,USD per barrel,github.com/datasets/oil-prices
1989-11-13,wti,19.62,USD per barrel,github.com/datasets/oil-prices
1989-11-14,wti,19.58,USD per barrel,github.com/datasets/oil-prices
1989-11-15,wti,19.69,USD per barrel,github.com/datasets/oil-prices
1989-11-16,wti,19.88,USD per barrel,github.com/datasets/oil-prices
1989-11-17,wti,19.93,USD per barrel,github.com/datasets/oil-prices
1989-11-20,wti,20.13,USD per barrel,github.com/datasets/oil-prices
1989-11-21,wti,20.52,USD per barrel,github.com/datasets/oil-prices
1989-11-22,wti,19.8,USD per barrel,github.com/datasets/oil-prices
1989-11-23,wti,19.8,USD per barrel,github.com/datasets/oil-prices
1989-11-24,wti,19.84,USD per barrel,github.com/datasets/oil-prices
1989-11-27,wti,19.65,USD per barrel,github.com/datasets/oil-prices
1989-11-28,wti,19.33,USD per barrel,github.com/datasets/oil-prices
1989-11-30,wti,19.87,USD per barrel,github.com/datasets/oil-prices
1989-12-01,wti,20.26,USD per barrel,github.com/datasets/oil-prices
1989-12-04,wti,20.24,USD per barrel,github.com/datasets/oil-prices
1989-12-05,wti,20.22,USD per barrel,github.com/datasets/oil-prices
1989-12-06,wti,20.46,USD per barrel,github.com/datasets/oil-prices
1989-12-07,wti,20.45,USD per barrel,github.com/datasets/oil-prices
1989-12-08,wti,20.41,USD per barrel,github.com/datasets/oil-prices
1989-12-11,wti,20.69,USD per barrel,github.com/datasets/oil-prices
1989-12-12,wti,20.8,USD per barrel,github.com/datasets/oil-prices
1989-12-13,wti,20.75,USD per barrel,github.com/datasets/oil-prices
1989-12-14,wti,20.67,USD per barrel,github.com/datasets/oil-prices
1989-12-15,wti,21.13,USD per barrel,github.com/datasets/oil-prices
1989-12-18,wti,22.2,USD per barrel,github.com/datasets/oil-prices
1989-12-19,wti,22.17,USD per barrel,github.com/datasets/oil-prices
1989-12-20,wti,21.58,USD per barrel,github.com/datasets/oil-prices
1989-12-21,wti,21.53,USD per barrel,github.com/datasets/oil-prices
1989-12-22,wti,21.31,USD per barrel,github.com/datasets/oil-prices
1989-12-26,wti,21.91,USD per barrel,github.com/datasets/oil-prices
1989-12-28,wti,21.6,USD per barrel,github.com/datasets/oil-prices
1989-12-29,wti,21.84,USD per barrel,github.com/datasets/oil-prices
1990-01-02,wti,22.88,USD per barrel,github.com/datasets/oil-prices
1990-01-03,wti,23.81,USD per barrel,github.com/datasets/oil-prices
1990-01-04,wti,23.41,USD per barrel,github.com/datasets/oil-prices
1990-01-05,wti,23.07,USD per barrel,github.com/datasets/oil-prices
1990-01-08,wti,21.64,USD per barrel,github.com/datasets/oil-prices
1990-01-09,wti,22.25,USD per barrel,github.com/datasets/oil-prices
1990-01-10,wti,22.9,USD per barrel,github.com/datasets/oil-prices
1990-01-11,wti,23.15,USD per barrel,github.com/datasets/oil-prices
1990-01-12,wti,23.17,USD per barrel,github.com/datasets/oil-prices
1990-01-15,wti,22.36,USD per barrel,github.com/datasets/oil-prices
1990-01-16,wti,22.61,USD per barrel,github.com/datasets/oil-prices
1990-01-17,wti,22.11,USD per barrel,github.com/datasets/oil-prices
1990-01-18,wti,22.78,USD per barrel,github.com/datasets/oil-prices
1990-01-19,wti,23.7,USD per barrel,github.com/datasets/oil-prices
1990-01-22,wti,22.57,USD per barrel,github.com/datasets/oil-prices
1990-01-23,wti,22.34,USD per barrel,github.com/datasets/oil-prices
1990-01-24,wti,23.43,USD per barrel,github.com/datasets/oil-prices
1990-01-25,wti,24.48,USD per barrel,github.com/datasets/oil-prices
1990-01-26,wti,22.56,USD per barrel,github.com/datasets/oil-prices
1990-01-29,wti,22.79,USD per barrel,github.com/datasets/oil-prices
1990-01-30,wti,22.29,USD per barrel,github.com/datasets/oil-prices
1990-01-31,wti,22.69,USD per barrel,github.com/datasets/oil-prices
1990-02-01,wti,22.71,USD per barrel,github.com/datasets/oil-prices
1990-02-02,wti,23.04,USD per barrel,github.com/datasets/oil-prices
1990-02-05,wti,22.44,USD per barrel,github.com/datasets/oil-prices
1990-02-06,wti,22.36,USD per barrel,github.com/datasets/oil-prices
1990-02-07,wti,22.4,USD per barrel,github.com/datasets/oil-prices
1990-02-08,wti,22.11,USD per barrel,github.com/datasets/oil-prices
1990-02-09,wti,21.82,USD per barrel,github.com/datasets/oil-prices
1990-02-12,wti,22.02,USD per barrel,github.com/datasets/oil-prices
1990-02-13,wti,21.88,USD per barrel,github.com/datasets/oil-prices
1990-02-14,wti,22.12,USD per barrel,github.com/datasets/oil-prices
1990-02-15,wti,22.86,USD per barrel,github.com/datasets/oil-prices
1990-02-16,wti,22.46,USD per barrel,github.com/datasets/oil-prices
1990-02-19,wti,22.46,USD per barrel,github.com/datasets/oil-prices
1990-02-20,wti,22.2,USD per barrel,github.com/datasets/oil-prices
1990-02-21,wti,21.87,USD per barrel,github.com/datasets/oil-prices
1990-02-22,wti,21.4,USD per barrel,github.com/datasets/oil-prices
1990-02-23,wti,21.13,USD per barrel,github.com/datasets/oil-prices
1990-02-26,wti,21.81,USD per barrel,github.com/datasets/oil-prices
1990-02-27,wti,21.62,USD per barrel,github.com/datasets/oil-prices
1990-02-28,wti,21.55,USD per barrel,github.com/datasets/oil-prices
1990-03-01,wti,21.19,USD per barrel,github.com/datasets/oil-prices
1990-03-02,wti,21.36,USD per barrel,github.com/datasets/oil-prices
1990-03-05,wti,21.62,USD per barrel,github.com/datasets/oil-prices
1990-03-06,wti,21.3,USD per barrel,github.com/datasets/oil-prices
1990-03-07,wti,20.93,USD per barrel,github.com/datasets/oil-prices
1990-03-08,wti,20.8,USD per barrel,github.com/datasets/oil-prices
1990-03-09,wti,20.42,USD per barrel,github.com/datasets/oil-prices
1990-03-12,wti,20.26,USD per barrel,github.com/datasets/oil-prices
1990-03-13,wti,20.15,USD per barrel,github.com/datasets/oil-prices
1990-03-14,wti,20.07,USD per barrel,github.com/datasets/oil-prices
1990-03-15,wti,20.38,USD per barrel,github.com/datasets/oil-prices
1990-03-16,wti,20.09,USD per barrel,github.com/datasets/oil-prices
1990-03-19,wti,19.6,USD per barrel,github.com/datasets/oil-prices
1990-03-20,wti,19.34,USD per barrel,github.com/datasets/oil-prices
1990-03-21,wti,19.59,USD per barrel,github.com/datasets/oil-prices
1990-03-22,wti,19.85,USD per barrel,github.com/datasets/oil-prices
1990-03-23,wti,20.28,USD per barrel,github.com/datasets/oil-prices
1990-03-26,wti,20.48,USD per barrel,github.com/datasets/oil-prices
1990-03-27,wti,20.36,USD per barrel,github.com/datasets/oil-prices
1990-03-28,wti,20.09,USD per barrel,github.com/datasets/oil-prices
1990-03-29,wti,20.03,USD per barrel,github.com/datasets/oil-prices
1990-03-30,wti,20.34,USD per barrel,github.com/datasets/oil-prices
1990-04-02,wti,20.51,USD per barrel,github.com/datasets/oil-prices
1990-04-03,wti,20.23,USD per barrel,github.com/datasets/oil-prices
1990-04-04,wti,19.78,USD per barrel,github.com/datasets/oil-prices
1990-04-05,wti,19.48,USD per barrel,github.com/datasets/oil-prices
1990-04-06,wti,19.15,USD per barrel,github.com/datasets/oil-prices
1990-04-09,wti,18.32,USD per barrel,github.com/datasets/oil-prices
1990-04-10,wti,17.56,USD per barrel,github.com/datasets/oil-prices
1990-04-11,wti,18.19,USD per barrel,github.com/datasets/oil-prices
1990-04-12,wti,17.76,USD per barrel,github.com/datasets/oil-prices
1990-04-16,wti,17.87,USD per barrel,github.com/datasets/oil-prices
1990-04-17,wti,17.37,USD per barrel,github.com/datasets/oil-prices
1990-04-18,wti,16.95,USD per barrel,github.com/datasets/oil-prices
1990-04-19,wti,17.93,USD per barrel,github.com/datasets/oil-prices
1990-04-20,wti,17.9,USD per barrel,github.com/datasets/oil-prices
1990-04-23,wti,18.6,USD per barrel,github.com/datasets/oil-prices
1990-04-24,wti,17.85,USD per barrel,github.com/datasets/oil-prices
1990-04-25,wti,17.49,USD per barrel,github.com/datasets/oil-prices
1990-04-26,wti,18.5,USD per barrel,github.com/datasets/oil-prices
1990-04-27,wti,18.57,USD per barrel,github.com/datasets/oil-prices
1990-04-30,wti,18.5,USD per barrel,github.com/datasets/oil-prices
1990-05-01,wti,18.76,USD per barrel,github.com/datasets/oil-prices
1990-05-02,wti,18.63,USD per barrel,github.com/datasets/oil-prices
1990-05-03,wti,17.98,USD per barrel,github.com/datasets/oil-prices
1990-05-04,wti,17.98,USD per barrel,github.com/datasets/oil-prices
1990-05-07,wti,18.3,USD per barrel,github.com/datasets/oil-prices
1990-05-08,wti,18.26,USD per barrel,github.com/datasets/oil-prices
1990-05-09,wti,19.01,USD per barrel,github.com/datasets/oil-prices
1990-05-10,wti,19.03,USD per barrel,github.com/datasets/oil-prices
1990-05-11,wti,18.96,USD per barrel,github.com/datasets/oil-prices
1990-05-14,wti,19.73,USD per barrel,github.com/datasets/oil-prices
1990-05-15,wti,19.52,USD per barrel,github.com/datasets/oil-prices
1990-05-16,wti,19.05,USD per barrel,github.com/datasets/oil-prices
1990-05-17,wti,18.89,USD per barrel,github.com/datasets/oil-prices
1990-05-18,wti,18.78,USD per barrel,github.com/datasets/oil-prices
1990-05-21,wti,18.26,USD per barrel,github.com/datasets/oil-prices
1990-05-22,wti,17.51,USD per barrel,github.com/datasets/oil-prices
1990-05-23,wti,16.25,USD per barrel,github.com/datasets/oil-prices
1990-05-25,wti,16.12,USD per barrel,github.com/datasets/oil-prices
1990-05-29,wti,18.0,USD per barrel,github.com/datasets/oil-prices
1990-05-30,wti,17.88,USD per barrel,github.com/datasets/oil-prices
1990-05-31,wti,17.47,USD per barrel,github.com/datasets/oil-prices
1990-06-01,wti,17.51,USD per barrel,github.com/datasets/oil-prices
1990-06-04,wti,17.09,USD per barrel,github.com/datasets/oil-prices
1990-06-05,wti,16.41,USD per barrel,github.com/datasets/oil-prices
1990-06-06,wti,16.91,USD per barrel,github.com/datasets/oil-prices
1990-06-07,wti,16.65,USD per barrel,github.com/datasets/oil-prices
1990-06-08,wti,16.78,USD per barrel,github.com/datasets/oil-prices
1990-06-11,wti,16.82,USD per barrel,github.com/datasets/oil-prices
1990-06-12,wti,17.39,USD per barrel,github.com/datasets/oil-prices
1990-06-13,wti,17.6,USD per barrel,github.com/datasets/oil-prices
1990-06-14,wti,17.11,USD per barrel,github.com/datasets/oil-prices
1990-06-15,wti,16.64,USD per barrel,github.com/datasets/oil-prices
1990-06-18,wti,15.92,USD per barrel,github.com/datasets/oil-prices
1990-06-19,wti,15.55,USD per barrel,github.com/datasets/oil-prices
1990-06-20,wti,15.43,USD per barrel,github.com/datasets/oil-prices
1990-06-21,wti,16.09,USD per barrel,github.com/datasets/oil-prices
1990-06-22,wti,16.5,USD per barrel,github.com/datasets/oil-prices
1990-06-25,wti,16.15,USD per barrel,github.com/datasets/oil-prices
1990-06-26,wti,17.12,USD per barrel,github.com/datasets/oil-prices
1990-06-27,wti,16.7,USD per barrel,github.com/datasets/oil-prices
1990-06-28,wti,17.18,USD per barrel,github.com/datasets/oil-prices
1990-06-29,wti,17.05,USD per barrel,github.com/datasets/oil-prices
1990-07-02,wti,16.94,USD per barrel,github.com/datasets/oil-prices
1990-07-03,wti,16.73,USD per barrel,github.com/datasets/oil-prices
1990-07-04,wti,16.73,USD per barrel,github.com/datasets/oil-prices
1990-07-05,wti,16.5,USD per barrel,github.com/datasets/oil-prices
1990-07-06,wti,16.49,USD per barrel,github.com/datasets/oil-prices
1990-07-09,wti,16.63,USD per barrel,github.com/datasets/oil-prices
1990-07-10,wti,17.05,USD per barrel,github.com/datasets/oil-prices
1990-07-11,wti,17.45,USD per barrel,github.com/datasets/oil-prices
1990-07-12,wti,18.69,USD per barrel,github.com/datasets/oil-prices
1990-07-13,wti,18.37,USD per barrel,github.com/datasets/oil-prices
1990-07-16,wti,18.67,USD per barrel,github.com/datasets/oil-prices
1990-07-17,wti,18.23,USD per barrel,github.com/datasets/oil-prices
1990-07-18,wti,18.57,USD per barrel,github.com/datasets/oil-prices
1990-07-19,wti,19.07,USD per barrel,github.com/datasets/oil-prices
1990-07-20,wti,19.61,USD per barrel,github.com/datasets/oil-prices
1990-07-23,wti,19.88,USD per barrel,github.com/datasets/oil-prices
1990-07-24,wti,19.84,USD per barrel,github.com/datasets/oil-prices
1990-07-25,wti,19.33,USD per barrel,github.com/datasets/oil-prices
1990-07-26,wti,20.33,USD per barrel,github.com/datasets/oil-prices
1990-07-27,wti,20.07,USD per barrel,github.com/datasets/oil-prices
1990-07-30,wti,20.24,USD per barrel,github.com/datasets/oil-prices
1990-07-31,wti,20.57,USD per barrel,github.com/datasets/oil-prices
1990-08-01,wti,21.59,USD per barrel,github.com/datasets/oil-prices
1990-08-02,wti,23.71,USD per barrel,github.com/datasets/oil-prices
1990-08-03,wti,23.79,USD per barrel,github.com/datasets/oil-prices
1990-08-06,wti,28.73,USD per barrel,github.com/datasets/oil-prices
1990-08-07,wti,29.6,USD per barrel,github.com/datasets/oil-prices
1990-08-08,wti,26.19,USD per barrel,github.com/datasets/oil-prices
1990-08-09,wti,25.69,USD per barrel,github.com/datasets/oil-prices
1990-08-10,wti,26.38,USD per barrel,github.com/datasets/oil-prices
1990-08-13,wti,27.07,USD per barrel,github.com/datasets/oil-prices
1990-08-14,wti,26.7,USD per barrel,github.com/datasets/oil-prices
1990-08-15,wti,26.54,USD per barrel,github.com/datasets/oil-prices
1990-08-16,wti,27.4,USD per barrel,github.com/datasets/oil-prices
1990-08-17,wti,28.65,USD per barrel,github.com/datasets/oil-prices
1990-08-20,wti,28.63,USD per barrel,github.com/datasets/oil-prices
1990-08-21,wti,28.46,USD per barrel,github.com/datasets/oil-prices
1990-08-22,wti,30.52,USD per barrel,github.com/datasets/oil-prices
1990-08-23,wti,31.67,USD per barrel,github.com/datasets/oil-prices
1990-08-24,wti,31.1,USD per barrel,github.com/datasets/oil-prices
1990-08-27,wti,27.36,USD per barrel,github.com/datasets/oil-prices
1990-08-28,wti,27.73,USD per barrel,github.com/datasets/oil-prices
1990-08-29,wti,26.15,USD per barrel,github.com/datasets/oil-prices
1990-08-30,wti,26.96,USD per barrel,github.com/datasets/oil-prices
1990-08-31,wti,27.45,USD per barrel,github.com/datasets/oil-prices
1990-09-03,wti,27.45,USD per barrel,github.com/datasets/oil-prices
1990-09-04,wti,29.3,USD per barrel,github.com/datasets/oil-prices
1990-09-05,wti,30.0,USD per barrel,github.com/datasets/oil-prices
1990-09-06,wti,31.51,USD per barrel,github.com/datasets/oil-prices
1990-09-07,wti,30.09,USD per barrel,github.com/datasets/oil-prices
1990-09-10,wti,30.83,USD per barrel,github.com/datasets/oil-prices
1990-09-11,wti,30.29,USD per barrel,github.com/datasets/oil-prices
1990-09-12,wti,30.85,USD per barrel,github.com/datasets/oil-prices
1990-09-14,wti,31.79,USD per barrel,github.com/datasets/oil-prices
1990-09-17,wti,33.73,USD per barrel,github.com/datasets/oil-prices
1990-09-18,wti,33.48,USD per barrel,github.com/datasets/oil-prices
1990-09-19,wti,33.18,USD per barrel,github.com/datasets/oil-prices
1990-09-20,wti,34.44,USD per barrel,github.com/datasets/oil-prices
1990-09-21,wti,36.21,USD per barrel,github.com/datasets/oil-prices
1990-09-24,wti,39.05,USD per barrel,github.com/datasets/oil-prices
1990-09-25,wti,38.33,USD per barrel,github.com/datasets/oil-prices
1990-09-26,wti,39.12,USD per barrel,github.com/datasets/oil-prices
1990-09-27,wti,39.77,USD per barrel,github.com/datasets/oil-prices
1990-09-28,wti,39.53,USD per barrel,github.com/datasets/oil-prices
1990-10-01,wti,37.08,USD per barrel,github.com/datasets/oil-prices
1990-10-02,wti,34.43,USD per barrel,github.com/datasets/oil-prices
1990-10-03,wti,37.04,USD per barrel,github.com/datasets/oil-prices
1990-10-04,wti,36.76,USD per barrel,github.com/datasets/oil-prices
1990-10-05,wti,37.87,USD per barrel,github.com/datasets/oil-prices
1990-10-08,wti,38.88,USD per barrel,github.com/datasets/oil-prices
1990-10-09,wti,40.73,USD per barrel,github.com/datasets/oil-prices
1990-10-10,wti,39.3,USD per barrel,github.com/datasets/oil-prices
1990-10-11,wti,41.07,USD per barrel,github.com/datasets/oil-prices
1990-10-12,wti,39.42,USD per barrel,github.com/datasets/oil-prices
1990-10-15,wti,38.0,USD per barrel,github.com/datasets/oil-prices
1990-10-16,wti,39.34,USD per barrel,github.com/datasets/oil-prices
1990-10-17,wti,36.03,USD per barrel,github.com/datasets/oil-prices
1990-10-18,wti,37.03,USD per barrel,github.com/datasets/oil-prices
1990-10-19,wti,33.82,USD per barrel,github.com/datasets/oil-prices
1990-10-22,wti,28.46,USD per barrel,github.com/datasets/oil-prices
1990-10-23,wti,29.95,USD per barrel,github.com/datasets/oil-prices
1990-10-24,wti,30.8,USD per barrel,github.com/datasets/oil-prices
1990-10-25,wti,34.35,USD per barrel,github.com/datasets/oil-prices
1990-10-26,wti,33.03,USD per barrel,github.com/datasets/oil-prices
1990-10-29,wti,35.28,USD per barrel,github.com/datasets/oil-prices
1990-10-30,wti,34.93,USD per barrel,github.com/datasets/oil-prices
1990-10-31,wti,35.31,USD per barrel,github.com/datasets/oil-prices
1990-11-01,wti,35.3,USD per barrel,github.com/datasets/oil-prices
1990-11-02,wti,33.95,USD per barrel,github.com/datasets/oil-prices
1990-11-05,wti,32.05,USD per barrel,github.com/datasets/oil-prices
1990-11-06,wti,32.41,USD per barrel,github.com/datasets/oil-prices
1990-11-07,wti,35.48,USD per barrel,github.com/datasets/oil-prices
1990-11-08,wti,35.61,USD per barrel,github.com/datasets/oil-prices
1990-11-09,wti,33.91,USD per barrel,github.com/datasets/oil-prices
1990-11-12,wti,32.08,USD per barrel,github.com/datasets/oil-prices
1990-11-13,wti,33.3,USD per barrel,github.com/datasets/oil-prices
1990-11-14,wti,31.18,USD per barrel,github.com/datasets/oil-prices
1990-11-15,wti,31.05,USD per barrel,github.com/datasets/oil-prices
1990-11-16,wti,29.91,USD per barrel,github.com/datasets/oil-prices
1990-11-19,wti,31.45,USD per barrel,github.com/datasets/oil-prices
1990-11-20,wti,29.5,USD per barrel,github.com/datasets/oil-prices
1990-11-21,wti,30.08,USD per barrel,github.com/datasets/oil-prices
1990-11-22,wti,30.08,USD per barrel,github.com/datasets/oil-prices
1990-11-23,wti,32.35,USD per barrel,github.com/datasets/oil-prices
1990-11-26,wti,33.28,USD per barrel,github.com/datasets/oil-prices
1990-11-27,wti,33.05,USD per barrel,github.com/datasets/oil-prices
1990-11-28,wti,33.28,USD per barrel,github.com/datasets/oil-prices
1990-11-29,wti,32.93,USD per barrel,github.com/datasets/oil-prices
1990-11-30,wti,29.08,USD per barrel,github.com/datasets/oil-prices
1990-12-03,wti,29.4,USD per barrel,github.com/datasets/oil-prices
1990-12-04,wti,29.05,USD per barrel,github.com/datasets/oil-prices
1990-12-05,wti,27.18,USD per barrel,github.com/datasets/oil-prices
1990-12-06,wti,26.35,USD per barrel,github.com/datasets/oil-prices
1990-12-07,wti,26.61,USD per barrel,github.com/datasets/oil-prices
1990-12-10,wti,27.08,USD per barrel,github.com/datasets/oil-prices
1990-12-11,wti,26.5,USD per barrel,github.com/datasets/oil-prices
1990-12-12,wti,25.3,USD per barrel,github.com/datasets/oil-prices
1990-12-13,wti,26.45,USD per barrel,github.com/datasets/oil-prices
1990-12-14,wti,26.6,USD per barrel,github.com/datasets/oil-prices
1990-12-17,wti,27.1,USD per barrel,github.com/datasets/oil-prices
1990-12-18,wti,27.85,USD per barrel,github.com/datasets/oil-prices
1990-12-19,wti,28.26,USD per barrel,github.com/datasets/oil-prices
1990-12-20,wti,27.5,USD per barrel,github.com/datasets/oil-prices
1990-12-21,wti,27.08,USD per barrel,github.com/datasets/oil-prices
1990-12-24,wti,26.95,USD per barrel,github.com/datasets/oil-prices
1990-12-26,wti,27.35,USD per barrel,github.com/datasets/oil-prices
1990-12-27,wti,26.95,USD per barrel,github.com/datasets/oil-prices
1990-12-28,wti,27.58,USD per barrel,github.com/datasets/oil-prices
1990-12-31,wti,28.48,USD per barrel,github.com/datasets/oil-prices
1991-01-02,wti,26.53,USD per barrel,github.com/datasets/oil-prices
1991-01-03,wti,25.61,USD per barrel,github.com/datasets/oil-prices
1991-01-04,wti,24.88,USD per barrel,github.com/datasets/oil-prices
1991-01-07,wti,27.25,USD per barrel,github.com/datasets/oil-prices
1991-01-08,wti,27.5,USD per barrel,github.com/datasets/oil-prices
1991-01-09,wti,28.0,USD per barrel,github.com/datasets/oil-prices
1991-01-10,wti,27.55,USD per barrel,github.com/datasets/oil-prices
1991-01-11,wti,27.43,USD per barrel,github.com/datasets/oil-prices
1991-01-14,wti,30.13,USD per barrel,github.com/datasets/oil-prices
1991-01-15,wti,30.35,USD per barrel,github.com/datasets/oil-prices
1991-01-16,wti,32.25,USD per barrel,github.com/datasets/oil-prices
1991-01-17,wti,21.48,USD per barrel,github.com/datasets/oil-prices
1991-01-18,wti,20.05,USD per barrel,github.com/datasets/oil-prices
1991-01-21,wti,21.63,USD per barrel,github.com/datasets/oil-prices
1991-01-22,wti,24.91,USD per barrel,github.com/datasets/oil-prices
1991-01-23,wti,24.08,USD per barrel,github.com/datasets/oil-prices
1991-01-24,wti,25.63,USD per barrel,github.com/datasets/oil-prices
1991-01-25,wti,24.15,USD per barrel,github.com/datasets/oil-prices
1991-01-28,wti,21.03,USD per barrel,github.com/datasets/oil-prices
1991-01-29,wti,21.73,USD per barrel,github.com/datasets/oil-prices
1991-01-30,wti,21.08,USD per barrel,github.com/datasets/oil-prices
1991-01-31,wti,21.9,USD per barrel,github.com/datasets/oil-prices
1991-02-01,wti,21.33,USD per barrel,github.com/datasets/oil-prices
1991-02-04,wti,21.23,USD per barrel,github.com/datasets/oil-prices
1991-02-05,wti,20.7,USD per barrel,github.com/datasets/oil-prices
1991-02-06,wti,21.48,USD per barrel,github.com/datasets/oil-prices
1991-02-07,wti,21.33,USD per barrel,github.com/datasets/oil-prices
1991-02-08,wti,21.78,USD per barrel,github.com/datasets/oil-prices
1991-02-11,wti,22.44,USD per barrel,github.com/datasets/oil-prices
1991-02-12,wti,22.78,USD per barrel,github.com/datasets/oil-prices
1991-02-13,wti,22.38,USD per barrel,github.com/datasets/oil-prices
1991-02-14,wti,22.25,USD per barrel,github.com/datasets/oil-prices
1991-02-15,wti,20.73,USD per barrel,github.com/datasets/oil-prices
1991-02-18,wti,20.73,USD per barrel,github.com/datasets/oil-prices
1991-02-19,wti,20.08,USD per barrel,github.com/datasets/oil-prices
1991-02-20,wti,20.18,USD per barrel,github.com/datasets/oil-prices
1991-02-21,wti,18.48,USD per barrel,github.com/datasets/oil-prices
1991-02-22,wti,17.43,USD per barrel,github.com/datasets/oil-prices
1991-02-25,wti,17.43,USD per barrel,github.com/datasets/oil-prices
1991-02-26,wti,18.48,USD per barrel,github.com/datasets/oil-prices
1991-02-27,wti,19.03,USD per barrel,github.com/datasets/oil-prices
1991-02-28,wti,19.28,USD per barrel,github.com/datasets/oil-prices
1991-03-01,wti,19.43,USD per barrel,github.com/datasets/oil-prices
1991-03-04,wti,20.33,USD per barrel,github.com/datasets/oil-prices
1991-03-05,wti,20.5,USD per barrel,github.com/datasets/oil-prices
1991-03-06,wti,19.78,USD per barrel,github.com/datasets/oil-prices
1991-03-07,wti,19.33,USD per barrel,github.com/datasets/oil-prices
1991-03-08,wti,19.34,USD per barrel,github.com/datasets/oil-prices
1991-03-11,wti,19.0,USD per barrel,github.com/datasets/oil-prices
1991-03-12,wti,20.06,USD per barrel,github.com/datasets/oil-prices
1991-03-13,wti,20.48,USD per barrel,github.com/datasets/oil-prices
1991-03-14,wti,20.05,USD per barrel,github.com/datasets/oil-prices
1991-03-15,wti,19.88,USD per barrel,github.com/datasets/oil-prices
1991-03-18,wti,19.78,USD per barrel,github.com/datasets/oil-prices
1991-03-19,wti,20.68,USD per barrel,github.com/datasets/oil-prices
1991-03-20,wti,20.4,USD per barrel,github.com/datasets/oil-prices
1991-03-21,wti,20.78,USD per barrel,github.com/datasets/oil-prices
1991-03-22,wti,19.88,USD per barrel,github.com/datasets/oil-prices
1991-03-25,wti,19.47,USD per barrel,github.com/datasets/oil-prices
1991-03-26,wti,19.78,USD per barrel,github.com/datasets/oil-prices
1991-03-27,wti,19.45,USD per barrel,github.com/datasets/oil-prices
1991-03-28,wti,19.63,USD per barrel,github.com/datasets/oil-prices
1991-04-01,wti,19.28,USD per barrel,github.com/datasets/oil-prices
1991-04-02,wti,19.38,USD per barrel,github.com/datasets/oil-prices
1991-04-03,wti,19.48,USD per barrel,github.com/datasets/oil-prices
1991-04-04,wti,19.98,USD per barrel,github.com/datasets/oil-prices
1991-04-05,wti,20.03,USD per barrel,github.com/datasets/oil-prices
1991-04-08,wti,20.28,USD per barrel,github.com/datasets/oil-prices
1991-04-09,wti,20.58,USD per barrel,github.com/datasets/oil-prices
1991-04-10,wti,21.08,USD per barrel,github.com/datasets/oil-prices
1991-04-11,wti,20.98,USD per barrel,github.com/datasets/oil-prices
1991-04-12,wti,21.54,USD per barrel,github.com/datasets/oil-prices
1991-04-15,wti,21.85,USD per barrel,github.com/datasets/oil-prices
1991-04-16,wti,21.6,USD per barrel,github.com/datasets/oil-prices
1991-04-17,wti,21.73,USD per barrel,github.com/datasets/oil-prices
1991-04-18,wti,21.08,USD per barrel,github.com/datasets/oil-prices
1991-04-19,wti,21.16,USD per barrel,github.com/datasets/oil-prices
1991-04-22,wti,21.68,USD per barrel,github.com/datasets/oil-prices
1991-04-23,wti,21.03,USD per barrel,github.com/datasets/oil-prices
1991-04-24,wti,21.0,USD per barrel,github.com/datasets/oil-prices
1991-04-25,wti,20.95,USD per barrel,github.com/datasets/oil-prices
1991-04-26,wti,21.28,USD per barrel,github.com/datasets/oil-prices
1991-04-29,wti,21.3,USD per barrel,github.com/datasets/oil-prices
1991-04-30,wti,20.99,USD per barrel,github.com/datasets/oil-prices
1991-05-01,wti,21.28,USD per barrel,github.com/datasets/oil-prices
1991-05-02,wti,21.17,USD per barrel,github.com/datasets/oil-prices
1991-05-03,wti,21.43,USD per barrel,github.com/datasets/oil-prices
1991-05-06,wti,21.73,USD per barrel,github.com/datasets/oil-prices
1991-05-07,wti,21.72,USD per barrel,github.com/datasets/oil-prices
1991-05-08,wti,21.83,USD per barrel,github.com/datasets/oil-prices
1991-05-09,wti,21.92,USD per barrel,github.com/datasets/oil-prices
1991-05-10,wti,21.25,USD per barrel,github.com/datasets/oil-prices
1991-05-13,wti,20.89,USD per barrel,github.com/datasets/oil-prices
1991-05-14,wti,20.73,USD per barrel,github.com/datasets/oil-prices
1991-05-15,wti,21.04,USD per barrel,github.com/datasets/oil-prices
1991-05-17,wti,21.19,USD per barrel,github.com/datasets/oil-prices
1991-05-20,wti,21.39,USD per barrel,github.com/datasets/oil-prices
1991-05-21,wti,20.95,USD per barrel,github.com/datasets/oil-prices
1991-05-22,wti,20.85,USD per barrel,github.com/datasets/oil-prices
1991-05-23,wti,20.95,USD per barrel,github.com/datasets/oil-prices
1991-05-24,wti,21.04,USD per barrel,github.com/datasets/oil-prices
1991-05-29,wti,21.04,USD per barrel,github.com/datasets/oil-prices
1991-05-30,wti,21.3,USD per barrel,github.com/datasets/oil-prices
1991-05-31,wti,21.16,USD per barrel,github.com/datasets/oil-prices
1991-06-03,wti,21.16,USD per barrel,github.com/datasets/oil-prices
1991-06-04,wti,20.9,USD per barrel,github.com/datasets/oil-prices
1991-06-05,wti,20.45,USD per barrel,github.com/datasets/oil-prices
1991-06-06,wti,20.38,USD per barrel,github.com/datasets/oil-prices
1991-06-07,wti,20.28,USD per barrel,github.com/datasets/oil-prices
1991-06-10,wti,19.84,USD per barrel,github.com/datasets/oil-prices
1991-06-11,wti,19.85,USD per barrel,github.com/datasets/oil-prices
1991-06-12,wti,20.08,USD per barrel,github.com/datasets/oil-prices
1991-06-13,wti,19.71,USD per barrel,github.com/datasets/oil-prices
1991-06-14,wti,19.7,USD per barrel,github.com/datasets/oil-prices
1991-06-17,wti,19.97,USD per barrel,github.com/datasets/oil-prices
1991-06-18,wti,20.11,USD per barrel,github.com/datasets/oil-prices
1991-06-19,wti,19.99,USD per barrel,github.com/datasets/oil-prices
1991-06-21,wti,20.1,USD per barrel,github.com/datasets/oil-prices
1991-06-24,wti,19.92,USD per barrel,github.com/datasets/oil-prices
1991-06-25,wti,20.03,USD per barrel,github.com/datasets/oil-prices
1991-06-26,wti,20.12,USD per barrel,github.com/datasets/oil-prices
1991-06-27,wti,20.41,USD per barrel,github.com/datasets/oil-prices
1991-06-28,wti,20.56,USD per barrel,github.com/datasets/oil-prices
1991-07-01,wti,20.78,USD per barrel,github.com/datasets/oil-prices
1991-07-02,wti,20.92,USD per barrel,github.com/datasets/oil-prices
1991-07-03,wti,20.69,USD per barrel,github.com/datasets/oil-prices
1991-07-04,wti,20.69,USD per barrel,github.com/datasets/oil-prices
1991-07-05,wti,20.91,USD per barrel,github.com/datasets/oil-prices
1991-07-08,wti,21.29,USD per barrel,github.com/datasets/oil-prices
1991-07-09,wti,21.35,USD per barrel,github.com/datasets/oil-prices
1991-07-10,wti,21.43,USD per barrel,github.com/datasets/oil-prices
1991-07-11,wti,21.32,USD per barrel,github.com/datasets/oil-prices
1991-07-12,wti,21.74,USD per barrel,github.com/datasets/oil-prices
1991-07-15,wti,21.5,USD per barrel,github.com/datasets/oil-prices
1991-07-16,wti,21.7,USD per barrel,github.com/datasets/oil-prices
1991-07-17,wti,22.2,USD per barrel,github.com/datasets/oil-prices
1991-07-18,wti,21.97,USD per barrel,github.com/datasets/oil-prices
1991-07-19,wti,22.16,USD per barrel,github.com/datasets/oil-prices
1991-07-22,wti,21.74,USD per barrel,github.com/datasets/oil-prices
1991-07-23,wti,21.25,USD per barrel,github.com/datasets/oil-prices
1991-07-24,wti,21.41,USD per barrel,github.com/datasets/oil-prices
1991-07-25,wti,21.11,USD per barrel,github.com/datasets/oil-prices
1991-07-26,wti,21.48,USD per barrel,github.com/datasets/oil-prices
1991-07-29,wti,21.38,USD per barrel,github.com/datasets/oil-prices
1991-07-30,wti,21.55,USD per barrel,github.com/datasets/oil-prices
1991-07-31,wti,21.7,USD per barrel,github.com/datasets/oil-prices
1991-08-01,wti,21.33,USD per barrel,github.com/datasets/oil-prices
1991-08-02,wti,21.35,USD per barrel,github.com/datasets/oil-prices
1991-08-05,wti,21.5,USD per barrel,github.com/datasets/oil-prices
1991-08-06,wti,21.39,USD per barrel,github.com/datasets/oil-prices
1991-08-07,wti,21.38,USD per barrel,github.com/datasets/oil-prices
1991-08-08,wti,21.6,USD per barrel,github.com/datasets/oil-prices
1991-08-09,wti,21.64,USD per barrel,github.com/datasets/oil-prices
1991-08-12,wti,21.71,USD per barrel,github.com/datasets/oil-prices
1991-08-13,wti,21.52,USD per barrel,github.com/datasets/oil-prices
1991-08-14,wti,21.3,USD per barrel,github.com/datasets/oil-prices
1991-08-15,wti,21.39,USD per barrel,github.com/datasets/oil-prices
1991-08-16,wti,21.29,USD per barrel,github.com/datasets/oil-prices
1991-08-19,wti,22.5,USD per barrel,github.com/datasets/oil-prices
1991-08-20,wti,22.3,USD per barrel,github.com/datasets/oil-prices
1991-08-21,wti,21.44,USD per barrel,github.com/datasets/oil-prices
1991-08-22,wti,21.93,USD per barrel,github.com/datasets/oil-prices
1991-08-23,wti,21.78,USD per barrel,github.com/datasets/oil-prices
1991-08-26,wti,21.98,USD per barrel,github.com/datasets/oil-prices
1991-08-27,wti,21.86,USD per barrel,github.com/datasets/oil-prices
1991-08-28,wti,21.77,USD per barrel,github.com/datasets/oil-prices
1991-08-29,wti,22.02,USD per barrel,github.com/datasets/oil-prices
1991-08-30,wti,22.28,USD per barrel,github.com/datasets/oil-prices
1991-09-03,wti,22.28,USD per barrel,github.com/datasets/oil-prices
1991-09-04,wti,21.76,USD per barrel,github.com/datasets/oil-prices
1991-09-05,wti,21.75,USD per barrel,github.com/datasets/oil-prices
1991-09-06,wti,21.56,USD per barrel,github.com/datasets/oil-prices
1991-09-09,wti,21.36,USD per barrel,github.com/datasets/oil-prices
1991-09-10,wti,21.44,USD per barrel,github.com/datasets/oil-prices
1991-09-11,wti,21.66,USD per barrel,github.com/datasets/oil-prices
1991-09-12,wti,21.51,USD per barrel,github.com/datasets/oil-prices
1991-09-13,wti,21.71,USD per barrel,github.com/datasets/oil-prices
1991-09-16,wti,21.84,USD per barrel,github.com/datasets/oil-prices
1991-09-17,wti,21.73,USD per barrel,github.com/datasets/oil-prices
1991-09-18,wti,21.87,USD per barrel,github.com/datasets/oil-prices
1991-09-19,wti,21.79,USD per barrel,github.com/datasets/oil-prices
1991-09-20,wti,22.02,USD per barrel,github.com/datasets/oil-prices
1991-09-23,wti,22.2,USD per barrel,github.com/datasets/oil-prices
1991-09-24,wti,22.24,USD per barrel,github.com/datasets/oil-prices
1991-09-25,wti,22.11,USD per barrel,github.com/datasets/oil-prices
1991-09-26,wti,22.23,USD per barrel,github.com/datasets/oil-prices
1991-09-27,wti,22.42,USD per barrel,github.com/datasets/oil-prices
1991-09-30,wti,22.25,USD per barrel,github.com/datasets/oil-prices
1991-10-01,wti,22.1,USD per barrel,github.com/datasets/oil-prices
1991-10-02,wti,22.34,USD per barrel,github.com/datasets/oil-prices
1991-10-03,wti,22.7,USD per barrel,github.com/datasets/oil-prices
1991-10-04,wti,22.64,USD per barrel,github.com/datasets/oil-prices
1991-10-07,wti,22.99,USD per barrel,github.com/datasets/oil-prices
1991-10-08,wti,23.02,USD per barrel,github.com/datasets/oil-prices
1991-10-09,wti,23.18,USD per barrel,github.com/datasets/oil-prices
1991-10-10,wti,23.01,USD per barrel,github.com/datasets/oil-prices
1991-10-11,wti,23.19,USD per barrel,github.com/datasets/oil-prices
1991-10-14,wti,23.48,USD per barrel,github.com/datasets/oil-prices
1991-10-15,wti,23.89,USD per barrel,github.com/datasets/oil-prices
1991-10-16,wti,23.67,USD per barrel,github.com/datasets/oil-prices
1991-10-17,wti,23.96,USD per barrel,github.com/datasets/oil-prices
1991-10-18,wti,24.12,USD per barrel,github.com/datasets/oil-prices
1991-10-21,wti,24.03,USD per barrel,github.com/datasets/oil-prices
1991-10-22,wti,23.47,USD per barrel,github.com/datasets/oil-prices
1991-10-23,wti,23.14,USD per barrel,github.com/datasets/oil-prices
1991-10-24,wti,23.47,USD per barrel,github.com/datasets/oil-prices
1991-10-25,wti,23.18,USD per barrel,github.com/datasets/oil-prices
1991-10-28,wti,23.24,USD per barrel,github.com/datasets/oil-prices
1991-10-29,wti,23.09,USD per barrel,github.com/datasets/oil-prices
1991-10-30,wti,23.11,USD per barrel,github.com/datasets/oil-prices
1991-10-31,wti,23.29,USD per barrel,github.com/datasets/oil-prices
1991-11-01,wti,23.85,USD per barrel,github.com/datasets/oil-prices
1991-11-04,wti,23.82,USD per barrel,github.com/datasets/oil-prices
1991-11-05,wti,23.78,USD per barrel,github.com/datasets/oil-prices
1991-11-06,wti,23.44,USD per barrel,github.com/datasets/oil-prices
1991-11-07,wti,23.29,USD per barrel,github.com/datasets/oil-prices
1991-11-08,wti,23.0,USD per barrel,github.com/datasets/oil-prices
1991-11-11,wti,22.66,USD per barrel,github.com/datasets/oil-prices
1991-11-12,wti,22.58,USD per barrel,github.com/datasets/oil-prices
1991-11-13,wti,22.28,USD per barrel,github.com/datasets/oil-prices
1991-11-14,wti,22.55,USD per barrel,github.com/datasets/oil-prices
1991-11-15,wti,22.79,USD per barrel,github.com/datasets/oil-prices
1991-11-18,wti,22.38,USD per barrel,github.com/datasets/oil-prices
1991-11-19,wti,21.88,USD per barrel,github.com/datasets/oil-prices
1991-11-20,wti,22.17,USD per barrel,github.com/datasets/oil-prices
1991-11-21,wti,21.93,USD per barrel,github.com/datasets/oil-prices
1991-11-22,wti,21.85,USD per barrel,github.com/datasets/oil-prices
1991-11-25,wti,22.15,USD per barrel,github.com/datasets/oil-prices
1991-11-26,wti,21.04,USD per barrel,github.com/datasets/oil-prices
1991-11-27,wti,21.38,USD per barrel,github.com/datasets/oil-prices
1991-11-28,wti,21.38,USD per barrel,github.com/datasets/oil-prices
1991-11-29,wti,21.48,USD per barrel,github.com/datasets/oil-prices
1991-12-02,wti,21.1,USD per barrel,github.com/datasets/oil-prices
1991-12-03,wti,20.61,USD per barrel,github.com/datasets/oil-prices
1991-12-04,wti,20.75,USD per barrel,github.com/datasets/oil-prices
1991-12-05,wti,20.42,USD per barrel,github.com/datasets/oil-prices
1991-12-06,wti,19.87,USD per barrel,github.com/datasets/oil-prices
1991-12-09,wti,19.39,USD per barrel,github.com/datasets/oil-prices
1991-12-10,wti,19.24,USD per barrel,github.com/datasets/oil-prices
1991-12-11,wti,19.54,USD per barrel,github.com/datasets/oil-prices
1991-12-13,wti,20.09,USD per barrel,github.com/datasets/oil-prices
1991-12-16,wti,19.78,USD per barrel,github.com/datasets/oil-prices
1991-12-17,wti,19.45,USD per barrel,github.com/datasets/oil-prices
1991-12-18,wti,19.39,USD per barrel,github.com/datasets/oil-prices
1991-12-19,wti,19.12,USD per barrel,github.com/datasets/oil-prices
1991-12-20,wti,18.28,USD per barrel,github.com/datasets/oil-prices
1991-12-23,wti,18.58,USD per barrel,github.com/datasets/oil-prices
1991-12-24,wti,18.68,USD per barrel,github.com/datasets/oil-prices
1991-12-26,wti,18.63,USD per barrel,github.com/datasets/oil-prices
1991-12-27,wti,18.82,USD per barrel,github.com/datasets/oil-prices
1991-12-30,wti,18.63,USD per barrel,github.com/datasets/oil-prices
1991-12-31,wti,19.15,USD per barrel,github.com/datasets/oil-prices
1992-01-02,wti,19.43,USD per barrel,github.com/datasets/oil-prices
1992-01-06,wti,19.24,USD per barrel,github.com/datasets/oil-prices
1992-01-08,wti,17.95,USD per barrel,github.com/datasets/oil-prices
1992-01-10,wti,18.26,USD per barrel,github.com/datasets/oil-prices
1992-01-13,wti,18.77,USD per barrel,github.com/datasets/oil-prices
1992-01-14,wti,18.4,USD per barrel,github.com/datasets/oil-prices
1992-01-15,wti,18.83,USD per barrel,github.com/datasets/oil-prices
1992-01-16,wti,18.94,USD per barrel,github.com/datasets/oil-prices
1992-01-17,wti,19.11,USD per barrel,github.com/datasets/oil-prices
1992-01-20,wti,18.92,USD per barrel,github.com/datasets/oil-prices
1992-01-21,wti,18.5,USD per barrel,github.com/datasets/oil-prices
1992-01-22,wti,18.73,USD per barrel,github.com/datasets/oil-prices
1992-01-23,wti,18.38,USD per barrel,github.com/datasets/oil-prices
1992-01-24,wti,18.75,USD per barrel,github.com/datasets/oil-prices
1992-01-27,wti,19.35,USD per barrel,github.com/datasets/oil-prices
1992-01-28,wti,19.09,USD per barrel,github.com/datasets/oil-prices
1992-01-29,wti,18.92,USD per barrel,github.com/datasets/oil-prices
1992-01-30,wti,18.95,USD per barrel,github.com/datasets/oil-prices
1992-01-31,wti,18.93,USD per barrel,github.com/datasets/oil-prices
1992-02-03,wti,18.97,USD per barrel,github.com/datasets/oil-prices
1992-02-04,wti,19.26,USD per barrel,github.com/datasets/oil-prices
1992-02-05,wti,19.5,USD per barrel,github.com/datasets/oil-prices
1992-02-06,wti,19.48,USD per barrel,github.com/datasets/oil-prices
1992-02-07,wti,19.91,USD per barrel,github.com/datasets/oil-prices
1992-02-10,wti,19.69,USD per barrel,github.com/datasets/oil-prices
1992-02-11,wti,19.36,USD per barrel,github.com/datasets/oil-prices
1992-02-12,wti,19.29,USD per barrel,github.com/datasets/oil-prices
1992-02-13,wti,19.7,USD per barrel,github.com/datasets/oil-prices
1992-02-14,wti,19.42,USD per barrel,github.com/datasets/oil-prices
1992-02-17,wti,19.42,USD per barrel,github.com/datasets/oil-prices
1992-02-18,wti,18.14,USD per barrel,github.com/datasets/oil-prices
1992-02-19,wti,18.42,USD per barrel,github.com/datasets/oil-prices
1992-02-20,wti,18.52,USD per barrel,github.com/datasets/oil-prices
1992-02-21,wti,18.6,USD per barrel,github.com/datasets/oil-prices
1992-02-24,wti,18.37,USD per barrel,github.com/datasets/oil-prices
1992-02-25,wti,18.3,USD per barrel,github.com/datasets/oil-prices
1992-02-26,wti,18.44,USD per barrel,github.com/datasets/oil-prices
1992-02-27,wti,18.77,USD per barrel,github.com/datasets/oil-prices
1992-02-28,wti,18.69,USD per barrel,github.com/datasets/oil-prices
1992-03-02,wti,18.36,USD per barrel,github.com/datasets/oil-prices
1992-03-03,wti,18.67,USD per barrel,github.com/datasets/oil-prices
1992-03-04,wti,18.62,USD per barrel,github.com/datasets/oil-prices
1992-03-05,wti,18.58,USD per barrel,github.com/datasets/oil-prices
1992-03-06,wti,18.53,USD per barrel,github.com/datasets/oil-prices
1992-03-09,wti,18.65,USD per barrel,github.com/datasets/oil-prices
1992-03-10,wti,18.62,USD per barrel,github.com/datasets/oil-prices
1992-03-11,wti,18.5,USD per barrel,github.com/datasets/oil-prices
1992-03-12,wti,18.86,USD per barrel,github.com/datasets/oil-prices
1992-03-13,wti,19.16,USD per barrel,github.com/datasets/oil-prices
1992-03-16,wti,19.15,USD per barrel,github.com/datasets/oil-prices
1992-03-17,wti,19.27,USD per barrel,github.com/datasets/oil-prices
1992-03-18,wti,19.05,USD per barrel,github.com/datasets/oil-prices
1992-03-19,wti,19.27,USD per barrel,github.com/datasets/oil-prices
1992-03-20,wti,18.78,USD per barrel,github.com/datasets/oil-prices
1992-03-23,wti,18.91,USD per barrel,github.com/datasets/oil-prices
1992-03-24,wti,19.06,USD per barrel,github.com/datasets/oil-prices
1992-03-25,wti,19.0,USD per barrel,github.com/datasets/oil-prices
1992-03-26,wti,19.31,USD per barrel,github.com/datasets/oil-prices
1992-03-27,wti,19.19,USD per barrel,github.com/datasets/oil-prices
1992-03-30,wti,19.25,USD per barrel,github.com/datasets/oil-prices
1992-03-31,wti,19.49,USD per barrel,github.com/datasets/oil-prices
1992-04-01,wti,19.85,USD per barrel,github.com/datasets/oil-prices
1992-04-02,wti,19.79,USD per barrel,github.com/datasets/oil-prices
1992-04-03,wti,20.25,USD per barrel,github.com/datasets/oil-prices
1992-04-06,wti,20.44,USD per barrel,github.com/datasets/oil-prices
1992-04-07,wti,20.29,USD per barrel,github.com/datasets/oil-prices
1992-04-08,wti,20.64,USD per barrel,github.com/datasets/oil-prices
1992-04-09,wti,20.33,USD per barrel,github.com/datasets/oil-prices
1992-04-10,wti,20.45,USD per barrel,github.com/datasets/oil-prices
1992-04-14,wti,19.81,USD per barrel,github.com/datasets/oil-prices
1992-04-15,wti,19.93,USD per barrel,github.com/datasets/oil-prices
1992-04-16,wti,20.25,USD per barrel,github.com/datasets/oil-prices
1992-04-20,wti,20.26,USD per barrel,github.com/datasets/oil-prices
1992-04-21,wti,20.17,USD per barrel,github.com/datasets/oil-prices
1992-04-22,wti,19.92,USD per barrel,github.com/datasets/oil-prices
1992-04-23,wti,19.91,USD per barrel,github.com/datasets/oil-prices
1992-04-24,wti,20.05,USD per barrel,github.com/datasets/oil-prices
1992-04-28,wti,20.29,USD per barrel,github.com/datasets/oil-prices
1992-04-29,wti,20.77,USD per barrel,github.com/datasets/oil-prices
1992-04-30,wti,20.88,USD per barrel,github.com/datasets/oil-prices
1992-05-01,wti,20.88,USD per barrel,github.com/datasets/oil-prices
1992-05-05,wti,20.78,USD per barrel,github.com/datasets/oil-prices
1992-05-06,wti,20.79,USD per barrel,github.com/datasets/oil-prices
1992-05-07,wti,20.73,USD per barrel,github.com/datasets/oil-prices
1992-05-08,wti,20.85,USD per barrel,github.com/datasets/oil-prices
1992-05-11,wti,21.02,USD per barrel,github.com/datasets/oil-prices
1992-05-12,wti,20.98,USD per barrel,github.com/datasets/oil-prices
1992-05-13,wti,20.75,USD per barrel,github.com/datasets/oil-prices
1992-05-14,wti,20.56,USD per barrel,github.com/datasets/oil-prices
1992-05-15,wti,20.7,USD per barrel,github.com/datasets/oil-prices
1992-05-18,wti,20.54,USD per barrel,github.com/datasets/oil-prices
1992-05-19,wti,20.12,USD per barrel,github.com/datasets/oil-prices
1992-05-20,wti,20.2,USD per barrel,github.com/datasets/oil-prices
1992-05-21,wti,20.79,USD per barrel,github.com/datasets/oil-prices
1992-05-22,wti,20.79,USD per barrel,github.com/datasets/oil-prices
1992-05-26,wti,21.8,USD per barrel,github.com/datasets/oil-prices
1992-05-27,wti,22.0,USD per barrel,github.com/datasets/oil-prices
1992-05-28,wti,21.97,USD per barrel,github.com/datasets/oil-prices
1992-05-29,wti,22.13,USD per barrel,github.com/datasets/oil-prices
1992-06-01,wti,22.07,USD per barrel,github.com/datasets/oil-prices
1992-06-02,wti,22.2,USD per barrel,github.com/datasets/oil-prices
1992-06-03,wti,22.45,USD per barrel,github.com/datasets/oil-prices
1992-06-04,wti,22.53,USD per barrel,github.com/datasets/oil-prices
1992-06-05,wti,22.65,USD per barrel,github.com/datasets/oil-prices
1992-06-08,wti,22.43,USD per barrel,github.com/datasets/oil-prices
1992-06-09,wti,22.23,USD per barrel,github.com/datasets/oil-prices
1992-06-10,wti,22.49,USD per barrel,github.com/datasets/oil-prices
1992-06-11,wti,22.33,USD per barrel,github.com/datasets/oil-prices
1992-06-12,wti,22.28,USD per barrel,github.com/datasets/oil-prices
1992-06-15,wti,22.38,USD per barrel,github.com/datasets/oil-prices
1992-06-16,wti,22.23,USD per barrel,github.com/datasets/oil-prices
1992-06-17,wti,22.3,USD per barrel,github.com/datasets/oil-prices
1992-06-18,wti,22.23,USD per barrel,github.com/datasets/oil-prices
1992-06-19,wti,22.16,USD per barrel,github.com/datasets/oil-prices
1992-06-22,wti,22.47,USD per barrel,github.com/datasets/oil-prices
1992-06-23,wti,22.74,USD per barrel,github.com/datasets/oil-prices
1992-06-24,wti,23.03,USD per barrel,github.com/datasets/oil-prices
1992-06-25,wti,22.73,USD per barrel,github.com/datasets/oil-prices
1992-06-26,wti,22.42,USD per barrel,github.com/datasets/oil-prices
1992-06-29,wti,22.27,USD per barrel,github.com/datasets/oil-prices
1992-06-30,wti,21.84,USD per barrel,github.com/datasets/oil-prices
1992-07-01,wti,21.9,USD per barrel,github.com/datasets/oil-prices
1992-07-02,wti,22.08,USD per barrel,github.com/datasets/oil-prices
1992-07-03,wti,22.08,USD per barrel,github.com/datasets/oil-prices
1992-07-06,wti,21.87,USD per barrel,github.com/datasets/oil-prices
1992-07-07,wti,21.51,USD per barrel,github.com/datasets/oil-prices
1992-07-09,wti,21.38,USD per barrel,github.com/datasets/oil-prices
1992-07-10,wti,21.25,USD per barrel,github.com/datasets/oil-prices
1992-07-13,wti,21.38,USD per barrel,github.com/datasets/oil-prices
1992-07-14,wti,21.42,USD per barrel,github.com/datasets/oil-prices
1992-07-15,wti,21.73,USD per barrel,github.com/datasets/oil-prices
1992-07-16,wti,21.8,USD per barrel,github.com/datasets/oil-prices
1992-07-17,wti,21.56,USD per barrel,github.com/datasets/oil-prices
1992-07-20,wti,21.78,USD per barrel,github.com/datasets/oil-prices
1992-07-21,wti,21.91,USD per barrel,github.com/datasets/oil-prices
1992-07-22,wti,21.99,USD per barrel,github.com/datasets/oil-prices
1992-07-23,wti,22.11,USD per barrel,github.com/datasets/oil-prices
1992-07-24,wti,21.95,USD per barrel,github.com/datasets/oil-prices
1992-07-27,wti,22.09,USD per barrel,github.com/datasets/oil-prices
1992-07-28,wti,22.03,USD per barrel,github.com/datasets/oil-prices
1992-07-29,wti,21.98,USD per barrel,github.com/datasets/oil-prices
1992-07-30,wti,21.82,USD per barrel,github.com/datasets/oil-prices
1992-07-31,wti,21.83,USD per barrel,github.com/datasets/oil-prices
1992-08-03,wti,21.6,USD per barrel,github.com/datasets/oil-prices
1992-08-04,wti,21.23,USD per barrel,github.com/datasets/oil-prices
1992-08-05,wti,21.18,USD per barrel,github.com/datasets/oil-prices
1992-08-06,wti,21.41,USD per barrel,github.com/datasets/oil-prices
1992-08-07,wti,21.27,USD per barrel,github.com/datasets/oil-prices
1992-08-10,wti,21.12,USD per barrel,github.com/datasets/oil-prices
1992-08-11,wti,21.0,USD per barrel,github.com/datasets/oil-prices
1992-08-12,wti,21.13,USD per barrel,github.com/datasets/oil-prices
1992-08-13,wti,21.35,USD per barrel,github.com/datasets/oil-prices
1992-08-14,wti,21.31,USD per barrel,github.com/datasets/oil-prices
1992-08-17,wti,21.47,USD per barrel,github.com/datasets/oil-prices
1992-08-18,wti,21.54,USD per barrel,github.com/datasets/oil-prices
1992-08-19,wti,21.33,USD per barrel,github.com/datasets/oil-prices
1992-08-20,wti,21.4,USD per barrel,github.com/datasets/oil-prices
1992-08-21,wti,21.19,USD per barrel,github.com/datasets/oil-prices
1992-08-24,wti,21.85,USD per barrel,github.com/datasets/oil-prices
1992-08-25,wti,21.6,USD per barrel,github.com/datasets/oil-prices
1992-08-26,wti,21.24,USD per barrel,github.com/datasets/oil-prices
1992-08-27,wti,21.14,USD per barrel,github.com/datasets/oil-prices
1992-08-28,wti,21.3,USD per barrel,github.com/datasets/oil-prices
1992-08-31,wti,21.46,USD per barrel,github.com/datasets/oil-prices
1992-09-01,wti,21.72,USD per barrel,github.com/datasets/oil-prices
1992-09-02,wti,21.65,USD per barrel,github.com/datasets/oil-prices
1992-09-03,wti,21.69,USD per barrel,github.com/datasets/oil-prices
1992-09-04,wti,21.77,USD per barrel,github.com/datasets/oil-prices
1992-09-07,wti,21.77,USD per barrel,github.com/datasets/oil-prices
1992-09-08,wti,21.98,USD per barrel,github.com/datasets/oil-prices
1992-09-09,wti,22.0,USD per barrel,github.com/datasets/oil-prices
1992-09-10,wti,21.93,USD per barrel,github.com/datasets/oil-prices
1992-09-11,wti,22.0,USD per barrel,github.com/datasets/oil-prices
1992-09-14,wti,22.35,USD per barrel,github.com/datasets/oil-prices
1992-09-15,wti,22.13,USD per barrel,github.com/datasets/oil-prices
1992-09-16,wti,22.39,USD per barrel,github.com/datasets/oil-prices
1992-09-17,wti,22.23,USD per barrel,github.com/datasets/oil-prices
1992-09-18,wti,21.96,USD per barrel,github.com/datasets/oil-prices
1992-09-21,wti,21.91,USD per barrel,github.com/datasets/oil-prices
1992-09-23,wti,21.78,USD per barrel,github.com/datasets/oil-prices
1992-09-24,wti,21.57,USD per barrel,github.com/datasets/oil-prices
1992-09-25,wti,21.51,USD per barrel,github.com/datasets/oil-prices
1992-09-28,wti,21.78,USD per barrel,github.com/datasets/oil-prices
1992-09-29,wti,21.66,USD per barrel,github.com/datasets/oil-prices
1992-09-30,wti,21.83,USD per barrel,github.com/datasets/oil-prices
1992-10-01,wti,21.83,USD per barrel,github.com/datasets/oil-prices
1992-10-02,wti,21.93,USD per barrel,github.com/datasets/oil-prices
1992-10-05,wti,21.76,USD per barrel,github.com/datasets/oil-prices
1992-10-06,wti,21.85,USD per barrel,github.com/datasets/oil-prices
1992-10-07,wti,21.89,USD per barrel,github.com/datasets/oil-prices
1992-10-08,wti,21.99,USD per barrel,github.com/datasets/oil-prices
1992-10-09,wti,21.99,USD per barrel,github.com/datasets/oil-prices
1992-10-12,wti,22.28,USD per barrel,github.com/datasets/oil-prices
1992-10-13,wti,22.12,USD per barrel,github.com/datasets/oil-prices
1992-10-14,wti,22.16,USD per barrel,github.com/datasets/oil-prices
1992-10-15,wti,22.37,USD per barrel,github.com/datasets/oil-prices
1992-10-16,wti,22.31,USD per barrel,github.com/datasets/oil-prices
1992-10-19,wti,22.18,USD per barrel,github.com/datasets/oil-prices
1992-10-20,wti,21.88,USD per barrel,github.com/datasets/oil-prices
1992-10-21,wti,21.49,USD per barrel,github.com/datasets/oil-prices
1992-10-22,wti,21.22,USD per barrel,github.com/datasets/oil-prices
1992-10-23,wti,21.11,USD per barrel,github.com/datasets/oil-prices
1992-10-26,wti,21.14,USD per barrel,github.com/datasets/oil-prices
1992-10-27,wti,21.03,USD per barrel,github.com/datasets/oil-prices
1992-10-28,wti,21.17,USD per barrel,github.com/datasets/oil-prices
1992-10-29,wti,20.71,USD per barrel,github.com/datasets/oil-prices
1992-10-30,wti,20.68,USD per barrel,github.com/datasets/oil-prices
1992-11-02,wti,20.77,USD per barrel,github.com/datasets/oil-prices
1992-11-03,wti,20.6,USD per barrel,github.com/datasets/oil-prices
1992-11-04,wti,20.33,USD per barrel,github.com/datasets/oil-prices
1992-11-05,wti,20.62,USD per barrel,github.com/datasets/oil-prices
1992-11-06,wti,20.26,USD per barrel,github.com/datasets/oil-prices
1992-11-09,wti,20.63,USD per barrel,github.com/datasets/oil-prices
1992-11-10,wti,20.54,USD per barrel,github.com/datasets/oil-prices
1992-11-11,wti,20.46,USD per barrel,github.com/datasets/oil-prices
1992-11-12,wti,20.19,USD per barrel,github.com/datasets/oil-prices
1992-11-13,wti,20.04,USD per barrel,github.com/datasets/oil-prices
1992-11-16,wti,20.37,USD per barrel,github.com/datasets/oil-prices
1992-11-17,wti,20.32,USD per barrel,github.com/datasets/oil-prices
1992-11-18,wti,20.21,USD per barrel,github.com/datasets/oil-prices
1992-11-19,wti,20.5,USD per barrel,github.com/datasets/oil-prices
1992-11-20,wti,20.37,USD per barrel,github.com/datasets/oil-prices
1992-11-23,wti,20.01,USD per barrel,github.com/datasets/oil-prices
1992-11-24,wti,20.06,USD per barrel,github.com/datasets/oil-prices
1992-11-25,wti,20.29,USD per barrel,github.com/datasets/oil-prices
1992-11-27,wti,20.29,USD per barrel,github.com/datasets/oil-prices
1992-11-30,wti,19.91,USD per barrel,github.com/datasets/oil-prices
1992-12-01,wti,19.56,USD per barrel,github.com/datasets/oil-prices
1992-12-02,wti,19.38,USD per barrel,github.com/datasets/oil-prices
1992-12-03,wti,19.08,USD per barrel,github.com/datasets/oil-prices
1992-12-04,wti,18.95,USD per barrel,github.com/datasets/oil-prices
1992-12-07,wti,19.17,USD per barrel,github.com/datasets/oil-prices
1992-12-08,wti,18.69,USD per barrel,github.com/datasets/oil-prices
1992-12-09,wti,18.86,USD per barrel,github.com/datasets/oil-prices
1992-12-10,wti,19.26,USD per barrel,github.com/datasets/oil-prices
1992-12-11,wti,19.09,USD per barrel,github.com/datasets/oil-prices
1992-12-14,wti,19.06,USD per barrel,github.com/datasets/oil-prices
1992-12-15,wti,18.94,USD per barrel,github.com/datasets/oil-prices
1992-12-16,wti,19.42,USD per barrel,github.com/datasets/oil-prices
1992-12-17,wti,19.68,USD per barrel,github.com/datasets/oil-prices
1992-12-18,wti,19.81,USD per barrel,github.com/datasets/oil-prices
1992-12-21,wti,19.92,USD per barrel,github.com/datasets/oil-prices
1992-12-22,wti,19.79,USD per barrel,github.com/datasets/oil-prices
1992-12-23,wti,19.97,USD per barrel,github.com/datasets/oil-prices
1992-12-24,wti,19.97,USD per barrel,github.com/datasets/oil-prices
1992-12-28,wti,19.77,USD per barrel,github.com/datasets/oil-prices
1992-12-29,wti,19.62,USD per barrel,github.com/datasets/oil-prices
1992-12-30,wti,19.63,USD per barrel,github.com/datasets/oil-prices
1992-12-31,wti,19.49,USD per barrel,github.com/datasets/oil-prices
1993-01-04,wti,19.03,USD per barrel,github.com/datasets/oil-prices
1993-01-05,wti,19.13,USD per barrel,github.com/datasets/oil-prices
1993-01-06,wti,19.03,USD per barrel,github.com/datasets/oil-prices
1993-01-07,wti,18.92,USD per barrel,github.com/datasets/oil-prices
1993-01-08,wti,18.9,USD per barrel,github.com/datasets/oil-prices
1993-01-11,wti,18.78,USD per barrel,github.com/datasets/oil-prices
1993-01-12,wti,18.21,USD per barrel,github.com/datasets/oil-prices
1993-01-13,wti,18.51,USD per barrel,github.com/datasets/oil-prices
1993-01-14,wti,18.71,USD per barrel,github.com/datasets/oil-prices
1993-01-15,wti,18.89,USD per barrel,github.com/datasets/oil-prices
1993-01-18,wti,18.94,USD per barrel,github.com/datasets/oil-prices
1993-01-19,wti,18.4,USD per barrel,github.com/datasets/oil-prices
1993-01-20,wti,18.35,USD per barrel,github.com/datasets/oil-prices
1993-01-21,wti,18.71,USD per barrel,github.com/datasets/oil-prices
1993-01-22,wti,18.64,USD per barrel,github.com/datasets/oil-prices
1993-01-25,wti,19.51,USD per barrel,github.com/datasets/oil-prices
1993-01-26,wti,19.67,USD per barrel,github.com/datasets/oil-prices
1993-01-27,wti,19.66,USD per barrel,github.com/datasets/oil-prices
1993-01-28,wti,20.38,USD per barrel,github.com/datasets/oil-prices
1993-01-29,wti,20.27,USD per barrel,github.com/datasets/oil-prices
1993-02-02,wti,20.0,USD per barrel,github.com/datasets/oil-prices
1993-02-04,wti,20.29,USD per barrel,github.com/datasets/oil-prices
1993-02-05,wti,20.27,USD per barrel,github.com/datasets/oil-prices
1993-02-08,wti,20.07,USD per barrel,github.com/datasets/oil-prices
1993-02-09,wti,20.12,USD per barrel,github.com/datasets/oil-prices
1993-02-10,wti,20.2,USD per barrel,github.com/datasets/oil-prices
1993-02-11,wti,20.29,USD per barrel,github.com/datasets/oil-prices
1993-02-12,wti,19.96,USD per barrel,github.com/datasets/oil-prices
1993-02-16,wti,19.59,USD per barrel,github.com/datasets/oil-prices
1993-02-17,wti,19.3,USD per barrel,github.com/datasets/oil-prices
1993-02-18,wti,19.44,USD per barrel,github.com/datasets/oil-prices
1993-02-19,wti,19.69,USD per barrel,github.com/datasets/oil-prices
1993-02-22,wti,20.08,USD per barrel,github.com/datasets/oil-prices
1993-02-23,wti,20.49,USD per barrel,github.com/datasets/oil-prices
1993-02-24,wti,20.28,USD per barrel,github.com/datasets/oil-prices
1993-02-26,wti,20.53,USD per barrel,github.com/datasets/oil-prices
1993-03-01,wti,20.62,USD per barrel,github.com/datasets/oil-prices
1993-03-02,wti,20.48,USD per barrel,github.com/datasets/oil-prices
1993-03-03,wti,20.46,USD per barrel,github.com/datasets/oil-prices
1993-03-05,wti,20.85,USD per barrel,github.com/datasets/oil-prices
1993-03-08,wti,20.63,USD per barrel,github.com/datasets/oil-prices
1993-03-09,wti,20.71,USD per barrel,github.com/datasets/oil-prices
1993-03-10,wti,20.42,USD per barrel,github.com/datasets/oil-prices
1993-03-11,wti,20.12,USD per barrel,github.com/datasets/oil-prices
1993-03-12,wti,20.38,USD per barrel,github.com/datasets/oil-prices
1993-03-15,wti,20.18,USD per barrel,github.com/datasets/oil-prices
1993-03-16,wti,20.04,USD per barrel,github.com/datasets/oil-prices
1993-03-17,wti,20.14,USD per barrel,github.com/datasets/oil-prices
1993-03-18,wti,20.29,USD per barrel,github.com/datasets/oil-prices
1993-03-19,wti,20.05,USD per barrel,github.com/datasets/oil-prices
1993-03-22,wti,19.52,USD per barrel,github.com/datasets/oil-prices
1993-03-23,wti,19.98,USD per barrel,github.com/datasets/oil-prices
1993-03-24,wti,19.97,USD per barrel,github.com/datasets/oil-prices
1993-03-25,wti,20.12,USD per barrel,github.com/datasets/oil-prices
1993-03-26,wti,20.42,USD per barrel,github.com/datasets/oil-prices
1993-03-29,wti,20.27,USD per barrel,github.com/datasets/oil-prices
1993-03-30,wti,20.27,USD per barrel,github.com/datasets/oil-prices
1993-03-31,wti,20.44,USD per barrel,github.com/datasets/oil-prices
1993-04-01,wti,20.54,USD per barrel,github.com/datasets/oil-prices
1993-04-02,wti,20.67,USD per barrel,github.com/datasets/oil-prices
1993-04-05,wti,20.59,USD per barrel,github.com/datasets/oil-prices
1993-04-06,wti,20.33,USD per barrel,github.com/datasets/oil-prices
1993-04-07,wti,20.35,USD per barrel,github.com/datasets/oil-prices
1993-04-08,wti,20.22,USD per barrel,github.com/datasets/oil-prices
1993-04-12,wti,20.43,USD per barrel,github.com/datasets/oil-prices
1993-04-13,wti,20.28,USD per barrel,github.com/datasets/oil-prices
1993-04-14,wti,20.38,USD per barrel,github.com/datasets/oil-prices
1993-04-15,wti,20.21,USD per barrel,github.com/datasets/oil-prices
1993-04-16,wti,20.09,USD per barrel,github.com/datasets/oil-prices
1993-04-19,wti,19.99,USD per barrel,github.com/datasets/oil-prices
1993-04-20,wti,20.05,USD per barrel,github.com/datasets/oil-prices
1993-04-21,wti,19.99,USD per barrel,github.com/datasets/oil-prices
1993-04-22,wti,19.79,USD per barrel,github.com/datasets/oil-prices
1993-04-23,wti,19.93,USD per barrel,github.com/datasets/oil-prices
1993-04-26,wti,19.83,USD per barrel,github.com/datasets/oil-prices
1993-04-27,wti,20.21,USD per barrel,github.com/datasets/oil-prices
1993-04-30,wti,20.54,USD per barrel,github.com/datasets/oil-prices
1993-05-03,wti,20.58,USD per barrel,github.com/datasets/oil-prices
1993-05-04,wti,20.4,USD per barrel,github.com/datasets/oil-prices
1993-05-05,wti,20.46,USD per barrel,github.com/datasets/oil-prices
1993-05-06,wti,20.49,USD per barrel,github.com/datasets/oil-prices
1993-05-07,wti,20.43,USD per barrel,github.com/datasets/oil-prices
1993-05-10,wti,20.42,USD per barrel,github.com/datasets/oil-prices
1993-05-11,wti,20.38,USD per barrel,github.com/datasets/oil-prices
1993-05-12,wti,20.19,USD per barrel,github.com/datasets/oil-prices
1993-05-13,wti,19.8,USD per barrel,github.com/datasets/oil-prices
1993-05-14,wti,19.51,USD per barrel,github.com/datasets/oil-prices
1993-05-17,wti,19.51,USD per barrel,github.com/datasets/oil-prices
1993-05-18,wti,19.32,USD per barrel,github.com/datasets/oil-prices
1993-05-19,wti,19.15,USD per barrel,github.com/datasets/oil-prices
1993-05-20,wti,19.56,USD per barrel,github.com/datasets/oil-prices
1993-05-21,wti,19.6,USD per barrel,github.com/datasets/oil-prices
1993-05-24,wti,19.43,USD per barrel,github.com/datasets/oil-prices
1993-05-25,wti,19.75,USD per barrel,github.com/datasets/oil-prices
1993-05-26,wti,19.92,USD per barrel,github.com/datasets/oil-prices
1993-05-27,wti,20.05,USD per barrel,github.com/datasets/oil-prices
1993-05-28,wti,20.04,USD per barrel,github.com/datasets/oil-prices
1993-06-01,wti,20.2,USD per barrel,github.com/datasets/oil-prices
1993-06-02,wti,20.05,USD per barrel,github.com/datasets/oil-prices
1993-06-03,wti,19.77,USD per barrel,github.com/datasets/oil-prices
1993-06-04,wti,19.79,USD per barrel,github.com/datasets/oil-prices
1993-06-07,wti,19.6,USD per barrel,github.com/datasets/oil-prices
1993-06-08,wti,19.65,USD per barrel,github.com/datasets/oil-prices
1993-06-09,wti,19.66,USD per barrel,github.com/datasets/oil-prices
1993-06-10,wti,19.27,USD per barrel,github.com/datasets/oil-prices
1993-06-11,wti,18.99,USD per barrel,github.com/datasets/oil-prices
1993-06-14,wti,18.9,USD per barrel,github.com/datasets/oil-prices
1993-06-15,wti,18.6,USD per barrel,github.com/datasets/oil-prices
1993-06-16,wti,18.87,USD per barrel,github.com/datasets/oil-prices
1993-06-17,wti,18.7,USD per barrel,github.com/datasets/oil-prices
1993-06-18,wti,18.71,USD per barrel,github.com/datasets/oil-prices
1993-06-21,wti,18.63,USD per barrel,github.com/datasets/oil-prices
1993-06-22,wti,18.35,USD per barrel,github.com/datasets/oil-prices
1993-06-23,wti,18.44,USD per barrel,github.com/datasets/oil-prices
1993-06-25,wti,18.83,USD per barrel,github.com/datasets/oil-prices
1993-06-28,wti,18.89,USD per barrel,github.com/datasets/oil-prices
1993-06-29,wti,18.99,USD per barrel,github.com/datasets/oil-prices
1993-06-30,wti,18.82,USD per barrel,github.com/datasets/oil-prices
1993-07-01,wti,18.44,USD per barrel,github.com/datasets/oil-prices
1993-07-02,wti,17.93,USD per barrel,github.com/datasets/oil-prices
1993-07-06,wti,18.29,USD per barrel,github.com/datasets/oil-prices
1993-07-07,wti,18.06,USD per barrel,github.com/datasets/oil-prices
1993-07-08,wti,17.79,USD per barrel,github.com/datasets/oil-prices
1993-07-09,wti,17.92,USD per barrel,github.com/datasets/oil-prices
1993-07-12,wti,18.12,USD per barrel,github.com/datasets/oil-prices
1993-07-13,wti,18.05,USD per barrel,github.com/datasets/oil-prices
1993-07-14,wti,17.43,USD per barrel,github.com/datasets/oil-prices
1993-07-15,wti,17.73,USD per barrel,github.com/datasets/oil-prices
1993-07-16,wti,17.29,USD per barrel,github.com/datasets/oil-prices
1993-07-19,wti,17.68,USD per barrel,github.com/datasets/oil-prices
1993-07-20,wti,17.2,USD per barrel,github.com/datasets/oil-prices
1993-07-21,wti,17.6,USD per barrel,github.com/datasets/oil-prices
1993-07-22,wti,17.57,USD per barrel,github.com/datasets/oil-prices
1993-07-23,wti,17.67,USD per barrel,github.com/datasets/oil-prices
1993-07-26,wti,18.11,USD per barrel,github.com/datasets/oil-prices
1993-07-27,wti,18.5,USD per barrel,github.com/datasets/oil-prices
1993-07-28,wti,18.25,USD per barrel,github.com/datasets/oil-prices
1993-07-29,wti,18.12,USD per barrel,github.com/datasets/oil-prices
1993-08-02,wti,17.9,USD per barrel,github.com/datasets/oil-prices
1993-08-03,wti,17.81,USD per barrel,github.com/datasets/oil-prices
1993-08-04,wti,17.82,USD per barrel,github.com/datasets/oil-prices
1993-08-05,wti,17.54,USD per barrel,github.com/datasets/oil-prices
1993-08-06,wti,17.3,USD per barrel,github.com/datasets/oil-prices
1993-08-09,wti,17.58,USD per barrel,github.com/datasets/oil-prices
1993-08-10,wti,17.58,USD per barrel,github.com/datasets/oil-prices
1993-08-11,wti,17.87,USD per barrel,github.com/datasets/oil-prices
1993-08-12,wti,18.16,USD per barrel,github.com/datasets/oil-prices
1993-08-13,wti,18.14,USD per barrel,github.com/datasets/oil-prices
1993-08-16,wti,17.84,USD per barrel,github.com/datasets/oil-prices
1993-08-17,wti,17.95,USD per barrel,github.com/datasets/oil-prices
1993-08-18,wti,17.68,USD per barrel,github.com/datasets/oil-prices
1993-08-19,wti,17.64,USD per barrel,github.com/datasets/oil-prices
1993-08-20,wti,18.09,USD per barrel,github.com/datasets/oil-prices
1993-08-23,wti,18.42,USD per barrel,github.com/datasets/oil-prices
1993-08-24,wti,18.38,USD per barrel,github.com/datasets/oil-prices
1993-08-25,wti,18.45,USD per barrel,github.com/datasets/oil-prices
1993-08-26,wti,18.4,USD per barrel,github.com/datasets/oil-prices
1993-08-27,wti,18.82,USD per barrel,github.com/datasets/oil-prices
1993-08-30,wti,18.63,USD per barrel,github.com/datasets/oil-prices
1993-08-31,wti,18.24,USD per barrel,github.com/datasets/oil-prices
1993-09-01,wti,17.92,USD per barrel,github.com/datasets/oil-prices
1993-09-02,wti,17.97,USD per barrel,github.com/datasets/oil-prices
1993-09-03,wti,17.72,USD per barrel,github.com/datasets/oil-prices
1993-09-07,wti,17.14,USD per barrel,github.com/datasets/oil-prices
1993-09-08,wti,17.0,USD per barrel,github.com/datasets/oil-prices
1993-09-09,wti,16.97,USD per barrel,github.com/datasets/oil-prices
1993-09-10,wti,16.74,USD per barrel,github.com/datasets/oil-prices
1993-09-13,wti,16.98,USD per barrel,github.com/datasets/oil-prices
1993-09-14,wti,16.94,USD per barrel,github.com/datasets/oil-prices
1993-09-15,wti,16.85,USD per barrel,github.com/datasets/oil-prices
1993-09-16,wti,16.85,USD per barrel,github.com/datasets/oil-prices
1993-09-20,wti,17.68,USD per barrel,github.com/datasets/oil-prices
1993-09-21,wti,18.12,USD per barrel,github.com/datasets/oil-prices
1993-09-22,wti,17.53,USD per barrel,github.com/datasets/oil-prices
1993-09-23,wti,17.52,USD per barrel,github.com/datasets/oil-prices
1993-09-24,wti,17.52,USD per barrel,github.com/datasets/oil-prices
1993-09-27,wti,17.52,USD per barrel,github.com/datasets/oil-prices
1993-09-28,wti,18.07,USD per barrel,github.com/datasets/oil-prices
1993-09-29,wti,18.73,USD per barrel,github.com/datasets/oil-prices
1993-09-30,wti,18.72,USD per barrel,github.com/datasets/oil-prices
1993-10-01,wti,18.63,USD per barrel,github.com/datasets/oil-prices
1993-10-04,wti,18.4,USD per barrel,github.com/datasets/oil-prices
1993-10-05,wti,18.43,USD per barrel,github.com/datasets/oil-prices
1993-10-06,wti,18.43,USD per barrel,github.com/datasets/oil-prices
1993-10-07,wti,18.49,USD per barrel,github.com/datasets/oil-prices
1993-10-08,wti,18.53,USD per barrel,github.com/datasets/oil-prices
1993-10-11,wti,18.76,USD per barrel,github.com/datasets/oil-prices
1993-10-12,wti,18.7,USD per barrel,github.com/datasets/oil-prices
1993-10-13,wti,18.65,USD per barrel,github.com/datasets/oil-prices
1993-10-14,wti,18.5,USD per barrel,github.com/datasets/oil-prices
1993-10-15,wti,18.24,USD per barrel,github.com/datasets/oil-prices
1993-10-18,wti,18.13,USD per barrel,github.com/datasets/oil-prices
1993-10-19,wti,18.04,USD per barrel,github.com/datasets/oil-prices
1993-10-20,wti,18.25,USD per barrel,github.com/datasets/oil-prices
1993-10-21,wti,18.28,USD per barrel,github.com/datasets/oil-prices
1993-10-22,wti,17.92,USD per barrel,github.com/datasets/oil-prices
1993-10-25,wti,17.36,USD per barrel,github.com/datasets/oil-prices
1993-10-26,wti,17.55,USD per barrel,github.com/datasets/oil-prices
1993-10-27,wti,17.66,USD per barrel,github.com/datasets/oil-prices
1993-10-28,wti,17.3,USD per barrel,github.com/datasets/oil-prices
1993-10-29,wti,16.97,USD per barrel,github.com/datasets/oil-prices
1993-11-01,wti,17.5,USD per barrel,github.com/datasets/oil-prices
1993-11-02,wti,17.03,USD per barrel,github.com/datasets/oil-prices
1993-11-03,wti,17.47,USD per barrel,github.com/datasets/oil-prices
1993-11-04,wti,17.38,USD per barrel,github.com/datasets/oil-prices
1993-11-05,wti,17.09,USD per barrel,github.com/datasets/oil-prices
1993-11-08,wti,16.69,USD per barrel,github.com/datasets/oil-prices
1993-11-09,wti,16.71,USD per barrel,github.com/datasets/oil-prices
1993-11-10,wti,16.54,USD per barrel,github.com/datasets/oil-prices
1993-11-11,wti,16.91,USD per barrel,github.com/datasets/oil-prices
1993-11-12,wti,16.72,USD per barrel,github.com/datasets/oil-prices
1993-11-15,wti,16.78,USD per barrel,github.com/datasets/oil-prices
1993-11-16,wti,16.69,USD per barrel,github.com/datasets/oil-prices
1993-11-17,wti,17.08,USD per barrel,github.com/datasets/oil-prices
1993-11-18,wti,16.67,USD per barrel,github.com/datasets/oil-prices
1993-11-19,wti,16.55,USD per barrel,github.com/datasets/oil-prices
1993-11-22,wti,16.67,USD per barrel,github.com/datasets/oil-prices
1993-11-23,wti,16.39,USD per barrel,github.com/datasets/oil-prices
1993-11-24,wti,15.73,USD per barrel,github.com/datasets/oil-prices
1993-11-26,wti,15.53,USD per barrel,github.com/datasets/oil-prices
1993-11-29,wti,15.3,USD per barrel,github.com/datasets/oil-prices
1993-11-30,wti,15.36,USD per barrel,github.com/datasets/oil-prices
1993-12-01,wti,15.45,USD per barrel,github.com/datasets/oil-prices
1993-12-02,wti,14.93,USD per barrel,github.com/datasets/oil-prices
1993-12-03,wti,15.03,USD per barrel,github.com/datasets/oil-prices
1993-12-06,wti,14.57,USD per barrel,github.com/datasets/oil-prices
1993-12-07,wti,14.53,USD per barrel,github.com/datasets/oil-prices
1993-12-09,wti,14.65,USD per barrel,github.com/datasets/oil-prices
1993-12-10,wti,15.04,USD per barrel,github.com/datasets/oil-prices
1993-12-13,wti,14.5,USD per barrel,github.com/datasets/oil-prices
1993-12-14,wti,14.47,USD per barrel,github.com/datasets/oil-prices
1993-12-16,wti,14.21,USD per barrel,github.com/datasets/oil-prices
1993-12-21,wti,14.32,USD per barrel,github.com/datasets/oil-prices
1993-12-22,wti,14.61,USD per barrel,github.com/datasets/oil-prices
1993-12-23,wti,14.48,USD per barrel,github.com/datasets/oil-prices
1993-12-27,wti,14.09,USD per barrel,github.com/datasets/oil-prices
1993-12-28,wti,14.11,USD per barrel,github.com/datasets/oil-prices
1993-12-29,wti,14.45,USD per barrel,github.com/datasets/oil-prices
1993-12-30,wti,14.19,USD per barrel,github.com/datasets/oil-prices
1994-01-03,wti,14.52,USD per barrel,github.com/datasets/oil-prices
1994-01-04,wti,14.66,USD per barrel,github.com/datasets/oil-prices
1994-01-05,wti,15.3,USD per barrel,github.com/datasets/oil-prices
1994-01-06,wti,15.36,USD per barrel,github.com/datasets/oil-prices
1994-01-07,wti,15.33,USD per barrel,github.com/datasets/oil-prices
1994-01-10,wti,14.65,USD per barrel,github.com/datasets/oil-prices
1994-01-11,wti,14.95,USD per barrel,github.com/datasets/oil-prices
1994-01-12,wti,14.36,USD per barrel,github.com/datasets/oil-prices
1994-01-13,wti,14.56,USD per barrel,github.com/datasets/oil-prices
1994-01-14,wti,14.81,USD per barrel,github.com/datasets/oil-prices
1994-01-17,wti,15.15,USD per barrel,github.com/datasets/oil-prices
1994-01-18,wti,14.92,USD per barrel,github.com/datasets/oil-prices
1994-01-19,wti,15.25,USD per barrel,github.com/datasets/oil-prices
1994-01-20,wti,14.95,USD per barrel,github.com/datasets/oil-prices
1994-01-21,wti,14.85,USD per barrel,github.com/datasets/oil-prices
1994-01-24,wti,15.09,USD per barrel,github.com/datasets/oil-prices
1994-01-25,wti,15.26,USD per barrel,github.com/datasets/oil-prices
1994-01-26,wti,15.5,USD per barrel,github.com/datasets/oil-prices
1994-01-28,wti,15.37,USD per barrel,github.com/datasets/oil-prices
1994-01-31,wti,15.24,USD per barrel,github.com/datasets/oil-prices
1994-02-01,wti,15.91,USD per barrel,github.com/datasets/oil-prices
1994-02-02,wti,16.06,USD per barrel,github.com/datasets/oil-prices
1994-02-07,wti,15.31,USD per barrel,github.com/datasets/oil-prices
1994-02-08,wti,15.12,USD per barrel,github.com/datasets/oil-prices
1994-02-09,wti,14.64,USD per barrel,github.com/datasets/oil-prices
1994-02-10,wti,14.59,USD per barrel,github.com/datasets/oil-prices
1994-02-11,wti,14.71,USD per barrel,github.com/datasets/oil-prices
1994-02-14,wti,14.15,USD per barrel,github.com/datasets/oil-prices
1994-02-15,wti,14.13,USD per barrel,github.com/datasets/oil-prices
1994-02-16,wti,13.89,USD per barrel,github.com/datasets/oil-prices
1994-02-17,wti,14.26,USD per barrel,github.com/datasets/oil-prices
1994-02-18,wti,14.21,USD per barrel,github.com/datasets/oil-prices
1994-02-22,wti,14.28,USD per barrel,github.com/datasets/oil-prices
1994-02-24,wti,14.82,USD per barrel,github.com/datasets/oil-prices
1994-02-28,wti,14.5,USD per barrel,github.com/datasets/oil-prices
1994-03-01,wti,14.78,USD per barrel,github.com/datasets/oil-prices
1994-03-03,wti,14.74,USD per barrel,github.com/datasets/oil-prices
1994-03-04,wti,14.57,USD per barrel,github.com/datasets/oil-prices
1994-03-07,wti,14.14,USD per barrel,github.com/datasets/oil-prices
1994-03-08,wti,14.17,USD per barrel,github.com/datasets/oil-prices
1994-03-09,wti,14.23,USD per barrel,github.com/datasets/oil-prices
1994-03-10,wti,14.19,USD per barrel,github.com/datasets/oil-prices
1994-03-11,wti,14.47,USD per barrel,github.com/datasets/oil-prices
1994-03-14,wti,14.52,USD per barrel,github.com/datasets/oil-prices
1994-03-16,wti,15.03,USD per barrel,github.com/datasets/oil-prices
1994-03-17,wti,14.83,USD per barrel,github.com/datasets/oil-prices
1994-03-18,wti,14.88,USD per barrel,github.com/datasets/oil-prices
1994-03-21,wti,15.37,USD per barrel,github.com/datasets/oil-prices
1994-03-22,wti,15.04,USD per barrel,github.com/datasets/oil-prices
1994-03-24,wti,15.21,USD per barrel,github.com/datasets/oil-prices
1994-03-25,wti,15.19,USD per barrel,github.com/datasets/oil-prices
1994-03-29,wti,14.41,USD per barrel,github.com/datasets/oil-prices
1994-04-04,wti,15.67,USD per barrel,github.com/datasets/oil-prices
1994-04-05,wti,15.67,USD per barrel,github.com/datasets/oil-prices
1994-04-07,wti,15.59,USD per barrel,github.com/datasets/oil-prices
1994-04-12,wti,15.74,USD per barrel,github.com/datasets/oil-prices
1994-04-13,wti,15.96,USD per barrel,github.com/datasets/oil-prices
1994-04-20,wti,16.65,USD per barrel,github.com/datasets/oil-prices
1994-04-21,wti,17.56,USD per barrel,github.com/datasets/oil-prices
1994-04-22,wti,17.84,USD per barrel,github.com/datasets/oil-prices
1994-04-25,wti,17.66,USD per barrel,github.com/datasets/oil-prices
1994-04-26,wti,16.82,USD per barrel,github.com/datasets/oil-prices
1994-04-28,wti,16.57,USD per barrel,github.com/datasets/oil-prices
1994-05-03,wti,16.93,USD per barrel,github.com/datasets/oil-prices
1994-05-05,wti,17.28,USD per barrel,github.com/datasets/oil-prices
1994-05-06,wti,17.74,USD per barrel,github.com/datasets/oil-prices
1994-05-10,wti,17.62,USD per barrel,github.com/datasets/oil-prices
1994-05-11,wti,17.84,USD per barrel,github.com/datasets/oil-prices
1994-05-12,wti,18.27,USD per barrel,github.com/datasets/oil-prices
1994-05-13,wti,18.2,USD per barrel,github.com/datasets/oil-prices
1994-05-17,wti,17.61,USD per barrel,github.com/datasets/oil-prices
1994-05-18,wti,18.02,USD per barrel,github.com/datasets/oil-prices
1994-05-19,wti,18.49,USD per barrel,github.com/datasets/oil-prices
1994-05-20,wti,18.93,USD per barrel,github.com/datasets/oil-prices
1994-05-23,wti,18.69,USD per barrel,github.com/datasets/oil-prices
1994-05-24,wti,18.4,USD per barrel,github.com/datasets/oil-prices
1994-05-25,wti,17.83,USD per barrel,github.com/datasets/oil-prices
1994-05-26,wti,17.76,USD per barrel,github.com/datasets/oil-prices
1994-05-27,wti,18.02,USD per barrel,github.com/datasets/oil-prices
1994-06-01,wti,18.29,USD per barrel,github.com/datasets/oil-prices
1994-06-06,wti,18.1,USD per barrel,github.com/datasets/oil-prices
1994-06-07,wti,17.78,USD per barrel,github.com/datasets/oil-prices
1994-06-08,wti,18.28,USD per barrel,github.com/datasets/oil-prices
1994-06-09,wti,18.67,USD per barrel,github.com/datasets/oil-prices
1994-06-10,wti,18.48,USD per barrel,github.com/datasets/oil-prices
1994-06-13,wti,18.82,USD per barrel,github.com/datasets/oil-prices
1994-06-14,wti,18.94,USD per barrel,github.com/datasets/oil-prices
1994-06-15,wti,19.75,USD per barrel,github.com/datasets/oil-prices
1994-06-16,wti,19.83,USD per barrel,github.com/datasets/oil-prices
1994-06-17,wti,20.72,USD per barrel,github.com/datasets/oil-prices
1994-06-20,wti,20.68,USD per barrel,github.com/datasets/oil-prices
1994-06-21,wti,20.08,USD per barrel,github.com/datasets/oil-prices
1994-06-23,wti,19.38,USD per barrel,github.com/datasets/oil-prices
1994-06-24,wti,19.28,USD per barrel,github.com/datasets/oil-prices
1994-06-27,wti,18.96,USD per barrel,github.com/datasets/oil-prices
1994-06-28,wti,19.14,USD per barrel,github.com/datasets/oil-prices
1994-06-29,wti,18.82,USD per barrel,github.com/datasets/oil-prices
1994-06-30,wti,19.37,USD per barrel,github.com/datasets/oil-prices
1994-07-01,wti,19.52,USD per barrel,github.com/datasets/oil-prices
1994-07-05,wti,19.62,USD per barrel,github.com/datasets/oil-prices
1994-07-06,wti,19.3,USD per barrel,github.com/datasets/oil-prices
1994-07-07,wti,19.15,USD per barrel,github.com/datasets/oil-prices
1994-07-08,wti,19.48,USD per barrel,github.com/datasets/oil-prices
1994-07-11,wti,20.17,USD per barrel,github.com/datasets/oil-prices
1994-07-12,wti,20.4,USD per barrel,github.com/datasets/oil-prices
1994-07-13,wti,20.14,USD per barrel,github.com/datasets/oil-prices
1994-07-14,wti,20.18,USD per barrel,github.com/datasets/oil-prices
1994-07-15,wti,19.89,USD per barrel,github.com/datasets/oil-prices
1994-07-18,wti,19.38,USD per barrel,github.com/datasets/oil-prices
1994-07-19,wti,19.49,USD per barrel,github.com/datasets/oil-prices
1994-07-20,wti,19.15,USD per barrel,github.com/datasets/oil-prices
1994-07-21,wti,19.32,USD per barrel,github.com/datasets/oil-prices
1994-07-22,wti,19.59,USD per barrel,github.com/datasets/oil-prices
1994-07-25,wti,19.42,USD per barrel,github.com/datasets/oil-prices
1994-07-26,wti,19.26,USD per barrel,github.com/datasets/oil-prices
1994-07-27,wti,19.46,USD per barrel,github.com/datasets/oil-prices
1994-07-28,wti,19.87,USD per barrel,github.com/datasets/oil-prices
1994-07-29,wti,20.3,USD per barrel,github.com/datasets/oil-prices
1994-08-01,wti,20.65,USD per barrel,github.com/datasets/oil-prices
1994-08-02,wti,20.22,USD per barrel,github.com/datasets/oil-prices
1994-08-03,wti,20.06,USD per barrel,github.com/datasets/oil-prices
1994-08-04,wti,20.14,USD per barrel,github.com/datasets/oil-prices
1994-08-05,wti,19.37,USD per barrel,github.com/datasets/oil-prices
1994-08-08,wti,19.41,USD per barrel,github.com/datasets/oil-prices
1994-08-09,wti,19.29,USD per barrel,github.com/datasets/oil-prices
1994-08-10,wti,18.96,USD per barrel,github.com/datasets/oil-prices
1994-08-11,wti,18.67,USD per barrel,github.com/datasets/oil-prices
1994-08-12,wti,18.05,USD per barrel,github.com/datasets/oil-prices
1994-08-15,wti,18.24,USD per barrel,github.com/datasets/oil-prices
1994-08-16,wti,17.64,USD per barrel,github.com/datasets/oil-prices
1994-08-17,wti,18.08,USD per barrel,github.com/datasets/oil-prices
1994-08-18,wti,17.73,USD per barrel,github.com/datasets/oil-prices
1994-08-19,wti,17.56,USD per barrel,github.com/datasets/oil-prices
1994-08-22,wti,16.87,USD per barrel,github.com/datasets/oil-prices
1994-08-23,wti,17.09,USD per barrel,github.com/datasets/oil-prices
1994-08-24,wti,17.54,USD per barrel,github.com/datasets/oil-prices
1994-08-25,wti,17.49,USD per barrel,github.com/datasets/oil-prices
1994-08-26,wti,17.14,USD per barrel,github.com/datasets/oil-prices
1994-08-30,wti,17.4,USD per barrel,github.com/datasets/oil-prices
1994-08-31,wti,17.6,USD per barrel,github.com/datasets/oil-prices
1994-09-01,wti,17.47,USD per barrel,github.com/datasets/oil-prices
1994-09-02,wti,17.52,USD per barrel,github.com/datasets/oil-prices
1994-09-06,wti,17.62,USD per barrel,github.com/datasets/oil-prices
1994-09-07,wti,17.84,USD per barrel,github.com/datasets/oil-prices
1994-09-08,wti,17.62,USD per barrel,github.com/datasets/oil-prices
1994-09-09,wti,17.53,USD per barrel,github.com/datasets/oil-prices
1994-09-12,wti,17.39,USD per barrel,github.com/datasets/oil-prices
1994-09-14,wti,16.72,USD per barrel,github.com/datasets/oil-prices
1994-09-15,wti,16.72,USD per barrel,github.com/datasets/oil-prices
1994-09-16,wti,16.84,USD per barrel,github.com/datasets/oil-prices
1994-09-19,wti,17.21,USD per barrel,github.com/datasets/oil-prices
1994-09-21,wti,17.06,USD per barrel,github.com/datasets/oil-prices
1994-09-22,wti,17.65,USD per barrel,github.com/datasets/oil-prices
1994-09-23,wti,17.76,USD per barrel,github.com/datasets/oil-prices
1994-09-26,wti,17.68,USD per barrel,github.com/datasets/oil-prices
1994-09-27,wti,17.48,USD per barrel,github.com/datasets/oil-prices
1994-09-28,wti,17.69,USD per barrel,github.com/datasets/oil-prices
1994-09-29,wti,17.96,USD per barrel,github.com/datasets/oil-prices
1994-09-30,wti,18.36,USD per barrel,github.com/datasets/oil-prices
1994-10-03,wti,18.16,USD per barrel,github.com/datasets/oil-prices
1994-10-04,wti,17.97,USD per barrel,github.com/datasets/oil-prices
1994-10-05,wti,18.01,USD per barrel,github.com/datasets/oil-prices
1994-10-06,wti,18.24,USD per barrel,github.com/datasets/oil-prices
1994-10-07,wti,18.27,USD per barrel,github.com/datasets/oil-prices
1994-10-10,wti,17.95,USD per barrel,github.com/datasets/oil-prices
1994-10-11,wti,17.74,USD per barrel,github.com/datasets/oil-prices
1994-10-13,wti,17.03,USD per barrel,github.com/datasets/oil-prices
1994-10-14,wti,16.98,USD per barrel,github.com/datasets/oil-prices
1994-10-17,wti,17.11,USD per barrel,github.com/datasets/oil-prices
1994-10-19,wti,17.43,USD per barrel,github.com/datasets/oil-prices
1994-10-21,wti,17.31,USD per barrel,github.com/datasets/oil-prices
1994-10-24,wti,17.5,USD per barrel,github.com/datasets/oil-prices
1994-10-25,wti,17.71,USD per barrel,github.com/datasets/oil-prices
1994-10-26,wti,18.01,USD per barrel,github.com/datasets/oil-prices
1994-10-28,wti,18.25,USD per barrel,github.com/datasets/oil-prices
1994-10-31,wti,18.16,USD per barrel,github.com/datasets/oil-prices
1994-11-01,wti,18.66,USD per barrel,github.com/datasets/oil-prices
1994-11-02,wti,18.9,USD per barrel,github.com/datasets/oil-prices
1994-11-03,wti,18.97,USD per barrel,github.com/datasets/oil-prices
1994-11-04,wti,18.76,USD per barrel,github.com/datasets/oil-prices
1994-11-07,wti,18.38,USD per barrel,github.com/datasets/oil-prices
1994-11-08,wti,18.46,USD per barrel,github.com/datasets/oil-prices
1994-11-09,wti,18.16,USD per barrel,github.com/datasets/oil-prices
1994-11-10,wti,18.18,USD per barrel,github.com/datasets/oil-prices
1994-11-11,wti,18.07,USD per barrel,github.com/datasets/oil-prices
1994-11-15,wti,17.58,USD per barrel,github.com/datasets/oil-prices
1994-11-16,wti,17.38,USD per barrel,github.com/datasets/oil-prices
1994-11-17,wti,17.63,USD per barrel,github.com/datasets/oil-prices
1994-11-18,wti,17.47,USD per barrel,github.com/datasets/oil-prices
1994-11-21,wti,17.43,USD per barrel,github.com/datasets/oil-prices
1994-11-22,wti,17.7,USD per barrel,github.com/datasets/oil-prices
1994-11-29,wti,17.97,USD per barrel,github.com/datasets/oil-prices
1994-11-30,wti,18.06,USD per barrel,github.com/datasets/oil-prices
1994-12-01,wti,17.77,USD per barrel,github.com/datasets/oil-prices
1994-12-02,wti,17.0,USD per barrel,github.com/datasets/oil-prices
1994-12-05,wti,16.88,USD per barrel,github.com/datasets/oil-prices
1994-12-06,wti,16.93,USD per barrel,github.com/datasets/oil-prices
1994-12-07,wti,16.86,USD per barrel,github.com/datasets/oil-prices
1994-12-08,wti,17.14,USD per barrel,github.com/datasets/oil-prices
1994-12-09,wti,17.12,USD per barrel,github.com/datasets/oil-prices
1994-12-12,wti,16.92,USD per barrel,github.com/datasets/oil-prices
1994-12-13,wti,16.98,USD per barrel,github.com/datasets/oil-prices
1994-12-14,wti,16.96,USD per barrel,github.com/datasets/oil-prices
1994-12-15,wti,16.6,USD per barrel,github.com/datasets/oil-prices
1994-12-16,wti,16.84,USD per barrel,github.com/datasets/oil-prices
1994-12-19,wti,16.91,USD per barrel,github.com/datasets/oil-prices
1994-12-21,wti,17.07,USD per barrel,github.com/datasets/oil-prices
1994-12-22,wti,17.15,USD per barrel,github.com/datasets/oil-prices
1994-12-27,wti,17.63,USD per barrel,github.com/datasets/oil-prices
1994-12-28,wti,17.74,USD per barrel,github.com/datasets/oil-prices
1994-12-30,wti,17.77,USD per barrel,github.com/datasets/oil-prices
1995-01-03,wti,17.45,USD per barrel,github.com/datasets/oil-prices
1995-01-04,wti,17.56,USD per barrel,github.com/datasets/oil-prices
1995-01-05,wti,17.76,USD per barrel,github.com/datasets/oil-prices
1995-01-10,wti,17.42,USD per barrel,github.com/datasets/oil-prices
1995-01-12,wti,17.72,USD per barrel,github.com/datasets/oil-prices
1995-01-16,wti,17.89,USD per barrel,github.com/datasets/oil-prices
1995-01-17,wti,18.47,USD per barrel,github.com/datasets/oil-prices
1995-01-18,wti,18.72,USD per barrel,github.com/datasets/oil-prices
1995-01-20,wti,18.46,USD per barrel,github.com/datasets/oil-prices
1995-01-23,wti,18.16,USD per barrel,github.com/datasets/oil-prices
1995-01-24,wti,18.53,USD per barrel,github.com/datasets/oil-prices
1995-01-25,wti,18.82,USD per barrel,github.com/datasets/oil-prices
1995-01-26,wti,18.23,USD per barrel,github.com/datasets/oil-prices
1995-01-30,wti,18.2,USD per barrel,github.com/datasets/oil-prices
1995-01-31,wti,18.48,USD per barrel,github.com/datasets/oil-prices
1995-02-01,wti,18.48,USD per barrel,github.com/datasets/oil-prices
1995-02-02,wti,18.54,USD per barrel,github.com/datasets/oil-prices
1995-02-03,wti,18.78,USD per barrel,github.com/datasets/oil-prices
1995-02-06,wti,18.58,USD per barrel,github.com/datasets/oil-prices
1995-02-07,wti,18.43,USD per barrel,github.com/datasets/oil-prices
1995-02-08,wti,18.36,USD per barrel,github.com/datasets/oil-prices
1995-02-09,wti,18.28,USD per barrel,github.com/datasets/oil-prices
1995-02-10,wti,18.47,USD per barrel,github.com/datasets/oil-prices
1995-02-13,wti,18.29,USD per barrel,github.com/datasets/oil-prices
1995-02-14,wti,18.44,USD per barrel,github.com/datasets/oil-prices
1995-02-15,wti,18.46,USD per barrel,github.com/datasets/oil-prices
1995-02-16,wti,18.63,USD per barrel,github.com/datasets/oil-prices
1995-02-17,wti,18.94,USD per barrel,github.com/datasets/oil-prices
1995-02-21,wti,18.86,USD per barrel,github.com/datasets/oil-prices
1995-02-22,wti,18.84,USD per barrel,github.com/datasets/oil-prices
1995-02-23,wti,18.59,USD per barrel,github.com/datasets/oil-prices
1995-02-27,wti,18.64,USD per barrel,github.com/datasets/oil-prices
1995-02-28,wti,18.52,USD per barrel,github.com/datasets/oil-prices
1995-03-01,wti,18.31,USD per barrel,github.com/datasets/oil-prices
1995-03-03,wti,18.63,USD per barrel,github.com/datasets/oil-prices
1995-03-06,wti,18.56,USD per barrel,github.com/datasets/oil-prices
1995-03-07,wti,18.59,USD per barrel,github.com/datasets/oil-prices
1995-03-09,wti,17.98,USD per barrel,github.com/datasets/oil-prices
1995-03-10,wti,17.92,USD per barrel,github.com/datasets/oil-prices
1995-03-13,wti,18.19,USD per barrel,github.com/datasets/oil-prices
1995-03-15,wti,18.12,USD per barrel,github.com/datasets/oil-prices
1995-03-16,wti,18.18,USD per barrel,github.com/datasets/oil-prices
1995-03-17,wti,18.27,USD per barrel,github.com/datasets/oil-prices
1995-03-20,wti,18.58,USD per barrel,github.com/datasets/oil-prices
1995-03-21,wti,18.44,USD per barrel,github.com/datasets/oil-prices
1995-03-22,wti,18.91,USD per barrel,github.com/datasets/oil-prices
1995-03-23,wti,18.85,USD per barrel,github.com/datasets/oil-prices
1995-03-24,wti,18.68,USD per barrel,github.com/datasets/oil-prices
1995-03-27,wti,19.08,USD per barrel,github.com/datasets/oil-prices
1995-03-28,wti,18.95,USD per barrel,github.com/datasets/oil-prices
1995-03-29,wti,19.21,USD per barrel,github.com/datasets/oil-prices
1995-03-30,wti,19.17,USD per barrel,github.com/datasets/oil-prices
1995-03-31,wti,19.18,USD per barrel,github.com/datasets/oil-prices
1995-04-03,wti,19.05,USD per barrel,github.com/datasets/oil-prices
1995-04-04,wti,19.11,USD per barrel,github.com/datasets/oil-prices
1995-04-05,wti,19.57,USD per barrel,github.com/datasets/oil-prices
1995-04-06,wti,19.74,USD per barrel,github.com/datasets/oil-prices
1995-04-07,wti,19.67,USD per barrel,github.com/datasets/oil-prices
1995-04-10,wti,19.61,USD per barrel,github.com/datasets/oil-prices
1995-04-11,wti,19.84,USD per barrel,github.com/datasets/oil-prices
1995-04-13,wti,19.16,USD per barrel,github.com/datasets/oil-prices
1995-04-17,wti,19.8,USD per barrel,github.com/datasets/oil-prices
1995-04-18,wti,20.14,USD per barrel,github.com/datasets/oil-prices
1995-04-19,wti,20.4,USD per barrel,github.com/datasets/oil-prices
1995-04-20,wti,20.52,USD per barrel,github.com/datasets/oil-prices
1995-04-21,wti,20.46,USD per barrel,github.com/datasets/oil-prices
1995-04-24,wti,20.13,USD per barrel,github.com/datasets/oil-prices
1995-04-25,wti,20.31,USD per barrel,github.com/datasets/oil-prices
1995-04-26,wti,20.18,USD per barrel,github.com/datasets/oil-prices
1995-04-27,wti,20.48,USD per barrel,github.com/datasets/oil-prices
1995-04-28,wti,20.36,USD per barrel,github.com/datasets/oil-prices
1995-05-01,wti,20.53,USD per barrel,github.com/datasets/oil-prices
1995-05-02,wti,20.18,USD per barrel,github.com/datasets/oil-prices
1995-05-03,wti,19.88,USD per barrel,github.com/datasets/oil-prices
1995-05-04,wti,20.3,USD per barrel,github.com/datasets/oil-prices
1995-05-05,wti,20.33,USD per barrel,github.com/datasets/oil-prices
1995-05-08,wti,20.32,USD per barrel,github.com/datasets/oil-prices
1995-05-09,wti,19.67,USD per barrel,github.com/datasets/oil-prices
1995-05-11,wti,19.4,USD per barrel,github.com/datasets/oil-prices
1995-05-15,wti,19.91,USD per barrel,github.com/datasets/oil-prices
1995-05-16,wti,20.01,USD per barrel,github.com/datasets/oil-prices
1995-05-17,wti,19.94,USD per barrel,github.com/datasets/oil-prices
1995-05-18,wti,19.99,USD per barrel,github.com/datasets/oil-prices
1995-05-19,wti,20.06,USD per barrel,github.com/datasets/oil-prices
1995-05-23,wti,19.81,USD per barrel,github.com/datasets/oil-prices
1995-05-24,wti,19.34,USD per barrel,github.com/datasets/oil-prices
1995-05-25,wti,19.12,USD per barrel,github.com/datasets/oil-prices
1995-05-26,wti,18.7,USD per barrel,github.com/datasets/oil-prices
1995-06-01,wti,18.89,USD per barrel,github.com/datasets/oil-prices
1995-06-02,wti,19.14,USD per barrel,github.com/datasets/oil-prices
1995-06-06,wti,19.16,USD per barrel,github.com/datasets/oil-prices
1995-06-07,wti,19.08,USD per barrel,github.com/datasets/oil-prices
1995-06-08,wti,18.94,USD per barrel,github.com/datasets/oil-prices
1995-06-09,wti,18.83,USD per barrel,github.com/datasets/oil-prices
1995-06-12,wti,18.87,USD per barrel,github.com/datasets/oil-prices
1995-06-13,wti,18.93,USD per barrel,github.com/datasets/oil-prices
1995-06-14,wti,19.05,USD per barrel,github.com/datasets/oil-prices
1995-06-15,wti,18.9,USD per barrel,github.com/datasets/oil-prices
1995-06-16,wti,18.8,USD per barrel,github.com/datasets/oil-prices
1995-06-19,wti,18.23,USD per barrel,github.com/datasets/oil-prices
1995-06-20,wti,18.01,USD per barrel,github.com/datasets/oil-prices
1995-06-21,wti,17.59,USD per barrel,github.com/datasets/oil-prices
1995-06-22,wti,17.76,USD per barrel,github.com/datasets/oil-prices
1995-06-23,wti,17.81,USD per barrel,github.com/datasets/oil-prices
1995-06-26,wti,17.67,USD per barrel,github.com/datasets/oil-prices
1995-06-27,wti,17.95,USD per barrel,github.com/datasets/oil-prices
1995-06-28,wti,17.98,USD per barrel,github.com/datasets/oil-prices
1995-06-29,wti,17.59,USD per barrel,github.com/datasets/oil-prices
1995-06-30,wti,17.38,USD per barrel,github.com/datasets/oil-prices
1995-07-03,wti,17.33,USD per barrel,github.com/datasets/oil-prices
1995-07-05,wti,17.21,USD per barrel,github.com/datasets/oil-prices
1995-07-06,wti,17.42,USD per barrel,github.com/datasets/oil-prices
1995-07-07,wti,17.14,USD per barrel,github.com/datasets/oil-prices
1995-07-10,wti,17.35,USD per barrel,github.com/datasets/oil-prices
1995-07-11,wti,17.31,USD per barrel,github.com/datasets/oil-prices
1995-07-12,wti,17.49,USD per barrel,github.com/datasets/oil-prices
1995-07-14,wti,17.32,USD per barrel,github.com/datasets/oil-prices
1995-07-17,wti,17.28,USD per barrel,github.com/datasets/oil-prices
1995-07-18,wti,17.33,USD per barrel,github.com/datasets/oil-prices
1995-07-19,wti,17.33,USD per barrel,github.com/datasets/oil-prices
1995-07-20,wti,17.03,USD per barrel,github.com/datasets/oil-prices
1995-07-24,wti,17.17,USD per barrel,github.com/datasets/oil-prices
1995-07-25,wti,17.45,USD per barrel,github.com/datasets/oil-prices
1995-07-26,wti,17.47,USD per barrel,github.com/datasets/oil-prices
1995-07-28,wti,17.43,USD per barrel,github.com/datasets/oil-prices
1995-07-31,wti,17.62,USD per barrel,github.com/datasets/oil-prices
1995-08-01,wti,17.59,USD per barrel,github.com/datasets/oil-prices
1995-08-02,wti,17.95,USD per barrel,github.com/datasets/oil-prices
1995-08-03,wti,17.72,USD per barrel,github.com/datasets/oil-prices
1995-08-04,wti,17.74,USD per barrel,github.com/datasets/oil-prices
1995-08-07,wti,17.65,USD per barrel,github.com/datasets/oil-prices
1995-08-08,wti,17.86,USD per barrel,github.com/datasets/oil-prices
1995-08-09,wti,17.77,USD per barrel,github.com/datasets/oil-prices
1995-08-10,wti,17.91,USD per barrel,github.com/datasets/oil-prices
1995-08-11,wti,17.86,USD per barrel,github.com/datasets/oil-prices
1995-08-14,wti,17.48,USD per barrel,github.com/datasets/oil-prices
1995-08-15,wti,17.4,USD per barrel,github.com/datasets/oil-prices
1995-08-16,wti,17.59,USD per barrel,github.com/datasets/oil-prices
1995-08-17,wti,17.65,USD per barrel,github.com/datasets/oil-prices
1995-08-21,wti,18.26,USD per barrel,github.com/datasets/oil-prices
1995-08-22,wti,18.54,USD per barrel,github.com/datasets/oil-prices
1995-08-23,wti,18.79,USD per barrel,github.com/datasets/oil-prices
1995-08-24,wti,19.6,USD per barrel,github.com/datasets/oil-prices
1995-08-25,wti,19.91,USD per barrel,github.com/datasets/oil-prices
1995-08-28,wti,17.84,USD per barrel,github.com/datasets/oil-prices
1995-08-29,wti,17.87,USD per barrel,github.com/datasets/oil-prices
1995-08-30,wti,17.74,USD per barrel,github.com/datasets/oil-prices
1995-08-31,wti,17.89,USD per barrel,github.com/datasets/oil-prices
1995-09-01,wti,18.08,USD per barrel,github.com/datasets/oil-prices
1995-09-06,wti,18.27,USD per barrel,github.com/datasets/oil-prices
1995-09-07,wti,18.27,USD per barrel,github.com/datasets/oil-prices
1995-09-08,wti,18.44,USD per barrel,github.com/datasets/oil-prices
1995-09-11,wti,18.49,USD per barrel,github.com/datasets/oil-prices
1995-09-13,wti,18.53,USD per barrel,github.com/datasets/oil-prices
1995-09-14,wti,18.87,USD per barrel,github.com/datasets/oil-prices
1995-09-15,wti,18.94,USD per barrel,github.com/datasets/oil-prices
1995-09-18,wti,18.92,USD per barrel,github.com/datasets/oil-prices
1995-09-19,wti,19.01,USD per barrel,github.com/datasets/oil-prices
1995-09-20,wti,18.53,USD per barrel,github.com/datasets/oil-prices
1995-09-21,wti,17.89,USD per barrel,github.com/datasets/oil-prices
1995-09-22,wti,17.27,USD per barrel,github.com/datasets/oil-prices
1995-09-25,wti,17.38,USD per barrel,github.com/datasets/oil-prices
1995-09-26,wti,17.47,USD per barrel,github.com/datasets/oil-prices
1995-09-27,wti,17.64,USD per barrel,github.com/datasets/oil-prices
1995-09-28,wti,17.72,USD per barrel,github.com/datasets/oil-prices
1995-09-29,wti,17.54,USD per barrel,github.com/datasets/oil-prices
1995-10-02,wti,17.67,USD per barrel,github.com/datasets/oil-prices
1995-10-03,wti,17.56,USD per barrel,github.com/datasets/oil-prices
1995-10-05,wti,16.86,USD per barrel,github.com/datasets/oil-prices
1995-10-09,wti,17.36,USD per barrel,github.com/datasets/oil-prices
1995-10-10,wti,17.29,USD per barrel,github.com/datasets/oil-prices
1995-10-11,wti,17.28,USD per barrel,github.com/datasets/oil-prices
1995-10-12,wti,17.08,USD per barrel,github.com/datasets/oil-prices
1995-10-13,wti,17.38,USD per barrel,github.com/datasets/oil-prices
1995-10-16,wti,17.6,USD per barrel,github.com/datasets/oil-prices
1995-10-17,wti,17.59,USD per barrel,github.com/datasets/oil-prices
1995-10-18,wti,17.57,USD per barrel,github.com/datasets/oil-prices
1995-10-19,wti,17.34,USD per barrel,github.com/datasets/oil-prices
1995-10-20,wti,17.44,USD per barrel,github.com/datasets/oil-prices
1995-10-23,wti,17.48,USD per barrel,github.com/datasets/oil-prices
1995-10-24,wti,17.61,USD per barrel,github.com/datasets/oil-prices
1995-10-25,wti,17.58,USD per barrel,github.com/datasets/oil-prices
1995-10-26,wti,17.61,USD per barrel,github.com/datasets/oil-prices
1995-10-27,wti,17.54,USD per barrel,github.com/datasets/oil-prices
1995-10-30,wti,17.67,USD per barrel,github.com/datasets/oil-prices
1995-11-01,wti,17.74,USD per barrel,github.com/datasets/oil-prices
1995-11-02,wti,17.94,USD per barrel,github.com/datasets/oil-prices
1995-11-03,wti,17.93,USD per barrel,github.com/datasets/oil-prices
1995-11-06,wti,17.68,USD per barrel,github.com/datasets/oil-prices
1995-11-07,wti,17.62,USD per barrel,github.com/datasets/oil-prices
1995-11-08,wti,17.82,USD per barrel,github.com/datasets/oil-prices
1995-11-09,wti,17.83,USD per barrel,github.com/datasets/oil-prices
1995-11-10,wti,17.83,USD per barrel,github.com/datasets/oil-prices
1995-11-13,wti,17.78,USD per barrel,github.com/datasets/oil-prices
1995-11-15,wti,17.92,USD per barrel,github.com/datasets/oil-prices
1995-11-16,wti,18.16,USD per barrel,github.com/datasets/oil-prices
1995-11-17,wti,18.56,USD per barrel,github.com/datasets/oil-prices
1995-11-20,wti,18.14,USD per barrel,github.com/datasets/oil-prices
1995-11-21,wti,17.89,USD per barrel,github.com/datasets/oil-prices
1995-11-22,wti,17.93,USD per barrel,github.com/datasets/oil-prices
1995-11-27,wti,18.37,USD per barrel,github.com/datasets/oil-prices
1995-11-28,wti,18.28,USD per barrel,github.com/datasets/oil-prices
1995-11-29,wti,18.27,USD per barrel,github.com/datasets/oil-prices
1995-11-30,wti,18.27,USD per barrel,github.com/datasets/oil-prices
1995-12-01,wti,18.43,USD per barrel,github.com/datasets/oil-prices
1995-12-04,wti,18.61,USD per barrel,github.com/datasets/oil-prices
1995-12-05,wti,18.66,USD per barrel,github.com/datasets/oil-prices
1995-12-06,wti,18.76,USD per barrel,github.com/datasets/oil-prices
1995-12-07,wti,18.69,USD per barrel,github.com/datasets/oil-prices
1995-12-08,wti,18.97,USD per barrel,github.com/datasets/oil-prices
1995-12-11,wti,18.62,USD per barrel,github.com/datasets/oil-prices
1995-12-12,wti,18.8,USD per barrel,github.com/datasets/oil-prices
1995-12-13,wti,19.01,USD per barrel,github.com/datasets/oil-prices
1995-12-14,wti,19.14,USD per barrel,github.com/datasets/oil-prices
1995-12-15,wti,19.51,USD per barrel,github.com/datasets/oil-prices
1995-12-18,wti,19.71,USD per barrel,github.com/datasets/oil-prices
1995-12-19,wti,19.05,USD per barrel,github.com/datasets/oil-prices
1995-12-20,wti,18.87,USD per barrel,github.com/datasets/oil-prices
1995-12-21,wti,18.83,USD per barrel,github.com/datasets/oil-prices
1995-12-22,wti,19.12,USD per barrel,github.com/datasets/oil-prices
1995-12-27,wti,19.49,USD per barrel,github.com/datasets/oil-prices
1995-12-28,wti,19.47,USD per barrel,github.com/datasets/oil-prices
1995-12-29,wti,19.54,USD per barrel,github.com/datasets/oil-prices
1996-01-02,wti,19.83,USD per barrel,github.com/datasets/oil-prices
1996-01-03,wti,19.9,USD per barrel,github.com/datasets/oil-prices
1996-01-04,wti,19.96,USD per barrel,github.com/datasets/oil-prices
1996-01-05,wti,20.26,USD per barrel,github.com/datasets/oil-prices
1996-01-08,wti,20.5,USD per barrel,github.com/datasets/oil-prices
1996-01-09,wti,19.86,USD per barrel,github.com/datasets/oil-prices
1996-01-10,wti,19.66,USD per barrel,github.com/datasets/oil-prices
1996-01-11,wti,18.87,USD per barrel,github.com/datasets/oil-prices
1996-01-15,wti,18.42,USD per barrel,github.com/datasets/oil-prices
1996-01-16,wti,18.12,USD per barrel,github.com/datasets/oil-prices
1996-01-17,wti,18.58,USD per barrel,github.com/datasets/oil-prices
1996-01-18,wti,19.12,USD per barrel,github.com/datasets/oil-prices
1996-01-19,wti,18.94,USD per barrel,github.com/datasets/oil-prices
1996-01-22,wti,18.49,USD per barrel,github.com/datasets/oil-prices
1996-01-23,wti,18.58,USD per barrel,github.com/datasets/oil-prices
1996-01-25,wti,18.06,USD per barrel,github.com/datasets/oil-prices
1996-01-26,wti,17.68,USD per barrel,github.com/datasets/oil-prices
1996-01-29,wti,17.33,USD per barrel,github.com/datasets/oil-prices
1996-01-30,wti,17.65,USD per barrel,github.com/datasets/oil-prices
1996-02-01,wti,17.63,USD per barrel,github.com/datasets/oil-prices
1996-02-02,wti,17.83,USD per barrel,github.com/datasets/oil-prices
1996-02-06,wti,17.74,USD per barrel,github.com/datasets/oil-prices
1996-02-07,wti,17.71,USD per barrel,github.com/datasets/oil-prices
1996-02-08,wti,17.79,USD per barrel,github.com/datasets/oil-prices
1996-02-09,wti,17.83,USD per barrel,github.com/datasets/oil-prices
1996-02-12,wti,18.01,USD per barrel,github.com/datasets/oil-prices
1996-02-13,wti,18.96,USD per barrel,github.com/datasets/oil-prices
1996-02-14,wti,18.86,USD per barrel,github.com/datasets/oil-prices
1996-02-15,wti,19.02,USD per barrel,github.com/datasets/oil-prices
1996-02-16,wti,19.16,USD per barrel,github.com/datasets/oil-prices
1996-02-20,wti,21.07,USD per barrel,github.com/datasets/oil-prices
1996-02-21,wti,21.63,USD per barrel,github.com/datasets/oil-prices
1996-02-22,wti,22.14,USD per barrel,github.com/datasets/oil-prices
1996-02-23,wti,20.97,USD per barrel,github.com/datasets/oil-prices
1996-02-26,wti,19.45,USD per barrel,github.com/datasets/oil-prices
1996-02-27,wti,19.65,USD per barrel,github.com/datasets/oil-prices
1996-02-29,wti,19.59,USD per barrel,github.com/datasets/oil-prices
1996-03-04,wti,19.24,USD per barrel,github.com/datasets/oil-prices
1996-03-07,wti,19.87,USD per barrel,github.com/datasets/oil-prices
1996-03-08,wti,19.66,USD per barrel,github.com/datasets/oil-prices
1996-03-11,wti,19.92,USD per barrel,github.com/datasets/oil-prices
1996-03-12,wti,20.42,USD per barrel,github.com/datasets/oil-prices
1996-03-13,wti,20.49,USD per barrel,github.com/datasets/oil-prices
1996-03-14,wti,21.18,USD per barrel,github.com/datasets/oil-prices
1996-03-15,wti,21.99,USD per barrel,github.com/datasets/oil-prices
1996-03-18,wti,23.23,USD per barrel,github.com/datasets/oil-prices
1996-03-19,wti,24.56,USD per barrel,github.com/datasets/oil-prices
1996-03-20,wti,22.74,USD per barrel,github.com/datasets/oil-prices
1996-03-21,wti,22.44,USD per barrel,github.com/datasets/oil-prices
1996-03-22,wti,22.85,USD per barrel,github.com/datasets/oil-prices
1996-03-25,wti,23.23,USD per barrel,github.com/datasets/oil-prices
1996-03-26,wti,22.38,USD per barrel,github.com/datasets/oil-prices
1996-03-27,wti,21.64,USD per barrel,github.com/datasets/oil-prices
1996-03-28,wti,21.45,USD per barrel,github.com/datasets/oil-prices
1996-03-29,wti,21.43,USD per barrel,github.com/datasets/oil-prices
1996-04-02,wti,22.68,USD per barrel,github.com/datasets/oil-prices
1996-04-03,wti,22.22,USD per barrel,github.com/datasets/oil-prices
1996-04-04,wti,22.75,USD per barrel,github.com/datasets/oil-prices
1996-04-08,wti,23.01,USD per barrel,github.com/datasets/oil-prices
1996-04-09,wti,23.23,USD per barrel,github.com/datasets/oil-prices
1996-04-10,wti,24.08,USD per barrel,github.com/datasets/oil-prices
1996-04-11,wti,25.15,USD per barrel,github.com/datasets/oil-prices
1996-04-12,wti,24.29,USD per barrel,github.com/datasets/oil-prices
1996-04-15,wti,25.13,USD per barrel,github.com/datasets/oil-prices
1996-04-16,wti,24.48,USD per barrel,github.com/datasets/oil-prices
1996-04-17,wti,24.67,USD per barrel,github.com/datasets/oil-prices
1996-04-18,wti,23.47,USD per barrel,github.com/datasets/oil-prices
1996-04-19,wti,23.96,USD per barrel,github.com/datasets/oil-prices
1996-04-22,wti,23.94,USD per barrel,github.com/datasets/oil-prices
1996-04-23,wti,24.39,USD per barrel,github.com/datasets/oil-prices
1996-04-24,wti,24.0,USD per barrel,github.com/datasets/oil-prices
1996-04-26,wti,22.33,USD per barrel,github.com/datasets/oil-prices
1996-04-29,wti,22.07,USD per barrel,github.com/datasets/oil-prices
1996-04-30,wti,20.95,USD per barrel,github.com/datasets/oil-prices
1996-05-01,wti,20.81,USD per barrel,github.com/datasets/oil-prices
1996-05-02,wti,20.78,USD per barrel,github.com/datasets/oil-prices
1996-05-03,wti,21.19,USD per barrel,github.com/datasets/oil-prices
1996-05-06,wti,21.06,USD per barrel,github.com/datasets/oil-prices
1996-05-07,wti,21.07,USD per barrel,github.com/datasets/oil-prices
1996-05-08,wti,21.13,USD per barrel,github.com/datasets/oil-prices
1996-05-09,wti,20.65,USD per barrel,github.com/datasets/oil-prices
1996-05-10,wti,21.01,USD per barrel,github.com/datasets/oil-prices
1996-05-13,wti,21.23,USD per barrel,github.com/datasets/oil-prices
1996-05-14,wti,21.35,USD per barrel,github.com/datasets/oil-prices
1996-05-15,wti,21.28,USD per barrel,github.com/datasets/oil-prices
1996-05-16,wti,20.79,USD per barrel,github.com/datasets/oil-prices
1996-05-17,wti,20.64,USD per barrel,github.com/datasets/oil-prices
1996-05-20,wti,22.28,USD per barrel,github.com/datasets/oil-prices
1996-05-21,wti,21.95,USD per barrel,github.com/datasets/oil-prices
1996-05-22,wti,23.02,USD per barrel,github.com/datasets/oil-prices
1996-05-23,wti,22.35,USD per barrel,github.com/datasets/oil-prices
1996-05-24,wti,21.58,USD per barrel,github.com/datasets/oil-prices
1996-05-28,wti,21.1,USD per barrel,github.com/datasets/oil-prices
1996-05-29,wti,20.65,USD per barrel,github.com/datasets/oil-prices
1996-05-30,wti,19.95,USD per barrel,github.com/datasets/oil-prices
1996-05-31,wti,19.77,USD per barrel,github.com/datasets/oil-prices
1996-06-03,wti,19.86,USD per barrel,github.com/datasets/oil-prices
1996-06-04,wti,20.28,USD per barrel,github.com/datasets/oil-prices
1996-06-05,wti,19.73,USD per barrel,github.com/datasets/oil-prices
1996-06-06,wti,20.06,USD per barrel,github.com/datasets/oil-prices
1996-06-07,wti,20.28,USD per barrel,github.com/datasets/oil-prices
1996-06-10,wti,20.18,USD per barrel,github.com/datasets/oil-prices
1996-06-11,wti,20.13,USD per barrel,github.com/datasets/oil-prices
1996-06-12,wti,20.13,USD per barrel,github.com/datasets/oil-prices
1996-06-13,wti,20.03,USD per barrel,github.com/datasets/oil-prices
1996-06-14,wti,20.28,USD per barrel,github.com/datasets/oil-prices
1996-06-17,wti,21.43,USD per barrel,github.com/datasets/oil-prices
1996-06-18,wti,21.53,USD per barrel,github.com/datasets/oil-prices
1996-06-19,wti,20.73,USD per barrel,github.com/datasets/oil-prices
1996-06-20,wti,20.68,USD per barrel,github.com/datasets/oil-prices
1996-06-21,wti,20.38,USD per barrel,github.com/datasets/oil-prices
1996-06-25,wti,20.13,USD per barrel,github.com/datasets/oil-prices
1996-06-27,wti,20.98,USD per barrel,github.com/datasets/oil-prices
1996-06-28,wti,20.92,USD per barrel,github.com/datasets/oil-prices
1996-07-01,wti,21.48,USD per barrel,github.com/datasets/oil-prices
1996-07-02,wti,21.08,USD per barrel,github.com/datasets/oil-prices
1996-07-03,wti,21.38,USD per barrel,github.com/datasets/oil-prices
1996-07-05,wti,21.65,USD per barrel,github.com/datasets/oil-prices
1996-07-09,wti,21.52,USD per barrel,github.com/datasets/oil-prices
1996-07-10,wti,21.56,USD per barrel,github.com/datasets/oil-prices
1996-07-11,wti,21.96,USD per barrel,github.com/datasets/oil-prices
1996-07-12,wti,21.9,USD per barrel,github.com/datasets/oil-prices
1996-07-15,wti,22.43,USD per barrel,github.com/datasets/oil-prices
1996-07-16,wti,22.28,USD per barrel,github.com/datasets/oil-prices
1996-07-17,wti,21.65,USD per barrel,github.com/datasets/oil-prices
1996-07-18,wti,21.68,USD per barrel,github.com/datasets/oil-prices
1996-07-19,wti,20.95,USD per barrel,github.com/datasets/oil-prices
1996-07-22,wti,21.05,USD per barrel,github.com/datasets/oil-prices
1996-07-24,wti,20.97,USD per barrel,github.com/datasets/oil-prices
1996-07-25,wti,21.05,USD per barrel,github.com/datasets/oil-prices
1996-08-01,wti,20.95,USD per barrel,github.com/datasets/oil-prices
1996-08-02,wti,21.35,USD per barrel,github.com/datasets/oil-prices
1996-08-05,wti,21.25,USD per barrel,github.com/datasets/oil-prices
1996-08-07,wti,21.35,USD per barrel,github.com/datasets/oil-prices
1996-08-09,wti,21.6,USD per barrel,github.com/datasets/oil-prices
1996-08-13,wti,22.35,USD per barrel,github.com/datasets/oil-prices
1996-08-14,wti,22.1,USD per barrel,github.com/datasets/oil-prices
1996-08-15,wti,21.95,USD per barrel,github.com/datasets/oil-prices
1996-08-19,wti,23.1,USD per barrel,github.com/datasets/oil-prices
1996-08-22,wti,22.48,USD per barrel,github.com/datasets/oil-prices
1996-08-23,wti,22.23,USD per barrel,github.com/datasets/oil-prices
1996-08-26,wti,21.55,USD per barrel,github.com/datasets/oil-prices
1996-08-27,wti,21.35,USD per barrel,github.com/datasets/oil-prices
1996-08-28,wti,21.75,USD per barrel,github.com/datasets/oil-prices
1996-08-29,wti,22.2,USD per barrel,github.com/datasets/oil-prices
1996-09-04,wti,23.25,USD per barrel,github.com/datasets/oil-prices
1996-09-05,wti,23.45,USD per barrel,github.com/datasets/oil-prices
1996-09-06,wti,23.85,USD per barrel,github.com/datasets/oil-prices
1996-09-09,wti,23.75,USD per barrel,github.com/datasets/oil-prices
1996-09-12,wti,24.95,USD per barrel,github.com/datasets/oil-prices
1996-09-13,wti,24.5,USD per barrel,github.com/datasets/oil-prices
1996-09-17,wti,23.4,USD per barrel,github.com/datasets/oil-prices
1996-09-18,wti,23.85,USD per barrel,github.com/datasets/oil-prices
1996-09-19,wti,23.45,USD per barrel,github.com/datasets/oil-prices
1996-09-20,wti,23.6,USD per barrel,github.com/datasets/oil-prices
1996-09-23,wti,23.83,USD per barrel,github.com/datasets/oil-prices
1996-09-24,wti,24.55,USD per barrel,github.com/datasets/oil-prices
1996-09-25,wti,24.6,USD per barrel,github.com/datasets/oil-prices
1996-09-27,wti,24.6,USD per barrel,github.com/datasets/oil-prices
1996-09-30,wti,24.2,USD per barrel,github.com/datasets/oil-prices
1996-10-01,wti,24.35,USD per barrel,github.com/datasets/oil-prices
1996-10-02,wti,24.05,USD per barrel,github.com/datasets/oil-prices
1996-10-03,wti,24.85,USD per barrel,github.com/datasets/oil-prices
1996-10-07,wti,25.25,USD per barrel,github.com/datasets/oil-prices
1996-10-10,wti,24.3,USD per barrel,github.com/datasets/oil-prices
1996-10-14,wti,25.5,USD per barrel,github.com/datasets/oil-prices
1996-10-16,wti,25.1,USD per barrel,github.com/datasets/oil-prices
1996-10-17,wti,25.4,USD per barrel,github.com/datasets/oil-prices
1996-10-23,wti,24.78,USD per barrel,github.com/datasets/oil-prices
1996-10-25,wti,24.8,USD per barrel,github.com/datasets/oil-prices
1996-10-28,wti,24.75,USD per barrel,github.com/datasets/oil-prices
1996-11-01,wti,23.0,USD per barrel,github.com/datasets/oil-prices
1996-11-05,wti,22.65,USD per barrel,github.com/datasets/oil-prices
1996-11-06,wti,22.75,USD per barrel,github.com/datasets/oil-prices
1996-11-11,wti,23.35,USD per barrel,github.com/datasets/oil-prices
1996-11-12,wti,23.4,USD per barrel,github.com/datasets/oil-prices
1996-11-13,wti,24.25,USD per barrel,github.com/datasets/oil-prices
1996-11-14,wti,24.35,USD per barrel,github.com/datasets/oil-prices
1996-11-19,wti,24.5,USD per barrel,github.com/datasets/oil-prices
1996-11-20,wti,23.75,USD per barrel,github.com/datasets/oil-prices
1996-11-22,wti,24.15,USD per barrel,github.com/datasets/oil-prices
1996-11-25,wti,25.75,USD per barrel,github.com/datasets/oil-prices
1996-11-26,wti,23.7,USD per barrel,github.com/datasets/oil-prices
1996-11-27,wti,23.7,USD per barrel,github.com/datasets/oil-prices
1996-12-02,wti,24.7,USD per barrel,github.com/datasets/oil-prices
1996-12-03,wti,24.8,USD per barrel,github.com/datasets/oil-prices
1996-12-05,wti,25.6,USD per barrel,github.com/datasets/oil-prices
1996-12-11,wti,23.4,USD per barrel,github.com/datasets/oil-prices
1996-12-12,wti,23.75,USD per barrel,github.com/datasets/oil-prices
1996-12-13,wti,24.45,USD per barrel,github.com/datasets/oil-prices
1996-12-17,wti,25.7,USD per barrel,github.com/datasets/oil-prices
1996-12-18,wti,26.05,USD per barrel,github.com/datasets/oil-prices
1996-12-19,wti,26.55,USD per barrel,github.com/datasets/oil-prices
1996-12-20,wti,26.1,USD per barrel,github.com/datasets/oil-prices
1996-12-23,wti,26.4,USD per barrel,github.com/datasets/oil-prices
1996-12-26,wti,25.1,USD per barrel,github.com/datasets/oil-prices
1996-12-30,wti,25.35,USD per barrel,github.com/datasets/oil-prices
1996-12-31,wti,25.9,USD per barrel,github.com/datasets/oil-prices
1997-01-03,wti,25.55,USD per barrel,github.com/datasets/oil-prices
1997-01-06,wti,26.25,USD per barrel,github.com/datasets/oil-prices
1997-01-07,wti,26.25,USD per barrel,github.com/datasets/oil-prices
1997-01-08,wti,26.55,USD per barrel,github.com/datasets/oil-prices
1997-01-09,wti,26.3,USD per barrel,github.com/datasets/oil-prices
1997-01-10,wti,26.15,USD per barrel,github.com/datasets/oil-prices
1997-01-13,wti,25.2,USD per barrel,github.com/datasets/oil-prices
1997-01-14,wti,25.1,USD per barrel,github.com/datasets/oil-prices
1997-01-15,wti,25.95,USD per barrel,github.com/datasets/oil-prices
1997-01-16,wti,25.45,USD per barrel,github.com/datasets/oil-prices
1997-01-17,wti,25.4,USD per barrel,github.com/datasets/oil-prices
1997-01-21,wti,24.8,USD per barrel,github.com/datasets/oil-prices
1997-01-22,wti,24.4,USD per barrel,github.com/datasets/oil-prices
1997-01-23,wti,23.85,USD per barrel,github.com/datasets/oil-prices
1997-01-24,wti,23.85,USD per barrel,github.com/datasets/oil-prices
1997-01-28,wti,23.9,USD per barrel,github.com/datasets/oil-prices
1997-01-30,wti,24.8,USD per barrel,github.com/datasets/oil-prices
1997-01-31,wti,24.15,USD per barrel,github.com/datasets/oil-prices
1997-02-03,wti,24.2,USD per barrel,github.com/datasets/oil-prices
1997-02-04,wti,24.0,USD per barrel,github.com/datasets/oil-prices
1997-02-05,wti,23.9,USD per barrel,github.com/datasets/oil-prices
1997-02-07,wti,22.3,USD per barrel,github.com/datasets/oil-prices
1997-02-10,wti,22.45,USD per barrel,github.com/datasets/oil-prices
1997-02-11,wti,22.35,USD per barrel,github.com/datasets/oil-prices
1997-02-18,wti,22.5,USD per barrel,github.com/datasets/oil-prices
1997-02-19,wti,22.65,USD per barrel,github.com/datasets/oil-prices
1997-02-24,wti,21.0,USD per barrel,github.com/datasets/oil-prices
1997-02-25,wti,20.95,USD per barrel,github.com/datasets/oil-prices
1997-02-26,wti,21.1,USD per barrel,github.com/datasets/oil-prices
1997-02-28,wti,20.3,USD per barrel,github.com/datasets/oil-prices
1997-03-03,wti,20.25,USD per barrel,github.com/datasets/oil-prices
1997-03-04,wti,20.75,USD per barrel,github.com/datasets/oil-prices
1997-03-05,wti,20.5,USD per barrel,github.com/datasets/oil-prices
1997-03-06,wti,21.0,USD per barrel,github.com/datasets/oil-prices
1997-03-07,wti,21.35,USD per barrel,github.com/datasets/oil-prices
1997-03-10,wti,20.5,USD per barrel,github.com/datasets/oil-prices
1997-03-11,wti,20.15,USD per barrel,github.com/datasets/oil-prices
1997-03-12,wti,20.6,USD per barrel,github.com/datasets/oil-prices
1997-03-13,wti,20.65,USD per barrel,github.com/datasets/oil-prices
1997-03-14,wti,21.3,USD per barrel,github.com/datasets/oil-prices
1997-03-18,wti,22.0,USD per barrel,github.com/datasets/oil-prices
1997-03-20,wti,22.0,USD per barrel,github.com/datasets/oil-prices
1997-03-24,wti,21.0,USD per barrel,github.com/datasets/oil-prices
1997-03-25,wti,20.95,USD per barrel,github.com/datasets/oil-prices
1997-03-26,wti,20.65,USD per barrel,github.com/datasets/oil-prices
1997-03-27,wti,20.7,USD per barrel,github.com/datasets/oil-prices
1997-03-31,wti,20.35,USD per barrel,github.com/datasets/oil-prices
1997-04-01,wti,20.3,USD per barrel,github.com/datasets/oil-prices
1997-04-02,wti,19.55,USD per barrel,github.com/datasets/oil-prices
1997-04-03,wti,19.45,USD per barrel,github.com/datasets/oil-prices
1997-04-04,wti,19.15,USD per barrel,github.com/datasets/oil-prices
1997-04-08,wti,19.35,USD per barrel,github.com/datasets/oil-prices
1997-04-10,wti,19.55,USD per barrel,github.com/datasets/oil-prices
1997-04-11,wti,19.5,USD per barrel,github.com/datasets/oil-prices
1997-04-14,wti,19.9,USD per barrel,github.com/datasets/oil-prices
1997-04-15,wti,19.6,USD per barrel,github.com/datasets/oil-prices
1997-04-16,wti,19.35,USD per barrel,github.com/datasets/oil-prices
1997-04-21,wti,20.35,USD per barrel,github.com/datasets/oil-prices
1997-04-22,wti,19.6,USD per barrel,github.com/datasets/oil-prices
1997-04-23,wti,19.65,USD per barrel,github.com/datasets/oil-prices
1997-04-24,wti,19.85,USD per barrel,github.com/datasets/oil-prices
1997-04-25,wti,19.8,USD per barrel,github.com/datasets/oil-prices
1997-04-28,wti,19.85,USD per barrel,github.com/datasets/oil-prices
1997-04-29,wti,20.4,USD per barrel,github.com/datasets/oil-prices
1997-04-30,wti,20.2,USD per barrel,github.com/datasets/oil-prices
1997-05-02,wti,19.6,USD per barrel,github.com/datasets/oil-prices
1997-05-06,wti,19.7,USD per barrel,github.com/datasets/oil-prices
1997-05-07,wti,19.6,USD per barrel,github.com/datasets/oil-prices
1997-05-09,wti,20.45,USD per barrel,github.com/datasets/oil-prices
1997-05-12,wti,21.4,USD per barrel,github.com/datasets/oil-prices
1997-05-13,wti,21.1,USD per barrel,github.com/datasets/oil-prices
1997-05-14,wti,21.35,USD per barrel,github.com/datasets/oil-prices
1997-05-16,wti,22.1,USD per barrel,github.com/datasets/oil-prices
1997-05-19,wti,21.5,USD per barrel,github.com/datasets/oil-prices
1997-05-20,wti,21.2,USD per barrel,github.com/datasets/oil-prices
1997-05-21,wti,21.6,USD per barrel,github.com/datasets/oil-prices
1997-05-23,wti,21.25,USD per barrel,github.com/datasets/oil-prices
1997-05-30,wti,21.0,USD per barrel,github.com/datasets/oil-prices
1997-06-03,wti,20.35,USD per barrel,github.com/datasets/oil-prices
1997-06-05,wti,19.8,USD per barrel,github.com/datasets/oil-prices
1997-06-06,wti,19.0,USD per barrel,github.com/datasets/oil-prices
1997-06-10,wti,18.85,USD per barrel,github.com/datasets/oil-prices
1997-06-11,wti,18.75,USD per barrel,github.com/datasets/oil-prices
1997-06-13,wti,18.95,USD per barrel,github.com/datasets/oil-prices
1997-06-16,wti,19.1,USD per barrel,github.com/datasets/oil-prices
1997-06-17,wti,19.3,USD per barrel,github.com/datasets/oil-prices
1997-06-18,wti,18.9,USD per barrel,github.com/datasets/oil-prices
1997-06-19,wti,18.75,USD per barrel,github.com/datasets/oil-prices
1997-06-20,wti,18.6,USD per barrel,github.com/datasets/oil-prices
1997-06-23,wti,18.9,USD per barrel,github.com/datasets/oil-prices
1997-06-24,wti,18.71,USD per barrel,github.com/datasets/oil-prices
1997-06-25,wti,19.12,USD per barrel,github.com/datasets/oil-prices
1997-06-26,wti,18.84,USD per barrel,github.com/datasets/oil-prices
1997-06-27,wti,19.42,USD per barrel,github.com/datasets/oil-prices
1997-07-01,wti,20.11,USD per barrel,github.com/datasets/oil-prices
1997-07-02,wti,20.39,USD per barrel,github.com/datasets/oil-prices
1997-07-03,wti,19.48,USD per barrel,github.com/datasets/oil-prices
1997-07-07,wti,19.53,USD per barrel,github.com/datasets/oil-prices
1997-07-08,wti,19.67,USD per barrel,github.com/datasets/oil-prices
1997-07-09,wti,19.4,USD per barrel,github.com/datasets/oil-prices
1997-07-10,wti,19.22,USD per barrel,github.com/datasets/oil-prices
1997-07-11,wti,19.39,USD per barrel,github.com/datasets/oil-prices
1997-07-14,wti,18.92,USD per barrel,github.com/datasets/oil-prices
1997-07-15,wti,19.81,USD per barrel,github.com/datasets/oil-prices
1997-07-16,wti,19.57,USD per barrel,github.com/datasets/oil-prices
1997-07-17,wti,19.92,USD per barrel,github.com/datasets/oil-prices
1997-07-18,wti,19.22,USD per barrel,github.com/datasets/oil-prices
1997-07-21,wti,19.25,USD per barrel,github.com/datasets/oil-prices
1997-07-23,wti,19.68,USD per barrel,github.com/datasets/oil-prices
1997-07-24,wti,19.71,USD per barrel,github.com/datasets/oil-prices
1997-07-25,wti,19.71,USD per barrel,github.com/datasets/oil-prices
1997-07-28,wti,19.67,USD per barrel,github.com/datasets/oil-prices
1997-07-29,wti,20.08,USD per barrel,github.com/datasets/oil-prices
1997-07-30,wti,20.43,USD per barrel,github.com/datasets/oil-prices
1997-08-01,wti,20.27,USD per barrel,github.com/datasets/oil-prices
1997-08-05,wti,20.79,USD per barrel,github.com/datasets/oil-prices
1997-08-06,wti,20.46,USD per barrel,github.com/datasets/oil-prices
1997-08-07,wti,20.09,USD per barrel,github.com/datasets/oil-prices
1997-08-08,wti,19.58,USD per barrel,github.com/datasets/oil-prices
1997-08-11,wti,19.73,USD per barrel,github.com/datasets/oil-prices
1997-08-12,wti,19.91,USD per barrel,github.com/datasets/oil-prices
1997-08-13,wti,20.19,USD per barrel,github.com/datasets/oil-prices
1997-08-14,wti,20.02,USD per barrel,github.com/datasets/oil-prices
1997-08-15,wti,20.08,USD per barrel,github.com/datasets/oil-prices
1997-08-18,wti,19.94,USD per barrel,github.com/datasets/oil-prices
1997-08-21,wti,19.83,USD per barrel,github.com/datasets/oil-prices
1997-08-22,wti,19.7,USD per barrel,github.com/datasets/oil-prices
1997-08-25,wti,19.29,USD per barrel,github.com/datasets/oil-prices
1997-08-26,wti,19.31,USD per barrel,github.com/datasets/oil-prices
1997-08-27,wti,19.65,USD per barrel,github.com/datasets/oil-prices
1997-08-28,wti,19.59,USD per barrel,github.com/datasets/oil-prices
1997-08-29,wti,19.66,USD per barrel,github.com/datasets/oil-prices
1997-09-02,wti,19.73,USD per barrel,github.com/datasets/oil-prices
1997-09-04,wti,19.46,USD per barrel,github.com/datasets/oil-prices
1997-09-05,wti,19.61,USD per barrel,github.com/datasets/oil-prices
1997-09-08,wti,19.43,USD per barrel,github.com/datasets/oil-prices
1997-09-09,wti,19.5,USD per barrel,github.com/datasets/oil-prices
1997-09-10,wti,19.5,USD per barrel,github.com/datasets/oil-prices
1997-09-11,wti,19.41,USD per barrel,github.com/datasets/oil-prices
1997-09-12,wti,19.37,USD per barrel,github.com/datasets/oil-prices
1997-09-15,wti,19.3,USD per barrel,github.com/datasets/oil-prices
1997-09-16,wti,19.67,USD per barrel,github.com/datasets/oil-prices
1997-09-17,wti,19.44,USD per barrel,github.com/datasets/oil-prices
1997-09-18,wti,19.41,USD per barrel,github.com/datasets/oil-prices
1997-09-19,wti,19.37,USD per barrel,github.com/datasets/oil-prices
1997-09-22,wti,19.61,USD per barrel,github.com/datasets/oil-prices
1997-09-23,wti,19.71,USD per barrel,github.com/datasets/oil-prices
1997-09-24,wti,20.03,USD per barrel,github.com/datasets/oil-prices
1997-09-26,wti,20.87,USD per barrel,github.com/datasets/oil-prices
1997-09-29,wti,21.29,USD per barrel,github.com/datasets/oil-prices
1997-09-30,wti,21.13,USD per barrel,github.com/datasets/oil-prices
1997-10-03,wti,22.86,USD per barrel,github.com/datasets/oil-prices
1997-10-06,wti,21.97,USD per barrel,github.com/datasets/oil-prices
1997-10-07,wti,21.88,USD per barrel,github.com/datasets/oil-prices
1997-10-08,wti,22.19,USD per barrel,github.com/datasets/oil-prices
1997-10-09,wti,22.01,USD per barrel,github.com/datasets/oil-prices
1997-10-13,wti,21.34,USD per barrel,github.com/datasets/oil-prices
1997-10-14,wti,20.75,USD per barrel,github.com/datasets/oil-prices
1997-10-16,wti,20.98,USD per barrel,github.com/datasets/oil-prices
1997-10-17,wti,21.41,USD per barrel,github.com/datasets/oil-prices
1997-10-20,wti,20.69,USD per barrel,github.com/datasets/oil-prices
1997-10-21,wti,20.68,USD per barrel,github.com/datasets/oil-prices
1997-10-22,wti,21.44,USD per barrel,github.com/datasets/oil-prices
1997-10-23,wti,21.18,USD per barrel,github.com/datasets/oil-prices
1997-10-24,wti,20.99,USD per barrel,github.com/datasets/oil-prices
1997-10-27,wti,21.03,USD per barrel,github.com/datasets/oil-prices
1997-10-29,wti,20.82,USD per barrel,github.com/datasets/oil-prices
1997-10-30,wti,21.26,USD per barrel,github.com/datasets/oil-prices
1997-11-03,wti,20.91,USD per barrel,github.com/datasets/oil-prices
1997-11-04,wti,20.64,USD per barrel,github.com/datasets/oil-prices
1997-11-05,wti,20.44,USD per barrel,github.com/datasets/oil-prices
1997-11-10,wti,20.46,USD per barrel,github.com/datasets/oil-prices
1997-11-11,wti,20.54,USD per barrel,github.com/datasets/oil-prices
1997-11-13,wti,20.76,USD per barrel,github.com/datasets/oil-prices
1997-11-14,wti,21.01,USD per barrel,github.com/datasets/oil-prices
1997-11-17,wti,20.29,USD per barrel,github.com/datasets/oil-prices
1997-11-18,wti,20.01,USD per barrel,github.com/datasets/oil-prices
1997-11-20,wti,19.17,USD per barrel,github.com/datasets/oil-prices
1997-11-21,wti,19.76,USD per barrel,github.com/datasets/oil-prices
1997-11-24,wti,19.41,USD per barrel,github.com/datasets/oil-prices
1997-11-25,wti,19.35,USD per barrel,github.com/datasets/oil-prices
1997-12-01,wti,18.76,USD per barrel,github.com/datasets/oil-prices
1997-12-02,wti,18.67,USD per barrel,github.com/datasets/oil-prices
1997-12-03,wti,18.81,USD per barrel,github.com/datasets/oil-prices
1997-12-04,wti,18.49,USD per barrel,github.com/datasets/oil-prices
1997-12-05,wti,18.72,USD per barrel,github.com/datasets/oil-prices
1997-12-08,wti,18.86,USD per barrel,github.com/datasets/oil-prices
1997-12-09,wti,18.79,USD per barrel,github.com/datasets/oil-prices
1997-12-10,wti,18.15,USD per barrel,github.com/datasets/oil-prices
1997-12-11,wti,18.18,USD per barrel,github.com/datasets/oil-prices
1997-12-12,wti,18.21,USD per barrel,github.com/datasets/oil-prices
1997-12-15,wti,18.18,USD per barrel,github.com/datasets/oil-prices
1997-12-16,wti,18.19,USD per barrel,github.com/datasets/oil-prices
1997-12-17,wti,18.22,USD per barrel,github.com/datasets/oil-prices
1997-12-18,wti,18.51,USD per barrel,github.com/datasets/oil-prices
1997-12-19,wti,18.46,USD per barrel,github.com/datasets/oil-prices
1997-12-22,wti,18.29,USD per barrel,github.com/datasets/oil-prices
1997-12-23,wti,18.39,USD per barrel,github.com/datasets/oil-prices
1997-12-24,wti,18.36,USD per barrel,github.com/datasets/oil-prices
1997-12-26,wti,18.19,USD per barrel,github.com/datasets/oil-prices
1997-12-29,wti,17.64,USD per barrel,github.com/datasets/oil-prices
1997-12-30,wti,17.6,USD per barrel,github.com/datasets/oil-prices
1997-12-31,wti,17.65,USD per barrel,github.com/datasets/oil-prices
1998-01-06,wti,16.64,USD per barrel,github.com/datasets/oil-prices
1998-01-07,wti,16.91,USD per barrel,github.com/datasets/oil-prices
1998-01-08,wti,17.01,USD per barrel,github.com/datasets/oil-prices
1998-01-09,wti,16.65,USD per barrel,github.com/datasets/oil-prices
1998-01-12,wti,16.53,USD per barrel,github.com/datasets/oil-prices
1998-01-15,wti,16.35,USD per barrel,github.com/datasets/oil-prices
1998-01-16,wti,16.48,USD per barrel,github.com/datasets/oil-prices
1998-01-20,wti,16.43,USD per barrel,github.com/datasets/oil-prices
1998-01-21,wti,16.05,USD per barrel,github.com/datasets/oil-prices
1998-01-22,wti,15.93,USD per barrel,github.com/datasets/oil-prices
1998-01-23,wti,15.65,USD per barrel,github.com/datasets/oil-prices
1998-01-26,wti,16.96,USD per barrel,github.com/datasets/oil-prices
1998-01-27,wti,17.06,USD per barrel,github.com/datasets/oil-prices
1998-01-28,wti,17.35,USD per barrel,github.com/datasets/oil-prices
1998-01-29,wti,17.93,USD per barrel,github.com/datasets/oil-prices
1998-01-30,wti,17.21,USD per barrel,github.com/datasets/oil-prices
1998-02-02,wti,17.07,USD per barrel,github.com/datasets/oil-prices
1998-02-03,wti,16.43,USD per barrel,github.com/datasets/oil-prices
1998-02-04,wti,16.42,USD per barrel,github.com/datasets/oil-prices
1998-02-05,wti,16.63,USD per barrel,github.com/datasets/oil-prices
1998-02-06,wti,16.72,USD per barrel,github.com/datasets/oil-prices
1998-02-09,wti,16.59,USD per barrel,github.com/datasets/oil-prices
1998-02-10,wti,16.48,USD per barrel,github.com/datasets/oil-prices
1998-02-11,wti,16.17,USD per barrel,github.com/datasets/oil-prices
1998-02-13,wti,16.03,USD per barrel,github.com/datasets/oil-prices
1998-02-17,wti,15.64,USD per barrel,github.com/datasets/oil-prices
1998-02-18,wti,16.24,USD per barrel,github.com/datasets/oil-prices
1998-02-19,wti,16.12,USD per barrel,github.com/datasets/oil-prices
1998-02-23,wti,15.23,USD per barrel,github.com/datasets/oil-prices
1998-02-24,wti,15.14,USD per barrel,github.com/datasets/oil-prices
1998-02-25,wti,15.28,USD per barrel,github.com/datasets/oil-prices
1998-02-26,wti,15.41,USD per barrel,github.com/datasets/oil-prices
1998-02-27,wti,15.44,USD per barrel,github.com/datasets/oil-prices
1998-03-02,wti,15.32,USD per barrel,github.com/datasets/oil-prices
1998-03-03,wti,15.28,USD per barrel,github.com/datasets/oil-prices
1998-03-04,wti,15.33,USD per barrel,github.com/datasets/oil-prices
1998-03-05,wti,15.34,USD per barrel,github.com/datasets/oil-prices
1998-03-09,wti,14.58,USD per barrel,github.com/datasets/oil-prices
1998-03-10,wti,14.54,USD per barrel,github.com/datasets/oil-prices
1998-03-11,wti,14.3,USD per barrel,github.com/datasets/oil-prices
1998-03-12,wti,14.4,USD per barrel,github.com/datasets/oil-prices
1998-03-13,wti,14.19,USD per barrel,github.com/datasets/oil-prices
1998-03-16,wti,13.41,USD per barrel,github.com/datasets/oil-prices
1998-03-17,wti,13.67,USD per barrel,github.com/datasets/oil-prices
1998-03-18,wti,14.36,USD per barrel,github.com/datasets/oil-prices
1998-03-19,wti,14.43,USD per barrel,github.com/datasets/oil-prices
1998-03-20,wti,14.31,USD per barrel,github.com/datasets/oil-prices
1998-03-23,wti,16.14,USD per barrel,github.com/datasets/oil-prices
1998-03-24,wti,15.52,USD per barrel,github.com/datasets/oil-prices
1998-03-25,wti,16.69,USD per barrel,github.com/datasets/oil-prices
1998-03-26,wti,16.92,USD per barrel,github.com/datasets/oil-prices
1998-03-27,wti,16.84,USD per barrel,github.com/datasets/oil-prices
1998-03-30,wti,16.32,USD per barrel,github.com/datasets/oil-prices
1998-03-31,wti,15.75,USD per barrel,github.com/datasets/oil-prices
1998-04-01,wti,15.69,USD per barrel,github.com/datasets/oil-prices
1998-04-02,wti,16.04,USD per barrel,github.com/datasets/oil-prices
1998-04-03,wti,16.08,USD per barrel,github.com/datasets/oil-prices
1998-04-06,wti,15.48,USD per barrel,github.com/datasets/oil-prices
1998-04-07,wti,15.39,USD per barrel,github.com/datasets/oil-prices
1998-04-08,wti,15.71,USD per barrel,github.com/datasets/oil-prices
1998-04-09,wti,15.61,USD per barrel,github.com/datasets/oil-prices
1998-04-13,wti,15.35,USD per barrel,github.com/datasets/oil-prices
1998-04-14,wti,15.18,USD per barrel,github.com/datasets/oil-prices
1998-04-15,wti,15.64,USD per barrel,github.com/datasets/oil-prices
1998-04-16,wti,15.97,USD per barrel,github.com/datasets/oil-prices
1998-04-17,wti,15.49,USD per barrel,github.com/datasets/oil-prices
1998-04-20,wti,15.52,USD per barrel,github.com/datasets/oil-prices
1998-04-21,wti,15.57,USD per barrel,github.com/datasets/oil-prices
1998-04-22,wti,15.07,USD per barrel,github.com/datasets/oil-prices
1998-04-23,wti,13.09,USD per barrel,github.com/datasets/oil-prices
1998-04-24,wti,13.23,USD per barrel,github.com/datasets/oil-prices
1998-04-27,wti,15.43,USD per barrel,github.com/datasets/oil-prices
1998-04-28,wti,15.9,USD per barrel,github.com/datasets/oil-prices
1998-04-29,wti,15.43,USD per barrel,github.com/datasets/oil-prices
1998-04-30,wti,15.56,USD per barrel,github.com/datasets/oil-prices
1998-05-01,wti,16.25,USD per barrel,github.com/datasets/oil-prices
1998-05-04,wti,15.98,USD per barrel,github.com/datasets/oil-prices
1998-05-05,wti,15.48,USD per barrel,github.com/datasets/oil-prices
1998-05-07,wti,15.26,USD per barrel,github.com/datasets/oil-prices
1998-05-08,wti,15.21,USD per barrel,github.com/datasets/oil-prices
1998-05-11,wti,15.26,USD per barrel,github.com/datasets/oil-prices
1998-05-12,wti,15.21,USD per barrel,github.com/datasets/oil-prices
1998-05-13,wti,15.01,USD per barrel,github.com/datasets/oil-prices
1998-05-14,wti,15.15,USD per barrel,github.com/datasets/oil-prices
1998-05-15,wti,14.51,USD per barrel,github.com/datasets/oil-prices
1998-05-19,wti,13.01,USD per barrel,github.com/datasets/oil-prices
1998-05-20,wti,13.36,USD per barrel,github.com/datasets/oil-prices
1998-05-21,wti,14.21,USD per barrel,github.com/datasets/oil-prices
1998-05-22,wti,14.81,USD per barrel,github.com/datasets/oil-prices
1998-05-26,wti,14.9,USD per barrel,github.com/datasets/oil-prices
1998-05-28,wti,14.88,USD per barrel,github.com/datasets/oil-prices
1998-05-29,wti,15.21,USD per barrel,github.com/datasets/oil-prices
1998-06-01,wti,14.99,USD per barrel,github.com/datasets/oil-prices
1998-06-02,wti,14.81,USD per barrel,github.com/datasets/oil-prices
1998-06-03,wti,14.94,USD per barrel,github.com/datasets/oil-prices
1998-06-04,wti,15.24,USD per barrel,github.com/datasets/oil-prices
1998-06-05,wti,15.13,USD per barrel,github.com/datasets/oil-prices
1998-06-08,wti,14.49,USD per barrel,github.com/datasets/oil-prices
1998-06-09,wti,13.76,USD per barrel,github.com/datasets/oil-prices
1998-06-10,wti,13.54,USD per barrel,github.com/datasets/oil-prices
1998-06-11,wti,12.67,USD per barrel,github.com/datasets/oil-prices
1998-06-12,wti,12.66,USD per barrel,github.com/datasets/oil-prices
1998-06-15,wti,11.69,USD per barrel,github.com/datasets/oil-prices
1998-06-16,wti,12.38,USD per barrel,github.com/datasets/oil-prices
1998-06-17,wti,12.55,USD per barrel,github.com/datasets/oil-prices
1998-06-18,wti,11.8,USD per barrel,github.com/datasets/oil-prices
1998-06-19,wti,11.8,USD per barrel,github.com/datasets/oil-prices
1998-06-22,wti,13.54,USD per barrel,github.com/datasets/oil-prices
1998-06-23,wti,14.65,USD per barrel,github.com/datasets/oil-prices
1998-06-24,wti,14.54,USD per barrel,github.com/datasets/oil-prices
1998-06-25,wti,13.9,USD per barrel,github.com/datasets/oil-prices
1998-06-26,wti,14.21,USD per barrel,github.com/datasets/oil-prices
1998-06-29,wti,14.29,USD per barrel,github.com/datasets/oil-prices
1998-06-30,wti,14.3,USD per barrel,github.com/datasets/oil-prices
1998-07-01,wti,14.47,USD per barrel,github.com/datasets/oil-prices
1998-07-02,wti,14.58,USD per barrel,github.com/datasets/oil-prices
1998-07-06,wti,13.87,USD per barrel,github.com/datasets/oil-prices
1998-07-07,wti,13.83,USD per barrel,github.com/datasets/oil-prices
1998-07-08,wti,14.01,USD per barrel,github.com/datasets/oil-prices
1998-07-09,wti,14.01,USD per barrel,github.com/datasets/oil-prices
1998-07-10,wti,13.96,USD per barrel,github.com/datasets/oil-prices
1998-07-13,wti,14.06,USD per barrel,github.com/datasets/oil-prices
1998-07-15,wti,14.9,USD per barrel,github.com/datasets/oil-prices
1998-07-16,wti,14.54,USD per barrel,github.com/datasets/oil-prices
1998-07-17,wti,14.02,USD per barrel,github.com/datasets/oil-prices
1998-07-20,wti,13.44,USD per barrel,github.com/datasets/oil-prices
1998-07-21,wti,13.83,USD per barrel,github.com/datasets/oil-prices
1998-07-22,wti,14.29,USD per barrel,github.com/datasets/oil-prices
1998-07-23,wti,13.97,USD per barrel,github.com/datasets/oil-prices
1998-07-24,wti,13.93,USD per barrel,github.com/datasets/oil-prices
1998-07-27,wti,14.37,USD per barrel,github.com/datasets/oil-prices
1998-07-30,wti,14.25,USD per barrel,github.com/datasets/oil-prices
1998-08-03,wti,13.93,USD per barrel,github.com/datasets/oil-prices
1998-08-04,wti,13.69,USD per barrel,github.com/datasets/oil-prices
1998-08-05,wti,13.8,USD per barrel,github.com/datasets/oil-prices
1998-08-06,wti,13.87,USD per barrel,github.com/datasets/oil-prices
1998-08-07,wti,13.85,USD per barrel,github.com/datasets/oil-prices
1998-08-10,wti,13.11,USD per barrel,github.com/datasets/oil-prices
1998-08-11,wti,12.87,USD per barrel,github.com/datasets/oil-prices
1998-08-12,wti,12.76,USD per barrel,github.com/datasets/oil-prices
1998-08-13,wti,13.44,USD per barrel,github.com/datasets/oil-prices
1998-08-14,wti,13.4,USD per barrel,github.com/datasets/oil-prices
1998-08-17,wti,13.26,USD per barrel,github.com/datasets/oil-prices
1998-08-18,wti,13.13,USD per barrel,github.com/datasets/oil-prices
1998-08-19,wti,13.21,USD per barrel,github.com/datasets/oil-prices
1998-08-20,wti,13.62,USD per barrel,github.com/datasets/oil-prices
1998-08-21,wti,13.44,USD per barrel,github.com/datasets/oil-prices
1998-08-24,wti,13.78,USD per barrel,github.com/datasets/oil-prices
1998-08-25,wti,13.9,USD per barrel,github.com/datasets/oil-prices
1998-08-26,wti,13.67,USD per barrel,github.com/datasets/oil-prices
1998-08-27,wti,13.35,USD per barrel,github.com/datasets/oil-prices
1998-08-28,wti,13.54,USD per barrel,github.com/datasets/oil-prices
1998-08-31,wti,13.29,USD per barrel,github.com/datasets/oil-prices
1998-09-01,wti,13.62,USD per barrel,github.com/datasets/oil-prices
1998-09-02,wti,13.72,USD per barrel,github.com/datasets/oil-prices
1998-09-03,wti,14.7,USD per barrel,github.com/datasets/oil-prices
1998-09-08,wti,14.34,USD per barrel,github.com/datasets/oil-prices
1998-09-10,wti,14.71,USD per barrel,github.com/datasets/oil-prices
1998-09-11,wti,14.39,USD per barrel,github.com/datasets/oil-prices
1998-09-14,wti,14.46,USD per barrel,github.com/datasets/oil-prices
1998-09-15,wti,14.72,USD per barrel,github.com/datasets/oil-prices
1998-09-16,wti,14.6,USD per barrel,github.com/datasets/oil-prices
1998-09-17,wti,15.07,USD per barrel,github.com/datasets/oil-prices
1998-09-18,wti,15.53,USD per barrel,github.com/datasets/oil-prices
1998-09-21,wti,15.58,USD per barrel,github.com/datasets/oil-prices
1998-09-22,wti,15.73,USD per barrel,github.com/datasets/oil-prices
1998-09-23,wti,15.8,USD per barrel,github.com/datasets/oil-prices
1998-09-24,wti,15.99,USD per barrel,github.com/datasets/oil-prices
1998-09-25,wti,15.8,USD per barrel,github.com/datasets/oil-prices
1998-09-28,wti,15.74,USD per barrel,github.com/datasets/oil-prices
1998-09-29,wti,16.01,USD per barrel,github.com/datasets/oil-prices
1998-09-30,wti,16.19,USD per barrel,github.com/datasets/oil-prices
1998-10-01,wti,15.52,USD per barrel,github.com/datasets/oil-prices
1998-10-02,wti,15.71,USD per barrel,github.com/datasets/oil-prices
1998-10-05,wti,15.24,USD per barrel,github.com/datasets/oil-prices
1998-10-06,wti,15.6,USD per barrel,github.com/datasets/oil-prices
1998-10-07,wti,15.03,USD per barrel,github.com/datasets/oil-prices
1998-10-08,wti,14.57,USD per barrel,github.com/datasets/oil-prices
1998-10-09,wti,14.64,USD per barrel,github.com/datasets/oil-prices
1998-10-12,wti,14.47,USD per barrel,github.com/datasets/oil-prices
1998-10-13,wti,14.27,USD per barrel,github.com/datasets/oil-prices
1998-10-14,wti,14.09,USD per barrel,github.com/datasets/oil-prices
1998-10-15,wti,14.08,USD per barrel,github.com/datasets/oil-prices
1998-10-16,wti,14.16,USD per barrel,github.com/datasets/oil-prices
1998-10-19,wti,13.39,USD per barrel,github.com/datasets/oil-prices
1998-10-20,wti,13.45,USD per barrel,github.com/datasets/oil-prices
1998-10-21,wti,14.14,USD per barrel,github.com/datasets/oil-prices
1998-10-22,wti,14.0,USD per barrel,github.com/datasets/oil-prices
1998-10-23,wti,14.06,USD per barrel,github.com/datasets/oil-prices
1998-10-26,wti,14.39,USD per barrel,github.com/datasets/oil-prices
1998-10-27,wti,14.19,USD per barrel,github.com/datasets/oil-prices
1998-10-28,wti,14.35,USD per barrel,github.com/datasets/oil-prices
1998-10-29,wti,14.31,USD per barrel,github.com/datasets/oil-prices
1998-10-30,wti,14.48,USD per barrel,github.com/datasets/oil-prices
1998-11-02,wti,14.45,USD per barrel,github.com/datasets/oil-prices
1998-11-03,wti,14.24,USD per barrel,github.com/datasets/oil-prices
1998-11-05,wti,13.93,USD per barrel,github.com/datasets/oil-prices
1998-11-06,wti,13.93,USD per barrel,github.com/datasets/oil-prices
1998-11-09,wti,13.39,USD per barrel,github.com/datasets/oil-prices
1998-11-10,wti,13.54,USD per barrel,github.com/datasets/oil-prices
1998-11-11,wti,13.63,USD per barrel,github.com/datasets/oil-prices
1998-11-12,wti,14.04,USD per barrel,github.com/datasets/oil-prices
1998-11-13,wti,13.57,USD per barrel,github.com/datasets/oil-prices
1998-11-16,wti,12.81,USD per barrel,github.com/datasets/oil-prices
1998-11-17,wti,12.46,USD per barrel,github.com/datasets/oil-prices
1998-11-20,wti,12.2,USD per barrel,github.com/datasets/oil-prices
1998-11-23,wti,12.51,USD per barrel,github.com/datasets/oil-prices
1998-11-24,wti,11.48,USD per barrel,github.com/datasets/oil-prices
1998-11-25,wti,10.86,USD per barrel,github.com/datasets/oil-prices
1998-11-30,wti,11.37,USD per barrel,github.com/datasets/oil-prices
1998-12-01,wti,11.27,USD per barrel,github.com/datasets/oil-prices
1998-12-02,wti,11.31,USD per barrel,github.com/datasets/oil-prices
1998-12-04,wti,11.2,USD per barrel,github.com/datasets/oil-prices
1998-12-07,wti,11.61,USD per barrel,github.com/datasets/oil-prices
1998-12-09,wti,11.2,USD per barrel,github.com/datasets/oil-prices
1998-12-10,wti,10.82,USD per barrel,github.com/datasets/oil-prices
1998-12-11,wti,10.86,USD per barrel,github.com/datasets/oil-prices
1998-12-14,wti,11.3,USD per barrel,github.com/datasets/oil-prices
1998-12-15,wti,11.64,USD per barrel,github.com/datasets/oil-prices
1998-12-16,wti,12.55,USD per barrel,github.com/datasets/oil-prices
1998-12-17,wti,11.05,USD per barrel,github.com/datasets/oil-prices
1998-12-18,wti,10.95,USD per barrel,github.com/datasets/oil-prices
1998-12-21,wti,10.86,USD per barrel,github.com/datasets/oil-prices
1998-12-22,wti,10.99,USD per barrel,github.com/datasets/oil-prices
1998-12-24,wti,11.03,USD per barrel,github.com/datasets/oil-prices
1998-12-28,wti,11.59,USD per barrel,github.com/datasets/oil-prices
1998-12-29,wti,11.82,USD per barrel,github.com/datasets/oil-prices
1998-12-31,wti,12.14,USD per barrel,github.com/datasets/oil-prices
1999-01-04,wti,12.42,USD per barrel,github.com/datasets/oil-prices
1999-01-05,wti,12.04,USD per barrel,github.com/datasets/oil-prices
1999-01-06,wti,12.84,USD per barrel,github.com/datasets/oil-prices
1999-01-07,wti,12.99,USD per barrel,github.com/datasets/oil-prices
1999-01-08,wti,13.06,USD per barrel,github.com/datasets/oil-prices
1999-01-11,wti,13.43,USD per barrel,github.com/datasets/oil-prices
1999-01-12,wti,12.91,USD per barrel,github.com/datasets/oil-prices
1999-01-13,wti,12.33,USD per barrel,github.com/datasets/oil-prices
1999-01-14,wti,12.23,USD per barrel,github.com/datasets/oil-prices
1999-01-15,wti,12.21,USD per barrel,github.com/datasets/oil-prices
1999-01-19,wti,12.13,USD per barrel,github.com/datasets/oil-prices
1999-01-20,wti,11.82,USD per barrel,github.com/datasets/oil-prices
1999-01-21,wti,12.45,USD per barrel,github.com/datasets/oil-prices
1999-01-22,wti,12.62,USD per barrel,github.com/datasets/oil-prices
1999-01-25,wti,12.41,USD per barrel,github.com/datasets/oil-prices
1999-01-26,wti,12.16,USD per barrel,github.com/datasets/oil-prices
1999-01-27,wti,12.4,USD per barrel,github.com/datasets/oil-prices
1999-01-28,wti,12.52,USD per barrel,github.com/datasets/oil-prices
1999-01-29,wti,12.81,USD per barrel,github.com/datasets/oil-prices
1999-02-01,wti,12.36,USD per barrel,github.com/datasets/oil-prices
1999-02-02,wti,12.21,USD per barrel,github.com/datasets/oil-prices
1999-02-03,wti,12.42,USD per barrel,github.com/datasets/oil-prices
1999-02-04,wti,11.94,USD per barrel,github.com/datasets/oil-prices
1999-02-05,wti,11.85,USD per barrel,github.com/datasets/oil-prices
1999-02-08,wti,11.65,USD per barrel,github.com/datasets/oil-prices
1999-02-10,wti,11.88,USD per barrel,github.com/datasets/oil-prices
1999-02-11,wti,11.94,USD per barrel,github.com/datasets/oil-prices
1999-02-12,wti,11.9,USD per barrel,github.com/datasets/oil-prices
1999-02-16,wti,11.38,USD per barrel,github.com/datasets/oil-prices
1999-02-17,wti,11.49,USD per barrel,github.com/datasets/oil-prices
1999-02-18,wti,11.97,USD per barrel,github.com/datasets/oil-prices
1999-02-19,wti,11.79,USD per barrel,github.com/datasets/oil-prices
1999-02-22,wti,11.97,USD per barrel,github.com/datasets/oil-prices
1999-02-23,wti,12.44,USD per barrel,github.com/datasets/oil-prices
1999-02-24,wti,12.49,USD per barrel,github.com/datasets/oil-prices
1999-02-25,wti,12.61,USD per barrel,github.com/datasets/oil-prices
1999-02-26,wti,12.31,USD per barrel,github.com/datasets/oil-prices
1999-03-01,wti,12.28,USD per barrel,github.com/datasets/oil-prices
1999-03-02,wti,12.66,USD per barrel,github.com/datasets/oil-prices
1999-03-03,wti,12.92,USD per barrel,github.com/datasets/oil-prices
1999-03-04,wti,13.32,USD per barrel,github.com/datasets/oil-prices
1999-03-05,wti,13.33,USD per barrel,github.com/datasets/oil-prices
1999-03-08,wti,13.63,USD per barrel,github.com/datasets/oil-prices
1999-03-09,wti,13.78,USD per barrel,github.com/datasets/oil-prices
1999-03-10,wti,14.74,USD per barrel,github.com/datasets/oil-prices
1999-03-11,wti,14.3,USD per barrel,github.com/datasets/oil-prices
1999-03-12,wti,14.51,USD per barrel,github.com/datasets/oil-prices
1999-03-15,wti,14.48,USD per barrel,github.com/datasets/oil-prices
1999-03-16,wti,14.6,USD per barrel,github.com/datasets/oil-prices
1999-03-17,wti,15.11,USD per barrel,github.com/datasets/oil-prices
1999-03-18,wti,15.11,USD per barrel,github.com/datasets/oil-prices
1999-03-19,wti,15.26,USD per barrel,github.com/datasets/oil-prices
1999-03-22,wti,15.39,USD per barrel,github.com/datasets/oil-prices
1999-03-24,wti,15.18,USD per barrel,github.com/datasets/oil-prices
1999-04-05,wti,16.94,USD per barrel,github.com/datasets/oil-prices
1999-04-06,wti,16.79,USD per barrel,github.com/datasets/oil-prices
1999-04-07,wti,16.02,USD per barrel,github.com/datasets/oil-prices
1999-04-08,wti,15.92,USD per barrel,github.com/datasets/oil-prices
1999-04-09,wti,16.59,USD per barrel,github.com/datasets/oil-prices
1999-04-15,wti,16.85,USD per barrel,github.com/datasets/oil-prices
1999-04-16,wti,17.34,USD per barrel,github.com/datasets/oil-prices
1999-04-19,wti,17.82,USD per barrel,github.com/datasets/oil-prices
1999-04-21,wti,18.05,USD per barrel,github.com/datasets/oil-prices
1999-04-23,wti,17.96,USD per barrel,github.com/datasets/oil-prices
1999-04-26,wti,17.67,USD per barrel,github.com/datasets/oil-prices
1999-04-27,wti,17.82,USD per barrel,github.com/datasets/oil-prices
1999-04-28,wti,18.43,USD per barrel,github.com/datasets/oil-prices
1999-04-29,wti,18.53,USD per barrel,github.com/datasets/oil-prices
1999-04-30,wti,18.69,USD per barrel,github.com/datasets/oil-prices
1999-05-05,wti,18.89,USD per barrel,github.com/datasets/oil-prices
1999-05-06,wti,18.23,USD per barrel,github.com/datasets/oil-prices
1999-05-10,wti,18.57,USD per barrel,github.com/datasets/oil-prices
1999-05-12,wti,17.44,USD per barrel,github.com/datasets/oil-prices
1999-05-13,wti,18.11,USD per barrel,github.com/datasets/oil-prices
1999-05-14,wti,18.04,USD per barrel,github.com/datasets/oil-prices
1999-05-19,wti,16.77,USD per barrel,github.com/datasets/oil-prices
1999-05-24,wti,16.77,USD per barrel,github.com/datasets/oil-prices
1999-05-26,wti,17.32,USD per barrel,github.com/datasets/oil-prices
1999-06-01,wti,16.31,USD per barrel,github.com/datasets/oil-prices
1999-06-03,wti,16.81,USD per barrel,github.com/datasets/oil-prices
1999-06-07,wti,17.91,USD per barrel,github.com/datasets/oil-prices
1999-06-08,wti,17.66,USD per barrel,github.com/datasets/oil-prices
1999-06-09,wti,17.98,USD per barrel,github.com/datasets/oil-prices
1999-06-10,wti,17.82,USD per barrel,github.com/datasets/oil-prices
1999-06-11,wti,18.45,USD per barrel,github.com/datasets/oil-prices
1999-06-14,wti,18.24,USD per barrel,github.com/datasets/oil-prices
1999-06-15,wti,18.61,USD per barrel,github.com/datasets/oil-prices
1999-06-16,wti,17.92,USD per barrel,github.com/datasets/oil-prices
1999-06-17,wti,18.25,USD per barrel,github.com/datasets/oil-prices
1999-06-18,wti,18.01,USD per barrel,github.com/datasets/oil-prices
1999-06-23,wti,18.42,USD per barrel,github.com/datasets/oil-prices
1999-06-30,wti,19.33,USD per barrel,github.com/datasets/oil-prices
1999-07-02,wti,19.7,USD per barrel,github.com/datasets/oil-prices
1999-07-13,wti,20.33,USD per barrel,github.com/datasets/oil-prices
1999-07-16,wti,20.66,USD per barrel,github.com/datasets/oil-prices
1999-07-21,wti,19.54,USD per barrel,github.com/datasets/oil-prices
1999-07-22,wti,19.84,USD per barrel,github.com/datasets/oil-prices
1999-07-29,wti,21.09,USD per barrel,github.com/datasets/oil-prices
1999-07-30,wti,20.52,USD per barrel,github.com/datasets/oil-prices
1999-08-02,wti,20.46,USD per barrel,github.com/datasets/oil-prices
1999-08-03,wti,20.21,USD per barrel,github.com/datasets/oil-prices
1999-08-04,wti,20.49,USD per barrel,github.com/datasets/oil-prices
1999-08-05,wti,20.67,USD per barrel,github.com/datasets/oil-prices
1999-08-12,wti,21.42,USD per barrel,github.com/datasets/oil-prices
1999-08-13,wti,21.67,USD per barrel,github.com/datasets/oil-prices
1999-08-17,wti,21.7,USD per barrel,github.com/datasets/oil-prices
1999-08-18,wti,21.54,USD per barrel,github.com/datasets/oil-prices
1999-08-19,wti,21.86,USD per barrel,github.com/datasets/oil-prices
1999-08-23,wti,21.61,USD per barrel,github.com/datasets/oil-prices
1999-08-24,wti,21.36,USD per barrel,github.com/datasets/oil-prices
1999-08-25,wti,20.66,USD per barrel,github.com/datasets/oil-prices
1999-09-01,wti,21.79,USD per barrel,github.com/datasets/oil-prices
1999-09-15,wti,24.1,USD per barrel,github.com/datasets/oil-prices
1999-09-17,wti,24.72,USD per barrel,github.com/datasets/oil-prices
1999-09-20,wti,24.32,USD per barrel,github.com/datasets/oil-prices
1999-09-21,wti,24.48,USD per barrel,github.com/datasets/oil-prices
1999-09-22,wti,24.26,USD per barrel,github.com/datasets/oil-prices
1999-09-23,wti,24.76,USD per barrel,github.com/datasets/oil-prices
1999-09-29,wti,24.69,USD per barrel,github.com/datasets/oil-prices
1999-09-30,wti,24.54,USD per barrel,github.com/datasets/oil-prices
1999-10-01,wti,24.51,USD per barrel,github.com/datasets/oil-prices
1999-10-08,wti,20.81,USD per barrel,github.com/datasets/oil-prices
1999-10-11,wti,21.58,USD per barrel,github.com/datasets/oil-prices
1999-10-14,wti,22.46,USD per barrel,github.com/datasets/oil-prices
1999-10-15,wti,22.81,USD per barrel,github.com/datasets/oil-prices
1999-10-19,wti,22.36,USD per barrel,github.com/datasets/oil-prices
1999-10-21,wti,22.74,USD per barrel,github.com/datasets/oil-prices
1999-10-26,wti,23.17,USD per barrel,github.com/datasets/oil-prices
1999-10-29,wti,21.79,USD per barrel,github.com/datasets/oil-prices
1999-11-02,wti,22.49,USD per barrel,github.com/datasets/oil-prices
1999-11-04,wti,23.17,USD per barrel,github.com/datasets/oil-prices
1999-11-05,wti,22.93,USD per barrel,github.com/datasets/oil-prices
1999-11-08,wti,23.28,USD per barrel,github.com/datasets/oil-prices
1999-11-09,wti,24.21,USD per barrel,github.com/datasets/oil-prices
1999-11-10,wti,24.37,USD per barrel,github.com/datasets/oil-prices
1999-11-12,wti,24.91,USD per barrel,github.com/datasets/oil-prices
1999-11-15,wti,25.31,USD per barrel,github.com/datasets/oil-prices
1999-11-16,wti,26.04,USD per barrel,github.com/datasets/oil-prices
1999-11-17,wti,26.57,USD per barrel,github.com/datasets/oil-prices
1999-11-18,wti,25.71,USD per barrel,github.com/datasets/oil-prices
1999-11-19,wti,26.61,USD per barrel,github.com/datasets/oil-prices
1999-11-22,wti,28.03,USD per barrel,github.com/datasets/oil-prices
1999-11-23,wti,26.91,USD per barrel,github.com/datasets/oil-prices
1999-11-24,wti,27.22,USD per barrel,github.com/datasets/oil-prices
1999-11-26,wti,27.22,USD per barrel,github.com/datasets/oil-prices
1999-11-29,wti,25.84,USD per barrel,github.com/datasets/oil-prices
1999-11-30,wti,24.87,USD per barrel,github.com/datasets/oil-prices
1999-12-01,wti,25.01,USD per barrel,github.com/datasets/oil-prices
1999-12-02,wti,25.88,USD per barrel,github.com/datasets/oil-prices
1999-12-03,wti,25.71,USD per barrel,github.com/datasets/oil-prices
1999-12-06,wti,26.67,USD per barrel,github.com/datasets/oil-prices
1999-12-07,wti,26.36,USD per barrel,github.com/datasets/oil-prices
1999-12-08,wti,26.69,USD per barrel,github.com/datasets/oil-prices
1999-12-09,wti,26.0,USD per barrel,github.com/datasets/oil-prices
1999-12-10,wti,25.21,USD per barrel,github.com/datasets/oil-prices
1999-12-13,wti,25.37,USD per barrel,github.com/datasets/oil-prices
1999-12-15,wti,26.28,USD per barrel,github.com/datasets/oil-prices
1999-12-16,wti,26.74,USD per barrel,github.com/datasets/oil-prices
1999-12-17,wti,26.76,USD per barrel,github.com/datasets/oil-prices
1999-12-20,wti,26.55,USD per barrel,github.com/datasets/oil-prices
1999-12-22,wti,25.51,USD per barrel,github.com/datasets/oil-prices
1999-12-27,wti,26.36,USD per barrel,github.com/datasets/oil-prices
1999-12-28,wti,26.81,USD per barrel,github.com/datasets/oil-prices
1999-12-29,wti,26.41,USD per barrel,github.com/datasets/oil-prices
1999-12-30,wti,25.76,USD per barrel,github.com/datasets/oil-prices
2000-01-04,wti,25.56,USD per barrel,github.com/datasets/oil-prices
2000-01-05,wti,24.65,USD per barrel,github.com/datasets/oil-prices
2000-01-06,wti,24.79,USD per barrel,github.com/datasets/oil-prices
2000-01-07,wti,24.79,USD per barrel,github.com/datasets/oil-prices
2000-01-10,wti,24.71,USD per barrel,github.com/datasets/oil-prices
2000-01-11,wti,25.69,USD per barrel,github.com/datasets/oil-prices
2000-01-12,wti,26.3,USD per barrel,github.com/datasets/oil-prices
2000-01-14,wti,28.01,USD per barrel,github.com/datasets/oil-prices
2000-01-18,wti,28.98,USD per barrel,github.com/datasets/oil-prices
2000-01-19,wti,29.11,USD per barrel,github.com/datasets/oil-prices
2000-01-20,wti,29.67,USD per barrel,github.com/datasets/oil-prices
2000-01-21,wti,29.71,USD per barrel,github.com/datasets/oil-prices
2000-01-24,wti,29.25,USD per barrel,github.com/datasets/oil-prices
2000-01-25,wti,30.28,USD per barrel,github.com/datasets/oil-prices
2000-01-27,wti,27.22,USD per barrel,github.com/datasets/oil-prices
2000-01-28,wti,27.27,USD per barrel,github.com/datasets/oil-prices
2000-01-31,wti,27.65,USD per barrel,github.com/datasets/oil-prices
2000-02-01,wti,28.28,USD per barrel,github.com/datasets/oil-prices
2000-02-02,wti,27.52,USD per barrel,github.com/datasets/oil-prices
2000-02-03,wti,28.26,USD per barrel,github.com/datasets/oil-prices
2000-02-04,wti,28.67,USD per barrel,github.com/datasets/oil-prices
2000-02-08,wti,28.05,USD per barrel,github.com/datasets/oil-prices
2000-02-09,wti,28.71,USD per barrel,github.com/datasets/oil-prices
2000-02-10,wti,29.49,USD per barrel,github.com/datasets/oil-prices
2000-02-11,wti,29.51,USD per barrel,github.com/datasets/oil-prices
2000-02-14,wti,30.3,USD per barrel,github.com/datasets/oil-prices
2000-02-15,wti,30.17,USD per barrel,github.com/datasets/oil-prices
2000-02-16,wti,30.01,USD per barrel,github.com/datasets/oil-prices
2000-02-17,wti,29.37,USD per barrel,github.com/datasets/oil-prices
2000-02-18,wti,29.51,USD per barrel,github.com/datasets/oil-prices
2000-02-22,wti,29.63,USD per barrel,github.com/datasets/oil-prices
2000-02-23,wti,30.19,USD per barrel,github.com/datasets/oil-prices
2000-02-24,wti,30.23,USD per barrel,github.com/datasets/oil-prices
2000-02-25,wti,30.34,USD per barrel,github.com/datasets/oil-prices
2000-02-28,wti,30.11,USD per barrel,github.com/datasets/oil-prices
2000-02-29,wti,30.57,USD per barrel,github.com/datasets/oil-prices
2000-03-01,wti,31.71,USD per barrel,github.com/datasets/oil-prices
2000-03-02,wti,31.51,USD per barrel,github.com/datasets/oil-prices
2000-03-03,wti,31.46,USD per barrel,github.com/datasets/oil-prices
2000-03-06,wti,32.19,USD per barrel,github.com/datasets/oil-prices
2000-03-07,wti,33.9,USD per barrel,github.com/datasets/oil-prices
2000-03-08,wti,31.22,USD per barrel,github.com/datasets/oil-prices
2000-03-09,wti,31.61,USD per barrel,github.com/datasets/oil-prices
2000-03-10,wti,31.76,USD per barrel,github.com/datasets/oil-prices
2000-03-13,wti,32.11,USD per barrel,github.com/datasets/oil-prices
2000-03-14,wti,31.93,USD per barrel,github.com/datasets/oil-prices
2000-03-15,wti,30.47,USD per barrel,github.com/datasets/oil-prices
2000-03-16,wti,31.1,USD per barrel,github.com/datasets/oil-prices
2000-03-17,wti,30.86,USD per barrel,github.com/datasets/oil-prices
2000-03-20,wti,29.33,USD per barrel,github.com/datasets/oil-prices
2000-03-21,wti,28.01,USD per barrel,github.com/datasets/oil-prices
2000-03-22,wti,27.28,USD per barrel,github.com/datasets/oil-prices
2000-03-23,wti,27.47,USD per barrel,github.com/datasets/oil-prices
2000-03-24,wti,27.86,USD per barrel,github.com/datasets/oil-prices
2000-03-27,wti,27.59,USD per barrel,github.com/datasets/oil-prices
2000-03-30,wti,26.67,USD per barrel,github.com/datasets/oil-prices
2000-04-04,wti,25.46,USD per barrel,github.com/datasets/oil-prices
2000-04-06,wti,25.51,USD per barrel,github.com/datasets/oil-prices
2000-04-07,wti,24.97,USD per barrel,github.com/datasets/oil-prices
2000-04-10,wti,23.91,USD per barrel,github.com/datasets/oil-prices
2000-04-11,wti,24.17,USD per barrel,github.com/datasets/oil-prices
2000-04-12,wti,25.49,USD per barrel,github.com/datasets/oil-prices
2000-04-13,wti,25.29,USD per barrel,github.com/datasets/oil-prices
2000-04-14,wti,25.48,USD per barrel,github.com/datasets/oil-prices
2000-04-17,wti,26.06,USD per barrel,github.com/datasets/oil-prices
2000-04-18,wti,25.92,USD per barrel,github.com/datasets/oil-prices
2000-04-19,wti,27.38,USD per barrel,github.com/datasets/oil-prices
2000-04-20,wti,27.29,USD per barrel,github.com/datasets/oil-prices
2000-04-24,wti,27.41,USD per barrel,github.com/datasets/oil-prices
2000-04-25,wti,26.41,USD per barrel,github.com/datasets/oil-prices
2000-04-26,wti,24.69,USD per barrel,github.com/datasets/oil-prices
2000-04-27,wti,25.53,USD per barrel,github.com/datasets/oil-prices
2000-04-28,wti,25.71,USD per barrel,github.com/datasets/oil-prices
2000-05-01,wti,25.84,USD per barrel,github.com/datasets/oil-prices
2000-05-02,wti,26.86,USD per barrel,github.com/datasets/oil-prices
2000-05-04,wti,27.08,USD per barrel,github.com/datasets/oil-prices
2000-05-05,wti,27.37,USD per barrel,github.com/datasets/oil-prices
2000-05-08,wti,28.05,USD per barrel,github.com/datasets/oil-prices
2000-05-09,wti,28.46,USD per barrel,github.com/datasets/oil-prices
2000-05-10,wti,28.1,USD per barrel,github.com/datasets/oil-prices
2000-05-11,wti,29.25,USD per barrel,github.com/datasets/oil-prices
2000-05-12,wti,29.64,USD per barrel,github.com/datasets/oil-prices
2000-05-15,wti,29.95,USD per barrel,github.com/datasets/oil-prices
2000-05-16,wti,29.76,USD per barrel,github.com/datasets/oil-prices
2000-05-17,wti,29.38,USD per barrel,github.com/datasets/oil-prices
2000-05-18,wti,30.28,USD per barrel,github.com/datasets/oil-prices
2000-05-19,wti,30.02,USD per barrel,github.com/datasets/oil-prices
2000-05-22,wti,28.62,USD per barrel,github.com/datasets/oil-prices
2000-05-23,wti,28.61,USD per barrel,github.com/datasets/oil-prices
2000-05-24,wti,29.89,USD per barrel,github.com/datasets/oil-prices
2000-05-25,wti,30.43,USD per barrel,github.com/datasets/oil-prices
2000-05-26,wti,29.76,USD per barrel,github.com/datasets/oil-prices
2000-05-30,wti,30.36,USD per barrel,github.com/datasets/oil-prices
2000-05-31,wti,29.03,USD per barrel,github.com/datasets/oil-prices
2000-06-01,wti,30.19,USD per barrel,github.com/datasets/oil-prices
2000-06-02,wti,30.34,USD per barrel,github.com/datasets/oil-prices
2000-06-05,wti,29.87,USD per barrel,github.com/datasets/oil-prices
2000-06-06,wti,29.78,USD per barrel,github.com/datasets/oil-prices
2000-06-07,wti,29.29,USD per barrel,github.com/datasets/oil-prices
2000-06-08,wti,29.78,USD per barrel,github.com/datasets/oil-prices
2000-06-09,wti,30.22,USD per barrel,github.com/datasets/oil-prices
2000-06-12,wti,31.76,USD per barrel,github.com/datasets/oil-prices
2000-06-13,wti,32.73,USD per barrel,github.com/datasets/oil-prices
2000-06-15,wti,32.7,USD per barrel,github.com/datasets/oil-prices
2000-06-16,wti,32.35,USD per barrel,github.com/datasets/oil-prices
2000-06-19,wti,31.57,USD per barrel,github.com/datasets/oil-prices
2000-06-20,wti,33.07,USD per barrel,github.com/datasets/oil-prices
2000-06-21,wti,33.64,USD per barrel,github.com/datasets/oil-prices
2000-06-22,wti,34.72,USD per barrel,github.com/datasets/oil-prices
2000-06-23,wti,34.76,USD per barrel,github.com/datasets/oil-prices
2000-06-26,wti,31.56,USD per barrel,github.com/datasets/oil-prices
2000-06-27,wti,32.01,USD per barrel,github.com/datasets/oil-prices
2000-06-28,wti,31.86,USD per barrel,github.com/datasets/oil-prices
2000-06-29,wti,32.73,USD per barrel,github.com/datasets/oil-prices
2000-06-30,wti,32.44,USD per barrel,github.com/datasets/oil-prices
2000-07-06,wti,30.19,USD per barrel,github.com/datasets/oil-prices
2000-07-07,wti,30.26,USD per barrel,github.com/datasets/oil-prices
2000-07-10,wti,29.51,USD per barrel,github.com/datasets/oil-prices
2000-07-12,wti,30.34,USD per barrel,github.com/datasets/oil-prices
2000-07-13,wti,31.41,USD per barrel,github.com/datasets/oil-prices
2000-07-17,wti,30.71,USD per barrel,github.com/datasets/oil-prices
2000-07-18,wti,31.94,USD per barrel,github.com/datasets/oil-prices
2000-07-19,wti,31.1,USD per barrel,github.com/datasets/oil-prices
2000-07-20,wti,30.94,USD per barrel,github.com/datasets/oil-prices
2000-07-21,wti,28.56,USD per barrel,github.com/datasets/oil-prices
2000-07-25,wti,27.89,USD per barrel,github.com/datasets/oil-prices
2000-07-27,wti,28.21,USD per barrel,github.com/datasets/oil-prices
2000-07-28,wti,28.22,USD per barrel,github.com/datasets/oil-prices
2000-08-01,wti,27.85,USD per barrel,github.com/datasets/oil-prices
2000-08-02,wti,28.27,USD per barrel,github.com/datasets/oil-prices
2000-08-03,wti,28.92,USD per barrel,github.com/datasets/oil-prices
2000-08-04,wti,29.94,USD per barrel,github.com/datasets/oil-prices
2000-08-07,wti,28.93,USD per barrel,github.com/datasets/oil-prices
2000-08-08,wti,29.26,USD per barrel,github.com/datasets/oil-prices
2000-08-09,wti,30.38,USD per barrel,github.com/datasets/oil-prices
2000-08-10,wti,31.09,USD per barrel,github.com/datasets/oil-prices
2000-08-11,wti,31.02,USD per barrel,github.com/datasets/oil-prices
2000-08-14,wti,31.92,USD per barrel,github.com/datasets/oil-prices
2000-08-15,wti,31.43,USD per barrel,github.com/datasets/oil-prices
2000-08-17,wti,31.88,USD per barrel,github.com/datasets/oil-prices
2000-08-18,wti,31.97,USD per barrel,github.com/datasets/oil-prices
2000-08-21,wti,32.42,USD per barrel,github.com/datasets/oil-prices
2000-08-22,wti,31.24,USD per barrel,github.com/datasets/oil-prices
2000-08-23,wti,31.23,USD per barrel,github.com/datasets/oil-prices
2000-08-24,wti,33.41,USD per barrel,github.com/datasets/oil-prices
2000-08-25,wti,34.01,USD per barrel,github.com/datasets/oil-prices
2000-08-28,wti,32.92,USD per barrel,github.com/datasets/oil-prices
2000-08-29,wti,32.73,USD per barrel,github.com/datasets/oil-prices
2000-08-30,wti,33.25,USD per barrel,github.com/datasets/oil-prices
2000-08-31,wti,33.09,USD per barrel,github.com/datasets/oil-prices
2000-09-01,wti,33.42,USD per barrel,github.com/datasets/oil-prices
2000-09-05,wti,33.92,USD per barrel,github.com/datasets/oil-prices
2000-09-06,wti,34.97,USD per barrel,github.com/datasets/oil-prices
2000-09-07,wti,35.18,USD per barrel,github.com/datasets/oil-prices
2000-09-08,wti,33.62,USD per barrel,github.com/datasets/oil-prices
2000-09-11,wti,35.14,USD per barrel,github.com/datasets/oil-prices
2000-09-12,wti,34.25,USD per barrel,github.com/datasets/oil-prices
2000-09-13,wti,33.87,USD per barrel,github.com/datasets/oil-prices
2000-09-14,wti,34.37,USD per barrel,github.com/datasets/oil-prices
2000-09-15,wti,35.87,USD per barrel,github.com/datasets/oil-prices
2000-09-18,wti,36.75,USD per barrel,github.com/datasets/oil-prices
2000-09-19,wti,36.96,USD per barrel,github.com/datasets/oil-prices
2000-09-20,wti,37.22,USD per barrel,github.com/datasets/oil-prices
2000-09-21,wti,33.84,USD per barrel,github.com/datasets/oil-prices
2000-09-22,wti,32.66,USD per barrel,github.com/datasets/oil-prices
2000-09-26,wti,31.78,USD per barrel,github.com/datasets/oil-prices
2000-09-28,wti,30.26,USD per barrel,github.com/datasets/oil-prices
2000-09-29,wti,30.87,USD per barrel,github.com/datasets/oil-prices
2000-10-03,wti,31.86,USD per barrel,github.com/datasets/oil-prices
2000-10-04,wti,30.91,USD per barrel,github.com/datasets/oil-prices
2000-10-06,wti,30.86,USD per barrel,github.com/datasets/oil-prices
2000-10-09,wti,31.98,USD per barrel,github.com/datasets/oil-prices
2000-10-11,wti,33.2,USD per barrel,github.com/datasets/oil-prices
2000-10-13,wti,34.96,USD per barrel,github.com/datasets/oil-prices
2000-10-16,wti,33.18,USD per barrel,github.com/datasets/oil-prices
2000-10-17,wti,33.36,USD per barrel,github.com/datasets/oil-prices
2000-10-18,wti,33.51,USD per barrel,github.com/datasets/oil-prices
2000-10-20,wti,34.31,USD per barrel,github.com/datasets/oil-prices
2000-10-24,wti,34.53,USD per barrel,github.com/datasets/oil-prices
2000-10-25,wti,33.62,USD per barrel,github.com/datasets/oil-prices
2000-10-26,wti,33.75,USD per barrel,github.com/datasets/oil-prices
2000-10-27,wti,32.78,USD per barrel,github.com/datasets/oil-prices
2000-10-31,wti,32.7,USD per barrel,github.com/datasets/oil-prices
2000-11-01,wti,33.14,USD per barrel,github.com/datasets/oil-prices
2000-11-02,wti,32.59,USD per barrel,github.com/datasets/oil-prices
2000-11-03,wti,32.62,USD per barrel,github.com/datasets/oil-prices
2000-11-06,wti,33.02,USD per barrel,github.com/datasets/oil-prices
2000-11-07,wti,33.44,USD per barrel,github.com/datasets/oil-prices
2000-11-08,wti,32.92,USD per barrel,github.com/datasets/oil-prices
2000-11-09,wti,33.87,USD per barrel,github.com/datasets/oil-prices
2000-11-10,wti,34.05,USD per barrel,github.com/datasets/oil-prices
2000-11-13,wti,34.3,USD per barrel,github.com/datasets/oil-prices
2000-11-14,wti,34.72,USD per barrel,github.com/datasets/oil-prices
2000-11-15,wti,35.54,USD per barrel,github.com/datasets/oil-prices
2000-11-16,wti,34.84,USD per barrel,github.com/datasets/oil-prices
2000-11-17,wti,35.62,USD per barrel,github.com/datasets/oil-prices
2000-11-20,wti,35.98,USD per barrel,github.com/datasets/oil-prices
2000-11-21,wti,35.54,USD per barrel,github.com/datasets/oil-prices
2000-11-22,wti,36.06,USD per barrel,github.com/datasets/oil-prices
2000-11-27,wti,36.24,USD per barrel,github.com/datasets/oil-prices
2000-11-28,wti,34.02,USD per barrel,github.com/datasets/oil-prices
2000-11-29,wti,34.58,USD per barrel,github.com/datasets/oil-prices
2000-11-30,wti,33.61,USD per barrel,github.com/datasets/oil-prices
2000-12-01,wti,32.06,USD per barrel,github.com/datasets/oil-prices
2000-12-04,wti,31.28,USD per barrel,github.com/datasets/oil-prices
2000-12-05,wti,29.25,USD per barrel,github.com/datasets/oil-prices
2000-12-06,wti,30.24,USD per barrel,github.com/datasets/oil-prices
2000-12-07,wti,29.36,USD per barrel,github.com/datasets/oil-prices
2000-12-08,wti,28.31,USD per barrel,github.com/datasets/oil-prices
2000-12-11,wti,29.75,USD per barrel,github.com/datasets/oil-prices
2000-12-12,wti,29.81,USD per barrel,github.com/datasets/oil-prices
2000-12-14,wti,28.06,USD per barrel,github.com/datasets/oil-prices
2000-12-15,wti,28.86,USD per barrel,github.com/datasets/oil-prices
2000-12-18,wti,29.52,USD per barrel,github.com/datasets/oil-prices
2000-12-19,wti,29.34,USD per barrel,github.com/datasets/oil-prices
2000-12-20,wti,25.83,USD per barrel,github.com/datasets/oil-prices
2000-12-21,wti,26.06,USD per barrel,github.com/datasets/oil-prices
2000-12-27,wti,26.55,USD per barrel,github.com/datasets/oil-prices
2000-12-28,wti,25.82,USD per barrel,github.com/datasets/oil-prices
2000-12-29,wti,26.72,USD per barrel,github.com/datasets/oil-prices
2001-01-02,wti,27.29,USD per barrel,github.com/datasets/oil-prices
2001-01-03,wti,27.93,USD per barrel,github.com/datasets/oil-prices
2001-01-04,wti,27.95,USD per barrel,github.com/datasets/oil-prices
2001-01-05,wti,28.02,USD per barrel,github.com/datasets/oil-prices
2001-01-08,wti,27.44,USD per barrel,github.com/datasets/oil-prices
2001-01-09,wti,27.72,USD per barrel,github.com/datasets/oil-prices
2001-01-10,wti,29.42,USD per barrel,github.com/datasets/oil-prices
2001-01-11,wti,29.42,USD per barrel,github.com/datasets/oil-prices
2001-01-12,wti,30.07,USD per barrel,github.com/datasets/oil-prices
2001-01-16,wti,30.19,USD per barrel,github.com/datasets/oil-prices
2001-01-17,wti,29.77,USD per barrel,github.com/datasets/oil-prices
2001-01-18,wti,30.42,USD per barrel,github.com/datasets/oil-prices
2001-01-19,wti,32.12,USD per barrel,github.com/datasets/oil-prices
2001-01-22,wti,32.21,USD per barrel,github.com/datasets/oil-prices
2001-01-23,wti,31.66,USD per barrel,github.com/datasets/oil-prices
2001-01-24,wti,31.46,USD per barrel,github.com/datasets/oil-prices
2001-01-25,wti,31.61,USD per barrel,github.com/datasets/oil-prices
2001-01-30,wti,29.12,USD per barrel,github.com/datasets/oil-prices
2001-01-31,wti,28.62,USD per barrel,github.com/datasets/oil-prices
2001-02-01,wti,29.88,USD per barrel,github.com/datasets/oil-prices
2001-02-02,wti,31.27,USD per barrel,github.com/datasets/oil-prices
2001-02-05,wti,30.55,USD per barrel,github.com/datasets/oil-prices
2001-02-06,wti,30.27,USD per barrel,github.com/datasets/oil-prices
2001-02-07,wti,31.27,USD per barrel,github.com/datasets/oil-prices
2001-02-08,wti,31.57,USD per barrel,github.com/datasets/oil-prices
2001-02-09,wti,30.93,USD per barrel,github.com/datasets/oil-prices
2001-02-12,wti,30.52,USD per barrel,github.com/datasets/oil-prices
2001-02-13,wti,30.12,USD per barrel,github.com/datasets/oil-prices
2001-02-14,wti,29.55,USD per barrel,github.com/datasets/oil-prices
2001-02-15,wti,28.96,USD per barrel,github.com/datasets/oil-prices
2001-02-16,wti,29.22,USD per barrel,github.com/datasets/oil-prices
2001-02-20,wti,28.6,USD per barrel,github.com/datasets/oil-prices
2001-02-21,wti,28.64,USD per barrel,github.com/datasets/oil-prices
2001-02-22,wti,28.52,USD per barrel,github.com/datasets/oil-prices
2001-02-23,wti,28.83,USD per barrel,github.com/datasets/oil-prices
2001-02-26,wti,28.27,USD per barrel,github.com/datasets/oil-prices
2001-02-27,wti,28.26,USD per barrel,github.com/datasets/oil-prices
2001-02-28,wti,27.35,USD per barrel,github.com/datasets/oil-prices
2001-03-01,wti,27.78,USD per barrel,github.com/datasets/oil-prices
2001-03-02,wti,27.89,USD per barrel,github.com/datasets/oil-prices
2001-03-05,wti,28.61,USD per barrel,github.com/datasets/oil-prices
2001-03-06,wti,28.4,USD per barrel,github.com/datasets/oil-prices
2001-03-07,wti,28.95,USD per barrel,github.com/datasets/oil-prices
2001-03-08,wti,28.31,USD per barrel,github.com/datasets/oil-prices
2001-03-09,wti,27.97,USD per barrel,github.com/datasets/oil-prices
2001-03-12,wti,27.91,USD per barrel,github.com/datasets/oil-prices
2001-03-13,wti,27.45,USD per barrel,github.com/datasets/oil-prices
2001-03-14,wti,26.49,USD per barrel,github.com/datasets/oil-prices
2001-03-15,wti,26.56,USD per barrel,github.com/datasets/oil-prices
2001-03-16,wti,26.68,USD per barrel,github.com/datasets/oil-prices
2001-03-19,wti,26.17,USD per barrel,github.com/datasets/oil-prices
2001-03-20,wti,25.99,USD per barrel,github.com/datasets/oil-prices
2001-03-21,wti,26.43,USD per barrel,github.com/datasets/oil-prices
2001-03-22,wti,26.19,USD per barrel,github.com/datasets/oil-prices
2001-03-23,wti,27.31,USD per barrel,github.com/datasets/oil-prices
2001-03-26,wti,27.4,USD per barrel,github.com/datasets/oil-prices
2001-03-27,wti,27.62,USD per barrel,github.com/datasets/oil-prices
2001-03-28,wti,26.43,USD per barrel,github.com/datasets/oil-prices
2001-03-29,wti,26.47,USD per barrel,github.com/datasets/oil-prices
2001-03-30,wti,26.37,USD per barrel,github.com/datasets/oil-prices
2001-04-03,wti,26.65,USD per barrel,github.com/datasets/oil-prices
2001-04-04,wti,27.16,USD per barrel,github.com/datasets/oil-prices
2001-04-05,wti,27.24,USD per barrel,github.com/datasets/oil-prices
2001-04-06,wti,27.07,USD per barrel,github.com/datasets/oil-prices
2001-04-09,wti,27.45,USD per barrel,github.com/datasets/oil-prices
2001-04-10,wti,28.47,USD per barrel,github.com/datasets/oil-prices
2001-04-11,wti,28.42,USD per barrel,github.com/datasets/oil-prices
2001-04-12,wti,28.75,USD per barrel,github.com/datasets/oil-prices
2001-04-16,wti,28.81,USD per barrel,github.com/datasets/oil-prices
2001-04-17,wti,27.89,USD per barrel,github.com/datasets/oil-prices
2001-04-18,wti,27.83,USD per barrel,github.com/datasets/oil-prices
2001-04-19,wti,27.92,USD per barrel,github.com/datasets/oil-prices
2001-04-23,wti,26.97,USD per barrel,github.com/datasets/oil-prices
2001-04-24,wti,25.24,USD per barrel,github.com/datasets/oil-prices
2001-04-25,wti,25.93,USD per barrel,github.com/datasets/oil-prices
2001-04-27,wti,28.35,USD per barrel,github.com/datasets/oil-prices
2001-04-30,wti,28.48,USD per barrel,github.com/datasets/oil-prices
2001-05-01,wti,28.37,USD per barrel,github.com/datasets/oil-prices
2001-05-02,wti,27.89,USD per barrel,github.com/datasets/oil-prices
2001-05-03,wti,28.66,USD per barrel,github.com/datasets/oil-prices
2001-05-08,wti,27.35,USD per barrel,github.com/datasets/oil-prices
2001-05-09,wti,28.39,USD per barrel,github.com/datasets/oil-prices
2001-05-10,wti,28.5,USD per barrel,github.com/datasets/oil-prices
2001-05-11,wti,28.59,USD per barrel,github.com/datasets/oil-prices
2001-05-14,wti,28.83,USD per barrel,github.com/datasets/oil-prices
2001-05-15,wti,28.9,USD per barrel,github.com/datasets/oil-prices
2001-05-16,wti,28.77,USD per barrel,github.com/datasets/oil-prices
2001-05-17,wti,29.02,USD per barrel,github.com/datasets/oil-prices
2001-05-18,wti,29.9,USD per barrel,github.com/datasets/oil-prices
2001-05-21,wti,29.96,USD per barrel,github.com/datasets/oil-prices
2001-05-22,wti,29.75,USD per barrel,github.com/datasets/oil-prices
2001-05-23,wti,28.85,USD per barrel,github.com/datasets/oil-prices
2001-05-24,wti,27.97,USD per barrel,github.com/datasets/oil-prices
2001-05-25,wti,28.08,USD per barrel,github.com/datasets/oil-prices
2001-05-29,wti,28.76,USD per barrel,github.com/datasets/oil-prices
2001-05-30,wti,28.71,USD per barrel,github.com/datasets/oil-prices
2001-05-31,wti,28.39,USD per barrel,github.com/datasets/oil-prices
2001-06-04,wti,28.14,USD per barrel,github.com/datasets/oil-prices
2001-06-06,wti,27.56,USD per barrel,github.com/datasets/oil-prices
2001-06-07,wti,27.91,USD per barrel,github.com/datasets/oil-prices
2001-06-08,wti,28.43,USD per barrel,github.com/datasets/oil-prices
2001-06-11,wti,28.94,USD per barrel,github.com/datasets/oil-prices
2001-06-12,wti,29.13,USD per barrel,github.com/datasets/oil-prices
2001-06-13,wti,28.81,USD per barrel,github.com/datasets/oil-prices
2001-06-14,wti,29.12,USD per barrel,github.com/datasets/oil-prices
2001-06-15,wti,28.52,USD per barrel,github.com/datasets/oil-prices
2001-06-18,wti,27.55,USD per barrel,github.com/datasets/oil-prices
2001-06-19,wti,27.49,USD per barrel,github.com/datasets/oil-prices
2001-06-20,wti,26.52,USD per barrel,github.com/datasets/oil-prices
2001-06-21,wti,26.85,USD per barrel,github.com/datasets/oil-prices
2001-06-22,wti,27.02,USD per barrel,github.com/datasets/oil-prices
2001-06-25,wti,27.11,USD per barrel,github.com/datasets/oil-prices
2001-06-26,wti,26.97,USD per barrel,github.com/datasets/oil-prices
2001-06-27,wti,25.67,USD per barrel,github.com/datasets/oil-prices
2001-06-28,wti,25.75,USD per barrel,github.com/datasets/oil-prices
2001-06-29,wti,26.37,USD per barrel,github.com/datasets/oil-prices
2001-07-02,wti,26.02,USD per barrel,github.com/datasets/oil-prices
2001-07-03,wti,26.28,USD per barrel,github.com/datasets/oil-prices
2001-07-05,wti,27.07,USD per barrel,github.com/datasets/oil-prices
2001-07-06,wti,28.1,USD per barrel,github.com/datasets/oil-prices
2001-07-09,wti,27.63,USD per barrel,github.com/datasets/oil-prices
2001-07-10,wti,27.22,USD per barrel,github.com/datasets/oil-prices
2001-07-11,wti,27.07,USD per barrel,github.com/datasets/oil-prices
2001-07-12,wti,26.85,USD per barrel,github.com/datasets/oil-prices
2001-07-13,wti,26.57,USD per barrel,github.com/datasets/oil-prices
2001-07-16,wti,26.02,USD per barrel,github.com/datasets/oil-prices
2001-07-18,wti,24.65,USD per barrel,github.com/datasets/oil-prices
2001-07-20,wti,25.67,USD per barrel,github.com/datasets/oil-prices
2001-07-23,wti,25.88,USD per barrel,github.com/datasets/oil-prices
2001-07-24,wti,26.18,USD per barrel,github.com/datasets/oil-prices
2001-07-26,wti,26.74,USD per barrel,github.com/datasets/oil-prices
2001-07-27,wti,26.98,USD per barrel,github.com/datasets/oil-prices
2001-07-30,wti,26.6,USD per barrel,github.com/datasets/oil-prices
2001-07-31,wti,26.7,USD per barrel,github.com/datasets/oil-prices
2001-08-01,wti,26.83,USD per barrel,github.com/datasets/oil-prices
2001-08-02,wti,27.86,USD per barrel,github.com/datasets/oil-prices
2001-08-03,wti,27.51,USD per barrel,github.com/datasets/oil-prices
2001-08-06,wti,27.7,USD per barrel,github.com/datasets/oil-prices
2001-08-07,wti,28.17,USD per barrel,github.com/datasets/oil-prices
2001-08-08,wti,27.62,USD per barrel,github.com/datasets/oil-prices
2001-08-09,wti,27.72,USD per barrel,github.com/datasets/oil-prices
2001-08-10,wti,28.12,USD per barrel,github.com/datasets/oil-prices
2001-08-13,wti,27.85,USD per barrel,github.com/datasets/oil-prices
2001-08-14,wti,28.1,USD per barrel,github.com/datasets/oil-prices
2001-08-15,wti,27.51,USD per barrel,github.com/datasets/oil-prices
2001-08-16,wti,27.47,USD per barrel,github.com/datasets/oil-prices
2001-08-17,wti,26.65,USD per barrel,github.com/datasets/oil-prices
2001-08-20,wti,27.2,USD per barrel,github.com/datasets/oil-prices
2001-08-21,wti,27.93,USD per barrel,github.com/datasets/oil-prices
2001-08-22,wti,27.17,USD per barrel,github.com/datasets/oil-prices
2001-08-23,wti,25.63,USD per barrel,github.com/datasets/oil-prices
2001-08-24,wti,28.34,USD per barrel,github.com/datasets/oil-prices
2001-08-27,wti,26.69,USD per barrel,github.com/datasets/oil-prices
2001-08-28,wti,27.16,USD per barrel,github.com/datasets/oil-prices
2001-08-29,wti,27.07,USD per barrel,github.com/datasets/oil-prices
2001-08-30,wti,26.65,USD per barrel,github.com/datasets/oil-prices
2001-08-31,wti,26.65,USD per barrel,github.com/datasets/oil-prices
2001-09-04,wti,26.94,USD per barrel,github.com/datasets/oil-prices
2001-09-05,wti,27.03,USD per barrel,github.com/datasets/oil-prices
2001-09-06,wti,27.54,USD per barrel,github.com/datasets/oil-prices
2001-09-07,wti,27.99,USD per barrel,github.com/datasets/oil-prices
2001-09-10,wti,27.66,USD per barrel,github.com/datasets/oil-prices
2001-09-11,wti,27.65,USD per barrel,github.com/datasets/oil-prices
2001-09-12,wti,27.64,USD per barrel,github.com/datasets/oil-prices
2001-09-13,wti,28.58,USD per barrel,github.com/datasets/oil-prices
2001-09-14,wti,29.59,USD per barrel,github.com/datasets/oil-prices
2001-09-17,wti,28.84,USD per barrel,github.com/datasets/oil-prices
2001-09-18,wti,27.81,USD per barrel,github.com/datasets/oil-prices
2001-09-19,wti,26.73,USD per barrel,github.com/datasets/oil-prices
2001-09-20,wti,26.6,USD per barrel,github.com/datasets/oil-prices
2001-09-24,wti,21.46,USD per barrel,github.com/datasets/oil-prices
2001-09-25,wti,21.63,USD per barrel,github.com/datasets/oil-prices
2001-09-27,wti,22.8,USD per barrel,github.com/datasets/oil-prices
2001-09-28,wti,23.44,USD per barrel,github.com/datasets/oil-prices
2001-10-01,wti,23.12,USD per barrel,github.com/datasets/oil-prices
2001-10-02,wti,22.7,USD per barrel,github.com/datasets/oil-prices
2001-10-03,wti,22.17,USD per barrel,github.com/datasets/oil-prices
2001-10-04,wti,22.7,USD per barrel,github.com/datasets/oil-prices
2001-10-05,wti,22.32,USD per barrel,github.com/datasets/oil-prices
2001-10-09,wti,22.55,USD per barrel,github.com/datasets/oil-prices
2001-10-11,wti,23.49,USD per barrel,github.com/datasets/oil-prices
2001-10-12,wti,22.49,USD per barrel,github.com/datasets/oil-prices
2001-10-15,wti,22.37,USD per barrel,github.com/datasets/oil-prices
2001-10-16,wti,22.01,USD per barrel,github.com/datasets/oil-prices
2001-10-17,wti,21.89,USD per barrel,github.com/datasets/oil-prices
2001-10-18,wti,21.33,USD per barrel,github.com/datasets/oil-prices
2001-10-19,wti,21.99,USD per barrel,github.com/datasets/oil-prices
2001-10-22,wti,21.78,USD per barrel,github.com/datasets/oil-prices
2001-10-23,wti,21.28,USD per barrel,github.com/datasets/oil-prices
2001-10-24,wti,22.0,USD per barrel,github.com/datasets/oil-prices
2001-10-25,wti,21.75,USD per barrel,github.com/datasets/oil-prices
2001-10-26,wti,22.07,USD per barrel,github.com/datasets/oil-prices
2001-10-29,wti,22.1,USD per barrel,github.com/datasets/oil-prices
2001-10-30,wti,21.83,USD per barrel,github.com/datasets/oil-prices
2001-10-31,wti,21.2,USD per barrel,github.com/datasets/oil-prices
2001-11-01,wti,20.47,USD per barrel,github.com/datasets/oil-prices
2001-11-02,wti,20.24,USD per barrel,github.com/datasets/oil-prices
2001-11-05,wti,20.0,USD per barrel,github.com/datasets/oil-prices
2001-11-06,wti,19.93,USD per barrel,github.com/datasets/oil-prices
2001-11-08,wti,21.21,USD per barrel,github.com/datasets/oil-prices
2001-11-09,wti,22.23,USD per barrel,github.com/datasets/oil-prices
2001-11-12,wti,21.26,USD per barrel,github.com/datasets/oil-prices
2001-11-13,wti,21.56,USD per barrel,github.com/datasets/oil-prices
2001-11-15,wti,17.5,USD per barrel,github.com/datasets/oil-prices
2001-11-16,wti,18.09,USD per barrel,github.com/datasets/oil-prices
2001-11-19,wti,17.74,USD per barrel,github.com/datasets/oil-prices
2001-11-21,wti,18.38,USD per barrel,github.com/datasets/oil-prices
2001-11-26,wti,18.69,USD per barrel,github.com/datasets/oil-prices
2001-11-27,wti,19.57,USD per barrel,github.com/datasets/oil-prices
2001-11-28,wti,19.37,USD per barrel,github.com/datasets/oil-prices
2001-11-30,wti,19.46,USD per barrel,github.com/datasets/oil-prices
2001-12-03,wti,20.27,USD per barrel,github.com/datasets/oil-prices
2001-12-04,wti,19.71,USD per barrel,github.com/datasets/oil-prices
2001-12-05,wti,19.62,USD per barrel,github.com/datasets/oil-prices
2001-12-06,wti,18.69,USD per barrel,github.com/datasets/oil-prices
2001-12-07,wti,19.08,USD per barrel,github.com/datasets/oil-prices
2001-12-10,wti,18.32,USD per barrel,github.com/datasets/oil-prices
2001-12-11,wti,18.04,USD per barrel,github.com/datasets/oil-prices
2001-12-13,wti,18.2,USD per barrel,github.com/datasets/oil-prices
2001-12-17,wti,19.28,USD per barrel,github.com/datasets/oil-prices
2001-12-18,wti,19.38,USD per barrel,github.com/datasets/oil-prices
2001-12-19,wti,19.37,USD per barrel,github.com/datasets/oil-prices
2001-12-20,wti,18.67,USD per barrel,github.com/datasets/oil-prices
2001-12-21,wti,19.3,USD per barrel,github.com/datasets/oil-prices
2001-12-26,wti,21.32,USD per barrel,github.com/datasets/oil-prices
2001-12-27,wti,21.07,USD per barrel,github.com/datasets/oil-prices
2001-12-28,wti,20.42,USD per barrel,github.com/datasets/oil-prices
2001-12-31,wti,19.96,USD per barrel,github.com/datasets/oil-prices
2002-01-02,wti,21.13,USD per barrel,github.com/datasets/oil-prices
2002-01-04,wti,21.47,USD per barrel,github.com/datasets/oil-prices
2002-01-07,wti,21.42,USD per barrel,github.com/datasets/oil-prices
2002-01-09,wti,20.32,USD per barrel,github.com/datasets/oil-prices
2002-01-10,wti,20.48,USD per barrel,github.com/datasets/oil-prices
2002-01-11,wti,19.67,USD per barrel,github.com/datasets/oil-prices
2002-01-15,wti,18.99,USD per barrel,github.com/datasets/oil-prices
2002-01-16,wti,18.96,USD per barrel,github.com/datasets/oil-prices
2002-01-17,wti,18.2,USD per barrel,github.com/datasets/oil-prices
2002-01-18,wti,18.02,USD per barrel,github.com/datasets/oil-prices
2002-01-22,wti,18.36,USD per barrel,github.com/datasets/oil-prices
2002-01-23,wti,19.1,USD per barrel,github.com/datasets/oil-prices
2002-01-24,wti,19.57,USD per barrel,github.com/datasets/oil-prices
2002-01-25,wti,19.8,USD per barrel,github.com/datasets/oil-prices
2002-01-29,wti,19.3,USD per barrel,github.com/datasets/oil-prices
2002-01-30,wti,19.11,USD per barrel,github.com/datasets/oil-prices
2002-01-31,wti,19.71,USD per barrel,github.com/datasets/oil-prices
2002-02-01,wti,20.4,USD per barrel,github.com/datasets/oil-prices
2002-02-06,wti,19.77,USD per barrel,github.com/datasets/oil-prices
2002-02-07,wti,19.75,USD per barrel,github.com/datasets/oil-prices
2002-02-08,wti,20.25,USD per barrel,github.com/datasets/oil-prices
2002-02-11,wti,21.29,USD per barrel,github.com/datasets/oil-prices
2002-02-12,wti,20.76,USD per barrel,github.com/datasets/oil-prices
2002-02-13,wti,21.19,USD per barrel,github.com/datasets/oil-prices
2002-02-14,wti,21.19,USD per barrel,github.com/datasets/oil-prices
2002-02-15,wti,21.47,USD per barrel,github.com/datasets/oil-prices
2002-02-19,wti,20.77,USD per barrel,github.com/datasets/oil-prices
2002-02-20,wti,20.31,USD per barrel,github.com/datasets/oil-prices
2002-02-21,wti,20.81,USD per barrel,github.com/datasets/oil-prices
2002-02-22,wti,20.92,USD per barrel,github.com/datasets/oil-prices
2002-02-25,wti,20.24,USD per barrel,github.com/datasets/oil-prices
2002-02-27,wti,21.4,USD per barrel,github.com/datasets/oil-prices
2002-02-28,wti,21.78,USD per barrel,github.com/datasets/oil-prices
2002-03-01,wti,22.37,USD per barrel,github.com/datasets/oil-prices
2002-03-05,wti,23.18,USD per barrel,github.com/datasets/oil-prices
2002-03-07,wti,23.62,USD per barrel,github.com/datasets/oil-prices
2002-03-08,wti,23.87,USD per barrel,github.com/datasets/oil-prices
2002-03-11,wti,24.36,USD per barrel,github.com/datasets/oil-prices
2002-03-13,wti,24.14,USD per barrel,github.com/datasets/oil-prices
2002-03-14,wti,24.48,USD per barrel,github.com/datasets/oil-prices
2002-03-15,wti,24.47,USD per barrel,github.com/datasets/oil-prices
2002-03-18,wti,25.03,USD per barrel,github.com/datasets/oil-prices
2002-03-19,wti,25.02,USD per barrel,github.com/datasets/oil-prices
2002-03-20,wti,24.92,USD per barrel,github.com/datasets/oil-prices
2002-03-21,wti,25.74,USD per barrel,github.com/datasets/oil-prices
2002-03-22,wti,25.56,USD per barrel,github.com/datasets/oil-prices
2002-03-25,wti,25.69,USD per barrel,github.com/datasets/oil-prices
2002-03-26,wti,25.75,USD per barrel,github.com/datasets/oil-prices
2002-03-27,wti,25.79,USD per barrel,github.com/datasets/oil-prices
2002-03-28,wti,26.21,USD per barrel,github.com/datasets/oil-prices
2002-04-01,wti,26.82,USD per barrel,github.com/datasets/oil-prices
2002-04-02,wti,27.75,USD per barrel,github.com/datasets/oil-prices
2002-04-03,wti,27.55,USD per barrel,github.com/datasets/oil-prices
2002-04-04,wti,26.64,USD per barrel,github.com/datasets/oil-prices
2002-04-05,wti,26.21,USD per barrel,github.com/datasets/oil-prices
2002-04-08,wti,26.16,USD per barrel,github.com/datasets/oil-prices
2002-04-09,wti,25.45,USD per barrel,github.com/datasets/oil-prices
2002-04-10,wti,26.15,USD per barrel,github.com/datasets/oil-prices
2002-04-11,wti,24.93,USD per barrel,github.com/datasets/oil-prices
2002-04-12,wti,23.51,USD per barrel,github.com/datasets/oil-prices
2002-04-15,wti,24.53,USD per barrel,github.com/datasets/oil-prices
2002-04-16,wti,24.92,USD per barrel,github.com/datasets/oil-prices
2002-04-17,wti,25.94,USD per barrel,github.com/datasets/oil-prices
2002-04-18,wti,25.86,USD per barrel,github.com/datasets/oil-prices
2002-04-19,wti,26.43,USD per barrel,github.com/datasets/oil-prices
2002-04-22,wti,26.28,USD per barrel,github.com/datasets/oil-prices
2002-04-23,wti,26.28,USD per barrel,github.com/datasets/oil-prices
2002-04-24,wti,26.28,USD per barrel,github.com/datasets/oil-prices
2002-04-25,wti,26.36,USD per barrel,github.com/datasets/oil-prices
2002-04-26,wti,27.12,USD per barrel,github.com/datasets/oil-prices
2002-04-30,wti,27.32,USD per barrel,github.com/datasets/oil-prices
2002-05-01,wti,26.58,USD per barrel,github.com/datasets/oil-prices
2002-05-02,wti,26.31,USD per barrel,github.com/datasets/oil-prices
2002-05-03,wti,26.75,USD per barrel,github.com/datasets/oil-prices
2002-05-06,wti,26.11,USD per barrel,github.com/datasets/oil-prices
2002-05-07,wti,26.79,USD per barrel,github.com/datasets/oil-prices
2002-05-08,wti,27.76,USD per barrel,github.com/datasets/oil-prices
2002-05-09,wti,27.78,USD per barrel,github.com/datasets/oil-prices
2002-05-10,wti,27.92,USD per barrel,github.com/datasets/oil-prices
2002-05-13,wti,28.62,USD per barrel,github.com/datasets/oil-prices
2002-05-14,wti,29.17,USD per barrel,github.com/datasets/oil-prices
2002-05-15,wti,28.17,USD per barrel,github.com/datasets/oil-prices
2002-05-16,wti,28.0,USD per barrel,github.com/datasets/oil-prices
2002-05-17,wti,28.19,USD per barrel,github.com/datasets/oil-prices
2002-05-20,wti,28.24,USD per barrel,github.com/datasets/oil-prices
2002-05-21,wti,27.35,USD per barrel,github.com/datasets/oil-prices
2002-05-22,wti,27.01,USD per barrel,github.com/datasets/oil-prices
2002-05-23,wti,26.6,USD per barrel,github.com/datasets/oil-prices
2002-05-24,wti,26.69,USD per barrel,github.com/datasets/oil-prices
2002-05-28,wti,25.08,USD per barrel,github.com/datasets/oil-prices
2002-05-30,wti,24.78,USD per barrel,github.com/datasets/oil-prices
2002-05-31,wti,25.37,USD per barrel,github.com/datasets/oil-prices
2002-06-03,wti,25.1,USD per barrel,github.com/datasets/oil-prices
2002-06-04,wti,25.32,USD per barrel,github.com/datasets/oil-prices
2002-06-05,wti,25.02,USD per barrel,github.com/datasets/oil-prices
2002-06-07,wti,24.72,USD per barrel,github.com/datasets/oil-prices
2002-06-10,wti,24.24,USD per barrel,github.com/datasets/oil-prices
2002-06-11,wti,24.21,USD per barrel,github.com/datasets/oil-prices
2002-06-12,wti,24.79,USD per barrel,github.com/datasets/oil-prices
2002-06-13,wti,25.54,USD per barrel,github.com/datasets/oil-prices
2002-06-14,wti,25.9,USD per barrel,github.com/datasets/oil-prices
2002-06-17,wti,25.98,USD per barrel,github.com/datasets/oil-prices
2002-06-21,wti,25.51,USD per barrel,github.com/datasets/oil-prices
2002-06-25,wti,26.06,USD per barrel,github.com/datasets/oil-prices
2002-06-26,wti,26.67,USD per barrel,github.com/datasets/oil-prices
2002-06-27,wti,26.77,USD per barrel,github.com/datasets/oil-prices
2002-06-28,wti,26.79,USD per barrel,github.com/datasets/oil-prices
2002-07-01,wti,26.79,USD per barrel,github.com/datasets/oil-prices
2002-07-02,wti,26.83,USD per barrel,github.com/datasets/oil-prices
2002-07-03,wti,26.82,USD per barrel,github.com/datasets/oil-prices
2002-07-08,wti,26.14,USD per barrel,github.com/datasets/oil-prices
2002-07-09,wti,26.16,USD per barrel,github.com/datasets/oil-prices
2002-07-10,wti,26.73,USD per barrel,github.com/datasets/oil-prices
2002-07-11,wti,27.01,USD per barrel,github.com/datasets/oil-prices
2002-07-12,wti,27.48,USD per barrel,github.com/datasets/oil-prices
2002-07-15,wti,27.23,USD per barrel,github.com/datasets/oil-prices
2002-07-16,wti,27.68,USD per barrel,github.com/datasets/oil-prices
2002-07-18,wti,27.5,USD per barrel,github.com/datasets/oil-prices
2002-07-19,wti,27.83,USD per barrel,github.com/datasets/oil-prices
2002-07-22,wti,26.61,USD per barrel,github.com/datasets/oil-prices
2002-07-23,wti,26.61,USD per barrel,github.com/datasets/oil-prices
2002-07-24,wti,26.78,USD per barrel,github.com/datasets/oil-prices
2002-07-25,wti,26.67,USD per barrel,github.com/datasets/oil-prices
2002-07-26,wti,26.55,USD per barrel,github.com/datasets/oil-prices
2002-07-29,wti,26.54,USD per barrel,github.com/datasets/oil-prices
2002-07-30,wti,27.43,USD per barrel,github.com/datasets/oil-prices
2002-07-31,wti,27.02,USD per barrel,github.com/datasets/oil-prices
2002-08-01,wti,26.51,USD per barrel,github.com/datasets/oil-prices
2002-08-02,wti,26.87,USD per barrel,github.com/datasets/oil-prices
2002-08-05,wti,26.55,USD per barrel,github.com/datasets/oil-prices
2002-08-06,wti,27.18,USD per barrel,github.com/datasets/oil-prices
2002-08-07,wti,26.58,USD per barrel,github.com/datasets/oil-prices
2002-08-08,wti,26.67,USD per barrel,github.com/datasets/oil-prices
2002-08-09,wti,26.87,USD per barrel,github.com/datasets/oil-prices
2002-08-12,wti,27.84,USD per barrel,github.com/datasets/oil-prices
2002-08-13,wti,28.35,USD per barrel,github.com/datasets/oil-prices
2002-08-14,wti,28.19,USD per barrel,github.com/datasets/oil-prices
2002-08-15,wti,28.99,USD per barrel,github.com/datasets/oil-prices
2002-08-16,wti,29.24,USD per barrel,github.com/datasets/oil-prices
2002-08-19,wti,29.86,USD per barrel,github.com/datasets/oil-prices
2002-08-20,wti,30.12,USD per barrel,github.com/datasets/oil-prices
2002-08-21,wti,30.37,USD per barrel,github.com/datasets/oil-prices
2002-08-22,wti,30.11,USD per barrel,github.com/datasets/oil-prices
2002-08-23,wti,29.99,USD per barrel,github.com/datasets/oil-prices
2002-08-26,wti,29.23,USD per barrel,github.com/datasets/oil-prices
2002-08-27,wti,28.84,USD per barrel,github.com/datasets/oil-prices
2002-08-28,wti,28.31,USD per barrel,github.com/datasets/oil-prices
2002-08-29,wti,28.83,USD per barrel,github.com/datasets/oil-prices
2002-08-30,wti,28.97,USD per barrel,github.com/datasets/oil-prices
2002-09-03,wti,27.76,USD per barrel,github.com/datasets/oil-prices
2002-09-04,wti,28.28,USD per barrel,github.com/datasets/oil-prices
2002-09-05,wti,29.06,USD per barrel,github.com/datasets/oil-prices
2002-09-06,wti,29.51,USD per barrel,github.com/datasets/oil-prices
2002-09-09,wti,29.8,USD per barrel,github.com/datasets/oil-prices
2002-09-10,wti,29.62,USD per barrel,github.com/datasets/oil-prices
2002-09-11,wti,29.77,USD per barrel,github.com/datasets/oil-prices
2002-09-12,wti,28.95,USD per barrel,github.com/datasets/oil-prices
2002-09-13,wti,29.83,USD per barrel,github.com/datasets/oil-prices
2002-09-16,wti,29.14,USD per barrel,github.com/datasets/oil-prices
2002-09-17,wti,29.08,USD per barrel,github.com/datasets/oil-prices
2002-09-18,wti,29.57,USD per barrel,github.com/datasets/oil-prices
2002-09-19,wti,29.49,USD per barrel,github.com/datasets/oil-prices
2002-09-20,wti,29.65,USD per barrel,github.com/datasets/oil-prices
2002-09-23,wti,30.85,USD per barrel,github.com/datasets/oil-prices
2002-09-24,wti,30.79,USD per barrel,github.com/datasets/oil-prices
2002-09-25,wti,30.69,USD per barrel,github.com/datasets/oil-prices
2002-09-26,wti,30.31,USD per barrel,github.com/datasets/oil-prices
2002-09-27,wti,30.53,USD per barrel,github.com/datasets/oil-prices
2002-09-30,wti,30.59,USD per barrel,github.com/datasets/oil-prices
2002-10-01,wti,30.71,USD per barrel,github.com/datasets/oil-prices
2002-10-02,wti,30.59,USD per barrel,github.com/datasets/oil-prices
2002-10-03,wti,29.73,USD per barrel,github.com/datasets/oil-prices
2002-10-04,wti,29.65,USD per barrel,github.com/datasets/oil-prices
2002-10-07,wti,29.65,USD per barrel,github.com/datasets/oil-prices
2002-10-08,wti,29.56,USD per barrel,github.com/datasets/oil-prices
2002-10-09,wti,29.31,USD per barrel,github.com/datasets/oil-prices
2002-10-10,wti,28.96,USD per barrel,github.com/datasets/oil-prices
2002-10-11,wti,29.36,USD per barrel,github.com/datasets/oil-prices
2002-10-14,wti,30.06,USD per barrel,github.com/datasets/oil-prices
2002-10-15,wti,29.73,USD per barrel,github.com/datasets/oil-prices
2002-10-16,wti,29.28,USD per barrel,github.com/datasets/oil-prices
2002-10-17,wti,29.61,USD per barrel,github.com/datasets/oil-prices
2002-10-18,wti,29.56,USD per barrel,github.com/datasets/oil-prices
2002-10-21,wti,28.31,USD per barrel,github.com/datasets/oil-prices
2002-10-22,wti,27.93,USD per barrel,github.com/datasets/oil-prices
2002-10-23,wti,28.19,USD per barrel,github.com/datasets/oil-prices
2002-10-24,wti,27.87,USD per barrel,github.com/datasets/oil-prices
2002-10-25,wti,27.09,USD per barrel,github.com/datasets/oil-prices
2002-10-28,wti,27.25,USD per barrel,github.com/datasets/oil-prices
2002-10-29,wti,26.81,USD per barrel,github.com/datasets/oil-prices
2002-10-30,wti,26.85,USD per barrel,github.com/datasets/oil-prices
2002-10-31,wti,27.18,USD per barrel,github.com/datasets/oil-prices
2002-11-01,wti,27.04,USD per barrel,github.com/datasets/oil-prices
2002-11-04,wti,26.89,USD per barrel,github.com/datasets/oil-prices
2002-11-05,wti,26.06,USD per barrel,github.com/datasets/oil-prices
2002-11-06,wti,25.72,USD per barrel,github.com/datasets/oil-prices
2002-11-07,wti,25.36,USD per barrel,github.com/datasets/oil-prices
2002-11-08,wti,25.83,USD per barrel,github.com/datasets/oil-prices
2002-11-11,wti,26.02,USD per barrel,github.com/datasets/oil-prices
2002-11-12,wti,26.19,USD per barrel,github.com/datasets/oil-prices
2002-11-14,wti,25.4,USD per barrel,github.com/datasets/oil-prices
2002-11-15,wti,25.5,USD per barrel,github.com/datasets/oil-prices
2002-11-18,wti,26.71,USD per barrel,github.com/datasets/oil-prices
2002-11-19,wti,26.41,USD per barrel,github.com/datasets/oil-prices
2002-11-20,wti,27.0,USD per barrel,github.com/datasets/oil-prices
2002-11-21,wti,27.07,USD per barrel,github.com/datasets/oil-prices
2002-11-22,wti,27.73,USD per barrel,github.com/datasets/oil-prices
2002-11-25,wti,27.01,USD per barrel,github.com/datasets/oil-prices
2002-11-26,wti,26.6,USD per barrel,github.com/datasets/oil-prices
2002-11-27,wti,26.87,USD per barrel,github.com/datasets/oil-prices
2002-12-02,wti,27.27,USD per barrel,github.com/datasets/oil-prices
2002-12-03,wti,27.34,USD per barrel,github.com/datasets/oil-prices
2002-12-04,wti,26.8,USD per barrel,github.com/datasets/oil-prices
2002-12-05,wti,27.27,USD per barrel,github.com/datasets/oil-prices
2002-12-06,wti,27.03,USD per barrel,github.com/datasets/oil-prices
2002-12-10,wti,27.73,USD per barrel,github.com/datasets/oil-prices
2002-12-11,wti,27.49,USD per barrel,github.com/datasets/oil-prices
2002-12-12,wti,28.2,USD per barrel,github.com/datasets/oil-prices
2002-12-13,wti,28.39,USD per barrel,github.com/datasets/oil-prices
2002-12-16,wti,30.15,USD per barrel,github.com/datasets/oil-prices
2002-12-17,wti,30.04,USD per barrel,github.com/datasets/oil-prices
2002-12-18,wti,30.41,USD per barrel,github.com/datasets/oil-prices
2002-12-19,wti,30.57,USD per barrel,github.com/datasets/oil-prices
2002-12-23,wti,32.09,USD per barrel,github.com/datasets/oil-prices
2002-12-24,wti,32.13,USD per barrel,github.com/datasets/oil-prices
2002-12-26,wti,32.61,USD per barrel,github.com/datasets/oil-prices
2002-12-27,wti,32.68,USD per barrel,github.com/datasets/oil-prices
2002-12-30,wti,31.41,USD per barrel,github.com/datasets/oil-prices
2002-12-31,wti,31.21,USD per barrel,github.com/datasets/oil-prices
2003-01-02,wti,31.97,USD per barrel,github.com/datasets/oil-prices
2003-01-03,wti,33.26,USD per barrel,github.com/datasets/oil-prices
2003-01-06,wti,32.29,USD per barrel,github.com/datasets/oil-prices
2003-01-07,wti,31.2,USD per barrel,github.com/datasets/oil-prices
2003-01-08,wti,30.66,USD per barrel,github.com/datasets/oil-prices
2003-01-09,wti,31.95,USD per barrel,github.com/datasets/oil-prices
2003-01-10,wti,31.59,USD per barrel,github.com/datasets/oil-prices
2003-01-13,wti,32.08,USD per barrel,github.com/datasets/oil-prices
2003-01-15,wti,33.23,USD per barrel,github.com/datasets/oil-prices
2003-01-16,wti,33.58,USD per barrel,github.com/datasets/oil-prices
2003-01-17,wti,33.88,USD per barrel,github.com/datasets/oil-prices
2003-01-21,wti,34.62,USD per barrel,github.com/datasets/oil-prices
2003-01-22,wti,34.32,USD per barrel,github.com/datasets/oil-prices
2003-01-23,wti,33.9,USD per barrel,github.com/datasets/oil-prices
2003-01-24,wti,34.98,USD per barrel,github.com/datasets/oil-prices
2003-01-27,wti,32.43,USD per barrel,github.com/datasets/oil-prices
2003-01-29,wti,33.54,USD per barrel,github.com/datasets/oil-prices
2003-01-31,wti,33.51,USD per barrel,github.com/datasets/oil-prices
2003-02-04,wti,33.61,USD per barrel,github.com/datasets/oil-prices
2003-02-05,wti,33.91,USD per barrel,github.com/datasets/oil-prices
2003-02-07,wti,35.05,USD per barrel,github.com/datasets/oil-prices
2003-02-10,wti,34.46,USD per barrel,github.com/datasets/oil-prices
2003-02-11,wti,35.43,USD per barrel,github.com/datasets/oil-prices
2003-02-13,wti,36.63,USD per barrel,github.com/datasets/oil-prices
2003-02-18,wti,36.88,USD per barrel,github.com/datasets/oil-prices
2003-02-20,wti,36.45,USD per barrel,github.com/datasets/oil-prices
2003-02-21,wti,36.76,USD per barrel,github.com/datasets/oil-prices
2003-02-24,wti,37.29,USD per barrel,github.com/datasets/oil-prices
2003-02-26,wti,37.96,USD per barrel,github.com/datasets/oil-prices
2003-02-28,wti,36.76,USD per barrel,github.com/datasets/oil-prices
2003-03-05,wti,36.86,USD per barrel,github.com/datasets/oil-prices
2003-03-06,wti,37.21,USD per barrel,github.com/datasets/oil-prices
2003-03-07,wti,37.76,USD per barrel,github.com/datasets/oil-prices
2003-03-11,wti,36.81,USD per barrel,github.com/datasets/oil-prices
2003-03-12,wti,37.87,USD per barrel,github.com/datasets/oil-prices
2003-03-19,wti,30.01,USD per barrel,github.com/datasets/oil-prices
2003-03-21,wti,27.18,USD per barrel,github.com/datasets/oil-prices
2003-03-24,wti,29.51,USD per barrel,github.com/datasets/oil-prices
2003-03-25,wti,33.42,USD per barrel,github.com/datasets/oil-prices
2003-03-31,wti,31.14,USD per barrel,github.com/datasets/oil-prices
2003-04-01,wti,29.48,USD per barrel,github.com/datasets/oil-prices
2003-04-08,wti,27.97,USD per barrel,github.com/datasets/oil-prices
2003-04-10,wti,27.2,USD per barrel,github.com/datasets/oil-prices
2003-04-15,wti,29.46,USD per barrel,github.com/datasets/oil-prices
2003-04-16,wti,29.16,USD per barrel,github.com/datasets/oil-prices
2003-04-17,wti,30.1,USD per barrel,github.com/datasets/oil-prices
2003-04-23,wti,28.04,USD per barrel,github.com/datasets/oil-prices
2003-04-24,wti,27.52,USD per barrel,github.com/datasets/oil-prices
2003-04-25,wti,25.92,USD per barrel,github.com/datasets/oil-prices
2003-04-29,wti,25.32,USD per barrel,github.com/datasets/oil-prices
2003-05-01,wti,26.05,USD per barrel,github.com/datasets/oil-prices
2003-05-08,wti,26.94,USD per barrel,github.com/datasets/oil-prices
2003-05-13,wti,28.51,USD per barrel,github.com/datasets/oil-prices
2003-05-16,wti,29.07,USD per barrel,github.com/datasets/oil-prices
2003-05-20,wti,29.29,USD per barrel,github.com/datasets/oil-prices
2003-05-21,wti,29.51,USD per barrel,github.com/datasets/oil-prices
2003-05-22,wti,29.09,USD per barrel,github.com/datasets/oil-prices
2003-05-28,wti,28.46,USD per barrel,github.com/datasets/oil-prices
2003-05-29,wti,29.15,USD per barrel,github.com/datasets/oil-prices
2003-06-06,wti,31.26,USD per barrel,github.com/datasets/oil-prices
2003-06-09,wti,31.36,USD per barrel,github.com/datasets/oil-prices
2003-06-10,wti,31.72,USD per barrel,github.com/datasets/oil-prices
2003-06-17,wti,31.08,USD per barrel,github.com/datasets/oil-prices
2003-06-19,wti,29.86,USD per barrel,github.com/datasets/oil-prices
2003-06-20,wti,30.63,USD per barrel,github.com/datasets/oil-prices
2003-06-23,wti,30.22,USD per barrel,github.com/datasets/oil-prices
2003-06-24,wti,30.05,USD per barrel,github.com/datasets/oil-prices
2003-06-25,wti,31.65,USD per barrel,github.com/datasets/oil-prices
2003-06-26,wti,28.97,USD per barrel,github.com/datasets/oil-prices
2003-06-30,wti,30.15,USD per barrel,github.com/datasets/oil-prices
2003-07-01,wti,30.41,USD per barrel,github.com/datasets/oil-prices
2003-07-07,wti,30.08,USD per barrel,github.com/datasets/oil-prices
2003-07-10,wti,31.04,USD per barrel,github.com/datasets/oil-prices
2003-07-15,wti,31.6,USD per barrel,github.com/datasets/oil-prices
2003-07-16,wti,31.2,USD per barrel,github.com/datasets/oil-prices
2003-07-17,wti,31.44,USD per barrel,github.com/datasets/oil-prices
2003-07-21,wti,31.67,USD per barrel,github.com/datasets/oil-prices
2003-07-23,wti,30.13,USD per barrel,github.com/datasets/oil-prices
2003-07-24,wti,30.72,USD per barrel,github.com/datasets/oil-prices
2003-07-25,wti,30.31,USD per barrel,github.com/datasets/oil-prices
2003-07-28,wti,29.98,USD per barrel,github.com/datasets/oil-prices
2003-07-29,wti,30.21,USD per barrel,github.com/datasets/oil-prices
2003-08-04,wti,31.8,USD per barrel,github.com/datasets/oil-prices
2003-08-06,wti,31.77,USD per barrel,github.com/datasets/oil-prices
2003-08-07,wti,32.41,USD per barrel,github.com/datasets/oil-prices
2003-08-08,wti,32.23,USD per barrel,github.com/datasets/oil-prices
2003-08-11,wti,31.91,USD per barrel,github.com/datasets/oil-prices
2003-08-13,wti,30.85,USD per barrel,github.com/datasets/oil-prices
2003-08-15,wti,31.01,USD per barrel,github.com/datasets/oil-prices
2003-08-19,wti,30.76,USD per barrel,github.com/datasets/oil-prices
2003-08-21,wti,31.78,USD per barrel,github.com/datasets/oil-prices
2003-08-22,wti,31.64,USD per barrel,github.com/datasets/oil-prices
2003-08-25,wti,31.43,USD per barrel,github.com/datasets/oil-prices
2003-08-26,wti,32.01,USD per barrel,github.com/datasets/oil-prices
2003-08-29,wti,31.76,USD per barrel,github.com/datasets/oil-prices
2003-09-02,wti,29.57,USD per barrel,github.com/datasets/oil-prices
2003-09-05,wti,28.93,USD per barrel,github.com/datasets/oil-prices
2003-09-08,wti,28.85,USD per barrel,github.com/datasets/oil-prices
2003-09-10,wti,29.41,USD per barrel,github.com/datasets/oil-prices
2003-09-11,wti,28.86,USD per barrel,github.com/datasets/oil-prices
2003-09-12,wti,28.26,USD per barrel,github.com/datasets/oil-prices
2003-09-16,wti,27.6,USD per barrel,github.com/datasets/oil-prices
2003-09-17,wti,27.0,USD per barrel,github.com/datasets/oil-prices
2003-09-23,wti,27.0,USD per barrel,github.com/datasets/oil-prices
2003-09-24,wti,28.19,USD per barrel,github.com/datasets/oil-prices
2003-09-25,wti,28.29,USD per barrel,github.com/datasets/oil-prices
2003-09-29,wti,28.35,USD per barrel,github.com/datasets/oil-prices
2003-10-01,wti,29.43,USD per barrel,github.com/datasets/oil-prices
2003-10-09,wti,30.97,USD per barrel,github.com/datasets/oil-prices
2003-10-10,wti,32.01,USD per barrel,github.com/datasets/oil-prices
2003-10-13,wti,31.91,USD per barrel,github.com/datasets/oil-prices
2003-10-16,wti,31.51,USD per barrel,github.com/datasets/oil-prices
2003-10-22,wti,30.0,USD per barrel,github.com/datasets/oil-prices
2003-10-23,wti,30.31,USD per barrel,github.com/datasets/oil-prices
2003-10-24,wti,29.99,USD per barrel,github.com/datasets/oil-prices
2003-10-28,wti,29.57,USD per barrel,github.com/datasets/oil-prices
2003-10-29,wti,28.95,USD per barrel,github.com/datasets/oil-prices
2003-10-31,wti,29.24,USD per barrel,github.com/datasets/oil-prices
2003-11-07,wti,30.73,USD per barrel,github.com/datasets/oil-prices
2003-11-10,wti,31.01,USD per barrel,github.com/datasets/oil-prices
2003-11-11,wti,31.21,USD per barrel,github.com/datasets/oil-prices
2003-11-14,wti,32.31,USD per barrel,github.com/datasets/oil-prices
2003-11-21,wti,32.26,USD per barrel,github.com/datasets/oil-prices
2003-11-24,wti,29.99,USD per barrel,github.com/datasets/oil-prices
2003-11-25,wti,30.02,USD per barrel,github.com/datasets/oil-prices
2003-11-26,wti,30.33,USD per barrel,github.com/datasets/oil-prices
2003-12-03,wti,30.61,USD per barrel,github.com/datasets/oil-prices
2003-12-04,wti,31.24,USD per barrel,github.com/datasets/oil-prices
2003-12-09,wti,31.72,USD per barrel,github.com/datasets/oil-prices
2003-12-10,wti,31.92,USD per barrel,github.com/datasets/oil-prices
2003-12-11,wti,32.01,USD per barrel,github.com/datasets/oil-prices
2003-12-12,wti,33.06,USD per barrel,github.com/datasets/oil-prices
2003-12-16,wti,32.94,USD per barrel,github.com/datasets/oil-prices
2003-12-19,wti,32.81,USD per barrel,github.com/datasets/oil-prices
2003-12-22,wti,31.71,USD per barrel,github.com/datasets/oil-prices
2003-12-23,wti,32.03,USD per barrel,github.com/datasets/oil-prices
2003-12-24,wti,32.99,USD per barrel,github.com/datasets/oil-prices
2003-12-29,wti,32.51,USD per barrel,github.com/datasets/oil-prices
2003-12-30,wti,33.01,USD per barrel,github.com/datasets/oil-prices
2004-01-06,wti,33.54,USD per barrel,github.com/datasets/oil-prices
2004-01-14,wti,34.62,USD per barrel,github.com/datasets/oil-prices
2004-01-15,wti,33.61,USD per barrel,github.com/datasets/oil-prices
2004-01-21,wti,35.53,USD per barrel,github.com/datasets/oil-prices
2004-01-22,wti,35.12,USD per barrel,github.com/datasets/oil-prices
2004-01-23,wti,34.94,USD per barrel,github.com/datasets/oil-prices
2004-01-26,wti,34.41,USD per barrel,github.com/datasets/oil-prices
2004-01-28,wti,33.63,USD per barrel,github.com/datasets/oil-prices
2004-02-02,wti,34.02,USD per barrel,github.com/datasets/oil-prices
2004-02-03,wti,34.2,USD per barrel,github.com/datasets/oil-prices
2004-02-04,wti,33.06,USD per barrel,github.com/datasets/oil-prices
2004-02-05,wti,33.26,USD per barrel,github.com/datasets/oil-prices
2004-02-06,wti,32.49,USD per barrel,github.com/datasets/oil-prices
2004-02-09,wti,32.91,USD per barrel,github.com/datasets/oil-prices
2004-02-13,wti,34.51,USD per barrel,github.com/datasets/oil-prices
2004-02-18,wti,35.42,USD per barrel,github.com/datasets/oil-prices
2004-02-20,wti,35.8,USD per barrel,github.com/datasets/oil-prices
2004-02-23,wti,35.75,USD per barrel,github.com/datasets/oil-prices
2004-02-24,wti,35.85,USD per barrel,github.com/datasets/oil-prices
2004-02-27,wti,36.08,USD per barrel,github.com/datasets/oil-prices
2004-03-02,wti,36.6,USD per barrel,github.com/datasets/oil-prices
2004-03-05,wti,37.31,USD per barrel,github.com/datasets/oil-prices
2004-03-08,wti,36.53,USD per barrel,github.com/datasets/oil-prices
2004-03-11,wti,36.95,USD per barrel,github.com/datasets/oil-prices
2004-03-12,wti,36.21,USD per barrel,github.com/datasets/oil-prices
2004-03-15,wti,37.44,USD per barrel,github.com/datasets/oil-prices
2004-03-17,wti,38.21,USD per barrel,github.com/datasets/oil-prices
2004-03-18,wti,37.81,USD per barrel,github.com/datasets/oil-prices
2004-03-22,wti,37.12,USD per barrel,github.com/datasets/oil-prices
2004-03-23,wti,37.81,USD per barrel,github.com/datasets/oil-prices
2004-03-24,wti,37.06,USD per barrel,github.com/datasets/oil-prices
2004-03-25,wti,35.67,USD per barrel,github.com/datasets/oil-prices
2004-03-30,wti,36.15,USD per barrel,github.com/datasets/oil-prices
2004-04-05,wti,34.29,USD per barrel,github.com/datasets/oil-prices
2004-04-08,wti,37.14,USD per barrel,github.com/datasets/oil-prices
2004-04-14,wti,36.62,USD per barrel,github.com/datasets/oil-prices
2004-04-15,wti,37.74,USD per barrel,github.com/datasets/oil-prices
2004-04-20,wti,37.61,USD per barrel,github.com/datasets/oil-prices
2004-04-21,wti,36.61,USD per barrel,github.com/datasets/oil-prices
2004-04-22,wti,37.7,USD per barrel,github.com/datasets/oil-prices
2004-04-23,wti,37.22,USD per barrel,github.com/datasets/oil-prices
2004-04-26,wti,37.02,USD per barrel,github.com/datasets/oil-prices
2004-04-27,wti,37.49,USD per barrel,github.com/datasets/oil-prices
2004-04-29,wti,37.5,USD per barrel,github.com/datasets/oil-prices
2004-05-05,wti,39.69,USD per barrel,github.com/datasets/oil-prices
2004-05-06,wti,39.41,USD per barrel,github.com/datasets/oil-prices
2004-05-07,wti,39.98,USD per barrel,github.com/datasets/oil-prices
2004-05-10,wti,38.9,USD per barrel,github.com/datasets/oil-prices
2004-05-11,wti,40.3,USD per barrel,github.com/datasets/oil-prices
2004-05-14,wti,41.42,USD per barrel,github.com/datasets/oil-prices
2004-05-17,wti,41.53,USD per barrel,github.com/datasets/oil-prices
2004-05-18,wti,40.32,USD per barrel,github.com/datasets/oil-prices
2004-05-21,wti,39.83,USD per barrel,github.com/datasets/oil-prices
2004-05-24,wti,42.03,USD per barrel,github.com/datasets/oil-prices
2004-05-25,wti,41.45,USD per barrel,github.com/datasets/oil-prices
2004-05-26,wti,40.6,USD per barrel,github.com/datasets/oil-prices
2004-05-27,wti,39.25,USD per barrel,github.com/datasets/oil-prices
2004-05-28,wti,39.9,USD per barrel,github.com/datasets/oil-prices
2004-06-01,wti,42.33,USD per barrel,github.com/datasets/oil-prices
2004-06-02,wti,39.96,USD per barrel,github.com/datasets/oil-prices
2004-06-03,wti,39.29,USD per barrel,github.com/datasets/oil-prices
2004-06-07,wti,38.72,USD per barrel,github.com/datasets/oil-prices
2004-06-08,wti,37.18,USD per barrel,github.com/datasets/oil-prices
2004-06-09,wti,37.6,USD per barrel,github.com/datasets/oil-prices
2004-06-10,wti,38.45,USD per barrel,github.com/datasets/oil-prices
2004-06-14,wti,37.58,USD per barrel,github.com/datasets/oil-prices
2004-06-15,wti,37.18,USD per barrel,github.com/datasets/oil-prices
2004-06-16,wti,37.33,USD per barrel,github.com/datasets/oil-prices
2004-06-17,wti,38.51,USD per barrel,github.com/datasets/oil-prices
2004-06-21,wti,37.69,USD per barrel,github.com/datasets/oil-prices
2004-06-22,wti,38.11,USD per barrel,github.com/datasets/oil-prices
2004-06-23,wti,37.56,USD per barrel,github.com/datasets/oil-prices
2004-06-24,wti,37.81,USD per barrel,github.com/datasets/oil-prices
2004-06-29,wti,35.6,USD per barrel,github.com/datasets/oil-prices
2004-06-30,wti,36.92,USD per barrel,github.com/datasets/oil-prices
2004-07-01,wti,38.56,USD per barrel,github.com/datasets/oil-prices
2004-07-02,wti,38.37,USD per barrel,github.com/datasets/oil-prices
2004-07-06,wti,39.56,USD per barrel,github.com/datasets/oil-prices
2004-07-07,wti,39.18,USD per barrel,github.com/datasets/oil-prices
2004-07-08,wti,40.27,USD per barrel,github.com/datasets/oil-prices
2004-07-12,wti,39.3,USD per barrel,github.com/datasets/oil-prices
2004-07-13,wti,39.55,USD per barrel,github.com/datasets/oil-prices
2004-07-14,wti,40.98,USD per barrel,github.com/datasets/oil-prices
2004-07-16,wti,41.1,USD per barrel,github.com/datasets/oil-prices
2004-07-19,wti,41.55,USD per barrel,github.com/datasets/oil-prices
2004-07-20,wti,40.86,USD per barrel,github.com/datasets/oil-prices
2004-07-21,wti,40.63,USD per barrel,github.com/datasets/oil-prices
2004-07-22,wti,41.51,USD per barrel,github.com/datasets/oil-prices
2004-07-23,wti,41.82,USD per barrel,github.com/datasets/oil-prices
2004-07-26,wti,41.45,USD per barrel,github.com/datasets/oil-prices
2004-07-28,wti,42.81,USD per barrel,github.com/datasets/oil-prices
2004-07-29,wti,42.69,USD per barrel,github.com/datasets/oil-prices
2004-07-30,wti,43.72,USD per barrel,github.com/datasets/oil-prices
2004-08-03,wti,44.13,USD per barrel,github.com/datasets/oil-prices
2004-08-05,wti,44.39,USD per barrel,github.com/datasets/oil-prices
2004-08-06,wti,43.95,USD per barrel,github.com/datasets/oil-prices
2004-08-09,wti,44.86,USD per barrel,github.com/datasets/oil-prices
2004-08-10,wti,44.51,USD per barrel,github.com/datasets/oil-prices
2004-08-11,wti,44.72,USD per barrel,github.com/datasets/oil-prices
2004-08-12,wti,45.52,USD per barrel,github.com/datasets/oil-prices
2004-08-13,wti,46.61,USD per barrel,github.com/datasets/oil-prices
2004-08-16,wti,46.02,USD per barrel,github.com/datasets/oil-prices
2004-08-17,wti,46.75,USD per barrel,github.com/datasets/oil-prices
2004-08-18,wti,47.36,USD per barrel,github.com/datasets/oil-prices
2004-08-19,wti,48.66,USD per barrel,github.com/datasets/oil-prices
2004-08-20,wti,47.6,USD per barrel,github.com/datasets/oil-prices
2004-08-23,wti,46.0,USD per barrel,github.com/datasets/oil-prices
2004-08-24,wti,45.68,USD per barrel,github.com/datasets/oil-prices
2004-08-25,wti,43.83,USD per barrel,github.com/datasets/oil-prices
2004-08-26,wti,43.06,USD per barrel,github.com/datasets/oil-prices
2004-08-30,wti,42.32,USD per barrel,github.com/datasets/oil-prices
2004-08-31,wti,42.23,USD per barrel,github.com/datasets/oil-prices
2004-09-01,wti,43.89,USD per barrel,github.com/datasets/oil-prices
2004-09-02,wti,44.04,USD per barrel,github.com/datasets/oil-prices
2004-09-07,wti,43.18,USD per barrel,github.com/datasets/oil-prices
2004-09-09,wti,44.53,USD per barrel,github.com/datasets/oil-prices
2004-09-13,wti,43.86,USD per barrel,github.com/datasets/oil-prices
2004-09-14,wti,44.62,USD per barrel,github.com/datasets/oil-prices
2004-09-15,wti,43.83,USD per barrel,github.com/datasets/oil-prices
2004-09-16,wti,44.03,USD per barrel,github.com/datasets/oil-prices
2004-09-20,wti,46.33,USD per barrel,github.com/datasets/oil-prices
2004-09-22,wti,48.41,USD per barrel,github.com/datasets/oil-prices
2004-09-23,wti,48.37,USD per barrel,github.com/datasets/oil-prices
2004-09-24,wti,48.86,USD per barrel,github.com/datasets/oil-prices
2004-09-27,wti,49.56,USD per barrel,github.com/datasets/oil-prices
2004-09-28,wti,49.76,USD per barrel,github.com/datasets/oil-prices
2004-09-29,wti,49.53,USD per barrel,github.com/datasets/oil-prices
2004-09-30,wti,49.56,USD per barrel,github.com/datasets/oil-prices
2004-10-04,wti,49.85,USD per barrel,github.com/datasets/oil-prices
2004-10-05,wti,51.08,USD per barrel,github.com/datasets/oil-prices
2004-10-06,wti,51.98,USD per barrel,github.com/datasets/oil-prices
2004-10-07,wti,52.56,USD per barrel,github.com/datasets/oil-prices
2004-10-08,wti,53.4,USD per barrel,github.com/datasets/oil-prices
2004-10-11,wti,53.65,USD per barrel,github.com/datasets/oil-prices
2004-10-12,wti,53.49,USD per barrel,github.com/datasets/oil-prices
2004-10-13,wti,53.86,USD per barrel,github.com/datasets/oil-prices
2004-10-15,wti,54.89,USD per barrel,github.com/datasets/oil-prices
2004-10-18,wti,53.59,USD per barrel,github.com/datasets/oil-prices
2004-10-19,wti,53.28,USD per barrel,github.com/datasets/oil-prices
2004-10-21,wti,54.51,USD per barrel,github.com/datasets/oil-prices
2004-10-25,wti,55.52,USD per barrel,github.com/datasets/oil-prices
2004-10-26,wti,56.37,USD per barrel,github.com/datasets/oil-prices
2004-10-27,wti,52.52,USD per barrel,github.com/datasets/oil-prices
2004-10-28,wti,50.95,USD per barrel,github.com/datasets/oil-prices
2004-10-29,wti,51.78,USD per barrel,github.com/datasets/oil-prices
2004-11-01,wti,50.1,USD per barrel,github.com/datasets/oil-prices
2004-11-02,wti,49.6,USD per barrel,github.com/datasets/oil-prices
2004-11-03,wti,50.9,USD per barrel,github.com/datasets/oil-prices
2004-11-04,wti,48.8,USD per barrel,github.com/datasets/oil-prices
2004-11-05,wti,49.65,USD per barrel,github.com/datasets/oil-prices
2004-11-08,wti,49.1,USD per barrel,github.com/datasets/oil-prices
2004-11-09,wti,47.4,USD per barrel,github.com/datasets/oil-prices
2004-11-10,wti,48.7,USD per barrel,github.com/datasets/oil-prices
2004-11-11,wti,47.5,USD per barrel,github.com/datasets/oil-prices
2004-11-12,wti,47.3,USD per barrel,github.com/datasets/oil-prices
2004-11-16,wti,46.1,USD per barrel,github.com/datasets/oil-prices
2004-11-17,wti,46.85,USD per barrel,github.com/datasets/oil-prices
2004-11-18,wti,46.3,USD per barrel,github.com/datasets/oil-prices
2004-11-19,wti,48.9,USD per barrel,github.com/datasets/oil-prices
2004-11-22,wti,48.48,USD per barrel,github.com/datasets/oil-prices
2004-11-23,wti,48.74,USD per barrel,github.com/datasets/oil-prices
2004-11-24,wti,49.14,USD per barrel,github.com/datasets/oil-prices
2004-11-29,wti,49.71,USD per barrel,github.com/datasets/oil-prices
2004-11-30,wti,49.16,USD per barrel,github.com/datasets/oil-prices
2004-12-01,wti,45.56,USD per barrel,github.com/datasets/oil-prices
2004-12-02,wti,43.31,USD per barrel,github.com/datasets/oil-prices
2004-12-03,wti,42.56,USD per barrel,github.com/datasets/oil-prices
2004-12-06,wti,42.96,USD per barrel,github.com/datasets/oil-prices
2004-12-07,wti,41.51,USD per barrel,github.com/datasets/oil-prices
2004-12-08,wti,41.96,USD per barrel,github.com/datasets/oil-prices
2004-12-09,wti,42.41,USD per barrel,github.com/datasets/oil-prices
2004-12-10,wti,40.71,USD per barrel,github.com/datasets/oil-prices
2004-12-13,wti,41.06,USD per barrel,github.com/datasets/oil-prices
2004-12-14,wti,41.76,USD per barrel,github.com/datasets/oil-prices
2004-12-15,wti,44.21,USD per barrel,github.com/datasets/oil-prices
2004-12-16,wti,44.16,USD per barrel,github.com/datasets/oil-prices
2004-12-17,wti,46.31,USD per barrel,github.com/datasets/oil-prices
2004-12-20,wti,45.57,USD per barrel,github.com/datasets/oil-prices
2004-12-21,wti,45.76,USD per barrel,github.com/datasets/oil-prices
2004-12-22,wti,44.05,USD per barrel,github.com/datasets/oil-prices
2004-12-23,wti,42.19,USD per barrel,github.com/datasets/oil-prices
2004-12-27,wti,41.26,USD per barrel,github.com/datasets/oil-prices
2004-12-28,wti,41.78,USD per barrel,github.com/datasets/oil-prices
2004-12-29,wti,43.69,USD per barrel,github.com/datasets/oil-prices
2004-12-30,wti,43.36,USD per barrel,github.com/datasets/oil-prices
2005-01-03,wti,42.16,USD per barrel,github.com/datasets/oil-prices
2005-01-04,wti,43.96,USD per barrel,github.com/datasets/oil-prices
2005-01-05,wti,43.41,USD per barrel,github.com/datasets/oil-prices
2005-01-06,wti,45.51,USD per barrel,github.com/datasets/oil-prices
2005-01-07,wti,45.32,USD per barrel,github.com/datasets/oil-prices
2005-01-10,wti,45.31,USD per barrel,github.com/datasets/oil-prices
2005-01-11,wti,45.66,USD per barrel,github.com/datasets/oil-prices
2005-01-13,wti,48.11,USD per barrel,github.com/datasets/oil-prices
2005-01-14,wti,48.41,USD per barrel,github.com/datasets/oil-prices
2005-01-18,wti,48.46,USD per barrel,github.com/datasets/oil-prices
2005-01-19,wti,47.61,USD per barrel,github.com/datasets/oil-prices
2005-01-20,wti,47.01,USD per barrel,github.com/datasets/oil-prices
2005-01-21,wti,48.31,USD per barrel,github.com/datasets/oil-prices
2005-01-24,wti,48.61,USD per barrel,github.com/datasets/oil-prices
2005-01-25,wti,49.43,USD per barrel,github.com/datasets/oil-prices
2005-01-26,wti,48.8,USD per barrel,github.com/datasets/oil-prices
2005-01-27,wti,48.8,USD per barrel,github.com/datasets/oil-prices
2005-01-28,wti,47.15,USD per barrel,github.com/datasets/oil-prices
2005-01-31,wti,48.25,USD per barrel,github.com/datasets/oil-prices
2005-02-01,wti,47.1,USD per barrel,github.com/datasets/oil-prices
2005-02-02,wti,46.65,USD per barrel,github.com/datasets/oil-prices
2005-02-03,wti,46.4,USD per barrel,github.com/datasets/oil-prices
2005-02-04,wti,46.45,USD per barrel,github.com/datasets/oil-prices
2005-02-07,wti,45.35,USD per barrel,github.com/datasets/oil-prices
2005-02-08,wti,45.4,USD per barrel,github.com/datasets/oil-prices
2005-02-09,wti,45.45,USD per barrel,github.com/datasets/oil-prices
2005-02-10,wti,47.05,USD per barrel,github.com/datasets/oil-prices
2005-02-11,wti,47.15,USD per barrel,github.com/datasets/oil-prices
2005-02-15,wti,47.3,USD per barrel,github.com/datasets/oil-prices
2005-02-16,wti,48.35,USD per barrel,github.com/datasets/oil-prices
2005-02-18,wti,48.45,USD per barrel,github.com/datasets/oil-prices
2005-02-23,wti,51.73,USD per barrel,github.com/datasets/oil-prices
2005-02-24,wti,52.05,USD per barrel,github.com/datasets/oil-prices
2005-02-25,wti,52.2,USD per barrel,github.com/datasets/oil-prices
2005-03-01,wti,51.67,USD per barrel,github.com/datasets/oil-prices
2005-03-02,wti,53.0,USD per barrel,github.com/datasets/oil-prices
2005-03-03,wti,53.6,USD per barrel,github.com/datasets/oil-prices
2005-03-04,wti,53.7,USD per barrel,github.com/datasets/oil-prices
2005-03-07,wti,53.9,USD per barrel,github.com/datasets/oil-prices
2005-03-08,wti,54.55,USD per barrel,github.com/datasets/oil-prices
2005-03-09,wti,54.75,USD per barrel,github.com/datasets/oil-prices
2005-03-10,wti,53.52,USD per barrel,github.com/datasets/oil-prices
2005-03-11,wti,54.4,USD per barrel,github.com/datasets/oil-prices
2005-03-14,wti,54.9,USD per barrel,github.com/datasets/oil-prices
2005-03-17,wti,56.4,USD per barrel,github.com/datasets/oil-prices
2005-03-18,wti,56.8,USD per barrel,github.com/datasets/oil-prices
2005-03-21,wti,56.7,USD per barrel,github.com/datasets/oil-prices
2005-03-22,wti,55.95,USD per barrel,github.com/datasets/oil-prices
2005-03-23,wti,49.43,USD per barrel,github.com/datasets/oil-prices
2005-03-28,wti,54.06,USD per barrel,github.com/datasets/oil-prices
2005-03-29,wti,54.26,USD per barrel,github.com/datasets/oil-prices
2005-03-30,wti,53.96,USD per barrel,github.com/datasets/oil-prices
2005-03-31,wti,55.31,USD per barrel,github.com/datasets/oil-prices
2005-04-05,wti,55.83,USD per barrel,github.com/datasets/oil-prices
2005-04-06,wti,55.88,USD per barrel,github.com/datasets/oil-prices
2005-04-07,wti,54.16,USD per barrel,github.com/datasets/oil-prices
2005-04-08,wti,53.46,USD per barrel,github.com/datasets/oil-prices
2005-04-12,wti,51.54,USD per barrel,github.com/datasets/oil-prices
2005-04-13,wti,50.21,USD per barrel,github.com/datasets/oil-prices
2005-04-14,wti,51.11,USD per barrel,github.com/datasets/oil-prices
2005-04-18,wti,50.52,USD per barrel,github.com/datasets/oil-prices
2005-04-20,wti,52.45,USD per barrel,github.com/datasets/oil-prices
2005-04-21,wti,52.49,USD per barrel,github.com/datasets/oil-prices
2005-04-22,wti,54.16,USD per barrel,github.com/datasets/oil-prices
2005-04-25,wti,53.16,USD per barrel,github.com/datasets/oil-prices
2005-04-26,wti,54.33,USD per barrel,github.com/datasets/oil-prices
2005-04-27,wti,51.37,USD per barrel,github.com/datasets/oil-prices
2005-04-28,wti,51.92,USD per barrel,github.com/datasets/oil-prices
2005-04-29,wti,49.2,USD per barrel,github.com/datasets/oil-prices
2005-05-02,wti,50.94,USD per barrel,github.com/datasets/oil-prices
2005-05-03,wti,49.6,USD per barrel,github.com/datasets/oil-prices
2005-05-04,wti,50.22,USD per barrel,github.com/datasets/oil-prices
2005-05-05,wti,51.12,USD per barrel,github.com/datasets/oil-prices
2005-05-09,wti,52.04,USD per barrel,github.com/datasets/oil-prices
2005-05-10,wti,51.76,USD per barrel,github.com/datasets/oil-prices
2005-05-11,wti,50.39,USD per barrel,github.com/datasets/oil-prices
2005-05-12,wti,48.83,USD per barrel,github.com/datasets/oil-prices
2005-05-16,wti,48.64,USD per barrel,github.com/datasets/oil-prices
2005-05-18,wti,46.99,USD per barrel,github.com/datasets/oil-prices
2005-05-19,wti,47.0,USD per barrel,github.com/datasets/oil-prices
2005-05-23,wti,48.68,USD per barrel,github.com/datasets/oil-prices
2005-05-24,wti,49.14,USD per barrel,github.com/datasets/oil-prices
2005-05-25,wti,50.37,USD per barrel,github.com/datasets/oil-prices
2005-05-26,wti,50.89,USD per barrel,github.com/datasets/oil-prices
2005-05-27,wti,51.65,USD per barrel,github.com/datasets/oil-prices
2005-05-31,wti,52.08,USD per barrel,github.com/datasets/oil-prices
2005-06-01,wti,54.4,USD per barrel,github.com/datasets/oil-prices
2005-06-02,wti,53.46,USD per barrel,github.com/datasets/oil-prices
2005-06-06,wti,54.46,USD per barrel,github.com/datasets/oil-prices
2005-06-07,wti,53.84,USD per barrel,github.com/datasets/oil-prices
2005-06-08,wti,52.51,USD per barrel,github.com/datasets/oil-prices
2005-06-09,wti,54.36,USD per barrel,github.com/datasets/oil-prices
2005-06-13,wti,55.47,USD per barrel,github.com/datasets/oil-prices
2005-06-14,wti,55.03,USD per barrel,github.com/datasets/oil-prices
2005-06-15,wti,55.53,USD per barrel,github.com/datasets/oil-prices
2005-06-16,wti,56.48,USD per barrel,github.com/datasets/oil-prices
2005-06-17,wti,58.4,USD per barrel,github.com/datasets/oil-prices
2005-06-22,wti,58.27,USD per barrel,github.com/datasets/oil-prices
2005-06-23,wti,59.23,USD per barrel,github.com/datasets/oil-prices
2005-06-24,wti,59.63,USD per barrel,github.com/datasets/oil-prices
2005-06-27,wti,59.78,USD per barrel,github.com/datasets/oil-prices
2005-06-28,wti,58.32,USD per barrel,github.com/datasets/oil-prices
2005-06-29,wti,57.23,USD per barrel,github.com/datasets/oil-prices
2005-06-30,wti,56.63,USD per barrel,github.com/datasets/oil-prices
2005-07-01,wti,59.11,USD per barrel,github.com/datasets/oil-prices
2005-07-05,wti,59.71,USD per barrel,github.com/datasets/oil-prices
2005-07-06,wti,61.24,USD per barrel,github.com/datasets/oil-prices
2005-07-07,wti,60.76,USD per barrel,github.com/datasets/oil-prices
2005-07-11,wti,59.23,USD per barrel,github.com/datasets/oil-prices
2005-07-12,wti,60.49,USD per barrel,github.com/datasets/oil-prices
2005-07-13,wti,60.0,USD per barrel,github.com/datasets/oil-prices
2005-07-14,wti,57.83,USD per barrel,github.com/datasets/oil-prices
2005-07-18,wti,57.12,USD per barrel,github.com/datasets/oil-prices
2005-07-19,wti,57.61,USD per barrel,github.com/datasets/oil-prices
2005-07-20,wti,56.73,USD per barrel,github.com/datasets/oil-prices
2005-07-21,wti,57.31,USD per barrel,github.com/datasets/oil-prices
2005-07-22,wti,57.75,USD per barrel,github.com/datasets/oil-prices
2005-07-26,wti,59.05,USD per barrel,github.com/datasets/oil-prices
2005-07-27,wti,59.12,USD per barrel,github.com/datasets/oil-prices
2005-07-28,wti,59.91,USD per barrel,github.com/datasets/oil-prices
2005-08-01,wti,61.51,USD per barrel,github.com/datasets/oil-prices
2005-08-02,wti,61.87,USD per barrel,github.com/datasets/oil-prices
2005-08-03,wti,60.76,USD per barrel,github.com/datasets/oil-prices
2005-08-04,wti,61.6,USD per barrel,github.com/datasets/oil-prices
2005-08-05,wti,62.44,USD per barrel,github.com/datasets/oil-prices
2005-08-08,wti,63.92,USD per barrel,github.com/datasets/oil-prices
2005-08-09,wti,63.13,USD per barrel,github.com/datasets/oil-prices
2005-08-10,wti,64.8,USD per barrel,github.com/datasets/oil-prices
2005-08-11,wti,65.67,USD per barrel,github.com/datasets/oil-prices
2005-08-15,wti,66.21,USD per barrel,github.com/datasets/oil-prices
2005-08-16,wti,66.11,USD per barrel,github.com/datasets/oil-prices
2005-08-17,wti,63.29,USD per barrel,github.com/datasets/oil-prices
2005-08-18,wti,63.47,USD per barrel,github.com/datasets/oil-prices
2005-08-22,wti,65.46,USD per barrel,github.com/datasets/oil-prices
2005-08-23,wti,65.81,USD per barrel,github.com/datasets/oil-prices
2005-08-24,wti,67.1,USD per barrel,github.com/datasets/oil-prices
2005-08-25,wti,67.29,USD per barrel,github.com/datasets/oil-prices
2005-08-26,wti,66.05,USD per barrel,github.com/datasets/oil-prices
2005-08-29,wti,67.41,USD per barrel,github.com/datasets/oil-prices
2005-08-31,wti,68.63,USD per barrel,github.com/datasets/oil-prices
2005-09-01,wti,69.5,USD per barrel,github.com/datasets/oil-prices
2005-09-06,wti,65.83,USD per barrel,github.com/datasets/oil-prices
2005-09-07,wti,64.38,USD per barrel,github.com/datasets/oil-prices
2005-09-08,wti,64.8,USD per barrel,github.com/datasets/oil-prices
2005-09-12,wti,63.29,USD per barrel,github.com/datasets/oil-prices
2005-09-13,wti,63.18,USD per barrel,github.com/datasets/oil-prices
2005-09-14,wti,65.2,USD per barrel,github.com/datasets/oil-prices
2005-09-15,wti,64.64,USD per barrel,github.com/datasets/oil-prices
2005-09-16,wti,62.91,USD per barrel,github.com/datasets/oil-prices
2005-09-19,wti,67.21,USD per barrel,github.com/datasets/oil-prices
2005-09-21,wti,66.96,USD per barrel,github.com/datasets/oil-prices
2005-09-22,wti,67.07,USD per barrel,github.com/datasets/oil-prices
2005-09-23,wti,64.67,USD per barrel,github.com/datasets/oil-prices
2005-09-26,wti,65.98,USD per barrel,github.com/datasets/oil-prices
2005-09-27,wti,64.94,USD per barrel,github.com/datasets/oil-prices
2005-09-28,wti,66.36,USD per barrel,github.com/datasets/oil-prices
2005-09-30,wti,66.21,USD per barrel,github.com/datasets/oil-prices
2005-10-03,wti,65.36,USD per barrel,github.com/datasets/oil-prices
2005-10-04,wti,63.74,USD per barrel,github.com/datasets/oil-prices
2005-10-06,wti,61.81,USD per barrel,github.com/datasets/oil-prices
2005-10-07,wti,61.81,USD per barrel,github.com/datasets/oil-prices
2005-10-11,wti,63.84,USD per barrel,github.com/datasets/oil-prices
2005-10-12,wti,64.13,USD per barrel,github.com/datasets/oil-prices
2005-10-13,wti,63.05,USD per barrel,github.com/datasets/oil-prices
2005-10-17,wti,64.26,USD per barrel,github.com/datasets/oil-prices
2005-10-18,wti,62.94,USD per barrel,github.com/datasets/oil-prices
2005-10-19,wti,62.11,USD per barrel,github.com/datasets/oil-prices
2005-10-24,wti,60.63,USD per barrel,github.com/datasets/oil-prices
2005-10-25,wti,62.83,USD per barrel,github.com/datasets/oil-prices
2005-10-26,wti,60.85,USD per barrel,github.com/datasets/oil-prices
2005-10-27,wti,61.03,USD per barrel,github.com/datasets/oil-prices
2005-10-28,wti,61.3,USD per barrel,github.com/datasets/oil-prices
2005-10-31,wti,59.8,USD per barrel,github.com/datasets/oil-prices
2005-11-01,wti,59.85,USD per barrel,github.com/datasets/oil-prices
2005-11-03,wti,61.7,USD per barrel,github.com/datasets/oil-prices
2005-11-04,wti,60.6,USD per barrel,github.com/datasets/oil-prices
2005-11-07,wti,59.4,USD per barrel,github.com/datasets/oil-prices
2005-11-08,wti,59.7,USD per barrel,github.com/datasets/oil-prices
2005-11-09,wti,59.65,USD per barrel,github.com/datasets/oil-prices
2005-11-11,wti,57.45,USD per barrel,github.com/datasets/oil-prices
2005-11-14,wti,57.6,USD per barrel,github.com/datasets/oil-prices
2005-11-16,wti,57.85,USD per barrel,github.com/datasets/oil-prices
2005-11-17,wti,56.2,USD per barrel,github.com/datasets/oil-prices
2005-11-18,wti,56.3,USD per barrel,github.com/datasets/oil-prices
2005-11-21,wti,57.75,USD per barrel,github.com/datasets/oil-prices
2005-11-22,wti,58.3,USD per barrel,github.com/datasets/oil-prices
2005-11-23,wti,58.35,USD per barrel,github.com/datasets/oil-prices
2005-11-29,wti,56.46,USD per barrel,github.com/datasets/oil-prices
2005-11-30,wti,57.33,USD per barrel,github.com/datasets/oil-prices
2005-12-01,wti,58.46,USD per barrel,github.com/datasets/oil-prices
2005-12-02,wti,59.31,USD per barrel,github.com/datasets/oil-prices
2005-12-06,wti,59.96,USD per barrel,github.com/datasets/oil-prices
2005-12-09,wti,59.41,USD per barrel,github.com/datasets/oil-prices
2005-12-12,wti,61.36,USD per barrel,github.com/datasets/oil-prices
2005-12-13,wti,61.36,USD per barrel,github.com/datasets/oil-prices
2005-12-14,wti,60.86,USD per barrel,github.com/datasets/oil-prices
2005-12-15,wti,60.01,USD per barrel,github.com/datasets/oil-prices
2005-12-16,wti,58.01,USD per barrel,github.com/datasets/oil-prices
2005-12-19,wti,57.31,USD per barrel,github.com/datasets/oil-prices
2005-12-20,wti,57.81,USD per barrel,github.com/datasets/oil-prices
2005-12-21,wti,58.56,USD per barrel,github.com/datasets/oil-prices
2005-12-23,wti,58.08,USD per barrel,github.com/datasets/oil-prices
2005-12-28,wti,59.81,USD per barrel,github.com/datasets/oil-prices
2005-12-29,wti,60.26,USD per barrel,github.com/datasets/oil-prices
2006-01-03,wti,63.11,USD per barrel,github.com/datasets/oil-prices
2006-01-04,wti,63.41,USD per barrel,github.com/datasets/oil-prices
2006-01-05,wti,62.81,USD per barrel,github.com/datasets/oil-prices
2006-01-09,wti,63.56,USD per barrel,github.com/datasets/oil-prices
2006-01-10,wti,63.41,USD per barrel,github.com/datasets/oil-prices
2006-01-11,wti,63.91,USD per barrel,github.com/datasets/oil-prices
2006-01-13,wti,63.86,USD per barrel,github.com/datasets/oil-prices
2006-01-17,wti,66.36,USD per barrel,github.com/datasets/oil-prices
2006-01-18,wti,65.76,USD per barrel,github.com/datasets/oil-prices
2006-01-19,wti,66.86,USD per barrel,github.com/datasets/oil-prices
2006-01-20,wti,68.16,USD per barrel,github.com/datasets/oil-prices
2006-01-23,wti,68.06,USD per barrel,github.com/datasets/oil-prices
2006-01-24,wti,66.83,USD per barrel,github.com/datasets/oil-prices
2006-01-25,wti,65.6,USD per barrel,github.com/datasets/oil-prices
2006-01-26,wti,65.8,USD per barrel,github.com/datasets/oil-prices
2006-01-27,wti,67.81,USD per barrel,github.com/datasets/oil-prices
2006-01-30,wti,68.36,USD per barrel,github.com/datasets/oil-prices
2006-01-31,wti,67.86,USD per barrel,github.com/datasets/oil-prices
2006-02-01,wti,66.61,USD per barrel,github.com/datasets/oil-prices
2006-02-02,wti,64.71,USD per barrel,github.com/datasets/oil-prices
2006-02-03,wti,65.41,USD per barrel,github.com/datasets/oil-prices
2006-02-06,wti,65.11,USD per barrel,github.com/datasets/oil-prices
2006-02-07,wti,63.01,USD per barrel,github.com/datasets/oil-prices
2006-02-08,wti,62.51,USD per barrel,github.com/datasets/oil-prices
2006-02-09,wti,62.66,USD per barrel,github.com/datasets/oil-prices
2006-02-10,wti,62.01,USD per barrel,github.com/datasets/oil-prices
2006-02-13,wti,61.26,USD per barrel,github.com/datasets/oil-prices
2006-02-14,wti,59.61,USD per barrel,github.com/datasets/oil-prices
2006-02-15,wti,57.61,USD per barrel,github.com/datasets/oil-prices
2006-02-16,wti,58.61,USD per barrel,github.com/datasets/oil-prices
2006-02-21,wti,61.21,USD per barrel,github.com/datasets/oil-prices
2006-02-22,wti,59.03,USD per barrel,github.com/datasets/oil-prices
2006-02-23,wti,58.03,USD per barrel,github.com/datasets/oil-prices
2006-02-24,wti,61.46,USD per barrel,github.com/datasets/oil-prices
2006-02-28,wti,61.37,USD per barrel,github.com/datasets/oil-prices
2006-03-01,wti,62.01,USD per barrel,github.com/datasets/oil-prices
2006-03-06,wti,62.46,USD per barrel,github.com/datasets/oil-prices
2006-03-07,wti,61.51,USD per barrel,github.com/datasets/oil-prices
2006-03-08,wti,60.06,USD per barrel,github.com/datasets/oil-prices
2006-03-09,wti,60.51,USD per barrel,github.com/datasets/oil-prices
2006-03-10,wti,59.91,USD per barrel,github.com/datasets/oil-prices
2006-03-13,wti,61.81,USD per barrel,github.com/datasets/oil-prices
2006-03-15,wti,62.11,USD per barrel,github.com/datasets/oil-prices
2006-03-16,wti,63.46,USD per barrel,github.com/datasets/oil-prices
2006-03-17,wti,62.81,USD per barrel,github.com/datasets/oil-prices
2006-03-20,wti,60.31,USD per barrel,github.com/datasets/oil-prices
2006-03-21,wti,60.41,USD per barrel,github.com/datasets/oil-prices
2006-03-22,wti,60.03,USD per barrel,github.com/datasets/oil-prices
2006-03-23,wti,62.13,USD per barrel,github.com/datasets/oil-prices
2006-03-24,wti,63.9,USD per barrel,github.com/datasets/oil-prices
2006-03-27,wti,63.75,USD per barrel,github.com/datasets/oil-prices
2006-03-28,wti,65.65,USD per barrel,github.com/datasets/oil-prices
2006-03-29,wti,66.0,USD per barrel,github.com/datasets/oil-prices
2006-03-30,wti,66.7,USD per barrel,github.com/datasets/oil-prices
2006-04-03,wti,66.07,USD per barrel,github.com/datasets/oil-prices
2006-04-04,wti,65.75,USD per barrel,github.com/datasets/oil-prices
2006-04-05,wti,66.76,USD per barrel,github.com/datasets/oil-prices
2006-04-06,wti,67.22,USD per barrel,github.com/datasets/oil-prices
2006-04-07,wti,67.02,USD per barrel,github.com/datasets/oil-prices
2006-04-10,wti,68.29,USD per barrel,github.com/datasets/oil-prices
2006-04-11,wti,69.03,USD per barrel,github.com/datasets/oil-prices
2006-04-12,wti,68.53,USD per barrel,github.com/datasets/oil-prices
2006-04-17,wti,70.3,USD per barrel,github.com/datasets/oil-prices
2006-04-18,wti,71.28,USD per barrel,github.com/datasets/oil-prices
2006-04-19,wti,72.07,USD per barrel,github.com/datasets/oil-prices
2006-04-21,wti,73.73,USD per barrel,github.com/datasets/oil-prices
2006-04-24,wti,70.19,USD per barrel,github.com/datasets/oil-prices
2006-04-25,wti,67.43,USD per barrel,github.com/datasets/oil-prices
2006-04-26,wti,71.71,USD per barrel,github.com/datasets/oil-prices
2006-04-27,wti,70.76,USD per barrel,github.com/datasets/oil-prices
2006-04-28,wti,71.8,USD per barrel,github.com/datasets/oil-prices
2006-05-01,wti,73.75,USD per barrel,github.com/datasets/oil-prices
2006-05-02,wti,74.62,USD per barrel,github.com/datasets/oil-prices
2006-05-03,wti,72.26,USD per barrel,github.com/datasets/oil-prices
2006-05-05,wti,70.09,USD per barrel,github.com/datasets/oil-prices
2006-05-08,wti,69.75,USD per barrel,github.com/datasets/oil-prices
2006-05-10,wti,72.15,USD per barrel,github.com/datasets/oil-prices
2006-05-11,wti,73.0,USD per barrel,github.com/datasets/oil-prices
2006-05-12,wti,71.87,USD per barrel,github.com/datasets/oil-prices
2006-05-15,wti,69.25,USD per barrel,github.com/datasets/oil-prices
2006-05-16,wti,69.4,USD per barrel,github.com/datasets/oil-prices
2006-05-17,wti,68.65,USD per barrel,github.com/datasets/oil-prices
2006-05-18,wti,69.63,USD per barrel,github.com/datasets/oil-prices
2006-05-19,wti,68.44,USD per barrel,github.com/datasets/oil-prices
2006-05-22,wti,69.23,USD per barrel,github.com/datasets/oil-prices
2006-05-23,wti,70.78,USD per barrel,github.com/datasets/oil-prices
2006-05-24,wti,69.47,USD per barrel,github.com/datasets/oil-prices
2006-05-25,wti,70.92,USD per barrel,github.com/datasets/oil-prices
2006-05-26,wti,71.35,USD per barrel,github.com/datasets/oil-prices
2006-05-30,wti,71.85,USD per barrel,github.com/datasets/oil-prices
2006-05-31,wti,71.42,USD per barrel,github.com/datasets/oil-prices
2006-06-01,wti,70.11,USD per barrel,github.com/datasets/oil-prices
2006-06-02,wti,72.73,USD per barrel,github.com/datasets/oil-prices
2006-06-05,wti,72.5,USD per barrel,github.com/datasets/oil-prices
2006-06-06,wti,72.43,USD per barrel,github.com/datasets/oil-prices
2006-06-07,wti,70.9,USD per barrel,github.com/datasets/oil-prices
2006-06-08,wti,70.25,USD per barrel,github.com/datasets/oil-prices
2006-06-09,wti,71.62,USD per barrel,github.com/datasets/oil-prices
2006-06-12,wti,70.28,USD per barrel,github.com/datasets/oil-prices
2006-06-13,wti,68.48,USD per barrel,github.com/datasets/oil-prices
2006-06-14,wti,69.12,USD per barrel,github.com/datasets/oil-prices
2006-06-15,wti,69.78,USD per barrel,github.com/datasets/oil-prices
2006-06-16,wti,69.75,USD per barrel,github.com/datasets/oil-prices
2006-06-19,wti,69.21,USD per barrel,github.com/datasets/oil-prices
2006-06-20,wti,69.3,USD per barrel,github.com/datasets/oil-prices
2006-06-21,wti,70.07,USD per barrel,github.com/datasets/oil-prices
2006-06-22,wti,70.62,USD per barrel,github.com/datasets/oil-prices
2006-06-23,wti,70.5,USD per barrel,github.com/datasets/oil-prices
2006-06-26,wti,71.63,USD per barrel,github.com/datasets/oil-prices
2006-06-28,wti,72.15,USD per barrel,github.com/datasets/oil-prices
2006-06-29,wti,73.5,USD per barrel,github.com/datasets/oil-prices
2006-06-30,wti,73.94,USD per barrel,github.com/datasets/oil-prices
2006-07-05,wti,75.2,USD per barrel,github.com/datasets/oil-prices
2006-07-06,wti,75.0,USD per barrel,github.com/datasets/oil-prices
2006-07-07,wti,73.76,USD per barrel,github.com/datasets/oil-prices
2006-07-10,wti,73.5,USD per barrel,github.com/datasets/oil-prices
2006-07-11,wti,74.05,USD per barrel,github.com/datasets/oil-prices
2006-07-17,wti,75.7,USD per barrel,github.com/datasets/oil-prices
2006-07-18,wti,73.87,USD per barrel,github.com/datasets/oil-prices
2006-07-19,wti,72.79,USD per barrel,github.com/datasets/oil-prices
2006-07-20,wti,74.0,USD per barrel,github.com/datasets/oil-prices
2006-07-21,wti,73.52,USD per barrel,github.com/datasets/oil-prices
2006-07-24,wti,74.29,USD per barrel,github.com/datasets/oil-prices
2006-07-25,wti,73.46,USD per barrel,github.com/datasets/oil-prices
2006-07-26,wti,73.82,USD per barrel,github.com/datasets/oil-prices
2006-07-27,wti,74.5,USD per barrel,github.com/datasets/oil-prices
2006-07-28,wti,73.3,USD per barrel,github.com/datasets/oil-prices
2006-07-31,wti,74.56,USD per barrel,github.com/datasets/oil-prices
2006-08-01,wti,74.93,USD per barrel,github.com/datasets/oil-prices
2006-08-02,wti,76.16,USD per barrel,github.com/datasets/oil-prices
2006-08-03,wti,75.59,USD per barrel,github.com/datasets/oil-prices
2006-08-04,wti,74.78,USD per barrel,github.com/datasets/oil-prices
2006-08-07,wti,77.05,USD per barrel,github.com/datasets/oil-prices
2006-08-08,wti,76.29,USD per barrel,github.com/datasets/oil-prices
2006-08-09,wti,76.28,USD per barrel,github.com/datasets/oil-prices
2006-08-10,wti,74.17,USD per barrel,github.com/datasets/oil-prices
2006-08-11,wti,74.38,USD per barrel,github.com/datasets/oil-prices
2006-08-14,wti,73.33,USD per barrel,github.com/datasets/oil-prices
2006-08-15,wti,72.95,USD per barrel,github.com/datasets/oil-prices
2006-08-16,wti,71.64,USD per barrel,github.com/datasets/oil-prices
2006-08-17,wti,70.12,USD per barrel,github.com/datasets/oil-prices
2006-08-18,wti,70.93,USD per barrel,github.com/datasets/oil-prices
2006-08-21,wti,72.45,USD per barrel,github.com/datasets/oil-prices
2006-08-22,wti,72.55,USD per barrel,github.com/datasets/oil-prices
2006-08-23,wti,71.45,USD per barrel,github.com/datasets/oil-prices
2006-08-24,wti,72.02,USD per barrel,github.com/datasets/oil-prices
2006-08-25,wti,72.13,USD per barrel,github.com/datasets/oil-prices
2006-08-28,wti,70.47,USD per barrel,github.com/datasets/oil-prices
2006-08-30,wti,70.2,USD per barrel,github.com/datasets/oil-prices
2006-08-31,wti,70.38,USD per barrel,github.com/datasets/oil-prices
2006-09-01,wti,69.24,USD per barrel,github.com/datasets/oil-prices
2006-09-05,wti,68.7,USD per barrel,github.com/datasets/oil-prices
2006-09-06,wti,67.75,USD per barrel,github.com/datasets/oil-prices
2006-09-07,wti,67.37,USD per barrel,github.com/datasets/oil-prices
2006-09-08,wti,66.3,USD per barrel,github.com/datasets/oil-prices
2006-09-11,wti,65.42,USD per barrel,github.com/datasets/oil-prices
2006-09-12,wti,63.81,USD per barrel,github.com/datasets/oil-prices
2006-09-13,wti,64.09,USD per barrel,github.com/datasets/oil-prices
2006-09-14,wti,63.27,USD per barrel,github.com/datasets/oil-prices
2006-09-15,wti,63.3,USD per barrel,github.com/datasets/oil-prices
2006-09-19,wti,61.77,USD per barrel,github.com/datasets/oil-prices
2006-09-21,wti,61.62,USD per barrel,github.com/datasets/oil-prices
2006-09-22,wti,59.79,USD per barrel,github.com/datasets/oil-prices
2006-09-25,wti,60.74,USD per barrel,github.com/datasets/oil-prices
2006-09-26,wti,60.63,USD per barrel,github.com/datasets/oil-prices
2006-09-28,wti,62.46,USD per barrel,github.com/datasets/oil-prices
2006-09-29,wti,62.9,USD per barrel,github.com/datasets/oil-prices
2006-10-02,wti,60.96,USD per barrel,github.com/datasets/oil-prices
2006-10-03,wti,58.64,USD per barrel,github.com/datasets/oil-prices
2006-10-04,wti,59.53,USD per barrel,github.com/datasets/oil-prices
2006-10-05,wti,60.02,USD per barrel,github.com/datasets/oil-prices
2006-10-06,wti,59.68,USD per barrel,github.com/datasets/oil-prices
2006-10-09,wti,59.93,USD per barrel,github.com/datasets/oil-prices
2006-10-10,wti,58.5,USD per barrel,github.com/datasets/oil-prices
2006-10-11,wti,57.56,USD per barrel,github.com/datasets/oil-prices
2006-10-12,wti,58.23,USD per barrel,github.com/datasets/oil-prices
2006-10-13,wti,58.69,USD per barrel,github.com/datasets/oil-prices
2006-10-16,wti,59.91,USD per barrel,github.com/datasets/oil-prices
2006-10-17,wti,58.91,USD per barrel,github.com/datasets/oil-prices
2006-10-18,wti,57.66,USD per barrel,github.com/datasets/oil-prices
2006-10-19,wti,58.55,USD per barrel,github.com/datasets/oil-prices
2006-10-20,wti,57.35,USD per barrel,github.com/datasets/oil-prices
2006-10-23,wti,56.74,USD per barrel,github.com/datasets/oil-prices
2006-10-24,wti,57.55,USD per barrel,github.com/datasets/oil-prices
2006-10-25,wti,59.09,USD per barrel,github.com/datasets/oil-prices
2006-10-26,wti,60.27,USD per barrel,github.com/datasets/oil-prices
2006-10-27,wti,60.75,USD per barrel,github.com/datasets/oil-prices
2006-10-30,wti,58.41,USD per barrel,github.com/datasets/oil-prices
2006-10-31,wti,58.72,USD per barrel,github.com/datasets/oil-prices
2006-11-01,wti,58.64,USD per barrel,github.com/datasets/oil-prices
2006-11-03,wti,59.13,USD per barrel,github.com/datasets/oil-prices
2006-11-06,wti,60.11,USD per barrel,github.com/datasets/oil-prices
2006-11-07,wti,58.94,USD per barrel,github.com/datasets/oil-prices
2006-11-09,wti,61.18,USD per barrel,github.com/datasets/oil-prices
2006-11-10,wti,59.66,USD per barrel,github.com/datasets/oil-prices
2006-11-13,wti,58.59,USD per barrel,github.com/datasets/oil-prices
2006-11-15,wti,58.79,USD per barrel,github.com/datasets/oil-prices
2006-11-16,wti,56.23,USD per barrel,github.com/datasets/oil-prices
2006-11-17,wti,55.9,USD per barrel,github.com/datasets/oil-prices
2006-11-20,wti,56.42,USD per barrel,github.com/datasets/oil-prices
2006-11-21,wti,58.01,USD per barrel,github.com/datasets/oil-prices
2006-11-22,wti,57.28,USD per barrel,github.com/datasets/oil-prices
2006-11-27,wti,60.3,USD per barrel,github.com/datasets/oil-prices
2006-11-28,wti,60.97,USD per barrel,github.com/datasets/oil-prices
2006-11-29,wti,62.45,USD per barrel,github.com/datasets/oil-prices
2006-11-30,wti,62.97,USD per barrel,github.com/datasets/oil-prices
2006-12-01,wti,63.43,USD per barrel,github.com/datasets/oil-prices
2006-12-04,wti,62.39,USD per barrel,github.com/datasets/oil-prices
2006-12-05,wti,62.4,USD per barrel,github.com/datasets/oil-prices
2006-12-06,wti,62.2,USD per barrel,github.com/datasets/oil-prices
2006-12-07,wti,62.54,USD per barrel,github.com/datasets/oil-prices
2006-12-08,wti,62.06,USD per barrel,github.com/datasets/oil-prices
2006-12-11,wti,61.26,USD per barrel,github.com/datasets/oil-prices
2006-12-12,wti,61.06,USD per barrel,github.com/datasets/oil-prices
2006-12-13,wti,61.34,USD per barrel,github.com/datasets/oil-prices
2006-12-14,wti,62.48,USD per barrel,github.com/datasets/oil-prices
2006-12-15,wti,63.4,USD per barrel,github.com/datasets/oil-prices
2006-12-18,wti,62.19,USD per barrel,github.com/datasets/oil-prices
2006-12-19,wti,62.87,USD per barrel,github.com/datasets/oil-prices
2006-12-20,wti,63.08,USD per barrel,github.com/datasets/oil-prices
2006-12-21,wti,62.05,USD per barrel,github.com/datasets/oil-prices
2006-12-22,wti,61.81,USD per barrel,github.com/datasets/oil-prices
2006-12-26,wti,61.07,USD per barrel,github.com/datasets/oil-prices
2006-12-27,wti,60.31,USD per barrel,github.com/datasets/oil-prices
2006-12-28,wti,60.39,USD per barrel,github.com/datasets/oil-prices
2006-12-29,wti,60.85,USD per barrel,github.com/datasets/oil-prices
2007-01-02,wti,60.77,USD per barrel,github.com/datasets/oil-prices
2007-01-03,wti,58.31,USD per barrel,github.com/datasets/oil-prices
2007-01-04,wti,55.65,USD per barrel,github.com/datasets/oil-prices
2007-01-05,wti,56.29,USD per barrel,github.com/datasets/oil-prices
2007-01-08,wti,56.08,USD per barrel,github.com/datasets/oil-prices
2007-01-09,wti,55.65,USD per barrel,github.com/datasets/oil-prices
2007-01-10,wti,53.95,USD per barrel,github.com/datasets/oil-prices
2007-01-11,wti,51.91,USD per barrel,github.com/datasets/oil-prices
2007-01-12,wti,52.96,USD per barrel,github.com/datasets/oil-prices
2007-01-16,wti,51.23,USD per barrel,github.com/datasets/oil-prices
2007-01-17,wti,52.3,USD per barrel,github.com/datasets/oil-prices
2007-01-18,wti,50.51,USD per barrel,github.com/datasets/oil-prices
2007-01-19,wti,51.98,USD per barrel,github.com/datasets/oil-prices
2007-01-22,wti,51.11,USD per barrel,github.com/datasets/oil-prices
2007-01-23,wti,53.61,USD per barrel,github.com/datasets/oil-prices
2007-01-24,wti,54.24,USD per barrel,github.com/datasets/oil-prices
2007-01-25,wti,53.49,USD per barrel,github.com/datasets/oil-prices
2007-01-26,wti,55.38,USD per barrel,github.com/datasets/oil-prices
2007-01-30,wti,57.03,USD per barrel,github.com/datasets/oil-prices
2007-01-31,wti,58.17,USD per barrel,github.com/datasets/oil-prices
2007-02-01,wti,57.35,USD per barrel,github.com/datasets/oil-prices
2007-02-02,wti,59.01,USD per barrel,github.com/datasets/oil-prices
2007-02-05,wti,58.69,USD per barrel,github.com/datasets/oil-prices
2007-02-06,wti,58.91,USD per barrel,github.com/datasets/oil-prices
2007-02-07,wti,57.75,USD per barrel,github.com/datasets/oil-prices
2007-02-08,wti,59.76,USD per barrel,github.com/datasets/oil-prices
2007-02-09,wti,59.86,USD per barrel,github.com/datasets/oil-prices
2007-02-12,wti,57.76,USD per barrel,github.com/datasets/oil-prices
2007-02-13,wti,58.98,USD per barrel,github.com/datasets/oil-prices
2007-02-15,wti,57.92,USD per barrel,github.com/datasets/oil-prices
2007-02-16,wti,59.38,USD per barrel,github.com/datasets/oil-prices
2007-02-20,wti,58.32,USD per barrel,github.com/datasets/oil-prices
2007-02-21,wti,59.4,USD per barrel,github.com/datasets/oil-prices
2007-02-22,wti,60.28,USD per barrel,github.com/datasets/oil-prices
2007-02-23,wti,60.28,USD per barrel,github.com/datasets/oil-prices
2007-02-26,wti,61.41,USD per barrel,github.com/datasets/oil-prices
2007-02-28,wti,61.78,USD per barrel,github.com/datasets/oil-prices
2007-03-01,wti,61.97,USD per barrel,github.com/datasets/oil-prices
2007-03-02,wti,61.58,USD per barrel,github.com/datasets/oil-prices
2007-03-05,wti,60.05,USD per barrel,github.com/datasets/oil-prices
2007-03-06,wti,60.66,USD per barrel,github.com/datasets/oil-prices
2007-03-07,wti,61.85,USD per barrel,github.com/datasets/oil-prices
2007-03-08,wti,61.63,USD per barrel,github.com/datasets/oil-prices
2007-03-09,wti,60.06,USD per barrel,github.com/datasets/oil-prices
2007-03-12,wti,58.94,USD per barrel,github.com/datasets/oil-prices
2007-03-13,wti,58.03,USD per barrel,github.com/datasets/oil-prices
2007-03-14,wti,58.15,USD per barrel,github.com/datasets/oil-prices
2007-03-15,wti,57.52,USD per barrel,github.com/datasets/oil-prices
2007-03-16,wti,57.06,USD per barrel,github.com/datasets/oil-prices
2007-03-19,wti,56.65,USD per barrel,github.com/datasets/oil-prices
2007-03-20,wti,56.41,USD per barrel,github.com/datasets/oil-prices
2007-03-21,wti,56.98,USD per barrel,github.com/datasets/oil-prices
2007-03-22,wti,60.21,USD per barrel,github.com/datasets/oil-prices
2007-03-23,wti,61.07,USD per barrel,github.com/datasets/oil-prices
2007-03-26,wti,61.77,USD per barrel,github.com/datasets/oil-prices
2007-03-27,wti,62.98,USD per barrel,github.com/datasets/oil-prices
2007-03-28,wti,64.11,USD per barrel,github.com/datasets/oil-prices
2007-03-29,wti,66.1,USD per barrel,github.com/datasets/oil-prices
2007-03-30,wti,65.94,USD per barrel,github.com/datasets/oil-prices
2007-04-02,wti,66.03,USD per barrel,github.com/datasets/oil-prices
2007-04-03,wti,64.59,USD per barrel,github.com/datasets/oil-prices
2007-04-04,wti,64.4,USD per barrel,github.com/datasets/oil-prices
2007-04-05,wti,64.26,USD per barrel,github.com/datasets/oil-prices
2007-04-09,wti,61.51,USD per barrel,github.com/datasets/oil-prices
2007-04-10,wti,61.92,USD per barrel,github.com/datasets/oil-prices
2007-04-11,wti,61.98,USD per barrel,github.com/datasets/oil-prices
2007-04-13,wti,63.63,USD per barrel,github.com/datasets/oil-prices
2007-04-16,wti,63.63,USD per barrel,github.com/datasets/oil-prices
2007-04-17,wti,63.14,USD per barrel,github.com/datasets/oil-prices
2007-04-18,wti,63.14,USD per barrel,github.com/datasets/oil-prices
2007-04-19,wti,61.81,USD per barrel,github.com/datasets/oil-prices
2007-04-20,wti,63.56,USD per barrel,github.com/datasets/oil-prices
2007-04-23,wti,65.33,USD per barrel,github.com/datasets/oil-prices
2007-04-24,wti,64.1,USD per barrel,github.com/datasets/oil-prices
2007-04-25,wti,65.33,USD per barrel,github.com/datasets/oil-prices
2007-04-26,wti,65.08,USD per barrel,github.com/datasets/oil-prices
2007-04-27,wti,66.45,USD per barrel,github.com/datasets/oil-prices
2007-04-30,wti,65.78,USD per barrel,github.com/datasets/oil-prices
2007-05-01,wti,64.43,USD per barrel,github.com/datasets/oil-prices
2007-05-02,wti,63.78,USD per barrel,github.com/datasets/oil-prices
2007-05-03,wti,63.23,USD per barrel,github.com/datasets/oil-prices
2007-05-04,wti,61.89,USD per barrel,github.com/datasets/oil-prices
2007-05-07,wti,61.48,USD per barrel,github.com/datasets/oil-prices
2007-05-08,wti,62.26,USD per barrel,github.com/datasets/oil-prices
2007-05-09,wti,61.54,USD per barrel,github.com/datasets/oil-prices
2007-05-10,wti,61.85,USD per barrel,github.com/datasets/oil-prices
2007-05-11,wti,62.35,USD per barrel,github.com/datasets/oil-prices
2007-05-14,wti,62.55,USD per barrel,github.com/datasets/oil-prices
2007-05-15,wti,63.16,USD per barrel,github.com/datasets/oil-prices
2007-05-16,wti,62.57,USD per barrel,github.com/datasets/oil-prices
2007-05-17,wti,64.83,USD per barrel,github.com/datasets/oil-prices
2007-05-18,wti,64.93,USD per barrel,github.com/datasets/oil-prices
2007-05-21,wti,66.25,USD per barrel,github.com/datasets/oil-prices
2007-05-22,wti,64.91,USD per barrel,github.com/datasets/oil-prices
2007-05-23,wti,65.1,USD per barrel,github.com/datasets/oil-prices
2007-05-24,wti,63.62,USD per barrel,github.com/datasets/oil-prices
2007-05-25,wti,64.59,USD per barrel,github.com/datasets/oil-prices
2007-05-29,wti,63.19,USD per barrel,github.com/datasets/oil-prices
2007-05-30,wti,63.47,USD per barrel,github.com/datasets/oil-prices
2007-05-31,wti,64.02,USD per barrel,github.com/datasets/oil-prices
2007-06-01,wti,65.09,USD per barrel,github.com/datasets/oil-prices
2007-06-04,wti,66.17,USD per barrel,github.com/datasets/oil-prices
2007-06-05,wti,65.63,USD per barrel,github.com/datasets/oil-prices
2007-06-06,wti,65.97,USD per barrel,github.com/datasets/oil-prices
2007-06-07,wti,66.93,USD per barrel,github.com/datasets/oil-prices
2007-06-08,wti,64.78,USD per barrel,github.com/datasets/oil-prices
2007-06-11,wti,65.93,USD per barrel,github.com/datasets/oil-prices
2007-06-12,wti,65.36,USD per barrel,github.com/datasets/oil-prices
2007-06-13,wti,66.17,USD per barrel,github.com/datasets/oil-prices
2007-06-14,wti,67.62,USD per barrel,github.com/datasets/oil-prices
2007-06-15,wti,68.04,USD per barrel,github.com/datasets/oil-prices
2007-06-18,wti,69.06,USD per barrel,github.com/datasets/oil-prices
2007-06-19,wti,69.15,USD per barrel,github.com/datasets/oil-prices
2007-06-20,wti,68.5,USD per barrel,github.com/datasets/oil-prices
2007-06-21,wti,68.35,USD per barrel,github.com/datasets/oil-prices
2007-06-22,wti,68.85,USD per barrel,github.com/datasets/oil-prices
2007-06-25,wti,68.83,USD per barrel,github.com/datasets/oil-prices
2007-06-26,wti,67.78,USD per barrel,github.com/datasets/oil-prices
2007-06-27,wti,68.98,USD per barrel,github.com/datasets/oil-prices
2007-06-28,wti,69.61,USD per barrel,github.com/datasets/oil-prices
2007-06-29,wti,70.47,USD per barrel,github.com/datasets/oil-prices
2007-07-02,wti,71.11,USD per barrel,github.com/datasets/oil-prices
2007-07-03,wti,71.41,USD per barrel,github.com/datasets/oil-prices
2007-07-05,wti,71.81,USD per barrel,github.com/datasets/oil-prices
2007-07-06,wti,72.8,USD per barrel,github.com/datasets/oil-prices
2007-07-09,wti,72.14,USD per barrel,github.com/datasets/oil-prices
2007-07-10,wti,72.8,USD per barrel,github.com/datasets/oil-prices
2007-07-11,wti,72.58,USD per barrel,github.com/datasets/oil-prices
2007-07-12,wti,72.55,USD per barrel,github.com/datasets/oil-prices
2007-07-13,wti,73.89,USD per barrel,github.com/datasets/oil-prices
2007-07-16,wti,74.11,USD per barrel,github.com/datasets/oil-prices
2007-07-17,wti,74.03,USD per barrel,github.com/datasets/oil-prices
2007-07-18,wti,75.03,USD per barrel,github.com/datasets/oil-prices
2007-07-19,wti,75.9,USD per barrel,github.com/datasets/oil-prices
2007-07-20,wti,75.53,USD per barrel,github.com/datasets/oil-prices
2007-07-23,wti,74.65,USD per barrel,github.com/datasets/oil-prices
2007-07-24,wti,73.38,USD per barrel,github.com/datasets/oil-prices
2007-07-25,wti,75.74,USD per barrel,github.com/datasets/oil-prices
2007-07-26,wti,74.96,USD per barrel,github.com/datasets/oil-prices
2007-07-27,wti,77.03,USD per barrel,github.com/datasets/oil-prices
2007-07-30,wti,76.82,USD per barrel,github.com/datasets/oil-prices
2007-07-31,wti,78.2,USD per barrel,github.com/datasets/oil-prices
2007-08-01,wti,76.49,USD per barrel,github.com/datasets/oil-prices
2007-08-02,wti,76.84,USD per barrel,github.com/datasets/oil-prices
2007-08-03,wti,75.41,USD per barrel,github.com/datasets/oil-prices
2007-08-06,wti,72.03,USD per barrel,github.com/datasets/oil-prices
2007-08-07,wti,72.25,USD per barrel,github.com/datasets/oil-prices
2007-08-08,wti,72.23,USD per barrel,github.com/datasets/oil-prices
2007-08-09,wti,71.62,USD per barrel,github.com/datasets/oil-prices
2007-08-10,wti,71.49,USD per barrel,github.com/datasets/oil-prices
2007-08-13,wti,71.6,USD per barrel,github.com/datasets/oil-prices
2007-08-14,wti,72.4,USD per barrel,github.com/datasets/oil-prices
2007-08-15,wti,73.36,USD per barrel,github.com/datasets/oil-prices
2007-08-16,wti,70.99,USD per barrel,github.com/datasets/oil-prices
2007-08-17,wti,71.9,USD per barrel,github.com/datasets/oil-prices
2007-08-20,wti,71.12,USD per barrel,github.com/datasets/oil-prices
2007-08-21,wti,69.49,USD per barrel,github.com/datasets/oil-prices
2007-08-22,wti,69.3,USD per barrel,github.com/datasets/oil-prices
2007-08-23,wti,69.86,USD per barrel,github.com/datasets/oil-prices
2007-08-24,wti,71.17,USD per barrel,github.com/datasets/oil-prices
2007-08-27,wti,71.98,USD per barrel,github.com/datasets/oil-prices
2007-08-28,wti,71.79,USD per barrel,github.com/datasets/oil-prices
2007-08-29,wti,73.52,USD per barrel,github.com/datasets/oil-prices
2007-08-30,wti,73.37,USD per barrel,github.com/datasets/oil-prices
2007-08-31,wti,73.98,USD per barrel,github.com/datasets/oil-prices
2007-09-04,wti,75.07,USD per barrel,github.com/datasets/oil-prices
2007-09-05,wti,75.74,USD per barrel,github.com/datasets/oil-prices
2007-09-06,wti,76.34,USD per barrel,github.com/datasets/oil-prices
2007-09-07,wti,76.7,USD per barrel,github.com/datasets/oil-prices
2007-09-10,wti,77.53,USD per barrel,github.com/datasets/oil-prices
2007-09-11,wti,78.16,USD per barrel,github.com/datasets/oil-prices
2007-09-12,wti,79.85,USD per barrel,github.com/datasets/oil-prices
2007-09-13,wti,80.05,USD per barrel,github.com/datasets/oil-prices
2007-09-14,wti,79.14,USD per barrel,github.com/datasets/oil-prices
2007-09-17,wti,80.55,USD per barrel,github.com/datasets/oil-prices
2007-09-18,wti,81.51,USD per barrel,github.com/datasets/oil-prices
2007-09-19,wti,81.99,USD per barrel,github.com/datasets/oil-prices
2007-09-20,wti,83.85,USD per barrel,github.com/datasets/oil-prices
2007-09-21,wti,83.38,USD per barrel,github.com/datasets/oil-prices
2007-09-24,wti,82.51,USD per barrel,github.com/datasets/oil-prices
2007-09-25,wti,81.2,USD per barrel,github.com/datasets/oil-prices
2007-09-26,wti,80.31,USD per barrel,github.com/datasets/oil-prices
2007-09-27,wti,82.86,USD per barrel,github.com/datasets/oil-prices
2007-09-28,wti,81.64,USD per barrel,github.com/datasets/oil-prices
2007-10-01,wti,80.31,USD per barrel,github.com/datasets/oil-prices
2007-10-02,wti,80.0,USD per barrel,github.com/datasets/oil-prices
2007-10-03,wti,79.97,USD per barrel,github.com/datasets/oil-prices
2007-10-04,wti,81.48,USD per barrel,github.com/datasets/oil-prices
2007-10-05,wti,81.2,USD per barrel,github.com/datasets/oil-prices
2007-10-08,wti,78.97,USD per barrel,github.com/datasets/oil-prices
2007-10-09,wti,80.23,USD per barrel,github.com/datasets/oil-prices
2007-10-10,wti,81.3,USD per barrel,github.com/datasets/oil-prices
2007-10-11,wti,83.05,USD per barrel,github.com/datasets/oil-prices
2007-10-12,wti,83.73,USD per barrel,github.com/datasets/oil-prices
2007-10-15,wti,86.19,USD per barrel,github.com/datasets/oil-prices
2007-10-16,wti,87.58,USD per barrel,github.com/datasets/oil-prices
2007-10-17,wti,87.19,USD per barrel,github.com/datasets/oil-prices
2007-10-18,wti,89.48,USD per barrel,github.com/datasets/oil-prices
2007-10-19,wti,88.58,USD per barrel,github.com/datasets/oil-prices
2007-10-22,wti,87.6,USD per barrel,github.com/datasets/oil-prices
2007-10-23,wti,86.45,USD per barrel,github.com/datasets/oil-prices
2007-10-24,wti,88.3,USD per barrel,github.com/datasets/oil-prices
2007-10-25,wti,92.09,USD per barrel,github.com/datasets/oil-prices
2007-10-26,wti,91.73,USD per barrel,github.com/datasets/oil-prices
2007-10-29,wti,93.45,USD per barrel,github.com/datasets/oil-prices
2007-10-30,wti,90.33,USD per barrel,github.com/datasets/oil-prices
2007-10-31,wti,94.16,USD per barrel,github.com/datasets/oil-prices
2007-11-01,wti,93.53,USD per barrel,github.com/datasets/oil-prices
2007-11-02,wti,95.81,USD per barrel,github.com/datasets/oil-prices
2007-11-05,wti,94.06,USD per barrel,github.com/datasets/oil-prices
2007-11-06,wti,96.65,USD per barrel,github.com/datasets/oil-prices
2007-11-07,wti,96.46,USD per barrel,github.com/datasets/oil-prices
2007-11-08,wti,95.51,USD per barrel,github.com/datasets/oil-prices
2007-11-09,wti,96.36,USD per barrel,github.com/datasets/oil-prices
2007-11-12,wti,94.4,USD per barrel,github.com/datasets/oil-prices
2007-11-13,wti,91.18,USD per barrel,github.com/datasets/oil-prices
2007-11-14,wti,94.02,USD per barrel,github.com/datasets/oil-prices
2007-11-15,wti,93.37,USD per barrel,github.com/datasets/oil-prices
2007-11-16,wti,94.81,USD per barrel,github.com/datasets/oil-prices
2007-11-19,wti,95.75,USD per barrel,github.com/datasets/oil-prices
2007-11-20,wti,99.16,USD per barrel,github.com/datasets/oil-prices
2007-11-21,wti,98.57,USD per barrel,github.com/datasets/oil-prices
2007-11-23,wti,98.24,USD per barrel,github.com/datasets/oil-prices
2007-11-26,wti,97.66,USD per barrel,github.com/datasets/oil-prices
2007-11-27,wti,94.39,USD per barrel,github.com/datasets/oil-prices
2007-11-28,wti,90.71,USD per barrel,github.com/datasets/oil-prices
2007-11-29,wti,90.98,USD per barrel,github.com/datasets/oil-prices
2007-11-30,wti,88.6,USD per barrel,github.com/datasets/oil-prices
2007-12-03,wti,89.29,USD per barrel,github.com/datasets/oil-prices
2007-12-04,wti,88.31,USD per barrel,github.com/datasets/oil-prices
2007-12-05,wti,87.45,USD per barrel,github.com/datasets/oil-prices
2007-12-06,wti,90.25,USD per barrel,github.com/datasets/oil-prices
2007-12-07,wti,88.23,USD per barrel,github.com/datasets/oil-prices
2007-12-10,wti,87.72,USD per barrel,github.com/datasets/oil-prices
2007-12-11,wti,90.12,USD per barrel,github.com/datasets/oil-prices
2007-12-12,wti,94.41,USD per barrel,github.com/datasets/oil-prices
2007-12-13,wti,92.35,USD per barrel,github.com/datasets/oil-prices
2007-12-14,wti,91.31,USD per barrel,github.com/datasets/oil-prices
2007-12-17,wti,90.69,USD per barrel,github.com/datasets/oil-prices
2007-12-18,wti,89.93,USD per barrel,github.com/datasets/oil-prices
2007-12-19,wti,91.11,USD per barrel,github.com/datasets/oil-prices
2007-12-20,wti,90.88,USD per barrel,github.com/datasets/oil-prices
2007-12-21,wti,93.19,USD per barrel,github.com/datasets/oil-prices
2007-12-24,wti,94.0,USD per barrel,github.com/datasets/oil-prices
2007-12-26,wti,95.89,USD per barrel,github.com/datasets/oil-prices
2007-12-27,wti,96.63,USD per barrel,github.com/datasets/oil-prices
2007-12-28,wti,96.03,USD per barrel,github.com/datasets/oil-prices
2007-12-31,wti,95.95,USD per barrel,github.com/datasets/oil-prices
2008-01-02,wti,99.64,USD per barrel,github.com/datasets/oil-prices
2008-01-03,wti,99.17,USD per barrel,github.com/datasets/oil-prices
2008-01-04,wti,97.9,USD per barrel,github.com/datasets/oil-prices
2008-01-07,wti,95.08,USD per barrel,github.com/datasets/oil-prices
2008-01-08,wti,96.43,USD per barrel,github.com/datasets/oil-prices
2008-01-09,wti,95.64,USD per barrel,github.com/datasets/oil-prices
2008-01-10,wti,93.92,USD per barrel,github.com/datasets/oil-prices
2008-01-11,wti,92.74,USD per barrel,github.com/datasets/oil-prices
2008-01-14,wti,94.23,USD per barrel,github.com/datasets/oil-prices
2008-01-15,wti,91.87,USD per barrel,github.com/datasets/oil-prices
2008-01-16,wti,90.8,USD per barrel,github.com/datasets/oil-prices
2008-01-17,wti,90.11,USD per barrel,github.com/datasets/oil-prices
2008-01-18,wti,90.55,USD per barrel,github.com/datasets/oil-prices
2008-01-22,wti,89.64,USD per barrel,github.com/datasets/oil-prices
2008-01-23,wti,87.65,USD per barrel,github.com/datasets/oil-prices
2008-01-24,wti,89.98,USD per barrel,github.com/datasets/oil-prices
2008-01-25,wti,90.37,USD per barrel,github.com/datasets/oil-prices
2008-01-28,wti,90.99,USD per barrel,github.com/datasets/oil-prices
2008-01-29,wti,91.66,USD per barrel,github.com/datasets/oil-prices
2008-01-30,wti,92.34,USD per barrel,github.com/datasets/oil-prices
2008-01-31,wti,91.67,USD per barrel,github.com/datasets/oil-prices
2008-02-01,wti,89.03,USD per barrel,github.com/datasets/oil-prices
2008-02-04,wti,90.07,USD per barrel,github.com/datasets/oil-prices
2008-02-05,wti,88.32,USD per barrel,github.com/datasets/oil-prices
2008-02-06,wti,87.16,USD per barrel,github.com/datasets/oil-prices
2008-02-07,wti,88.07,USD per barrel,github.com/datasets/oil-prices
2008-02-08,wti,91.77,USD per barrel,github.com/datasets/oil-prices
2008-02-11,wti,93.56,USD per barrel,github.com/datasets/oil-prices
2008-02-12,wti,92.82,USD per barrel,github.com/datasets/oil-prices
2008-02-13,wti,93.28,USD per barrel,github.com/datasets/oil-prices
2008-02-14,wti,95.42,USD per barrel,github.com/datasets/oil-prices
2008-02-15,wti,95.57,USD per barrel,github.com/datasets/oil-prices
2008-02-19,wti,99.99,USD per barrel,github.com/datasets/oil-prices
2008-02-20,wti,100.86,USD per barrel,github.com/datasets/oil-prices
2008-02-21,wti,98.57,USD per barrel,github.com/datasets/oil-prices
2008-02-22,wti,99.03,USD per barrel,github.com/datasets/oil-prices
2008-02-25,wti,99.4,USD per barrel,github.com/datasets/oil-prices
2008-02-26,wti,100.83,USD per barrel,github.com/datasets/oil-prices
2008-02-27,wti,99.59,USD per barrel,github.com/datasets/oil-prices
2008-02-28,wti,102.6,USD per barrel,github.com/datasets/oil-prices
2008-02-29,wti,101.78,USD per barrel,github.com/datasets/oil-prices
2008-03-03,wti,102.42,USD per barrel,github.com/datasets/oil-prices
2008-03-04,wti,99.72,USD per barrel,github.com/datasets/oil-prices
2008-03-05,wti,104.45,USD per barrel,github.com/datasets/oil-prices
2008-03-06,wti,105.51,USD per barrel,github.com/datasets/oil-prices
2008-03-07,wti,105.12,USD per barrel,github.com/datasets/oil-prices
2008-03-10,wti,107.9,USD per barrel,github.com/datasets/oil-prices
2008-03-11,wti,108.73,USD per barrel,github.com/datasets/oil-prices
2008-03-12,wti,109.86,USD per barrel,github.com/datasets/oil-prices
2008-03-13,wti,110.21,USD per barrel,github.com/datasets/oil-prices
2008-03-14,wti,110.03,USD per barrel,github.com/datasets/oil-prices
2008-03-17,wti,105.74,USD per barrel,github.com/datasets/oil-prices
2008-03-18,wti,109.57,USD per barrel,github.com/datasets/oil-prices
2008-03-19,wti,103.25,USD per barrel,github.com/datasets/oil-prices
2008-03-20,wti,102.57,USD per barrel,github.com/datasets/oil-prices
2008-03-24,wti,101.7,USD per barrel,github.com/datasets/oil-prices
2008-03-25,wti,101.78,USD per barrel,github.com/datasets/oil-prices
2008-03-26,wti,105.83,USD per barrel,github.com/datasets/oil-prices
2008-03-27,wti,107.56,USD per barrel,github.com/datasets/oil-prices
2008-03-28,wti,105.59,USD per barrel,github.com/datasets/oil-prices
2008-03-31,wti,101.54,USD per barrel,github.com/datasets/oil-prices
2008-04-01,wti,100.92,USD per barrel,github.com/datasets/oil-prices
2008-04-02,wti,104.83,USD per barrel,github.com/datasets/oil-prices
2008-04-03,wti,103.92,USD per barrel,github.com/datasets/oil-prices
2008-04-04,wti,106.09,USD per barrel,github.com/datasets/oil-prices
2008-04-07,wti,108.91,USD per barrel,github.com/datasets/oil-prices
2008-04-08,wti,108.54,USD per barrel,github.com/datasets/oil-prices
2008-04-09,wti,110.89,USD per barrel,github.com/datasets/oil-prices
2008-04-10,wti,110.07,USD per barrel,github.com/datasets/oil-prices
2008-04-11,wti,110.14,USD per barrel,github.com/datasets/oil-prices
2008-04-14,wti,111.71,USD per barrel,github.com/datasets/oil-prices
2008-04-15,wti,113.77,USD per barrel,github.com/datasets/oil-prices
2008-04-16,wti,114.8,USD per barrel,github.com/datasets/oil-prices
2008-04-17,wti,114.8,USD per barrel,github.com/datasets/oil-prices
2008-04-18,wti,116.56,USD per barrel,github.com/datasets/oil-prices
2008-04-21,wti,117.48,USD per barrel,github.com/datasets/oil-prices
2008-04-22,wti,119.17,USD per barrel,github.com/datasets/oil-prices
2008-04-23,wti,119.28,USD per barrel,github.com/datasets/oil-prices
2008-04-24,wti,117.1,USD per barrel,github.com/datasets/oil-prices
2008-04-25,wti,119.64,USD per barrel,github.com/datasets/oil-prices
2008-04-28,wti,118.78,USD per barrel,github.com/datasets/oil-prices
2008-04-29,wti,115.67,USD per barrel,github.com/datasets/oil-prices
2008-04-30,wti,113.7,USD per barrel,github.com/datasets/oil-prices
2008-05-01,wti,112.6,USD per barrel,github.com/datasets/oil-prices
2008-05-02,wti,116.36,USD per barrel,github.com/datasets/oil-prices
2008-05-05,wti,119.94,USD per barrel,github.com/datasets/oil-prices
2008-05-06,wti,121.82,USD per barrel,github.com/datasets/oil-prices
2008-05-07,wti,123.56,USD per barrel,github.com/datasets/oil-prices
2008-05-08,wti,123.77,USD per barrel,github.com/datasets/oil-prices
2008-05-09,wti,125.94,USD per barrel,github.com/datasets/oil-prices
2008-05-12,wti,124.02,USD per barrel,github.com/datasets/oil-prices
2008-05-13,wti,125.83,USD per barrel,github.com/datasets/oil-prices
2008-05-14,wti,124.21,USD per barrel,github.com/datasets/oil-prices
2008-05-15,wti,124.25,USD per barrel,github.com/datasets/oil-prices
2008-05-16,wti,126.5,USD per barrel,github.com/datasets/oil-prices
2008-05-19,wti,127.15,USD per barrel,github.com/datasets/oil-prices
2008-05-20,wti,128.93,USD per barrel,github.com/datasets/oil-prices
2008-05-21,wti,132.99,USD per barrel,github.com/datasets/oil-prices
2008-05-22,wti,130.04,USD per barrel,github.com/datasets/oil-prices
2008-05-23,wti,131.58,USD per barrel,github.com/datasets/oil-prices
2008-05-27,wti,128.81,USD per barrel,github.com/datasets/oil-prices
2008-05-28,wti,131.0,USD per barrel,github.com/datasets/oil-prices
2008-05-29,wti,126.7,USD per barrel,github.com/datasets/oil-prices
2008-05-30,wti,127.35,USD per barrel,github.com/datasets/oil-prices
2008-06-02,wti,127.75,USD per barrel,github.com/datasets/oil-prices
2008-06-03,wti,124.33,USD per barrel,github.com/datasets/oil-prices
2008-06-04,wti,122.3,USD per barrel,github.com/datasets/oil-prices
2008-06-05,wti,127.93,USD per barrel,github.com/datasets/oil-prices
2008-06-06,wti,138.51,USD per barrel,github.com/datasets/oil-prices
2008-06-09,wti,134.44,USD per barrel,github.com/datasets/oil-prices
2008-06-10,wti,131.38,USD per barrel,github.com/datasets/oil-prices
2008-06-11,wti,136.43,USD per barrel,github.com/datasets/oil-prices
2008-06-12,wti,136.91,USD per barrel,github.com/datasets/oil-prices
2008-06-13,wti,134.84,USD per barrel,github.com/datasets/oil-prices
2008-06-16,wti,134.52,USD per barrel,github.com/datasets/oil-prices
2008-06-17,wti,133.99,USD per barrel,github.com/datasets/oil-prices
2008-06-18,wti,136.54,USD per barrel,github.com/datasets/oil-prices
2008-06-19,wti,131.88,USD per barrel,github.com/datasets/oil-prices
2008-06-20,wti,134.78,USD per barrel,github.com/datasets/oil-prices
2008-06-23,wti,135.98,USD per barrel,github.com/datasets/oil-prices
2008-06-24,wti,136.49,USD per barrel,github.com/datasets/oil-prices
2008-06-25,wti,133.92,USD per barrel,github.com/datasets/oil-prices
2008-06-26,wti,138.91,USD per barrel,github.com/datasets/oil-prices
2008-06-27,wti,139.69,USD per barrel,github.com/datasets/oil-prices
2008-06-30,wti,139.96,USD per barrel,github.com/datasets/oil-prices
2008-07-01,wti,141.06,USD per barrel,github.com/datasets/oil-prices
2008-07-02,wti,143.74,USD per barrel,github.com/datasets/oil-prices
2008-07-03,wti,145.31,USD per barrel,github.com/datasets/oil-prices
2008-07-07,wti,141.38,USD per barrel,github.com/datasets/oil-prices
2008-07-08,wti,136.06,USD per barrel,github.com/datasets/oil-prices
2008-07-09,wti,135.88,USD per barrel,github.com/datasets/oil-prices
2008-07-10,wti,141.47,USD per barrel,github.com/datasets/oil-prices
2008-07-11,wti,144.96,USD per barrel,github.com/datasets/oil-prices
2008-07-14,wti,145.16,USD per barrel,github.com/datasets/oil-prices
2008-07-15,wti,138.68,USD per barrel,github.com/datasets/oil-prices
2008-07-16,wti,134.63,USD per barrel,github.com/datasets/oil-prices
2008-07-17,wti,129.43,USD per barrel,github.com/datasets/oil-prices
2008-07-18,wti,128.94,USD per barrel,github.com/datasets/oil-prices
2008-07-21,wti,131.43,USD per barrel,github.com/datasets/oil-prices
2008-07-22,wti,127.25,USD per barrel,github.com/datasets/oil-prices
2008-07-23,wti,123.73,USD per barrel,github.com/datasets/oil-prices
2008-07-24,wti,124.62,USD per barrel,github.com/datasets/oil-prices
2008-07-25,wti,122.59,USD per barrel,github.com/datasets/oil-prices
2008-07-28,wti,124.72,USD per barrel,github.com/datasets/oil-prices
2008-07-29,wti,122.21,USD per barrel,github.com/datasets/oil-prices
2008-07-30,wti,126.74,USD per barrel,github.com/datasets/oil-prices
2008-07-31,wti,124.17,USD per barrel,github.com/datasets/oil-prices
2008-08-01,wti,125.03,USD per barrel,github.com/datasets/oil-prices
2008-08-04,wti,121.45,USD per barrel,github.com/datasets/oil-prices
2008-08-05,wti,118.71,USD per barrel,github.com/datasets/oil-prices
2008-08-06,wti,118.57,USD per barrel,github.com/datasets/oil-prices
2008-08-07,wti,119.84,USD per barrel,github.com/datasets/oil-prices
2008-08-08,wti,115.42,USD per barrel,github.com/datasets/oil-prices
2008-08-11,wti,114.44,USD per barrel,github.com/datasets/oil-prices
2008-08-12,wti,113.1,USD per barrel,github.com/datasets/oil-prices
2008-08-13,wti,115.96,USD per barrel,github.com/datasets/oil-prices
2008-08-14,wti,115.05,USD per barrel,github.com/datasets/oil-prices
2008-08-15,wti,113.46,USD per barrel,github.com/datasets/oil-prices
2008-08-18,wti,112.92,USD per barrel,github.com/datasets/oil-prices
2008-08-19,wti,114.39,USD per barrel,github.com/datasets/oil-prices
2008-08-20,wti,115.48,USD per barrel,github.com/datasets/oil-prices
2008-08-21,wti,121.23,USD per barrel,github.com/datasets/oil-prices
2008-08-22,wti,114.48,USD per barrel,github.com/datasets/oil-prices
2008-08-25,wti,114.85,USD per barrel,github.com/datasets/oil-prices
2008-08-26,wti,116.31,USD per barrel,github.com/datasets/oil-prices
2008-08-27,wti,118.17,USD per barrel,github.com/datasets/oil-prices
2008-08-28,wti,115.58,USD per barrel,github.com/datasets/oil-prices
2008-08-29,wti,115.55,USD per barrel,github.com/datasets/oil-prices
2008-09-02,wti,109.63,USD per barrel,github.com/datasets/oil-prices
2008-09-03,wti,109.38,USD per barrel,github.com/datasets/oil-prices
2008-09-04,wti,107.99,USD per barrel,github.com/datasets/oil-prices
2008-09-05,wti,106.47,USD per barrel,github.com/datasets/oil-prices
2008-09-08,wti,106.35,USD per barrel,github.com/datasets/oil-prices
2008-09-09,wti,103.23,USD per barrel,github.com/datasets/oil-prices
2008-09-10,wti,102.66,USD per barrel,github.com/datasets/oil-prices
2008-09-11,wti,100.95,USD per barrel,github.com/datasets/oil-prices
2008-09-12,wti,101.19,USD per barrel,github.com/datasets/oil-prices
2008-09-15,wti,95.52,USD per barrel,github.com/datasets/oil-prices
2008-09-16,wti,91.49,USD per barrel,github.com/datasets/oil-prices
2008-09-17,wti,97.39,USD per barrel,github.com/datasets/oil-prices
2008-09-18,wti,97.5,USD per barrel,github.com/datasets/oil-prices
2008-09-19,wti,104.05,USD per barrel,github.com/datasets/oil-prices
2008-09-22,wti,122.61,USD per barrel,github.com/datasets/oil-prices
2008-09-23,wti,107.85,USD per barrel,github.com/datasets/oil-prices
2008-09-24,wti,106.84,USD per barrel,github.com/datasets/oil-prices
2008-09-25,wti,111.54,USD per barrel,github.com/datasets/oil-prices
2008-09-26,wti,106.77,USD per barrel,github.com/datasets/oil-prices
2008-09-29,wti,96.29,USD per barrel,github.com/datasets/oil-prices
2008-09-30,wti,100.7,USD per barrel,github.com/datasets/oil-prices
2008-10-01,wti,98.23,USD per barrel,github.com/datasets/oil-prices
2008-10-02,wti,93.84,USD per barrel,github.com/datasets/oil-prices
2008-10-03,wti,93.91,USD per barrel,github.com/datasets/oil-prices
2008-10-06,wti,88.15,USD per barrel,github.com/datasets/oil-prices
2008-10-07,wti,90.18,USD per barrel,github.com/datasets/oil-prices
2008-10-08,wti,88.94,USD per barrel,github.com/datasets/oil-prices
2008-10-09,wti,86.5,USD per barrel,github.com/datasets/oil-prices
2008-10-10,wti,77.44,USD per barrel,github.com/datasets/oil-prices
2008-10-13,wti,81.17,USD per barrel,github.com/datasets/oil-prices
2008-10-14,wti,78.69,USD per barrel,github.com/datasets/oil-prices
2008-10-15,wti,74.38,USD per barrel,github.com/datasets/oil-prices
2008-10-16,wti,69.81,USD per barrel,github.com/datasets/oil-prices
2008-10-17,wti,71.9,USD per barrel,github.com/datasets/oil-prices
2008-10-20,wti,74.08,USD per barrel,github.com/datasets/oil-prices
2008-10-21,wti,71.29,USD per barrel,github.com/datasets/oil-prices
2008-10-22,wti,66.92,USD per barrel,github.com/datasets/oil-prices
2008-10-23,wti,67.17,USD per barrel,github.com/datasets/oil-prices
2008-10-24,wti,63.34,USD per barrel,github.com/datasets/oil-prices
2008-10-27,wti,61.92,USD per barrel,github.com/datasets/oil-prices
2008-10-28,wti,62.8,USD per barrel,github.com/datasets/oil-prices
2008-10-29,wti,67.45,USD per barrel,github.com/datasets/oil-prices
2008-10-30,wti,65.79,USD per barrel,github.com/datasets/oil-prices
2008-10-31,wti,68.1,USD per barrel,github.com/datasets/oil-prices
2008-11-03,wti,63.93,USD per barrel,github.com/datasets/oil-prices
2008-11-04,wti,70.41,USD per barrel,github.com/datasets/oil-prices
2008-11-05,wti,65.41,USD per barrel,github.com/datasets/oil-prices
2008-11-06,wti,60.72,USD per barrel,github.com/datasets/oil-prices
2008-11-07,wti,61.06,USD per barrel,github.com/datasets/oil-prices
2008-11-10,wti,62.19,USD per barrel,github.com/datasets/oil-prices
2008-11-11,wti,59.38,USD per barrel,github.com/datasets/oil-prices
2008-11-12,wti,55.95,USD per barrel,github.com/datasets/oil-prices
2008-11-13,wti,58.31,USD per barrel,github.com/datasets/oil-prices
2008-11-14,wti,57.18,USD per barrel,github.com/datasets/oil-prices
2008-11-17,wti,55.14,USD per barrel,github.com/datasets/oil-prices
2008-11-18,wti,54.42,USD per barrel,github.com/datasets/oil-prices
2008-11-19,wti,53.64,USD per barrel,github.com/datasets/oil-prices
2008-11-20,wti,48.86,USD per barrel,github.com/datasets/oil-prices
2008-11-21,wti,49.22,USD per barrel,github.com/datasets/oil-prices
2008-11-24,wti,53.63,USD per barrel,github.com/datasets/oil-prices
2008-11-25,wti,50.02,USD per barrel,github.com/datasets/oil-prices
2008-11-26,wti,54.2,USD per barrel,github.com/datasets/oil-prices
2008-11-28,wti,55.21,USD per barrel,github.com/datasets/oil-prices
2008-12-01,wti,49.34,USD per barrel,github.com/datasets/oil-prices
2008-12-02,wti,47.05,USD per barrel,github.com/datasets/oil-prices
2008-12-03,wti,46.79,USD per barrel,github.com/datasets/oil-prices
2008-12-04,wti,43.8,USD per barrel,github.com/datasets/oil-prices
2008-12-05,wti,41.01,USD per barrel,github.com/datasets/oil-prices
2008-12-08,wti,43.69,USD per barrel,github.com/datasets/oil-prices
2008-12-09,wti,42.0,USD per barrel,github.com/datasets/oil-prices
2008-12-10,wti,43.1,USD per barrel,github.com/datasets/oil-prices
2008-12-11,wti,47.77,USD per barrel,github.com/datasets/oil-prices
2008-12-12,wti,46.27,USD per barrel,github.com/datasets/oil-prices
2008-12-15,wti,44.61,USD per barrel,github.com/datasets/oil-prices
2008-12-16,wti,43.84,USD per barrel,github.com/datasets/oil-prices
2008-12-17,wti,40.17,USD per barrel,github.com/datasets/oil-prices
2008-12-18,wti,36.73,USD per barrel,github.com/datasets/oil-prices
2008-12-19,wti,33.17,USD per barrel,github.com/datasets/oil-prices
2008-12-22,wti,31.1,USD per barrel,github.com/datasets/oil-prices
2008-12-23,wti,30.28,USD per barrel,github.com/datasets/oil-prices
2008-12-24,wti,32.94,USD per barrel,github.com/datasets/oil-prices
2008-12-26,wti,37.58,USD per barrel,github.com/datasets/oil-prices
2008-12-29,wti,39.89,USD per barrel,github.com/datasets/oil-prices
2008-12-30,wti,38.95,USD per barrel,github.com/datasets/oil-prices
2008-12-31,wti,44.6,USD per barrel,github.com/datasets/oil-prices
2009-01-02,wti,46.17,USD per barrel,github.com/datasets/oil-prices
2009-01-05,wti,48.61,USD per barrel,github.com/datasets/oil-prices
2009-01-06,wti,48.56,USD per barrel,github.com/datasets/oil-prices
2009-01-07,wti,42.75,USD per barrel,github.com/datasets/oil-prices
2009-01-08,wti,41.68,USD per barrel,github.com/datasets/oil-prices
2009-01-09,wti,40.69,USD per barrel,github.com/datasets/oil-prices
2009-01-12,wti,37.65,USD per barrel,github.com/datasets/oil-prices
2009-01-13,wti,37.77,USD per barrel,github.com/datasets/oil-prices
2009-01-14,wti,37.43,USD per barrel,github.com/datasets/oil-prices
2009-01-15,wti,35.41,USD per barrel,github.com/datasets/oil-prices
2009-01-16,wti,35.38,USD per barrel,github.com/datasets/oil-prices
2009-01-20,wti,38.57,USD per barrel,github.com/datasets/oil-prices
2009-01-21,wti,42.56,USD per barrel,github.com/datasets/oil-prices
2009-01-22,wti,42.33,USD per barrel,github.com/datasets/oil-prices
2009-01-23,wti,45.12,USD per barrel,github.com/datasets/oil-prices
2009-01-26,wti,46.5,USD per barrel,github.com/datasets/oil-prices
2009-01-27,wti,41.67,USD per barrel,github.com/datasets/oil-prices
2009-01-28,wti,42.04,USD per barrel,github.com/datasets/oil-prices
2009-01-29,wti,41.58,USD per barrel,github.com/datasets/oil-prices
2009-01-30,wti,41.73,USD per barrel,github.com/datasets/oil-prices
2009-02-02,wti,41.35,USD per barrel,github.com/datasets/oil-prices
2009-02-03,wti,40.87,USD per barrel,github.com/datasets/oil-prices
2009-02-04,wti,40.27,USD per barrel,github.com/datasets/oil-prices
2009-02-05,wti,41.15,USD per barrel,github.com/datasets/oil-prices
2009-02-06,wti,40.24,USD per barrel,github.com/datasets/oil-prices
2009-02-09,wti,39.58,USD per barrel,github.com/datasets/oil-prices
2009-02-10,wti,37.54,USD per barrel,github.com/datasets/oil-prices
2009-02-11,wti,35.93,USD per barrel,github.com/datasets/oil-prices
2009-02-12,wti,34.03,USD per barrel,github.com/datasets/oil-prices
2009-02-13,wti,37.63,USD per barrel,github.com/datasets/oil-prices
2009-02-17,wti,34.96,USD per barrel,github.com/datasets/oil-prices
2009-02-18,wti,34.67,USD per barrel,github.com/datasets/oil-prices
2009-02-19,wti,39.6,USD per barrel,github.com/datasets/oil-prices
2009-02-20,wti,39.35,USD per barrel,github.com/datasets/oil-prices
2009-02-23,wti,37.66,USD per barrel,github.com/datasets/oil-prices
2009-02-24,wti,38.86,USD per barrel,github.com/datasets/oil-prices
2009-02-25,wti,41.64,USD per barrel,github.com/datasets/oil-prices
2009-02-26,wti,43.18,USD per barrel,github.com/datasets/oil-prices
2009-03-02,wti,40.07,USD per barrel,github.com/datasets/oil-prices
2009-03-03,wti,41.57,USD per barrel,github.com/datasets/oil-prices
2009-03-04,wti,45.28,USD per barrel,github.com/datasets/oil-prices
2009-03-05,wti,43.54,USD per barrel,github.com/datasets/oil-prices
2009-03-06,wti,45.43,USD per barrel,github.com/datasets/oil-prices
2009-03-09,wti,47.01,USD per barrel,github.com/datasets/oil-prices
2009-03-10,wti,45.68,USD per barrel,github.com/datasets/oil-prices
2009-03-11,wti,42.46,USD per barrel,github.com/datasets/oil-prices
2009-03-12,wti,46.91,USD per barrel,github.com/datasets/oil-prices
2009-03-13,wti,46.22,USD per barrel,github.com/datasets/oil-prices
2009-03-16,wti,47.33,USD per barrel,github.com/datasets/oil-prices
2009-03-17,wti,48.97,USD per barrel,github.com/datasets/oil-prices
2009-03-18,wti,48.12,USD per barrel,github.com/datasets/oil-prices
2009-03-19,wti,51.46,USD per barrel,github.com/datasets/oil-prices
2009-03-20,wti,51.55,USD per barrel,github.com/datasets/oil-prices
2009-03-23,wti,53.05,USD per barrel,github.com/datasets/oil-prices
2009-03-24,wti,53.36,USD per barrel,github.com/datasets/oil-prices
2009-03-25,wti,52.24,USD per barrel,github.com/datasets/oil-prices
2009-03-26,wti,53.87,USD per barrel,github.com/datasets/oil-prices
2009-03-27,wti,52.41,USD per barrel,github.com/datasets/oil-prices
2009-03-30,wti,48.49,USD per barrel,github.com/datasets/oil-prices
2009-03-31,wti,49.64,USD per barrel,github.com/datasets/oil-prices
2009-04-01,wti,48.46,USD per barrel,github.com/datasets/oil-prices
2009-04-02,wti,52.61,USD per barrel,github.com/datasets/oil-prices
2009-04-03,wti,52.52,USD per barrel,github.com/datasets/oil-prices
2009-04-06,wti,51.1,USD per barrel,github.com/datasets/oil-prices
2009-04-07,wti,49.13,USD per barrel,github.com/datasets/oil-prices
2009-04-08,wti,49.37,USD per barrel,github.com/datasets/oil-prices
2009-04-09,wti,52.24,USD per barrel,github.com/datasets/oil-prices
2009-04-13,wti,50.22,USD per barrel,github.com/datasets/oil-prices
2009-04-14,wti,49.51,USD per barrel,github.com/datasets/oil-prices
2009-04-15,wti,49.26,USD per barrel,github.com/datasets/oil-prices
2009-04-16,wti,49.97,USD per barrel,github.com/datasets/oil-prices
2009-04-17,wti,50.36,USD per barrel,github.com/datasets/oil-prices
2009-04-20,wti,45.82,USD per barrel,github.com/datasets/oil-prices
2009-04-21,wti,46.65,USD per barrel,github.com/datasets/oil-prices
2009-04-22,wti,47.41,USD per barrel,github.com/datasets/oil-prices
2009-04-23,wti,48.46,USD per barrel,github.com/datasets/oil-prices
2009-04-24,wti,50.65,USD per barrel,github.com/datasets/oil-prices
2009-04-27,wti,49.29,USD per barrel,github.com/datasets/oil-prices
2009-04-28,wti,49.01,USD per barrel,github.com/datasets/oil-prices
2009-04-29,wti,50.19,USD per barrel,github.com/datasets/oil-prices
2009-04-30,wti,50.35,USD per barrel,github.com/datasets/oil-prices
2009-05-01,wti,52.18,USD per barrel,github.com/datasets/oil-prices
2009-05-04,wti,54.45,USD per barrel,github.com/datasets/oil-prices
2009-05-05,wti,53.81,USD per barrel,github.com/datasets/oil-prices
2009-05-06,wti,56.29,USD per barrel,github.com/datasets/oil-prices
2009-05-07,wti,56.67,USD per barrel,github.com/datasets/oil-prices
2009-05-08,wti,58.58,USD per barrel,github.com/datasets/oil-prices
2009-05-11,wti,57.79,USD per barrel,github.com/datasets/oil-prices
2009-05-12,wti,58.81,USD per barrel,github.com/datasets/oil-prices
2009-05-13,wti,58.0,USD per barrel,github.com/datasets/oil-prices
2009-05-14,wti,58.58,USD per barrel,github.com/datasets/oil-prices
2009-05-15,wti,56.52,USD per barrel,github.com/datasets/oil-prices
2009-05-18,wti,58.99,USD per barrel,github.com/datasets/oil-prices
2009-05-19,wti,59.52,USD per barrel,github.com/datasets/oil-prices
2009-05-20,wti,61.45,USD per barrel,github.com/datasets/oil-prices
2009-05-21,wti,60.49,USD per barrel,github.com/datasets/oil-prices
2009-05-22,wti,61.15,USD per barrel,github.com/datasets/oil-prices
2009-05-26,wti,62.48,USD per barrel,github.com/datasets/oil-prices
2009-05-27,wti,63.41,USD per barrel,github.com/datasets/oil-prices
2009-05-28,wti,65.09,USD per barrel,github.com/datasets/oil-prices
2009-05-29,wti,66.31,USD per barrel,github.com/datasets/oil-prices
2009-06-01,wti,68.59,USD per barrel,github.com/datasets/oil-prices
2009-06-02,wti,68.58,USD per barrel,github.com/datasets/oil-prices
2009-06-03,wti,66.14,USD per barrel,github.com/datasets/oil-prices
2009-06-04,wti,68.8,USD per barrel,github.com/datasets/oil-prices
2009-06-05,wti,68.43,USD per barrel,github.com/datasets/oil-prices
2009-06-08,wti,68.05,USD per barrel,github.com/datasets/oil-prices
2009-06-09,wti,70.02,USD per barrel,github.com/datasets/oil-prices
2009-06-10,wti,71.38,USD per barrel,github.com/datasets/oil-prices
2009-06-11,wti,72.69,USD per barrel,github.com/datasets/oil-prices
2009-06-12,wti,72.13,USD per barrel,github.com/datasets/oil-prices
2009-06-15,wti,70.54,USD per barrel,github.com/datasets/oil-prices
2009-06-16,wti,70.47,USD per barrel,github.com/datasets/oil-prices
2009-06-17,wti,71.07,USD per barrel,github.com/datasets/oil-prices
2009-06-18,wti,71.42,USD per barrel,github.com/datasets/oil-prices
2009-06-19,wti,69.6,USD per barrel,github.com/datasets/oil-prices
2009-06-22,wti,67.09,USD per barrel,github.com/datasets/oil-prices
2009-06-23,wti,68.81,USD per barrel,github.com/datasets/oil-prices
2009-06-24,wti,68.14,USD per barrel,github.com/datasets/oil-prices
2009-06-25,wti,69.7,USD per barrel,github.com/datasets/oil-prices
2009-06-26,wti,69.16,USD per barrel,github.com/datasets/oil-prices
2009-06-29,wti,71.47,USD per barrel,github.com/datasets/oil-prices
2009-06-30,wti,69.82,USD per barrel,github.com/datasets/oil-prices
2009-07-01,wti,69.32,USD per barrel,github.com/datasets/oil-prices
2009-07-02,wti,66.68,USD per barrel,github.com/datasets/oil-prices
2009-07-06,wti,64.06,USD per barrel,github.com/datasets/oil-prices
2009-07-07,wti,62.88,USD per barrel,github.com/datasets/oil-prices
2009-07-08,wti,60.15,USD per barrel,github.com/datasets/oil-prices
2009-07-09,wti,60.36,USD per barrel,github.com/datasets/oil-prices
2009-07-10,wti,59.93,USD per barrel,github.com/datasets/oil-prices
2009-07-13,wti,59.69,USD per barrel,github.com/datasets/oil-prices
2009-07-14,wti,59.62,USD per barrel,github.com/datasets/oil-prices
2009-07-15,wti,61.49,USD per barrel,github.com/datasets/oil-prices
2009-07-16,wti,62.07,USD per barrel,github.com/datasets/oil-prices
2009-07-17,wti,63.56,USD per barrel,github.com/datasets/oil-prices
2009-07-20,wti,63.93,USD per barrel,github.com/datasets/oil-prices
2009-07-22,wti,64.58,USD per barrel,github.com/datasets/oil-prices
2009-07-23,wti,66.1,USD per barrel,github.com/datasets/oil-prices
2009-07-24,wti,66.96,USD per barrel,github.com/datasets/oil-prices
2009-07-27,wti,68.34,USD per barrel,github.com/datasets/oil-prices
2009-07-28,wti,67.24,USD per barrel,github.com/datasets/oil-prices
2009-07-29,wti,63.42,USD per barrel,github.com/datasets/oil-prices
2009-07-30,wti,66.9,USD per barrel,github.com/datasets/oil-prices
2009-07-31,wti,69.26,USD per barrel,github.com/datasets/oil-prices
2009-08-03,wti,71.59,USD per barrel,github.com/datasets/oil-prices
2009-08-04,wti,71.4,USD per barrel,github.com/datasets/oil-prices
2009-08-05,wti,71.97,USD per barrel,github.com/datasets/oil-prices
2009-08-06,wti,71.96,USD per barrel,github.com/datasets/oil-prices
2009-08-07,wti,70.97,USD per barrel,github.com/datasets/oil-prices
2009-08-10,wti,70.59,USD per barrel,github.com/datasets/oil-prices
2009-08-11,wti,69.46,USD per barrel,github.com/datasets/oil-prices
2009-08-12,wti,70.08,USD per barrel,github.com/datasets/oil-prices
2009-08-13,wti,70.57,USD per barrel,github.com/datasets/oil-prices
2009-08-14,wti,67.51,USD per barrel,github.com/datasets/oil-prices
2009-08-17,wti,66.72,USD per barrel,github.com/datasets/oil-prices
2009-08-18,wti,69.22,USD per barrel,github.com/datasets/oil-prices
2009-08-19,wti,72.54,USD per barrel,github.com/datasets/oil-prices
2009-08-20,wti,72.4,USD per barrel,github.com/datasets/oil-prices
2009-08-21,wti,73.12,USD per barrel,github.com/datasets/oil-prices
2009-08-24,wti,73.68,USD per barrel,github.com/datasets/oil-prices
2009-08-25,wti,71.6,USD per barrel,github.com/datasets/oil-prices
2009-08-26,wti,71.38,USD per barrel,github.com/datasets/oil-prices
2009-08-27,wti,72.49,USD per barrel,github.com/datasets/oil-prices
2009-08-28,wti,72.72,USD per barrel,github.com/datasets/oil-prices
2009-08-31,wti,69.97,USD per barrel,github.com/datasets/oil-prices
2009-09-01,wti,68.11,USD per barrel,github.com/datasets/oil-prices
2009-09-02,wti,68.03,USD per barrel,github.com/datasets/oil-prices
2009-09-03,wti,67.9,USD per barrel,github.com/datasets/oil-prices
2009-09-04,wti,67.95,USD per barrel,github.com/datasets/oil-prices
2009-09-08,wti,71.08,USD per barrel,github.com/datasets/oil-prices
2009-09-09,wti,71.27,USD per barrel,github.com/datasets/oil-prices
2009-09-10,wti,71.95,USD per barrel,github.com/datasets/oil-prices
2009-09-11,wti,69.34,USD per barrel,github.com/datasets/oil-prices
2009-09-14,wti,68.86,USD per barrel,github.com/datasets/oil-prices
2009-09-15,wti,70.81,USD per barrel,github.com/datasets/oil-prices
2009-09-16,wti,72.5,USD per barrel,github.com/datasets/oil-prices
2009-09-17,wti,72.48,USD per barrel,github.com/datasets/oil-prices
2009-09-18,wti,71.95,USD per barrel,github.com/datasets/oil-prices
2009-09-21,wti,69.74,USD per barrel,github.com/datasets/oil-prices
2009-09-22,wti,71.5,USD per barrel,github.com/datasets/oil-prices
2009-09-23,wti,68.74,USD per barrel,github.com/datasets/oil-prices
2009-09-24,wti,65.74,USD per barrel,github.com/datasets/oil-prices
2009-09-25,wti,65.91,USD per barrel,github.com/datasets/oil-prices
2009-09-28,wti,66.69,USD per barrel,github.com/datasets/oil-prices
2009-09-29,wti,66.56,USD per barrel,github.com/datasets/oil-prices
2009-09-30,wti,70.46,USD per barrel,github.com/datasets/oil-prices
2009-10-01,wti,70.67,USD per barrel,github.com/datasets/oil-prices
2009-10-02,wti,69.8,USD per barrel,github.com/datasets/oil-prices
2009-10-05,wti,70.26,USD per barrel,github.com/datasets/oil-prices
2009-10-06,wti,70.71,USD per barrel,github.com/datasets/oil-prices
2009-10-07,wti,69.6,USD per barrel,github.com/datasets/oil-prices
2009-10-08,wti,71.69,USD per barrel,github.com/datasets/oil-prices
2009-10-09,wti,71.75,USD per barrel,github.com/datasets/oil-prices
2009-10-12,wti,73.24,USD per barrel,github.com/datasets/oil-prices
2009-10-13,wti,74.1,USD per barrel,github.com/datasets/oil-prices
2009-10-14,wti,75.2,USD per barrel,github.com/datasets/oil-prices
2009-10-15,wti,77.55,USD per barrel,github.com/datasets/oil-prices
2009-10-16,wti,78.54,USD per barrel,github.com/datasets/oil-prices
2009-10-19,wti,79.47,USD per barrel,github.com/datasets/oil-prices
2009-10-20,wti,78.87,USD per barrel,github.com/datasets/oil-prices
2009-10-21,wti,81.03,USD per barrel,github.com/datasets/oil-prices
2009-10-22,wti,80.82,USD per barrel,github.com/datasets/oil-prices
2009-10-23,wti,80.11,USD per barrel,github.com/datasets/oil-prices
2009-10-26,wti,78.61,USD per barrel,github.com/datasets/oil-prices
2009-10-27,wti,79.45,USD per barrel,github.com/datasets/oil-prices
2009-10-28,wti,77.39,USD per barrel,github.com/datasets/oil-prices
2009-10-29,wti,79.84,USD per barrel,github.com/datasets/oil-prices
2009-10-30,wti,77.04,USD per barrel,github.com/datasets/oil-prices
2009-11-02,wti,78.08,USD per barrel,github.com/datasets/oil-prices
2009-11-03,wti,79.58,USD per barrel,github.com/datasets/oil-prices
2009-11-04,wti,80.3,USD per barrel,github.com/datasets/oil-prices
2009-11-05,wti,79.64,USD per barrel,github.com/datasets/oil-prices
2009-11-06,wti,77.4,USD per barrel,github.com/datasets/oil-prices
2009-11-09,wti,79.44,USD per barrel,github.com/datasets/oil-prices
2009-11-10,wti,79.01,USD per barrel,github.com/datasets/oil-prices
2009-11-11,wti,79.16,USD per barrel,github.com/datasets/oil-prices
2009-11-12,wti,77.25,USD per barrel,github.com/datasets/oil-prices
2009-11-13,wti,76.34,USD per barrel,github.com/datasets/oil-prices
2009-11-16,wti,78.91,USD per barrel,github.com/datasets/oil-prices
2009-11-17,wti,79.08,USD per barrel,github.com/datasets/oil-prices
2009-11-18,wti,79.55,USD per barrel,github.com/datasets/oil-prices
2009-11-19,wti,77.47,USD per barrel,github.com/datasets/oil-prices
2009-11-20,wti,76.83,USD per barrel,github.com/datasets/oil-prices
2009-11-23,wti,76.49,USD per barrel,github.com/datasets/oil-prices
2009-11-24,wti,74.88,USD per barrel,github.com/datasets/oil-prices
2009-11-25,wti,77.25,USD per barrel,github.com/datasets/oil-prices
2009-11-27,wti,75.95,USD per barrel,github.com/datasets/oil-prices
2009-11-30,wti,77.19,USD per barrel,github.com/datasets/oil-prices
2009-12-01,wti,78.39,USD per barrel,github.com/datasets/oil-prices
2009-12-02,wti,76.62,USD per barrel,github.com/datasets/oil-prices
2009-12-03,wti,76.42,USD per barrel,github.com/datasets/oil-prices
2009-12-04,wti,75.41,USD per barrel,github.com/datasets/oil-prices
2009-12-07,wti,73.89,USD per barrel,github.com/datasets/oil-prices
2009-12-08,wti,72.59,USD per barrel,github.com/datasets/oil-prices
2009-12-09,wti,70.67,USD per barrel,github.com/datasets/oil-prices
2009-12-10,wti,70.54,USD per barrel,github.com/datasets/oil-prices
2009-12-11,wti,69.86,USD per barrel,github.com/datasets/oil-prices
2009-12-14,wti,69.48,USD per barrel,github.com/datasets/oil-prices
2009-12-15,wti,70.62,USD per barrel,github.com/datasets/oil-prices
2009-12-16,wti,72.64,USD per barrel,github.com/datasets/oil-prices
2009-12-17,wti,72.58,USD per barrel,github.com/datasets/oil-prices
2009-12-18,wti,73.3,USD per barrel,github.com/datasets/oil-prices
2009-12-21,wti,72.71,USD per barrel,github.com/datasets/oil-prices
2009-12-22,wti,73.48,USD per barrel,github.com/datasets/oil-prices
2009-12-23,wti,76.03,USD per barrel,github.com/datasets/oil-prices
2009-12-24,wti,76.83,USD per barrel,github.com/datasets/oil-prices
2009-12-28,wti,78.67,USD per barrel,github.com/datasets/oil-prices
2009-12-29,wti,78.87,USD per barrel,github.com/datasets/oil-prices
2009-12-30,wti,79.35,USD per barrel,github.com/datasets/oil-prices
2009-12-31,wti,79.39,USD per barrel,github.com/datasets/oil-prices
2010-01-04,wti,81.52,USD per barrel,github.com/datasets/oil-prices
2010-01-05,wti,81.74,USD per barrel,github.com/datasets/oil-prices
2010-01-06,wti,83.12,USD per barrel,github.com/datasets/oil-prices
2010-01-07,wti,82.6,USD per barrel,github.com/datasets/oil-prices
2010-01-08,wti,82.74,USD per barrel,github.com/datasets/oil-prices
2010-01-11,wti,82.54,USD per barrel,github.com/datasets/oil-prices
2010-01-12,wti,80.79,USD per barrel,github.com/datasets/oil-prices
2010-01-13,wti,79.66,USD per barrel,github.com/datasets/oil-prices
2010-01-14,wti,79.35,USD per barrel,github.com/datasets/oil-prices
2010-01-15,wti,77.96,USD per barrel,github.com/datasets/oil-prices
2010-01-19,wti,78.98,USD per barrel,github.com/datasets/oil-prices
2010-01-20,wti,77.42,USD per barrel,github.com/datasets/oil-prices
2010-01-21,wti,75.84,USD per barrel,github.com/datasets/oil-prices
2010-01-22,wti,74.25,USD per barrel,github.com/datasets/oil-prices
2010-01-25,wti,74.9,USD per barrel,github.com/datasets/oil-prices
2010-01-26,wti,74.67,USD per barrel,github.com/datasets/oil-prices
2010-01-27,wti,73.64,USD per barrel,github.com/datasets/oil-prices
2010-01-28,wti,73.62,USD per barrel,github.com/datasets/oil-prices
2010-01-29,wti,72.85,USD per barrel,github.com/datasets/oil-prices
2010-02-01,wti,74.41,USD per barrel,github.com/datasets/oil-prices
2010-02-02,wti,77.21,USD per barrel,github.com/datasets/oil-prices
2010-02-03,wti,76.96,USD per barrel,github.com/datasets/oil-prices
2010-02-04,wti,73.13,USD per barrel,github.com/datasets/oil-prices
2010-02-05,wti,71.15,USD per barrel,github.com/datasets/oil-prices
2010-02-08,wti,71.87,USD per barrel,github.com/datasets/oil-prices
2010-02-09,wti,73.71,USD per barrel,github.com/datasets/oil-prices
2010-02-10,wti,74.48,USD per barrel,github.com/datasets/oil-prices
2010-02-11,wti,75.23,USD per barrel,github.com/datasets/oil-prices
2010-02-12,wti,74.11,USD per barrel,github.com/datasets/oil-prices
2010-02-16,wti,76.98,USD per barrel,github.com/datasets/oil-prices
2010-02-17,wti,77.27,USD per barrel,github.com/datasets/oil-prices
2010-02-18,wti,78.97,USD per barrel,github.com/datasets/oil-prices
2010-02-19,wti,79.77,USD per barrel,github.com/datasets/oil-prices
2010-02-22,wti,80.04,USD per barrel,github.com/datasets/oil-prices
2010-02-23,wti,78.61,USD per barrel,github.com/datasets/oil-prices
2010-02-24,wti,79.75,USD per barrel,github.com/datasets/oil-prices
2010-02-25,wti,77.99,USD per barrel,github.com/datasets/oil-prices
2010-02-26,wti,79.72,USD per barrel,github.com/datasets/oil-prices
2010-03-01,wti,78.71,USD per barrel,github.com/datasets/oil-prices
2010-03-02,wti,79.62,USD per barrel,github.com/datasets/oil-prices
2010-03-03,wti,80.91,USD per barrel,github.com/datasets/oil-prices
2010-03-04,wti,80.21,USD per barrel,github.com/datasets/oil-prices
2010-03-05,wti,81.5,USD per barrel,github.com/datasets/oil-prices
2010-03-08,wti,81.85,USD per barrel,github.com/datasets/oil-prices
2010-03-09,wti,81.5,USD per barrel,github.com/datasets/oil-prices
2010-03-10,wti,82.07,USD per barrel,github.com/datasets/oil-prices
2010-03-11,wti,82.1,USD per barrel,github.com/datasets/oil-prices
2010-03-12,wti,81.26,USD per barrel,github.com/datasets/oil-prices
2010-03-15,wti,79.79,USD per barrel,github.com/datasets/oil-prices
2010-03-16,wti,81.75,USD per barrel,github.com/datasets/oil-prices
2010-03-17,wti,82.93,USD per barrel,github.com/datasets/oil-prices
2010-03-18,wti,82.16,USD per barrel,github.com/datasets/oil-prices
2010-03-19,wti,80.58,USD per barrel,github.com/datasets/oil-prices
2010-03-22,wti,81.26,USD per barrel,github.com/datasets/oil-prices
2010-03-23,wti,81.68,USD per barrel,github.com/datasets/oil-prices
2010-03-24,wti,80.29,USD per barrel,github.com/datasets/oil-prices
2010-03-25,wti,80.25,USD per barrel,github.com/datasets/oil-prices
2010-03-26,wti,79.75,USD per barrel,github.com/datasets/oil-prices
2010-03-29,wti,81.92,USD per barrel,github.com/datasets/oil-prices
2010-03-30,wti,82.14,USD per barrel,github.com/datasets/oil-prices
2010-03-31,wti,83.45,USD per barrel,github.com/datasets/oil-prices
2010-04-01,wti,84.53,USD per barrel,github.com/datasets/oil-prices
2010-04-05,wti,86.36,USD per barrel,github.com/datasets/oil-prices
2010-04-06,wti,86.54,USD per barrel,github.com/datasets/oil-prices
2010-04-07,wti,85.64,USD per barrel,github.com/datasets/oil-prices
2010-04-08,wti,85.17,USD per barrel,github.com/datasets/oil-prices
2010-04-09,wti,84.6,USD per barrel,github.com/datasets/oil-prices
2010-04-12,wti,84.07,USD per barrel,github.com/datasets/oil-prices
2010-04-13,wti,83.8,USD per barrel,github.com/datasets/oil-prices
2010-04-14,wti,85.62,USD per barrel,github.com/datasets/oil-prices
2010-04-15,wti,85.25,USD per barrel,github.com/datasets/oil-prices
2010-04-16,wti,82.97,USD per barrel,github.com/datasets/oil-prices
2010-04-19,wti,81.52,USD per barrel,github.com/datasets/oil-prices
2010-04-20,wti,82.98,USD per barrel,github.com/datasets/oil-prices
2010-04-21,wti,82.78,USD per barrel,github.com/datasets/oil-prices
2010-04-22,wti,82.89,USD per barrel,github.com/datasets/oil-prices
2010-04-23,wti,84.34,USD per barrel,github.com/datasets/oil-prices
2010-04-26,wti,84.2,USD per barrel,github.com/datasets/oil-prices
2010-04-27,wti,82.43,USD per barrel,github.com/datasets/oil-prices
2010-04-28,wti,83.22,USD per barrel,github.com/datasets/oil-prices
2010-04-29,wti,85.17,USD per barrel,github.com/datasets/oil-prices
2010-04-30,wti,86.07,USD per barrel,github.com/datasets/oil-prices
2010-05-03,wti,86.19,USD per barrel,github.com/datasets/oil-prices
2010-05-04,wti,82.73,USD per barrel,github.com/datasets/oil-prices
2010-05-05,wti,80.0,USD per barrel,github.com/datasets/oil-prices
2010-05-06,wti,77.18,USD per barrel,github.com/datasets/oil-prices
2010-05-07,wti,75.1,USD per barrel,github.com/datasets/oil-prices
2010-05-10,wti,76.89,USD per barrel,github.com/datasets/oil-prices
2010-05-11,wti,76.37,USD per barrel,github.com/datasets/oil-prices
2010-05-12,wti,75.65,USD per barrel,github.com/datasets/oil-prices
2010-05-13,wti,74.38,USD per barrel,github.com/datasets/oil-prices
2010-05-14,wti,71.61,USD per barrel,github.com/datasets/oil-prices
2010-05-17,wti,70.08,USD per barrel,github.com/datasets/oil-prices
2010-05-18,wti,69.38,USD per barrel,github.com/datasets/oil-prices
2010-05-19,wti,69.91,USD per barrel,github.com/datasets/oil-prices
2010-05-20,wti,68.28,USD per barrel,github.com/datasets/oil-prices
2010-05-21,wti,68.03,USD per barrel,github.com/datasets/oil-prices
2010-05-24,wti,68.23,USD per barrel,github.com/datasets/oil-prices
2010-05-25,wti,64.78,USD per barrel,github.com/datasets/oil-prices
2010-05-26,wti,71.52,USD per barrel,github.com/datasets/oil-prices
2010-05-27,wti,74.56,USD per barrel,github.com/datasets/oil-prices
2010-05-28,wti,74.0,USD per barrel,github.com/datasets/oil-prices
2010-06-01,wti,72.7,USD per barrel,github.com/datasets/oil-prices
2010-06-02,wti,72.88,USD per barrel,github.com/datasets/oil-prices
2010-06-03,wti,74.62,USD per barrel,github.com/datasets/oil-prices
2010-06-04,wti,71.43,USD per barrel,github.com/datasets/oil-prices
2010-06-07,wti,71.55,USD per barrel,github.com/datasets/oil-prices
2010-06-08,wti,71.88,USD per barrel,github.com/datasets/oil-prices
2010-06-09,wti,74.38,USD per barrel,github.com/datasets/oil-prices
2010-06-10,wti,75.48,USD per barrel,github.com/datasets/oil-prices
2010-06-11,wti,73.89,USD per barrel,github.com/datasets/oil-prices
2010-06-14,wti,74.99,USD per barrel,github.com/datasets/oil-prices
2010-06-15,wti,76.84,USD per barrel,github.com/datasets/oil-prices
2010-06-16,wti,77.67,USD per barrel,github.com/datasets/oil-prices
2010-06-17,wti,76.82,USD per barrel,github.com/datasets/oil-prices
2010-06-18,wti,77.18,USD per barrel,github.com/datasets/oil-prices
2010-06-21,wti,77.84,USD per barrel,github.com/datasets/oil-prices
2010-06-22,wti,77.15,USD per barrel,github.com/datasets/oil-prices
2010-06-23,wti,75.9,USD per barrel,github.com/datasets/oil-prices
2010-06-24,wti,75.96,USD per barrel,github.com/datasets/oil-prices
2010-06-25,wti,78.45,USD per barrel,github.com/datasets/oil-prices
2010-06-28,wti,78.26,USD per barrel,github.com/datasets/oil-prices
2010-06-29,wti,75.93,USD per barrel,github.com/datasets/oil-prices
2010-06-30,wti,75.59,USD per barrel,github.com/datasets/oil-prices
2010-07-01,wti,72.95,USD per barrel,github.com/datasets/oil-prices
2010-07-02,wti,72.06,USD per barrel,github.com/datasets/oil-prices
2010-07-06,wti,71.96,USD per barrel,github.com/datasets/oil-prices
2010-07-07,wti,74.05,USD per barrel,github.com/datasets/oil-prices
2010-07-08,wti,75.46,USD per barrel,github.com/datasets/oil-prices
2010-07-09,wti,76.08,USD per barrel,github.com/datasets/oil-prices
2010-07-12,wti,74.93,USD per barrel,github.com/datasets/oil-prices
2010-07-13,wti,77.16,USD per barrel,github.com/datasets/oil-prices
2010-07-14,wti,77.02,USD per barrel,github.com/datasets/oil-prices
2010-07-15,wti,76.67,USD per barrel,github.com/datasets/oil-prices
2010-07-16,wti,75.96,USD per barrel,github.com/datasets/oil-prices
2010-07-19,wti,76.53,USD per barrel,github.com/datasets/oil-prices
2010-07-20,wti,77.32,USD per barrel,github.com/datasets/oil-prices
2010-07-21,wti,76.27,USD per barrel,github.com/datasets/oil-prices
2010-07-22,wti,79.01,USD per barrel,github.com/datasets/oil-prices
2010-07-23,wti,78.68,USD per barrel,github.com/datasets/oil-prices
2010-07-26,wti,78.93,USD per barrel,github.com/datasets/oil-prices
2010-07-27,wti,77.46,USD per barrel,github.com/datasets/oil-prices
2010-07-28,wti,77.06,USD per barrel,github.com/datasets/oil-prices
2010-07-29,wti,78.3,USD per barrel,github.com/datasets/oil-prices
2010-07-30,wti,78.85,USD per barrel,github.com/datasets/oil-prices
2010-08-02,wti,81.25,USD per barrel,github.com/datasets/oil-prices
2010-08-03,wti,82.52,USD per barrel,github.com/datasets/oil-prices
2010-08-04,wti,82.49,USD per barrel,github.com/datasets/oil-prices
2010-08-05,wti,82.0,USD per barrel,github.com/datasets/oil-prices
2010-08-06,wti,80.67,USD per barrel,github.com/datasets/oil-prices
2010-08-09,wti,81.46,USD per barrel,github.com/datasets/oil-prices
2010-08-10,wti,80.24,USD per barrel,github.com/datasets/oil-prices
2010-08-11,wti,78.09,USD per barrel,github.com/datasets/oil-prices
2010-08-12,wti,75.68,USD per barrel,github.com/datasets/oil-prices
2010-08-13,wti,75.39,USD per barrel,github.com/datasets/oil-prices
2010-08-16,wti,75.17,USD per barrel,github.com/datasets/oil-prices
2010-08-17,wti,75.76,USD per barrel,github.com/datasets/oil-prices
2010-08-18,wti,75.39,USD per barrel,github.com/datasets/oil-prices
2010-08-19,wti,74.45,USD per barrel,github.com/datasets/oil-prices
2010-08-20,wti,73.45,USD per barrel,github.com/datasets/oil-prices
2010-08-23,wti,72.71,USD per barrel,github.com/datasets/oil-prices
2010-08-24,wti,71.24,USD per barrel,github.com/datasets/oil-prices
2010-08-25,wti,72.07,USD per barrel,github.com/datasets/oil-prices
2010-08-26,wti,73.36,USD per barrel,github.com/datasets/oil-prices
2010-08-27,wti,75.17,USD per barrel,github.com/datasets/oil-prices
2010-08-30,wti,74.69,USD per barrel,github.com/datasets/oil-prices
2010-08-31,wti,71.93,USD per barrel,github.com/datasets/oil-prices
2010-09-01,wti,73.97,USD per barrel,github.com/datasets/oil-prices
2010-09-02,wti,74.99,USD per barrel,github.com/datasets/oil-prices
2010-09-03,wti,74.52,USD per barrel,github.com/datasets/oil-prices
2010-09-07,wti,73.98,USD per barrel,github.com/datasets/oil-prices
2010-09-08,wti,74.65,USD per barrel,github.com/datasets/oil-prices
2010-09-09,wti,74.25,USD per barrel,github.com/datasets/oil-prices
2010-09-10,wti,76.4,USD per barrel,github.com/datasets/oil-prices
2010-09-13,wti,77.17,USD per barrel,github.com/datasets/oil-prices
2010-09-14,wti,76.78,USD per barrel,github.com/datasets/oil-prices
2010-09-15,wti,75.92,USD per barrel,github.com/datasets/oil-prices
2010-09-16,wti,74.58,USD per barrel,github.com/datasets/oil-prices
2010-09-17,wti,73.63,USD per barrel,github.com/datasets/oil-prices
2010-09-20,wti,74.81,USD per barrel,github.com/datasets/oil-prices
2010-09-21,wti,72.96,USD per barrel,github.com/datasets/oil-prices
2010-09-22,wti,72.98,USD per barrel,github.com/datasets/oil-prices
2010-09-23,wti,73.4,USD per barrel,github.com/datasets/oil-prices
2010-09-24,wti,74.63,USD per barrel,github.com/datasets/oil-prices
2010-09-27,wti,76.51,USD per barrel,github.com/datasets/oil-prices
2010-09-28,wti,76.15,USD per barrel,github.com/datasets/oil-prices
2010-09-29,wti,77.85,USD per barrel,github.com/datasets/oil-prices
2010-09-30,wti,79.95,USD per barrel,github.com/datasets/oil-prices
2010-10-01,wti,81.57,USD per barrel,github.com/datasets/oil-prices
2010-10-04,wti,81.43,USD per barrel,github.com/datasets/oil-prices
2010-10-05,wti,82.83,USD per barrel,github.com/datasets/oil-prices
2010-10-06,wti,83.21,USD per barrel,github.com/datasets/oil-prices
2010-10-07,wti,81.34,USD per barrel,github.com/datasets/oil-prices
2010-10-08,wti,82.66,USD per barrel,github.com/datasets/oil-prices
2010-10-11,wti,82.18,USD per barrel,github.com/datasets/oil-prices
2010-10-12,wti,81.67,USD per barrel,github.com/datasets/oil-prices
2010-10-13,wti,83.03,USD per barrel,github.com/datasets/oil-prices
2010-10-14,wti,82.71,USD per barrel,github.com/datasets/oil-prices
2010-10-15,wti,81.23,USD per barrel,github.com/datasets/oil-prices
2010-10-18,wti,83.06,USD per barrel,github.com/datasets/oil-prices
2010-10-19,wti,79.57,USD per barrel,github.com/datasets/oil-prices
2010-10-20,wti,81.93,USD per barrel,github.com/datasets/oil-prices
2010-10-21,wti,80.03,USD per barrel,github.com/datasets/oil-prices
2010-10-22,wti,81.15,USD per barrel,github.com/datasets/oil-prices
2010-10-25,wti,82.0,USD per barrel,github.com/datasets/oil-prices
2010-10-26,wti,82.6,USD per barrel,github.com/datasets/oil-prices
2010-10-27,wti,81.9,USD per barrel,github.com/datasets/oil-prices
2010-10-28,wti,82.2,USD per barrel,github.com/datasets/oil-prices
2010-10-29,wti,81.45,USD per barrel,github.com/datasets/oil-prices
2010-11-01,wti,82.94,USD per barrel,github.com/datasets/oil-prices
2010-11-02,wti,83.91,USD per barrel,github.com/datasets/oil-prices
2010-11-03,wti,84.45,USD per barrel,github.com/datasets/oil-prices
2010-11-04,wti,86.49,USD per barrel,github.com/datasets/oil-prices
2010-11-05,wti,86.85,USD per barrel,github.com/datasets/oil-prices
2010-11-08,wti,87.07,USD per barrel,github.com/datasets/oil-prices
2010-11-09,wti,87.04,USD per barrel,github.com/datasets/oil-prices
2010-11-10,wti,87.77,USD per barrel,github.com/datasets/oil-prices
2010-11-11,wti,87.77,USD per barrel,github.com/datasets/oil-prices
2010-11-12,wti,84.89,USD per barrel,github.com/datasets/oil-prices
2010-11-15,wti,84.88,USD per barrel,github.com/datasets/oil-prices
2010-11-16,wti,82.33,USD per barrel,github.com/datasets/oil-prices
2010-11-17,wti,80.43,USD per barrel,github.com/datasets/oil-prices
2010-11-18,wti,81.88,USD per barrel,github.com/datasets/oil-prices
2010-11-19,wti,81.65,USD per barrel,github.com/datasets/oil-prices
2010-11-22,wti,81.24,USD per barrel,github.com/datasets/oil-prices
2010-11-23,wti,80.79,USD per barrel,github.com/datasets/oil-prices
2010-11-24,wti,83.21,USD per barrel,github.com/datasets/oil-prices
2010-11-26,wti,83.87,USD per barrel,github.com/datasets/oil-prices
2010-11-29,wti,85.73,USD per barrel,github.com/datasets/oil-prices
2010-11-30,wti,84.12,USD per barrel,github.com/datasets/oil-prices
2010-12-01,wti,86.75,USD per barrel,github.com/datasets/oil-prices
2010-12-02,wti,87.98,USD per barrel,github.com/datasets/oil-prices
2010-12-03,wti,89.18,USD per barrel,github.com/datasets/oil-prices
2010-12-06,wti,89.33,USD per barrel,github.com/datasets/oil-prices
2010-12-07,wti,88.69,USD per barrel,github.com/datasets/oil-prices
2010-12-08,wti,88.3,USD per barrel,github.com/datasets/oil-prices
2010-12-09,wti,88.35,USD per barrel,github.com/datasets/oil-prices
2010-12-10,wti,87.81,USD per barrel,github.com/datasets/oil-prices
2010-12-13,wti,88.62,USD per barrel,github.com/datasets/oil-prices
2010-12-14,wti,88.33,USD per barrel,github.com/datasets/oil-prices
2010-12-15,wti,88.66,USD per barrel,github.com/datasets/oil-prices
2010-12-16,wti,87.71,USD per barrel,github.com/datasets/oil-prices
2010-12-17,wti,88.02,USD per barrel,github.com/datasets/oil-prices
2010-12-20,wti,88.68,USD per barrel,github.com/datasets/oil-prices
2010-12-21,wti,89.3,USD per barrel,github.com/datasets/oil-prices
2010-12-22,wti,89.83,USD per barrel,github.com/datasets/oil-prices
2010-12-23,wti,90.84,USD per barrel,github.com/datasets/oil-prices
2010-12-27,wti,90.99,USD per barrel,github.com/datasets/oil-prices
2010-12-28,wti,91.48,USD per barrel,github.com/datasets/oil-prices
2010-12-29,wti,91.13,USD per barrel,github.com/datasets/oil-prices
2010-12-30,wti,89.85,USD per barrel,github.com/datasets/oil-prices
2010-12-31,wti,91.38,USD per barrel,github.com/datasets/oil-prices
2011-01-03,wti,91.59,USD per barrel,github.com/datasets/oil-prices
2011-01-04,wti,89.39,USD per barrel,github.com/datasets/oil-prices
2011-01-05,wti,90.3,USD per barrel,github.com/datasets/oil-prices
2011-01-06,wti,88.37,USD per barrel,github.com/datasets/oil-prices
2011-01-07,wti,88.07,USD per barrel,github.com/datasets/oil-prices
2011-01-10,wti,89.24,USD per barrel,github.com/datasets/oil-prices
2011-01-11,wti,91.11,USD per barrel,github.com/datasets/oil-prices
2011-01-12,wti,91.85,USD per barrel,github.com/datasets/oil-prices
2011-01-13,wti,91.39,USD per barrel,github.com/datasets/oil-prices
2011-01-14,wti,91.53,USD per barrel,github.com/datasets/oil-prices
2011-01-18,wti,91.38,USD per barrel,github.com/datasets/oil-prices
2011-01-19,wti,90.85,USD per barrel,github.com/datasets/oil-prices
2011-01-20,wti,88.56,USD per barrel,github.com/datasets/oil-prices
2011-01-21,wti,88.22,USD per barrel,github.com/datasets/oil-prices
2011-01-24,wti,86.74,USD per barrel,github.com/datasets/oil-prices
2011-01-25,wti,85.08,USD per barrel,github.com/datasets/oil-prices
2011-01-26,wti,86.15,USD per barrel,github.com/datasets/oil-prices
2011-01-27,wti,84.45,USD per barrel,github.com/datasets/oil-prices
2011-01-28,wti,88.15,USD per barrel,github.com/datasets/oil-prices
2011-01-31,wti,90.99,USD per barrel,github.com/datasets/oil-prices
2011-02-01,wti,89.54,USD per barrel,github.com/datasets/oil-prices
2011-02-02,wti,89.78,USD per barrel,github.com/datasets/oil-prices
2011-02-03,wti,89.42,USD per barrel,github.com/datasets/oil-prices
2011-02-04,wti,87.87,USD per barrel,github.com/datasets/oil-prices
2011-02-07,wti,86.3,USD per barrel,github.com/datasets/oil-prices
2011-02-08,wti,85.85,USD per barrel,github.com/datasets/oil-prices
2011-02-09,wti,85.59,USD per barrel,github.com/datasets/oil-prices
2011-02-10,wti,85.44,USD per barrel,github.com/datasets/oil-prices
2011-02-11,wti,84.39,USD per barrel,github.com/datasets/oil-prices
2011-02-14,wti,83.66,USD per barrel,github.com/datasets/oil-prices
2011-02-15,wti,83.13,USD per barrel,github.com/datasets/oil-prices
2011-02-16,wti,83.8,USD per barrel,github.com/datasets/oil-prices
2011-02-17,wti,85.05,USD per barrel,github.com/datasets/oil-prices
2011-02-18,wti,85.03,USD per barrel,github.com/datasets/oil-prices
2011-02-22,wti,92.65,USD per barrel,github.com/datasets/oil-prices
2011-02-23,wti,96.04,USD per barrel,github.com/datasets/oil-prices
2011-02-24,wti,95.83,USD per barrel,github.com/datasets/oil-prices
2011-02-25,wti,96.52,USD per barrel,github.com/datasets/oil-prices
2011-02-28,wti,97.1,USD per barrel,github.com/datasets/oil-prices
2011-03-01,wti,99.63,USD per barrel,github.com/datasets/oil-prices
2011-03-02,wti,102.27,USD per barrel,github.com/datasets/oil-prices
2011-03-03,wti,101.92,USD per barrel,github.com/datasets/oil-prices
2011-03-04,wti,104.34,USD per barrel,github.com/datasets/oil-prices
2011-03-07,wti,105.37,USD per barrel,github.com/datasets/oil-prices
2011-03-08,wti,105.06,USD per barrel,github.com/datasets/oil-prices
2011-03-09,wti,104.39,USD per barrel,github.com/datasets/oil-prices
2011-03-10,wti,102.73,USD per barrel,github.com/datasets/oil-prices
2011-03-11,wti,101.14,USD per barrel,github.com/datasets/oil-prices
2011-03-14,wti,101.2,USD per barrel,github.com/datasets/oil-prices
2011-03-15,wti,97.23,USD per barrel,github.com/datasets/oil-prices
2011-03-16,wti,97.99,USD per barrel,github.com/datasets/oil-prices
2011-03-17,wti,101.47,USD per barrel,github.com/datasets/oil-prices
2011-03-18,wti,101.06,USD per barrel,github.com/datasets/oil-prices
2011-03-21,wti,102.36,USD per barrel,github.com/datasets/oil-prices
2011-03-22,wti,104.53,USD per barrel,github.com/datasets/oil-prices
2011-03-23,wti,105.21,USD per barrel,github.com/datasets/oil-prices
2011-03-24,wti,105.04,USD per barrel,github.com/datasets/oil-prices
2011-03-25,wti,104.89,USD per barrel,github.com/datasets/oil-prices
2011-03-29,wti,104.34,USD per barrel,github.com/datasets/oil-prices
2011-03-30,wti,103.8,USD per barrel,github.com/datasets/oil-prices
2011-03-31,wti,106.19,USD per barrel,github.com/datasets/oil-prices
2011-04-01,wti,107.55,USD per barrel,github.com/datasets/oil-prices
2011-04-04,wti,108.14,USD per barrel,github.com/datasets/oil-prices
2011-04-05,wti,107.82,USD per barrel,github.com/datasets/oil-prices
2011-04-06,wti,108.38,USD per barrel,github.com/datasets/oil-prices
2011-04-07,wti,109.82,USD per barrel,github.com/datasets/oil-prices
2011-04-11,wti,109.5,USD per barrel,github.com/datasets/oil-prices
2011-04-13,wti,106.6,USD per barrel,github.com/datasets/oil-prices
2011-04-15,wti,109.17,USD per barrel,github.com/datasets/oil-prices
2011-04-18,wti,106.7,USD per barrel,github.com/datasets/oil-prices
2011-04-25,wti,111.68,USD per barrel,github.com/datasets/oil-prices
2011-04-26,wti,111.72,USD per barrel,github.com/datasets/oil-prices
2011-04-27,wti,112.31,USD per barrel,github.com/datasets/oil-prices
2011-04-28,wti,112.38,USD per barrel,github.com/datasets/oil-prices
2011-05-02,wti,113.03,USD per barrel,github.com/datasets/oil-prices
2011-05-03,wti,110.6,USD per barrel,github.com/datasets/oil-prices
2011-05-10,wti,103.39,USD per barrel,github.com/datasets/oil-prices
2011-05-11,wti,97.88,USD per barrel,github.com/datasets/oil-prices
2011-05-17,wti,96.4,USD per barrel,github.com/datasets/oil-prices
2011-05-18,wti,99.52,USD per barrel,github.com/datasets/oil-prices
2011-05-23,wti,97.06,USD per barrel,github.com/datasets/oil-prices
2011-05-31,wti,102.7,USD per barrel,github.com/datasets/oil-prices
2011-06-01,wti,100.3,USD per barrel,github.com/datasets/oil-prices
2011-06-03,wti,100.28,USD per barrel,github.com/datasets/oil-prices
2011-06-08,wti,100.77,USD per barrel,github.com/datasets/oil-prices
2011-06-10,wti,99.3,USD per barrel,github.com/datasets/oil-prices
2011-06-13,wti,97.2,USD per barrel,github.com/datasets/oil-prices
2011-06-21,wti,93.7,USD per barrel,github.com/datasets/oil-prices
2011-06-23,wti,90.7,USD per barrel,github.com/datasets/oil-prices
2011-06-28,wti,92.9,USD per barrel,github.com/datasets/oil-prices
2011-06-30,wti,95.3,USD per barrel,github.com/datasets/oil-prices
2011-07-01,wti,94.81,USD per barrel,github.com/datasets/oil-prices
2011-07-07,wti,98.7,USD per barrel,github.com/datasets/oil-prices
2011-07-08,wti,96.2,USD per barrel,github.com/datasets/oil-prices
2011-07-14,wti,95.75,USD per barrel,github.com/datasets/oil-prices
2011-07-15,wti,97.24,USD per barrel,github.com/datasets/oil-prices
2011-07-18,wti,95.94,USD per barrel,github.com/datasets/oil-prices
2011-07-19,wti,97.49,USD per barrel,github.com/datasets/oil-prices
2011-07-20,wti,98.11,USD per barrel,github.com/datasets/oil-prices
2011-07-21,wti,98.96,USD per barrel,github.com/datasets/oil-prices
2011-07-25,wti,98.97,USD per barrel,github.com/datasets/oil-prices
2011-07-26,wti,99.61,USD per barrel,github.com/datasets/oil-prices
2011-07-27,wti,97.4,USD per barrel,github.com/datasets/oil-prices
2011-07-28,wti,97.48,USD per barrel,github.com/datasets/oil-prices
2011-07-29,wti,95.68,USD per barrel,github.com/datasets/oil-prices
2011-08-01,wti,94.98,USD per barrel,github.com/datasets/oil-prices
2011-08-02,wti,93.78,USD per barrel,github.com/datasets/oil-prices
2011-08-03,wti,91.87,USD per barrel,github.com/datasets/oil-prices
2011-08-04,wti,86.75,USD per barrel,github.com/datasets/oil-prices
2011-08-05,wti,86.89,USD per barrel,github.com/datasets/oil-prices
2011-08-08,wti,81.27,USD per barrel,github.com/datasets/oil-prices
2011-08-09,wti,79.32,USD per barrel,github.com/datasets/oil-prices
2011-08-10,wti,83.05,USD per barrel,github.com/datasets/oil-prices
2011-08-11,wti,85.48,USD per barrel,github.com/datasets/oil-prices
2011-08-12,wti,85.19,USD per barrel,github.com/datasets/oil-prices
2011-08-15,wti,87.88,USD per barrel,github.com/datasets/oil-prices
2011-08-16,wti,86.65,USD per barrel,github.com/datasets/oil-prices
2011-08-17,wti,87.58,USD per barrel,github.com/datasets/oil-prices
2011-08-18,wti,82.38,USD per barrel,github.com/datasets/oil-prices
2011-08-19,wti,82.33,USD per barrel,github.com/datasets/oil-prices
2011-08-22,wti,84.42,USD per barrel,github.com/datasets/oil-prices
2011-08-23,wti,85.35,USD per barrel,github.com/datasets/oil-prices
2011-08-24,wti,84.99,USD per barrel,github.com/datasets/oil-prices
2011-08-25,wti,85.15,USD per barrel,github.com/datasets/oil-prices
2011-08-26,wti,85.37,USD per barrel,github.com/datasets/oil-prices
2011-08-29,wti,87.27,USD per barrel,github.com/datasets/oil-prices
2011-08-30,wti,88.9,USD per barrel,github.com/datasets/oil-prices
2011-08-31,wti,88.81,USD per barrel,github.com/datasets/oil-prices
2011-09-01,wti,88.93,USD per barrel,github.com/datasets/oil-prices
2011-09-02,wti,86.45,USD per barrel,github.com/datasets/oil-prices
2011-09-06,wti,85.99,USD per barrel,github.com/datasets/oil-prices
2011-09-07,wti,89.34,USD per barrel,github.com/datasets/oil-prices
2011-09-08,wti,89.05,USD per barrel,github.com/datasets/oil-prices
2011-09-09,wti,87.24,USD per barrel,github.com/datasets/oil-prices
2011-09-12,wti,88.19,USD per barrel,github.com/datasets/oil-prices
2011-09-13,wti,90.21,USD per barrel,github.com/datasets/oil-prices
2011-09-14,wti,88.91,USD per barrel,github.com/datasets/oil-prices
2011-09-15,wti,89.4,USD per barrel,github.com/datasets/oil-prices
2011-09-16,wti,87.96,USD per barrel,github.com/datasets/oil-prices
2011-09-19,wti,85.7,USD per barrel,github.com/datasets/oil-prices
2011-09-20,wti,86.92,USD per barrel,github.com/datasets/oil-prices
2011-09-21,wti,85.77,USD per barrel,github.com/datasets/oil-prices
2011-09-22,wti,80.29,USD per barrel,github.com/datasets/oil-prices
2011-09-23,wti,79.58,USD per barrel,github.com/datasets/oil-prices
2011-09-26,wti,79.97,USD per barrel,github.com/datasets/oil-prices
2011-09-27,wti,84.18,USD per barrel,github.com/datasets/oil-prices
2011-09-28,wti,80.94,USD per barrel,github.com/datasets/oil-prices
2011-09-29,wti,81.87,USD per barrel,github.com/datasets/oil-prices
2011-09-30,wti,78.93,USD per barrel,github.com/datasets/oil-prices
2011-10-03,wti,77.34,USD per barrel,github.com/datasets/oil-prices
2011-10-04,wti,75.4,USD per barrel,github.com/datasets/oil-prices
2011-10-05,wti,79.41,USD per barrel,github.com/datasets/oil-prices
2011-10-06,wti,82.32,USD per barrel,github.com/datasets/oil-prices
2011-10-07,wti,82.7,USD per barrel,github.com/datasets/oil-prices
2011-10-10,wti,85.14,USD per barrel,github.com/datasets/oil-prices
2011-10-11,wti,85.54,USD per barrel,github.com/datasets/oil-prices
2011-10-12,wti,85.3,USD per barrel,github.com/datasets/oil-prices
2011-10-13,wti,83.96,USD per barrel,github.com/datasets/oil-prices
2011-10-14,wti,86.8,USD per barrel,github.com/datasets/oil-prices
2011-10-17,wti,86.38,USD per barrel,github.com/datasets/oil-prices
2011-10-18,wti,88.34,USD per barrel,github.com/datasets/oil-prices
2011-10-19,wti,86.11,USD per barrel,github.com/datasets/oil-prices
2011-10-20,wti,86.07,USD per barrel,github.com/datasets/oil-prices
2011-10-21,wti,87.19,USD per barrel,github.com/datasets/oil-prices
2011-10-24,wti,91.12,USD per barrel,github.com/datasets/oil-prices
2011-10-25,wti,92.98,USD per barrel,github.com/datasets/oil-prices
2011-10-26,wti,90.2,USD per barrel,github.com/datasets/oil-prices
2011-10-27,wti,93.96,USD per barrel,github.com/datasets/oil-prices
2011-10-28,wti,93.32,USD per barrel,github.com/datasets/oil-prices
2011-10-31,wti,93.19,USD per barrel,github.com/datasets/oil-prices
2011-11-01,wti,92.19,USD per barrel,github.com/datasets/oil-prices
2011-11-02,wti,92.51,USD per barrel,github.com/datasets/oil-prices
2011-11-03,wti,94.07,USD per barrel,github.com/datasets/oil-prices
2011-11-04,wti,94.26,USD per barrel,github.com/datasets/oil-prices
2011-11-07,wti,95.52,USD per barrel,github.com/datasets/oil-prices
2011-11-08,wti,96.8,USD per barrel,github.com/datasets/oil-prices
2011-11-09,wti,95.74,USD per barrel,github.com/datasets/oil-prices
2011-11-10,wti,97.78,USD per barrel,github.com/datasets/oil-prices
2011-11-11,wti,98.99,USD per barrel,github.com/datasets/oil-prices
2011-11-14,wti,98.14,USD per barrel,github.com/datasets/oil-prices
2011-11-15,wti,99.37,USD per barrel,github.com/datasets/oil-prices
2011-11-16,wti,102.59,USD per barrel,github.com/datasets/oil-prices
2011-11-17,wti,98.82,USD per barrel,github.com/datasets/oil-prices
2011-11-18,wti,97.67,USD per barrel,github.com/datasets/oil-prices
2011-11-21,wti,96.73,USD per barrel,github.com/datasets/oil-prices
2011-11-22,wti,97.76,USD per barrel,github.com/datasets/oil-prices
2011-11-23,wti,96.16,USD per barrel,github.com/datasets/oil-prices
2011-11-25,wti,96.91,USD per barrel,github.com/datasets/oil-prices
2011-11-28,wti,98.21,USD per barrel,github.com/datasets/oil-prices
2011-11-29,wti,99.79,USD per barrel,github.com/datasets/oil-prices
2011-11-30,wti,100.36,USD per barrel,github.com/datasets/oil-prices
2011-12-01,wti,100.2,USD per barrel,github.com/datasets/oil-prices
2011-12-02,wti,100.97,USD per barrel,github.com/datasets/oil-prices
2011-12-05,wti,100.94,USD per barrel,github.com/datasets/oil-prices
2011-12-06,wti,101.25,USD per barrel,github.com/datasets/oil-prices
2011-12-07,wti,100.45,USD per barrel,github.com/datasets/oil-prices
2011-12-08,wti,98.35,USD per barrel,github.com/datasets/oil-prices
2011-12-09,wti,99.4,USD per barrel,github.com/datasets/oil-prices
2011-12-12,wti,97.77,USD per barrel,github.com/datasets/oil-prices
2011-12-13,wti,100.24,USD per barrel,github.com/datasets/oil-prices
2011-12-14,wti,94.92,USD per barrel,github.com/datasets/oil-prices
2011-12-15,wti,93.84,USD per barrel,github.com/datasets/oil-prices
2011-12-16,wti,93.55,USD per barrel,github.com/datasets/oil-prices
2011-12-19,wti,93.86,USD per barrel,github.com/datasets/oil-prices
2011-12-20,wti,97.16,USD per barrel,github.com/datasets/oil-prices
2011-12-21,wti,98.54,USD per barrel,github.com/datasets/oil-prices
2011-12-22,wti,99.42,USD per barrel,github.com/datasets/oil-prices
2011-12-23,wti,99.72,USD per barrel,github.com/datasets/oil-prices
2011-12-27,wti,101.29,USD per barrel,github.com/datasets/oil-prices
2011-12-28,wti,99.44,USD per barrel,github.com/datasets/oil-prices
2011-12-29,wti,99.68,USD per barrel,github.com/datasets/oil-prices
2011-12-30,wti,98.83,USD per barrel,github.com/datasets/oil-prices
2012-01-03,wti,102.96,USD per barrel,github.com/datasets/oil-prices
2012-01-04,wti,103.22,USD per barrel,github.com/datasets/oil-prices
2012-01-05,wti,101.81,USD per barrel,github.com/datasets/oil-prices
2012-01-06,wti,101.56,USD per barrel,github.com/datasets/oil-prices
2012-01-09,wti,101.31,USD per barrel,github.com/datasets/oil-prices
2012-01-10,wti,102.24,USD per barrel,github.com/datasets/oil-prices
2012-01-11,wti,100.89,USD per barrel,github.com/datasets/oil-prices
2012-01-12,wti,99.03,USD per barrel,github.com/datasets/oil-prices
2012-01-13,wti,98.69,USD per barrel,github.com/datasets/oil-prices
2012-01-17,wti,100.7,USD per barrel,github.com/datasets/oil-prices
2012-01-18,wti,100.61,USD per barrel,github.com/datasets/oil-prices
2012-01-19,wti,100.32,USD per barrel,github.com/datasets/oil-prices
2012-01-20,wti,98.15,USD per barrel,github.com/datasets/oil-prices
2012-01-23,wti,99.47,USD per barrel,github.com/datasets/oil-prices
2012-01-24,wti,98.84,USD per barrel,github.com/datasets/oil-prices
2012-01-25,wti,99.23,USD per barrel,github.com/datasets/oil-prices
2012-01-26,wti,99.76,USD per barrel,github.com/datasets/oil-prices
2012-01-27,wti,99.47,USD per barrel,github.com/datasets/oil-prices
2012-01-30,wti,98.75,USD per barrel,github.com/datasets/oil-prices
2012-01-31,wti,98.46,USD per barrel,github.com/datasets/oil-prices
2012-02-01,wti,97.63,USD per barrel,github.com/datasets/oil-prices
2012-02-02,wti,96.36,USD per barrel,github.com/datasets/oil-prices
2012-02-03,wti,97.8,USD per barrel,github.com/datasets/oil-prices
2012-02-06,wti,96.89,USD per barrel,github.com/datasets/oil-prices
2012-02-07,wti,98.55,USD per barrel,github.com/datasets/oil-prices
2012-02-08,wti,98.8,USD per barrel,github.com/datasets/oil-prices
2012-02-09,wti,99.88,USD per barrel,github.com/datasets/oil-prices
2012-02-10,wti,98.68,USD per barrel,github.com/datasets/oil-prices
2012-02-13,wti,100.39,USD per barrel,github.com/datasets/oil-prices
2012-02-14,wti,100.82,USD per barrel,github.com/datasets/oil-prices
2012-02-15,wti,101.82,USD per barrel,github.com/datasets/oil-prices
2012-02-16,wti,102.33,USD per barrel,github.com/datasets/oil-prices
2012-02-17,wti,103.27,USD per barrel,github.com/datasets/oil-prices
2012-02-21,wti,105.88,USD per barrel,github.com/datasets/oil-prices
2012-02-22,wti,105.99,USD per barrel,github.com/datasets/oil-prices
2012-02-23,wti,107.44,USD per barrel,github.com/datasets/oil-prices
2012-02-24,wti,109.39,USD per barrel,github.com/datasets/oil-prices
2012-02-27,wti,108.49,USD per barrel,github.com/datasets/oil-prices
2012-02-28,wti,106.59,USD per barrel,github.com/datasets/oil-prices
2012-02-29,wti,107.08,USD per barrel,github.com/datasets/oil-prices
2012-03-01,wti,108.76,USD per barrel,github.com/datasets/oil-prices
2012-03-02,wti,106.68,USD per barrel,github.com/datasets/oil-prices
2012-03-05,wti,106.7,USD per barrel,github.com/datasets/oil-prices
2012-03-06,wti,104.71,USD per barrel,github.com/datasets/oil-prices
2012-03-07,wti,106.16,USD per barrel,github.com/datasets/oil-prices
2012-03-08,wti,106.65,USD per barrel,github.com/datasets/oil-prices
2012-03-09,wti,107.4,USD per barrel,github.com/datasets/oil-prices
2012-03-12,wti,106.34,USD per barrel,github.com/datasets/oil-prices
2012-03-13,wti,106.7,USD per barrel,github.com/datasets/oil-prices
2012-03-14,wti,105.49,USD per barrel,github.com/datasets/oil-prices
2012-03-15,wti,105.19,USD per barrel,github.com/datasets/oil-prices
2012-03-16,wti,107.03,USD per barrel,github.com/datasets/oil-prices
2012-03-19,wti,108.09,USD per barrel,github.com/datasets/oil-prices
2012-03-20,wti,105.68,USD per barrel,github.com/datasets/oil-prices
2012-03-21,wti,106.87,USD per barrel,github.com/datasets/oil-prices
2012-03-22,wti,104.98,USD per barrel,github.com/datasets/oil-prices
2012-03-23,wti,106.43,USD per barrel,github.com/datasets/oil-prices
2012-03-26,wti,107.07,USD per barrel,github.com/datasets/oil-prices
2012-03-27,wti,107.32,USD per barrel,github.com/datasets/oil-prices
2012-03-28,wti,105.4,USD per barrel,github.com/datasets/oil-prices
2012-03-29,wti,102.79,USD per barrel,github.com/datasets/oil-prices
2012-03-30,wti,103.03,USD per barrel,github.com/datasets/oil-prices
2012-04-02,wti,105.25,USD per barrel,github.com/datasets/oil-prices
2012-04-03,wti,104.02,USD per barrel,github.com/datasets/oil-prices
2012-04-04,wti,101.53,USD per barrel,github.com/datasets/oil-prices
2012-04-05,wti,103.29,USD per barrel,github.com/datasets/oil-prices
2012-04-09,wti,102.45,USD per barrel,github.com/datasets/oil-prices
2012-04-10,wti,101.12,USD per barrel,github.com/datasets/oil-prices
2012-04-11,wti,102.66,USD per barrel,github.com/datasets/oil-prices
2012-04-12,wti,103.69,USD per barrel,github.com/datasets/oil-prices
2012-04-13,wti,102.84,USD per barrel,github.com/datasets/oil-prices
2012-04-16,wti,102.92,USD per barrel,github.com/datasets/oil-prices
2012-04-17,wti,104.23,USD per barrel,github.com/datasets/oil-prices
2012-04-18,wti,102.65,USD per barrel,github.com/datasets/oil-prices
2012-04-19,wti,102.38,USD per barrel,github.com/datasets/oil-prices
2012-04-20,wti,103.58,USD per barrel,github.com/datasets/oil-prices
2012-04-23,wti,102.68,USD per barrel,github.com/datasets/oil-prices
2012-04-24,wti,103.1,USD per barrel,github.com/datasets/oil-prices
2012-04-25,wti,103.72,USD per barrel,github.com/datasets/oil-prices
2012-04-26,wti,104.56,USD per barrel,github.com/datasets/oil-prices
2012-04-27,wti,104.86,USD per barrel,github.com/datasets/oil-prices
2012-04-30,wti,104.89,USD per barrel,github.com/datasets/oil-prices
2012-05-01,wti,106.17,USD per barrel,github.com/datasets/oil-prices
2012-05-02,wti,105.25,USD per barrel,github.com/datasets/oil-prices
2012-05-03,wti,102.56,USD per barrel,github.com/datasets/oil-prices
2012-05-04,wti,98.49,USD per barrel,github.com/datasets/oil-prices
2012-05-07,wti,97.86,USD per barrel,github.com/datasets/oil-prices
2012-05-08,wti,97.13,USD per barrel,github.com/datasets/oil-prices
2012-05-09,wti,96.8,USD per barrel,github.com/datasets/oil-prices
2012-05-10,wti,97.1,USD per barrel,github.com/datasets/oil-prices
2012-05-11,wti,96.03,USD per barrel,github.com/datasets/oil-prices
2012-05-14,wti,94.75,USD per barrel,github.com/datasets/oil-prices
2012-05-15,wti,93.97,USD per barrel,github.com/datasets/oil-prices
2012-05-16,wti,92.78,USD per barrel,github.com/datasets/oil-prices
2012-05-17,wti,92.53,USD per barrel,github.com/datasets/oil-prices
2012-05-18,wti,91.51,USD per barrel,github.com/datasets/oil-prices
2012-05-21,wti,92.57,USD per barrel,github.com/datasets/oil-prices
2012-05-22,wti,91.44,USD per barrel,github.com/datasets/oil-prices
2012-05-23,wti,89.4,USD per barrel,github.com/datasets/oil-prices
2012-05-24,wti,90.36,USD per barrel,github.com/datasets/oil-prices
2012-05-25,wti,90.64,USD per barrel,github.com/datasets/oil-prices
2012-05-29,wti,90.75,USD per barrel,github.com/datasets/oil-prices
2012-05-30,wti,87.79,USD per barrel,github.com/datasets/oil-prices
2012-05-31,wti,86.52,USD per barrel,github.com/datasets/oil-prices
2012-06-01,wti,83.17,USD per barrel,github.com/datasets/oil-prices
2012-06-04,wti,83.95,USD per barrel,github.com/datasets/oil-prices
2012-06-05,wti,84.31,USD per barrel,github.com/datasets/oil-prices
2012-06-06,wti,85.05,USD per barrel,github.com/datasets/oil-prices
2012-06-07,wti,84.78,USD per barrel,github.com/datasets/oil-prices
2012-06-08,wti,84.08,USD per barrel,github.com/datasets/oil-prices
2012-06-11,wti,82.58,USD per barrel,github.com/datasets/oil-prices
2012-06-12,wti,83.35,USD per barrel,github.com/datasets/oil-prices
2012-06-13,wti,82.56,USD per barrel,github.com/datasets/oil-prices
2012-06-14,wti,83.83,USD per barrel,github.com/datasets/oil-prices
2012-06-15,wti,84.03,USD per barrel,github.com/datasets/oil-prices
2012-06-18,wti,83.26,USD per barrel,github.com/datasets/oil-prices
2012-06-19,wti,83.99,USD per barrel,github.com/datasets/oil-prices
2012-06-20,wti,81.06,USD per barrel,github.com/datasets/oil-prices
2012-06-21,wti,77.91,USD per barrel,github.com/datasets/oil-prices
2012-06-22,wti,79.33,USD per barrel,github.com/datasets/oil-prices
2012-06-25,wti,78.76,USD per barrel,github.com/datasets/oil-prices
2012-06-26,wti,79.34,USD per barrel,github.com/datasets/oil-prices
2012-06-27,wti,80.27,USD per barrel,github.com/datasets/oil-prices
2012-06-28,wti,77.72,USD per barrel,github.com/datasets/oil-prices
2012-06-29,wti,85.04,USD per barrel,github.com/datasets/oil-prices
2012-07-02,wti,83.72,USD per barrel,github.com/datasets/oil-prices
2012-07-03,wti,87.74,USD per barrel,github.com/datasets/oil-prices
2012-07-05,wti,87.11,USD per barrel,github.com/datasets/oil-prices
2012-07-06,wti,84.37,USD per barrel,github.com/datasets/oil-prices
2012-07-09,wti,85.93,USD per barrel,github.com/datasets/oil-prices
2012-07-10,wti,83.92,USD per barrel,github.com/datasets/oil-prices
2012-07-11,wti,85.88,USD per barrel,github.com/datasets/oil-prices
2012-07-12,wti,86.02,USD per barrel,github.com/datasets/oil-prices
2012-07-13,wti,87.15,USD per barrel,github.com/datasets/oil-prices
2012-07-16,wti,88.41,USD per barrel,github.com/datasets/oil-prices
2012-07-17,wti,89.07,USD per barrel,github.com/datasets/oil-prices
2012-07-18,wti,89.88,USD per barrel,github.com/datasets/oil-prices
2012-07-19,wti,92.78,USD per barrel,github.com/datasets/oil-prices
2012-07-20,wti,91.56,USD per barrel,github.com/datasets/oil-prices
2012-07-23,wti,87.77,USD per barrel,github.com/datasets/oil-prices
2012-07-24,wti,88.28,USD per barrel,github.com/datasets/oil-prices
2012-07-25,wti,88.8,USD per barrel,github.com/datasets/oil-prices
2012-07-26,wti,89.4,USD per barrel,github.com/datasets/oil-prices
2012-07-27,wti,90.13,USD per barrel,github.com/datasets/oil-prices
2012-07-30,wti,89.8,USD per barrel,github.com/datasets/oil-prices
2012-07-31,wti,88.08,USD per barrel,github.com/datasets/oil-prices
2012-08-01,wti,88.99,USD per barrel,github.com/datasets/oil-prices
2012-08-02,wti,87.22,USD per barrel,github.com/datasets/oil-prices
2012-08-03,wti,91.4,USD per barrel,github.com/datasets/oil-prices
2012-08-06,wti,92.3,USD per barrel,github.com/datasets/oil-prices
2012-08-07,wti,93.68,USD per barrel,github.com/datasets/oil-prices
2012-08-08,wti,93.39,USD per barrel,github.com/datasets/oil-prices
2012-08-09,wti,93.39,USD per barrel,github.com/datasets/oil-prices
2012-08-10,wti,92.94,USD per barrel,github.com/datasets/oil-prices
2012-08-13,wti,92.76,USD per barrel,github.com/datasets/oil-prices
2012-08-14,wti,93.4,USD per barrel,github.com/datasets/oil-prices
2012-08-15,wti,94.35,USD per barrel,github.com/datasets/oil-prices
2012-08-16,wti,95.66,USD per barrel,github.com/datasets/oil-prices
2012-08-17,wti,96.0,USD per barrel,github.com/datasets/oil-prices
2012-08-20,wti,96.03,USD per barrel,github.com/datasets/oil-prices
2012-08-21,wti,96.55,USD per barrel,github.com/datasets/oil-prices
2012-08-22,wti,96.89,USD per barrel,github.com/datasets/oil-prices
2012-08-23,wti,95.87,USD per barrel,github.com/datasets/oil-prices
2012-08-24,wti,95.78,USD per barrel,github.com/datasets/oil-prices
2012-08-27,wti,95.54,USD per barrel,github.com/datasets/oil-prices
2012-08-28,wti,96.3,USD per barrel,github.com/datasets/oil-prices
2012-08-29,wti,95.5,USD per barrel,github.com/datasets/oil-prices
2012-08-30,wti,94.61,USD per barrel,github.com/datasets/oil-prices
2012-08-31,wti,96.47,USD per barrel,github.com/datasets/oil-prices
2012-09-04,wti,95.34,USD per barrel,github.com/datasets/oil-prices
2012-09-05,wti,95.37,USD per barrel,github.com/datasets/oil-prices
2012-09-06,wti,95.58,USD per barrel,github.com/datasets/oil-prices
2012-09-07,wti,96.41,USD per barrel,github.com/datasets/oil-prices
2012-09-10,wti,96.52,USD per barrel,github.com/datasets/oil-prices
2012-09-11,wti,97.03,USD per barrel,github.com/datasets/oil-prices
2012-09-12,wti,97.02,USD per barrel,github.com/datasets/oil-prices
2012-09-13,wti,98.3,USD per barrel,github.com/datasets/oil-prices
2012-09-14,wti,98.94,USD per barrel,github.com/datasets/oil-prices
2012-09-17,wti,96.51,USD per barrel,github.com/datasets/oil-prices
2012-09-18,wti,95.25,USD per barrel,github.com/datasets/oil-prices
2012-09-19,wti,91.97,USD per barrel,github.com/datasets/oil-prices
2012-09-20,wti,92.14,USD per barrel,github.com/datasets/oil-prices
2012-09-21,wti,92.64,USD per barrel,github.com/datasets/oil-prices
2012-09-24,wti,91.68,USD per barrel,github.com/datasets/oil-prices
2012-09-25,wti,91.07,USD per barrel,github.com/datasets/oil-prices
2012-09-26,wti,89.92,USD per barrel,github.com/datasets/oil-prices
2012-09-27,wti,91.89,USD per barrel,github.com/datasets/oil-prices
2012-09-28,wti,92.18,USD per barrel,github.com/datasets/oil-prices
2012-10-01,wti,92.44,USD per barrel,github.com/datasets/oil-prices
2012-10-02,wti,91.88,USD per barrel,github.com/datasets/oil-prices
2012-10-03,wti,88.19,USD per barrel,github.com/datasets/oil-prices
2012-10-04,wti,91.69,USD per barrel,github.com/datasets/oil-prices
2012-10-05,wti,89.87,USD per barrel,github.com/datasets/oil-prices
2012-10-08,wti,89.43,USD per barrel,github.com/datasets/oil-prices
2012-10-09,wti,92.42,USD per barrel,github.com/datasets/oil-prices
2012-10-10,wti,91.24,USD per barrel,github.com/datasets/oil-prices
2012-10-11,wti,92.19,USD per barrel,github.com/datasets/oil-prices
2012-10-12,wti,91.83,USD per barrel,github.com/datasets/oil-prices
2012-10-15,wti,91.84,USD per barrel,github.com/datasets/oil-prices
2012-10-16,wti,92.07,USD per barrel,github.com/datasets/oil-prices
2012-10-17,wti,92.04,USD per barrel,github.com/datasets/oil-prices
2012-10-18,wti,92.0,USD per barrel,github.com/datasets/oil-prices
2012-10-19,wti,90.0,USD per barrel,github.com/datasets/oil-prices
2012-10-22,wti,88.3,USD per barrel,github.com/datasets/oil-prices
2012-10-23,wti,86.65,USD per barrel,github.com/datasets/oil-prices
2012-10-24,wti,85.39,USD per barrel,github.com/datasets/oil-prices
2012-10-25,wti,85.59,USD per barrel,github.com/datasets/oil-prices
2012-10-26,wti,85.84,USD per barrel,github.com/datasets/oil-prices
2012-10-29,wti,85.52,USD per barrel,github.com/datasets/oil-prices
2012-10-30,wti,85.65,USD per barrel,github.com/datasets/oil-prices
2012-10-31,wti,86.23,USD per barrel,github.com/datasets/oil-prices
2012-11-01,wti,87.05,USD per barrel,github.com/datasets/oil-prices
2012-11-02,wti,84.9,USD per barrel,github.com/datasets/oil-prices
2012-11-05,wti,85.64,USD per barrel,github.com/datasets/oil-prices
2012-11-06,wti,88.62,USD per barrel,github.com/datasets/oil-prices
2012-11-07,wti,84.5,USD per barrel,github.com/datasets/oil-prices
2012-11-08,wti,85.07,USD per barrel,github.com/datasets/oil-prices
2012-11-09,wti,86.08,USD per barrel,github.com/datasets/oil-prices
2012-11-12,wti,85.56,USD per barrel,github.com/datasets/oil-prices
2012-11-13,wti,85.38,USD per barrel,github.com/datasets/oil-prices
2012-11-14,wti,86.32,USD per barrel,github.com/datasets/oil-prices
2012-11-15,wti,85.45,USD per barrel,github.com/datasets/oil-prices
2012-11-16,wti,86.62,USD per barrel,github.com/datasets/oil-prices
2012-11-19,wti,89.05,USD per barrel,github.com/datasets/oil-prices
2012-11-20,wti,86.46,USD per barrel,github.com/datasets/oil-prices
2012-11-21,wti,87.08,USD per barrel,github.com/datasets/oil-prices
2012-11-23,wti,87.01,USD per barrel,github.com/datasets/oil-prices
2012-11-26,wti,87.28,USD per barrel,github.com/datasets/oil-prices
2012-11-27,wti,86.81,USD per barrel,github.com/datasets/oil-prices
2012-11-28,wti,86.1,USD per barrel,github.com/datasets/oil-prices
2012-11-29,wti,87.64,USD per barrel,github.com/datasets/oil-prices
2012-11-30,wti,88.54,USD per barrel,github.com/datasets/oil-prices
2012-12-03,wti,88.69,USD per barrel,github.com/datasets/oil-prices
2012-12-04,wti,88.04,USD per barrel,github.com/datasets/oil-prices
2012-12-05,wti,87.36,USD per barrel,github.com/datasets/oil-prices
2012-12-06,wti,85.47,USD per barrel,github.com/datasets/oil-prices
2012-12-07,wti,85.45,USD per barrel,github.com/datasets/oil-prices
2012-12-10,wti,85.14,USD per barrel,github.com/datasets/oil-prices
2012-12-11,wti,85.36,USD per barrel,github.com/datasets/oil-prices
2012-12-12,wti,86.35,USD per barrel,github.com/datasets/oil-prices
2012-12-13,wti,85.39,USD per barrel,github.com/datasets/oil-prices
2012-12-14,wti,86.32,USD per barrel,github.com/datasets/oil-prices
2012-12-17,wti,86.71,USD per barrel,github.com/datasets/oil-prices
2012-12-18,wti,87.46,USD per barrel,github.com/datasets/oil-prices
2012-12-19,wti,89.09,USD per barrel,github.com/datasets/oil-prices
2012-12-20,wti,89.76,USD per barrel,github.com/datasets/oil-prices
2012-12-21,wti,88.2,USD per barrel,github.com/datasets/oil-prices
2012-12-24,wti,88.29,USD per barrel,github.com/datasets/oil-prices
2012-12-26,wti,90.71,USD per barrel,github.com/datasets/oil-prices
2012-12-27,wti,90.91,USD per barrel,github.com/datasets/oil-prices
2012-12-28,wti,90.66,USD per barrel,github.com/datasets/oil-prices
2012-12-31,wti,91.83,USD per barrel,github.com/datasets/oil-prices
2013-01-02,wti,93.14,USD per barrel,github.com/datasets/oil-prices
2013-01-03,wti,92.97,USD per barrel,github.com/datasets/oil-prices
2013-01-04,wti,93.12,USD per barrel,github.com/datasets/oil-prices
2013-01-07,wti,93.2,USD per barrel,github.com/datasets/oil-prices
2013-01-08,wti,93.21,USD per barrel,github.com/datasets/oil-prices
2013-01-09,wti,93.08,USD per barrel,github.com/datasets/oil-prices
2013-01-10,wti,93.81,USD per barrel,github.com/datasets/oil-prices
2013-01-11,wti,93.6,USD per barrel,github.com/datasets/oil-prices
2013-01-14,wti,94.27,USD per barrel,github.com/datasets/oil-prices
2013-01-15,wti,93.26,USD per barrel,github.com/datasets/oil-prices
2013-01-16,wti,94.28,USD per barrel,github.com/datasets/oil-prices
2013-01-17,wti,95.49,USD per barrel,github.com/datasets/oil-prices
2013-01-18,wti,95.61,USD per barrel,github.com/datasets/oil-prices
2013-01-22,wti,96.09,USD per barrel,github.com/datasets/oil-prices
2013-01-23,wti,95.06,USD per barrel,github.com/datasets/oil-prices
2013-01-24,wti,95.35,USD per barrel,github.com/datasets/oil-prices
2013-01-25,wti,95.15,USD per barrel,github.com/datasets/oil-prices
2013-01-28,wti,95.95,USD per barrel,github.com/datasets/oil-prices
2013-01-29,wti,97.62,USD per barrel,github.com/datasets/oil-prices
2013-01-30,wti,97.98,USD per barrel,github.com/datasets/oil-prices
2013-01-31,wti,97.65,USD per barrel,github.com/datasets/oil-prices
2013-02-01,wti,97.46,USD per barrel,github.com/datasets/oil-prices
2013-02-04,wti,96.21,USD per barrel,github.com/datasets/oil-prices
2013-02-05,wti,96.68,USD per barrel,github.com/datasets/oil-prices
2013-02-06,wti,96.44,USD per barrel,github.com/datasets/oil-prices
2013-02-07,wti,95.84,USD per barrel,github.com/datasets/oil-prices
2013-02-08,wti,95.71,USD per barrel,github.com/datasets/oil-prices
2013-02-11,wti,97.01,USD per barrel,github.com/datasets/oil-prices
2013-02-12,wti,97.48,USD per barrel,github.com/datasets/oil-prices
2013-02-13,wti,97.03,USD per barrel,github.com/datasets/oil-prices
2013-02-14,wti,97.3,USD per barrel,github.com/datasets/oil-prices
2013-02-15,wti,95.95,USD per barrel,github.com/datasets/oil-prices
2013-02-19,wti,96.69,USD per barrel,github.com/datasets/oil-prices
2013-02-20,wti,94.92,USD per barrel,github.com/datasets/oil-prices
2013-02-21,wti,92.79,USD per barrel,github.com/datasets/oil-prices
2013-02-22,wti,93.12,USD per barrel,github.com/datasets/oil-prices
2013-02-25,wti,92.74,USD per barrel,github.com/datasets/oil-prices
2013-02-26,wti,92.63,USD per barrel,github.com/datasets/oil-prices
2013-02-27,wti,92.84,USD per barrel,github.com/datasets/oil-prices
2013-02-28,wti,92.03,USD per barrel,github.com/datasets/oil-prices
2013-03-01,wti,90.71,USD per barrel,github.com/datasets/oil-prices
2013-03-04,wti,90.13,USD per barrel,github.com/datasets/oil-prices
2013-03-05,wti,90.88,USD per barrel,github.com/datasets/oil-prices
2013-03-06,wti,90.47,USD per barrel,github.com/datasets/oil-prices
2013-03-07,wti,91.53,USD per barrel,github.com/datasets/oil-prices
2013-03-08,wti,92.01,USD per barrel,github.com/datasets/oil-prices
2013-03-11,wti,92.07,USD per barrel,github.com/datasets/oil-prices
2013-03-12,wti,92.44,USD per barrel,github.com/datasets/oil-prices
2013-03-13,wti,92.47,USD per barrel,github.com/datasets/oil-prices
2013-03-14,wti,93.03,USD per barrel,github.com/datasets/oil-prices
2013-03-15,wti,93.49,USD per barrel,github.com/datasets/oil-prices
2013-03-18,wti,93.71,USD per barrel,github.com/datasets/oil-prices
2013-03-19,wti,92.44,USD per barrel,github.com/datasets/oil-prices
2013-03-20,wti,93.21,USD per barrel,github.com/datasets/oil-prices
2013-03-21,wti,92.46,USD per barrel,github.com/datasets/oil-prices
2013-03-22,wti,93.41,USD per barrel,github.com/datasets/oil-prices
2013-03-25,wti,94.55,USD per barrel,github.com/datasets/oil-prices
2013-03-26,wti,95.99,USD per barrel,github.com/datasets/oil-prices
2013-03-27,wti,96.53,USD per barrel,github.com/datasets/oil-prices
2013-03-28,wti,97.24,USD per barrel,github.com/datasets/oil-prices
2013-04-01,wti,97.1,USD per barrel,github.com/datasets/oil-prices
2013-04-02,wti,97.23,USD per barrel,github.com/datasets/oil-prices
2013-04-03,wti,95.02,USD per barrel,github.com/datasets/oil-prices
2013-04-04,wti,93.26,USD per barrel,github.com/datasets/oil-prices
2013-04-05,wti,92.76,USD per barrel,github.com/datasets/oil-prices
2013-04-08,wti,93.36,USD per barrel,github.com/datasets/oil-prices
2013-04-09,wti,94.18,USD per barrel,github.com/datasets/oil-prices
2013-04-10,wti,94.59,USD per barrel,github.com/datasets/oil-prices
2013-04-11,wti,93.44,USD per barrel,github.com/datasets/oil-prices
2013-04-12,wti,91.23,USD per barrel,github.com/datasets/oil-prices
2013-04-15,wti,88.75,USD per barrel,github.com/datasets/oil-prices
2013-04-16,wti,88.73,USD per barrel,github.com/datasets/oil-prices
2013-04-17,wti,86.65,USD per barrel,github.com/datasets/oil-prices
2013-04-18,wti,87.83,USD per barrel,github.com/datasets/oil-prices
2013-04-19,wti,88.04,USD per barrel,github.com/datasets/oil-prices
2013-04-22,wti,88.81,USD per barrel,github.com/datasets/oil-prices
2013-04-23,wti,89.21,USD per barrel,github.com/datasets/oil-prices
2013-04-24,wti,91.07,USD per barrel,github.com/datasets/oil-prices
2013-04-25,wti,93.27,USD per barrel,github.com/datasets/oil-prices
2013-04-26,wti,92.63,USD per barrel,github.com/datasets/oil-prices
2013-04-29,wti,94.09,USD per barrel,github.com/datasets/oil-prices
2013-04-30,wti,93.22,USD per barrel,github.com/datasets/oil-prices
2013-05-01,wti,90.74,USD per barrel,github.com/datasets/oil-prices
2013-05-02,wti,93.7,USD per barrel,github.com/datasets/oil-prices
2013-05-03,wti,95.25,USD per barrel,github.com/datasets/oil-prices
2013-05-06,wti,95.8,USD per barrel,github.com/datasets/oil-prices
2013-05-08,wti,96.24,USD per barrel,github.com/datasets/oil-prices
2013-05-09,wti,96.09,USD per barrel,github.com/datasets/oil-prices
2013-05-10,wti,95.81,USD per barrel,github.com/datasets/oil-prices
2013-05-13,wti,94.76,USD per barrel,github.com/datasets/oil-prices
2013-05-14,wti,93.96,USD per barrel,github.com/datasets/oil-prices
2013-05-15,wti,93.95,USD per barrel,github.com/datasets/oil-prices
2013-05-16,wti,94.85,USD per barrel,github.com/datasets/oil-prices
2013-05-17,wti,95.72,USD per barrel,github.com/datasets/oil-prices
2013-05-20,wti,96.29,USD per barrel,github.com/datasets/oil-prices
2013-05-21,wti,95.55,USD per barrel,github.com/datasets/oil-prices
2013-05-22,wti,93.98,USD per barrel,github.com/datasets/oil-prices
2013-05-23,wti,94.12,USD per barrel,github.com/datasets/oil-prices
2013-05-24,wti,93.84,USD per barrel,github.com/datasets/oil-prices
2013-05-28,wti,94.65,USD per barrel,github.com/datasets/oil-prices
2013-05-29,wti,93.13,USD per barrel,github.com/datasets/oil-prices
2013-05-30,wti,93.57,USD per barrel,github.com/datasets/oil-prices
2013-05-31,wti,91.93,USD per barrel,github.com/datasets/oil-prices
2013-06-03,wti,93.41,USD per barrel,github.com/datasets/oil-prices
2013-06-04,wti,93.36,USD per barrel,github.com/datasets/oil-prices
2013-06-05,wti,93.66,USD per barrel,github.com/datasets/oil-prices
2013-06-06,wti,94.71,USD per barrel,github.com/datasets/oil-prices
2013-06-07,wti,96.11,USD per barrel,github.com/datasets/oil-prices
2013-06-10,wti,95.82,USD per barrel,github.com/datasets/oil-prices
2013-06-11,wti,95.5,USD per barrel,github.com/datasets/oil-prices
2013-06-12,wti,95.98,USD per barrel,github.com/datasets/oil-prices
2013-06-13,wti,96.66,USD per barrel,github.com/datasets/oil-prices
2013-06-14,wti,97.83,USD per barrel,github.com/datasets/oil-prices
2013-06-17,wti,97.86,USD per barrel,github.com/datasets/oil-prices
2013-06-18,wti,98.46,USD per barrel,github.com/datasets/oil-prices
2013-06-19,wti,98.24,USD per barrel,github.com/datasets/oil-prices
2013-06-20,wti,94.89,USD per barrel,github.com/datasets/oil-prices
2013-06-21,wti,93.81,USD per barrel,github.com/datasets/oil-prices
2013-06-24,wti,95.07,USD per barrel,github.com/datasets/oil-prices
2013-06-25,wti,95.25,USD per barrel,github.com/datasets/oil-prices
2013-06-26,wti,95.47,USD per barrel,github.com/datasets/oil-prices
2013-06-27,wti,97.0,USD per barrel,github.com/datasets/oil-prices
2013-06-28,wti,96.36,USD per barrel,github.com/datasets/oil-prices
2013-07-01,wti,97.94,USD per barrel,github.com/datasets/oil-prices
2013-07-02,wti,99.65,USD per barrel,github.com/datasets/oil-prices
2013-07-03,wti,101.92,USD per barrel,github.com/datasets/oil-prices
2013-07-05,wti,103.09,USD per barrel,github.com/datasets/oil-prices
2013-07-08,wti,103.03,USD per barrel,github.com/datasets/oil-prices
2013-07-09,wti,103.46,USD per barrel,github.com/datasets/oil-prices
2013-07-10,wti,106.41,USD per barrel,github.com/datasets/oil-prices
2013-07-11,wti,104.77,USD per barrel,github.com/datasets/oil-prices
2013-07-12,wti,105.85,USD per barrel,github.com/datasets/oil-prices
2013-07-15,wti,106.2,USD per barrel,github.com/datasets/oil-prices
2013-07-16,wti,105.88,USD per barrel,github.com/datasets/oil-prices
2013-07-17,wti,106.39,USD per barrel,github.com/datasets/oil-prices
2013-07-18,wti,107.94,USD per barrel,github.com/datasets/oil-prices
2013-07-19,wti,108.0,USD per barrel,github.com/datasets/oil-prices
2013-07-22,wti,106.61,USD per barrel,github.com/datasets/oil-prices
2013-07-23,wti,107.13,USD per barrel,github.com/datasets/oil-prices
2013-07-24,wti,105.41,USD per barrel,github.com/datasets/oil-prices
2013-07-25,wti,105.47,USD per barrel,github.com/datasets/oil-prices
2013-07-26,wti,104.76,USD per barrel,github.com/datasets/oil-prices
2013-07-29,wti,104.61,USD per barrel,github.com/datasets/oil-prices
2013-07-30,wti,103.14,USD per barrel,github.com/datasets/oil-prices
2013-07-31,wti,105.1,USD per barrel,github.com/datasets/oil-prices
2013-08-01,wti,107.93,USD per barrel,github.com/datasets/oil-prices
2013-08-02,wti,106.94,USD per barrel,github.com/datasets/oil-prices
2013-08-05,wti,106.61,USD per barrel,github.com/datasets/oil-prices
2013-08-06,wti,105.32,USD per barrel,github.com/datasets/oil-prices
2013-08-07,wti,104.41,USD per barrel,github.com/datasets/oil-prices
2013-08-08,wti,103.45,USD per barrel,github.com/datasets/oil-prices
2013-08-09,wti,106.04,USD per barrel,github.com/datasets/oil-prices
2013-08-12,wti,106.19,USD per barrel,github.com/datasets/oil-prices
2013-08-13,wti,106.78,USD per barrel,github.com/datasets/oil-prices
2013-08-14,wti,106.89,USD per barrel,github.com/datasets/oil-prices
2013-08-15,wti,107.43,USD per barrel,github.com/datasets/oil-prices
2013-08-16,wti,107.58,USD per barrel,github.com/datasets/oil-prices
2013-08-19,wti,107.14,USD per barrel,github.com/datasets/oil-prices
2013-08-20,wti,104.9,USD per barrel,github.com/datasets/oil-prices
2013-08-21,wti,103.93,USD per barrel,github.com/datasets/oil-prices
2013-08-22,wti,104.93,USD per barrel,github.com/datasets/oil-prices
2013-08-23,wti,106.48,USD per barrel,github.com/datasets/oil-prices
2013-08-26,wti,105.88,USD per barrel,github.com/datasets/oil-prices
2013-08-27,wti,109.11,USD per barrel,github.com/datasets/oil-prices
2013-08-28,wti,110.17,USD per barrel,github.com/datasets/oil-prices
2013-08-29,wti,108.51,USD per barrel,github.com/datasets/oil-prices
2013-08-30,wti,107.98,USD per barrel,github.com/datasets/oil-prices
2013-09-03,wti,108.67,USD per barrel,github.com/datasets/oil-prices
2013-09-04,wti,107.29,USD per barrel,github.com/datasets/oil-prices
2013-09-05,wti,108.5,USD per barrel,github.com/datasets/oil-prices
2013-09-06,wti,110.62,USD per barrel,github.com/datasets/oil-prices
2013-09-09,wti,109.62,USD per barrel,github.com/datasets/oil-prices
2013-09-10,wti,107.48,USD per barrel,github.com/datasets/oil-prices
2013-09-11,wti,107.65,USD per barrel,github.com/datasets/oil-prices
2013-09-12,wti,108.72,USD per barrel,github.com/datasets/oil-prices
2013-09-13,wti,108.31,USD per barrel,github.com/datasets/oil-prices
2013-09-16,wti,106.54,USD per barrel,github.com/datasets/oil-prices
2013-09-17,wti,105.36,USD per barrel,github.com/datasets/oil-prices
2013-09-18,wti,108.23,USD per barrel,github.com/datasets/oil-prices
2013-09-19,wti,106.26,USD per barrel,github.com/datasets/oil-prices
2013-09-20,wti,104.7,USD per barrel,github.com/datasets/oil-prices
2013-09-23,wti,103.62,USD per barrel,github.com/datasets/oil-prices
2013-09-24,wti,103.22,USD per barrel,github.com/datasets/oil-prices
2013-09-25,wti,102.68,USD per barrel,github.com/datasets/oil-prices
2013-09-26,wti,103.1,USD per barrel,github.com/datasets/oil-prices
2013-09-27,wti,102.86,USD per barrel,github.com/datasets/oil-prices
2013-09-30,wti,102.36,USD per barrel,github.com/datasets/oil-prices
2013-10-01,wti,102.09,USD per barrel,github.com/datasets/oil-prices
2013-10-02,wti,104.15,USD per barrel,github.com/datasets/oil-prices
2013-10-03,wti,103.29,USD per barrel,github.com/datasets/oil-prices
2013-10-04,wti,103.83,USD per barrel,github.com/datasets/oil-prices
2013-10-07,wti,103.07,USD per barrel,github.com/datasets/oil-prices
2013-10-08,wti,103.54,USD per barrel,github.com/datasets/oil-prices
2013-10-09,wti,101.63,USD per barrel,github.com/datasets/oil-prices
2013-10-10,wti,103.08,USD per barrel,github.com/datasets/oil-prices
2013-10-11,wti,102.17,USD per barrel,github.com/datasets/oil-prices
2013-10-14,wti,102.46,USD per barrel,github.com/datasets/oil-prices
2013-10-15,wti,101.15,USD per barrel,github.com/datasets/oil-prices
2013-10-16,wti,102.34,USD per barrel,github.com/datasets/oil-prices
2013-10-17,wti,100.72,USD per barrel,github.com/datasets/oil-prices
2013-10-18,wti,100.87,USD per barrel,github.com/datasets/oil-prices
2013-10-21,wti,99.28,USD per barrel,github.com/datasets/oil-prices
2013-10-22,wti,97.63,USD per barrel,github.com/datasets/oil-prices
2013-10-23,wti,96.9,USD per barrel,github.com/datasets/oil-prices
2013-10-24,wti,96.65,USD per barrel,github.com/datasets/oil-prices
2013-10-25,wti,97.4,USD per barrel,github.com/datasets/oil-prices
2013-10-28,wti,98.74,USD per barrel,github.com/datasets/oil-prices
2013-10-29,wti,98.29,USD per barrel,github.com/datasets/oil-prices
2013-10-30,wti,96.81,USD per barrel,github.com/datasets/oil-prices
2013-10-31,wti,96.29,USD per barrel,github.com/datasets/oil-prices
2013-11-01,wti,94.56,USD per barrel,github.com/datasets/oil-prices
2013-11-04,wti,94.58,USD per barrel,github.com/datasets/oil-prices
2013-11-05,wti,93.4,USD per barrel,github.com/datasets/oil-prices
2013-11-06,wti,94.74,USD per barrel,github.com/datasets/oil-prices
2013-11-07,wti,94.25,USD per barrel,github.com/datasets/oil-prices
2013-11-08,wti,94.56,USD per barrel,github.com/datasets/oil-prices
2013-11-11,wti,95.13,USD per barrel,github.com/datasets/oil-prices
2013-11-12,wti,93.12,USD per barrel,github.com/datasets/oil-prices
2013-11-13,wti,93.91,USD per barrel,github.com/datasets/oil-prices
2013-11-14,wti,93.76,USD per barrel,github.com/datasets/oil-prices
2013-11-15,wti,93.8,USD per barrel,github.com/datasets/oil-prices
2013-11-18,wti,93.03,USD per barrel,github.com/datasets/oil-prices
2013-11-19,wti,93.35,USD per barrel,github.com/datasets/oil-prices
2013-11-20,wti,93.34,USD per barrel,github.com/datasets/oil-prices
2013-11-21,wti,95.35,USD per barrel,github.com/datasets/oil-prices
2013-11-22,wti,94.53,USD per barrel,github.com/datasets/oil-prices
2013-11-25,wti,93.86,USD per barrel,github.com/datasets/oil-prices
2013-11-26,wti,93.41,USD per barrel,github.com/datasets/oil-prices
2013-11-27,wti,92.05,USD per barrel,github.com/datasets/oil-prices
2013-11-29,wti,92.55,USD per barrel,github.com/datasets/oil-prices
2013-12-02,wti,93.61,USD per barrel,github.com/datasets/oil-prices
2013-12-03,wti,95.83,USD per barrel,github.com/datasets/oil-prices
2013-12-04,wti,96.97,USD per barrel,github.com/datasets/oil-prices
2013-12-05,wti,97.14,USD per barrel,github.com/datasets/oil-prices
2013-12-06,wti,97.48,USD per barrel,github.com/datasets/oil-prices
2013-12-09,wti,97.1,USD per barrel,github.com/datasets/oil-prices
2013-12-11,wti,97.25,USD per barrel,github.com/datasets/oil-prices
2013-12-12,wti,97.21,USD per barrel,github.com/datasets/oil-prices
2013-12-13,wti,96.27,USD per barrel,github.com/datasets/oil-prices
2013-12-16,wti,97.18,USD per barrel,github.com/datasets/oil-prices
2013-12-17,wti,96.99,USD per barrel,github.com/datasets/oil-prices
2013-12-18,wti,97.59,USD per barrel,github.com/datasets/oil-prices
2013-12-19,wti,98.4,USD per barrel,github.com/datasets/oil-prices
2013-12-20,wti,99.11,USD per barrel,github.com/datasets/oil-prices
2013-12-23,wti,98.62,USD per barrel,github.com/datasets/oil-prices
2013-12-24,wti,98.87,USD per barrel,github.com/datasets/oil-prices
2013-12-26,wti,99.18,USD per barrel,github.com/datasets/oil-prices
2013-12-27,wti,99.94,USD per barrel,github.com/datasets/oil-prices
2013-12-30,wti,98.9,USD per barrel,github.com/datasets/oil-prices
2013-12-31,wti,98.17,USD per barrel,github.com/datasets/oil-prices
2014-01-02,wti,95.14,USD per barrel,github.com/datasets/oil-prices
2014-01-03,wti,93.66,USD per barrel,github.com/datasets/oil-prices
2014-01-06,wti,93.12,USD per barrel,github.com/datasets/oil-prices
2014-01-07,wti,93.31,USD per barrel,github.com/datasets/oil-prices
2014-01-08,wti,91.9,USD per barrel,github.com/datasets/oil-prices
2014-01-09,wti,91.36,USD per barrel,github.com/datasets/oil-prices
2014-01-10,wti,92.39,USD per barrel,github.com/datasets/oil-prices
2014-01-13,wti,91.45,USD per barrel,github.com/datasets/oil-prices
2014-01-14,wti,92.15,USD per barrel,github.com/datasets/oil-prices
2014-01-15,wti,93.78,USD per barrel,github.com/datasets/oil-prices
2014-01-16,wti,93.54,USD per barrel,github.com/datasets/oil-prices
2014-01-17,wti,93.96,USD per barrel,github.com/datasets/oil-prices
2014-01-21,wti,94.51,USD per barrel,github.com/datasets/oil-prices
2014-01-22,wti,96.35,USD per barrel,github.com/datasets/oil-prices
2014-01-23,wti,97.23,USD per barrel,github.com/datasets/oil-prices
2014-01-24,wti,96.66,USD per barrel,github.com/datasets/oil-prices
2014-01-27,wti,95.82,USD per barrel,github.com/datasets/oil-prices
2014-01-28,wti,97.49,USD per barrel,github.com/datasets/oil-prices
2014-01-29,wti,97.34,USD per barrel,github.com/datasets/oil-prices
2014-01-30,wti,98.25,USD per barrel,github.com/datasets/oil-prices
2014-01-31,wti,97.55,USD per barrel,github.com/datasets/oil-prices
2014-02-03,wti,96.44,USD per barrel,github.com/datasets/oil-prices
2014-02-04,wti,97.24,USD per barrel,github.com/datasets/oil-prices
2014-02-05,wti,97.4,USD per barrel,github.com/datasets/oil-prices
2014-02-06,wti,97.84,USD per barrel,github.com/datasets/oil-prices
2014-02-07,wti,99.98,USD per barrel,github.com/datasets/oil-prices
2014-02-10,wti,100.12,USD per barrel,github.com/datasets/oil-prices
2014-02-11,wti,99.96,USD per barrel,github.com/datasets/oil-prices
2014-02-12,wti,100.38,USD per barrel,github.com/datasets/oil-prices
2014-02-13,wti,100.27,USD per barrel,github.com/datasets/oil-prices
2014-02-14,wti,100.31,USD per barrel,github.com/datasets/oil-prices
2014-02-18,wti,102.54,USD per barrel,github.com/datasets/oil-prices
2014-02-19,wti,103.46,USD per barrel,github.com/datasets/oil-prices
2014-02-20,wti,103.2,USD per barrel,github.com/datasets/oil-prices
2014-02-21,wti,102.53,USD per barrel,github.com/datasets/oil-prices
2014-02-24,wti,103.17,USD per barrel,github.com/datasets/oil-prices
2014-02-25,wti,102.2,USD per barrel,github.com/datasets/oil-prices
2014-02-26,wti,102.93,USD per barrel,github.com/datasets/oil-prices
2014-02-27,wti,102.68,USD per barrel,github.com/datasets/oil-prices
2014-02-28,wti,102.88,USD per barrel,github.com/datasets/oil-prices
2014-03-03,wti,105.34,USD per barrel,github.com/datasets/oil-prices
2014-03-04,wti,103.64,USD per barrel,github.com/datasets/oil-prices
2014-03-05,wti,101.75,USD per barrel,github.com/datasets/oil-prices
2014-03-06,wti,101.82,USD per barrel,github.com/datasets/oil-prices
2014-03-07,wti,102.82,USD per barrel,github.com/datasets/oil-prices
2014-03-10,wti,101.39,USD per barrel,github.com/datasets/oil-prices
2014-03-11,wti,100.29,USD per barrel,github.com/datasets/oil-prices
2014-03-12,wti,98.29,USD per barrel,github.com/datasets/oil-prices
2014-03-13,wti,98.57,USD per barrel,github.com/datasets/oil-prices
2014-03-14,wti,99.23,USD per barrel,github.com/datasets/oil-prices
2014-03-17,wti,98.43,USD per barrel,github.com/datasets/oil-prices
2014-03-18,wti,100.08,USD per barrel,github.com/datasets/oil-prices
2014-03-19,wti,100.71,USD per barrel,github.com/datasets/oil-prices
2014-03-20,wti,99.68,USD per barrel,github.com/datasets/oil-prices
2014-03-21,wti,99.97,USD per barrel,github.com/datasets/oil-prices
2014-03-24,wti,100.05,USD per barrel,github.com/datasets/oil-prices
2014-03-25,wti,99.66,USD per barrel,github.com/datasets/oil-prices
2014-03-26,wti,100.61,USD per barrel,github.com/datasets/oil-prices
2014-03-27,wti,101.25,USD per barrel,github.com/datasets/oil-prices
2014-03-28,wti,101.73,USD per barrel,github.com/datasets/oil-prices
2014-03-31,wti,101.57,USD per barrel,github.com/datasets/oil-prices
2014-04-01,wti,99.69,USD per barrel,github.com/datasets/oil-prices
2014-04-02,wti,99.6,USD per barrel,github.com/datasets/oil-prices
2014-04-03,wti,100.29,USD per barrel,github.com/datasets/oil-prices
2014-04-04,wti,101.16,USD per barrel,github.com/datasets/oil-prices
2014-04-07,wti,100.43,USD per barrel,github.com/datasets/oil-prices
2014-04-08,wti,102.57,USD per barrel,github.com/datasets/oil-prices
2014-04-09,wti,103.55,USD per barrel,github.com/datasets/oil-prices
2014-04-10,wti,103.37,USD per barrel,github.com/datasets/oil-prices
2014-04-11,wti,103.68,USD per barrel,github.com/datasets/oil-prices
2014-04-14,wti,104.05,USD per barrel,github.com/datasets/oil-prices
2014-04-15,wti,103.7,USD per barrel,github.com/datasets/oil-prices
2014-04-16,wti,103.71,USD per barrel,github.com/datasets/oil-prices
2014-04-17,wti,104.33,USD per barrel,github.com/datasets/oil-prices
2014-04-21,wti,104.35,USD per barrel,github.com/datasets/oil-prices
2014-04-22,wti,101.69,USD per barrel,github.com/datasets/oil-prices
2014-04-23,wti,101.47,USD per barrel,github.com/datasets/oil-prices
2014-04-24,wti,102.2,USD per barrel,github.com/datasets/oil-prices
2014-04-25,wti,100.85,USD per barrel,github.com/datasets/oil-prices
2014-04-28,wti,101.13,USD per barrel,github.com/datasets/oil-prices
2014-04-29,wti,101.56,USD per barrel,github.com/datasets/oil-prices
2014-04-30,wti,100.07,USD per barrel,github.com/datasets/oil-prices
2014-05-01,wti,99.69,USD per barrel,github.com/datasets/oil-prices
2014-05-02,wti,100.09,USD per barrel,github.com/datasets/oil-prices
2014-05-05,wti,99.74,USD per barrel,github.com/datasets/oil-prices
2014-05-06,wti,99.81,USD per barrel,github.com/datasets/oil-prices
2014-05-07,wti,101.06,USD per barrel,github.com/datasets/oil-prices
2014-05-08,wti,100.52,USD per barrel,github.com/datasets/oil-prices
2014-05-09,wti,100.32,USD per barrel,github.com/datasets/oil-prices
2014-05-12,wti,100.89,USD per barrel,github.com/datasets/oil-prices
2014-05-13,wti,102.01,USD per barrel,github.com/datasets/oil-prices
2014-05-14,wti,102.63,USD per barrel,github.com/datasets/oil-prices
2014-05-15,wti,101.74,USD per barrel,github.com/datasets/oil-prices
2014-05-16,wti,102.31,USD per barrel,github.com/datasets/oil-prices
2014-05-19,wti,102.95,USD per barrel,github.com/datasets/oil-prices
2014-05-20,wti,102.8,USD per barrel,github.com/datasets/oil-prices
2014-05-21,wti,104.31,USD per barrel,github.com/datasets/oil-prices
2014-05-22,wti,104.03,USD per barrel,github.com/datasets/oil-prices
2014-05-23,wti,105.01,USD per barrel,github.com/datasets/oil-prices
2014-05-27,wti,104.78,USD per barrel,github.com/datasets/oil-prices
2014-05-28,wti,103.37,USD per barrel,github.com/datasets/oil-prices
2014-05-29,wti,104.26,USD per barrel,github.com/datasets/oil-prices
2014-05-30,wti,103.4,USD per barrel,github.com/datasets/oil-prices
2014-06-02,wti,103.07,USD per barrel,github.com/datasets/oil-prices
2014-06-03,wti,103.34,USD per barrel,github.com/datasets/oil-prices
2014-06-04,wti,103.27,USD per barrel,github.com/datasets/oil-prices
2014-06-05,wti,103.17,USD per barrel,github.com/datasets/oil-prices
2014-06-06,wti,103.32,USD per barrel,github.com/datasets/oil-prices
2014-06-09,wti,105.09,USD per barrel,github.com/datasets/oil-prices
2014-06-10,wti,105.02,USD per barrel,github.com/datasets/oil-prices
2014-06-11,wti,105.04,USD per barrel,github.com/datasets/oil-prices
2014-06-12,wti,107.2,USD per barrel,github.com/datasets/oil-prices
2014-06-13,wti,107.49,USD per barrel,github.com/datasets/oil-prices
2014-06-16,wti,107.52,USD per barrel,github.com/datasets/oil-prices
2014-06-17,wti,106.95,USD per barrel,github.com/datasets/oil-prices
2014-06-18,wti,106.64,USD per barrel,github.com/datasets/oil-prices
2014-06-19,wti,107.08,USD per barrel,github.com/datasets/oil-prices
2014-06-20,wti,107.95,USD per barrel,github.com/datasets/oil-prices
2014-06-23,wti,106.83,USD per barrel,github.com/datasets/oil-prices
2014-06-24,wti,106.64,USD per barrel,github.com/datasets/oil-prices
2014-06-25,wti,107.04,USD per barrel,github.com/datasets/oil-prices
2014-06-26,wti,106.49,USD per barrel,github.com/datasets/oil-prices
2014-06-27,wti,106.46,USD per barrel,github.com/datasets/oil-prices
2014-06-30,wti,106.07,USD per barrel,github.com/datasets/oil-prices
2014-07-01,wti,106.06,USD per barrel,github.com/datasets/oil-prices
2014-07-02,wti,105.18,USD per barrel,github.com/datasets/oil-prices
2014-07-03,wti,104.76,USD per barrel,github.com/datasets/oil-prices
2014-07-07,wti,104.19,USD per barrel,github.com/datasets/oil-prices
2014-07-08,wti,104.06,USD per barrel,github.com/datasets/oil-prices
2014-07-09,wti,102.93,USD per barrel,github.com/datasets/oil-prices
2014-07-10,wti,103.61,USD per barrel,github.com/datasets/oil-prices
2014-07-11,wti,101.48,USD per barrel,github.com/datasets/oil-prices
2014-07-14,wti,101.73,USD per barrel,github.com/datasets/oil-prices
2014-07-15,wti,100.56,USD per barrel,github.com/datasets/oil-prices
2014-07-16,wti,101.88,USD per barrel,github.com/datasets/oil-prices
2014-07-17,wti,103.84,USD per barrel,github.com/datasets/oil-prices
2014-07-18,wti,103.83,USD per barrel,github.com/datasets/oil-prices
2014-07-21,wti,105.34,USD per barrel,github.com/datasets/oil-prices
2014-07-22,wti,104.59,USD per barrel,github.com/datasets/oil-prices
2014-07-23,wti,103.81,USD per barrel,github.com/datasets/oil-prices
2014-07-24,wti,102.76,USD per barrel,github.com/datasets/oil-prices
2014-07-25,wti,105.23,USD per barrel,github.com/datasets/oil-prices
2014-07-28,wti,105.68,USD per barrel,github.com/datasets/oil-prices
2014-07-29,wti,104.91,USD per barrel,github.com/datasets/oil-prices
2014-07-30,wti,104.29,USD per barrel,github.com/datasets/oil-prices
2014-07-31,wti,98.23,USD per barrel,github.com/datasets/oil-prices
2014-08-01,wti,97.86,USD per barrel,github.com/datasets/oil-prices
2014-08-04,wti,98.26,USD per barrel,github.com/datasets/oil-prices
2014-08-05,wti,97.34,USD per barrel,github.com/datasets/oil-prices
2014-08-06,wti,96.93,USD per barrel,github.com/datasets/oil-prices
2014-08-07,wti,97.34,USD per barrel,github.com/datasets/oil-prices
2014-08-08,wti,97.61,USD per barrel,github.com/datasets/oil-prices
2014-08-11,wti,98.09,USD per barrel,github.com/datasets/oil-prices
2014-08-12,wti,97.36,USD per barrel,github.com/datasets/oil-prices
2014-08-13,wti,97.57,USD per barrel,github.com/datasets/oil-prices
2014-08-14,wti,95.54,USD per barrel,github.com/datasets/oil-prices
2014-08-15,wti,97.3,USD per barrel,github.com/datasets/oil-prices
2014-08-18,wti,96.44,USD per barrel,github.com/datasets/oil-prices
2014-08-19,wti,94.35,USD per barrel,github.com/datasets/oil-prices
2014-08-20,wti,96.4,USD per barrel,github.com/datasets/oil-prices
2014-08-21,wti,93.97,USD per barrel,github.com/datasets/oil-prices
2014-08-22,wti,93.61,USD per barrel,github.com/datasets/oil-prices
2014-08-25,wti,95.39,USD per barrel,github.com/datasets/oil-prices
2014-08-26,wti,95.78,USD per barrel,github.com/datasets/oil-prices
2014-08-27,wti,95.82,USD per barrel,github.com/datasets/oil-prices
2014-08-28,wti,96.44,USD per barrel,github.com/datasets/oil-prices
2014-08-29,wti,97.86,USD per barrel,github.com/datasets/oil-prices
2014-09-02,wti,92.92,USD per barrel,github.com/datasets/oil-prices
2014-09-03,wti,95.5,USD per barrel,github.com/datasets/oil-prices
2014-09-04,wti,94.51,USD per barrel,github.com/datasets/oil-prices
2014-09-05,wti,93.32,USD per barrel,github.com/datasets/oil-prices
2014-09-08,wti,92.64,USD per barrel,github.com/datasets/oil-prices
2014-09-09,wti,92.73,USD per barrel,github.com/datasets/oil-prices
2014-09-10,wti,91.71,USD per barrel,github.com/datasets/oil-prices
2014-09-11,wti,92.89,USD per barrel,github.com/datasets/oil-prices
2014-09-12,wti,92.18,USD per barrel,github.com/datasets/oil-prices
2014-09-15,wti,92.86,USD per barrel,github.com/datasets/oil-prices
2014-09-16,wti,94.91,USD per barrel,github.com/datasets/oil-prices
2014-09-17,wti,94.33,USD per barrel,github.com/datasets/oil-prices
2014-09-18,wti,93.07,USD per barrel,github.com/datasets/oil-prices
2014-09-19,wti,92.43,USD per barrel,github.com/datasets/oil-prices
2014-09-22,wti,91.46,USD per barrel,github.com/datasets/oil-prices
2014-09-23,wti,91.55,USD per barrel,github.com/datasets/oil-prices
2014-09-24,wti,93.6,USD per barrel,github.com/datasets/oil-prices
2014-09-25,wti,93.59,USD per barrel,github.com/datasets/oil-prices
2014-09-26,wti,95.55,USD per barrel,github.com/datasets/oil-prices
2014-09-29,wti,94.53,USD per barrel,github.com/datasets/oil-prices
2014-09-30,wti,91.17,USD per barrel,github.com/datasets/oil-prices
2014-10-01,wti,90.74,USD per barrel,github.com/datasets/oil-prices
2014-10-02,wti,91.02,USD per barrel,github.com/datasets/oil-prices
2014-10-03,wti,89.76,USD per barrel,github.com/datasets/oil-prices
2014-10-06,wti,90.33,USD per barrel,github.com/datasets/oil-prices
2014-10-07,wti,88.89,USD per barrel,github.com/datasets/oil-prices
2014-10-08,wti,87.29,USD per barrel,github.com/datasets/oil-prices
2014-10-09,wti,85.76,USD per barrel,github.com/datasets/oil-prices
2014-10-10,wti,85.87,USD per barrel,github.com/datasets/oil-prices
2014-10-13,wti,85.73,USD per barrel,github.com/datasets/oil-prices
2014-10-15,wti,81.82,USD per barrel,github.com/datasets/oil-prices
2014-10-16,wti,82.33,USD per barrel,github.com/datasets/oil-prices
2014-10-17,wti,82.8,USD per barrel,github.com/datasets/oil-prices
2014-10-20,wti,82.76,USD per barrel,github.com/datasets/oil-prices
2014-10-21,wti,83.25,USD per barrel,github.com/datasets/oil-prices
2014-10-22,wti,80.52,USD per barrel,github.com/datasets/oil-prices
2014-10-23,wti,82.81,USD per barrel,github.com/datasets/oil-prices
2014-10-24,wti,81.27,USD per barrel,github.com/datasets/oil-prices
2014-10-28,wti,81.36,USD per barrel,github.com/datasets/oil-prices
2014-10-29,wti,82.25,USD per barrel,github.com/datasets/oil-prices
2014-10-30,wti,81.06,USD per barrel,github.com/datasets/oil-prices
2014-10-31,wti,80.53,USD per barrel,github.com/datasets/oil-prices
2014-11-03,wti,78.77,USD per barrel,github.com/datasets/oil-prices
2014-11-04,wti,77.15,USD per barrel,github.com/datasets/oil-prices
2014-11-05,wti,78.71,USD per barrel,github.com/datasets/oil-prices
2014-11-06,wti,77.87,USD per barrel,github.com/datasets/oil-prices
2014-11-07,wti,78.71,USD per barrel,github.com/datasets/oil-prices
2014-11-10,wti,77.43,USD per barrel,github.com/datasets/oil-prices
2014-11-11,wti,77.85,USD per barrel,github.com/datasets/oil-prices
2014-11-12,wti,77.16,USD per barrel,github.com/datasets/oil-prices
2014-11-13,wti,74.13,USD per barrel,github.com/datasets/oil-prices
2014-11-14,wti,75.91,USD per barrel,github.com/datasets/oil-prices
2014-11-17,wti,75.64,USD per barrel,github.com/datasets/oil-prices
2014-11-18,wti,74.55,USD per barrel,github.com/datasets/oil-prices
2014-11-19,wti,74.55,USD per barrel,github.com/datasets/oil-prices
2014-11-20,wti,75.63,USD per barrel,github.com/datasets/oil-prices
2014-11-21,wti,76.52,USD per barrel,github.com/datasets/oil-prices
2014-11-24,wti,75.74,USD per barrel,github.com/datasets/oil-prices
2014-11-25,wti,74.04,USD per barrel,github.com/datasets/oil-prices
2014-11-26,wti,73.7,USD per barrel,github.com/datasets/oil-prices
2014-11-28,wti,65.94,USD per barrel,github.com/datasets/oil-prices
2014-12-01,wti,68.98,USD per barrel,github.com/datasets/oil-prices
2014-12-02,wti,66.99,USD per barrel,github.com/datasets/oil-prices
2014-12-04,wti,66.73,USD per barrel,github.com/datasets/oil-prices
2014-12-05,wti,65.89,USD per barrel,github.com/datasets/oil-prices
2014-12-08,wti,63.13,USD per barrel,github.com/datasets/oil-prices
2014-12-09,wti,63.74,USD per barrel,github.com/datasets/oil-prices
2014-12-10,wti,60.99,USD per barrel,github.com/datasets/oil-prices
2014-12-11,wti,60.01,USD per barrel,github.com/datasets/oil-prices
2014-12-12,wti,57.81,USD per barrel,github.com/datasets/oil-prices
2014-12-15,wti,55.96,USD per barrel,github.com/datasets/oil-prices
2014-12-16,wti,55.97,USD per barrel,github.com/datasets/oil-prices
2014-12-17,wti,56.43,USD per barrel,github.com/datasets/oil-prices
2014-12-18,wti,54.18,USD per barrel,github.com/datasets/oil-prices
2014-12-19,wti,56.91,USD per barrel,github.com/datasets/oil-prices
2014-12-22,wti,55.25,USD per barrel,github.com/datasets/oil-prices
2014-12-23,wti,56.78,USD per barrel,github.com/datasets/oil-prices
2014-12-26,wti,54.59,USD per barrel,github.com/datasets/oil-prices
2014-12-29,wti,53.46,USD per barrel,github.com/datasets/oil-prices
2014-12-30,wti,54.14,USD per barrel,github.com/datasets/oil-prices
2014-12-31,wti,53.45,USD per barrel,github.com/datasets/oil-prices
2015-01-02,wti,52.72,USD per barrel,github.com/datasets/oil-prices
2015-01-05,wti,50.05,USD per barrel,github.com/datasets/oil-prices
2015-01-06,wti,47.98,USD per barrel,github.com/datasets/oil-prices
2015-01-07,wti,48.69,USD per barrel,github.com/datasets/oil-prices
2015-01-09,wti,48.35,USD per barrel,github.com/datasets/oil-prices
2015-01-12,wti,46.06,USD per barrel,github.com/datasets/oil-prices
2015-01-13,wti,45.92,USD per barrel,github.com/datasets/oil-prices
2015-01-14,wti,48.49,USD per barrel,github.com/datasets/oil-prices
2015-01-15,wti,46.37,USD per barrel,github.com/datasets/oil-prices
2015-01-16,wti,48.49,USD per barrel,github.com/datasets/oil-prices
2015-01-20,wti,46.79,USD per barrel,github.com/datasets/oil-prices
2015-01-21,wti,47.85,USD per barrel,github.com/datasets/oil-prices
2015-01-23,wti,45.26,USD per barrel,github.com/datasets/oil-prices
2015-01-30,wti,47.79,USD per barrel,github.com/datasets/oil-prices
2015-02-03,wti,53.04,USD per barrel,github.com/datasets/oil-prices
2015-02-05,wti,50.48,USD per barrel,github.com/datasets/oil-prices
2015-02-06,wti,51.66,USD per barrel,github.com/datasets/oil-prices
2015-02-09,wti,52.99,USD per barrel,github.com/datasets/oil-prices
2015-02-10,wti,50.06,USD per barrel,github.com/datasets/oil-prices
2015-02-11,wti,48.8,USD per barrel,github.com/datasets/oil-prices
2015-02-12,wti,51.17,USD per barrel,github.com/datasets/oil-prices
2015-02-13,wti,52.66,USD per barrel,github.com/datasets/oil-prices
2015-02-17,wti,53.56,USD per barrel,github.com/datasets/oil-prices
2015-02-18,wti,52.13,USD per barrel,github.com/datasets/oil-prices
2015-02-19,wti,51.12,USD per barrel,github.com/datasets/oil-prices
2015-02-20,wti,49.95,USD per barrel,github.com/datasets/oil-prices
2015-02-23,wti,49.56,USD per barrel,github.com/datasets/oil-prices
2015-02-24,wti,48.48,USD per barrel,github.com/datasets/oil-prices
2015-02-25,wti,50.25,USD per barrel,github.com/datasets/oil-prices
2015-02-26,wti,47.65,USD per barrel,github.com/datasets/oil-prices
2015-02-27,wti,49.84,USD per barrel,github.com/datasets/oil-prices
2015-03-02,wti,49.59,USD per barrel,github.com/datasets/oil-prices
2015-03-03,wti,50.43,USD per barrel,github.com/datasets/oil-prices
2015-03-04,wti,51.53,USD per barrel,github.com/datasets/oil-prices
2015-03-05,wti,50.76,USD per barrel,github.com/datasets/oil-prices
2015-03-06,wti,49.61,USD per barrel,github.com/datasets/oil-prices
2015-03-09,wti,49.95,USD per barrel,github.com/datasets/oil-prices
2015-03-10,wti,48.42,USD per barrel,github.com/datasets/oil-prices
2015-03-11,wti,48.06,USD per barrel,github.com/datasets/oil-prices
2015-03-12,wti,47.12,USD per barrel,github.com/datasets/oil-prices
2015-03-13,wti,44.88,USD per barrel,github.com/datasets/oil-prices
2015-03-16,wti,43.93,USD per barrel,github.com/datasets/oil-prices
2015-03-17,wti,43.39,USD per barrel,github.com/datasets/oil-prices
2015-03-18,wti,44.63,USD per barrel,github.com/datasets/oil-prices
2015-03-19,wti,44.02,USD per barrel,github.com/datasets/oil-prices
2015-03-20,wti,46.0,USD per barrel,github.com/datasets/oil-prices
2015-03-23,wti,47.4,USD per barrel,github.com/datasets/oil-prices
2015-03-24,wti,47.03,USD per barrel,github.com/datasets/oil-prices
2015-03-25,wti,48.75,USD per barrel,github.com/datasets/oil-prices
2015-03-26,wti,51.41,USD per barrel,github.com/datasets/oil-prices
2015-03-27,wti,48.83,USD per barrel,github.com/datasets/oil-prices
2015-03-30,wti,48.66,USD per barrel,github.com/datasets/oil-prices
2015-03-31,wti,47.72,USD per barrel,github.com/datasets/oil-prices
2015-04-01,wti,50.12,USD per barrel,github.com/datasets/oil-prices
2015-04-02,wti,49.13,USD per barrel,github.com/datasets/oil-prices
2015-04-06,wti,52.08,USD per barrel,github.com/datasets/oil-prices
2015-04-07,wti,53.95,USD per barrel,github.com/datasets/oil-prices
2015-04-08,wti,50.44,USD per barrel,github.com/datasets/oil-prices
2015-04-09,wti,50.79,USD per barrel,github.com/datasets/oil-prices
2015-04-10,wti,51.63,USD per barrel,github.com/datasets/oil-prices
2015-04-13,wti,51.95,USD per barrel,github.com/datasets/oil-prices
2015-04-14,wti,53.3,USD per barrel,github.com/datasets/oil-prices
2015-04-15,wti,56.25,USD per barrel,github.com/datasets/oil-prices
2015-04-16,wti,56.69,USD per barrel,github.com/datasets/oil-prices
2015-04-17,wti,55.71,USD per barrel,github.com/datasets/oil-prices
2015-04-20,wti,56.37,USD per barrel,github.com/datasets/oil-prices
2015-04-21,wti,55.58,USD per barrel,github.com/datasets/oil-prices
2015-04-22,wti,56.17,USD per barrel,github.com/datasets/oil-prices
2015-04-23,wti,56.59,USD per barrel,github.com/datasets/oil-prices
2015-04-24,wti,55.98,USD per barrel,github.com/datasets/oil-prices
2015-04-27,wti,55.56,USD per barrel,github.com/datasets/oil-prices
2015-04-28,wti,57.05,USD per barrel,github.com/datasets/oil-prices
2015-04-29,wti,58.55,USD per barrel,github.com/datasets/oil-prices
2015-04-30,wti,59.62,USD per barrel,github.com/datasets/oil-prices
2015-05-01,wti,59.1,USD per barrel,github.com/datasets/oil-prices
2015-05-04,wti,58.92,USD per barrel,github.com/datasets/oil-prices
2015-05-05,wti,60.38,USD per barrel,github.com/datasets/oil-prices
2015-05-06,wti,60.93,USD per barrel,github.com/datasets/oil-prices
2015-05-07,wti,58.99,USD per barrel,github.com/datasets/oil-prices
2015-05-08,wti,59.41,USD per barrel,github.com/datasets/oil-prices
2015-05-11,wti,59.23,USD per barrel,github.com/datasets/oil-prices
2015-05-12,wti,60.72,USD per barrel,github.com/datasets/oil-prices
2015-05-13,wti,60.5,USD per barrel,github.com/datasets/oil-prices
2015-05-14,wti,59.89,USD per barrel,github.com/datasets/oil-prices
2015-05-15,wti,59.73,USD per barrel,github.com/datasets/oil-prices
2015-05-18,wti,59.44,USD per barrel,github.com/datasets/oil-prices
2015-05-19,wti,57.3,USD per barrel,github.com/datasets/oil-prices
2015-05-20,wti,58.96,USD per barrel,github.com/datasets/oil-prices
2015-05-21,wti,60.18,USD per barrel,github.com/datasets/oil-prices
2015-05-22,wti,58.88,USD per barrel,github.com/datasets/oil-prices
2015-05-26,wti,57.29,USD per barrel,github.com/datasets/oil-prices
2015-05-27,wti,57.51,USD per barrel,github.com/datasets/oil-prices
2015-05-28,wti,57.69,USD per barrel,github.com/datasets/oil-prices
2015-05-29,wti,60.25,USD per barrel,github.com/datasets/oil-prices
2015-06-01,wti,60.24,USD per barrel,github.com/datasets/oil-prices
2015-06-02,wti,61.3,USD per barrel,github.com/datasets/oil-prices
2015-06-03,wti,59.67,USD per barrel,github.com/datasets/oil-prices
2015-06-04,wti,58.0,USD per barrel,github.com/datasets/oil-prices
2015-06-05,wti,59.11,USD per barrel,github.com/datasets/oil-prices
2015-06-08,wti,58.15,USD per barrel,github.com/datasets/oil-prices
2015-06-09,wti,60.15,USD per barrel,github.com/datasets/oil-prices
2015-06-10,wti,61.36,USD per barrel,github.com/datasets/oil-prices
2015-06-11,wti,60.74,USD per barrel,github.com/datasets/oil-prices
2015-06-12,wti,59.96,USD per barrel,github.com/datasets/oil-prices
2015-06-15,wti,59.53,USD per barrel,github.com/datasets/oil-prices
2015-06-16,wti,60.01,USD per barrel,github.com/datasets/oil-prices
2015-06-17,wti,59.89,USD per barrel,github.com/datasets/oil-prices
2015-06-18,wti,60.41,USD per barrel,github.com/datasets/oil-prices
2015-06-19,wti,59.62,USD per barrel,github.com/datasets/oil-prices
2015-06-22,wti,60.01,USD per barrel,github.com/datasets/oil-prices
2015-06-23,wti,61.05,USD per barrel,github.com/datasets/oil-prices
2015-06-24,wti,60.01,USD per barrel,github.com/datasets/oil-prices
2015-06-25,wti,59.59,USD per barrel,github.com/datasets/oil-prices
2015-06-26,wti,59.41,USD per barrel,github.com/datasets/oil-prices
2015-06-29,wti,58.34,USD per barrel,github.com/datasets/oil-prices
2015-06-30,wti,59.48,USD per barrel,github.com/datasets/oil-prices
2015-07-01,wti,56.94,USD per barrel,github.com/datasets/oil-prices
2015-07-02,wti,56.93,USD per barrel,github.com/datasets/oil-prices
2015-07-06,wti,52.48,USD per barrel,github.com/datasets/oil-prices
2015-07-07,wti,52.33,USD per barrel,github.com/datasets/oil-prices
2015-07-08,wti,51.61,USD per barrel,github.com/datasets/oil-prices
2015-07-09,wti,52.76,USD per barrel,github.com/datasets/oil-prices
2015-07-10,wti,52.74,USD per barrel,github.com/datasets/oil-prices
2015-07-13,wti,52.19,USD per barrel,github.com/datasets/oil-prices
2015-07-14,wti,53.05,USD per barrel,github.com/datasets/oil-prices
2015-07-15,wti,51.4,USD per barrel,github.com/datasets/oil-prices
2015-07-16,wti,50.9,USD per barrel,github.com/datasets/oil-prices
2015-07-17,wti,50.88,USD per barrel,github.com/datasets/oil-prices
2015-07-20,wti,50.11,USD per barrel,github.com/datasets/oil-prices
2015-07-21,wti,50.59,USD per barrel,github.com/datasets/oil-prices
2015-07-22,wti,49.27,USD per barrel,github.com/datasets/oil-prices
2015-07-23,wti,48.11,USD per barrel,github.com/datasets/oil-prices
2015-07-24,wti,47.98,USD per barrel,github.com/datasets/oil-prices
2015-07-27,wti,47.17,USD per barrel,github.com/datasets/oil-prices
2015-07-28,wti,47.97,USD per barrel,github.com/datasets/oil-prices
2015-07-29,wti,48.77,USD per barrel,github.com/datasets/oil-prices
2015-07-30,wti,48.53,USD per barrel,github.com/datasets/oil-prices
2015-07-31,wti,47.11,USD per barrel,github.com/datasets/oil-prices
2015-08-03,wti,45.25,USD per barrel,github.com/datasets/oil-prices
2015-08-04,wti,45.75,USD per barrel,github.com/datasets/oil-prices
2015-08-05,wti,45.13,USD per barrel,github.com/datasets/oil-prices
2015-08-06,wti,44.69,USD per barrel,github.com/datasets/oil-prices
2015-08-07,wti,43.87,USD per barrel,github.com/datasets/oil-prices
2015-08-10,wti,44.94,USD per barrel,github.com/datasets/oil-prices
2015-08-11,wti,43.11,USD per barrel,github.com/datasets/oil-prices
2015-08-12,wti,43.22,USD per barrel,github.com/datasets/oil-prices
2015-08-13,wti,42.27,USD per barrel,github.com/datasets/oil-prices
2015-08-14,wti,42.45,USD per barrel,github.com/datasets/oil-prices
2015-08-17,wti,41.93,USD per barrel,github.com/datasets/oil-prices
2015-08-18,wti,42.58,USD per barrel,github.com/datasets/oil-prices
2015-08-19,wti,40.75,USD per barrel,github.com/datasets/oil-prices
2015-08-20,wti,41.0,USD per barrel,github.com/datasets/oil-prices
2015-08-21,wti,40.45,USD per barrel,github.com/datasets/oil-prices
2015-08-24,wti,38.22,USD per barrel,github.com/datasets/oil-prices
2015-08-25,wti,39.15,USD per barrel,github.com/datasets/oil-prices
2015-08-26,wti,38.5,USD per barrel,github.com/datasets/oil-prices
2015-08-27,wti,42.47,USD per barrel,github.com/datasets/oil-prices
2015-08-28,wti,45.29,USD per barrel,github.com/datasets/oil-prices
2015-08-31,wti,49.2,USD per barrel,github.com/datasets/oil-prices
2015-09-01,wti,45.38,USD per barrel,github.com/datasets/oil-prices
2015-09-02,wti,46.3,USD per barrel,github.com/datasets/oil-prices
2015-09-03,wti,46.75,USD per barrel,github.com/datasets/oil-prices
2015-09-04,wti,46.02,USD per barrel,github.com/datasets/oil-prices
2015-09-08,wti,45.92,USD per barrel,github.com/datasets/oil-prices
2015-09-09,wti,44.13,USD per barrel,github.com/datasets/oil-prices
2015-09-10,wti,45.85,USD per barrel,github.com/datasets/oil-prices
2015-09-11,wti,44.75,USD per barrel,github.com/datasets/oil-prices
2015-09-14,wti,44.07,USD per barrel,github.com/datasets/oil-prices
2015-09-15,wti,44.58,USD per barrel,github.com/datasets/oil-prices
2015-09-16,wti,47.12,USD per barrel,github.com/datasets/oil-prices
2015-09-17,wti,46.93,USD per barrel,github.com/datasets/oil-prices
2015-09-18,wti,44.71,USD per barrel,github.com/datasets/oil-prices
2015-09-21,wti,46.67,USD per barrel,github.com/datasets/oil-prices
2015-09-22,wti,46.17,USD per barrel,github.com/datasets/oil-prices
2015-09-23,wti,44.53,USD per barrel,github.com/datasets/oil-prices
2015-09-24,wti,44.94,USD per barrel,github.com/datasets/oil-prices
2015-09-25,wti,45.55,USD per barrel,github.com/datasets/oil-prices
2015-09-28,wti,44.4,USD per barrel,github.com/datasets/oil-prices
2015-09-29,wti,45.24,USD per barrel,github.com/datasets/oil-prices
2015-09-30,wti,45.06,USD per barrel,github.com/datasets/oil-prices
2015-10-01,wti,44.75,USD per barrel,github.com/datasets/oil-prices
2015-10-02,wti,45.54,USD per barrel,github.com/datasets/oil-prices
2015-10-05,wti,46.28,USD per barrel,github.com/datasets/oil-prices
2015-10-06,wti,48.53,USD per barrel,github.com/datasets/oil-prices
2015-10-07,wti,47.86,USD per barrel,github.com/datasets/oil-prices
2015-10-08,wti,49.46,USD per barrel,github.com/datasets/oil-prices
2015-10-09,wti,49.67,USD per barrel,github.com/datasets/oil-prices
2015-10-12,wti,47.09,USD per barrel,github.com/datasets/oil-prices
2015-10-13,wti,46.7,USD per barrel,github.com/datasets/oil-prices
2015-10-14,wti,46.63,USD per barrel,github.com/datasets/oil-prices
2015-10-15,wti,46.38,USD per barrel,github.com/datasets/oil-prices
2015-10-16,wti,47.3,USD per barrel,github.com/datasets/oil-prices
2015-10-19,wti,45.91,USD per barrel,github.com/datasets/oil-prices
2015-10-20,wti,45.84,USD per barrel,github.com/datasets/oil-prices
2015-10-21,wti,45.22,USD per barrel,github.com/datasets/oil-prices
2015-10-22,wti,44.9,USD per barrel,github.com/datasets/oil-prices
2015-10-23,wti,43.91,USD per barrel,github.com/datasets/oil-prices
2015-10-26,wti,43.19,USD per barrel,github.com/datasets/oil-prices
2015-10-27,wti,43.21,USD per barrel,github.com/datasets/oil-prices
2015-10-28,wti,45.93,USD per barrel,github.com/datasets/oil-prices
2015-10-29,wti,46.02,USD per barrel,github.com/datasets/oil-prices
2015-10-30,wti,46.6,USD per barrel,github.com/datasets/oil-prices
2015-11-02,wti,46.12,USD per barrel,github.com/datasets/oil-prices
2015-11-03,wti,47.88,USD per barrel,github.com/datasets/oil-prices
2015-11-04,wti,46.32,USD per barrel,github.com/datasets/oil-prices
2015-11-05,wti,45.27,USD per barrel,github.com/datasets/oil-prices
2015-11-06,wti,44.32,USD per barrel,github.com/datasets/oil-prices
2015-11-09,wti,43.87,USD per barrel,github.com/datasets/oil-prices
2015-11-10,wti,44.23,USD per barrel,github.com/datasets/oil-prices
2015-11-11,wti,42.95,USD per barrel,github.com/datasets/oil-prices
2015-11-12,wti,41.74,USD per barrel,github.com/datasets/oil-prices
2015-11-13,wti,40.69,USD per barrel,github.com/datasets/oil-prices
2015-11-16,wti,41.68,USD per barrel,github.com/datasets/oil-prices
2015-11-17,wti,40.73,USD per barrel,github.com/datasets/oil-prices
2015-11-18,wti,40.75,USD per barrel,github.com/datasets/oil-prices
2015-11-19,wti,40.55,USD per barrel,github.com/datasets/oil-prices
2015-11-20,wti,39.39,USD per barrel,github.com/datasets/oil-prices
2015-11-23,wti,39.27,USD per barrel,github.com/datasets/oil-prices
2015-11-24,wti,40.89,USD per barrel,github.com/datasets/oil-prices
2015-11-25,wti,41.22,USD per barrel,github.com/datasets/oil-prices
2015-11-27,wti,40.57,USD per barrel,github.com/datasets/oil-prices
2015-11-30,wti,40.43,USD per barrel,github.com/datasets/oil-prices
2015-12-01,wti,40.58,USD per barrel,github.com/datasets/oil-prices
2015-12-02,wti,39.93,USD per barrel,github.com/datasets/oil-prices
2015-12-03,wti,41.08,USD per barrel,github.com/datasets/oil-prices
2015-12-04,wti,40.0,USD per barrel,github.com/datasets/oil-prices
2015-12-07,wti,37.64,USD per barrel,github.com/datasets/oil-prices
2015-12-08,wti,37.46,USD per barrel,github.com/datasets/oil-prices
2015-12-09,wti,37.16,USD per barrel,github.com/datasets/oil-prices
2015-12-10,wti,36.76,USD per barrel,github.com/datasets/oil-prices
2015-12-11,wti,35.65,USD per barrel,github.com/datasets/oil-prices
2015-12-14,wti,36.31,USD per barrel,github.com/datasets/oil-prices
2015-12-15,wti,37.32,USD per barrel,github.com/datasets/oil-prices
2015-12-16,wti,35.55,USD per barrel,github.com/datasets/oil-prices
2015-12-17,wti,34.98,USD per barrel,github.com/datasets/oil-prices
2015-12-18,wti,34.72,USD per barrel,github.com/datasets/oil-prices
2015-12-21,wti,34.55,USD per barrel,github.com/datasets/oil-prices
2015-12-22,wti,36.12,USD per barrel,github.com/datasets/oil-prices
2015-12-23,wti,36.76,USD per barrel,github.com/datasets/oil-prices
2015-12-24,wti,37.62,USD per barrel,github.com/datasets/oil-prices
2015-12-28,wti,36.36,USD per barrel,github.com/datasets/oil-prices
2015-12-29,wti,37.88,USD per barrel,github.com/datasets/oil-prices
2015-12-30,wti,36.59,USD per barrel,github.com/datasets/oil-prices
2015-12-31,wti,37.13,USD per barrel,github.com/datasets/oil-prices
2016-01-04,wti,36.81,USD per barrel,github.com/datasets/oil-prices
2016-01-05,wti,35.97,USD per barrel,github.com/datasets/oil-prices
2016-01-06,wti,33.97,USD per barrel,github.com/datasets/oil-prices
2016-01-07,wti,33.29,USD per barrel,github.com/datasets/oil-prices
2016-01-08,wti,33.2,USD per barrel,github.com/datasets/oil-prices
2016-01-11,wti,31.42,USD per barrel,github.com/datasets/oil-prices
2016-01-12,wti,30.42,USD per barrel,github.com/datasets/oil-prices
2016-01-13,wti,30.42,USD per barrel,github.com/datasets/oil-prices
2016-01-14,wti,31.22,USD per barrel,github.com/datasets/oil-prices
2016-01-15,wti,29.45,USD per barrel,github.com/datasets/oil-prices
2016-01-19,wti,28.47,USD per barrel,github.com/datasets/oil-prices
2016-01-20,wti,26.68,USD per barrel,github.com/datasets/oil-prices
2016-01-21,wti,29.55,USD per barrel,github.com/datasets/oil-prices
2016-01-22,wti,32.07,USD per barrel,github.com/datasets/oil-prices
2016-01-25,wti,30.31,USD per barrel,github.com/datasets/oil-prices
2016-01-26,wti,29.54,USD per barrel,github.com/datasets/oil-prices
2016-01-27,wti,32.32,USD per barrel,github.com/datasets/oil-prices
2016-01-28,wti,33.21,USD per barrel,github.com/datasets/oil-prices
2016-01-29,wti,33.66,USD per barrel,github.com/datasets/oil-prices
2016-02-01,wti,31.62,USD per barrel,github.com/datasets/oil-prices
2016-02-02,wti,29.9,USD per barrel,github.com/datasets/oil-prices
2016-02-03,wti,32.29,USD per barrel,github.com/datasets/oil-prices
2016-02-04,wti,31.63,USD per barrel,github.com/datasets/oil-prices
2016-02-05,wti,30.86,USD per barrel,github.com/datasets/oil-prices
2016-02-08,wti,29.71,USD per barrel,github.com/datasets/oil-prices
2016-02-09,wti,27.96,USD per barrel,github.com/datasets/oil-prices
2016-02-10,wti,27.54,USD per barrel,github.com/datasets/oil-prices
2016-02-11,wti,26.19,USD per barrel,github.com/datasets/oil-prices
2016-02-12,wti,29.32,USD per barrel,github.com/datasets/oil-prices
2016-02-16,wti,29.05,USD per barrel,github.com/datasets/oil-prices
2016-02-17,wti,30.68,USD per barrel,github.com/datasets/oil-prices
2016-02-18,wti,30.77,USD per barrel,github.com/datasets/oil-prices
2016-02-19,wti,29.59,USD per barrel,github.com/datasets/oil-prices
2016-02-22,wti,31.37,USD per barrel,github.com/datasets/oil-prices
2016-02-23,wti,31.84,USD per barrel,github.com/datasets/oil-prices
2016-02-24,wti,30.35,USD per barrel,github.com/datasets/oil-prices
2016-02-25,wti,31.4,USD per barrel,github.com/datasets/oil-prices
2016-02-26,wti,31.65,USD per barrel,github.com/datasets/oil-prices
2016-02-29,wti,32.74,USD per barrel,github.com/datasets/oil-prices
2016-03-01,wti,34.39,USD per barrel,github.com/datasets/oil-prices
2016-03-02,wti,34.57,USD per barrel,github.com/datasets/oil-prices
2016-03-03,wti,34.56,USD per barrel,github.com/datasets/oil-prices
2016-03-04,wti,35.91,USD per barrel,github.com/datasets/oil-prices
2016-03-07,wti,37.9,USD per barrel,github.com/datasets/oil-prices
2016-03-08,wti,36.67,USD per barrel,github.com/datasets/oil-prices
2016-03-09,wti,37.62,USD per barrel,github.com/datasets/oil-prices
2016-03-10,wti,37.77,USD per barrel,github.com/datasets/oil-prices
2016-03-11,wti,38.51,USD per barrel,github.com/datasets/oil-prices
2016-03-14,wti,37.2,USD per barrel,github.com/datasets/oil-prices
2016-03-15,wti,36.32,USD per barrel,github.com/datasets/oil-prices
2016-03-16,wti,38.43,USD per barrel,github.com/datasets/oil-prices
2016-03-17,wti,40.17,USD per barrel,github.com/datasets/oil-prices
2016-03-18,wti,39.47,USD per barrel,github.com/datasets/oil-prices
2016-03-21,wti,39.91,USD per barrel,github.com/datasets/oil-prices
2016-03-22,wti,41.45,USD per barrel,github.com/datasets/oil-prices
2016-03-23,wti,38.28,USD per barrel,github.com/datasets/oil-prices
2016-03-24,wti,38.14,USD per barrel,github.com/datasets/oil-prices
2016-03-28,wti,37.99,USD per barrel,github.com/datasets/oil-prices
2016-03-29,wti,36.91,USD per barrel,github.com/datasets/oil-prices
2016-03-30,wti,36.91,USD per barrel,github.com/datasets/oil-prices
2016-03-31,wti,36.94,USD per barrel,github.com/datasets/oil-prices
2016-04-01,wti,35.36,USD per barrel,github.com/datasets/oil-prices
2016-04-04,wti,34.3,USD per barrel,github.com/datasets/oil-prices
2016-04-05,wti,34.52,USD per barrel,github.com/datasets/oil-prices
2016-04-06,wti,37.74,USD per barrel,github.com/datasets/oil-prices
2016-04-07,wti,37.3,USD per barrel,github.com/datasets/oil-prices
2016-04-08,wti,39.74,USD per barrel,github.com/datasets/oil-prices
2016-04-11,wti,40.46,USD per barrel,github.com/datasets/oil-prices
2016-04-12,wti,42.12,USD per barrel,github.com/datasets/oil-prices
2016-04-13,wti,41.7,USD per barrel,github.com/datasets/oil-prices
2016-04-14,wti,41.45,USD per barrel,github.com/datasets/oil-prices
2016-04-15,wti,40.4,USD per barrel,github.com/datasets/oil-prices
2016-04-18,wti,39.74,USD per barrel,github.com/datasets/oil-prices
2016-04-19,wti,40.88,USD per barrel,github.com/datasets/oil-prices
2016-04-20,wti,42.72,USD per barrel,github.com/datasets/oil-prices
2016-04-21,wti,43.18,USD per barrel,github.com/datasets/oil-prices
2016-04-22,wti,42.76,USD per barrel,github.com/datasets/oil-prices
2016-04-25,wti,41.67,USD per barrel,github.com/datasets/oil-prices
2016-04-26,wti,42.52,USD per barrel,github.com/datasets/oil-prices
2016-04-27,wti,45.29,USD per barrel,github.com/datasets/oil-prices
2016-04-28,wti,46.03,USD per barrel,github.com/datasets/oil-prices
2016-04-29,wti,45.98,USD per barrel,github.com/datasets/oil-prices
2016-05-02,wti,44.75,USD per barrel,github.com/datasets/oil-prices
2016-05-03,wti,43.65,USD per barrel,github.com/datasets/oil-prices
2016-05-04,wti,43.77,USD per barrel,github.com/datasets/oil-prices
2016-05-05,wti,44.33,USD per barrel,github.com/datasets/oil-prices
2016-05-06,wti,44.58,USD per barrel,github.com/datasets/oil-prices
2016-05-09,wti,43.45,USD per barrel,github.com/datasets/oil-prices
2016-05-10,wti,44.68,USD per barrel,github.com/datasets/oil-prices
2016-05-11,wti,46.21,USD per barrel,github.com/datasets/oil-prices
2016-05-12,wti,46.64,USD per barrel,github.com/datasets/oil-prices
2016-05-13,wti,46.22,USD per barrel,github.com/datasets/oil-prices
2016-05-16,wti,47.72,USD per barrel,github.com/datasets/oil-prices
2016-05-17,wti,48.29,USD per barrel,github.com/datasets/oil-prices
2016-05-18,wti,48.12,USD per barrel,github.com/datasets/oil-prices
2016-05-19,wti,48.16,USD per barrel,github.com/datasets/oil-prices
2016-05-20,wti,47.67,USD per barrel,github.com/datasets/oil-prices
2016-05-23,wti,48.12,USD per barrel,github.com/datasets/oil-prices
2016-05-24,wti,48.04,USD per barrel,github.com/datasets/oil-prices
2016-05-25,wti,49.1,USD per barrel,github.com/datasets/oil-prices
2016-05-26,wti,49.0,USD per barrel,github.com/datasets/oil-prices
2016-05-27,wti,49.36,USD per barrel,github.com/datasets/oil-prices
2016-05-31,wti,49.1,USD per barrel,github.com/datasets/oil-prices
2016-06-01,wti,49.07,USD per barrel,github.com/datasets/oil-prices
2016-06-02,wti,49.14,USD per barrel,github.com/datasets/oil-prices
2016-06-03,wti,48.69,USD per barrel,github.com/datasets/oil-prices
2016-06-06,wti,49.71,USD per barrel,github.com/datasets/oil-prices
2016-06-07,wti,50.37,USD per barrel,github.com/datasets/oil-prices
2016-06-08,wti,51.23,USD per barrel,github.com/datasets/oil-prices
2016-06-09,wti,50.52,USD per barrel,github.com/datasets/oil-prices
2016-06-10,wti,49.09,USD per barrel,github.com/datasets/oil-prices
2016-06-13,wti,48.89,USD per barrel,github.com/datasets/oil-prices
2016-06-14,wti,48.49,USD per barrel,github.com/datasets/oil-prices
2016-06-15,wti,47.92,USD per barrel,github.com/datasets/oil-prices
2016-06-16,wti,46.14,USD per barrel,github.com/datasets/oil-prices
2016-06-17,wti,48.0,USD per barrel,github.com/datasets/oil-prices
2016-06-20,wti,49.4,USD per barrel,github.com/datasets/oil-prices
2016-06-21,wti,48.95,USD per barrel,github.com/datasets/oil-prices
2016-06-22,wti,49.16,USD per barrel,github.com/datasets/oil-prices
2016-06-23,wti,49.34,USD per barrel,github.com/datasets/oil-prices
2016-06-24,wti,46.7,USD per barrel,github.com/datasets/oil-prices
2016-06-27,wti,45.8,USD per barrel,github.com/datasets/oil-prices
2016-06-28,wti,47.93,USD per barrel,github.com/datasets/oil-prices
2016-06-29,wti,49.85,USD per barrel,github.com/datasets/oil-prices
2016-06-30,wti,48.27,USD per barrel,github.com/datasets/oil-prices
2016-07-01,wti,49.02,USD per barrel,github.com/datasets/oil-prices
2016-07-05,wti,46.73,USD per barrel,github.com/datasets/oil-prices
2016-07-06,wti,47.37,USD per barrel,github.com/datasets/oil-prices
2016-07-07,wti,45.22,USD per barrel,github.com/datasets/oil-prices
2016-07-08,wti,45.37,USD per barrel,github.com/datasets/oil-prices
2016-07-11,wti,44.73,USD per barrel,github.com/datasets/oil-prices
2016-07-12,wti,46.82,USD per barrel,github.com/datasets/oil-prices
2016-07-13,wti,44.87,USD per barrel,github.com/datasets/oil-prices
2016-07-14,wti,45.64,USD per barrel,github.com/datasets/oil-prices
2016-07-15,wti,45.93,USD per barrel,github.com/datasets/oil-prices
2016-07-18,wti,45.23,USD per barrel,github.com/datasets/oil-prices
2016-07-19,wti,44.64,USD per barrel,github.com/datasets/oil-prices
2016-07-20,wti,44.96,USD per barrel,github.com/datasets/oil-prices
2016-07-21,wti,43.96,USD per barrel,github.com/datasets/oil-prices
2016-07-22,wti,43.41,USD per barrel,github.com/datasets/oil-prices
2016-07-25,wti,42.4,USD per barrel,github.com/datasets/oil-prices
2016-07-26,wti,42.16,USD per barrel,github.com/datasets/oil-prices
2016-07-27,wti,41.9,USD per barrel,github.com/datasets/oil-prices
2016-07-28,wti,41.13,USD per barrel,github.com/datasets/oil-prices
2016-07-29,wti,41.54,USD per barrel,github.com/datasets/oil-prices
2016-08-01,wti,40.05,USD per barrel,github.com/datasets/oil-prices
2016-08-02,wti,39.5,USD per barrel,github.com/datasets/oil-prices
2016-08-03,wti,40.8,USD per barrel,github.com/datasets/oil-prices
2016-08-04,wti,41.92,USD per barrel,github.com/datasets/oil-prices
2016-08-05,wti,41.83,USD per barrel,github.com/datasets/oil-prices
2016-08-08,wti,43.06,USD per barrel,github.com/datasets/oil-prices
2016-08-09,wti,42.78,USD per barrel,github.com/datasets/oil-prices
2016-08-10,wti,41.75,USD per barrel,github.com/datasets/oil-prices
2016-08-11,wti,43.51,USD per barrel,github.com/datasets/oil-prices
2016-08-12,wti,44.47,USD per barrel,github.com/datasets/oil-prices
2016-08-15,wti,45.72,USD per barrel,github.com/datasets/oil-prices
2016-08-16,wti,46.57,USD per barrel,github.com/datasets/oil-prices
2016-08-17,wti,46.81,USD per barrel,github.com/datasets/oil-prices
2016-08-18,wti,48.2,USD per barrel,github.com/datasets/oil-prices
2016-08-19,wti,48.48,USD per barrel,github.com/datasets/oil-prices
2016-08-22,wti,46.8,USD per barrel,github.com/datasets/oil-prices
2016-08-23,wti,47.54,USD per barrel,github.com/datasets/oil-prices
2016-08-24,wti,46.29,USD per barrel,github.com/datasets/oil-prices
2016-08-25,wti,46.97,USD per barrel,github.com/datasets/oil-prices
2016-08-26,wti,47.64,USD per barrel,github.com/datasets/oil-prices
2016-08-29,wti,46.97,USD per barrel,github.com/datasets/oil-prices
2016-08-30,wti,46.32,USD per barrel,github.com/datasets/oil-prices
2016-08-31,wti,44.68,USD per barrel,github.com/datasets/oil-prices
2016-09-01,wti,43.17,USD per barrel,github.com/datasets/oil-prices
2016-09-02,wti,44.39,USD per barrel,github.com/datasets/oil-prices
2016-09-06,wti,44.85,USD per barrel,github.com/datasets/oil-prices
2016-09-07,wti,45.47,USD per barrel,github.com/datasets/oil-prices
2016-09-08,wti,47.63,USD per barrel,github.com/datasets/oil-prices
2016-09-09,wti,45.88,USD per barrel,github.com/datasets/oil-prices
2016-09-12,wti,46.28,USD per barrel,github.com/datasets/oil-prices
2016-09-13,wti,44.91,USD per barrel,github.com/datasets/oil-prices
2016-09-14,wti,43.62,USD per barrel,github.com/datasets/oil-prices
2016-09-15,wti,43.85,USD per barrel,github.com/datasets/oil-prices
2016-09-16,wti,43.04,USD per barrel,github.com/datasets/oil-prices
2016-09-19,wti,43.34,USD per barrel,github.com/datasets/oil-prices
2016-09-20,wti,43.85,USD per barrel,github.com/datasets/oil-prices
2016-09-21,wti,45.33,USD per barrel,github.com/datasets/oil-prices
2016-09-22,wti,46.1,USD per barrel,github.com/datasets/oil-prices
2016-09-23,wti,44.36,USD per barrel,github.com/datasets/oil-prices
2016-09-26,wti,45.6,USD per barrel,github.com/datasets/oil-prices
2016-09-27,wti,44.65,USD per barrel,github.com/datasets/oil-prices
2016-09-28,wti,47.07,USD per barrel,github.com/datasets/oil-prices
2016-09-29,wti,47.72,USD per barrel,github.com/datasets/oil-prices
2016-09-30,wti,47.72,USD per barrel,github.com/datasets/oil-prices
2016-10-03,wti,48.8,USD per barrel,github.com/datasets/oil-prices
2016-10-04,wti,48.67,USD per barrel,github.com/datasets/oil-prices
2016-10-05,wti,49.75,USD per barrel,github.com/datasets/oil-prices
2016-10-06,wti,50.44,USD per barrel,github.com/datasets/oil-prices
2016-10-07,wti,49.76,USD per barrel,github.com/datasets/oil-prices
2016-10-10,wti,49.76,USD per barrel,github.com/datasets/oil-prices
2016-10-11,wti,50.72,USD per barrel,github.com/datasets/oil-prices
2016-10-12,wti,50.14,USD per barrel,github.com/datasets/oil-prices
2016-10-13,wti,50.47,USD per barrel,github.com/datasets/oil-prices
2016-10-14,wti,50.35,USD per barrel,github.com/datasets/oil-prices
2016-10-17,wti,49.97,USD per barrel,github.com/datasets/oil-prices
2016-10-18,wti,50.3,USD per barrel,github.com/datasets/oil-prices
2016-10-19,wti,51.59,USD per barrel,github.com/datasets/oil-prices
2016-10-20,wti,50.31,USD per barrel,github.com/datasets/oil-prices
2016-10-21,wti,50.61,USD per barrel,github.com/datasets/oil-prices
2016-10-24,wti,50.18,USD per barrel,github.com/datasets/oil-prices
2016-10-25,wti,49.45,USD per barrel,github.com/datasets/oil-prices
2016-10-26,wti,48.75,USD per barrel,github.com/datasets/oil-prices
2016-10-27,wti,49.71,USD per barrel,github.com/datasets/oil-prices
2016-10-28,wti,48.72,USD per barrel,github.com/datasets/oil-prices
2016-10-31,wti,46.83,USD per barrel,github.com/datasets/oil-prices
2016-11-01,wti,46.66,USD per barrel,github.com/datasets/oil-prices
2016-11-02,wti,45.32,USD per barrel,github.com/datasets/oil-prices
2016-11-03,wti,44.66,USD per barrel,github.com/datasets/oil-prices
2016-11-04,wti,44.07,USD per barrel,github.com/datasets/oil-prices
2016-11-07,wti,44.88,USD per barrel,github.com/datasets/oil-prices
2016-11-08,wti,44.96,USD per barrel,github.com/datasets/oil-prices
2016-11-09,wti,45.2,USD per barrel,github.com/datasets/oil-prices
2016-11-10,wti,44.62,USD per barrel,github.com/datasets/oil-prices
2016-11-11,wti,43.39,USD per barrel,github.com/datasets/oil-prices
2016-11-14,wti,43.29,USD per barrel,github.com/datasets/oil-prices
2016-11-15,wti,45.86,USD per barrel,github.com/datasets/oil-prices
2016-11-16,wti,45.56,USD per barrel,github.com/datasets/oil-prices
2016-11-17,wti,45.37,USD per barrel,github.com/datasets/oil-prices
2016-11-18,wti,45.69,USD per barrel,github.com/datasets/oil-prices
2016-11-21,wti,47.48,USD per barrel,github.com/datasets/oil-prices
2016-11-22,wti,48.07,USD per barrel,github.com/datasets/oil-prices
2016-11-23,wti,46.72,USD per barrel,github.com/datasets/oil-prices
2016-11-25,wti,46.72,USD per barrel,github.com/datasets/oil-prices
2016-11-28,wti,45.66,USD per barrel,github.com/datasets/oil-prices
2016-11-29,wti,45.29,USD per barrel,github.com/datasets/oil-prices
2016-11-30,wti,49.41,USD per barrel,github.com/datasets/oil-prices
2016-12-01,wti,51.08,USD per barrel,github.com/datasets/oil-prices
2016-12-02,wti,51.7,USD per barrel,github.com/datasets/oil-prices
2016-12-05,wti,51.72,USD per barrel,github.com/datasets/oil-prices
2016-12-06,wti,50.95,USD per barrel,github.com/datasets/oil-prices
2016-12-07,wti,49.85,USD per barrel,github.com/datasets/oil-prices
2016-12-08,wti,50.84,USD per barrel,github.com/datasets/oil-prices
2016-12-09,wti,51.51,USD per barrel,github.com/datasets/oil-prices
2016-12-12,wti,52.74,USD per barrel,github.com/datasets/oil-prices
2016-12-13,wti,52.99,USD per barrel,github.com/datasets/oil-prices
2016-12-14,wti,51.01,USD per barrel,github.com/datasets/oil-prices
2016-12-15,wti,50.9,USD per barrel,github.com/datasets/oil-prices
2016-12-16,wti,51.93,USD per barrel,github.com/datasets/oil-prices
2016-12-19,wti,52.13,USD per barrel,github.com/datasets/oil-prices
2016-12-20,wti,52.22,USD per barrel,github.com/datasets/oil-prices
2016-12-21,wti,51.44,USD per barrel,github.com/datasets/oil-prices
2016-12-22,wti,51.98,USD per barrel,github.com/datasets/oil-prices
2016-12-23,wti,52.01,USD per barrel,github.com/datasets/oil-prices
2016-12-27,wti,52.82,USD per barrel,github.com/datasets/oil-prices
2016-12-28,wti,54.01,USD per barrel,github.com/datasets/oil-prices
2016-12-29,wti,53.8,USD per barrel,github.com/datasets/oil-prices
2016-12-30,wti,53.75,USD per barrel,github.com/datasets/oil-prices
2017-01-03,wti,52.36,USD per barrel,github.com/datasets/oil-prices
2017-01-04,wti,53.26,USD per barrel,github.com/datasets/oil-prices
2017-01-05,wti,53.77,USD per barrel,github.com/datasets/oil-prices
2017-01-06,wti,53.98,USD per barrel,github.com/datasets/oil-prices
2017-01-09,wti,51.95,USD per barrel,github.com/datasets/oil-prices
2017-01-10,wti,50.82,USD per barrel,github.com/datasets/oil-prices
2017-01-11,wti,52.19,USD per barrel,github.com/datasets/oil-prices
2017-01-12,wti,53.01,USD per barrel,github.com/datasets/oil-prices
2017-01-13,wti,52.36,USD per barrel,github.com/datasets/oil-prices
2017-01-17,wti,52.45,USD per barrel,github.com/datasets/oil-prices
2017-01-18,wti,51.12,USD per barrel,github.com/datasets/oil-prices
2017-01-19,wti,51.39,USD per barrel,github.com/datasets/oil-prices
2017-01-20,wti,52.33,USD per barrel,github.com/datasets/oil-prices
2017-01-23,wti,52.77,USD per barrel,github.com/datasets/oil-prices
2017-01-24,wti,52.38,USD per barrel,github.com/datasets/oil-prices
2017-01-25,wti,52.14,USD per barrel,github.com/datasets/oil-prices
2017-01-26,wti,53.24,USD per barrel,github.com/datasets/oil-prices
2017-01-27,wti,53.18,USD per barrel,github.com/datasets/oil-prices
2017-01-30,wti,52.63,USD per barrel,github.com/datasets/oil-prices
2017-01-31,wti,52.75,USD per barrel,github.com/datasets/oil-prices
2017-02-01,wti,53.9,USD per barrel,github.com/datasets/oil-prices
2017-02-02,wti,53.55,USD per barrel,github.com/datasets/oil-prices
2017-02-03,wti,53.81,USD per barrel,github.com/datasets/oil-prices
2017-02-06,wti,53.01,USD per barrel,github.com/datasets/oil-prices
2017-02-07,wti,52.19,USD per barrel,github.com/datasets/oil-prices
2017-02-08,wti,52.37,USD per barrel,github.com/datasets/oil-prices
2017-02-09,wti,52.99,USD per barrel,github.com/datasets/oil-prices
2017-02-10,wti,53.84,USD per barrel,github.com/datasets/oil-prices
2017-02-13,wti,52.96,USD per barrel,github.com/datasets/oil-prices
2017-02-14,wti,53.21,USD per barrel,github.com/datasets/oil-prices
2017-02-15,wti,53.11,USD per barrel,github.com/datasets/oil-prices
2017-02-16,wti,53.41,USD per barrel,github.com/datasets/oil-prices
2017-02-17,wti,53.41,USD per barrel,github.com/datasets/oil-prices
2017-02-21,wti,54.02,USD per barrel,github.com/datasets/oil-prices
2017-02-22,wti,53.61,USD per barrel,github.com/datasets/oil-prices
2017-02-23,wti,54.48,USD per barrel,github.com/datasets/oil-prices
2017-02-24,wti,53.99,USD per barrel,github.com/datasets/oil-prices
2017-02-27,wti,54.04,USD per barrel,github.com/datasets/oil-prices
2017-02-28,wti,54.0,USD per barrel,github.com/datasets/oil-prices
2017-03-01,wti,53.82,USD per barrel,github.com/datasets/oil-prices
2017-03-02,wti,52.63,USD per barrel,github.com/datasets/oil-prices
2017-03-03,wti,53.33,USD per barrel,github.com/datasets/oil-prices
2017-03-06,wti,53.19,USD per barrel,github.com/datasets/oil-prices
2017-03-07,wti,52.68,USD per barrel,github.com/datasets/oil-prices
2017-03-08,wti,49.83,USD per barrel,github.com/datasets/oil-prices
2017-03-09,wti,48.75,USD per barrel,github.com/datasets/oil-prices
2017-03-10,wti,48.05,USD per barrel,github.com/datasets/oil-prices
2017-03-13,wti,47.95,USD per barrel,github.com/datasets/oil-prices
2017-03-14,wti,47.24,USD per barrel,github.com/datasets/oil-prices
2017-03-15,wti,48.34,USD per barrel,github.com/datasets/oil-prices
2017-03-16,wti,48.3,USD per barrel,github.com/datasets/oil-prices
2017-03-17,wti,48.34,USD per barrel,github.com/datasets/oil-prices
2017-03-20,wti,47.79,USD per barrel,github.com/datasets/oil-prices
2017-03-21,wti,47.02,USD per barrel,github.com/datasets/oil-prices
2017-03-22,wti,47.29,USD per barrel,github.com/datasets/oil-prices
2017-03-23,wti,47.0,USD per barrel,github.com/datasets/oil-prices
2017-03-24,wti,47.3,USD per barrel,github.com/datasets/oil-prices
2017-03-27,wti,47.02,USD per barrel,github.com/datasets/oil-prices
2017-03-28,wti,48.36,USD per barrel,github.com/datasets/oil-prices
2017-03-29,wti,49.47,USD per barrel,github.com/datasets/oil-prices
2017-03-30,wti,50.3,USD per barrel,github.com/datasets/oil-prices
2017-03-31,wti,50.54,USD per barrel,github.com/datasets/oil-prices
2017-04-03,wti,50.25,USD per barrel,github.com/datasets/oil-prices
2017-04-04,wti,50.99,USD per barrel,github.com/datasets/oil-prices
2017-04-05,wti,51.14,USD per barrel,github.com/datasets/oil-prices
2017-04-06,wti,51.69,USD per barrel,github.com/datasets/oil-prices
2017-04-07,wti,52.25,USD per barrel,github.com/datasets/oil-prices
2017-04-10,wti,53.06,USD per barrel,github.com/datasets/oil-prices
2017-04-11,wti,53.38,USD per barrel,github.com/datasets/oil-prices
2017-04-12,wti,53.12,USD per barrel,github.com/datasets/oil-prices
2017-04-13,wti,53.19,USD per barrel,github.com/datasets/oil-prices
2017-04-17,wti,52.62,USD per barrel,github.com/datasets/oil-prices
2017-04-18,wti,52.46,USD per barrel,github.com/datasets/oil-prices
2017-04-19,wti,50.49,USD per barrel,github.com/datasets/oil-prices
2017-04-20,wti,50.26,USD per barrel,github.com/datasets/oil-prices
2017-04-21,wti,49.64,USD per barrel,github.com/datasets/oil-prices
2017-04-24,wti,48.9,USD per barrel,github.com/datasets/oil-prices
2017-04-25,wti,49.22,USD per barrel,github.com/datasets/oil-prices
2017-04-26,wti,49.22,USD per barrel,github.com/datasets/oil-prices
2017-04-27,wti,48.96,USD per barrel,github.com/datasets/oil-prices
2017-04-28,wti,49.31,USD per barrel,github.com/datasets/oil-prices
2017-05-01,wti,48.83,USD per barrel,github.com/datasets/oil-prices
2017-05-02,wti,47.65,USD per barrel,github.com/datasets/oil-prices
2017-05-03,wti,47.79,USD per barrel,github.com/datasets/oil-prices
2017-05-04,wti,45.55,USD per barrel,github.com/datasets/oil-prices
2017-05-05,wti,46.23,USD per barrel,github.com/datasets/oil-prices
2017-05-08,wti,46.46,USD per barrel,github.com/datasets/oil-prices
2017-05-09,wti,45.84,USD per barrel,github.com/datasets/oil-prices
2017-05-10,wti,47.28,USD per barrel,github.com/datasets/oil-prices
2017-05-11,wti,47.81,USD per barrel,github.com/datasets/oil-prices
2017-05-12,wti,47.83,USD per barrel,github.com/datasets/oil-prices
2017-05-15,wti,48.86,USD per barrel,github.com/datasets/oil-prices
2017-05-16,wti,48.64,USD per barrel,github.com/datasets/oil-prices
2017-05-17,wti,49.04,USD per barrel,github.com/datasets/oil-prices
2017-05-18,wti,49.36,USD per barrel,github.com/datasets/oil-prices
2017-05-19,wti,50.32,USD per barrel,github.com/datasets/oil-prices
2017-05-22,wti,50.81,USD per barrel,github.com/datasets/oil-prices
2017-05-23,wti,51.12,USD per barrel,github.com/datasets/oil-prices
2017-05-24,wti,50.99,USD per barrel,github.com/datasets/oil-prices
2017-05-25,wti,48.57,USD per barrel,github.com/datasets/oil-prices
2017-05-26,wti,49.58,USD per barrel,github.com/datasets/oil-prices
2017-05-30,wti,49.63,USD per barrel,github.com/datasets/oil-prices
2017-05-31,wti,48.29,USD per barrel,github.com/datasets/oil-prices
2017-06-01,wti,48.32,USD per barrel,github.com/datasets/oil-prices
2017-06-02,wti,47.68,USD per barrel,github.com/datasets/oil-prices
2017-06-05,wti,47.4,USD per barrel,github.com/datasets/oil-prices
2017-06-06,wti,48.13,USD per barrel,github.com/datasets/oil-prices
2017-06-07,wti,45.8,USD per barrel,github.com/datasets/oil-prices
2017-06-08,wti,45.68,USD per barrel,github.com/datasets/oil-prices
2017-06-09,wti,45.82,USD per barrel,github.com/datasets/oil-prices
2017-06-12,wti,46.1,USD per barrel,github.com/datasets/oil-prices
2017-06-13,wti,46.41,USD per barrel,github.com/datasets/oil-prices
2017-06-14,wti,44.79,USD per barrel,github.com/datasets/oil-prices
2017-06-15,wti,44.47,USD per barrel,github.com/datasets/oil-prices
2017-06-16,wti,44.73,USD per barrel,github.com/datasets/oil-prices
2017-06-19,wti,44.24,USD per barrel,github.com/datasets/oil-prices
2017-06-20,wti,43.34,USD per barrel,github.com/datasets/oil-prices
2017-06-21,wti,42.48,USD per barrel,github.com/datasets/oil-prices
2017-06-22,wti,42.53,USD per barrel,github.com/datasets/oil-prices
2017-06-23,wti,42.86,USD per barrel,github.com/datasets/oil-prices
2017-06-26,wti,43.24,USD per barrel,github.com/datasets/oil-prices
2017-06-27,wti,44.25,USD per barrel,github.com/datasets/oil-prices
2017-06-28,wti,44.74,USD per barrel,github.com/datasets/oil-prices
2017-06-29,wti,44.88,USD per barrel,github.com/datasets/oil-prices
2017-06-30,wti,46.02,USD per barrel,github.com/datasets/oil-prices
2017-07-05,wti,45.11,USD per barrel,github.com/datasets/oil-prices
2017-07-06,wti,45.52,USD per barrel,github.com/datasets/oil-prices
2017-07-07,wti,44.25,USD per barrel,github.com/datasets/oil-prices
2017-07-10,wti,44.4,USD per barrel,github.com/datasets/oil-prices
2017-07-11,wti,45.06,USD per barrel,github.com/datasets/oil-prices
2017-07-12,wti,45.48,USD per barrel,github.com/datasets/oil-prices
2017-07-13,wti,46.06,USD per barrel,github.com/datasets/oil-prices
2017-07-14,wti,46.53,USD per barrel,github.com/datasets/oil-prices
2017-07-17,wti,46.02,USD per barrel,github.com/datasets/oil-prices
2017-07-18,wti,46.4,USD per barrel,github.com/datasets/oil-prices
2017-07-19,wti,47.1,USD per barrel,github.com/datasets/oil-prices
2017-07-20,wti,46.73,USD per barrel,github.com/datasets/oil-prices
2017-07-21,wti,45.78,USD per barrel,github.com/datasets/oil-prices
2017-07-24,wti,46.21,USD per barrel,github.com/datasets/oil-prices
2017-07-25,wti,47.77,USD per barrel,github.com/datasets/oil-prices
2017-07-26,wti,48.58,USD per barrel,github.com/datasets/oil-prices
2017-07-27,wti,49.05,USD per barrel,github.com/datasets/oil-prices
2017-07-28,wti,49.72,USD per barrel,github.com/datasets/oil-prices
2017-07-31,wti,50.21,USD per barrel,github.com/datasets/oil-prices
2017-08-01,wti,49.19,USD per barrel,github.com/datasets/oil-prices
2017-08-02,wti,49.6,USD per barrel,github.com/datasets/oil-prices
2017-08-03,wti,49.03,USD per barrel,github.com/datasets/oil-prices
2017-08-04,wti,49.57,USD per barrel,github.com/datasets/oil-prices
2017-08-07,wti,49.37,USD per barrel,github.com/datasets/oil-prices
2017-08-08,wti,49.07,USD per barrel,github.com/datasets/oil-prices
2017-08-09,wti,49.59,USD per barrel,github.com/datasets/oil-prices
2017-08-10,wti,48.54,USD per barrel,github.com/datasets/oil-prices
2017-08-11,wti,48.81,USD per barrel,github.com/datasets/oil-prices
2017-08-14,wti,47.59,USD per barrel,github.com/datasets/oil-prices
2017-08-15,wti,47.57,USD per barrel,github.com/datasets/oil-prices
2017-08-16,wti,46.8,USD per barrel,github.com/datasets/oil-prices
2017-08-17,wti,47.07,USD per barrel,github.com/datasets/oil-prices
2017-08-18,wti,48.59,USD per barrel,github.com/datasets/oil-prices
2017-08-21,wti,47.39,USD per barrel,github.com/datasets/oil-prices
2017-08-22,wti,47.65,USD per barrel,github.com/datasets/oil-prices
2017-08-23,wti,48.45,USD per barrel,github.com/datasets/oil-prices
2017-08-24,wti,47.24,USD per barrel,github.com/datasets/oil-prices
2017-08-25,wti,47.65,USD per barrel,github.com/datasets/oil-prices
2017-08-28,wti,46.4,USD per barrel,github.com/datasets/oil-prices
2017-08-29,wti,46.46,USD per barrel,github.com/datasets/oil-prices
2017-08-30,wti,45.96,USD per barrel,github.com/datasets/oil-prices
2017-08-31,wti,47.26,USD per barrel,github.com/datasets/oil-prices
2017-09-01,wti,47.32,USD per barrel,github.com/datasets/oil-prices
2017-09-05,wti,48.63,USD per barrel,github.com/datasets/oil-prices
2017-09-06,wti,49.13,USD per barrel,github.com/datasets/oil-prices
2017-09-07,wti,49.1,USD per barrel,github.com/datasets/oil-prices
2017-09-08,wti,47.44,USD per barrel,github.com/datasets/oil-prices
2017-09-11,wti,48.06,USD per barrel,github.com/datasets/oil-prices
2017-09-12,wti,48.21,USD per barrel,github.com/datasets/oil-prices
2017-09-13,wti,49.3,USD per barrel,github.com/datasets/oil-prices
2017-09-14,wti,49.86,USD per barrel,github.com/datasets/oil-prices
2017-09-15,wti,49.9,USD per barrel,github.com/datasets/oil-prices
2017-09-18,wti,49.88,USD per barrel,github.com/datasets/oil-prices
2017-09-19,wti,49.54,USD per barrel,github.com/datasets/oil-prices
2017-09-20,wti,50.29,USD per barrel,github.com/datasets/oil-prices
2017-09-21,wti,50.58,USD per barrel,github.com/datasets/oil-prices
2017-09-22,wti,50.33,USD per barrel,github.com/datasets/oil-prices
2017-09-25,wti,51.85,USD per barrel,github.com/datasets/oil-prices
2017-09-26,wti,51.59,USD per barrel,github.com/datasets/oil-prices
2017-09-27,wti,52.14,USD per barrel,github.com/datasets/oil-prices
2017-09-28,wti,51.62,USD per barrel,github.com/datasets/oil-prices
2017-09-29,wti,51.67,USD per barrel,github.com/datasets/oil-prices
2017-10-02,wti,50.59,USD per barrel,github.com/datasets/oil-prices
2017-10-03,wti,50.44,USD per barrel,github.com/datasets/oil-prices
2017-10-04,wti,50.0,USD per barrel,github.com/datasets/oil-prices
2017-10-05,wti,50.79,USD per barrel,github.com/datasets/oil-prices
2017-10-06,wti,49.34,USD per barrel,github.com/datasets/oil-prices
2017-10-09,wti,49.58,USD per barrel,github.com/datasets/oil-prices
2017-10-10,wti,50.93,USD per barrel,github.com/datasets/oil-prices
2017-10-11,wti,51.3,USD per barrel,github.com/datasets/oil-prices
2017-10-12,wti,50.61,USD per barrel,github.com/datasets/oil-prices
2017-10-13,wti,51.43,USD per barrel,github.com/datasets/oil-prices
2017-10-16,wti,51.86,USD per barrel,github.com/datasets/oil-prices
2017-10-17,wti,51.87,USD per barrel,github.com/datasets/oil-prices
2017-10-18,wti,52.05,USD per barrel,github.com/datasets/oil-prices
2017-10-19,wti,51.29,USD per barrel,github.com/datasets/oil-prices
2017-10-20,wti,51.63,USD per barrel,github.com/datasets/oil-prices
2017-10-23,wti,51.91,USD per barrel,github.com/datasets/oil-prices
2017-10-24,wti,52.32,USD per barrel,github.com/datasets/oil-prices
2017-10-25,wti,51.97,USD per barrel,github.com/datasets/oil-prices
2017-10-26,wti,52.41,USD per barrel,github.com/datasets/oil-prices
2017-10-27,wti,53.92,USD per barrel,github.com/datasets/oil-prices
2017-10-30,wti,54.11,USD per barrel,github.com/datasets/oil-prices
2017-10-31,wti,54.36,USD per barrel,github.com/datasets/oil-prices
2017-11-01,wti,54.32,USD per barrel,github.com/datasets/oil-prices
2017-11-02,wti,54.55,USD per barrel,github.com/datasets/oil-prices
2017-11-03,wti,55.63,USD per barrel,github.com/datasets/oil-prices
2017-11-06,wti,57.34,USD per barrel,github.com/datasets/oil-prices
2017-11-07,wti,57.19,USD per barrel,github.com/datasets/oil-prices
2017-11-08,wti,56.82,USD per barrel,github.com/datasets/oil-prices
2017-11-09,wti,57.16,USD per barrel,github.com/datasets/oil-prices
2017-11-10,wti,56.75,USD per barrel,github.com/datasets/oil-prices
2017-11-13,wti,56.77,USD per barrel,github.com/datasets/oil-prices
2017-11-14,wti,55.67,USD per barrel,github.com/datasets/oil-prices
2017-11-15,wti,55.28,USD per barrel,github.com/datasets/oil-prices
2017-11-16,wti,55.14,USD per barrel,github.com/datasets/oil-prices
2017-11-17,wti,56.21,USD per barrel,github.com/datasets/oil-prices
2017-11-20,wti,56.21,USD per barrel,github.com/datasets/oil-prices
2017-11-21,wti,56.84,USD per barrel,github.com/datasets/oil-prices
2017-11-22,wti,57.88,USD per barrel,github.com/datasets/oil-prices
2017-11-24,wti,58.94,USD per barrel,github.com/datasets/oil-prices
2017-11-27,wti,58.1,USD per barrel,github.com/datasets/oil-prices
2017-11-28,wti,57.96,USD per barrel,github.com/datasets/oil-prices
2017-11-29,wti,57.25,USD per barrel,github.com/datasets/oil-prices
2017-11-30,wti,57.4,USD per barrel,github.com/datasets/oil-prices
2017-12-01,wti,58.35,USD per barrel,github.com/datasets/oil-prices
2017-12-04,wti,57.48,USD per barrel,github.com/datasets/oil-prices
2017-12-05,wti,57.66,USD per barrel,github.com/datasets/oil-prices
2017-12-06,wti,55.79,USD per barrel,github.com/datasets/oil-prices
2017-12-07,wti,56.5,USD per barrel,github.com/datasets/oil-prices
2017-12-08,wti,57.15,USD per barrel,github.com/datasets/oil-prices
2017-12-11,wti,57.84,USD per barrel,github.com/datasets/oil-prices
2017-12-12,wti,57.12,USD per barrel,github.com/datasets/oil-prices
2017-12-13,wti,56.59,USD per barrel,github.com/datasets/oil-prices
2017-12-14,wti,57.0,USD per barrel,github.com/datasets/oil-prices
2017-12-15,wti,57.29,USD per barrel,github.com/datasets/oil-prices
2017-12-18,wti,57.17,USD per barrel,github.com/datasets/oil-prices
2017-12-19,wti,57.49,USD per barrel,github.com/datasets/oil-prices
2017-12-20,wti,58.09,USD per barrel,github.com/datasets/oil-prices
2017-12-21,wti,58.34,USD per barrel,github.com/datasets/oil-prices
2017-12-22,wti,58.25,USD per barrel,github.com/datasets/oil-prices
2017-12-26,wti,59.55,USD per barrel,github.com/datasets/oil-prices
2017-12-27,wti,59.67,USD per barrel,github.com/datasets/oil-prices
2017-12-28,wti,59.84,USD per barrel,github.com/datasets/oil-prices
2017-12-29,wti,60.46,USD per barrel,github.com/datasets/oil-prices
2018-01-02,wti,60.37,USD per barrel,github.com/datasets/oil-prices
2018-01-03,wti,61.61,USD per barrel,github.com/datasets/oil-prices
2018-01-04,wti,61.98,USD per barrel,github.com/datasets/oil-prices
2018-01-05,wti,61.49,USD per barrel,github.com/datasets/oil-prices
2018-01-08,wti,61.73,USD per barrel,github.com/datasets/oil-prices
2018-01-09,wti,62.92,USD per barrel,github.com/datasets/oil-prices
2018-01-10,wti,63.6,USD per barrel,github.com/datasets/oil-prices
2018-01-11,wti,63.81,USD per barrel,github.com/datasets/oil-prices
2018-01-12,wti,64.22,USD per barrel,github.com/datasets/oil-prices
2018-01-16,wti,63.82,USD per barrel,github.com/datasets/oil-prices
2018-01-17,wti,63.92,USD per barrel,github.com/datasets/oil-prices
2018-01-18,wti,63.96,USD per barrel,github.com/datasets/oil-prices
2018-01-19,wti,63.38,USD per barrel,github.com/datasets/oil-prices
2018-01-22,wti,63.66,USD per barrel,github.com/datasets/oil-prices
2018-01-23,wti,64.45,USD per barrel,github.com/datasets/oil-prices
2018-01-24,wti,65.69,USD per barrel,github.com/datasets/oil-prices
2018-01-25,wti,65.62,USD per barrel,github.com/datasets/oil-prices
2018-01-26,wti,66.27,USD per barrel,github.com/datasets/oil-prices
2018-01-29,wti,65.71,USD per barrel,github.com/datasets/oil-prices
2018-01-30,wti,64.64,USD per barrel,github.com/datasets/oil-prices
2018-01-31,wti,64.82,USD per barrel,github.com/datasets/oil-prices
2018-02-01,wti,65.92,USD per barrel,github.com/datasets/oil-prices
2018-02-02,wti,65.5,USD per barrel,github.com/datasets/oil-prices
2018-02-05,wti,64.18,USD per barrel,github.com/datasets/oil-prices
2018-02-06,wti,63.48,USD per barrel,github.com/datasets/oil-prices
2018-02-07,wti,61.91,USD per barrel,github.com/datasets/oil-prices
2018-02-08,wti,61.3,USD per barrel,github.com/datasets/oil-prices
2018-02-09,wti,59.2,USD per barrel,github.com/datasets/oil-prices
2018-02-12,wti,59.41,USD per barrel,github.com/datasets/oil-prices
2018-02-13,wti,59.33,USD per barrel,github.com/datasets/oil-prices
2018-02-14,wti,60.7,USD per barrel,github.com/datasets/oil-prices
2018-02-15,wti,61.48,USD per barrel,github.com/datasets/oil-prices
2018-02-16,wti,61.89,USD per barrel,github.com/datasets/oil-prices
2018-02-20,wti,61.91,USD per barrel,github.com/datasets/oil-prices
2018-02-21,wti,61.73,USD per barrel,github.com/datasets/oil-prices
2018-02-22,wti,62.72,USD per barrel,github.com/datasets/oil-prices
2018-02-23,wti,63.52,USD per barrel,github.com/datasets/oil-prices
2018-02-26,wti,63.81,USD per barrel,github.com/datasets/oil-prices
2018-02-27,wti,62.94,USD per barrel,github.com/datasets/oil-prices
2018-02-28,wti,61.43,USD per barrel,github.com/datasets/oil-prices
2018-03-01,wti,60.98,USD per barrel,github.com/datasets/oil-prices
2018-03-02,wti,61.19,USD per barrel,github.com/datasets/oil-prices
2018-03-05,wti,62.49,USD per barrel,github.com/datasets/oil-prices
2018-03-06,wti,62.54,USD per barrel,github.com/datasets/oil-prices
2018-03-07,wti,61.09,USD per barrel,github.com/datasets/oil-prices
2018-03-08,wti,60.13,USD per barrel,github.com/datasets/oil-prices
2018-03-09,wti,62.02,USD per barrel,github.com/datasets/oil-prices
2018-03-12,wti,61.35,USD per barrel,github.com/datasets/oil-prices
2018-03-13,wti,60.69,USD per barrel,github.com/datasets/oil-prices
2018-03-14,wti,60.89,USD per barrel,github.com/datasets/oil-prices
2018-03-15,wti,61.16,USD per barrel,github.com/datasets/oil-prices
2018-03-16,wti,62.29,USD per barrel,github.com/datasets/oil-prices
2018-03-19,wti,62.01,USD per barrel,github.com/datasets/oil-prices
2018-03-20,wti,63.37,USD per barrel,github.com/datasets/oil-prices
2018-03-21,wti,65.1,USD per barrel,github.com/datasets/oil-prices
2018-03-22,wti,64.25,USD per barrel,github.com/datasets/oil-prices
2018-03-23,wti,65.8,USD per barrel,github.com/datasets/oil-prices
2018-03-26,wti,65.49,USD per barrel,github.com/datasets/oil-prices
2018-03-27,wti,65.21,USD per barrel,github.com/datasets/oil-prices
2018-03-28,wti,64.3,USD per barrel,github.com/datasets/oil-prices
2018-03-29,wti,64.87,USD per barrel,github.com/datasets/oil-prices
2018-04-02,wti,63.05,USD per barrel,github.com/datasets/oil-prices
2018-04-03,wti,63.41,USD per barrel,github.com/datasets/oil-prices
2018-04-04,wti,63.35,USD per barrel,github.com/datasets/oil-prices
2018-04-05,wti,63.53,USD per barrel,github.com/datasets/oil-prices
2018-04-06,wti,62.03,USD per barrel,github.com/datasets/oil-prices
2018-04-09,wti,63.4,USD per barrel,github.com/datasets/oil-prices
2018-04-10,wti,65.48,USD per barrel,github.com/datasets/oil-prices
2018-04-11,wti,66.81,USD per barrel,github.com/datasets/oil-prices
2018-04-12,wti,67.07,USD per barrel,github.com/datasets/oil-prices
2018-04-13,wti,67.35,USD per barrel,github.com/datasets/oil-prices
2018-04-16,wti,66.23,USD per barrel,github.com/datasets/oil-prices
2018-04-17,wti,66.5,USD per barrel,github.com/datasets/oil-prices
2018-04-18,wti,68.44,USD per barrel,github.com/datasets/oil-prices
2018-04-19,wti,68.3,USD per barrel,github.com/datasets/oil-prices
2018-04-20,wti,68.26,USD per barrel,github.com/datasets/oil-prices
2018-04-23,wti,67.61,USD per barrel,github.com/datasets/oil-prices
2018-04-24,wti,67.66,USD per barrel,github.com/datasets/oil-prices
2018-04-25,wti,68.0,USD per barrel,github.com/datasets/oil-prices
2018-04-26,wti,68.18,USD per barrel,github.com/datasets/oil-prices
2018-04-27,wti,68.11,USD per barrel,github.com/datasets/oil-prices
2018-04-30,wti,68.56,USD per barrel,github.com/datasets/oil-prices
2018-05-01,wti,67.28,USD per barrel,github.com/datasets/oil-prices
2018-05-02,wti,67.91,USD per barrel,github.com/datasets/oil-prices
2018-05-03,wti,68.45,USD per barrel,github.com/datasets/oil-prices
2018-05-04,wti,69.71,USD per barrel,github.com/datasets/oil-prices
2018-05-07,wti,70.74,USD per barrel,github.com/datasets/oil-prices
2018-05-08,wti,68.83,USD per barrel,github.com/datasets/oil-prices
2018-05-09,wti,71.16,USD per barrel,github.com/datasets/oil-prices
2018-05-10,wti,71.36,USD per barrel,github.com/datasets/oil-prices
2018-05-11,wti,70.69,USD per barrel,github.com/datasets/oil-prices
2018-05-14,wti,71.01,USD per barrel,github.com/datasets/oil-prices
2018-05-15,wti,71.34,USD per barrel,github.com/datasets/oil-prices
2018-05-16,wti,71.43,USD per barrel,github.com/datasets/oil-prices
2018-05-17,wti,71.47,USD per barrel,github.com/datasets/oil-prices
2018-05-18,wti,71.23,USD per barrel,github.com/datasets/oil-prices
2018-05-21,wti,72.26,USD per barrel,github.com/datasets/oil-prices
2018-05-22,wti,72.09,USD per barrel,github.com/datasets/oil-prices
2018-05-23,wti,71.85,USD per barrel,github.com/datasets/oil-prices
2018-05-24,wti,70.77,USD per barrel,github.com/datasets/oil-prices
2018-05-25,wti,67.92,USD per barrel,github.com/datasets/oil-prices
2018-05-29,wti,66.8,USD per barrel,github.com/datasets/oil-prices
2018-05-30,wti,68.24,USD per barrel,github.com/datasets/oil-prices
2018-05-31,wti,66.98,USD per barrel,github.com/datasets/oil-prices
2018-06-01,wti,65.81,USD per barrel,github.com/datasets/oil-prices
2018-06-04,wti,64.76,USD per barrel,github.com/datasets/oil-prices
2018-06-05,wti,65.51,USD per barrel,github.com/datasets/oil-prices
2018-06-06,wti,64.75,USD per barrel,github.com/datasets/oil-prices
2018-06-07,wti,65.96,USD per barrel,github.com/datasets/oil-prices
2018-06-08,wti,65.77,USD per barrel,github.com/datasets/oil-prices
2018-06-11,wti,66.1,USD per barrel,github.com/datasets/oil-prices
2018-06-12,wti,66.38,USD per barrel,github.com/datasets/oil-prices
2018-06-13,wti,66.63,USD per barrel,github.com/datasets/oil-prices
2018-06-14,wti,66.91,USD per barrel,github.com/datasets/oil-prices
2018-06-15,wti,65.01,USD per barrel,github.com/datasets/oil-prices
2018-06-18,wti,65.91,USD per barrel,github.com/datasets/oil-prices
2018-06-19,wti,65.09,USD per barrel,github.com/datasets/oil-prices
2018-06-20,wti,65.92,USD per barrel,github.com/datasets/oil-prices
2018-06-21,wti,65.68,USD per barrel,github.com/datasets/oil-prices
2018-06-22,wti,69.02,USD per barrel,github.com/datasets/oil-prices
2018-06-25,wti,69.91,USD per barrel,github.com/datasets/oil-prices
2018-06-26,wti,75.23,USD per barrel,github.com/datasets/oil-prices
2018-06-27,wti,77.41,USD per barrel,github.com/datasets/oil-prices
2018-06-28,wti,73.45,USD per barrel,github.com/datasets/oil-prices
2018-06-29,wti,74.13,USD per barrel,github.com/datasets/oil-prices
2018-07-02,wti,73.89,USD per barrel,github.com/datasets/oil-prices
2018-07-03,wti,74.19,USD per barrel,github.com/datasets/oil-prices
2018-07-05,wti,73.05,USD per barrel,github.com/datasets/oil-prices
2018-07-06,wti,73.78,USD per barrel,github.com/datasets/oil-prices
2018-07-09,wti,73.93,USD per barrel,github.com/datasets/oil-prices
2018-07-10,wti,74.11,USD per barrel,github.com/datasets/oil-prices
2018-07-11,wti,70.47,USD per barrel,github.com/datasets/oil-prices
2018-07-12,wti,70.28,USD per barrel,github.com/datasets/oil-prices
2018-07-13,wti,71.03,USD per barrel,github.com/datasets/oil-prices
2018-07-16,wti,68.22,USD per barrel,github.com/datasets/oil-prices
2018-07-17,wti,68.03,USD per barrel,github.com/datasets/oil-prices
2018-07-18,wti,68.78,USD per barrel,github.com/datasets/oil-prices
2018-07-19,wti,69.42,USD per barrel,github.com/datasets/oil-prices
2018-07-20,wti,70.31,USD per barrel,github.com/datasets/oil-prices
2018-07-23,wti,67.9,USD per barrel,github.com/datasets/oil-prices
2018-07-24,wti,70.77,USD per barrel,github.com/datasets/oil-prices
2018-07-25,wti,71.13,USD per barrel,github.com/datasets/oil-prices
2018-07-26,wti,71.59,USD per barrel,github.com/datasets/oil-prices
2018-07-27,wti,68.66,USD per barrel,github.com/datasets/oil-prices
2018-07-30,wti,71.19,USD per barrel,github.com/datasets/oil-prices
2018-07-31,wti,69.88,USD per barrel,github.com/datasets/oil-prices
2018-08-01,wti,68.8,USD per barrel,github.com/datasets/oil-prices
2018-08-02,wti,68.95,USD per barrel,github.com/datasets/oil-prices
2018-08-03,wti,68.49,USD per barrel,github.com/datasets/oil-prices
2018-08-06,wti,69.01,USD per barrel,github.com/datasets/oil-prices
2018-08-07,wti,69.17,USD per barrel,github.com/datasets/oil-prices
2018-08-08,wti,66.92,USD per barrel,github.com/datasets/oil-prices
2018-08-09,wti,66.81,USD per barrel,github.com/datasets/oil-prices
2018-08-10,wti,67.61,USD per barrel,github.com/datasets/oil-prices
2018-08-13,wti,67.25,USD per barrel,github.com/datasets/oil-prices
2018-08-14,wti,67.04,USD per barrel,github.com/datasets/oil-prices
2018-08-15,wti,65.07,USD per barrel,github.com/datasets/oil-prices
2018-08-16,wti,65.44,USD per barrel,github.com/datasets/oil-prices
2018-08-17,wti,65.93,USD per barrel,github.com/datasets/oil-prices
2018-08-20,wti,66.5,USD per barrel,github.com/datasets/oil-prices
2018-08-21,wti,67.32,USD per barrel,github.com/datasets/oil-prices
2018-08-22,wti,67.85,USD per barrel,github.com/datasets/oil-prices
2018-08-23,wti,69.13,USD per barrel,github.com/datasets/oil-prices
2018-08-24,wti,69.71,USD per barrel,github.com/datasets/oil-prices
2018-08-27,wti,69.97,USD per barrel,github.com/datasets/oil-prices
2018-08-28,wti,68.54,USD per barrel,github.com/datasets/oil-prices
2018-08-29,wti,69.68,USD per barrel,github.com/datasets/oil-prices
2018-08-30,wti,70.25,USD per barrel,github.com/datasets/oil-prices
2018-08-31,wti,69.84,USD per barrel,github.com/datasets/oil-prices
2018-09-04,wti,69.82,USD per barrel,github.com/datasets/oil-prices
2018-09-05,wti,68.69,USD per barrel,github.com/datasets/oil-prices
2018-09-06,wti,67.81,USD per barrel,github.com/datasets/oil-prices
2018-09-07,wti,67.73,USD per barrel,github.com/datasets/oil-prices
2018-09-10,wti,67.55,USD per barrel,github.com/datasets/oil-prices
2018-09-11,wti,69.29,USD per barrel,github.com/datasets/oil-prices
2018-09-12,wti,70.37,USD per barrel,github.com/datasets/oil-prices
2018-09-13,wti,68.6,USD per barrel,github.com/datasets/oil-prices
2018-09-14,wti,68.98,USD per barrel,github.com/datasets/oil-prices
2018-09-17,wti,68.86,USD per barrel,github.com/datasets/oil-prices
2018-09-18,wti,69.87,USD per barrel,github.com/datasets/oil-prices
2018-09-19,wti,71.08,USD per barrel,github.com/datasets/oil-prices
2018-09-20,wti,70.77,USD per barrel,github.com/datasets/oil-prices
2018-09-21,wti,70.8,USD per barrel,github.com/datasets/oil-prices
2018-09-24,wti,73.23,USD per barrel,github.com/datasets/oil-prices
2018-09-25,wti,73.4,USD per barrel,github.com/datasets/oil-prices
2018-09-26,wti,72.22,USD per barrel,github.com/datasets/oil-prices
2018-09-27,wti,72.18,USD per barrel,github.com/datasets/oil-prices
2018-09-28,wti,73.16,USD per barrel,github.com/datasets/oil-prices
2018-10-01,wti,75.37,USD per barrel,github.com/datasets/oil-prices
2018-10-02,wti,75.16,USD per barrel,github.com/datasets/oil-prices
2018-10-03,wti,76.4,USD per barrel,github.com/datasets/oil-prices
2018-10-04,wti,74.44,USD per barrel,github.com/datasets/oil-prices
2018-10-05,wti,74.26,USD per barrel,github.com/datasets/oil-prices
2018-10-08,wti,74.27,USD per barrel,github.com/datasets/oil-prices
2018-10-09,wti,74.95,USD per barrel,github.com/datasets/oil-prices
2018-10-10,wti,73.18,USD per barrel,github.com/datasets/oil-prices
2018-10-11,wti,70.97,USD per barrel,github.com/datasets/oil-prices
2018-10-12,wti,71.41,USD per barrel,github.com/datasets/oil-prices
2018-10-15,wti,71.84,USD per barrel,github.com/datasets/oil-prices
2018-10-16,wti,71.93,USD per barrel,github.com/datasets/oil-prices
2018-10-17,wti,69.63,USD per barrel,github.com/datasets/oil-prices
2018-10-18,wti,68.63,USD per barrel,github.com/datasets/oil-prices
2018-10-19,wti,69.16,USD per barrel,github.com/datasets/oil-prices
2018-10-22,wti,69.25,USD per barrel,github.com/datasets/oil-prices
2018-10-23,wti,66.49,USD per barrel,github.com/datasets/oil-prices
2018-10-24,wti,66.56,USD per barrel,github.com/datasets/oil-prices
2018-10-25,wti,67.25,USD per barrel,github.com/datasets/oil-prices
2018-10-26,wti,67.58,USD per barrel,github.com/datasets/oil-prices
2018-10-29,wti,67.0,USD per barrel,github.com/datasets/oil-prices
2018-10-30,wti,66.18,USD per barrel,github.com/datasets/oil-prices
2018-10-31,wti,65.31,USD per barrel,github.com/datasets/oil-prices
2018-11-01,wti,63.67,USD per barrel,github.com/datasets/oil-prices
2018-11-02,wti,63.12,USD per barrel,github.com/datasets/oil-prices
2018-11-05,wti,63.12,USD per barrel,github.com/datasets/oil-prices
2018-11-06,wti,62.16,USD per barrel,github.com/datasets/oil-prices
2018-11-07,wti,61.69,USD per barrel,github.com/datasets/oil-prices
2018-11-08,wti,60.71,USD per barrel,github.com/datasets/oil-prices
2018-11-09,wti,60.19,USD per barrel,github.com/datasets/oil-prices
2018-11-12,wti,59.85,USD per barrel,github.com/datasets/oil-prices
2018-11-13,wti,55.63,USD per barrel,github.com/datasets/oil-prices
2018-11-14,wti,56.16,USD per barrel,github.com/datasets/oil-prices
2018-11-15,wti,56.45,USD per barrel,github.com/datasets/oil-prices
2018-11-16,wti,56.49,USD per barrel,github.com/datasets/oil-prices
2018-11-19,wti,57.16,USD per barrel,github.com/datasets/oil-prices
2018-11-20,wti,53.39,USD per barrel,github.com/datasets/oil-prices
2018-11-21,wti,54.41,USD per barrel,github.com/datasets/oil-prices
2018-11-26,wti,51.46,USD per barrel,github.com/datasets/oil-prices
2018-11-27,wti,51.31,USD per barrel,github.com/datasets/oil-prices
2018-11-28,wti,50.06,USD per barrel,github.com/datasets/oil-prices
2018-11-29,wti,51.46,USD per barrel,github.com/datasets/oil-prices
2018-11-30,wti,50.78,USD per barrel,github.com/datasets/oil-prices
2018-12-03,wti,52.98,USD per barrel,github.com/datasets/oil-prices
2018-12-04,wti,53.21,USD per barrel,github.com/datasets/oil-prices
2018-12-05,wti,52.64,USD per barrel,github.com/datasets/oil-prices
2018-12-06,wti,51.54,USD per barrel,github.com/datasets/oil-prices
2018-12-07,wti,52.76,USD per barrel,github.com/datasets/oil-prices
2018-12-10,wti,51.07,USD per barrel,github.com/datasets/oil-prices
2018-12-11,wti,51.65,USD per barrel,github.com/datasets/oil-prices
2018-12-12,wti,51.04,USD per barrel,github.com/datasets/oil-prices
2018-12-13,wti,52.69,USD per barrel,github.com/datasets/oil-prices
2018-12-14,wti,51.26,USD per barrel,github.com/datasets/oil-prices
2018-12-17,wti,49.8,USD per barrel,github.com/datasets/oil-prices
2018-12-18,wti,46.12,USD per barrel,github.com/datasets/oil-prices
2018-12-19,wti,47.96,USD per barrel,github.com/datasets/oil-prices
2018-12-20,wti,45.64,USD per barrel,github.com/datasets/oil-prices
2018-12-21,wti,45.38,USD per barrel,github.com/datasets/oil-prices
2018-12-26,wti,46.04,USD per barrel,github.com/datasets/oil-prices
2018-12-27,wti,44.48,USD per barrel,github.com/datasets/oil-prices
2018-12-28,wti,45.15,USD per barrel,github.com/datasets/oil-prices
2019-01-02,wti,46.31,USD per barrel,github.com/datasets/oil-prices
2019-01-03,wti,46.92,USD per barrel,github.com/datasets/oil-prices
2019-01-04,wti,47.76,USD per barrel,github.com/datasets/oil-prices
2019-01-07,wti,48.27,USD per barrel,github.com/datasets/oil-prices
2019-01-08,wti,49.58,USD per barrel,github.com/datasets/oil-prices
2019-01-09,wti,52.19,USD per barrel,github.com/datasets/oil-prices
2019-01-10,wti,52.42,USD per barrel,github.com/datasets/oil-prices
2019-01-11,wti,51.44,USD per barrel,github.com/datasets/oil-prices
2019-01-14,wti,50.31,USD per barrel,github.com/datasets/oil-prices
2019-01-15,wti,51.8,USD per barrel,github.com/datasets/oil-prices
2019-01-16,wti,52.08,USD per barrel,github.com/datasets/oil-prices
2019-01-17,wti,51.83,USD per barrel,github.com/datasets/oil-prices
2019-01-18,wti,53.6,USD per barrel,github.com/datasets/oil-prices
2019-01-22,wti,52.59,USD per barrel,github.com/datasets/oil-prices
2019-01-23,wti,52.44,USD per barrel,github.com/datasets/oil-prices
2019-01-24,wti,52.94,USD per barrel,github.com/datasets/oil-prices
2019-01-25,wti,53.53,USD per barrel,github.com/datasets/oil-prices
2019-01-28,wti,51.79,USD per barrel,github.com/datasets/oil-prices
2019-01-29,wti,53.07,USD per barrel,github.com/datasets/oil-prices
2019-01-30,wti,54.18,USD per barrel,github.com/datasets/oil-prices
2019-01-31,wti,53.84,USD per barrel,github.com/datasets/oil-prices
2019-02-01,wti,55.29,USD per barrel,github.com/datasets/oil-prices
2019-02-04,wti,54.57,USD per barrel,github.com/datasets/oil-prices
2019-02-05,wti,53.69,USD per barrel,github.com/datasets/oil-prices
2019-02-06,wti,53.94,USD per barrel,github.com/datasets/oil-prices
2019-02-07,wti,52.68,USD per barrel,github.com/datasets/oil-prices
2019-02-08,wti,52.75,USD per barrel,github.com/datasets/oil-prices
2019-02-11,wti,52.43,USD per barrel,github.com/datasets/oil-prices
2019-02-12,wti,53.14,USD per barrel,github.com/datasets/oil-prices
2019-02-13,wti,53.84,USD per barrel,github.com/datasets/oil-prices
2019-02-14,wti,54.4,USD per barrel,github.com/datasets/oil-prices
2019-02-15,wti,55.58,USD per barrel,github.com/datasets/oil-prices
2019-02-19,wti,56.12,USD per barrel,github.com/datasets/oil-prices
2019-02-20,wti,56.9,USD per barrel,github.com/datasets/oil-prices
2019-02-21,wti,56.95,USD per barrel,github.com/datasets/oil-prices
2019-02-22,wti,57.01,USD per barrel,github.com/datasets/oil-prices
2019-02-25,wti,55.32,USD per barrel,github.com/datasets/oil-prices
2019-02-26,wti,55.4,USD per barrel,github.com/datasets/oil-prices
2019-02-27,wti,56.92,USD per barrel,github.com/datasets/oil-prices
2019-02-28,wti,57.21,USD per barrel,github.com/datasets/oil-prices
2019-03-01,wti,55.76,USD per barrel,github.com/datasets/oil-prices
2019-03-04,wti,56.6,USD per barrel,github.com/datasets/oil-prices
2019-03-05,wti,56.55,USD per barrel,github.com/datasets/oil-prices
2019-03-06,wti,56.22,USD per barrel,github.com/datasets/oil-prices
2019-03-07,wti,56.6,USD per barrel,github.com/datasets/oil-prices
2019-03-08,wti,55.77,USD per barrel,github.com/datasets/oil-prices
2019-03-11,wti,56.79,USD per barrel,github.com/datasets/oil-prices
2019-03-12,wti,56.89,USD per barrel,github.com/datasets/oil-prices
2019-03-13,wti,58.27,USD per barrel,github.com/datasets/oil-prices
2019-03-14,wti,58.59,USD per barrel,github.com/datasets/oil-prices
2019-03-15,wti,58.51,USD per barrel,github.com/datasets/oil-prices
2019-03-18,wti,59.09,USD per barrel,github.com/datasets/oil-prices
2019-03-19,wti,59.12,USD per barrel,github.com/datasets/oil-prices
2019-03-20,wti,60.12,USD per barrel,github.com/datasets/oil-prices
2019-03-21,wti,59.98,USD per barrel,github.com/datasets/oil-prices
2019-03-22,wti,58.87,USD per barrel,github.com/datasets/oil-prices
2019-03-25,wti,58.71,USD per barrel,github.com/datasets/oil-prices
2019-03-26,wti,59.87,USD per barrel,github.com/datasets/oil-prices
2019-03-27,wti,59.39,USD per barrel,github.com/datasets/oil-prices
2019-03-28,wti,59.29,USD per barrel,github.com/datasets/oil-prices
2019-03-29,wti,60.19,USD per barrel,github.com/datasets/oil-prices
2019-04-01,wti,61.59,USD per barrel,github.com/datasets/oil-prices
2019-04-02,wti,62.53,USD per barrel,github.com/datasets/oil-prices
2019-04-03,wti,62.46,USD per barrel,github.com/datasets/oil-prices
2019-04-04,wti,62.12,USD per barrel,github.com/datasets/oil-prices
2019-04-05,wti,63.1,USD per barrel,github.com/datasets/oil-prices
2019-04-08,wti,64.37,USD per barrel,github.com/datasets/oil-prices
2019-04-09,wti,64.05,USD per barrel,github.com/datasets/oil-prices
2019-04-10,wti,64.62,USD per barrel,github.com/datasets/oil-prices
2019-04-11,wti,63.61,USD per barrel,github.com/datasets/oil-prices
2019-04-12,wti,63.86,USD per barrel,github.com/datasets/oil-prices
2019-04-15,wti,63.43,USD per barrel,github.com/datasets/oil-prices
2019-04-16,wti,64.01,USD per barrel,github.com/datasets/oil-prices
2019-04-17,wti,63.74,USD per barrel,github.com/datasets/oil-prices
2019-04-18,wti,64.02,USD per barrel,github.com/datasets/oil-prices
2019-04-22,wti,65.66,USD per barrel,github.com/datasets/oil-prices
2019-04-23,wti,66.24,USD per barrel,github.com/datasets/oil-prices
2019-04-24,wti,65.96,USD per barrel,github.com/datasets/oil-prices
2019-04-25,wti,65.23,USD per barrel,github.com/datasets/oil-prices
2019-04-26,wti,63.29,USD per barrel,github.com/datasets/oil-prices
2019-04-29,wti,63.39,USD per barrel,github.com/datasets/oil-prices
2019-04-30,wti,63.83,USD per barrel,github.com/datasets/oil-prices
2019-05-01,wti,63.55,USD per barrel,github.com/datasets/oil-prices
2019-05-02,wti,61.75,USD per barrel,github.com/datasets/oil-prices
2019-05-03,wti,61.98,USD per barrel,github.com/datasets/oil-prices
2019-05-06,wti,62.3,USD per barrel,github.com/datasets/oil-prices
2019-05-07,wti,61.41,USD per barrel,github.com/datasets/oil-prices
2019-05-08,wti,62.13,USD per barrel,github.com/datasets/oil-prices
2019-05-09,wti,61.58,USD per barrel,github.com/datasets/oil-prices
2019-05-10,wti,61.65,USD per barrel,github.com/datasets/oil-prices
2019-05-13,wti,60.97,USD per barrel,github.com/datasets/oil-prices
2019-05-14,wti,61.82,USD per barrel,github.com/datasets/oil-prices
2019-05-15,wti,62.03,USD per barrel,github.com/datasets/oil-prices
2019-05-16,wti,62.93,USD per barrel,github.com/datasets/oil-prices
2019-05-17,wti,62.77,USD per barrel,github.com/datasets/oil-prices
2019-05-20,wti,63.12,USD per barrel,github.com/datasets/oil-prices
2019-05-21,wti,63.02,USD per barrel,github.com/datasets/oil-prices
2019-05-22,wti,61.42,USD per barrel,github.com/datasets/oil-prices
2019-05-23,wti,57.65,USD per barrel,github.com/datasets/oil-prices
2019-05-24,wti,58.4,USD per barrel,github.com/datasets/oil-prices
2019-05-28,wti,58.91,USD per barrel,github.com/datasets/oil-prices
2019-05-29,wti,58.84,USD per barrel,github.com/datasets/oil-prices
2019-05-30,wti,56.47,USD per barrel,github.com/datasets/oil-prices
2019-05-31,wti,53.49,USD per barrel,github.com/datasets/oil-prices
2019-06-03,wti,53.25,USD per barrel,github.com/datasets/oil-prices
2019-06-04,wti,53.5,USD per barrel,github.com/datasets/oil-prices
2019-06-05,wti,51.57,USD per barrel,github.com/datasets/oil-prices
2019-06-06,wti,52.59,USD per barrel,github.com/datasets/oil-prices
2019-06-07,wti,53.95,USD per barrel,github.com/datasets/oil-prices
2019-06-10,wti,53.33,USD per barrel,github.com/datasets/oil-prices
2019-06-11,wti,53.3,USD per barrel,github.com/datasets/oil-prices
2019-06-12,wti,51.13,USD per barrel,github.com/datasets/oil-prices
2019-06-13,wti,52.38,USD per barrel,github.com/datasets/oil-prices
2019-06-14,wti,52.47,USD per barrel,github.com/datasets/oil-prices
2019-06-17,wti,51.94,USD per barrel,github.com/datasets/oil-prices
2019-06-18,wti,53.86,USD per barrel,github.com/datasets/oil-prices
2019-06-19,wti,53.74,USD per barrel,github.com/datasets/oil-prices
2019-06-20,wti,56.88,USD per barrel,github.com/datasets/oil-prices
2019-06-21,wti,57.35,USD per barrel,github.com/datasets/oil-prices
2019-06-24,wti,57.73,USD per barrel,github.com/datasets/oil-prices
2019-06-25,wti,57.63,USD per barrel,github.com/datasets/oil-prices
2019-06-26,wti,59.17,USD per barrel,github.com/datasets/oil-prices
2019-06-27,wti,59.18,USD per barrel,github.com/datasets/oil-prices
2019-06-28,wti,58.2,USD per barrel,github.com/datasets/oil-prices
2019-07-01,wti,58.91,USD per barrel,github.com/datasets/oil-prices
2019-07-02,wti,56.0,USD per barrel,github.com/datasets/oil-prices
2019-07-03,wti,57.06,USD per barrel,github.com/datasets/oil-prices
2019-07-08,wti,57.35,USD per barrel,github.com/datasets/oil-prices
2019-07-09,wti,57.57,USD per barrel,github.com/datasets/oil-prices
2019-07-10,wti,60.28,USD per barrel,github.com/datasets/oil-prices
2019-07-11,wti,59.93,USD per barrel,github.com/datasets/oil-prices
2019-07-12,wti,59.99,USD per barrel,github.com/datasets/oil-prices
2019-07-15,wti,59.3,USD per barrel,github.com/datasets/oil-prices
2019-07-16,wti,57.44,USD per barrel,github.com/datasets/oil-prices
2019-07-17,wti,56.5,USD per barrel,github.com/datasets/oil-prices
2019-07-18,wti,55.08,USD per barrel,github.com/datasets/oil-prices
2019-07-19,wti,55.42,USD per barrel,github.com/datasets/oil-prices
2019-07-22,wti,55.87,USD per barrel,github.com/datasets/oil-prices
2019-07-23,wti,56.58,USD per barrel,github.com/datasets/oil-prices
2019-07-24,wti,55.9,USD per barrel,github.com/datasets/oil-prices
2019-07-25,wti,55.88,USD per barrel,github.com/datasets/oil-prices
2019-07-26,wti,56.04,USD per barrel,github.com/datasets/oil-prices
2019-07-29,wti,56.85,USD per barrel,github.com/datasets/oil-prices
2019-07-30,wti,58.04,USD per barrel,github.com/datasets/oil-prices
2019-07-31,wti,58.53,USD per barrel,github.com/datasets/oil-prices
2019-08-01,wti,53.64,USD per barrel,github.com/datasets/oil-prices
2019-08-02,wti,55.67,USD per barrel,github.com/datasets/oil-prices
2019-08-05,wti,54.63,USD per barrel,github.com/datasets/oil-prices
2019-08-06,wti,53.6,USD per barrel,github.com/datasets/oil-prices
2019-08-07,wti,51.14,USD per barrel,github.com/datasets/oil-prices
2019-08-08,wti,52.6,USD per barrel,github.com/datasets/oil-prices
2019-08-09,wti,54.41,USD per barrel,github.com/datasets/oil-prices
2019-08-12,wti,54.98,USD per barrel,github.com/datasets/oil-prices
2019-08-13,wti,57.05,USD per barrel,github.com/datasets/oil-prices
2019-08-14,wti,55.16,USD per barrel,github.com/datasets/oil-prices
2019-08-15,wti,54.51,USD per barrel,github.com/datasets/oil-prices
2019-08-16,wti,54.83,USD per barrel,github.com/datasets/oil-prices
2019-08-19,wti,56.24,USD per barrel,github.com/datasets/oil-prices
2019-08-20,wti,56.18,USD per barrel,github.com/datasets/oil-prices
2019-08-21,wti,55.65,USD per barrel,github.com/datasets/oil-prices
2019-08-22,wti,55.33,USD per barrel,github.com/datasets/oil-prices
2019-08-23,wti,54.08,USD per barrel,github.com/datasets/oil-prices
2019-08-26,wti,53.54,USD per barrel,github.com/datasets/oil-prices
2019-08-27,wti,54.99,USD per barrel,github.com/datasets/oil-prices
2019-08-28,wti,55.76,USD per barrel,github.com/datasets/oil-prices
2019-08-29,wti,56.67,USD per barrel,github.com/datasets/oil-prices
2019-08-30,wti,55.07,USD per barrel,github.com/datasets/oil-prices
2019-09-03,wti,53.91,USD per barrel,github.com/datasets/oil-prices
2019-09-04,wti,56.22,USD per barrel,github.com/datasets/oil-prices
2019-09-05,wti,56.33,USD per barrel,github.com/datasets/oil-prices
2019-09-06,wti,56.45,USD per barrel,github.com/datasets/oil-prices
2019-09-09,wti,57.88,USD per barrel,github.com/datasets/oil-prices
2019-09-10,wti,57.37,USD per barrel,github.com/datasets/oil-prices
2019-09-11,wti,55.66,USD per barrel,github.com/datasets/oil-prices
2019-09-12,wti,55.13,USD per barrel,github.com/datasets/oil-prices
2019-09-13,wti,54.76,USD per barrel,github.com/datasets/oil-prices
2019-09-16,wti,63.1,USD per barrel,github.com/datasets/oil-prices
2019-09-17,wti,59.26,USD per barrel,github.com/datasets/oil-prices
2019-09-18,wti,58.19,USD per barrel,github.com/datasets/oil-prices
2019-09-19,wti,58.19,USD per barrel,github.com/datasets/oil-prices
2019-09-20,wti,57.92,USD per barrel,github.com/datasets/oil-prices
2019-09-23,wti,58.69,USD per barrel,github.com/datasets/oil-prices
2019-09-24,wti,57.22,USD per barrel,github.com/datasets/oil-prices
2019-09-25,wti,56.38,USD per barrel,github.com/datasets/oil-prices
2019-09-26,wti,56.24,USD per barrel,github.com/datasets/oil-prices
2019-09-27,wti,55.95,USD per barrel,github.com/datasets/oil-prices
2019-09-30,wti,54.09,USD per barrel,github.com/datasets/oil-prices
2019-10-01,wti,53.6,USD per barrel,github.com/datasets/oil-prices
2019-10-02,wti,52.67,USD per barrel,github.com/datasets/oil-prices
2019-10-03,wti,52.41,USD per barrel,github.com/datasets/oil-prices
2019-10-04,wti,52.84,USD per barrel,github.com/datasets/oil-prices
2019-10-07,wti,52.76,USD per barrel,github.com/datasets/oil-prices
2019-10-08,wti,52.64,USD per barrel,github.com/datasets/oil-prices
2019-10-09,wti,52.63,USD per barrel,github.com/datasets/oil-prices
2019-10-10,wti,53.57,USD per barrel,github.com/datasets/oil-prices
2019-10-11,wti,54.76,USD per barrel,github.com/datasets/oil-prices
2019-10-14,wti,53.57,USD per barrel,github.com/datasets/oil-prices
2019-10-15,wti,52.81,USD per barrel,github.com/datasets/oil-prices
2019-10-16,wti,53.42,USD per barrel,github.com/datasets/oil-prices
2019-10-17,wti,53.89,USD per barrel,github.com/datasets/oil-prices
2019-10-18,wti,53.75,USD per barrel,github.com/datasets/oil-prices
2019-10-21,wti,53.28,USD per barrel,github.com/datasets/oil-prices
2019-10-22,wti,54.21,USD per barrel,github.com/datasets/oil-prices
2019-10-23,wti,55.9,USD per barrel,github.com/datasets/oil-prices
2019-10-24,wti,56.11,USD per barrel,github.com/datasets/oil-prices
2019-10-25,wti,56.52,USD per barrel,github.com/datasets/oil-prices
2019-10-28,wti,55.6,USD per barrel,github.com/datasets/oil-prices
2019-10-29,wti,55.34,USD per barrel,github.com/datasets/oil-prices
2019-10-30,wti,54.85,USD per barrel,github.com/datasets/oil-prices
2019-10-31,wti,54.02,USD per barrel,github.com/datasets/oil-prices
2019-11-01,wti,56.04,USD per barrel,github.com/datasets/oil-prices
2019-11-04,wti,56.33,USD per barrel,github.com/datasets/oil-prices
2019-11-05,wti,57.04,USD per barrel,github.com/datasets/oil-prices
2019-11-06,wti,56.15,USD per barrel,github.com/datasets/oil-prices
2019-11-07,wti,56.91,USD per barrel,github.com/datasets/oil-prices
2019-11-08,wti,57.02,USD per barrel,github.com/datasets/oil-prices
2019-11-12,wti,56.67,USD per barrel,github.com/datasets/oil-prices
2019-11-13,wti,56.88,USD per barrel,github.com/datasets/oil-prices
2019-11-14,wti,56.57,USD per barrel,github.com/datasets/oil-prices
2019-11-15,wti,57.54,USD per barrel,github.com/datasets/oil-prices
2019-11-18,wti,56.82,USD per barrel,github.com/datasets/oil-prices
2019-11-19,wti,54.93,USD per barrel,github.com/datasets/oil-prices
2019-11-20,wti,56.71,USD per barrel,github.com/datasets/oil-prices
2019-11-21,wti,58.36,USD per barrel,github.com/datasets/oil-prices
2019-11-22,wti,57.68,USD per barrel,github.com/datasets/oil-prices
2019-11-25,wti,57.79,USD per barrel,github.com/datasets/oil-prices
2019-11-26,wti,58.25,USD per barrel,github.com/datasets/oil-prices
2019-11-27,wti,58.12,USD per barrel,github.com/datasets/oil-prices
2019-11-29,wti,58.12,USD per barrel,github.com/datasets/oil-prices
2019-12-02,wti,55.97,USD per barrel,github.com/datasets/oil-prices
2019-12-03,wti,56.15,USD per barrel,github.com/datasets/oil-prices
2019-12-04,wti,58.46,USD per barrel,github.com/datasets/oil-prices
2019-12-05,wti,58.42,USD per barrel,github.com/datasets/oil-prices
2019-12-06,wti,59.2,USD per barrel,github.com/datasets/oil-prices
2019-12-09,wti,58.99,USD per barrel,github.com/datasets/oil-prices
2019-12-10,wti,59.22,USD per barrel,github.com/datasets/oil-prices
2019-12-11,wti,58.74,USD per barrel,github.com/datasets/oil-prices
2019-12-12,wti,59.18,USD per barrel,github.com/datasets/oil-prices
2019-12-13,wti,60.11,USD per barrel,github.com/datasets/oil-prices
2019-12-16,wti,60.21,USD per barrel,github.com/datasets/oil-prices
2019-12-17,wti,60.88,USD per barrel,github.com/datasets/oil-prices
2019-12-18,wti,60.93,USD per barrel,github.com/datasets/oil-prices
2019-12-19,wti,61.3,USD per barrel,github.com/datasets/oil-prices
2019-12-20,wti,60.43,USD per barrel,github.com/datasets/oil-prices
2019-12-23,wti,60.51,USD per barrel,github.com/datasets/oil-prices
2019-12-24,wti,61.17,USD per barrel,github.com/datasets/oil-prices
2019-12-26,wti,61.72,USD per barrel,github.com/datasets/oil-prices
2019-12-27,wti,61.76,USD per barrel,github.com/datasets/oil-prices
2019-12-30,wti,61.66,USD per barrel,github.com/datasets/oil-prices
2019-12-31,wti,61.14,USD per barrel,github.com/datasets/oil-prices
2020-01-02,wti,61.17,USD per barrel,github.com/datasets/oil-prices
2020-01-03,wti,63.0,USD per barrel,github.com/datasets/oil-prices
2020-01-06,wti,63.27,USD per barrel,github.com/datasets/oil-prices
2020-01-07,wti,62.7,USD per barrel,github.com/datasets/oil-prices
2020-01-08,wti,59.65,USD per barrel,github.com/datasets/oil-prices
2020-01-09,wti,59.56,USD per barrel,github.com/datasets/oil-prices
2020-01-10,wti,59.02,USD per barrel,github.com/datasets/oil-prices
2020-01-13,wti,58.17,USD per barrel,github.com/datasets/oil-prices
2020-01-14,wti,58.34,USD per barrel,github.com/datasets/oil-prices
2020-01-15,wti,57.86,USD per barrel,github.com/datasets/oil-prices
2020-01-16,wti,58.52,USD per barrel,github.com/datasets/oil-prices
2020-01-17,wti,58.55,USD per barrel,github.com/datasets/oil-prices
2020-01-21,wti,58.25,USD per barrel,github.com/datasets/oil-prices
2020-01-22,wti,56.76,USD per barrel,github.com/datasets/oil-prices
2020-01-23,wti,55.51,USD per barrel,github.com/datasets/oil-prices
2020-01-24,wti,54.09,USD per barrel,github.com/datasets/oil-prices
2020-01-27,wti,53.09,USD per barrel,github.com/datasets/oil-prices
2020-01-28,wti,53.33,USD per barrel,github.com/datasets/oil-prices
2020-01-29,wti,53.29,USD per barrel,github.com/datasets/oil-prices
2020-01-30,wti,52.19,USD per barrel,github.com/datasets/oil-prices
2020-01-31,wti,51.58,USD per barrel,github.com/datasets/oil-prices
2020-02-03,wti,50.06,USD per barrel,github.com/datasets/oil-prices
2020-02-04,wti,49.59,USD per barrel,github.com/datasets/oil-prices
2020-02-05,wti,50.87,USD per barrel,github.com/datasets/oil-prices
2020-02-06,wti,50.94,USD per barrel,github.com/datasets/oil-prices
2020-02-07,wti,50.34,USD per barrel,github.com/datasets/oil-prices
2020-02-10,wti,49.59,USD per barrel,github.com/datasets/oil-prices
2020-02-11,wti,50.0,USD per barrel,github.com/datasets/oil-prices
2020-02-12,wti,51.13,USD per barrel,github.com/datasets/oil-prices
2020-02-13,wti,51.41,USD per barrel,github.com/datasets/oil-prices
2020-02-14,wti,52.03,USD per barrel,github.com/datasets/oil-prices
2020-02-18,wti,52.1,USD per barrel,github.com/datasets/oil-prices
2020-02-19,wti,53.31,USD per barrel,github.com/datasets/oil-prices
2020-02-20,wti,53.77,USD per barrel,github.com/datasets/oil-prices
2020-02-21,wti,53.36,USD per barrel,github.com/datasets/oil-prices
2020-02-24,wti,51.36,USD per barrel,github.com/datasets/oil-prices
2020-02-25,wti,49.78,USD per barrel,github.com/datasets/oil-prices
2020-02-26,wti,48.67,USD per barrel,github.com/datasets/oil-prices
2020-02-27,wti,47.17,USD per barrel,github.com/datasets/oil-prices
2020-02-28,wti,44.83,USD per barrel,github.com/datasets/oil-prices
2020-03-02,wti,46.78,USD per barrel,github.com/datasets/oil-prices
2020-03-03,wti,47.27,USD per barrel,github.com/datasets/oil-prices
2020-03-04,wti,46.78,USD per barrel,github.com/datasets/oil-prices
2020-03-05,wti,45.9,USD per barrel,github.com/datasets/oil-prices
2020-03-06,wti,41.14,USD per barrel,github.com/datasets/oil-prices
2020-03-09,wti,31.05,USD per barrel,github.com/datasets/oil-prices
2020-03-10,wti,34.47,USD per barrel,github.com/datasets/oil-prices
2020-03-11,wti,33.13,USD per barrel,github.com/datasets/oil-prices
2020-03-12,wti,31.56,USD per barrel,github.com/datasets/oil-prices
2020-03-13,wti,31.72,USD per barrel,github.com/datasets/oil-prices
2020-03-16,wti,28.96,USD per barrel,github.com/datasets/oil-prices
2020-03-17,wti,26.96,USD per barrel,github.com/datasets/oil-prices
2020-03-18,wti,20.48,USD per barrel,github.com/datasets/oil-prices
2020-03-19,wti,25.09,USD per barrel,github.com/datasets/oil-prices
2020-03-20,wti,19.48,USD per barrel,github.com/datasets/oil-prices
2020-03-23,wti,23.33,USD per barrel,github.com/datasets/oil-prices
2020-03-24,wti,21.03,USD per barrel,github.com/datasets/oil-prices
2020-03-25,wti,20.75,USD per barrel,github.com/datasets/oil-prices
2020-03-26,wti,16.6,USD per barrel,github.com/datasets/oil-prices
2020-03-27,wti,15.48,USD per barrel,github.com/datasets/oil-prices
2020-03-30,wti,14.1,USD per barrel,github.com/datasets/oil-prices
2020-03-31,wti,20.51,USD per barrel,github.com/datasets/oil-prices
2020-04-01,wti,20.28,USD per barrel,github.com/datasets/oil-prices
2020-04-02,wti,25.18,USD per barrel,github.com/datasets/oil-prices
2020-04-03,wti,28.36,USD per barrel,github.com/datasets/oil-prices
2020-04-06,wti,26.21,USD per barrel,github.com/datasets/oil-prices
2020-04-07,wti,23.54,USD per barrel,github.com/datasets/oil-prices
2020-04-08,wti,24.97,USD per barrel,github.com/datasets/oil-prices
2020-04-09,wti,22.9,USD per barrel,github.com/datasets/oil-prices
2020-04-13,wti,22.36,USD per barrel,github.com/datasets/oil-prices
2020-04-14,wti,20.15,USD per barrel,github.com/datasets/oil-prices
2020-04-15,wti,19.96,USD per barrel,github.com/datasets/oil-prices
2020-04-16,wti,19.82,USD per barrel,github.com/datasets/oil-prices
2020-04-17,wti,18.31,USD per barrel,github.com/datasets/oil-prices
2020-04-20,wti,-36.98,USD per barrel,github.com/datasets/oil-prices
2020-04-21,wti,8.91,USD per barrel,github.com/datasets/oil-prices
2020-04-22,wti,13.64,USD per barrel,github.com/datasets/oil-prices
2020-04-23,wti,15.06,USD per barrel,github.com/datasets/oil-prices
2020-04-24,wti,15.99,USD per barrel,github.com/datasets/oil-prices
2020-04-27,wti,12.17,USD per barrel,github.com/datasets/oil-prices
2020-04-28,wti,12.4,USD per barrel,github.com/datasets/oil-prices
2020-04-29,wti,15.04,USD per barrel,github.com/datasets/oil-prices
2020-04-30,wti,19.23,USD per barrel,github.com/datasets/oil-prices
2020-05-01,wti,19.72,USD per barrel,github.com/datasets/oil-prices
2020-05-04,wti,20.47,USD per barrel,github.com/datasets/oil-prices
2020-05-05,wti,24.56,USD per barrel,github.com/datasets/oil-prices
2020-05-06,wti,23.88,USD per barrel,github.com/datasets/oil-prices
2020-05-07,wti,23.68,USD per barrel,github.com/datasets/oil-prices
2020-05-08,wti,24.73,USD per barrel,github.com/datasets/oil-prices
2020-05-11,wti,24.02,USD per barrel,github.com/datasets/oil-prices
2020-05-12,wti,25.76,USD per barrel,github.com/datasets/oil-prices
2020-05-13,wti,25.37,USD per barrel,github.com/datasets/oil-prices
2020-05-14,wti,27.4,USD per barrel,github.com/datasets/oil-prices
2020-05-15,wti,29.44,USD per barrel,github.com/datasets/oil-prices
2020-05-18,wti,31.83,USD per barrel,github.com/datasets/oil-prices
2020-05-19,wti,32.3,USD per barrel,github.com/datasets/oil-prices
2020-05-20,wti,33.56,USD per barrel,github.com/datasets/oil-prices
2020-05-21,wti,34.3,USD per barrel,github.com/datasets/oil-prices
2020-05-22,wti,33.49,USD per barrel,github.com/datasets/oil-prices
2020-05-26,wti,34.7,USD per barrel,github.com/datasets/oil-prices
2020-05-27,wti,32.8,USD per barrel,github.com/datasets/oil-prices
2020-05-28,wti,33.67,USD per barrel,github.com/datasets/oil-prices
2020-05-29,wti,35.57,USD per barrel,github.com/datasets/oil-prices
2020-06-01,wti,35.49,USD per barrel,github.com/datasets/oil-prices
2020-06-02,wti,36.88,USD per barrel,github.com/datasets/oil-prices
2020-06-03,wti,37.33,USD per barrel,github.com/datasets/oil-prices
2020-06-04,wti,37.42,USD per barrel,github.com/datasets/oil-prices
2020-06-05,wti,39.49,USD per barrel,github.com/datasets/oil-prices
2020-06-08,wti,38.17,USD per barrel,github.com/datasets/oil-prices
2020-06-09,wti,38.98,USD per barrel,github.com/datasets/oil-prices
2020-06-10,wti,39.54,USD per barrel,github.com/datasets/oil-prices
2020-06-11,wti,36.43,USD per barrel,github.com/datasets/oil-prices
2020-06-12,wti,36.24,USD per barrel,github.com/datasets/oil-prices
2020-06-15,wti,37.07,USD per barrel,github.com/datasets/oil-prices
2020-06-16,wti,38.26,USD per barrel,github.com/datasets/oil-prices
2020-06-17,wti,37.91,USD per barrel,github.com/datasets/oil-prices
2020-06-18,wti,38.79,USD per barrel,github.com/datasets/oil-prices
2020-06-19,wti,39.72,USD per barrel,github.com/datasets/oil-prices
2020-06-22,wti,40.6,USD per barrel,github.com/datasets/oil-prices
2020-06-23,wti,40.4,USD per barrel,github.com/datasets/oil-prices
2020-06-24,wti,37.91,USD per barrel,github.com/datasets/oil-prices
2020-06-25,wti,38.66,USD per barrel,github.com/datasets/oil-prices
2020-06-26,wti,38.53,USD per barrel,github.com/datasets/oil-prices
2020-06-29,wti,39.67,USD per barrel,github.com/datasets/oil-prices
2020-06-30,wti,39.27,USD per barrel,github.com/datasets/oil-prices
2020-07-01,wti,39.88,USD per barrel,github.com/datasets/oil-prices
2020-07-02,wti,40.57,USD per barrel,github.com/datasets/oil-prices
2020-07-06,wti,40.51,USD per barrel,github.com/datasets/oil-prices
2020-07-07,wti,40.59,USD per barrel,github.com/datasets/oil-prices
2020-07-08,wti,40.91,USD per barrel,github.com/datasets/oil-prices
2020-07-09,wti,39.64,USD per barrel,github.com/datasets/oil-prices
2020-07-10,wti,40.56,USD per barrel,github.com/datasets/oil-prices
2020-07-13,wti,40.06,USD per barrel,github.com/datasets/oil-prices
2020-07-14,wti,40.3,USD per barrel,github.com/datasets/oil-prices
2020-07-15,wti,41.2,USD per barrel,github.com/datasets/oil-prices
2020-07-16,wti,40.74,USD per barrel,github.com/datasets/oil-prices
2020-07-17,wti,40.55,USD per barrel,github.com/datasets/oil-prices
2020-07-20,wti,40.83,USD per barrel,github.com/datasets/oil-prices
2020-07-21,wti,41.76,USD per barrel,github.com/datasets/oil-prices
2020-07-22,wti,41.88,USD per barrel,github.com/datasets/oil-prices
2020-07-23,wti,40.99,USD per barrel,github.com/datasets/oil-prices
2020-07-24,wti,41.23,USD per barrel,github.com/datasets/oil-prices
2020-07-27,wti,41.46,USD per barrel,github.com/datasets/oil-prices
2020-07-28,wti,40.89,USD per barrel,github.com/datasets/oil-prices
2020-07-29,wti,41.13,USD per barrel,github.com/datasets/oil-prices
2020-07-30,wti,39.85,USD per barrel,github.com/datasets/oil-prices
2020-07-31,wti,40.1,USD per barrel,github.com/datasets/oil-prices
2020-08-03,wti,40.83,USD per barrel,github.com/datasets/oil-prices
2020-08-04,wti,41.67,USD per barrel,github.com/datasets/oil-prices
2020-08-05,wti,42.25,USD per barrel,github.com/datasets/oil-prices
2020-08-06,wti,41.93,USD per barrel,github.com/datasets/oil-prices
2020-08-07,wti,41.16,USD per barrel,github.com/datasets/oil-prices
2020-08-10,wti,41.94,USD per barrel,github.com/datasets/oil-prices
2020-08-11,wti,41.53,USD per barrel,github.com/datasets/oil-prices
2020-08-12,wti,42.6,USD per barrel,github.com/datasets/oil-prices
2020-08-13,wti,42.26,USD per barrel,github.com/datasets/oil-prices
2020-08-14,wti,42.05,USD per barrel,github.com/datasets/oil-prices
2020-08-17,wti,42.89,USD per barrel,github.com/datasets/oil-prices
2020-08-18,wti,42.89,USD per barrel,github.com/datasets/oil-prices
2020-08-19,wti,42.91,USD per barrel,github.com/datasets/oil-prices
2020-08-20,wti,42.62,USD per barrel,github.com/datasets/oil-prices
2020-08-21,wti,42.32,USD per barrel,github.com/datasets/oil-prices
2020-08-24,wti,42.44,USD per barrel,github.com/datasets/oil-prices
2020-08-25,wti,43.17,USD per barrel,github.com/datasets/oil-prices
2020-08-26,wti,43.21,USD per barrel,github.com/datasets/oil-prices
2020-08-27,wti,42.88,USD per barrel,github.com/datasets/oil-prices
2020-08-28,wti,42.96,USD per barrel,github.com/datasets/oil-prices
2020-08-31,wti,42.61,USD per barrel,github.com/datasets/oil-prices
2020-09-01,wti,42.76,USD per barrel,github.com/datasets/oil-prices
2020-09-02,wti,42.76,USD per barrel,github.com/datasets/oil-prices
2020-09-03,wti,41.39,USD per barrel,github.com/datasets/oil-prices
2020-09-04,wti,39.69,USD per barrel,github.com/datasets/oil-prices
2020-09-08,wti,36.87,USD per barrel,github.com/datasets/oil-prices
2020-09-09,wti,38.05,USD per barrel,github.com/datasets/oil-prices
2020-09-10,wti,37.25,USD per barrel,github.com/datasets/oil-prices
2020-09-11,wti,37.33,USD per barrel,github.com/datasets/oil-prices
2020-09-14,wti,37.23,USD per barrel,github.com/datasets/oil-prices
2020-09-15,wti,38.29,USD per barrel,github.com/datasets/oil-prices
2020-09-16,wti,40.17,USD per barrel,github.com/datasets/oil-prices
2020-09-17,wti,40.99,USD per barrel,github.com/datasets/oil-prices
2020-09-18,wti,41.09,USD per barrel,github.com/datasets/oil-prices
2020-09-21,wti,39.26,USD per barrel,github.com/datasets/oil-prices
2020-09-22,wti,39.55,USD per barrel,github.com/datasets/oil-prices
2020-09-23,wti,39.92,USD per barrel,github.com/datasets/oil-prices
2020-09-24,wti,40.11,USD per barrel,github.com/datasets/oil-prices
2020-09-25,wti,40.06,USD per barrel,github.com/datasets/oil-prices
2020-09-28,wti,40.47,USD per barrel,github.com/datasets/oil-prices
2020-09-29,wti,39.03,USD per barrel,github.com/datasets/oil-prices
2020-09-30,wti,40.05,USD per barrel,github.com/datasets/oil-prices
2020-10-01,wti,38.51,USD per barrel,github.com/datasets/oil-prices
2020-10-02,wti,36.9,USD per barrel,github.com/datasets/oil-prices
2020-10-05,wti,39.12,USD per barrel,github.com/datasets/oil-prices
2020-10-06,wti,40.52,USD per barrel,github.com/datasets/oil-prices
2020-10-07,wti,39.82,USD per barrel,github.com/datasets/oil-prices
2020-10-08,wti,41.04,USD per barrel,github.com/datasets/oil-prices
2020-10-09,wti,40.44,USD per barrel,github.com/datasets/oil-prices
2020-10-12,wti,39.22,USD per barrel,github.com/datasets/oil-prices
2020-10-13,wti,40.03,USD per barrel,github.com/datasets/oil-prices
2020-10-14,wti,40.86,USD per barrel,github.com/datasets/oil-prices
2020-10-15,wti,40.84,USD per barrel,github.com/datasets/oil-prices
2020-10-16,wti,40.7,USD per barrel,github.com/datasets/oil-prices
2020-10-19,wti,40.69,USD per barrel,github.com/datasets/oil-prices
2020-10-20,wti,41.37,USD per barrel,github.com/datasets/oil-prices
2020-10-21,wti,39.88,USD per barrel,github.com/datasets/oil-prices
2020-10-22,wti,40.46,USD per barrel,github.com/datasets/oil-prices
2020-10-23,wti,39.73,USD per barrel,github.com/datasets/oil-prices
2020-10-26,wti,38.39,USD per barrel,github.com/datasets/oil-prices
2020-10-27,wti,39.34,USD per barrel,github.com/datasets/oil-prices
2020-10-28,wti,37.27,USD per barrel,github.com/datasets/oil-prices
2020-10-29,wti,35.94,USD per barrel,github.com/datasets/oil-prices
2020-10-30,wti,35.64,USD per barrel,github.com/datasets/oil-prices
2020-11-02,wti,36.6,USD per barrel,github.com/datasets/oil-prices
2020-11-03,wti,37.44,USD per barrel,github.com/datasets/oil-prices
2020-11-04,wti,38.97,USD per barrel,github.com/datasets/oil-prices
2020-11-05,wti,38.56,USD per barrel,github.com/datasets/oil-prices
2020-11-06,wti,36.97,USD per barrel,github.com/datasets/oil-prices
2020-11-09,wti,40.05,USD per barrel,github.com/datasets/oil-prices
2020-11-10,wti,41.18,USD per barrel,github.com/datasets/oil-prices
2020-11-11,wti,41.23,USD per barrel,github.com/datasets/oil-prices
2020-11-12,wti,40.9,USD per barrel,github.com/datasets/oil-prices
2020-11-13,wti,39.93,USD per barrel,github.com/datasets/oil-prices
2020-11-16,wti,41.14,USD per barrel,github.com/datasets/oil-prices
2020-11-17,wti,41.24,USD per barrel,github.com/datasets/oil-prices
2020-11-18,wti,41.64,USD per barrel,github.com/datasets/oil-prices
2020-11-19,wti,41.57,USD per barrel,github.com/datasets/oil-prices
2020-11-20,wti,41.99,USD per barrel,github.com/datasets/oil-prices
2020-11-23,wti,42.91,USD per barrel,github.com/datasets/oil-prices
2020-11-24,wti,44.71,USD per barrel,github.com/datasets/oil-prices
2020-11-25,wti,45.58,USD per barrel,github.com/datasets/oil-prices
2020-11-30,wti,45.2,USD per barrel,github.com/datasets/oil-prices
2020-12-01,wti,44.54,USD per barrel,github.com/datasets/oil-prices
2020-12-02,wti,45.23,USD per barrel,github.com/datasets/oil-prices
2020-12-03,wti,45.65,USD per barrel,github.com/datasets/oil-prices
2020-12-04,wti,46.23,USD per barrel,github.com/datasets/oil-prices
2020-12-07,wti,45.72,USD per barrel,github.com/datasets/oil-prices
2020-12-08,wti,45.64,USD per barrel,github.com/datasets/oil-prices
2020-12-09,wti,45.48,USD per barrel,github.com/datasets/oil-prices
2020-12-10,wti,46.76,USD per barrel,github.com/datasets/oil-prices
2020-12-11,wti,46.59,USD per barrel,github.com/datasets/oil-prices
2020-12-14,wti,47.02,USD per barrel,github.com/datasets/oil-prices
2020-12-15,wti,47.58,USD per barrel,github.com/datasets/oil-prices
2020-12-16,wti,47.86,USD per barrel,github.com/datasets/oil-prices
2020-12-17,wti,48.34,USD per barrel,github.com/datasets/oil-prices
2020-12-18,wti,49.04,USD per barrel,github.com/datasets/oil-prices
2020-12-21,wti,47.79,USD per barrel,github.com/datasets/oil-prices
2020-12-22,wti,47.02,USD per barrel,github.com/datasets/oil-prices
2020-12-23,wti,47.94,USD per barrel,github.com/datasets/oil-prices
2020-12-24,wti,48.18,USD per barrel,github.com/datasets/oil-prices
2020-12-28,wti,47.5,USD per barrel,github.com/datasets/oil-prices
2020-12-29,wti,47.85,USD per barrel,github.com/datasets/oil-prices
2020-12-30,wti,48.24,USD per barrel,github.com/datasets/oil-prices
2020-12-31,wti,48.35,USD per barrel,github.com/datasets/oil-prices
2021-01-04,wti,47.47,USD per barrel,github.com/datasets/oil-prices
2021-01-05,wti,49.78,USD per barrel,github.com/datasets/oil-prices
2021-01-06,wti,50.45,USD per barrel,github.com/datasets/oil-prices
2021-01-07,wti,50.63,USD per barrel,github.com/datasets/oil-prices
2021-01-08,wti,52.14,USD per barrel,github.com/datasets/oil-prices
2021-01-11,wti,52.15,USD per barrel,github.com/datasets/oil-prices
2021-01-12,wti,53.08,USD per barrel,github.com/datasets/oil-prices
2021-01-13,wti,52.81,USD per barrel,github.com/datasets/oil-prices
2021-01-14,wti,53.47,USD per barrel,github.com/datasets/oil-prices
2021-01-15,wti,52.25,USD per barrel,github.com/datasets/oil-prices
2021-01-19,wti,52.87,USD per barrel,github.com/datasets/oil-prices
2021-01-20,wti,53.16,USD per barrel,github.com/datasets/oil-prices
2021-01-21,wti,53.0,USD per barrel,github.com/datasets/oil-prices
2021-01-22,wti,52.28,USD per barrel,github.com/datasets/oil-prices
2021-01-25,wti,52.78,USD per barrel,github.com/datasets/oil-prices
2021-01-26,wti,52.61,USD per barrel,github.com/datasets/oil-prices
2021-01-27,wti,52.81,USD per barrel,github.com/datasets/oil-prices
2021-01-28,wti,52.26,USD per barrel,github.com/datasets/oil-prices
2021-01-29,wti,52.16,USD per barrel,github.com/datasets/oil-prices
2021-02-01,wti,53.55,USD per barrel,github.com/datasets/oil-prices
2021-02-02,wti,54.77,USD per barrel,github.com/datasets/oil-prices
2021-02-03,wti,55.67,USD per barrel,github.com/datasets/oil-prices
2021-02-04,wti,56.19,USD per barrel,github.com/datasets/oil-prices
2021-02-05,wti,56.8,USD per barrel,github.com/datasets/oil-prices
2021-02-08,wti,57.95,USD per barrel,github.com/datasets/oil-prices
2021-02-09,wti,58.34,USD per barrel,github.com/datasets/oil-prices
2021-02-10,wti,58.69,USD per barrel,github.com/datasets/oil-prices
2021-02-11,wti,58.22,USD per barrel,github.com/datasets/oil-prices
2021-02-12,wti,59.5,USD per barrel,github.com/datasets/oil-prices
2021-02-16,wti,60.07,USD per barrel,github.com/datasets/oil-prices
2021-02-17,wti,61.09,USD per barrel,github.com/datasets/oil-prices
2021-02-18,wti,60.4,USD per barrel,github.com/datasets/oil-prices
2021-02-19,wti,59.12,USD per barrel,github.com/datasets/oil-prices
2021-02-22,wti,61.67,USD per barrel,github.com/datasets/oil-prices
2021-02-23,wti,61.66,USD per barrel,github.com/datasets/oil-prices
2021-02-24,wti,63.21,USD per barrel,github.com/datasets/oil-prices
2021-02-25,wti,63.43,USD per barrel,github.com/datasets/oil-prices
2021-02-26,wti,61.55,USD per barrel,github.com/datasets/oil-prices
2021-03-01,wti,60.54,USD per barrel,github.com/datasets/oil-prices
2021-03-02,wti,59.7,USD per barrel,github.com/datasets/oil-prices
2021-03-03,wti,61.33,USD per barrel,github.com/datasets/oil-prices
2021-03-04,wti,63.81,USD per barrel,github.com/datasets/oil-prices
2021-03-05,wti,66.08,USD per barrel,github.com/datasets/oil-prices
2021-03-08,wti,65.03,USD per barrel,github.com/datasets/oil-prices
2021-03-09,wti,64.02,USD per barrel,github.com/datasets/oil-prices
2021-03-10,wti,64.45,USD per barrel,github.com/datasets/oil-prices
2021-03-11,wti,66.02,USD per barrel,github.com/datasets/oil-prices
2021-03-12,wti,65.59,USD per barrel,github.com/datasets/oil-prices
2021-03-15,wti,65.36,USD per barrel,github.com/datasets/oil-prices
2021-03-16,wti,64.82,USD per barrel,github.com/datasets/oil-prices
2021-03-17,wti,64.55,USD per barrel,github.com/datasets/oil-prices
2021-03-18,wti,59.95,USD per barrel,github.com/datasets/oil-prices
2021-03-19,wti,61.43,USD per barrel,github.com/datasets/oil-prices
2021-03-22,wti,61.48,USD per barrel,github.com/datasets/oil-prices
2021-03-23,wti,57.75,USD per barrel,github.com/datasets/oil-prices
2021-03-24,wti,61.12,USD per barrel,github.com/datasets/oil-prices
2021-03-25,wti,58.47,USD per barrel,github.com/datasets/oil-prices
2021-03-26,wti,60.93,USD per barrel,github.com/datasets/oil-prices
2021-03-29,wti,61.49,USD per barrel,github.com/datasets/oil-prices
2021-03-30,wti,60.55,USD per barrel,github.com/datasets/oil-prices
2021-03-31,wti,59.19,USD per barrel,github.com/datasets/oil-prices
2021-04-01,wti,61.41,USD per barrel,github.com/datasets/oil-prices
2021-04-05,wti,58.73,USD per barrel,github.com/datasets/oil-prices
2021-04-06,wti,59.34,USD per barrel,github.com/datasets/oil-prices
2021-04-07,wti,59.77,USD per barrel,github.com/datasets/oil-prices
2021-04-08,wti,59.61,USD per barrel,github.com/datasets/oil-prices
2021-04-09,wti,59.29,USD per barrel,github.com/datasets/oil-prices
2021-04-12,wti,59.7,USD per barrel,github.com/datasets/oil-prices
2021-04-13,wti,60.2,USD per barrel,github.com/datasets/oil-prices
2021-04-14,wti,63.15,USD per barrel,github.com/datasets/oil-prices
2021-04-15,wti,63.42,USD per barrel,github.com/datasets/oil-prices
2021-04-16,wti,63.16,USD per barrel,github.com/datasets/oil-prices
2021-04-19,wti,63.33,USD per barrel,github.com/datasets/oil-prices
2021-04-20,wti,62.61,USD per barrel,github.com/datasets/oil-prices
2021-04-21,wti,61.34,USD per barrel,github.com/datasets/oil-prices
2021-04-22,wti,61.45,USD per barrel,github.com/datasets/oil-prices
2021-04-23,wti,62.18,USD per barrel,github.com/datasets/oil-prices
2021-04-26,wti,62.02,USD per barrel,github.com/datasets/oil-prices
2021-04-27,wti,63.03,USD per barrel,github.com/datasets/oil-prices
2021-04-28,wti,63.81,USD per barrel,github.com/datasets/oil-prices
2021-04-29,wti,65.0,USD per barrel,github.com/datasets/oil-prices
2021-04-30,wti,63.5,USD per barrel,github.com/datasets/oil-prices
2021-05-03,wti,64.46,USD per barrel,github.com/datasets/oil-prices
2021-05-04,wti,65.72,USD per barrel,github.com/datasets/oil-prices
2021-05-05,wti,65.63,USD per barrel,github.com/datasets/oil-prices
2021-05-06,wti,64.73,USD per barrel,github.com/datasets/oil-prices
2021-05-07,wti,64.96,USD per barrel,github.com/datasets/oil-prices
2021-05-10,wti,64.92,USD per barrel,github.com/datasets/oil-prices
2021-05-11,wti,65.31,USD per barrel,github.com/datasets/oil-prices
2021-05-12,wti,65.96,USD per barrel,github.com/datasets/oil-prices
2021-05-13,wti,63.82,USD per barrel,github.com/datasets/oil-prices
2021-05-14,wti,65.32,USD per barrel,github.com/datasets/oil-prices
2021-05-17,wti,66.24,USD per barrel,github.com/datasets/oil-prices
2021-05-18,wti,65.49,USD per barrel,github.com/datasets/oil-prices
2021-05-19,wti,63.28,USD per barrel,github.com/datasets/oil-prices
2021-05-20,wti,61.95,USD per barrel,github.com/datasets/oil-prices
2021-05-21,wti,63.61,USD per barrel,github.com/datasets/oil-prices
2021-05-24,wti,66.13,USD per barrel,github.com/datasets/oil-prices
2021-05-25,wti,66.27,USD per barrel,github.com/datasets/oil-prices
2021-05-26,wti,66.41,USD per barrel,github.com/datasets/oil-prices
2021-05-27,wti,66.87,USD per barrel,github.com/datasets/oil-prices
2021-05-28,wti,66.31,USD per barrel,github.com/datasets/oil-prices
2021-06-01,wti,67.8,USD per barrel,github.com/datasets/oil-prices
2021-06-02,wti,68.79,USD per barrel,github.com/datasets/oil-prices
2021-06-03,wti,68.81,USD per barrel,github.com/datasets/oil-prices
2021-06-04,wti,69.57,USD per barrel,github.com/datasets/oil-prices
2021-06-07,wti,69.21,USD per barrel,github.com/datasets/oil-prices
2021-06-08,wti,70.11,USD per barrel,github.com/datasets/oil-prices
2021-06-09,wti,69.9,USD per barrel,github.com/datasets/oil-prices
2021-06-10,wti,70.34,USD per barrel,github.com/datasets/oil-prices
2021-06-11,wti,71.0,USD per barrel,github.com/datasets/oil-prices
2021-06-14,wti,70.94,USD per barrel,github.com/datasets/oil-prices
2021-06-15,wti,72.06,USD per barrel,github.com/datasets/oil-prices
2021-06-16,wti,72.03,USD per barrel,github.com/datasets/oil-prices
2021-06-17,wti,71.06,USD per barrel,github.com/datasets/oil-prices
2021-06-18,wti,71.64,USD per barrel,github.com/datasets/oil-prices
2021-06-21,wti,73.64,USD per barrel,github.com/datasets/oil-prices
2021-06-22,wti,73.15,USD per barrel,github.com/datasets/oil-prices
2021-06-23,wti,73.11,USD per barrel,github.com/datasets/oil-prices
2021-06-24,wti,73.31,USD per barrel,github.com/datasets/oil-prices
2021-06-25,wti,74.21,USD per barrel,github.com/datasets/oil-prices
2021-06-28,wti,72.98,USD per barrel,github.com/datasets/oil-prices
2021-06-29,wti,73.14,USD per barrel,github.com/datasets/oil-prices
2021-06-30,wti,73.52,USD per barrel,github.com/datasets/oil-prices
2021-07-01,wti,75.33,USD per barrel,github.com/datasets/oil-prices
2021-07-02,wti,75.37,USD per barrel,github.com/datasets/oil-prices
2021-07-06,wti,73.62,USD per barrel,github.com/datasets/oil-prices
2021-07-07,wti,72.22,USD per barrel,github.com/datasets/oil-prices
2021-07-08,wti,72.98,USD per barrel,github.com/datasets/oil-prices
2021-07-09,wti,74.56,USD per barrel,github.com/datasets/oil-prices
2021-07-12,wti,74.21,USD per barrel,github.com/datasets/oil-prices
2021-07-13,wti,75.24,USD per barrel,github.com/datasets/oil-prices
2021-07-14,wti,73.06,USD per barrel,github.com/datasets/oil-prices
2021-07-15,wti,71.67,USD per barrel,github.com/datasets/oil-prices
2021-07-16,wti,71.76,USD per barrel,github.com/datasets/oil-prices
2021-07-19,wti,66.45,USD per barrel,github.com/datasets/oil-prices
2021-07-20,wti,67.32,USD per barrel,github.com/datasets/oil-prices
2021-07-21,wti,70.26,USD per barrel,github.com/datasets/oil-prices
2021-07-22,wti,72.15,USD per barrel,github.com/datasets/oil-prices
2021-07-23,wti,72.24,USD per barrel,github.com/datasets/oil-prices
2021-07-26,wti,72.15,USD per barrel,github.com/datasets/oil-prices
2021-07-27,wti,71.68,USD per barrel,github.com/datasets/oil-prices
2021-07-28,wti,72.37,USD per barrel,github.com/datasets/oil-prices
2021-07-29,wti,73.62,USD per barrel,github.com/datasets/oil-prices
2021-07-30,wti,73.93,USD per barrel,github.com/datasets/oil-prices
2021-08-02,wti,71.31,USD per barrel,github.com/datasets/oil-prices
2021-08-03,wti,70.64,USD per barrel,github.com/datasets/oil-prices
2021-08-04,wti,68.19,USD per barrel,github.com/datasets/oil-prices
2021-08-05,wti,69.1,USD per barrel,github.com/datasets/oil-prices
2021-08-06,wti,68.26,USD per barrel,github.com/datasets/oil-prices
2021-08-09,wti,66.56,USD per barrel,github.com/datasets/oil-prices
2021-08-10,wti,68.33,USD per barrel,github.com/datasets/oil-prices
2021-08-11,wti,69.3,USD per barrel,github.com/datasets/oil-prices
2021-08-12,wti,69.12,USD per barrel,github.com/datasets/oil-prices
2021-08-13,wti,68.36,USD per barrel,github.com/datasets/oil-prices
2021-08-16,wti,67.44,USD per barrel,github.com/datasets/oil-prices
2021-08-17,wti,66.5,USD per barrel,github.com/datasets/oil-prices
2021-08-18,wti,65.36,USD per barrel,github.com/datasets/oil-prices
2021-08-19,wti,63.69,USD per barrel,github.com/datasets/oil-prices
2021-08-20,wti,62.25,USD per barrel,github.com/datasets/oil-prices
2021-08-23,wti,65.65,USD per barrel,github.com/datasets/oil-prices
2021-08-24,wti,67.5,USD per barrel,github.com/datasets/oil-prices
2021-08-25,wti,68.54,USD per barrel,github.com/datasets/oil-prices
2021-08-26,wti,67.42,USD per barrel,github.com/datasets/oil-prices
2021-08-27,wti,68.84,USD per barrel,github.com/datasets/oil-prices
2021-08-30,wti,69.28,USD per barrel,github.com/datasets/oil-prices
2021-08-31,wti,68.43,USD per barrel,github.com/datasets/oil-prices
2021-09-01,wti,68.63,USD per barrel,github.com/datasets/oil-prices
2021-09-02,wti,70.07,USD per barrel,github.com/datasets/oil-prices
2021-09-03,wti,69.34,USD per barrel,github.com/datasets/oil-prices
2021-09-07,wti,68.49,USD per barrel,github.com/datasets/oil-prices
2021-09-08,wti,69.36,USD per barrel,github.com/datasets/oil-prices
2021-09-09,wti,68.26,USD per barrel,github.com/datasets/oil-prices
2021-09-10,wti,69.82,USD per barrel,github.com/datasets/oil-prices
2021-09-13,wti,70.54,USD per barrel,github.com/datasets/oil-prices
2021-09-14,wti,70.53,USD per barrel,github.com/datasets/oil-prices
2021-09-15,wti,72.59,USD per barrel,github.com/datasets/oil-prices
2021-09-16,wti,72.69,USD per barrel,github.com/datasets/oil-prices
2021-09-17,wti,72.09,USD per barrel,github.com/datasets/oil-prices
2021-09-20,wti,70.41,USD per barrel,github.com/datasets/oil-prices
2021-09-21,wti,70.51,USD per barrel,github.com/datasets/oil-prices
2021-09-22,wti,72.37,USD per barrel,github.com/datasets/oil-prices
2021-09-23,wti,73.43,USD per barrel,github.com/datasets/oil-prices
2021-09-24,wti,74.18,USD per barrel,github.com/datasets/oil-prices
2021-09-27,wti,75.54,USD per barrel,github.com/datasets/oil-prices
2021-09-28,wti,75.44,USD per barrel,github.com/datasets/oil-prices
2021-09-29,wti,75.06,USD per barrel,github.com/datasets/oil-prices
2021-09-30,wti,75.22,USD per barrel,github.com/datasets/oil-prices
2021-10-01,wti,76.01,USD per barrel,github.com/datasets/oil-prices
2021-10-04,wti,77.68,USD per barrel,github.com/datasets/oil-prices
2021-10-05,wti,79.17,USD per barrel,github.com/datasets/oil-prices
2021-10-06,wti,77.66,USD per barrel,github.com/datasets/oil-prices
2021-10-07,wti,78.46,USD per barrel,github.com/datasets/oil-prices
2021-10-08,wti,79.55,USD per barrel,github.com/datasets/oil-prices
2021-10-11,wti,80.64,USD per barrel,github.com/datasets/oil-prices
2021-10-12,wti,80.75,USD per barrel,github.com/datasets/oil-prices
2021-10-13,wti,80.67,USD per barrel,github.com/datasets/oil-prices
2021-10-14,wti,81.43,USD per barrel,github.com/datasets/oil-prices
2021-10-15,wti,82.39,USD per barrel,github.com/datasets/oil-prices
2021-10-18,wti,82.62,USD per barrel,github.com/datasets/oil-prices
2021-10-19,wti,83.19,USD per barrel,github.com/datasets/oil-prices
2021-10-20,wti,84.4,USD per barrel,github.com/datasets/oil-prices
2021-10-21,wti,82.64,USD per barrel,github.com/datasets/oil-prices
2021-10-22,wti,84.53,USD per barrel,github.com/datasets/oil-prices
2021-10-25,wti,84.64,USD per barrel,github.com/datasets/oil-prices
2021-10-26,wti,85.64,USD per barrel,github.com/datasets/oil-prices
2021-10-27,wti,82.66,USD per barrel,github.com/datasets/oil-prices
2021-10-28,wti,82.78,USD per barrel,github.com/datasets/oil-prices
2021-10-29,wti,83.5,USD per barrel,github.com/datasets/oil-prices
2021-11-01,wti,84.08,USD per barrel,github.com/datasets/oil-prices
2021-11-02,wti,83.91,USD per barrel,github.com/datasets/oil-prices
2021-11-03,wti,80.82,USD per barrel,github.com/datasets/oil-prices
2021-11-04,wti,78.88,USD per barrel,github.com/datasets/oil-prices
2021-11-05,wti,81.25,USD per barrel,github.com/datasets/oil-prices
2021-11-08,wti,81.96,USD per barrel,github.com/datasets/oil-prices
2021-11-09,wti,84.12,USD per barrel,github.com/datasets/oil-prices
2021-11-10,wti,81.23,USD per barrel,github.com/datasets/oil-prices
2021-11-11,wti,81.47,USD per barrel,github.com/datasets/oil-prices
2021-11-12,wti,80.87,USD per barrel,github.com/datasets/oil-prices
2021-11-15,wti,80.85,USD per barrel,github.com/datasets/oil-prices
2021-11-16,wti,80.76,USD per barrel,github.com/datasets/oil-prices
2021-11-17,wti,78.32,USD per barrel,github.com/datasets/oil-prices
2021-11-18,wti,78.92,USD per barrel,github.com/datasets/oil-prices
2021-11-19,wti,76.11,USD per barrel,github.com/datasets/oil-prices
2021-11-22,wti,76.74,USD per barrel,github.com/datasets/oil-prices
2021-11-23,wti,78.32,USD per barrel,github.com/datasets/oil-prices
2021-11-24,wti,78.32,USD per barrel,github.com/datasets/oil-prices
2021-11-29,wti,69.88,USD per barrel,github.com/datasets/oil-prices
2021-11-30,wti,66.14,USD per barrel,github.com/datasets/oil-prices
2021-12-01,wti,65.44,USD per barrel,github.com/datasets/oil-prices
2021-12-02,wti,66.6,USD per barrel,github.com/datasets/oil-prices
2021-12-03,wti,66.39,USD per barrel,github.com/datasets/oil-prices
2021-12-06,wti,69.62,USD per barrel,github.com/datasets/oil-prices
2021-12-07,wti,71.94,USD per barrel,github.com/datasets/oil-prices
2021-12-08,wti,72.43,USD per barrel,github.com/datasets/oil-prices
2021-12-09,wti,70.87,USD per barrel,github.com/datasets/oil-prices
2021-12-10,wti,71.71,USD per barrel,github.com/datasets/oil-prices
2021-12-13,wti,71.19,USD per barrel,github.com/datasets/oil-prices
2021-12-14,wti,70.57,USD per barrel,github.com/datasets/oil-prices
2021-12-15,wti,70.89,USD per barrel,github.com/datasets/oil-prices
2021-12-16,wti,72.34,USD per barrel,github.com/datasets/oil-prices
2021-12-17,wti,70.93,USD per barrel,github.com/datasets/oil-prices
2021-12-20,wti,68.69,USD per barrel,github.com/datasets/oil-prices
2021-12-21,wti,71.1,USD per barrel,github.com/datasets/oil-prices
2021-12-22,wti,72.82,USD per barrel,github.com/datasets/oil-prices
2021-12-23,wti,73.89,USD per barrel,github.com/datasets/oil-prices
2021-12-27,wti,75.49,USD per barrel,github.com/datasets/oil-prices
2021-12-28,wti,76.01,USD per barrel,github.com/datasets/oil-prices
2021-12-29,wti,76.58,USD per barrel,github.com/datasets/oil-prices
2021-12-30,wti,76.83,USD per barrel,github.com/datasets/oil-prices
2021-12-31,wti,75.33,USD per barrel,github.com/datasets/oil-prices
2022-01-03,wti,75.99,USD per barrel,github.com/datasets/oil-prices
2022-01-04,wti,77.0,USD per barrel,github.com/datasets/oil-prices
2022-01-05,wti,77.83,USD per barrel,github.com/datasets/oil-prices
2022-01-06,wti,79.47,USD per barrel,github.com/datasets/oil-prices
2022-01-07,wti,79.0,USD per barrel,github.com/datasets/oil-prices
2022-01-10,wti,78.11,USD per barrel,github.com/datasets/oil-prices
2022-01-11,wti,81.17,USD per barrel,github.com/datasets/oil-prices
2022-01-12,wti,82.51,USD per barrel,github.com/datasets/oil-prices
2022-01-13,wti,81.97,USD per barrel,github.com/datasets/oil-prices
2022-01-14,wti,83.82,USD per barrel,github.com/datasets/oil-prices
2022-01-18,wti,85.42,USD per barrel,github.com/datasets/oil-prices
2022-01-19,wti,86.84,USD per barrel,github.com/datasets/oil-prices
2022-01-20,wti,86.29,USD per barrel,github.com/datasets/oil-prices
2022-01-21,wti,85.16,USD per barrel,github.com/datasets/oil-prices
2022-01-24,wti,84.48,USD per barrel,github.com/datasets/oil-prices
2022-01-25,wti,86.61,USD per barrel,github.com/datasets/oil-prices
2022-01-26,wti,88.33,USD per barrel,github.com/datasets/oil-prices
2022-01-27,wti,87.61,USD per barrel,github.com/datasets/oil-prices
2022-01-28,wti,87.67,USD per barrel,github.com/datasets/oil-prices
2022-01-31,wti,89.16,USD per barrel,github.com/datasets/oil-prices
2022-02-01,wti,88.22,USD per barrel,github.com/datasets/oil-prices
2022-02-02,wti,88.16,USD per barrel,github.com/datasets/oil-prices
2022-02-03,wti,90.17,USD per barrel,github.com/datasets/oil-prices
2022-02-04,wti,92.27,USD per barrel,github.com/datasets/oil-prices
2022-02-07,wti,91.25,USD per barrel,github.com/datasets/oil-prices
2022-02-08,wti,89.32,USD per barrel,github.com/datasets/oil-prices
2022-02-09,wti,89.57,USD per barrel,github.com/datasets/oil-prices
2022-02-10,wti,89.83,USD per barrel,github.com/datasets/oil-prices
2022-02-11,wti,93.1,USD per barrel,github.com/datasets/oil-prices
2022-02-14,wti,95.52,USD per barrel,github.com/datasets/oil-prices
2022-02-15,wti,92.07,USD per barrel,github.com/datasets/oil-prices
2022-02-16,wti,93.83,USD per barrel,github.com/datasets/oil-prices
2022-02-17,wti,91.78,USD per barrel,github.com/datasets/oil-prices
2022-02-18,wti,91.26,USD per barrel,github.com/datasets/oil-prices
2022-02-22,wti,92.11,USD per barrel,github.com/datasets/oil-prices
2022-02-23,wti,92.14,USD per barrel,github.com/datasets/oil-prices
2022-02-24,wti,92.77,USD per barrel,github.com/datasets/oil-prices
2022-02-25,wti,91.68,USD per barrel,github.com/datasets/oil-prices
2022-02-28,wti,96.13,USD per barrel,github.com/datasets/oil-prices
2022-03-01,wti,103.66,USD per barrel,github.com/datasets/oil-prices
2022-03-02,wti,110.74,USD per barrel,github.com/datasets/oil-prices
2022-03-03,wti,107.69,USD per barrel,github.com/datasets/oil-prices
2022-03-04,wti,115.77,USD per barrel,github.com/datasets/oil-prices
2022-03-07,wti,119.26,USD per barrel,github.com/datasets/oil-prices
2022-03-08,wti,123.64,USD per barrel,github.com/datasets/oil-prices
2022-03-09,wti,108.81,USD per barrel,github.com/datasets/oil-prices
2022-03-10,wti,105.93,USD per barrel,github.com/datasets/oil-prices
2022-03-11,wti,109.31,USD per barrel,github.com/datasets/oil-prices
2022-03-14,wti,103.22,USD per barrel,github.com/datasets/oil-prices
2022-03-15,wti,96.42,USD per barrel,github.com/datasets/oil-prices
2022-03-16,wti,94.85,USD per barrel,github.com/datasets/oil-prices
2022-03-17,wti,102.97,USD per barrel,github.com/datasets/oil-prices
2022-03-18,wti,104.69,USD per barrel,github.com/datasets/oil-prices
2022-03-21,wti,112.14,USD per barrel,github.com/datasets/oil-prices
2022-03-22,wti,111.03,USD per barrel,github.com/datasets/oil-prices
2022-03-23,wti,114.89,USD per barrel,github.com/datasets/oil-prices
2022-03-24,wti,114.2,USD per barrel,github.com/datasets/oil-prices
2022-03-25,wti,116.2,USD per barrel,github.com/datasets/oil-prices
2022-03-28,wti,107.55,USD per barrel,github.com/datasets/oil-prices
2022-03-29,wti,104.25,USD per barrel,github.com/datasets/oil-prices
2022-03-30,wti,107.81,USD per barrel,github.com/datasets/oil-prices
2022-03-31,wti,100.53,USD per barrel,github.com/datasets/oil-prices
2022-04-01,wti,99.32,USD per barrel,github.com/datasets/oil-prices
2022-04-04,wti,103.29,USD per barrel,github.com/datasets/oil-prices
2022-04-05,wti,101.98,USD per barrel,github.com/datasets/oil-prices
2022-04-06,wti,96.39,USD per barrel,github.com/datasets/oil-prices
2022-04-07,wti,96.05,USD per barrel,github.com/datasets/oil-prices
2022-04-08,wti,98.35,USD per barrel,github.com/datasets/oil-prices
2022-04-11,wti,94.22,USD per barrel,github.com/datasets/oil-prices
2022-04-12,wti,100.52,USD per barrel,github.com/datasets/oil-prices
2022-04-13,wti,104.26,USD per barrel,github.com/datasets/oil-prices
2022-04-14,wti,106.84,USD per barrel,github.com/datasets/oil-prices
2022-04-18,wti,108.24,USD per barrel,github.com/datasets/oil-prices
2022-04-19,wti,102.54,USD per barrel,github.com/datasets/oil-prices
2022-04-20,wti,102.56,USD per barrel,github.com/datasets/oil-prices
2022-04-21,wti,103.89,USD per barrel,github.com/datasets/oil-prices
2022-04-22,wti,102.86,USD per barrel,github.com/datasets/oil-prices
2022-04-25,wti,99.6,USD per barrel,github.com/datasets/oil-prices
2022-04-26,wti,102.62,USD per barrel,github.com/datasets/oil-prices
2022-04-27,wti,101.96,USD per barrel,github.com/datasets/oil-prices
2022-04-28,wti,105.47,USD per barrel,github.com/datasets/oil-prices
2022-04-29,wti,104.59,USD per barrel,github.com/datasets/oil-prices
2022-05-02,wti,105.18,USD per barrel,github.com/datasets/oil-prices
2022-05-03,wti,102.53,USD per barrel,github.com/datasets/oil-prices
2022-05-04,wti,107.84,USD per barrel,github.com/datasets/oil-prices
2022-05-05,wti,108.17,USD per barrel,github.com/datasets/oil-prices
2022-05-06,wti,109.72,USD per barrel,github.com/datasets/oil-prices
2022-05-09,wti,103.08,USD per barrel,github.com/datasets/oil-prices
2022-05-10,wti,99.74,USD per barrel,github.com/datasets/oil-prices
2022-05-11,wti,105.5,USD per barrel,github.com/datasets/oil-prices
2022-05-12,wti,106.15,USD per barrel,github.com/datasets/oil-prices
2022-05-13,wti,110.52,USD per barrel,github.com/datasets/oil-prices
2022-05-16,wti,114.07,USD per barrel,github.com/datasets/oil-prices
2022-05-17,wti,112.31,USD per barrel,github.com/datasets/oil-prices
2022-05-18,wti,109.67,USD per barrel,github.com/datasets/oil-prices
2022-05-19,wti,112.21,USD per barrel,github.com/datasets/oil-prices
2022-05-20,wti,112.63,USD per barrel,github.com/datasets/oil-prices
2022-05-23,wti,110.32,USD per barrel,github.com/datasets/oil-prices
2022-05-24,wti,112.55,USD per barrel,github.com/datasets/oil-prices
2022-05-25,wti,112.88,USD per barrel,github.com/datasets/oil-prices
2022-05-26,wti,116.19,USD per barrel,github.com/datasets/oil-prices
2022-05-27,wti,114.96,USD per barrel,github.com/datasets/oil-prices
2022-05-31,wti,114.38,USD per barrel,github.com/datasets/oil-prices
2022-06-01,wti,115.26,USD per barrel,github.com/datasets/oil-prices
2022-06-02,wti,116.88,USD per barrel,github.com/datasets/oil-prices
2022-06-03,wti,118.97,USD per barrel,github.com/datasets/oil-prices
2022-06-06,wti,118.41,USD per barrel,github.com/datasets/oil-prices
2022-06-07,wti,119.55,USD per barrel,github.com/datasets/oil-prices
2022-06-08,wti,121.94,USD per barrel,github.com/datasets/oil-prices
2022-06-09,wti,121.52,USD per barrel,github.com/datasets/oil-prices
2022-06-10,wti,120.73,USD per barrel,github.com/datasets/oil-prices
2022-06-13,wti,120.92,USD per barrel,github.com/datasets/oil-prices
2022-06-14,wti,118.92,USD per barrel,github.com/datasets/oil-prices
2022-06-15,wti,115.32,USD per barrel,github.com/datasets/oil-prices
2022-06-16,wti,117.56,USD per barrel,github.com/datasets/oil-prices
2022-06-17,wti,109.56,USD per barrel,github.com/datasets/oil-prices
2022-06-21,wti,110.49,USD per barrel,github.com/datasets/oil-prices
2022-06-22,wti,106.22,USD per barrel,github.com/datasets/oil-prices
2022-06-23,wti,105.75,USD per barrel,github.com/datasets/oil-prices
2022-06-24,wti,109.07,USD per barrel,github.com/datasets/oil-prices
2022-06-27,wti,111.44,USD per barrel,github.com/datasets/oil-prices
2022-06-28,wti,113.66,USD per barrel,github.com/datasets/oil-prices
2022-06-29,wti,111.65,USD per barrel,github.com/datasets/oil-prices
2022-06-30,wti,107.76,USD per barrel,github.com/datasets/oil-prices
2022-07-01,wti,110.3,USD per barrel,github.com/datasets/oil-prices
2022-07-05,wti,101.55,USD per barrel,github.com/datasets/oil-prices
2022-07-06,wti,100.31,USD per barrel,github.com/datasets/oil-prices
2022-07-07,wti,104.62,USD per barrel,github.com/datasets/oil-prices
2022-07-08,wti,106.78,USD per barrel,github.com/datasets/oil-prices
2022-07-11,wti,106.09,USD per barrel,github.com/datasets/oil-prices
2022-07-12,wti,97.69,USD per barrel,github.com/datasets/oil-prices
2022-07-13,wti,98.44,USD per barrel,github.com/datasets/oil-prices
2022-07-14,wti,97.79,USD per barrel,github.com/datasets/oil-prices
2022-07-15,wti,99.59,USD per barrel,github.com/datasets/oil-prices
2022-07-18,wti,104.48,USD per barrel,github.com/datasets/oil-prices
2022-07-19,wti,106.12,USD per barrel,github.com/datasets/oil-prices
2022-07-20,wti,104.45,USD per barrel,github.com/datasets/oil-prices
2022-07-21,wti,98.44,USD per barrel,github.com/datasets/oil-prices
2022-07-22,wti,97.71,USD per barrel,github.com/datasets/oil-prices
2022-07-25,wti,99.83,USD per barrel,github.com/datasets/oil-prices
2022-07-26,wti,97.74,USD per barrel,github.com/datasets/oil-prices
2022-07-27,wti,100.03,USD per barrel,github.com/datasets/oil-prices
2022-07-28,wti,99.11,USD per barrel,github.com/datasets/oil-prices
2022-07-29,wti,101.31,USD per barrel,github.com/datasets/oil-prices
2022-08-01,wti,96.59,USD per barrel,github.com/datasets/oil-prices
2022-08-02,wti,97.14,USD per barrel,github.com/datasets/oil-prices
2022-08-03,wti,93.25,USD per barrel,github.com/datasets/oil-prices
2022-08-04,wti,91.29,USD per barrel,github.com/datasets/oil-prices
2022-08-05,wti,91.77,USD per barrel,github.com/datasets/oil-prices
2022-08-08,wti,93.52,USD per barrel,github.com/datasets/oil-prices
2022-08-09,wti,93.18,USD per barrel,github.com/datasets/oil-prices
2022-08-10,wti,94.68,USD per barrel,github.com/datasets/oil-prices
2022-08-11,wti,97.02,USD per barrel,github.com/datasets/oil-prices
2022-08-12,wti,94.86,USD per barrel,github.com/datasets/oil-prices
2022-08-15,wti,92.24,USD per barrel,github.com/datasets/oil-prices
2022-08-16,wti,89.23,USD per barrel,github.com/datasets/oil-prices
2022-08-17,wti,90.85,USD per barrel,github.com/datasets/oil-prices
2022-08-18,wti,93.2,USD per barrel,github.com/datasets/oil-prices
2022-08-19,wti,93.55,USD per barrel,github.com/datasets/oil-prices
2022-08-22,wti,93.42,USD per barrel,github.com/datasets/oil-prices
2022-08-23,wti,96.46,USD per barrel,github.com/datasets/oil-prices
2022-08-24,wti,95.52,USD per barrel,github.com/datasets/oil-prices
2022-08-25,wti,93.33,USD per barrel,github.com/datasets/oil-prices
2022-08-26,wti,93.63,USD per barrel,github.com/datasets/oil-prices
2022-08-29,wti,97.4,USD per barrel,github.com/datasets/oil-prices
2022-08-30,wti,92.08,USD per barrel,github.com/datasets/oil-prices
2022-08-31,wti,90.09,USD per barrel,github.com/datasets/oil-prices
2022-09-01,wti,87.09,USD per barrel,github.com/datasets/oil-prices
2022-09-02,wti,87.29,USD per barrel,github.com/datasets/oil-prices
2022-09-06,wti,87.35,USD per barrel,github.com/datasets/oil-prices
2022-09-07,wti,82.5,USD per barrel,github.com/datasets/oil-prices
2022-09-08,wti,84.04,USD per barrel,github.com/datasets/oil-prices
2022-09-09,wti,87.27,USD per barrel,github.com/datasets/oil-prices
2022-09-12,wti,88.18,USD per barrel,github.com/datasets/oil-prices
2022-09-13,wti,87.84,USD per barrel,github.com/datasets/oil-prices
2022-09-14,wti,88.88,USD per barrel,github.com/datasets/oil-prices
2022-09-15,wti,85.72,USD per barrel,github.com/datasets/oil-prices
2022-09-16,wti,85.57,USD per barrel,github.com/datasets/oil-prices
2022-09-19,wti,86.15,USD per barrel,github.com/datasets/oil-prices
2022-09-20,wti,84.69,USD per barrel,github.com/datasets/oil-prices
2022-09-21,wti,83.38,USD per barrel,github.com/datasets/oil-prices
2022-09-22,wti,84.02,USD per barrel,github.com/datasets/oil-prices
2022-09-23,wti,79.07,USD per barrel,github.com/datasets/oil-prices
2022-09-26,wti,77.17,USD per barrel,github.com/datasets/oil-prices
2022-09-27,wti,78.91,USD per barrel,github.com/datasets/oil-prices
2022-09-28,wti,82.61,USD per barrel,github.com/datasets/oil-prices
2022-09-29,wti,81.78,USD per barrel,github.com/datasets/oil-prices
2022-09-30,wti,79.91,USD per barrel,github.com/datasets/oil-prices
2022-10-03,wti,84.05,USD per barrel,github.com/datasets/oil-prices
2022-10-04,wti,86.87,USD per barrel,github.com/datasets/oil-prices
2022-10-05,wti,88.22,USD per barrel,github.com/datasets/oil-prices
2022-10-06,wti,88.9,USD per barrel,github.com/datasets/oil-prices
2022-10-07,wti,93.07,USD per barrel,github.com/datasets/oil-prices
2022-10-10,wti,91.6,USD per barrel,github.com/datasets/oil-prices
2022-10-11,wti,89.75,USD per barrel,github.com/datasets/oil-prices
2022-10-12,wti,87.83,USD per barrel,github.com/datasets/oil-prices
2022-10-13,wti,89.59,USD per barrel,github.com/datasets/oil-prices
2022-10-14,wti,86.1,USD per barrel,github.com/datasets/oil-prices
2022-10-17,wti,86.0,USD per barrel,github.com/datasets/oil-prices
2022-10-18,wti,83.29,USD per barrel,github.com/datasets/oil-prices
2022-10-19,wti,86.0,USD per barrel,github.com/datasets/oil-prices
2022-10-20,wti,86.02,USD per barrel,github.com/datasets/oil-prices
2022-10-21,wti,85.47,USD per barrel,github.com/datasets/oil-prices
2022-10-24,wti,86.12,USD per barrel,github.com/datasets/oil-prices
2022-10-25,wti,86.93,USD per barrel,github.com/datasets/oil-prices
2022-10-26,wti,89.39,USD per barrel,github.com/datasets/oil-prices
2022-10-27,wti,89.06,USD per barrel,github.com/datasets/oil-prices
2022-10-28,wti,87.85,USD per barrel,github.com/datasets/oil-prices
2022-10-31,wti,86.54,USD per barrel,github.com/datasets/oil-prices
2022-11-01,wti,88.36,USD per barrel,github.com/datasets/oil-prices
2022-11-02,wti,90.06,USD per barrel,github.com/datasets/oil-prices
2022-11-03,wti,88.14,USD per barrel,github.com/datasets/oil-prices
2022-11-04,wti,92.58,USD per barrel,github.com/datasets/oil-prices
2022-11-07,wti,91.8,USD per barrel,github.com/datasets/oil-prices
2022-11-08,wti,88.8,USD per barrel,github.com/datasets/oil-prices
2022-11-09,wti,85.79,USD per barrel,github.com/datasets/oil-prices
2022-11-10,wti,86.52,USD per barrel,github.com/datasets/oil-prices
2022-11-11,wti,89.14,USD per barrel,github.com/datasets/oil-prices
2022-11-14,wti,85.85,USD per barrel,github.com/datasets/oil-prices
2022-11-15,wti,86.87,USD per barrel,github.com/datasets/oil-prices
2022-11-16,wti,85.62,USD per barrel,github.com/datasets/oil-prices
2022-11-17,wti,81.69,USD per barrel,github.com/datasets/oil-prices
2022-11-18,wti,80.07,USD per barrel,github.com/datasets/oil-prices
2022-11-21,wti,79.74,USD per barrel,github.com/datasets/oil-prices
2022-11-22,wti,80.83,USD per barrel,github.com/datasets/oil-prices
2022-11-23,wti,77.93,USD per barrel,github.com/datasets/oil-prices
2022-11-25,wti,76.45,USD per barrel,github.com/datasets/oil-prices
2022-11-28,wti,77.1,USD per barrel,github.com/datasets/oil-prices
2022-11-29,wti,77.96,USD per barrel,github.com/datasets/oil-prices
2022-11-30,wti,80.48,USD per barrel,github.com/datasets/oil-prices
2022-12-01,wti,81.06,USD per barrel,github.com/datasets/oil-prices
2022-12-02,wti,79.86,USD per barrel,github.com/datasets/oil-prices
2022-12-05,wti,76.83,USD per barrel,github.com/datasets/oil-prices
2022-12-06,wti,74.21,USD per barrel,github.com/datasets/oil-prices
2022-12-07,wti,71.93,USD per barrel,github.com/datasets/oil-prices
2022-12-08,wti,71.3,USD per barrel,github.com/datasets/oil-prices
2022-12-09,wti,71.05,USD per barrel,github.com/datasets/oil-prices
2022-12-12,wti,72.96,USD per barrel,github.com/datasets/oil-prices
2022-12-13,wti,75.44,USD per barrel,github.com/datasets/oil-prices
2022-12-14,wti,77.14,USD per barrel,github.com/datasets/oil-prices
2022-12-15,wti,75.89,USD per barrel,github.com/datasets/oil-prices
2022-12-16,wti,74.19,USD per barrel,github.com/datasets/oil-prices
2022-12-19,wti,75.05,USD per barrel,github.com/datasets/oil-prices
2022-12-20,wti,75.92,USD per barrel,github.com/datasets/oil-prices
2022-12-21,wti,78.17,USD per barrel,github.com/datasets/oil-prices
2022-12-22,wti,77.68,USD per barrel,github.com/datasets/oil-prices
2022-12-23,wti,79.57,USD per barrel,github.com/datasets/oil-prices
2022-12-27,wti,79.45,USD per barrel,github.com/datasets/oil-prices
2022-12-28,wti,78.89,USD per barrel,github.com/datasets/oil-prices
2022-12-29,wti,78.43,USD per barrel,github.com/datasets/oil-prices
2022-12-30,wti,80.16,USD per barrel,github.com/datasets/oil-prices
2023-01-03,wti,76.87,USD per barrel,github.com/datasets/oil-prices
2023-01-04,wti,72.82,USD per barrel,github.com/datasets/oil-prices
2023-01-05,wti,73.61,USD per barrel,github.com/datasets/oil-prices
2023-01-06,wti,73.77,USD per barrel,github.com/datasets/oil-prices
2023-01-09,wti,74.69,USD per barrel,github.com/datasets/oil-prices
2023-01-10,wti,75.11,USD per barrel,github.com/datasets/oil-prices
2023-01-11,wti,77.46,USD per barrel,github.com/datasets/oil-prices
2023-01-12,wti,78.32,USD per barrel,github.com/datasets/oil-prices
2023-01-13,wti,79.9,USD per barrel,github.com/datasets/oil-prices
2023-01-17,wti,80.25,USD per barrel,github.com/datasets/oil-prices
2023-01-18,wti,79.53,USD per barrel,github.com/datasets/oil-prices
2023-01-19,wti,80.31,USD per barrel,github.com/datasets/oil-prices
2023-01-20,wti,81.27,USD per barrel,github.com/datasets/oil-prices
2023-01-23,wti,81.62,USD per barrel,github.com/datasets/oil-prices
2023-01-24,wti,79.86,USD per barrel,github.com/datasets/oil-prices
2023-01-25,wti,79.78,USD per barrel,github.com/datasets/oil-prices
2023-01-26,wti,80.64,USD per barrel,github.com/datasets/oil-prices
2023-01-27,wti,79.73,USD per barrel,github.com/datasets/oil-prices
2023-01-30,wti,77.97,USD per barrel,github.com/datasets/oil-prices
2023-01-31,wti,78.95,USD per barrel,github.com/datasets/oil-prices
2023-02-01,wti,76.34,USD per barrel,github.com/datasets/oil-prices
2023-02-02,wti,75.87,USD per barrel,github.com/datasets/oil-prices
2023-02-03,wti,73.4,USD per barrel,github.com/datasets/oil-prices
2023-02-06,wti,74.11,USD per barrel,github.com/datasets/oil-prices
2023-02-07,wti,77.17,USD per barrel,github.com/datasets/oil-prices
2023-02-08,wti,78.47,USD per barrel,github.com/datasets/oil-prices
2023-02-09,wti,78.04,USD per barrel,github.com/datasets/oil-prices
2023-02-10,wti,79.74,USD per barrel,github.com/datasets/oil-prices
2023-02-13,wti,80.14,USD per barrel,github.com/datasets/oil-prices
2023-02-14,wti,79.08,USD per barrel,github.com/datasets/oil-prices
2023-02-15,wti,78.57,USD per barrel,github.com/datasets/oil-prices
2023-02-16,wti,78.45,USD per barrel,github.com/datasets/oil-prices
2023-02-17,wti,76.31,USD per barrel,github.com/datasets/oil-prices
2023-02-21,wti,76.28,USD per barrel,github.com/datasets/oil-prices
2023-02-22,wti,73.95,USD per barrel,github.com/datasets/oil-prices
2023-02-23,wti,75.26,USD per barrel,github.com/datasets/oil-prices
2023-02-24,wti,76.19,USD per barrel,github.com/datasets/oil-prices
2023-02-27,wti,75.57,USD per barrel,github.com/datasets/oil-prices
2023-02-28,wti,76.88,USD per barrel,github.com/datasets/oil-prices
2023-03-01,wti,77.57,USD per barrel,github.com/datasets/oil-prices
2023-03-02,wti,78.05,USD per barrel,github.com/datasets/oil-prices
2023-03-03,wti,79.62,USD per barrel,github.com/datasets/oil-prices
2023-03-06,wti,80.39,USD per barrel,github.com/datasets/oil-prices
2023-03-07,wti,77.45,USD per barrel,github.com/datasets/oil-prices
2023-03-08,wti,76.56,USD per barrel,github.com/datasets/oil-prices
2023-03-09,wti,75.6,USD per barrel,github.com/datasets/oil-prices
2023-03-10,wti,76.55,USD per barrel,github.com/datasets/oil-prices
2023-03-13,wti,74.68,USD per barrel,github.com/datasets/oil-prices
2023-03-14,wti,71.18,USD per barrel,github.com/datasets/oil-prices
2023-03-15,wti,67.38,USD per barrel,github.com/datasets/oil-prices
2023-03-16,wti,68.15,USD per barrel,github.com/datasets/oil-prices
2023-03-17,wti,66.61,USD per barrel,github.com/datasets/oil-prices
2023-03-20,wti,67.56,USD per barrel,github.com/datasets/oil-prices
2023-03-21,wti,69.4,USD per barrel,github.com/datasets/oil-prices
2023-03-22,wti,70.71,USD per barrel,github.com/datasets/oil-prices
2023-03-23,wti,69.77,USD per barrel,github.com/datasets/oil-prices
2023-03-24,wti,69.22,USD per barrel,github.com/datasets/oil-prices
2023-03-27,wti,72.87,USD per barrel,github.com/datasets/oil-prices
2023-03-28,wti,73.12,USD per barrel,github.com/datasets/oil-prices
2023-03-29,wti,72.95,USD per barrel,github.com/datasets/oil-prices
2023-03-30,wti,74.32,USD per barrel,github.com/datasets/oil-prices
2023-03-31,wti,75.68,USD per barrel,github.com/datasets/oil-prices
2023-04-03,wti,80.4,USD per barrel,github.com/datasets/oil-prices
2023-04-04,wti,80.7,USD per barrel,github.com/datasets/oil-prices
2023-04-05,wti,80.69,USD per barrel,github.com/datasets/oil-prices
2023-04-06,wti,80.7,USD per barrel,github.com/datasets/oil-prices
2023-04-10,wti,79.79,USD per barrel,github.com/datasets/oil-prices
2023-04-11,wti,81.54,USD per barrel,github.com/datasets/oil-prices
2023-04-12,wti,83.26,USD per barrel,github.com/datasets/oil-prices
2023-04-13,wti,82.16,USD per barrel,github.com/datasets/oil-prices
2023-04-14,wti,82.58,USD per barrel,github.com/datasets/oil-prices
2023-04-17,wti,80.93,USD per barrel,github.com/datasets/oil-prices
2023-04-18,wti,80.85,USD per barrel,github.com/datasets/oil-prices
2023-04-19,wti,79.18,USD per barrel,github.com/datasets/oil-prices
2023-04-20,wti,77.27,USD per barrel,github.com/datasets/oil-prices
2023-04-21,wti,77.86,USD per barrel,github.com/datasets/oil-prices
2023-04-24,wti,78.64,USD per barrel,github.com/datasets/oil-prices
2023-04-25,wti,77.05,USD per barrel,github.com/datasets/oil-prices
2023-04-26,wti,74.33,USD per barrel,github.com/datasets/oil-prices
2023-04-27,wti,74.77,USD per barrel,github.com/datasets/oil-prices
2023-04-28,wti,76.78,USD per barrel,github.com/datasets/oil-prices
2023-05-01,wti,75.65,USD per barrel,github.com/datasets/oil-prices
2023-05-02,wti,71.71,USD per barrel,github.com/datasets/oil-prices
2023-05-03,wti,68.62,USD per barrel,github.com/datasets/oil-prices
2023-05-04,wti,68.52,USD per barrel,github.com/datasets/oil-prices
2023-05-05,wti,71.32,USD per barrel,github.com/datasets/oil-prices
2023-05-08,wti,73.13,USD per barrel,github.com/datasets/oil-prices
2023-05-09,wti,73.68,USD per barrel,github.com/datasets/oil-prices
2023-05-10,wti,72.53,USD per barrel,github.com/datasets/oil-prices
2023-05-11,wti,70.81,USD per barrel,github.com/datasets/oil-prices
2023-05-12,wti,70.02,USD per barrel,github.com/datasets/oil-prices
2023-05-15,wti,71.07,USD per barrel,github.com/datasets/oil-prices
2023-05-16,wti,70.85,USD per barrel,github.com/datasets/oil-prices
2023-05-17,wti,72.78,USD per barrel,github.com/datasets/oil-prices
2023-05-18,wti,71.82,USD per barrel,github.com/datasets/oil-prices
2023-05-19,wti,71.57,USD per barrel,github.com/datasets/oil-prices
2023-05-22,wti,71.81,USD per barrel,github.com/datasets/oil-prices
2023-05-23,wti,72.87,USD per barrel,github.com/datasets/oil-prices
2023-05-24,wti,74.37,USD per barrel,github.com/datasets/oil-prices
2023-05-25,wti,71.68,USD per barrel,github.com/datasets/oil-prices
2023-05-26,wti,72.35,USD per barrel,github.com/datasets/oil-prices
2023-05-30,wti,69.45,USD per barrel,github.com/datasets/oil-prices
2023-05-31,wti,68.11,USD per barrel,github.com/datasets/oil-prices
2023-06-01,wti,70.09,USD per barrel,github.com/datasets/oil-prices
2023-06-02,wti,71.76,USD per barrel,github.com/datasets/oil-prices
2023-06-05,wti,72.14,USD per barrel,github.com/datasets/oil-prices
2023-06-06,wti,71.71,USD per barrel,github.com/datasets/oil-prices
2023-06-07,wti,72.52,USD per barrel,github.com/datasets/oil-prices
2023-06-08,wti,71.28,USD per barrel,github.com/datasets/oil-prices
2023-06-09,wti,70.16,USD per barrel,github.com/datasets/oil-prices
2023-06-12,wti,67.08,USD per barrel,github.com/datasets/oil-prices
2023-06-13,wti,69.39,USD per barrel,github.com/datasets/oil-prices
2023-06-14,wti,68.22,USD per barrel,github.com/datasets/oil-prices
2023-06-15,wti,70.61,USD per barrel,github.com/datasets/oil-prices
2023-06-16,wti,71.81,USD per barrel,github.com/datasets/oil-prices
2023-06-20,wti,70.94,USD per barrel,github.com/datasets/oil-prices
2023-06-21,wti,72.55,USD per barrel,github.com/datasets/oil-prices
2023-06-22,wti,69.22,USD per barrel,github.com/datasets/oil-prices
2023-06-23,wti,68.91,USD per barrel,github.com/datasets/oil-prices
2023-06-26,wti,69.09,USD per barrel,github.com/datasets/oil-prices
2023-06-27,wti,67.68,USD per barrel,github.com/datasets/oil-prices
2023-06-28,wti,69.54,USD per barrel,github.com/datasets/oil-prices
2023-06-29,wti,69.85,USD per barrel,github.com/datasets/oil-prices
2023-06-30,wti,70.66,USD per barrel,github.com/datasets/oil-prices
2023-07-03,wti,69.71,USD per barrel,github.com/datasets/oil-prices
2023-07-05,wti,71.78,USD per barrel,github.com/datasets/oil-prices
2023-07-06,wti,71.76,USD per barrel,github.com/datasets/oil-prices
2023-07-07,wti,73.91,USD per barrel,github.com/datasets/oil-prices
2023-07-10,wti,73.05,USD per barrel,github.com/datasets/oil-prices
2023-07-11,wti,74.87,USD per barrel,github.com/datasets/oil-prices
2023-07-12,wti,75.77,USD per barrel,github.com/datasets/oil-prices
2023-07-13,wti,76.86,USD per barrel,github.com/datasets/oil-prices
2023-07-14,wti,75.44,USD per barrel,github.com/datasets/oil-prices
2023-07-17,wti,74.17,USD per barrel,github.com/datasets/oil-prices
2023-07-18,wti,75.76,USD per barrel,github.com/datasets/oil-prices
2023-07-19,wti,75.4,USD per barrel,github.com/datasets/oil-prices
2023-07-20,wti,75.65,USD per barrel,github.com/datasets/oil-prices
2023-07-21,wti,77.06,USD per barrel,github.com/datasets/oil-prices
2023-07-24,wti,78.81,USD per barrel,github.com/datasets/oil-prices
2023-07-25,wti,79.76,USD per barrel,github.com/datasets/oil-prices
2023-07-26,wti,79.11,USD per barrel,github.com/datasets/oil-prices
2023-07-27,wti,80.17,USD per barrel,github.com/datasets/oil-prices
2023-07-28,wti,80.55,USD per barrel,github.com/datasets/oil-prices
2023-07-31,wti,81.8,USD per barrel,github.com/datasets/oil-prices
2023-08-01,wti,81.37,USD per barrel,github.com/datasets/oil-prices
2023-08-02,wti,79.5,USD per barrel,github.com/datasets/oil-prices
2023-08-03,wti,81.56,USD per barrel,github.com/datasets/oil-prices
2023-08-04,wti,82.76,USD per barrel,github.com/datasets/oil-prices
2023-08-07,wti,81.94,USD per barrel,github.com/datasets/oil-prices
2023-08-08,wti,82.94,USD per barrel,github.com/datasets/oil-prices
2023-08-09,wti,84.35,USD per barrel,github.com/datasets/oil-prices
2023-08-10,wti,82.81,USD per barrel,github.com/datasets/oil-prices
2023-08-11,wti,83.17,USD per barrel,github.com/datasets/oil-prices
2023-08-14,wti,82.5,USD per barrel,github.com/datasets/oil-prices
2023-08-15,wti,81.06,USD per barrel,github.com/datasets/oil-prices
2023-08-16,wti,79.4,USD per barrel,github.com/datasets/oil-prices
2023-08-17,wti,80.43,USD per barrel,github.com/datasets/oil-prices
2023-08-18,wti,81.25,USD per barrel,github.com/datasets/oil-prices
2023-08-21,wti,80.71,USD per barrel,github.com/datasets/oil-prices
2023-08-22,wti,80.25,USD per barrel,github.com/datasets/oil-prices
2023-08-23,wti,78.91,USD per barrel,github.com/datasets/oil-prices
2023-08-24,wti,79.52,USD per barrel,github.com/datasets/oil-prices
2023-08-25,wti,80.47,USD per barrel,github.com/datasets/oil-prices
2023-08-28,wti,80.65,USD per barrel,github.com/datasets/oil-prices
2023-08-29,wti,81.14,USD per barrel,github.com/datasets/oil-prices
2023-08-30,wti,81.64,USD per barrel,github.com/datasets/oil-prices
2023-08-31,wti,83.55,USD per barrel,github.com/datasets/oil-prices
2023-09-01,wti,85.52,USD per barrel,github.com/datasets/oil-prices
2023-09-05,wti,86.74,USD per barrel,github.com/datasets/oil-prices
2023-09-06,wti,87.55,USD per barrel,github.com/datasets/oil-prices
2023-09-07,wti,86.87,USD per barrel,github.com/datasets/oil-prices
2023-09-08,wti,87.51,USD per barrel,github.com/datasets/oil-prices
2023-09-11,wti,87.3,USD per barrel,github.com/datasets/oil-prices
2023-09-12,wti,88.87,USD per barrel,github.com/datasets/oil-prices
2023-09-13,wti,88.59,USD per barrel,github.com/datasets/oil-prices
2023-09-14,wti,90.13,USD per barrel,github.com/datasets/oil-prices
2023-09-15,wti,90.83,USD per barrel,github.com/datasets/oil-prices
2023-09-18,wti,91.47,USD per barrel,github.com/datasets/oil-prices
2023-09-19,wti,91.16,USD per barrel,github.com/datasets/oil-prices
2023-09-20,wti,89.2,USD per barrel,github.com/datasets/oil-prices
2023-09-21,wti,89.56,USD per barrel,github.com/datasets/oil-prices
2023-09-22,wti,90.0,USD per barrel,github.com/datasets/oil-prices
2023-09-25,wti,89.68,USD per barrel,github.com/datasets/oil-prices
2023-09-26,wti,91.43,USD per barrel,github.com/datasets/oil-prices
2023-09-27,wti,93.67,USD per barrel,github.com/datasets/oil-prices
2023-09-28,wti,91.65,USD per barrel,github.com/datasets/oil-prices
2023-09-29,wti,90.77,USD per barrel,github.com/datasets/oil-prices
2023-10-02,wti,88.81,USD per barrel,github.com/datasets/oil-prices
2023-10-03,wti,89.26,USD per barrel,github.com/datasets/oil-prices
2023-10-04,wti,84.32,USD per barrel,github.com/datasets/oil-prices
2023-10-05,wti,82.3,USD per barrel,github.com/datasets/oil-prices
2023-10-06,wti,82.83,USD per barrel,github.com/datasets/oil-prices
2023-10-10,wti,85.89,USD per barrel,github.com/datasets/oil-prices
2023-10-11,wti,83.7,USD per barrel,github.com/datasets/oil-prices
2023-10-12,wti,82.87,USD per barrel,github.com/datasets/oil-prices
2023-10-13,wti,87.67,USD per barrel,github.com/datasets/oil-prices
2023-10-16,wti,86.65,USD per barrel,github.com/datasets/oil-prices
2023-10-17,wti,86.66,USD per barrel,github.com/datasets/oil-prices
2023-10-18,wti,88.35,USD per barrel,github.com/datasets/oil-prices
2023-10-19,wti,89.35,USD per barrel,github.com/datasets/oil-prices
2023-10-20,wti,89.12,USD per barrel,github.com/datasets/oil-prices
2023-10-23,wti,85.49,USD per barrel,github.com/datasets/oil-prices
2023-10-24,wti,84.58,USD per barrel,github.com/datasets/oil-prices
2023-10-25,wti,86.07,USD per barrel,github.com/datasets/oil-prices
2023-10-26,wti,83.8,USD per barrel,github.com/datasets/oil-prices
2023-10-27,wti,86.04,USD per barrel,github.com/datasets/oil-prices
2023-10-30,wti,83.03,USD per barrel,github.com/datasets/oil-prices
2023-10-31,wti,81.64,USD per barrel,github.com/datasets/oil-prices
2023-11-01,wti,81.05,USD per barrel,github.com/datasets/oil-prices
2023-11-02,wti,83.04,USD per barrel,github.com/datasets/oil-prices
2023-11-03,wti,81.19,USD per barrel,github.com/datasets/oil-prices
2023-11-06,wti,81.54,USD per barrel,github.com/datasets/oil-prices
2023-11-07,wti,77.96,USD per barrel,github.com/datasets/oil-prices
2023-11-08,wti,75.85,USD per barrel,github.com/datasets/oil-prices
2023-11-09,wti,76.34,USD per barrel,github.com/datasets/oil-prices
2023-11-13,wti,78.86,USD per barrel,github.com/datasets/oil-prices
2023-11-14,wti,78.9,USD per barrel,github.com/datasets/oil-prices
2023-11-15,wti,77.15,USD per barrel,github.com/datasets/oil-prices
2023-11-16,wti,73.5,USD per barrel,github.com/datasets/oil-prices
2023-11-17,wti,76.47,USD per barrel,github.com/datasets/oil-prices
2023-11-20,wti,78.1,USD per barrel,github.com/datasets/oil-prices
2023-11-21,wti,78.35,USD per barrel,github.com/datasets/oil-prices
2023-11-22,wti,76.8,USD per barrel,github.com/datasets/oil-prices
2023-11-24,wti,74.83,USD per barrel,github.com/datasets/oil-prices
2023-11-27,wti,74.46,USD per barrel,github.com/datasets/oil-prices
2023-11-28,wti,76.09,USD per barrel,github.com/datasets/oil-prices
2023-11-29,wti,77.56,USD per barrel,github.com/datasets/oil-prices
2023-11-30,wti,75.66,USD per barrel,github.com/datasets/oil-prices
2023-12-01,wti,73.7,USD per barrel,github.com/datasets/oil-prices
2023-12-04,wti,72.73,USD per barrel,github.com/datasets/oil-prices
2023-12-05,wti,71.95,USD per barrel,github.com/datasets/oil-prices
2023-12-06,wti,68.98,USD per barrel,github.com/datasets/oil-prices
2023-12-07,wti,69.0,USD per barrel,github.com/datasets/oil-prices
2023-12-08,wti,70.87,USD per barrel,github.com/datasets/oil-prices
2023-12-11,wti,70.95,USD per barrel,github.com/datasets/oil-prices
2023-12-12,wti,68.27,USD per barrel,github.com/datasets/oil-prices
2023-12-13,wti,69.09,USD per barrel,github.com/datasets/oil-prices
2023-12-14,wti,71.21,USD per barrel,github.com/datasets/oil-prices
2023-12-15,wti,71.05,USD per barrel,github.com/datasets/oil-prices
2023-12-18,wti,72.16,USD per barrel,github.com/datasets/oil-prices
2023-12-19,wti,73.23,USD per barrel,github.com/datasets/oil-prices
2023-12-20,wti,73.87,USD per barrel,github.com/datasets/oil-prices
2023-12-21,wti,73.59,USD per barrel,github.com/datasets/oil-prices
2023-12-22,wti,73.29,USD per barrel,github.com/datasets/oil-prices
2023-12-26,wti,75.84,USD per barrel,github.com/datasets/oil-prices
2023-12-27,wti,74.31,USD per barrel,github.com/datasets/oil-prices
2023-12-28,wti,72.02,USD per barrel,github.com/datasets/oil-prices
2023-12-29,wti,71.89,USD per barrel,github.com/datasets/oil-prices
2024-01-02,wti,70.62,USD per barrel,github.com/datasets/oil-prices
2024-01-03,wti,72.97,USD per barrel,github.com/datasets/oil-prices
2024-01-04,wti,72.38,USD per barrel,github.com/datasets/oil-prices
2024-01-05,wti,74.0,USD per barrel,github.com/datasets/oil-prices
2024-01-08,wti,71.06,USD per barrel,github.com/datasets/oil-prices
2024-01-09,wti,72.43,USD per barrel,github.com/datasets/oil-prices
2024-01-10,wti,71.57,USD per barrel,github.com/datasets/oil-prices
2024-01-11,wti,72.15,USD per barrel,github.com/datasets/oil-prices
2024-01-12,wti,72.94,USD per barrel,github.com/datasets/oil-prices
2024-01-16,wti,72.63,USD per barrel,github.com/datasets/oil-prices
2024-01-17,wti,72.79,USD per barrel,github.com/datasets/oil-prices
2024-01-18,wti,74.32,USD per barrel,github.com/datasets/oil-prices
2024-01-19,wti,73.69,USD per barrel,github.com/datasets/oil-prices
2024-01-22,wti,75.26,USD per barrel,github.com/datasets/oil-prices
2024-01-23,wti,74.72,USD per barrel,github.com/datasets/oil-prices
2024-01-24,wti,75.48,USD per barrel,github.com/datasets/oil-prices
2024-01-25,wti,77.91,USD per barrel,github.com/datasets/oil-prices
2024-01-26,wti,78.45,USD per barrel,github.com/datasets/oil-prices
2024-01-29,wti,77.25,USD per barrel,github.com/datasets/oil-prices
2024-01-30,wti,78.3,USD per barrel,github.com/datasets/oil-prices
2024-01-31,wti,76.28,USD per barrel,github.com/datasets/oil-prices
2024-02-01,wti,74.36,USD per barrel,github.com/datasets/oil-prices
2024-02-02,wti,72.72,USD per barrel,github.com/datasets/oil-prices
2024-02-05,wti,73.21,USD per barrel,github.com/datasets/oil-prices
2024-02-06,wti,73.83,USD per barrel,github.com/datasets/oil-prices
2024-02-07,wti,74.26,USD per barrel,github.com/datasets/oil-prices
2024-02-08,wti,76.67,USD per barrel,github.com/datasets/oil-prices
2024-02-09,wti,77.26,USD per barrel,github.com/datasets/oil-prices
2024-02-12,wti,77.34,USD per barrel,github.com/datasets/oil-prices
2024-02-13,wti,78.28,USD per barrel,github.com/datasets/oil-prices
2024-02-14,wti,77.09,USD per barrel,github.com/datasets/oil-prices
2024-02-15,wti,78.47,USD per barrel,github.com/datasets/oil-prices
2024-02-16,wti,79.65,USD per barrel,github.com/datasets/oil-prices
2024-02-20,wti,78.72,USD per barrel,github.com/datasets/oil-prices
2024-02-21,wti,78.89,USD per barrel,github.com/datasets/oil-prices
2024-02-22,wti,79.64,USD per barrel,github.com/datasets/oil-prices
2024-02-23,wti,77.6,USD per barrel,github.com/datasets/oil-prices
2024-02-26,wti,78.53,USD per barrel,github.com/datasets/oil-prices
2024-02-27,wti,79.8,USD per barrel,github.com/datasets/oil-prices
2024-02-28,wti,79.44,USD per barrel,github.com/datasets/oil-prices
2024-02-29,wti,79.22,USD per barrel,github.com/datasets/oil-prices
2024-03-01,wti,80.9,USD per barrel,github.com/datasets/oil-prices
2024-03-04,wti,79.67,USD per barrel,github.com/datasets/oil-prices
2024-03-05,wti,79.11,USD per barrel,github.com/datasets/oil-prices
2024-03-06,wti,80.08,USD per barrel,github.com/datasets/oil-prices
2024-03-07,wti,79.81,USD per barrel,github.com/datasets/oil-prices
2024-03-08,wti,78.96,USD per barrel,github.com/datasets/oil-prices
2024-03-11,wti,78.87,USD per barrel,github.com/datasets/oil-prices
2024-03-12,wti,78.51,USD per barrel,github.com/datasets/oil-prices
2024-03-13,wti,80.67,USD per barrel,github.com/datasets/oil-prices
2024-03-14,wti,82.16,USD per barrel,github.com/datasets/oil-prices
2024-03-15,wti,81.94,USD per barrel,github.com/datasets/oil-prices
2024-03-18,wti,83.68,USD per barrel,github.com/datasets/oil-prices
2024-03-19,wti,84.39,USD per barrel,github.com/datasets/oil-prices
2024-03-20,wti,82.79,USD per barrel,github.com/datasets/oil-prices
2024-03-21,wti,81.99,USD per barrel,github.com/datasets/oil-prices
2024-03-22,wti,81.1,USD per barrel,github.com/datasets/oil-prices
2024-03-25,wti,82.41,USD per barrel,github.com/datasets/oil-prices
2024-03-26,wti,82.41,USD per barrel,github.com/datasets/oil-prices
2024-03-27,wti,82.15,USD per barrel,github.com/datasets/oil-prices
2024-03-28,wti,83.96,USD per barrel,github.com/datasets/oil-prices
2024-04-01,wti,84.54,USD per barrel,github.com/datasets/oil-prices
2024-04-02,wti,85.95,USD per barrel,github.com/datasets/oil-prices
2024-04-03,wti,86.22,USD per barrel,github.com/datasets/oil-prices
2024-04-04,wti,87.37,USD per barrel,github.com/datasets/oil-prices
2024-04-05,wti,87.69,USD per barrel,github.com/datasets/oil-prices
2024-04-08,wti,87.24,USD per barrel,github.com/datasets/oil-prices
2024-04-09,wti,86.04,USD per barrel,github.com/datasets/oil-prices
2024-04-10,wti,86.98,USD per barrel,github.com/datasets/oil-prices
2024-04-11,wti,85.79,USD per barrel,github.com/datasets/oil-prices
2024-04-12,wti,86.46,USD per barrel,github.com/datasets/oil-prices
2024-04-15,wti,86.21,USD per barrel,github.com/datasets/oil-prices
2024-04-16,wti,86.15,USD per barrel,github.com/datasets/oil-prices
2024-04-17,wti,83.58,USD per barrel,github.com/datasets/oil-prices
2024-04-18,wti,83.5,USD per barrel,github.com/datasets/oil-prices
2024-04-19,wti,83.79,USD per barrel,github.com/datasets/oil-prices
2024-04-22,wti,83.82,USD per barrel,github.com/datasets/oil-prices
2024-04-23,wti,84.17,USD per barrel,github.com/datasets/oil-prices
2024-04-24,wti,84.09,USD per barrel,github.com/datasets/oil-prices
2024-04-25,wti,84.92,USD per barrel,github.com/datasets/oil-prices
2024-04-26,wti,85.38,USD per barrel,github.com/datasets/oil-prices
2024-04-29,wti,84.26,USD per barrel,github.com/datasets/oil-prices
2024-04-30,wti,83.49,USD per barrel,github.com/datasets/oil-prices
2024-05-01,wti,80.7,USD per barrel,github.com/datasets/oil-prices
2024-05-02,wti,80.59,USD per barrel,github.com/datasets/oil-prices
2024-05-03,wti,79.65,USD per barrel,github.com/datasets/oil-prices
2024-05-06,wti,80.1,USD per barrel,github.com/datasets/oil-prices
2024-05-07,wti,79.97,USD per barrel,github.com/datasets/oil-prices
2024-05-08,wti,80.57,USD per barrel,github.com/datasets/oil-prices
2024-05-09,wti,80.86,USD per barrel,github.com/datasets/oil-prices
2024-05-10,wti,79.81,USD per barrel,github.com/datasets/oil-prices
2024-05-13,wti,80.71,USD per barrel,github.com/datasets/oil-prices
2024-05-14,wti,79.62,USD per barrel,github.com/datasets/oil-prices
2024-05-15,wti,80.23,USD per barrel,github.com/datasets/oil-prices
2024-05-16,wti,80.85,USD per barrel,github.com/datasets/oil-prices
2024-05-17,wti,81.66,USD per barrel,github.com/datasets/oil-prices
2024-05-20,wti,81.39,USD per barrel,github.com/datasets/oil-prices
2024-05-21,wti,80.66,USD per barrel,github.com/datasets/oil-prices
2024-05-22,wti,79.15,USD per barrel,github.com/datasets/oil-prices
2024-05-23,wti,77.47,USD per barrel,github.com/datasets/oil-prices
2024-05-24,wti,78.48,USD per barrel,github.com/datasets/oil-prices
2024-05-28,wti,80.9,USD per barrel,github.com/datasets/oil-prices
2024-05-29,wti,80.24,USD per barrel,github.com/datasets/oil-prices
2024-05-30,wti,78.96,USD per barrel,github.com/datasets/oil-prices
2024-05-31,wti,77.97,USD per barrel,github.com/datasets/oil-prices
2024-06-03,wti,75.26,USD per barrel,github.com/datasets/oil-prices
2024-06-04,wti,74.27,USD per barrel,github.com/datasets/oil-prices
2024-06-05,wti,75.08,USD per barrel,github.com/datasets/oil-prices
2024-06-06,wti,76.52,USD per barrel,github.com/datasets/oil-prices
2024-06-07,wti,76.53,USD per barrel,github.com/datasets/oil-prices
2024-06-10,wti,78.75,USD per barrel,github.com/datasets/oil-prices
2024-06-11,wti,78.88,USD per barrel,github.com/datasets/oil-prices
2024-06-12,wti,79.56,USD per barrel,github.com/datasets/oil-prices
2024-06-13,wti,79.61,USD per barrel,github.com/datasets/oil-prices
2024-06-14,wti,79.41,USD per barrel,github.com/datasets/oil-prices
2024-06-17,wti,81.33,USD per barrel,github.com/datasets/oil-prices
2024-06-18,wti,82.67,USD per barrel,github.com/datasets/oil-prices
2024-06-20,wti,83.34,USD per barrel,github.com/datasets/oil-prices
2024-06-21,wti,81.71,USD per barrel,github.com/datasets/oil-prices
2024-06-24,wti,82.63,USD per barrel,github.com/datasets/oil-prices
2024-06-25,wti,81.97,USD per barrel,github.com/datasets/oil-prices
2024-06-26,wti,82.19,USD per barrel,github.com/datasets/oil-prices
2024-06-27,wti,83.04,USD per barrel,github.com/datasets/oil-prices
2024-06-28,wti,82.83,USD per barrel,github.com/datasets/oil-prices
2024-07-01,wti,84.7,USD per barrel,github.com/datasets/oil-prices
2024-07-02,wti,84.09,USD per barrel,github.com/datasets/oil-prices
2024-07-03,wti,85.19,USD per barrel,github.com/datasets/oil-prices
2024-07-05,wti,84.44,USD per barrel,github.com/datasets/oil-prices
2024-07-08,wti,83.63,USD per barrel,github.com/datasets/oil-prices
2024-07-09,wti,82.78,USD per barrel,github.com/datasets/oil-prices
2024-07-10,wti,83.39,USD per barrel,github.com/datasets/oil-prices
2024-07-11,wti,83.92,USD per barrel,github.com/datasets/oil-prices
2024-07-12,wti,83.49,USD per barrel,github.com/datasets/oil-prices
2024-07-15,wti,83.22,USD per barrel,github.com/datasets/oil-prices
2024-07-16,wti,81.92,USD per barrel,github.com/datasets/oil-prices
2024-07-17,wti,84.16,USD per barrel,github.com/datasets/oil-prices
2024-07-18,wti,84.17,USD per barrel,github.com/datasets/oil-prices
2024-07-19,wti,81.43,USD per barrel,github.com/datasets/oil-prices
2024-07-22,wti,81.25,USD per barrel,github.com/datasets/oil-prices
2024-07-23,wti,78.24,USD per barrel,github.com/datasets/oil-prices
2024-07-24,wti,78.78,USD per barrel,github.com/datasets/oil-prices
2024-07-25,wti,79.43,USD per barrel,github.com/datasets/oil-prices
2024-07-26,wti,78.58,USD per barrel,github.com/datasets/oil-prices
2024-07-29,wti,77.27,USD per barrel,github.com/datasets/oil-prices
2024-07-30,wti,76.17,USD per barrel,github.com/datasets/oil-prices
2024-07-31,wti,79.36,USD per barrel,github.com/datasets/oil-prices
2024-08-01,wti,77.74,USD per barrel,github.com/datasets/oil-prices
2024-08-02,wti,74.99,USD per barrel,github.com/datasets/oil-prices
2024-08-05,wti,74.46,USD per barrel,github.com/datasets/oil-prices
2024-08-06,wti,74.6,USD per barrel,github.com/datasets/oil-prices
2024-08-07,wti,76.68,USD per barrel,github.com/datasets/oil-prices
2024-08-08,wti,77.64,USD per barrel,github.com/datasets/oil-prices
2024-08-09,wti,78.28,USD per barrel,github.com/datasets/oil-prices
2024-08-12,wti,81.45,USD per barrel,github.com/datasets/oil-prices
2024-08-13,wti,79.81,USD per barrel,github.com/datasets/oil-prices
2024-08-14,wti,78.47,USD per barrel,github.com/datasets/oil-prices
2024-08-15,wti,79.66,USD per barrel,github.com/datasets/oil-prices
2024-08-16,wti,78.05,USD per barrel,github.com/datasets/oil-prices
2024-08-19,wti,75.82,USD per barrel,github.com/datasets/oil-prices
2024-08-20,wti,75.27,USD per barrel,github.com/datasets/oil-prices
2024-08-21,wti,72.76,USD per barrel,github.com/datasets/oil-prices
2024-08-22,wti,73.72,USD per barrel,github.com/datasets/oil-prices
2024-08-23,wti,75.82,USD per barrel,github.com/datasets/oil-prices
2024-08-26,wti,78.4,USD per barrel,github.com/datasets/oil-prices
2024-08-27,wti,76.5,USD per barrel,github.com/datasets/oil-prices
2024-08-28,wti,75.49,USD per barrel,github.com/datasets/oil-prices
2024-08-29,wti,76.9,USD per barrel,github.com/datasets/oil-prices
2024-08-30,wti,74.52,USD per barrel,github.com/datasets/oil-prices
2024-09-03,wti,71.28,USD per barrel,github.com/datasets/oil-prices
2024-09-04,wti,70.11,USD per barrel,github.com/datasets/oil-prices
2024-09-05,wti,70.09,USD per barrel,github.com/datasets/oil-prices
2024-09-06,wti,68.58,USD per barrel,github.com/datasets/oil-prices
2024-09-09,wti,69.65,USD per barrel,github.com/datasets/oil-prices
2024-09-10,wti,66.73,USD per barrel,github.com/datasets/oil-prices
2024-09-11,wti,68.25,USD per barrel,github.com/datasets/oil-prices
2024-09-12,wti,69.89,USD per barrel,github.com/datasets/oil-prices
2024-09-13,wti,69.59,USD per barrel,github.com/datasets/oil-prices
2024-09-16,wti,71.1,USD per barrel,github.com/datasets/oil-prices
2024-09-17,wti,72.16,USD per barrel,github.com/datasets/oil-prices
2024-09-18,wti,71.87,USD per barrel,github.com/datasets/oil-prices
2024-09-19,wti,72.86,USD per barrel,github.com/datasets/oil-prices
2024-09-20,wti,72.72,USD per barrel,github.com/datasets/oil-prices
2024-09-23,wti,71.33,USD per barrel,github.com/datasets/oil-prices
2024-09-24,wti,72.34,USD per barrel,github.com/datasets/oil-prices
2024-09-25,wti,70.42,USD per barrel,github.com/datasets/oil-prices
2024-09-26,wti,68.28,USD per barrel,github.com/datasets/oil-prices
2024-09-27,wti,68.72,USD per barrel,github.com/datasets/oil-prices
2024-09-30,wti,68.75,USD per barrel,github.com/datasets/oil-prices
2024-10-01,wti,70.41,USD per barrel,github.com/datasets/oil-prices
2024-10-02,wti,70.74,USD per barrel,github.com/datasets/oil-prices
2024-10-03,wti,74.33,USD per barrel,github.com/datasets/oil-prices
2024-10-04,wti,74.93,USD per barrel,github.com/datasets/oil-prices
2024-10-07,wti,77.76,USD per barrel,github.com/datasets/oil-prices
2024-10-08,wti,74.26,USD per barrel,github.com/datasets/oil-prices
2024-10-09,wti,73.85,USD per barrel,github.com/datasets/oil-prices
2024-10-10,wti,76.46,USD per barrel,github.com/datasets/oil-prices
2024-10-11,wti,76.11,USD per barrel,github.com/datasets/oil-prices
2024-10-15,wti,71.22,USD per barrel,github.com/datasets/oil-prices
2024-10-16,wti,70.97,USD per barrel,github.com/datasets/oil-prices
2024-10-17,wti,71.26,USD per barrel,github.com/datasets/oil-prices
2024-10-18,wti,69.78,USD per barrel,github.com/datasets/oil-prices
2024-10-21,wti,71.16,USD per barrel,github.com/datasets/oil-prices
2024-10-22,wti,72.84,USD per barrel,github.com/datasets/oil-prices
2024-10-23,wti,71.37,USD per barrel,github.com/datasets/oil-prices
2024-10-24,wti,70.58,USD per barrel,github.com/datasets/oil-prices
2024-10-25,wti,72.02,USD per barrel,github.com/datasets/oil-prices
2024-10-28,wti,67.65,USD per barrel,github.com/datasets/oil-prices
2024-10-29,wti,67.48,USD per barrel,github.com/datasets/oil-prices
2024-10-30,wti,68.91,USD per barrel,github.com/datasets/oil-prices
2024-10-31,wti,69.58,USD per barrel,github.com/datasets/oil-prices
2024-11-01,wti,69.81,USD per barrel,github.com/datasets/oil-prices
2024-11-04,wti,71.83,USD per barrel,github.com/datasets/oil-prices
2024-11-05,wti,72.26,USD per barrel,github.com/datasets/oil-prices
2024-11-06,wti,71.98,USD per barrel,github.com/datasets/oil-prices
2024-11-07,wti,72.69,USD per barrel,github.com/datasets/oil-prices
2024-11-08,wti,70.69,USD per barrel,github.com/datasets/oil-prices
2024-11-12,wti,68.43,USD per barrel,github.com/datasets/oil-prices
2024-11-13,wti,68.76,USD per barrel,github.com/datasets/oil-prices
2024-11-14,wti,68.99,USD per barrel,github.com/datasets/oil-prices
2024-11-15,wti,67.33,USD per barrel,github.com/datasets/oil-prices
2024-11-18,wti,69.46,USD per barrel,github.com/datasets/oil-prices
2024-11-19,wti,69.75,USD per barrel,github.com/datasets/oil-prices
2024-11-20,wti,69.25,USD per barrel,github.com/datasets/oil-prices
2024-11-21,wti,70.39,USD per barrel,github.com/datasets/oil-prices
2024-11-22,wti,71.68,USD per barrel,github.com/datasets/oil-prices
2024-11-25,wti,69.41,USD per barrel,github.com/datasets/oil-prices
2024-11-26,wti,69.05,USD per barrel,github.com/datasets/oil-prices
2024-11-27,wti,69.03,USD per barrel,github.com/datasets/oil-prices
2024-11-29,wti,68.26,USD per barrel,github.com/datasets/oil-prices
2024-12-02,wti,68.35,USD per barrel,github.com/datasets/oil-prices
2024-12-03,wti,70.15,USD per barrel,github.com/datasets/oil-prices
2024-12-04,wti,68.81,USD per barrel,github.com/datasets/oil-prices
2024-12-05,wti,68.58,USD per barrel,github.com/datasets/oil-prices
2024-12-06,wti,68.58,USD per barrel,github.com/datasets/oil-prices
2024-12-09,wti,68.65,USD per barrel,github.com/datasets/oil-prices
2024-12-10,wti,68.85,USD per barrel,github.com/datasets/oil-prices
2024-12-11,wti,70.57,USD per barrel,github.com/datasets/oil-prices
2024-12-12,wti,70.25,USD per barrel,github.com/datasets/oil-prices
2024-12-13,wti,71.54,USD per barrel,github.com/datasets/oil-prices
2024-12-16,wti,71.03,USD per barrel,github.com/datasets/oil-prices
2024-12-17,wti,70.31,USD per barrel,github.com/datasets/oil-prices
2024-12-18,wti,70.8,USD per barrel,github.com/datasets/oil-prices
2024-12-19,wti,70.1,USD per barrel,github.com/datasets/oil-prices
2024-12-20,wti,69.71,USD per barrel,github.com/datasets/oil-prices
2024-12-23,wti,69.5,USD per barrel,github.com/datasets/oil-prices
2024-12-24,wti,70.87,USD per barrel,github.com/datasets/oil-prices
2024-12-26,wti,70.38,USD per barrel,github.com/datasets/oil-prices
2024-12-27,wti,71.28,USD per barrel,github.com/datasets/oil-prices
2024-12-30,wti,71.73,USD per barrel,github.com/datasets/oil-prices
2024-12-31,wti,72.44,USD per barrel,github.com/datasets/oil-prices
2025-01-02,wti,73.79,USD per barrel,github.com/datasets/oil-prices
2025-01-03,wti,74.64,USD per barrel,github.com/datasets/oil-prices
2025-01-06,wti,74.31,USD per barrel,github.com/datasets/oil-prices
2025-01-07,wti,74.99,USD per barrel,github.com/datasets/oil-prices
2025-01-08,wti,73.99,USD per barrel,github.com/datasets/oil-prices
2025-01-10,wti,77.27,USD per barrel,github.com/datasets/oil-prices
2025-01-13,wti,79.57,USD per barrel,github.com/datasets/oil-prices
2025-01-14,wti,78.2,USD per barrel,github.com/datasets/oil-prices
2025-01-15,wti,80.73,USD per barrel,github.com/datasets/oil-prices
2025-01-16,wti,79.35,USD per barrel,github.com/datasets/oil-prices
2025-01-17,wti,78.56,USD per barrel,github.com/datasets/oil-prices
2025-01-21,wti,76.79,USD per barrel,github.com/datasets/oil-prices
2025-01-22,wti,76.12,USD per barrel,github.com/datasets/oil-prices
2025-01-23,wti,75.03,USD per barrel,github.com/datasets/oil-prices
2025-01-24,wti,74.97,USD per barrel,github.com/datasets/oil-prices
2025-01-27,wti,73.51,USD per barrel,github.com/datasets/oil-prices
2025-01-28,wti,74.15,USD per barrel,github.com/datasets/oil-prices
2025-01-29,wti,72.94,USD per barrel,github.com/datasets/oil-prices
2025-01-30,wti,73.1,USD per barrel,github.com/datasets/oil-prices
2025-01-31,wti,72.84,USD per barrel,github.com/datasets/oil-prices
2025-02-03,wti,73.52,USD per barrel,github.com/datasets/oil-prices
2025-02-04,wti,73.04,USD per barrel,github.com/datasets/oil-prices
2025-02-05,wti,71.39,USD per barrel,github.com/datasets/oil-prices
2025-02-06,wti,70.97,USD per barrel,github.com/datasets/oil-prices
2025-02-07,wti,71.32,USD per barrel,github.com/datasets/oil-prices
2025-02-10,wti,72.73,USD per barrel,github.com/datasets/oil-prices
2025-02-11,wti,73.67,USD per barrel,github.com/datasets/oil-prices
2025-02-12,wti,71.72,USD per barrel,github.com/datasets/oil-prices
2025-02-13,wti,71.66,USD per barrel,github.com/datasets/oil-prices
2025-02-14,wti,71.05,USD per barrel,github.com/datasets/oil-prices
2025-02-18,wti,72.21,USD per barrel,github.com/datasets/oil-prices
2025-02-19,wti,72.58,USD per barrel,github.com/datasets/oil-prices
2025-02-20,wti,72.88,USD per barrel,github.com/datasets/oil-prices
2025-02-21,wti,70.72,USD per barrel,github.com/datasets/oil-prices
2025-02-24,wti,71.06,USD per barrel,github.com/datasets/oil-prices
2025-02-25,wti,69.15,USD per barrel,github.com/datasets/oil-prices
2025-02-26,wti,68.87,USD per barrel,github.com/datasets/oil-prices
2025-02-27,wti,70.62,USD per barrel,github.com/datasets/oil-prices
2025-02-28,wti,69.97,USD per barrel,github.com/datasets/oil-prices
2025-03-03,wti,68.63,USD per barrel,github.com/datasets/oil-prices
2025-03-04,wti,68.47,USD per barrel,github.com/datasets/oil-prices
2025-03-05,wti,66.58,USD per barrel,github.com/datasets/oil-prices
2025-03-06,wti,66.62,USD per barrel,github.com/datasets/oil-prices
2025-03-07,wti,67.29,USD per barrel,github.com/datasets/oil-prices
2025-03-10,wti,66.31,USD per barrel,github.com/datasets/oil-prices
2025-03-11,wti,66.52,USD per barrel,github.com/datasets/oil-prices
2025-03-12,wti,67.65,USD per barrel,github.com/datasets/oil-prices
2025-03-13,wti,66.82,USD per barrel,github.com/datasets/oil-prices
2025-03-14,wti,67.43,USD per barrel,github.com/datasets/oil-prices
2025-03-17,wti,67.84,USD per barrel,github.com/datasets/oil-prices
2025-03-18,wti,67.49,USD per barrel,github.com/datasets/oil-prices
2025-03-19,wti,67.4,USD per barrel,github.com/datasets/oil-prices
2025-03-20,wti,68.55,USD per barrel,github.com/datasets/oil-prices
2025-03-21,wti,68.52,USD per barrel,github.com/datasets/oil-prices
2025-03-24,wti,69.46,USD per barrel,github.com/datasets/oil-prices
2025-03-25,wti,69.48,USD per barrel,github.com/datasets/oil-prices
2025-03-26,wti,70.05,USD per barrel,github.com/datasets/oil-prices
2025-03-27,wti,70.3,USD per barrel,github.com/datasets/oil-prices
2025-03-28,wti,69.74,USD per barrel,github.com/datasets/oil-prices
2025-03-31,wti,71.87,USD per barrel,github.com/datasets/oil-prices
2025-04-01,wti,71.61,USD per barrel,github.com/datasets/oil-prices
2025-04-02,wti,72.12,USD per barrel,github.com/datasets/oil-prices
2025-04-03,wti,67.43,USD per barrel,github.com/datasets/oil-prices
2025-04-04,wti,62.42,USD per barrel,github.com/datasets/oil-prices
2025-04-07,wti,61.05,USD per barrel,github.com/datasets/oil-prices
2025-04-08,wti,60.04,USD per barrel,github.com/datasets/oil-prices
2025-04-09,wti,62.63,USD per barrel,github.com/datasets/oil-prices
2025-04-10,wti,60.57,USD per barrel,github.com/datasets/oil-prices
2025-04-11,wti,61.91,USD per barrel,github.com/datasets/oil-prices
2025-04-14,wti,61.99,USD per barrel,github.com/datasets/oil-prices
2025-04-15,wti,61.74,USD per barrel,github.com/datasets/oil-prices
2025-04-16,wti,62.88,USD per barrel,github.com/datasets/oil-prices
2025-04-17,wti,65.07,USD per barrel,github.com/datasets/oil-prices
2025-04-21,wti,63.48,USD per barrel,github.com/datasets/oil-prices
2025-04-22,wti,64.6,USD per barrel,github.com/datasets/oil-prices
2025-04-23,wti,62.64,USD per barrel,github.com/datasets/oil-prices
2025-04-24,wti,63.55,USD per barrel,github.com/datasets/oil-prices
2025-04-25,wti,63.85,USD per barrel,github.com/datasets/oil-prices
2025-04-28,wti,63.3,USD per barrel,github.com/datasets/oil-prices
2025-04-29,wti,61.84,USD per barrel,github.com/datasets/oil-prices
2025-04-30,wti,59.55,USD per barrel,github.com/datasets/oil-prices
2025-05-01,wti,60.59,USD per barrel,github.com/datasets/oil-prices
2025-05-02,wti,59.67,USD per barrel,github.com/datasets/oil-prices
2025-05-05,wti,58.5,USD per barrel,github.com/datasets/oil-prices
2025-05-06,wti,60.42,USD per barrel,github.com/datasets/oil-prices
2025-05-07,wti,59.42,USD per barrel,github.com/datasets/oil-prices
2025-05-08,wti,61.25,USD per barrel,github.com/datasets/oil-prices
2025-05-09,wti,62.37,USD per barrel,github.com/datasets/oil-prices
2025-05-12,wti,63.32,USD per barrel,github.com/datasets/oil-prices
2025-05-13,wti,65.04,USD per barrel,github.com/datasets/oil-prices
2025-05-14,wti,64.48,USD per barrel,github.com/datasets/oil-prices
2025-05-15,wti,63.03,USD per barrel,github.com/datasets/oil-prices
2025-05-16,wti,63.84,USD per barrel,github.com/datasets/oil-prices
2025-05-19,wti,63.98,USD per barrel,github.com/datasets/oil-prices
2025-05-20,wti,63.97,USD per barrel,github.com/datasets/oil-prices
2025-05-21,wti,62.93,USD per barrel,github.com/datasets/oil-prices
2025-05-22,wti,62.55,USD per barrel,github.com/datasets/oil-prices
2025-05-23,wti,62.89,USD per barrel,github.com/datasets/oil-prices
2025-05-27,wti,61.61,USD per barrel,github.com/datasets/oil-prices
2025-05-28,wti,62.54,USD per barrel,github.com/datasets/oil-prices
2025-05-29,wti,61.66,USD per barrel,github.com/datasets/oil-prices
2025-05-30,wti,61.46,USD per barrel,github.com/datasets/oil-prices
2025-06-02,wti,63.27,USD per barrel,github.com/datasets/oil-prices
2025-06-03,wti,64.1,USD per barrel,github.com/datasets/oil-prices
2025-06-04,wti,63.57,USD per barrel,github.com/datasets/oil-prices
2025-06-05,wti,64.06,USD per barrel,github.com/datasets/oil-prices
2025-06-06,wti,65.3,USD per barrel,github.com/datasets/oil-prices
2025-06-09,wti,65.99,USD per barrel,github.com/datasets/oil-prices
2025-06-10,wti,65.66,USD per barrel,github.com/datasets/oil-prices
2025-06-11,wti,68.91,USD per barrel,github.com/datasets/oil-prices
2025-06-12,wti,68.73,USD per barrel,github.com/datasets/oil-prices
2025-06-13,wti,73.84,USD per barrel,github.com/datasets/oil-prices
2025-06-16,wti,72.53,USD per barrel,github.com/datasets/oil-prices
2025-06-17,wti,75.62,USD per barrel,github.com/datasets/oil-prices
2025-06-18,wti,75.89,USD per barrel,github.com/datasets/oil-prices
2025-06-20,wti,75.72,USD per barrel,github.com/datasets/oil-prices
2025-06-23,wti,69.36,USD per barrel,github.com/datasets/oil-prices
2025-06-24,wti,65.45,USD per barrel,github.com/datasets/oil-prices
2025-06-25,wti,65.98,USD per barrel,github.com/datasets/oil-prices
2025-06-26,wti,66.44,USD per barrel,github.com/datasets/oil-prices
2025-06-27,wti,66.66,USD per barrel,github.com/datasets/oil-prices
2025-06-30,wti,66.3,USD per barrel,github.com/datasets/oil-prices
2025-07-01,wti,66.64,USD per barrel,github.com/datasets/oil-prices
2025-07-02,wti,68.66,USD per barrel,github.com/datasets/oil-prices
2025-07-03,wti,68.13,USD per barrel,github.com/datasets/oil-prices
2025-07-07,wti,69.16,USD per barrel,github.com/datasets/oil-prices
2025-07-08,wti,69.55,USD per barrel,github.com/datasets/oil-prices
2025-07-09,wti,69.61,USD per barrel,github.com/datasets/oil-prices
2025-07-10,wti,67.78,USD per barrel,github.com/datasets/oil-prices
2025-07-11,wti,69.63,USD per barrel,github.com/datasets/oil-prices
2025-07-14,wti,68.19,USD per barrel,github.com/datasets/oil-prices
2025-07-15,wti,67.76,USD per barrel,github.com/datasets/oil-prices
2025-07-16,wti,67.13,USD per barrel,github.com/datasets/oil-prices
2025-07-17,wti,68.76,USD per barrel,github.com/datasets/oil-prices
2025-07-18,wti,68.53,USD per barrel,github.com/datasets/oil-prices
2025-07-21,wti,68.39,USD per barrel,github.com/datasets/oil-prices
2025-07-22,wti,67.56,USD per barrel,github.com/datasets/oil-prices
2025-07-23,wti,66.05,USD per barrel,github.com/datasets/oil-prices
2025-07-24,wti,67.16,USD per barrel,github.com/datasets/oil-prices
2025-07-25,wti,66.38,USD per barrel,github.com/datasets/oil-prices
2025-07-28,wti,67.81,USD per barrel,github.com/datasets/oil-prices
2025-07-29,wti,70.27,USD per barrel,github.com/datasets/oil-prices
2025-07-30,wti,71.09,USD per barrel,github.com/datasets/oil-prices
2025-07-31,wti,70.36,USD per barrel,github.com/datasets/oil-prices
2025-08-01,wti,68.39,USD per barrel,github.com/datasets/oil-prices
2025-08-04,wti,67.33,USD per barrel,github.com/datasets/oil-prices
2025-08-05,wti,66.2,USD per barrel,github.com/datasets/oil-prices
2025-08-06,wti,65.38,USD per barrel,github.com/datasets/oil-prices
2025-08-07,wti,64.9,USD per barrel,github.com/datasets/oil-prices
2025-08-08,wti,64.94,USD per barrel,github.com/datasets/oil-prices
2025-08-11,wti,65.03,USD per barrel,github.com/datasets/oil-prices
2025-08-12,wti,64.22,USD per barrel,github.com/datasets/oil-prices
2025-08-13,wti,63.68,USD per barrel,github.com/datasets/oil-prices
2025-08-14,wti,64.99,USD per barrel,github.com/datasets/oil-prices
2025-08-15,wti,63.78,USD per barrel,github.com/datasets/oil-prices
2025-08-18,wti,64.51,USD per barrel,github.com/datasets/oil-prices
2025-08-19,wti,63.38,USD per barrel,github.com/datasets/oil-prices
2025-08-20,wti,64.19,USD per barrel,github.com/datasets/oil-prices
2025-08-21,wti,64.56,USD per barrel,github.com/datasets/oil-prices
2025-08-22,wti,64.08,USD per barrel,github.com/datasets/oil-prices
2025-08-25,wti,65.18,USD per barrel,github.com/datasets/oil-prices
2025-08-26,wti,63.6,USD per barrel,github.com/datasets/oil-prices
2025-08-27,wti,64.49,USD per barrel,github.com/datasets/oil-prices
2025-08-28,wti,64.96,USD per barrel,github.com/datasets/oil-prices
2025-08-29,wti,64.36,USD per barrel,github.com/datasets/oil-prices
2025-09-02,wti,65.95,USD per barrel,github.com/datasets/oil-prices
2025-09-03,wti,64.36,USD per barrel,github.com/datasets/oil-prices
2025-09-04,wti,63.81,USD per barrel,github.com/datasets/oil-prices
2025-09-05,wti,62.22,USD per barrel,github.com/datasets/oil-prices
2025-09-08,wti,62.6,USD per barrel,github.com/datasets/oil-prices
2025-09-09,wti,62.97,USD per barrel,github.com/datasets/oil-prices
2025-09-10,wti,64.01,USD per barrel,github.com/datasets/oil-prices
2025-09-11,wti,62.71,USD per barrel,github.com/datasets/oil-prices
2025-09-12,wti,63.02,USD per barrel,github.com/datasets/oil-prices
2025-09-15,wti,63.66,USD per barrel,github.com/datasets/oil-prices
2025-09-16,wti,64.89,USD per barrel,github.com/datasets/oil-prices
2025-09-17,wti,64.41,USD per barrel,github.com/datasets/oil-prices
2025-09-18,wti,63.91,USD per barrel,github.com/datasets/oil-prices
2025-09-19,wti,63.02,USD per barrel,github.com/datasets/oil-prices
2025-09-22,wti,62.99,USD per barrel,github.com/datasets/oil-prices
2025-09-23,wti,63.76,USD per barrel,github.com/datasets/oil-prices
2025-09-24,wti,65.4,USD per barrel,github.com/datasets/oil-prices
2025-09-25,wti,65.51,USD per barrel,github.com/datasets/oil-prices
2025-09-26,wti,66.5,USD per barrel,github.com/datasets/oil-prices
2025-09-29,wti,64.27,USD per barrel,github.com/datasets/oil-prices
2025-09-30,wti,63.17,USD per barrel,github.com/datasets/oil-prices
2025-10-01,wti,62.59,USD per barrel,github.com/datasets/oil-prices
2025-10-02,wti,61.28,USD per barrel,github.com/datasets/oil-prices
2025-10-03,wti,61.65,USD per barrel,github.com/datasets/oil-prices
2025-10-06,wti,62.49,USD per barrel,github.com/datasets/oil-prices
2025-10-07,wti,62.52,USD per barrel,github.com/datasets/oil-prices
2025-10-08,wti,63.37,USD per barrel,github.com/datasets/oil-prices
2025-10-09,wti,62.36,USD per barrel,github.com/datasets/oil-prices
2025-10-10,wti,59.75,USD per barrel,github.com/datasets/oil-prices
2025-10-14,wti,59.52,USD per barrel,github.com/datasets/oil-prices
2025-10-15,wti,59.08,USD per barrel,github.com/datasets/oil-prices
2025-10-16,wti,58.29,USD per barrel,github.com/datasets/oil-prices
2025-10-17,wti,58.3,USD per barrel,github.com/datasets/oil-prices
2025-10-20,wti,58.34,USD per barrel,github.com/datasets/oil-prices
2025-10-21,wti,58.66,USD per barrel,github.com/datasets/oil-prices
2025-10-22,wti,59.3,USD per barrel,github.com/datasets/oil-prices
2025-10-23,wti,62.44,USD per barrel,github.com/datasets/oil-prices
2025-10-24,wti,62.27,USD per barrel,github.com/datasets/oil-prices
2025-10-27,wti,62.13,USD per barrel,github.com/datasets/oil-prices
2025-10-28,wti,60.97,USD per barrel,github.com/datasets/oil-prices
2025-10-29,wti,61.26,USD per barrel,github.com/datasets/oil-prices
2025-10-30,wti,61.36,USD per barrel,github.com/datasets/oil-prices
2025-10-31,wti,61.75,USD per barrel,github.com/datasets/oil-prices
2025-11-03,wti,61.79,USD per barrel,github.com/datasets/oil-prices
2025-11-04,wti,61.38,USD per barrel,github.com/datasets/oil-prices
2025-11-05,wti,60.4,USD per barrel,github.com/datasets/oil-prices
2025-11-06,wti,60.24,USD per barrel,github.com/datasets/oil-prices
2025-11-07,wti,60.54,USD per barrel,github.com/datasets/oil-prices
2025-11-10,wti,60.94,USD per barrel,github.com/datasets/oil-prices
2025-11-12,wti,59.3,USD per barrel,github.com/datasets/oil-prices
2025-11-13,wti,59.54,USD per barrel,github.com/datasets/oil-prices
2025-11-14,wti,60.87,USD per barrel,github.com/datasets/oil-prices
2025-11-17,wti,60.66,USD per barrel,github.com/datasets/oil-prices
2025-11-18,wti,61.51,USD per barrel,github.com/datasets/oil-prices
2025-11-19,wti,60.27,USD per barrel,github.com/datasets/oil-prices
2025-11-20,wti,60.07,USD per barrel,github.com/datasets/oil-prices
2025-11-21,wti,58.86,USD per barrel,github.com/datasets/oil-prices
2025-11-24,wti,59.11,USD per barrel,github.com/datasets/oil-prices
2025-11-25,wti,58.25,USD per barrel,github.com/datasets/oil-prices
2025-11-26,wti,58.81,USD per barrel,github.com/datasets/oil-prices
2025-11-28,wti,58.58,USD per barrel,github.com/datasets/oil-prices
2025-12-01,wti,59.47,USD per barrel,github.com/datasets/oil-prices
2025-12-02,wti,58.81,USD per barrel,github.com/datasets/oil-prices
2025-12-03,wti,59.09,USD per barrel,github.com/datasets/oil-prices
2025-12-04,wti,59.82,USD per barrel,github.com/datasets/oil-prices
2025-12-05,wti,60.23,USD per barrel,github.com/datasets/oil-prices
2025-12-08,wti,59.04,USD per barrel,github.com/datasets/oil-prices
2025-12-09,wti,58.4,USD per barrel,github.com/datasets/oil-prices
2025-12-10,wti,58.67,USD per barrel,github.com/datasets/oil-prices
2025-12-11,wti,57.76,USD per barrel,github.com/datasets/oil-prices
2025-12-12,wti,57.61,USD per barrel,github.com/datasets/oil-prices
2025-12-15,wti,56.97,USD per barrel,github.com/datasets/oil-prices
2025-12-16,wti,55.44,USD per barrel,github.com/datasets/oil-prices
2025-12-17,wti,56.07,USD per barrel,github.com/datasets/oil-prices
2025-12-18,wti,56.22,USD per barrel,github.com/datasets/oil-prices
2025-12-19,wti,56.8,USD per barrel,github.com/datasets/oil-prices
2025-12-22,wti,58.18,USD per barrel,github.com/datasets/oil-prices
2025-12-23,wti,58.55,USD per barrel,github.com/datasets/oil-prices
2025-12-24,wti,58.72,USD per barrel,github.com/datasets/oil-prices
2025-12-26,wti,56.6,USD per barrel,github.com/datasets/oil-prices
2025-12-29,wti,57.89,USD per barrel,github.com/datasets/oil-prices
2025-12-30,wti,57.79,USD per barrel,github.com/datasets/oil-prices
2025-12-31,wti,57.26,USD per barrel,github.com/datasets/oil-prices
2026-01-02,wti,57.21,USD per barrel,github.com/datasets/oil-prices
2026-01-05,wti,58.1,USD per barrel,github.com/datasets/oil-prices
2026-01-06,wti,56.97,USD per barrel,github.com/datasets/oil-prices
2026-01-07,wti,56.01,USD per barrel,github.com/datasets/oil-prices
2026-01-08,wti,57.74,USD per barrel,github.com/datasets/oil-prices
2026-01-09,wti,58.96,USD per barrel,github.com/datasets/oil-prices
2026-01-12,wti,59.39,USD per barrel,github.com/datasets/oil-prices
2026-01-13,wti,60.85,USD per barrel,github.com/datasets/oil-prices
2026-01-14,wti,61.84,USD per barrel,github.com/datasets/oil-prices
2026-01-15,wti,59.13,USD per barrel,github.com/datasets/oil-prices
2026-01-16,wti,59.4,USD per barrel,github.com/datasets/oil-prices
2026-01-20,wti,60.3,USD per barrel,github.com/datasets/oil-prices
2026-01-21,wti,60.38,USD per barrel,github.com/datasets/oil-prices
2026-01-22,wti,59.24,USD per barrel,github.com/datasets/oil-prices
2026-01-23,wti,60.7,USD per barrel,github.com/datasets/oil-prices
2026-01-26,wti,60.46,USD per barrel,github.com/datasets/oil-prices
2026-01-27,wti,62.04,USD per barrel,github.com/datasets/oil-prices
2026-01-28,wti,62.75,USD per barrel,github.com/datasets/oil-prices
2026-01-29,wti,64.77,USD per barrel,github.com/datasets/oil-prices
2026-01-30,wti,64.5,USD per barrel,github.com/datasets/oil-prices
2026-02-02,wti,61.6,USD per barrel,github.com/datasets/oil-prices
2026-02-03,wti,62.62,USD per barrel,github.com/datasets/oil-prices
2026-02-04,wti,64.56,USD per barrel,github.com/datasets/oil-prices
2026-02-05,wti,62.9,USD per barrel,github.com/datasets/oil-prices
2026-02-06,wti,63.77,USD per barrel,github.com/datasets/oil-prices
2026-02-09,wti,64.53,USD per barrel,github.com/datasets/oil-prices
2026-02-10,wti,64.2,USD per barrel,github.com/datasets/oil-prices
2026-02-11,wti,64.8,USD per barrel,github.com/datasets/oil-prices
2026-02-12,wti,63.08,USD per barrel,github.com/datasets/oil-prices
2026-02-13,wti,63.05,USD per barrel,github.com/datasets/oil-prices
2026-02-17,wti,62.53,USD per barrel,github.com/datasets/oil-prices
2026-02-18,wti,65.33,USD per barrel,github.com/datasets/oil-prices
2026-02-19,wti,66.66,USD per barrel,github.com/datasets/oil-prices
2026-02-20,wti,66.69,USD per barrel,github.com/datasets/oil-prices
2026-02-23,wti,66.36,USD per barrel,github.com/datasets/oil-prices
2026-02-24,wti,65.62,USD per barrel,github.com/datasets/oil-prices
2026-02-25,wti,65.3,USD per barrel,github.com/datasets/oil-prices
2026-02-26,wti,65.1,USD per barrel,github.com/datasets/oil-prices
2026-02-27,wti,66.96,USD per barrel,github.com/datasets/oil-prices
2026-03-02,wti,71.13,USD per barrel,github.com/datasets/oil-prices
2026-03-03,wti,74.48,USD per barrel,github.com/datasets/oil-prices
2026-03-04,wti,74.58,USD per barrel,github.com/datasets/oil-prices
2026-03-05,wti,80.88,USD per barrel,github.com/datasets/oil-prices
2026-03-06,wti,90.77,USD per barrel,github.com/datasets/oil-prices
2026-03-09,wti,94.65,USD per barrel,github.com/datasets/oil-prices
2026-03-10,wti,83.71,USD per barrel,github.com/datasets/oil-prices
2026-03-11,wti,86.8,USD per barrel,github.com/datasets/oil-prices
2026-03-12,wti,95.61,USD per barrel,github.com/datasets/oil-prices
2026-03-13,wti,98.48,USD per barrel,github.com/datasets/oil-prices
2026-03-16,wti,93.39,USD per barrel,github.com/datasets/oil-prices
2026-03-17,wti,96.01,USD per barrel,github.com/datasets/oil-prices
2026-03-18,wti,96.12,USD per barrel,github.com/datasets/oil-prices
2026-03-19,wti,96.11,USD per barrel,github.com/datasets/oil-prices
2026-03-20,wti,98.71,USD per barrel,github.com/datasets/oil-prices
2026-03-23,wti,89.33,USD per barrel,github.com/datasets/oil-prices
2026-03-24,wti,93.18,USD per barrel,github.com/datasets/oil-prices
2026-03-25,wti,91.51,USD per barrel,github.com/datasets/oil-prices
2026-03-26,wti,96.18,USD per barrel,github.com/datasets/oil-prices
2026-03-27,wti,101.26,USD per barrel,github.com/datasets/oil-prices
2026-03-30,wti,104.69,USD per barrel,github.com/datasets/oil-prices
2026-03-31,wti,102.86,USD per barrel,github.com/datasets/oil-prices
2026-04-01,wti,101.9,USD per barrel,github.com/datasets/oil-prices
2026-04-02,wti,113.23,USD per barrel,github.com/datasets/oil-prices
2026-04-06,wti,114.01,USD per barrel,github.com/datasets/oil-prices
2026-04-07,wti,114.58,USD per barrel,github.com/datasets/oil-prices
2026-04-08,wti,96.17,USD per barrel,github.com/datasets/oil-prices
2026-04-09,wti,99.62,USD per barrel,github.com/datasets/oil-prices
2026-04-10,wti,98.34,USD per barrel,github.com/datasets/oil-prices
2026-04-13,wti,100.72,USD per barrel,github.com/datasets/oil-prices
2026-04-14,wti,93.07,USD per barrel,github.com/datasets/oil-prices
2026-04-15,wti,93.04,USD per barrel,github.com/datasets/oil-prices
2026-04-16,wti,96.46,USD per barrel,github.com/datasets/oil-prices
2026-04-17,wti,85.91,USD per barrel,github.com/datasets/oil-prices
2026-04-20,wti,91.06,USD per barrel,github.com/datasets/oil-prices
2026-04-21,wti,93.64,USD per barrel,github.com/datasets/oil-prices
2026-04-22,wti,94.76,USD per barrel,github.com/datasets/oil-prices
2026-04-23,wti,99.27,USD per barrel,github.com/datasets/oil-prices
2026-04-24,wti,98.42,USD per barrel,github.com/datasets/oil-prices
2026-04-27,wti,99.89,USD per barrel,github.com/datasets/oil-prices
2026-04-28,wti,103.45,USD per barrel,github.com/datasets/oil-prices
2026-04-29,wti,110.47,USD per barrel,github.com/datasets/oil-prices
2026-04-30,wti,108.64,USD per barrel,github.com/datasets/oil-prices
2026-05-01,wti,105.38,USD per barrel,github.com/datasets/oil-prices
2026-05-04,wti,109.76,USD per barrel,github.com/datasets/oil-prices
2026-05-05,wti,105.66,USD per barrel,github.com/datasets/oil-prices
2026-05-06,wti,98.75,USD per barrel,github.com/datasets/oil-prices
2026-05-07,wti,98.38,USD per barrel,github.com/datasets/oil-prices
2026-05-08,wti,98.87,USD per barrel,github.com/datasets/oil-prices
2026-05-11,wti,101.56,USD per barrel,github.com/datasets/oil-prices
2026-05-12,wti,105.78,USD per barrel,github.com/datasets/oil-prices
2026-05-13,wti,104.52,USD per barrel,github.com/datasets/oil-prices
2026-05-14,wti,104.66,USD per barrel,github.com/datasets/oil-prices
2026-05-15,wti,108.99,USD per barrel,github.com/datasets/oil-prices
2026-05-18,wti,112.25,USD per barrel,github.com/datasets/oil-prices
2026-05-19,wti,112.09,USD per barrel,github.com/datasets/oil-prices
2026-05-20,wti,101.69,USD per barrel,github.com/datasets/oil-prices
2026-05-21,wti,100.2,USD per barrel,github.com/datasets/oil-prices
2026-05-22,wti,100.35,USD per barrel,github.com/datasets/oil-prices
2026-05-26,wti,97.63,USD per barrel,github.com/datasets/oil-prices
2026-05-27,wti,92.35,USD per barrel,github.com/datasets/oil-prices
2026-05-28,wti,92.65,USD per barrel,github.com/datasets/oil-prices
2026-05-29,wti,91.16,USD per barrel,github.com/datasets/oil-prices
2026-06-01,wti,95.96,USD per barrel,github.com/datasets/oil-prices
2026-06-02,wti,97.47,USD per barrel,github.com/datasets/oil-prices
2026-06-03,wti,99.76,USD per barrel,github.com/datasets/oil-prices
2026-06-04,wti,96.83,USD per barrel,github.com/datasets/oil-prices
2026-06-05,wti,94.32,USD per barrel,github.com/datasets/oil-prices
2026-06-08,wti,95.0,USD per barrel,github.com/datasets/oil-prices
2026-06-09,wti,91.9,USD per barrel,github.com/datasets/oil-prices
2026-06-10,wti,93.68,USD per barrel,github.com/datasets/oil-prices
2026-06-11,wti,91.58,USD per barrel,github.com/datasets/oil-prices
2026-06-12,wti,88.62,USD per barrel,github.com/datasets/oil-prices
2026-06-15,wti,84.65,USD per barrel,github.com/datasets/oil-prices
2026-06-16,wti,79.8,USD per barrel,github.com/datasets/oil-prices
2026-06-17,wti,80.65,USD per barrel,github.com/datasets/oil-prices
2026-06-18,wti,80.35,USD per barrel,github.com/datasets/oil-prices
2026-06-22,wti,78.94,USD per barrel,github.com/datasets/oil-prices
2026-06-23,wti,74.62,USD per barrel,github.com/datasets/oil-prices
2026-06-24,wti,71.42,USD per barrel,github.com/datasets/oil-prices
2026-06-25,wti,72.67,USD per barrel,github.com/datasets/oil-prices
2026-06-26,wti,70.3,USD per barrel,github.com/datasets/oil-prices
2026-06-29,wti,71.87,USD per barrel,github.com/datasets/oil-prices
2026-06-30,wti,70.56,USD per barrel,github.com/datasets/oil-prices
2026-07-01,wti,69.74,USD per barrel,github.com/datasets/oil-prices
2026-07-02,wti,69.73,USD per barrel,github.com/datasets/oil-prices
2026-07-06,wti,69.6,USD per barrel,github.com/datasets/oil-prices
2026-07-07,wti,71.53,USD per barrel,github.com/datasets/oil-prices
2026-07-08,wti,74.56,USD per barrel,github.com/datasets/oil-prices
2026-07-09,wti,73.15,USD per barrel,github.com/datasets/oil-prices
2026-07-10,wti,72.45,USD per barrel,github.com/datasets/oil-prices
2026-07-13,wti,79.2,USD per barrel,github.com/datasets/oil-prices
2026-07-14,wti,80.44,USD per barrel,github.com/datasets/oil-prices
2026-07-15,wti,80.73,USD per barrel,github.com/datasets/oil-prices
2026-07-16,wti,80.03,USD per barrel,github.com/datasets/oil-prices
2026-07-17,wti,83.43,USD per barrel,github.com/datasets/oil-prices
2026-07-20,wti,84.38,USD per barrel,github.com/datasets/oil-prices
2026-07-21,wti,86.04,USD per barrel,github.com/datasets/oil-prices
2026-07-22,wti,87.66,USD per barrel,github.com/datasets/oil-prices
2026-07-23,wti,93.08,USD per barrel,github.com/datasets/oil-prices
2026-07-24,wti,91.74,USD per barrel,github.com/datasets/oil-prices
2026-07-27,wti,84.25,USD per barrel,github.com/datasets/oil-prices
2026-07-28,wti,80.91,USD per barrel,github.com/datasets/oil-prices
2026-07-29,wti,86.08,USD per barrel,github.com/datasets/oil-prices
2026-07-30,wti,85.15,USD per barrel,github.com/datasets/oil-prices
2026-07-31,wti,86.16,USD per barrel,github.com/datasets/oil-prices
2026-08-03,wti,81.96,USD per barrel,github.com/datasets/oil-prices
2026-08-04,wti,77.33,USD per barrel,github.com/datasets/oil-prices
2026-08-05,wti,76.78,USD per barrel,github.com/datasets/oil-prices
2026-08-06,wti,78.88,USD per barrel,github.com/datasets/oil-prices
2026-08-07,wti,79.77,USD per barrel,github.com/datasets/oil-prices
2026-08-10,wti,83.76,USD per barrel,github.com/datasets/oil-prices
2026-08-11,wti,84.77,USD per barrel,github.com/datasets/oil-prices
2026-08-12,wti,84.97,USD per barrel,github.com/datasets/oil-prices
2026-08-13,wti,82.77,USD per barrel,github.com/datasets/oil-prices
2026-08-14,wti,83.99,USD per barrel,github.com/datasets/oil-prices
2026-08-17,wti,86.04,USD per barrel,github.com/datasets/oil-prices
2026-08-18,wti,86.48,USD per barrel,github.com/datasets/oil-prices
2026-08-19,wti,87.28,USD per barrel,github.com/datasets/oil-prices
2026-08-20,wti,89.75,USD per barrel,github.com/datasets/oil-prices
2026-08-21,wti,87.21,USD per barrel,github.com/datasets/oil-prices
2026-08-24,wti,86.34,USD per barrel,github.com/datasets/oil-prices
2026-08-25,wti,83.9,USD per barrel,github.com/datasets/oil-prices
2026-08-26,wti,83.46,USD per barrel,github.com/datasets/oil-prices
2026-08-27,wti,84.81,USD per barrel,github.com/datasets/oil-prices
2026-08-28,wti,84.57,USD per barrel,github.com/datasets/oil-prices
2026-08-31,wti,87.03,USD per barrel,github.com/datasets/oil-prices
2026-09-01,wti,91.48,USD per barrel,github.com/datasets/oil-prices
2026-09-02,wti,92.15,USD per barrel,github.com/datasets/oil-prices
2026-09-03,wti,92.55,USD per barrel,github.com/datasets/oil-prices
2026-09-04,wti,92.69,USD per barrel,github.com/datasets/oil-prices
2026-09-08,wti,94.21,USD per barrel,github.com/datasets/oil-prices
2026-09-09,wti,97.26,USD per barrel,github.com/datasets/oil-prices
2026-09-10,wti,103.57,USD per barrel,github.com/datasets/oil-prices
2026-09-11,wti,101.27,USD per barrel,github.com/datasets/oil-prices
2026-09-14,wti,102.42,USD per barrel,github.com/datasets/oil-prices
2026-09-15,wti,107.02,USD per barrel,github.com/datasets/oil-prices
