date,series,title,category,severity,direction,value,iso2,unit,source_url
1946-10-01,Japan,Japan hike 36bp to 3.65%,monetary policy,standard,hike,35.999999999999986,JP,basis points,https://data.bis.org/topics/CBPOL
1946-11-01,Belgium,Belgium hike 100bp to 2.5%,monetary policy,major,hike,100.0,BE,basis points,https://data.bis.org/topics/CBPOL
1946-12-01,Belgium,Belgium hike 50bp to 3.0%,monetary policy,standard,hike,50.0,BE,basis points,https://data.bis.org/topics/CBPOL
1947-01-01,France,France hike 62bp to 2.25%,monetary policy,standard,hike,62.5,FR,basis points,https://data.bis.org/topics/CBPOL
1947-08-01,Belgium,Belgium hike 50bp to 3.5%,monetary policy,standard,hike,50.0,BE,basis points,https://data.bis.org/topics/CBPOL
1947-09-01,Italy,Italy hike 150bp to 5.5%,monetary policy,major,hike,150.0,IT,basis points,https://data.bis.org/topics/CBPOL
1947-10-01,Spain,Spain hike 40bp to 3.6%,monetary policy,standard,hike,39.99999999999999,ES,basis points,https://data.bis.org/topics/CBPOL
1947-10-01,France,France hike 75bp to 3.0%,monetary policy,major,hike,75.0,FR,basis points,https://data.bis.org/topics/CBPOL
1948-04-01,Japan,Japan hike 73bp to 4.38%,monetary policy,standard,hike,73.0,JP,basis points,https://data.bis.org/topics/CBPOL
1948-07-01,Japan,Japan hike 73bp to 5.11%,monetary policy,standard,hike,73.00000000000004,JP,basis points,https://data.bis.org/topics/CBPOL
1949-03-01,Spain,Spain cut 40bp to 3.2%,monetary policy,standard,cut,-39.99999999999999,ES,basis points,https://data.bis.org/topics/CBPOL
1949-04-01,Italy,Italy cut 100bp to 4.5%,monetary policy,major,cut,-100.0,IT,basis points,https://data.bis.org/topics/CBPOL
1949-05-01,Germany,Germany cut 50bp to 4.5%,monetary policy,standard,cut,-50.0,DE,basis points,https://data.bis.org/topics/CBPOL
1949-07-01,Germany,Germany cut 50bp to 4.0%,monetary policy,standard,cut,-50.0,DE,basis points,https://data.bis.org/topics/CBPOL
1949-10-01,Belgium,Belgium cut 25bp to 3.25%,monetary policy,standard,cut,-25.0,BE,basis points,https://data.bis.org/topics/CBPOL
1950-04-01,Italy,Italy cut 50bp to 4.0%,monetary policy,standard,cut,-50.0,IT,basis points,https://data.bis.org/topics/CBPOL
1950-06-01,France,France cut 50bp to 2.5%,monetary policy,standard,cut,-50.0,FR,basis points,https://data.bis.org/topics/CBPOL
1950-07-01,Denmark,Denmark hike 100bp to 4.5%,monetary policy,major,hike,100.0,DK,basis points,https://data.bis.org/topics/CBPOL
1950-09-01,Belgium,Belgium hike 50bp to 3.75%,monetary policy,standard,hike,50.0,BE,basis points,https://data.bis.org/topics/CBPOL
1950-10-01,Germany,Germany hike 200bp to 6.0%,monetary policy,major,hike,200.0,DE,basis points,https://data.bis.org/topics/CBPOL
1950-11-01,Denmark,Denmark hike 50bp to 5.0%,monetary policy,standard,hike,50.0,DK,basis points,https://data.bis.org/topics/CBPOL
1950-12-01,Sweden,Sweden hike 50bp to 3.0%,monetary policy,standard,hike,50.0,SE,basis points,https://data.bis.org/topics/CBPOL
1951-04-01,Netherlands,Netherlands hike 100bp to 4.5%,monetary policy,major,hike,100.0,NL,basis points,https://data.bis.org/topics/CBPOL
1951-07-01,Belgium,Belgium cut 25bp to 3.5%,monetary policy,standard,cut,-25.0,BE,basis points,https://data.bis.org/topics/CBPOL
1951-09-01,Belgium,Belgium cut 25bp to 3.25%,monetary policy,standard,cut,-25.0,BE,basis points,https://data.bis.org/topics/CBPOL
1951-10-01,Japan,Japan hike 73bp to 5.84%,monetary policy,standard,hike,72.99999999999996,JP,basis points,https://data.bis.org/topics/CBPOL
1951-10-01,France,France hike 50bp to 3.0%,monetary policy,standard,hike,50.0,FR,basis points,https://data.bis.org/topics/CBPOL
1951-11-01,United Kingdom,United Kingdom hike 50bp to 2.5%,monetary policy,standard,hike,50.0,GB,basis points,https://data.bis.org/topics/CBPOL
1951-11-01,India,India hike 50bp to 3.5%,monetary policy,standard,hike,50.0,IN,basis points,https://data.bis.org/topics/CBPOL
1951-11-01,France,France hike 100bp to 4.0%,monetary policy,major,hike,100.0,FR,basis points,https://data.bis.org/topics/CBPOL
1951-12-01,Austria,Austria hike 150bp to 5.0%,monetary policy,major,hike,150.0,AT,basis points,https://data.bis.org/topics/CBPOL
1952-01-01,Netherlands,Netherlands cut 50bp to 4.0%,monetary policy,standard,cut,-50.0,NL,basis points,https://data.bis.org/topics/CBPOL
1952-03-01,United Kingdom,United Kingdom hike 150bp to 4.0%,monetary policy,major,hike,150.0,GB,basis points,https://data.bis.org/topics/CBPOL
1952-05-01,Germany,Germany cut 100bp to 5.0%,monetary policy,major,cut,-100.0,DE,basis points,https://data.bis.org/topics/CBPOL
1952-07-01,Austria,Austria hike 100bp to 6.0%,monetary policy,major,hike,100.0,AT,basis points,https://data.bis.org/topics/CBPOL
1952-08-01,Germany,Germany cut 50bp to 4.5%,monetary policy,standard,cut,-50.0,DE,basis points,https://data.bis.org/topics/CBPOL
1952-08-01,Netherlands,Netherlands cut 50bp to 3.5%,monetary policy,standard,cut,-50.0,NL,basis points,https://data.bis.org/topics/CBPOL
1952-12-01,Belgium,Belgium cut 25bp to 3.0%,monetary policy,standard,cut,-25.0,BE,basis points,https://data.bis.org/topics/CBPOL
1953-01-01,Austria,Austria cut 50bp to 5.5%,monetary policy,standard,cut,-50.0,AT,basis points,https://data.bis.org/topics/CBPOL
1953-01-01,Germany,Germany cut 50bp to 4.0%,monetary policy,standard,cut,-50.0,DE,basis points,https://data.bis.org/topics/CBPOL
1953-03-01,Austria,Austria cut 50bp to 5.0%,monetary policy,standard,cut,-50.0,AT,basis points,https://data.bis.org/topics/CBPOL
1953-04-01,Netherlands,Netherlands cut 50bp to 3.0%,monetary policy,standard,cut,-50.0,NL,basis points,https://data.bis.org/topics/CBPOL
1953-06-01,Germany,Germany cut 50bp to 3.5%,monetary policy,standard,cut,-50.0,DE,basis points,https://data.bis.org/topics/CBPOL
1953-09-01,United Kingdom,United Kingdom cut 50bp to 3.5%,monetary policy,standard,cut,-50.0,GB,basis points,https://data.bis.org/topics/CBPOL
1953-09-01,Austria,Austria cut 100bp to 4.0%,monetary policy,major,cut,-100.0,AT,basis points,https://data.bis.org/topics/CBPOL
1953-09-01,Denmark,Denmark cut 50bp to 4.5%,monetary policy,standard,cut,-50.0,DK,basis points,https://data.bis.org/topics/CBPOL
1953-10-01,Belgium,Belgium cut 25bp to 2.75%,monetary policy,standard,cut,-25.0,BE,basis points,https://data.bis.org/topics/CBPOL
1953-11-01,Sweden,Sweden cut 25bp to 2.75%,monetary policy,standard,cut,-25.0,SE,basis points,https://data.bis.org/topics/CBPOL
1954-02-01,France,France cut 75bp to 3.25%,monetary policy,major,cut,-75.0,FR,basis points,https://data.bis.org/topics/CBPOL
1954-05-01,Germany,Germany cut 50bp to 3.0%,monetary policy,standard,cut,-50.0,DE,basis points,https://data.bis.org/topics/CBPOL
1954-05-01,United Kingdom,United Kingdom cut 50bp to 3.0%,monetary policy,standard,cut,-50.0,GB,basis points,https://data.bis.org/topics/CBPOL
1954-06-01,Denmark,Denmark hike 100bp to 5.5%,monetary policy,major,hike,100.0,DK,basis points,https://data.bis.org/topics/CBPOL
1954-06-01,Austria,Austria cut 50bp to 3.5%,monetary policy,standard,cut,-50.0,AT,basis points,https://data.bis.org/topics/CBPOL
1954-07-01,Spain,Spain cut 20bp to 3.0%,monetary policy,minor,cut,-20.000000000000018,ES,basis points,https://data.bis.org/topics/CBPOL
1954-08-01,United States,United States hike 119bp to 1.44%,monetary policy,major,hike,119.0,US,basis points,https://data.bis.org/topics/CBPOL
1954-09-01,France,France hike 25bp to 3.5%,monetary policy,standard,hike,25.0,FR,basis points,https://data.bis.org/topics/CBPOL
1954-10-01,United States,United States cut 31bp to 1.13%,monetary policy,standard,cut,-31.000000000000007,US,basis points,https://data.bis.org/topics/CBPOL
1954-11-01,United States,United States hike 25bp to 1.38%,monetary policy,standard,hike,25.0,US,basis points,https://data.bis.org/topics/CBPOL
1954-12-01,France,France cut 50bp to 3.0%,monetary policy,standard,cut,-50.0,FR,basis points,https://data.bis.org/topics/CBPOL
1954-12-01,United States,United States hike 6bp to 1.44%,monetary policy,minor,hike,6.000000000000005,US,basis points,https://data.bis.org/topics/CBPOL
1955-01-01,United Kingdom,United Kingdom hike 50bp to 3.5%,monetary policy,standard,hike,50.0,GB,basis points,https://data.bis.org/topics/CBPOL
1955-02-01,United Kingdom,United Kingdom hike 100bp to 4.5%,monetary policy,major,hike,100.0,GB,basis points,https://data.bis.org/topics/CBPOL
1955-04-01,United States,United States hike 25bp to 1.69%,monetary policy,standard,hike,25.0,US,basis points,https://data.bis.org/topics/CBPOL
1955-04-01,Sweden,Sweden hike 100bp to 3.75%,monetary policy,major,hike,100.0,SE,basis points,https://data.bis.org/topics/CBPOL
1955-05-01,Austria,Austria hike 100bp to 4.5%,monetary policy,major,hike,100.0,AT,basis points,https://data.bis.org/topics/CBPOL
1955-07-01,United States,United States hike 6bp to 1.75%,monetary policy,minor,hike,6.000000000000005,US,basis points,https://data.bis.org/topics/CBPOL
1955-08-01,United States,United States hike 25bp to 2.0%,monetary policy,standard,hike,25.0,US,basis points,https://data.bis.org/topics/CBPOL
1955-08-01,Belgium,Belgium hike 25bp to 3.0%,monetary policy,standard,hike,25.0,BE,basis points,https://data.bis.org/topics/CBPOL
1955-08-01,Germany,Germany hike 50bp to 3.5%,monetary policy,standard,hike,50.0,DE,basis points,https://data.bis.org/topics/CBPOL
1955-08-01,Japan,Japan hike 146bp to 7.3%,monetary policy,major,hike,146.0,JP,basis points,https://data.bis.org/topics/CBPOL
1955-09-01,United States,United States hike 19bp to 2.19%,monetary policy,minor,hike,18.999999999999993,US,basis points,https://data.bis.org/topics/CBPOL
1955-10-01,United States,United States hike 6bp to 2.25%,monetary policy,minor,hike,6.000000000000005,US,basis points,https://data.bis.org/topics/CBPOL
1955-11-01,United States,United States hike 19bp to 2.44%,monetary policy,minor,hike,18.999999999999993,US,basis points,https://data.bis.org/topics/CBPOL
1955-11-01,Austria,Austria hike 50bp to 5.0%,monetary policy,standard,hike,50.0,AT,basis points,https://data.bis.org/topics/CBPOL
1955-12-01,United States,United States hike 6bp to 2.5%,monetary policy,minor,hike,6.000000000000005,US,basis points,https://data.bis.org/topics/CBPOL
1956-02-01,Netherlands,Netherlands hike 50bp to 3.5%,monetary policy,standard,hike,50.0,NL,basis points,https://data.bis.org/topics/CBPOL
1956-02-01,United Kingdom,United Kingdom hike 100bp to 5.5%,monetary policy,major,hike,100.0,GB,basis points,https://data.bis.org/topics/CBPOL
1956-03-01,Germany,Germany hike 100bp to 4.5%,monetary policy,major,hike,100.0,DE,basis points,https://data.bis.org/topics/CBPOL
1956-04-01,United States,United States hike 25bp to 2.75%,monetary policy,standard,hike,25.0,US,basis points,https://data.bis.org/topics/CBPOL
1956-05-01,Germany,Germany hike 100bp to 5.5%,monetary policy,major,hike,100.0,DE,basis points,https://data.bis.org/topics/CBPOL
1956-07-01,United States,United States cut 6bp to 2.69%,monetary policy,minor,cut,-6.000000000000005,US,basis points,https://data.bis.org/topics/CBPOL
1956-08-01,United States,United States hike 31bp to 3.0%,monetary policy,standard,hike,31.000000000000007,US,basis points,https://data.bis.org/topics/CBPOL
1956-08-01,Netherlands,Netherlands hike 25bp to 3.75%,monetary policy,standard,hike,25.0,NL,basis points,https://data.bis.org/topics/CBPOL
1956-09-01,Spain,Spain hike 40bp to 3.4%,monetary policy,standard,hike,39.99999999999999,ES,basis points,https://data.bis.org/topics/CBPOL
1956-09-01,Germany,Germany cut 50bp to 5.0%,monetary policy,standard,cut,-50.0,DE,basis points,https://data.bis.org/topics/CBPOL
1956-10-01,Netherlands,Netherlands hike 50bp to 4.25%,monetary policy,standard,hike,50.0,NL,basis points,https://data.bis.org/topics/CBPOL
1956-11-01,Sweden,Sweden hike 25bp to 4.0%,monetary policy,standard,hike,25.0,SE,basis points,https://data.bis.org/topics/CBPOL
1956-12-01,Belgium,Belgium hike 50bp to 3.5%,monetary policy,standard,hike,50.0,BE,basis points,https://data.bis.org/topics/CBPOL
1957-01-01,Germany,Germany cut 50bp to 4.5%,monetary policy,standard,cut,-50.0,DE,basis points,https://data.bis.org/topics/CBPOL
1957-02-01,United Kingdom,United Kingdom cut 50bp to 5.0%,monetary policy,standard,cut,-50.0,GB,basis points,https://data.bis.org/topics/CBPOL
1957-03-01,United States,United States cut 6bp to 2.94%,monetary policy,minor,cut,-6.000000000000005,US,basis points,https://data.bis.org/topics/CBPOL
1957-03-01,Japan,Japan hike 37bp to 7.67%,monetary policy,standard,hike,37.000000000000014,JP,basis points,https://data.bis.org/topics/CBPOL
1957-04-01,France,France hike 100bp to 4.0%,monetary policy,major,hike,100.0,FR,basis points,https://data.bis.org/topics/CBPOL
1957-04-01,United States,United States hike 6bp to 3.0%,monetary policy,minor,hike,6.000000000000005,US,basis points,https://data.bis.org/topics/CBPOL
1957-05-01,Switzerland,Switzerland hike 100bp to 2.5%,monetary policy,major,hike,100.0,CH,basis points,https://data.bis.org/topics/CBPOL
1957-05-01,India,India hike 50bp to 4.0%,monetary policy,standard,hike,50.0,IN,basis points,https://data.bis.org/topics/CBPOL
1957-05-01,Japan,Japan hike 73bp to 8.4%,monetary policy,standard,hike,73.00000000000004,JP,basis points,https://data.bis.org/topics/CBPOL
1957-07-01,Sweden,Sweden hike 100bp to 5.0%,monetary policy,major,hike,100.0,SE,basis points,https://data.bis.org/topics/CBPOL
1957-07-01,Spain,Spain hike 60bp to 4.0%,monetary policy,standard,hike,60.00000000000001,ES,basis points,https://data.bis.org/topics/CBPOL
1957-07-01,Netherlands,Netherlands hike 50bp to 4.75%,monetary policy,standard,hike,50.0,NL,basis points,https://data.bis.org/topics/CBPOL
1957-07-01,United States,United States cut 12bp to 2.88%,monetary policy,minor,cut,-12.00000000000001,US,basis points,https://data.bis.org/topics/CBPOL
1957-07-01,Belgium,Belgium hike 100bp to 4.5%,monetary policy,major,hike,100.0,BE,basis points,https://data.bis.org/topics/CBPOL
1957-08-01,France,France hike 100bp to 5.0%,monetary policy,major,hike,100.0,FR,basis points,https://data.bis.org/topics/CBPOL
1957-08-01,Netherlands,Netherlands hike 75bp to 5.5%,monetary policy,major,hike,75.0,NL,basis points,https://data.bis.org/topics/CBPOL
1957-08-01,United States,United States hike 62bp to 3.5%,monetary policy,standard,hike,62.000000000000014,US,basis points,https://data.bis.org/topics/CBPOL
1957-09-01,Germany,Germany cut 50bp to 4.0%,monetary policy,standard,cut,-50.0,DE,basis points,https://data.bis.org/topics/CBPOL
1957-09-01,United Kingdom,United Kingdom hike 200bp to 7.0%,monetary policy,major,hike,200.0,GB,basis points,https://data.bis.org/topics/CBPOL
1957-11-01,United States,United States cut 50bp to 3.0%,monetary policy,standard,cut,-50.0,US,basis points,https://data.bis.org/topics/CBPOL
1958-01-01,United States,United States cut 150bp to 1.5%,monetary policy,major,cut,-150.0,US,basis points,https://data.bis.org/topics/CBPOL
1958-01-01,Netherlands,Netherlands cut 50bp to 5.0%,monetary policy,standard,cut,-50.0,NL,basis points,https://data.bis.org/topics/CBPOL
1958-01-01,Germany,Germany cut 50bp to 3.5%,monetary policy,standard,cut,-50.0,DE,basis points,https://data.bis.org/topics/CBPOL
1958-02-01,United States,United States cut 100bp to 0.5%,monetary policy,major,cut,-100.0,US,basis points,https://data.bis.org/topics/CBPOL
1958-03-01,Netherlands,Netherlands cut 50bp to 4.5%,monetary policy,standard,cut,-50.0,NL,basis points,https://data.bis.org/topics/CBPOL
1958-03-01,United Kingdom,United Kingdom cut 100bp to 6.0%,monetary policy,major,cut,-100.0,GB,basis points,https://data.bis.org/topics/CBPOL
1958-03-01,Belgium,Belgium cut 25bp to 4.25%,monetary policy,standard,cut,-25.0,BE,basis points,https://data.bis.org/topics/CBPOL
1958-04-01,United States,United States cut 25bp to 0.25%,monetary policy,standard,cut,-25.0,US,basis points,https://data.bis.org/topics/CBPOL
1958-04-01,Denmark,Denmark cut 50bp to 5.0%,monetary policy,standard,cut,-50.0,DK,basis points,https://data.bis.org/topics/CBPOL
1958-05-01,United Kingdom,United Kingdom cut 50bp to 5.5%,monetary policy,standard,cut,-50.0,GB,basis points,https://data.bis.org/topics/CBPOL
1958-05-01,United States,United States cut 12bp to 0.13%,monetary policy,minor,cut,-12.0,US,basis points,https://data.bis.org/topics/CBPOL
1958-05-01,Sweden,Sweden cut 50bp to 4.5%,monetary policy,standard,cut,-50.0,SE,basis points,https://data.bis.org/topics/CBPOL
1958-06-01,Germany,Germany cut 50bp to 3.0%,monetary policy,standard,cut,-50.0,DE,basis points,https://data.bis.org/topics/CBPOL
1958-06-01,United Kingdom,United Kingdom cut 50bp to 5.0%,monetary policy,standard,cut,-50.0,GB,basis points,https://data.bis.org/topics/CBPOL
1958-06-01,Italy,Italy cut 50bp to 3.5%,monetary policy,standard,cut,-50.0,IT,basis points,https://data.bis.org/topics/CBPOL
1958-06-01,Japan,Japan cut 73bp to 7.67%,monetary policy,standard,cut,-73.00000000000004,JP,basis points,https://data.bis.org/topics/CBPOL
1958-06-01,United States,United States hike 37bp to 0.5%,monetary policy,standard,hike,37.0,US,basis points,https://data.bis.org/topics/CBPOL
1958-06-01,Netherlands,Netherlands cut 50bp to 4.0%,monetary policy,standard,cut,-50.0,NL,basis points,https://data.bis.org/topics/CBPOL
1958-06-01,Belgium,Belgium cut 25bp to 4.0%,monetary policy,standard,cut,-25.0,BE,basis points,https://data.bis.org/topics/CBPOL
1958-07-01,United States,United States cut 12bp to 0.38%,monetary policy,minor,cut,-12.0,US,basis points,https://data.bis.org/topics/CBPOL
1958-07-01,Belgium,Belgium cut 25bp to 3.75%,monetary policy,standard,cut,-25.0,BE,basis points,https://data.bis.org/topics/CBPOL
1958-08-01,United Kingdom,United Kingdom cut 50bp to 4.5%,monetary policy,standard,cut,-50.0,GB,basis points,https://data.bis.org/topics/CBPOL
1958-08-01,United States,United States hike 137bp to 1.75%,monetary policy,major,hike,137.0,US,basis points,https://data.bis.org/topics/CBPOL
1958-08-01,Denmark,Denmark cut 50bp to 4.5%,monetary policy,standard,cut,-50.0,DK,basis points,https://data.bis.org/topics/CBPOL
1958-08-01,Belgium,Belgium cut 25bp to 3.5%,monetary policy,standard,cut,-25.0,BE,basis points,https://data.bis.org/topics/CBPOL
1958-09-01,Japan,Japan cut 37bp to 7.3%,monetary policy,standard,cut,-37.000000000000014,JP,basis points,https://data.bis.org/topics/CBPOL
1958-09-01,United States,United States cut 25bp to 1.5%,monetary policy,standard,cut,-25.0,US,basis points,https://data.bis.org/topics/CBPOL
1958-10-01,France,France cut 50bp to 4.5%,monetary policy,standard,cut,-50.0,FR,basis points,https://data.bis.org/topics/CBPOL
1958-10-01,United States,United States hike 50bp to 2.0%,monetary policy,standard,hike,50.0,US,basis points,https://data.bis.org/topics/CBPOL
1958-11-01,United States,United States hike 50bp to 2.5%,monetary policy,standard,hike,50.0,US,basis points,https://data.bis.org/topics/CBPOL
1958-11-01,Netherlands,Netherlands cut 50bp to 3.5%,monetary policy,standard,cut,-50.0,NL,basis points,https://data.bis.org/topics/CBPOL
1958-11-01,United Kingdom,United Kingdom cut 50bp to 4.0%,monetary policy,standard,cut,-50.0,GB,basis points,https://data.bis.org/topics/CBPOL
1958-12-01,United States,United States cut 12bp to 2.38%,monetary policy,minor,cut,-12.00000000000001,US,basis points,https://data.bis.org/topics/CBPOL
1959-01-01,Germany,Germany cut 25bp to 2.75%,monetary policy,standard,cut,-25.0,DE,basis points,https://data.bis.org/topics/CBPOL
1959-01-01,Belgium,Belgium cut 25bp to 3.25%,monetary policy,standard,cut,-25.0,BE,basis points,https://data.bis.org/topics/CBPOL
1959-01-01,Netherlands,Netherlands cut 25bp to 3.25%,monetary policy,standard,cut,-25.0,NL,basis points,https://data.bis.org/topics/CBPOL
1959-01-01,United States,United States hike 12bp to 2.5%,monetary policy,minor,hike,12.00000000000001,US,basis points,https://data.bis.org/topics/CBPOL
1959-02-01,Switzerland,Switzerland cut 50bp to 2.0%,monetary policy,standard,cut,-50.0,CH,basis points,https://data.bis.org/topics/CBPOL
1959-02-01,France,France cut 25bp to 4.25%,monetary policy,standard,cut,-25.0,FR,basis points,https://data.bis.org/topics/CBPOL
1959-02-01,Japan,Japan cut 36bp to 6.94%,monetary policy,standard,cut,-35.99999999999994,JP,basis points,https://data.bis.org/topics/CBPOL
1959-03-01,United States,United States hike 50bp to 3.0%,monetary policy,standard,hike,50.0,US,basis points,https://data.bis.org/topics/CBPOL
1959-04-01,Greece,Greece cut 100bp to 10.0%,monetary policy,major,cut,-100.0,GR,basis points,https://data.bis.org/topics/CBPOL
1959-04-01,France,France cut 25bp to 4.0%,monetary policy,standard,cut,-25.0,FR,basis points,https://data.bis.org/topics/CBPOL
1959-04-01,Austria,Austria cut 50bp to 4.5%,monetary policy,standard,cut,-50.0,AT,basis points,https://data.bis.org/topics/CBPOL
1959-05-01,United States,United States hike 25bp to 3.25%,monetary policy,standard,hike,25.0,US,basis points,https://data.bis.org/topics/CBPOL
1959-06-01,United States,United States cut 25bp to 3.0%,monetary policy,standard,cut,-25.0,US,basis points,https://data.bis.org/topics/CBPOL
1959-07-01,United States,United States hike 50bp to 3.5%,monetary policy,standard,hike,50.0,US,basis points,https://data.bis.org/topics/CBPOL
1959-08-01,Spain,Spain hike 100bp to 5.0%,monetary policy,major,hike,100.0,ES,basis points,https://data.bis.org/topics/CBPOL
1959-09-01,United States,United States cut 50bp to 3.0%,monetary policy,standard,cut,-50.0,US,basis points,https://data.bis.org/topics/CBPOL
1959-09-01,Denmark,Denmark hike 50bp to 5.0%,monetary policy,standard,hike,50.0,DK,basis points,https://data.bis.org/topics/CBPOL
1959-09-01,Germany,Germany hike 25bp to 3.0%,monetary policy,standard,hike,25.0,DE,basis points,https://data.bis.org/topics/CBPOL
1959-10-01,United States,United States hike 100bp to 4.0%,monetary policy,major,hike,100.0,US,basis points,https://data.bis.org/topics/CBPOL
1959-10-01,Greece,Greece cut 100bp to 9.0%,monetary policy,major,cut,-100.0,GR,basis points,https://data.bis.org/topics/CBPOL
1959-10-01,Germany,Germany hike 100bp to 4.0%,monetary policy,major,hike,100.0,DE,basis points,https://data.bis.org/topics/CBPOL
1959-11-01,Netherlands,Netherlands hike 75bp to 4.0%,monetary policy,major,hike,75.0,NL,basis points,https://data.bis.org/topics/CBPOL
1959-12-01,Japan,Japan hike 36bp to 7.3%,monetary policy,standard,hike,35.99999999999994,JP,basis points,https://data.bis.org/topics/CBPOL
1959-12-01,Belgium,Belgium hike 75bp to 4.0%,monetary policy,major,hike,75.0,BE,basis points,https://data.bis.org/topics/CBPOL
1960-01-01,Sweden,Sweden hike 50bp to 5.0%,monetary policy,standard,hike,50.0,SE,basis points,https://data.bis.org/topics/CBPOL
1960-01-01,Denmark,Denmark hike 50bp to 5.5%,monetary policy,standard,hike,50.0,DK,basis points,https://data.bis.org/topics/CBPOL
1960-01-01,United Kingdom,United Kingdom hike 100bp to 5.0%,monetary policy,major,hike,100.0,GB,basis points,https://data.bis.org/topics/CBPOL
1960-03-01,Austria,Austria hike 50bp to 5.0%,monetary policy,standard,hike,50.0,AT,basis points,https://data.bis.org/topics/CBPOL
1960-04-01,Greece,Greece cut 200bp to 7.0%,monetary policy,major,cut,-200.0,GR,basis points,https://data.bis.org/topics/CBPOL
1960-04-01,Spain,Spain cut 40bp to 4.6%,monetary policy,standard,cut,-40.000000000000036,ES,basis points,https://data.bis.org/topics/CBPOL
1960-05-01,United States,United States cut 50bp to 3.5%,monetary policy,standard,cut,-50.0,US,basis points,https://data.bis.org/topics/CBPOL
1960-06-01,Germany,Germany hike 100bp to 5.0%,monetary policy,major,hike,100.0,DE,basis points,https://data.bis.org/topics/CBPOL
1960-06-01,United Kingdom,United Kingdom hike 100bp to 6.0%,monetary policy,major,hike,100.0,GB,basis points,https://data.bis.org/topics/CBPOL
1960-07-01,United States,United States cut 25bp to 3.25%,monetary policy,standard,cut,-25.0,US,basis points,https://data.bis.org/topics/CBPOL
1960-08-01,Japan,Japan cut 36bp to 6.94%,monetary policy,standard,cut,-35.99999999999994,JP,basis points,https://data.bis.org/topics/CBPOL
1960-08-01,Belgium,Belgium hike 100bp to 5.0%,monetary policy,major,hike,100.0,BE,basis points,https://data.bis.org/topics/CBPOL
1960-08-01,Canada,Canada cut 67bp to 2.5%,monetary policy,standard,cut,-67.0,CA,basis points,https://data.bis.org/topics/CBPOL
1960-08-01,United States,United States cut 25bp to 3.0%,monetary policy,standard,cut,-25.0,US,basis points,https://data.bis.org/topics/CBPOL
1960-09-01,Canada,Canada cut 55bp to 1.95%,monetary policy,standard,cut,-55.00000000000001,CA,basis points,https://data.bis.org/topics/CBPOL
1960-10-01,Canada,Canada hike 133bp to 3.28%,monetary policy,major,hike,132.99999999999997,CA,basis points,https://data.bis.org/topics/CBPOL
1960-10-01,United States,United States cut 25bp to 2.75%,monetary policy,standard,cut,-25.0,US,basis points,https://data.bis.org/topics/CBPOL
1960-10-01,France,France cut 50bp to 3.5%,monetary policy,standard,cut,-50.0,FR,basis points,https://data.bis.org/topics/CBPOL
1960-10-01,United Kingdom,United Kingdom cut 50bp to 5.5%,monetary policy,standard,cut,-50.0,GB,basis points,https://data.bis.org/topics/CBPOL
1960-11-01,United States,United States cut 250bp to 0.25%,monetary policy,major,cut,-250.0,US,basis points,https://data.bis.org/topics/CBPOL
1960-11-01,Greece,Greece cut 100bp to 6.0%,monetary policy,major,cut,-100.0,GR,basis points,https://data.bis.org/topics/CBPOL
1960-11-01,Canada,Canada hike 74bp to 4.02%,monetary policy,standard,hike,73.99999999999997,CA,basis points,https://data.bis.org/topics/CBPOL
1960-11-01,Germany,Germany cut 100bp to 4.0%,monetary policy,major,cut,-100.0,DE,basis points,https://data.bis.org/topics/CBPOL
1960-12-01,Canada,Canada cut 52bp to 3.5%,monetary policy,standard,cut,-51.99999999999996,CA,basis points,https://data.bis.org/topics/CBPOL
1960-12-01,United States,United States hike 275bp to 3.0%,monetary policy,major,hike,275.0,US,basis points,https://data.bis.org/topics/CBPOL
1960-12-01,United Kingdom,United Kingdom cut 50bp to 5.0%,monetary policy,standard,cut,-50.0,GB,basis points,https://data.bis.org/topics/CBPOL
1961-01-01,Germany,Germany cut 50bp to 3.5%,monetary policy,standard,cut,-50.0,DE,basis points,https://data.bis.org/topics/CBPOL
1961-01-01,Canada,Canada cut 21bp to 3.29%,monetary policy,minor,cut,-20.999999999999996,CA,basis points,https://data.bis.org/topics/CBPOL
1961-01-01,Japan,Japan cut 37bp to 6.57%,monetary policy,standard,cut,-37.000000000000014,JP,basis points,https://data.bis.org/topics/CBPOL
1961-01-01,United States,United States cut 75bp to 2.25%,monetary policy,major,cut,-75.0,US,basis points,https://data.bis.org/topics/CBPOL
1961-02-01,United States,United States cut 25bp to 2.0%,monetary policy,standard,cut,-25.0,US,basis points,https://data.bis.org/topics/CBPOL
1961-02-01,Canada,Canada hike 7bp to 3.36%,monetary policy,minor,hike,6.999999999999984,CA,basis points,https://data.bis.org/topics/CBPOL
1961-03-01,Canada,Canada hike 10bp to 3.46%,monetary policy,minor,hike,10.000000000000009,CA,basis points,https://data.bis.org/topics/CBPOL
1961-04-01,United States,United States cut 150bp to 0.5%,monetary policy,major,cut,-150.0,US,basis points,https://data.bis.org/topics/CBPOL
1961-04-01,Canada,Canada hike 7bp to 3.53%,monetary policy,minor,hike,6.999999999999984,CA,basis points,https://data.bis.org/topics/CBPOL
1961-05-01,Denmark,Denmark hike 100bp to 6.5%,monetary policy,major,hike,100.0,DK,basis points,https://data.bis.org/topics/CBPOL
1961-05-01,Germany,Germany cut 50bp to 3.0%,monetary policy,standard,cut,-50.0,DE,basis points,https://data.bis.org/topics/CBPOL
1961-05-01,Canada,Canada cut 11bp to 3.42%,monetary policy,minor,cut,-10.999999999999988,CA,basis points,https://data.bis.org/topics/CBPOL
1961-05-01,United States,United States hike 50bp to 1.0%,monetary policy,standard,hike,50.0,US,basis points,https://data.bis.org/topics/CBPOL
1961-06-01,Canada,Canada cut 60bp to 2.82%,monetary policy,standard,cut,-60.00000000000001,CA,basis points,https://data.bis.org/topics/CBPOL
1961-06-01,Spain,Spain cut 60bp to 4.0%,monetary policy,standard,cut,-59.999999999999964,ES,basis points,https://data.bis.org/topics/CBPOL
1961-06-01,United States,United States cut 50bp to 0.5%,monetary policy,standard,cut,-50.0,US,basis points,https://data.bis.org/topics/CBPOL
1961-07-01,Japan,Japan hike 37bp to 6.94%,monetary policy,standard,hike,37.000000000000014,JP,basis points,https://data.bis.org/topics/CBPOL
1961-07-01,Canada,Canada cut 2bp to 2.8%,monetary policy,minor,cut,-2.0000000000000018,CA,basis points,https://data.bis.org/topics/CBPOL
1961-07-01,United Kingdom,United Kingdom hike 200bp to 7.0%,monetary policy,major,hike,200.0,GB,basis points,https://data.bis.org/topics/CBPOL
1961-07-01,United States,United States hike 200bp to 2.5%,monetary policy,major,hike,200.0,US,basis points,https://data.bis.org/topics/CBPOL
1961-08-01,United States,United States cut 75bp to 1.75%,monetary policy,major,cut,-75.0,US,basis points,https://data.bis.org/topics/CBPOL
1961-08-01,Canada,Canada cut 29bp to 2.51%,monetary policy,standard,cut,-29.000000000000004,CA,basis points,https://data.bis.org/topics/CBPOL
1961-08-01,Belgium,Belgium cut 25bp to 4.75%,monetary policy,standard,cut,-25.0,BE,basis points,https://data.bis.org/topics/CBPOL
1961-09-01,Japan,Japan hike 36bp to 7.3%,monetary policy,standard,hike,35.99999999999994,JP,basis points,https://data.bis.org/topics/CBPOL
1961-09-01,United States,United States cut 25bp to 1.5%,monetary policy,standard,cut,-25.0,US,basis points,https://data.bis.org/topics/CBPOL
1961-09-01,Canada,Canada hike 33bp to 2.84%,monetary policy,standard,hike,33.00000000000001,CA,basis points,https://data.bis.org/topics/CBPOL
1961-10-01,United States,United States hike 50bp to 2.0%,monetary policy,standard,hike,50.0,US,basis points,https://data.bis.org/topics/CBPOL
1961-10-01,United Kingdom,United Kingdom cut 50bp to 6.5%,monetary policy,standard,cut,-50.0,GB,basis points,https://data.bis.org/topics/CBPOL
1961-10-01,Canada,Canada cut 9bp to 2.75%,monetary policy,minor,cut,-8.999999999999986,CA,basis points,https://data.bis.org/topics/CBPOL
1961-11-01,United Kingdom,United Kingdom cut 50bp to 6.0%,monetary policy,standard,cut,-50.0,GB,basis points,https://data.bis.org/topics/CBPOL
1961-11-01,United States,United States cut 25bp to 1.75%,monetary policy,standard,cut,-25.0,US,basis points,https://data.bis.org/topics/CBPOL
1961-12-01,Canada,Canada hike 49bp to 3.24%,monetary policy,standard,hike,49.00000000000002,CA,basis points,https://data.bis.org/topics/CBPOL
1961-12-01,Belgium,Belgium cut 25bp to 4.5%,monetary policy,standard,cut,-25.0,BE,basis points,https://data.bis.org/topics/CBPOL
1961-12-01,United States,United States hike 75bp to 2.5%,monetary policy,major,hike,75.0,US,basis points,https://data.bis.org/topics/CBPOL
1962-01-01,Canada,Canada hike 11bp to 3.35%,monetary policy,minor,hike,10.999999999999988,CA,basis points,https://data.bis.org/topics/CBPOL
1962-01-01,United States,United States cut 100bp to 1.5%,monetary policy,major,cut,-100.0,US,basis points,https://data.bis.org/topics/CBPOL
1962-01-01,Belgium,Belgium cut 25bp to 4.25%,monetary policy,standard,cut,-25.0,BE,basis points,https://data.bis.org/topics/CBPOL
1962-02-01,Canada,Canada hike 7bp to 3.42%,monetary policy,minor,hike,6.999999999999984,CA,basis points,https://data.bis.org/topics/CBPOL
1962-02-01,United States,United States hike 125bp to 2.75%,monetary policy,major,hike,125.0,US,basis points,https://data.bis.org/topics/CBPOL
1962-03-01,Belgium,Belgium cut 25bp to 4.0%,monetary policy,standard,cut,-25.0,BE,basis points,https://data.bis.org/topics/CBPOL
1962-03-01,Canada,Canada cut 5bp to 3.37%,monetary policy,minor,cut,-4.999999999999982,CA,basis points,https://data.bis.org/topics/CBPOL
1962-03-01,United Kingdom,United Kingdom cut 100bp to 5.0%,monetary policy,major,cut,-100.0,GB,basis points,https://data.bis.org/topics/CBPOL
1962-04-01,Canada,Canada cut 5bp to 3.32%,monetary policy,minor,cut,-5.000000000000027,CA,basis points,https://data.bis.org/topics/CBPOL
1962-04-01,United Kingdom,United Kingdom cut 50bp to 4.5%,monetary policy,standard,cut,-50.0,GB,basis points,https://data.bis.org/topics/CBPOL
1962-04-01,Sweden,Sweden cut 50bp to 4.5%,monetary policy,standard,cut,-50.0,SE,basis points,https://data.bis.org/topics/CBPOL
1962-04-01,United States,United States cut 25bp to 2.5%,monetary policy,standard,cut,-25.0,US,basis points,https://data.bis.org/topics/CBPOL
1962-04-01,Netherlands,Netherlands hike 50bp to 4.5%,monetary policy,standard,hike,50.0,NL,basis points,https://data.bis.org/topics/CBPOL
1962-05-01,United States,United States hike 25bp to 2.75%,monetary policy,standard,hike,25.0,US,basis points,https://data.bis.org/topics/CBPOL
1962-05-01,Canada,Canada hike 45bp to 3.77%,monetary policy,standard,hike,45.000000000000014,CA,basis points,https://data.bis.org/topics/CBPOL
1962-06-01,Canada,Canada hike 223bp to 6.0%,monetary policy,major,hike,223.0,CA,basis points,https://data.bis.org/topics/CBPOL
1962-06-01,Sweden,Sweden cut 50bp to 4.0%,monetary policy,standard,cut,-50.0,SE,basis points,https://data.bis.org/topics/CBPOL
1962-08-01,Belgium,Belgium cut 25bp to 3.75%,monetary policy,standard,cut,-25.0,BE,basis points,https://data.bis.org/topics/CBPOL
1962-08-01,United States,United States hike 25bp to 3.0%,monetary policy,standard,hike,25.0,US,basis points,https://data.bis.org/topics/CBPOL
1962-09-01,Canada,Canada cut 50bp to 5.5%,monetary policy,standard,cut,-50.0,CA,basis points,https://data.bis.org/topics/CBPOL
1962-09-01,United States,United States cut 25bp to 2.75%,monetary policy,standard,cut,-25.0,US,basis points,https://data.bis.org/topics/CBPOL
1962-10-01,Japan,Japan cut 36bp to 6.94%,monetary policy,standard,cut,-35.99999999999994,JP,basis points,https://data.bis.org/topics/CBPOL
1962-10-01,Canada,Canada cut 50bp to 5.0%,monetary policy,standard,cut,-50.0,CA,basis points,https://data.bis.org/topics/CBPOL
1962-10-01,United States,United States hike 25bp to 3.0%,monetary policy,standard,hike,25.0,US,basis points,https://data.bis.org/topics/CBPOL
1962-11-01,United States,United States cut 12bp to 2.88%,monetary policy,minor,cut,-12.00000000000001,US,basis points,https://data.bis.org/topics/CBPOL
1962-11-01,Canada,Canada cut 100bp to 4.0%,monetary policy,major,cut,-100.0,CA,basis points,https://data.bis.org/topics/CBPOL
1962-11-01,Japan,Japan cut 37bp to 6.57%,monetary policy,standard,cut,-37.000000000000014,JP,basis points,https://data.bis.org/topics/CBPOL
1962-12-01,Belgium,Belgium cut 25bp to 3.5%,monetary policy,standard,cut,-25.0,BE,basis points,https://data.bis.org/topics/CBPOL
1962-12-01,United States,United States hike 12bp to 3.0%,monetary policy,minor,hike,12.00000000000001,US,basis points,https://data.bis.org/topics/CBPOL
1963-01-01,Sweden,Sweden cut 50bp to 3.5%,monetary policy,standard,cut,-50.0,SE,basis points,https://data.bis.org/topics/CBPOL
1963-01-01,Netherlands,Netherlands cut 50bp to 4.0%,monetary policy,standard,cut,-50.0,NL,basis points,https://data.bis.org/topics/CBPOL
1963-01-01,United Kingdom,United Kingdom cut 50bp to 4.0%,monetary policy,standard,cut,-50.0,GB,basis points,https://data.bis.org/topics/CBPOL
1963-01-01,India,India hike 50bp to 4.5%,monetary policy,standard,hike,50.0,IN,basis points,https://data.bis.org/topics/CBPOL
1963-03-01,Japan,Japan cut 36bp to 6.21%,monetary policy,standard,cut,-36.00000000000003,JP,basis points,https://data.bis.org/topics/CBPOL
1963-04-01,Greece,Greece cut 50bp to 5.5%,monetary policy,standard,cut,-50.0,GR,basis points,https://data.bis.org/topics/CBPOL
1963-04-01,Japan,Japan cut 37bp to 5.84%,monetary policy,standard,cut,-37.000000000000014,JP,basis points,https://data.bis.org/topics/CBPOL
1963-05-01,Canada,Canada cut 50bp to 3.5%,monetary policy,standard,cut,-50.0,CA,basis points,https://data.bis.org/topics/CBPOL
1963-06-01,Austria,Austria cut 50bp to 4.5%,monetary policy,standard,cut,-50.0,AT,basis points,https://data.bis.org/topics/CBPOL
1963-06-01,Sweden,Sweden hike 50bp to 4.0%,monetary policy,standard,hike,50.0,SE,basis points,https://data.bis.org/topics/CBPOL
1963-07-01,United States,United States hike 50bp to 3.5%,monetary policy,standard,hike,50.0,US,basis points,https://data.bis.org/topics/CBPOL
1963-07-01,Belgium,Belgium hike 50bp to 4.0%,monetary policy,standard,hike,50.0,BE,basis points,https://data.bis.org/topics/CBPOL
1963-08-01,Canada,Canada hike 50bp to 4.0%,monetary policy,standard,hike,50.0,CA,basis points,https://data.bis.org/topics/CBPOL
1963-08-01,Denmark,Denmark cut 50bp to 6.0%,monetary policy,standard,cut,-50.0,DK,basis points,https://data.bis.org/topics/CBPOL
1963-10-01,Belgium,Belgium hike 25bp to 4.25%,monetary policy,standard,hike,25.0,BE,basis points,https://data.bis.org/topics/CBPOL
1963-11-01,France,France hike 50bp to 4.0%,monetary policy,standard,hike,50.0,FR,basis points,https://data.bis.org/topics/CBPOL
1963-11-01,Denmark,Denmark cut 50bp to 5.5%,monetary policy,standard,cut,-50.0,DK,basis points,https://data.bis.org/topics/CBPOL
1963-12-01,United States,United States cut 25bp to 3.25%,monetary policy,standard,cut,-25.0,US,basis points,https://data.bis.org/topics/CBPOL
1964-01-01,Sweden,Sweden hike 50bp to 4.5%,monetary policy,standard,hike,50.0,SE,basis points,https://data.bis.org/topics/CBPOL
1964-01-01,United States,United States hike 25bp to 3.5%,monetary policy,standard,hike,25.0,US,basis points,https://data.bis.org/topics/CBPOL
1964-01-01,Netherlands,Netherlands hike 50bp to 4.5%,monetary policy,standard,hike,50.0,NL,basis points,https://data.bis.org/topics/CBPOL
1964-02-01,United Kingdom,United Kingdom hike 100bp to 5.0%,monetary policy,major,hike,100.0,GB,basis points,https://data.bis.org/topics/CBPOL
1964-03-01,Japan,Japan hike 73bp to 6.57%,monetary policy,standard,hike,73.00000000000004,JP,basis points,https://data.bis.org/topics/CBPOL
1964-06-01,Netherlands,Netherlands hike 50bp to 5.0%,monetary policy,standard,hike,50.0,NL,basis points,https://data.bis.org/topics/CBPOL
1964-06-01,Denmark,Denmark hike 100bp to 6.5%,monetary policy,major,hike,100.0,DK,basis points,https://data.bis.org/topics/CBPOL
1964-07-01,Belgium,Belgium hike 50bp to 4.75%,monetary policy,standard,hike,50.0,BE,basis points,https://data.bis.org/topics/CBPOL
1964-07-01,Switzerland,Switzerland hike 50bp to 2.5%,monetary policy,standard,hike,50.0,CH,basis points,https://data.bis.org/topics/CBPOL
1964-09-01,India,India hike 50bp to 5.0%,monetary policy,standard,hike,50.0,IN,basis points,https://data.bis.org/topics/CBPOL
1964-09-01,United States,United States cut 75bp to 2.75%,monetary policy,major,cut,-75.0,US,basis points,https://data.bis.org/topics/CBPOL
1964-10-01,United States,United States hike 75bp to 3.5%,monetary policy,major,hike,75.0,US,basis points,https://data.bis.org/topics/CBPOL
1964-11-01,Sweden,Sweden hike 50bp to 5.0%,monetary policy,standard,hike,50.0,SE,basis points,https://data.bis.org/topics/CBPOL
1964-11-01,Canada,Canada hike 25bp to 4.25%,monetary policy,standard,hike,25.0,CA,basis points,https://data.bis.org/topics/CBPOL
1964-11-01,United States,United States hike 50bp to 4.0%,monetary policy,standard,hike,50.0,US,basis points,https://data.bis.org/topics/CBPOL
1964-11-01,United Kingdom,United Kingdom hike 200bp to 7.0%,monetary policy,major,hike,200.0,GB,basis points,https://data.bis.org/topics/CBPOL
1965-01-01,Germany,Germany hike 50bp to 3.5%,monetary policy,standard,hike,50.0,DE,basis points,https://data.bis.org/topics/CBPOL
1965-01-01,Japan,Japan cut 36bp to 6.21%,monetary policy,standard,cut,-36.00000000000003,JP,basis points,https://data.bis.org/topics/CBPOL
1965-02-01,India,India hike 100bp to 6.0%,monetary policy,major,hike,100.0,IN,basis points,https://data.bis.org/topics/CBPOL
1965-04-01,Sweden,Sweden hike 50bp to 5.5%,monetary policy,standard,hike,50.0,SE,basis points,https://data.bis.org/topics/CBPOL
1965-04-01,Japan,Japan cut 37bp to 5.84%,monetary policy,standard,cut,-37.000000000000014,JP,basis points,https://data.bis.org/topics/CBPOL
1965-04-01,France,France cut 50bp to 3.5%,monetary policy,standard,cut,-50.0,FR,basis points,https://data.bis.org/topics/CBPOL
1965-04-01,United States,United States hike 13bp to 4.13%,monetary policy,minor,hike,12.99999999999999,US,basis points,https://data.bis.org/topics/CBPOL
1965-06-01,Japan,Japan cut 36bp to 5.48%,monetary policy,standard,cut,-35.99999999999994,JP,basis points,https://data.bis.org/topics/CBPOL
1965-06-01,United Kingdom,United Kingdom cut 100bp to 6.0%,monetary policy,major,cut,-100.0,GB,basis points,https://data.bis.org/topics/CBPOL
1965-08-01,Germany,Germany hike 50bp to 4.0%,monetary policy,standard,hike,50.0,DE,basis points,https://data.bis.org/topics/CBPOL
1965-08-01,United States,United States cut 13bp to 4.0%,monetary policy,minor,cut,-12.99999999999999,US,basis points,https://data.bis.org/topics/CBPOL
1965-08-01,Portugal,Portugal hike 50bp to 3.0%,monetary policy,standard,hike,50.0,PT,basis points,https://data.bis.org/topics/CBPOL
1965-09-01,United States,United States hike 13bp to 4.13%,monetary policy,minor,hike,12.99999999999999,US,basis points,https://data.bis.org/topics/CBPOL
1965-12-01,United States,United States hike 50bp to 4.63%,monetary policy,standard,hike,50.0,US,basis points,https://data.bis.org/topics/CBPOL
1965-12-01,Canada,Canada hike 50bp to 4.75%,monetary policy,standard,hike,50.0,CA,basis points,https://data.bis.org/topics/CBPOL
1966-01-01,United States,United States cut 13bp to 4.5%,monetary policy,minor,cut,-12.99999999999999,US,basis points,https://data.bis.org/topics/CBPOL
1966-02-01,United States,United States hike 13bp to 4.63%,monetary policy,minor,hike,12.99999999999999,US,basis points,https://data.bis.org/topics/CBPOL
1966-03-01,United States,United States hike 12bp to 4.75%,monetary policy,minor,hike,12.00000000000001,US,basis points,https://data.bis.org/topics/CBPOL
1966-03-01,Canada,Canada hike 50bp to 5.25%,monetary policy,standard,hike,50.0,CA,basis points,https://data.bis.org/topics/CBPOL
1966-04-01,United States,United States cut 12bp to 4.63%,monetary policy,minor,cut,-12.00000000000001,US,basis points,https://data.bis.org/topics/CBPOL
1966-05-01,Germany,Germany hike 100bp to 5.0%,monetary policy,major,hike,100.0,DE,basis points,https://data.bis.org/topics/CBPOL
1966-05-01,United States,United States hike 12bp to 4.75%,monetary policy,minor,hike,12.00000000000001,US,basis points,https://data.bis.org/topics/CBPOL
1966-05-01,Netherlands,Netherlands hike 50bp to 5.5%,monetary policy,standard,hike,50.0,NL,basis points,https://data.bis.org/topics/CBPOL
1966-06-01,United States,United States hike 75bp to 5.5%,monetary policy,major,hike,75.0,US,basis points,https://data.bis.org/topics/CBPOL
1966-06-01,Sweden,Sweden hike 50bp to 6.0%,monetary policy,standard,hike,50.0,SE,basis points,https://data.bis.org/topics/CBPOL
1966-06-01,Belgium,Belgium hike 50bp to 5.25%,monetary policy,standard,hike,50.0,BE,basis points,https://data.bis.org/topics/CBPOL
1966-07-01,United Kingdom,United Kingdom hike 100bp to 7.0%,monetary policy,major,hike,100.0,GB,basis points,https://data.bis.org/topics/CBPOL
1966-07-01,United States,United States hike 25bp to 5.75%,monetary policy,standard,hike,25.0,US,basis points,https://data.bis.org/topics/CBPOL
1966-07-01,Switzerland,Switzerland hike 100bp to 3.5%,monetary policy,major,hike,100.0,CH,basis points,https://data.bis.org/topics/CBPOL
1966-08-01,United States,United States cut 125bp to 4.5%,monetary policy,major,cut,-125.0,US,basis points,https://data.bis.org/topics/CBPOL
1966-09-01,United States,United States hike 125bp to 5.75%,monetary policy,major,hike,125.0,US,basis points,https://data.bis.org/topics/CBPOL
1966-12-01,United States,United States cut 75bp to 5.0%,monetary policy,major,cut,-75.0,US,basis points,https://data.bis.org/topics/CBPOL
1967-01-01,United States,United States cut 100bp to 4.0%,monetary policy,major,cut,-100.0,US,basis points,https://data.bis.org/topics/CBPOL
1967-01-01,United Kingdom,United Kingdom cut 50bp to 6.5%,monetary policy,standard,cut,-50.0,GB,basis points,https://data.bis.org/topics/CBPOL
1967-01-01,Germany,Germany cut 50bp to 4.5%,monetary policy,standard,cut,-50.0,DE,basis points,https://data.bis.org/topics/CBPOL
1967-01-01,Canada,Canada cut 25bp to 5.0%,monetary policy,standard,cut,-25.0,CA,basis points,https://data.bis.org/topics/CBPOL
1967-02-01,Germany,Germany cut 50bp to 4.0%,monetary policy,standard,cut,-50.0,DE,basis points,https://data.bis.org/topics/CBPOL
1967-02-01,United States,United States hike 75bp to 4.75%,monetary policy,major,hike,75.0,US,basis points,https://data.bis.org/topics/CBPOL
1967-02-01,Sweden,Sweden cut 50bp to 5.5%,monetary policy,standard,cut,-50.0,SE,basis points,https://data.bis.org/topics/CBPOL
1967-02-01,Belgium,Belgium cut 25bp to 5.0%,monetary policy,standard,cut,-25.0,BE,basis points,https://data.bis.org/topics/CBPOL
1967-03-01,Sweden,Sweden cut 50bp to 5.0%,monetary policy,standard,cut,-50.0,SE,basis points,https://data.bis.org/topics/CBPOL
1967-03-01,Netherlands,Netherlands cut 50bp to 5.0%,monetary policy,standard,cut,-50.0,NL,basis points,https://data.bis.org/topics/CBPOL
1967-03-01,Belgium,Belgium cut 25bp to 4.75%,monetary policy,standard,cut,-25.0,BE,basis points,https://data.bis.org/topics/CBPOL
1967-03-01,United States,United States cut 25bp to 4.5%,monetary policy,standard,cut,-25.0,US,basis points,https://data.bis.org/topics/CBPOL
1967-03-01,United Kingdom,United Kingdom cut 50bp to 6.0%,monetary policy,standard,cut,-50.0,GB,basis points,https://data.bis.org/topics/CBPOL
1967-04-01,Canada,Canada cut 50bp to 4.5%,monetary policy,standard,cut,-50.0,CA,basis points,https://data.bis.org/topics/CBPOL
1967-04-01,Austria,Austria cut 25bp to 4.25%,monetary policy,standard,cut,-25.0,AT,basis points,https://data.bis.org/topics/CBPOL
1967-04-01,Germany,Germany cut 50bp to 3.5%,monetary policy,standard,cut,-50.0,DE,basis points,https://data.bis.org/topics/CBPOL
1967-04-01,United States,United States cut 50bp to 4.0%,monetary policy,standard,cut,-50.0,US,basis points,https://data.bis.org/topics/CBPOL
1967-05-01,Germany,Germany cut 50bp to 3.0%,monetary policy,standard,cut,-50.0,DE,basis points,https://data.bis.org/topics/CBPOL
1967-05-01,Belgium,Belgium cut 25bp to 4.5%,monetary policy,standard,cut,-25.0,BE,basis points,https://data.bis.org/topics/CBPOL
1967-05-01,United States,United States hike 13bp to 4.13%,monetary policy,minor,hike,12.99999999999999,US,basis points,https://data.bis.org/topics/CBPOL
1967-05-01,United Kingdom,United Kingdom cut 50bp to 5.5%,monetary policy,standard,cut,-50.0,GB,basis points,https://data.bis.org/topics/CBPOL
1967-06-01,United States,United States cut 63bp to 3.5%,monetary policy,standard,cut,-62.999999999999986,US,basis points,https://data.bis.org/topics/CBPOL
1967-07-01,Greece,Greece cut 100bp to 4.5%,monetary policy,major,cut,-100.0,GR,basis points,https://data.bis.org/topics/CBPOL
1967-07-01,United States,United States hike 25bp to 3.75%,monetary policy,standard,hike,25.0,US,basis points,https://data.bis.org/topics/CBPOL
1967-07-01,Switzerland,Switzerland cut 50bp to 3.0%,monetary policy,standard,cut,-50.0,CH,basis points,https://data.bis.org/topics/CBPOL
1967-08-01,United States,United States hike 25bp to 4.0%,monetary policy,standard,hike,25.0,US,basis points,https://data.bis.org/topics/CBPOL
1967-09-01,United States,United States cut 25bp to 3.75%,monetary policy,standard,cut,-25.0,US,basis points,https://data.bis.org/topics/CBPOL
1967-09-01,Canada,Canada hike 50bp to 5.0%,monetary policy,standard,hike,50.0,CA,basis points,https://data.bis.org/topics/CBPOL
1967-09-01,Japan,Japan hike 36bp to 5.84%,monetary policy,standard,hike,35.99999999999994,JP,basis points,https://data.bis.org/topics/CBPOL
1967-09-01,Belgium,Belgium cut 25bp to 4.25%,monetary policy,standard,cut,-25.0,BE,basis points,https://data.bis.org/topics/CBPOL
1967-10-01,Austria,Austria cut 50bp to 3.75%,monetary policy,standard,cut,-50.0,AT,basis points,https://data.bis.org/topics/CBPOL
1967-10-01,United States,United States hike 38bp to 4.13%,monetary policy,standard,hike,37.999999999999986,US,basis points,https://data.bis.org/topics/CBPOL
1967-10-01,United Kingdom,United Kingdom hike 50bp to 6.0%,monetary policy,standard,hike,50.0,GB,basis points,https://data.bis.org/topics/CBPOL
1967-10-01,Belgium,Belgium cut 25bp to 4.0%,monetary policy,standard,cut,-25.0,BE,basis points,https://data.bis.org/topics/CBPOL
1967-11-01,United States,United States hike 37bp to 4.5%,monetary policy,standard,hike,37.000000000000014,US,basis points,https://data.bis.org/topics/CBPOL
1967-11-01,United Kingdom,United Kingdom hike 200bp to 8.0%,monetary policy,major,hike,200.0,GB,basis points,https://data.bis.org/topics/CBPOL
1967-11-01,Spain,Spain hike 50bp to 4.5%,monetary policy,standard,hike,50.0,ES,basis points,https://data.bis.org/topics/CBPOL
1967-11-01,Canada,Canada hike 100bp to 6.0%,monetary policy,major,hike,100.0,CA,basis points,https://data.bis.org/topics/CBPOL
1967-12-01,Sweden,Sweden hike 100bp to 6.0%,monetary policy,major,hike,100.0,SE,basis points,https://data.bis.org/topics/CBPOL
1967-12-01,Denmark,Denmark hike 100bp to 7.5%,monetary policy,major,hike,100.0,DK,basis points,https://data.bis.org/topics/CBPOL
1968-01-01,United States,United States hike 25bp to 4.75%,monetary policy,standard,hike,25.0,US,basis points,https://data.bis.org/topics/CBPOL
1968-01-01,Canada,Canada hike 100bp to 7.0%,monetary policy,major,hike,100.0,CA,basis points,https://data.bis.org/topics/CBPOL
1968-01-01,Japan,Japan hike 37bp to 6.21%,monetary policy,standard,hike,37.000000000000014,JP,basis points,https://data.bis.org/topics/CBPOL
1968-02-01,Sweden,Sweden cut 50bp to 5.5%,monetary policy,standard,cut,-50.0,SE,basis points,https://data.bis.org/topics/CBPOL
1968-03-01,Denmark,Denmark cut 50bp to 7.0%,monetary policy,standard,cut,-50.0,DK,basis points,https://data.bis.org/topics/CBPOL
1968-03-01,United States,United States hike 50bp to 5.25%,monetary policy,standard,hike,50.0,US,basis points,https://data.bis.org/topics/CBPOL
1968-03-01,Canada,Canada hike 50bp to 7.5%,monetary policy,standard,hike,50.0,CA,basis points,https://data.bis.org/topics/CBPOL
1968-03-01,United Kingdom,United Kingdom cut 50bp to 7.5%,monetary policy,standard,cut,-50.0,GB,basis points,https://data.bis.org/topics/CBPOL
1968-03-01,Belgium,Belgium cut 25bp to 3.75%,monetary policy,standard,cut,-25.0,BE,basis points,https://data.bis.org/topics/CBPOL
1968-03-01,India,India cut 100bp to 5.0%,monetary policy,major,cut,-100.0,IN,basis points,https://data.bis.org/topics/CBPOL
1968-04-01,United States,United States hike 100bp to 6.25%,monetary policy,major,hike,100.0,US,basis points,https://data.bis.org/topics/CBPOL
1968-05-01,United States,United States cut 12bp to 6.13%,monetary policy,minor,cut,-12.00000000000001,US,basis points,https://data.bis.org/topics/CBPOL
1968-06-01,Greece,Greece hike 50bp to 5.0%,monetary policy,standard,hike,50.0,GR,basis points,https://data.bis.org/topics/CBPOL
1968-06-01,Denmark,Denmark cut 50bp to 6.5%,monetary policy,standard,cut,-50.0,DK,basis points,https://data.bis.org/topics/CBPOL
1968-06-01,United States,United States cut 63bp to 5.5%,monetary policy,standard,cut,-62.999999999999986,US,basis points,https://data.bis.org/topics/CBPOL
1968-07-01,France,France hike 150bp to 5.0%,monetary policy,major,hike,150.0,FR,basis points,https://data.bis.org/topics/CBPOL
1968-07-01,Canada,Canada cut 100bp to 6.5%,monetary policy,major,cut,-100.0,CA,basis points,https://data.bis.org/topics/CBPOL
1968-07-01,United States,United States hike 50bp to 6.0%,monetary policy,standard,hike,50.0,US,basis points,https://data.bis.org/topics/CBPOL
1968-08-01,Denmark,Denmark cut 50bp to 6.0%,monetary policy,standard,cut,-50.0,DK,basis points,https://data.bis.org/topics/CBPOL
1968-08-01,Japan,Japan cut 37bp to 5.84%,monetary policy,standard,cut,-37.000000000000014,JP,basis points,https://data.bis.org/topics/CBPOL
1968-08-01,United States,United States cut 25bp to 5.75%,monetary policy,standard,cut,-25.0,US,basis points,https://data.bis.org/topics/CBPOL
1968-09-01,United Kingdom,United Kingdom cut 50bp to 7.0%,monetary policy,standard,cut,-50.0,GB,basis points,https://data.bis.org/topics/CBPOL
1968-09-01,Canada,Canada cut 50bp to 6.0%,monetary policy,standard,cut,-50.0,CA,basis points,https://data.bis.org/topics/CBPOL
1968-09-01,United States,United States cut 25bp to 5.5%,monetary policy,standard,cut,-25.0,US,basis points,https://data.bis.org/topics/CBPOL
1968-10-01,United States,United States hike 50bp to 6.0%,monetary policy,standard,hike,50.0,US,basis points,https://data.bis.org/topics/CBPOL
1968-10-01,Sweden,Sweden cut 50bp to 5.0%,monetary policy,standard,cut,-50.0,SE,basis points,https://data.bis.org/topics/CBPOL
1968-11-01,France,France hike 100bp to 6.0%,monetary policy,major,hike,100.0,FR,basis points,https://data.bis.org/topics/CBPOL
1968-12-01,Canada,Canada hike 50bp to 6.5%,monetary policy,standard,hike,50.0,CA,basis points,https://data.bis.org/topics/CBPOL
1968-12-01,Netherlands,Netherlands hike 50bp to 5.5%,monetary policy,standard,hike,50.0,NL,basis points,https://data.bis.org/topics/CBPOL
1968-12-01,United States,United States cut 200bp to 4.0%,monetary policy,major,cut,-200.0,US,basis points,https://data.bis.org/topics/CBPOL
1968-12-01,Belgium,Belgium hike 75bp to 4.5%,monetary policy,major,hike,75.0,BE,basis points,https://data.bis.org/topics/CBPOL
1969-01-01,United States,United States hike 238bp to 6.38%,monetary policy,major,hike,238.0,US,basis points,https://data.bis.org/topics/CBPOL
1969-02-01,Greece,Greece hike 50bp to 5.5%,monetary policy,standard,hike,50.0,GR,basis points,https://data.bis.org/topics/CBPOL
1969-02-01,Sweden,Sweden hike 100bp to 6.0%,monetary policy,major,hike,100.0,SE,basis points,https://data.bis.org/topics/CBPOL
1969-02-01,United States,United States hike 62bp to 7.0%,monetary policy,standard,hike,62.000000000000014,US,basis points,https://data.bis.org/topics/CBPOL
1969-02-01,United Kingdom,United Kingdom hike 100bp to 8.0%,monetary policy,major,hike,100.0,GB,basis points,https://data.bis.org/topics/CBPOL
1969-03-01,United States,United States cut 75bp to 6.25%,monetary policy,major,cut,-75.0,US,basis points,https://data.bis.org/topics/CBPOL
1969-03-01,Canada,Canada hike 50bp to 7.0%,monetary policy,standard,hike,50.0,CA,basis points,https://data.bis.org/topics/CBPOL
1969-03-01,Denmark,Denmark hike 100bp to 7.0%,monetary policy,major,hike,100.0,DK,basis points,https://data.bis.org/topics/CBPOL
1969-03-01,Belgium,Belgium hike 50bp to 5.0%,monetary policy,standard,hike,50.0,BE,basis points,https://data.bis.org/topics/CBPOL
1969-04-01,United States,United States hike 175bp to 8.0%,monetary policy,major,hike,175.0,US,basis points,https://data.bis.org/topics/CBPOL
1969-04-01,Germany,Germany hike 100bp to 4.0%,monetary policy,major,hike,100.0,DE,basis points,https://data.bis.org/topics/CBPOL
1969-04-01,Netherlands,Netherlands hike 50bp to 6.0%,monetary policy,standard,hike,50.0,NL,basis points,https://data.bis.org/topics/CBPOL
1969-04-01,Belgium,Belgium hike 50bp to 5.5%,monetary policy,standard,hike,50.0,BE,basis points,https://data.bis.org/topics/CBPOL
1969-05-01,United States,United States hike 138bp to 9.38%,monetary policy,major,hike,138.00000000000009,US,basis points,https://data.bis.org/topics/CBPOL
1969-05-01,Denmark,Denmark hike 200bp to 9.0%,monetary policy,major,hike,200.0,DK,basis points,https://data.bis.org/topics/CBPOL
1969-05-01,Belgium,Belgium hike 50bp to 6.0%,monetary policy,standard,hike,50.0,BE,basis points,https://data.bis.org/topics/CBPOL
1969-06-01,Canada,Canada hike 50bp to 7.5%,monetary policy,standard,hike,50.0,CA,basis points,https://data.bis.org/topics/CBPOL
1969-06-01,United States,United States cut 188bp to 7.5%,monetary policy,major,cut,-188.00000000000009,US,basis points,https://data.bis.org/topics/CBPOL
1969-06-01,France,France hike 100bp to 7.0%,monetary policy,major,hike,100.0,FR,basis points,https://data.bis.org/topics/CBPOL
1969-06-01,Germany,Germany hike 100bp to 5.0%,monetary policy,major,hike,100.0,DE,basis points,https://data.bis.org/topics/CBPOL
1969-07-01,Sweden,Sweden hike 100bp to 7.0%,monetary policy,major,hike,100.0,SE,basis points,https://data.bis.org/topics/CBPOL
1969-07-01,Spain,Spain hike 100bp to 5.5%,monetary policy,major,hike,100.0,ES,basis points,https://data.bis.org/topics/CBPOL
1969-07-01,Belgium,Belgium hike 100bp to 7.0%,monetary policy,major,hike,100.0,BE,basis points,https://data.bis.org/topics/CBPOL
1969-07-01,United States,United States hike 125bp to 8.75%,monetary policy,major,hike,125.0,US,basis points,https://data.bis.org/topics/CBPOL
1969-07-01,Greece,Greece hike 50bp to 6.0%,monetary policy,standard,hike,50.0,GR,basis points,https://data.bis.org/topics/CBPOL
1969-07-01,Canada,Canada hike 50bp to 8.0%,monetary policy,standard,hike,50.0,CA,basis points,https://data.bis.org/topics/CBPOL
1969-08-01,Italy,Italy hike 50bp to 4.0%,monetary policy,standard,hike,50.0,IT,basis points,https://data.bis.org/topics/CBPOL
1969-08-01,Netherlands,Netherlands hike 100bp to 7.0%,monetary policy,major,hike,100.0,NL,basis points,https://data.bis.org/topics/CBPOL
1969-08-01,United States,United States hike 100bp to 9.75%,monetary policy,major,hike,100.0,US,basis points,https://data.bis.org/topics/CBPOL
1969-09-01,Greece,Greece hike 50bp to 6.5%,monetary policy,standard,hike,50.0,GR,basis points,https://data.bis.org/topics/CBPOL
1969-09-01,Austria,Austria hike 100bp to 4.75%,monetary policy,major,hike,100.0,AT,basis points,https://data.bis.org/topics/CBPOL
1969-09-01,Belgium,Belgium hike 50bp to 7.5%,monetary policy,standard,hike,50.0,BE,basis points,https://data.bis.org/topics/CBPOL
1969-09-01,Germany,Germany hike 100bp to 6.0%,monetary policy,major,hike,100.0,DE,basis points,https://data.bis.org/topics/CBPOL
1969-09-01,Japan,Japan hike 41bp to 6.25%,monetary policy,standard,hike,41.000000000000014,JP,basis points,https://data.bis.org/topics/CBPOL
1969-09-01,United States,United States cut 125bp to 8.5%,monetary policy,major,cut,-125.0,US,basis points,https://data.bis.org/topics/CBPOL
1969-09-01,Switzerland,Switzerland hike 75bp to 3.75%,monetary policy,major,hike,75.0,CH,basis points,https://data.bis.org/topics/CBPOL
1969-10-01,France,France hike 100bp to 8.0%,monetary policy,major,hike,100.0,FR,basis points,https://data.bis.org/topics/CBPOL
1969-10-01,United States,United States hike 50bp to 9.0%,monetary policy,standard,hike,50.0,US,basis points,https://data.bis.org/topics/CBPOL
1969-11-01,United States,United States hike 25bp to 9.25%,monetary policy,standard,hike,25.0,US,basis points,https://data.bis.org/topics/CBPOL
1969-12-01,United States,United States cut 425bp to 5.0%,monetary policy,major,cut,-425.0,US,basis points,https://data.bis.org/topics/CBPOL
1970-01-01,United States,United States hike 438bp to 9.38%,monetary policy,major,hike,438.00000000000006,US,basis points,https://data.bis.org/topics/CBPOL
1970-02-01,United States,United States cut 88bp to 8.5%,monetary policy,major,cut,-88.00000000000009,US,basis points,https://data.bis.org/topics/CBPOL
1970-03-01,Spain,Spain hike 100bp to 6.5%,monetary policy,major,hike,100.0,ES,basis points,https://data.bis.org/topics/CBPOL
1970-03-01,Italy,Italy hike 150bp to 5.5%,monetary policy,major,hike,150.0,IT,basis points,https://data.bis.org/topics/CBPOL
1970-03-01,United Kingdom,United Kingdom cut 50bp to 7.5%,monetary policy,standard,cut,-50.0,GB,basis points,https://data.bis.org/topics/CBPOL
1970-03-01,United States,United States cut 100bp to 7.5%,monetary policy,major,cut,-100.0,US,basis points,https://data.bis.org/topics/CBPOL
1970-03-01,Germany,Germany hike 150bp to 7.5%,monetary policy,major,hike,150.0,DE,basis points,https://data.bis.org/topics/CBPOL
1970-04-01,Portugal,Portugal hike 50bp to 3.5%,monetary policy,standard,hike,50.0,PT,basis points,https://data.bis.org/topics/CBPOL
1970-04-01,United States,United States hike 100bp to 8.5%,monetary policy,major,hike,100.0,US,basis points,https://data.bis.org/topics/CBPOL
1970-04-01,United Kingdom,United Kingdom cut 50bp to 7.0%,monetary policy,standard,cut,-50.0,GB,basis points,https://data.bis.org/topics/CBPOL
1970-05-01,United States,United States cut 62bp to 7.88%,monetary policy,standard,cut,-62.000000000000014,US,basis points,https://data.bis.org/topics/CBPOL
1970-05-01,Canada,Canada cut 50bp to 7.5%,monetary policy,standard,cut,-50.0,CA,basis points,https://data.bis.org/topics/CBPOL
1970-06-01,United States,United States cut 213bp to 5.75%,monetary policy,major,cut,-213.0,US,basis points,https://data.bis.org/topics/CBPOL
1970-06-01,Canada,Canada cut 50bp to 7.0%,monetary policy,standard,cut,-50.0,CA,basis points,https://data.bis.org/topics/CBPOL
1970-07-01,United States,United States hike 100bp to 6.75%,monetary policy,major,hike,100.0,US,basis points,https://data.bis.org/topics/CBPOL
1970-07-01,Germany,Germany cut 50bp to 7.0%,monetary policy,standard,cut,-50.0,DE,basis points,https://data.bis.org/topics/CBPOL
1970-08-01,United States,United States cut 25bp to 6.5%,monetary policy,standard,cut,-25.0,US,basis points,https://data.bis.org/topics/CBPOL
1970-08-01,France,France cut 50bp to 7.5%,monetary policy,standard,cut,-50.0,FR,basis points,https://data.bis.org/topics/CBPOL
1970-09-01,Canada,Canada cut 50bp to 6.5%,monetary policy,standard,cut,-50.0,CA,basis points,https://data.bis.org/topics/CBPOL
1970-09-01,United States,United States cut 150bp to 5.0%,monetary policy,major,cut,-150.0,US,basis points,https://data.bis.org/topics/CBPOL
1970-10-01,Belgium,Belgium cut 50bp to 7.0%,monetary policy,standard,cut,-50.0,BE,basis points,https://data.bis.org/topics/CBPOL
1970-10-01,Japan,Japan cut 25bp to 6.0%,monetary policy,standard,cut,-25.0,JP,basis points,https://data.bis.org/topics/CBPOL
1970-10-01,France,France cut 50bp to 7.0%,monetary policy,standard,cut,-50.0,FR,basis points,https://data.bis.org/topics/CBPOL
1970-10-01,United States,United States hike 113bp to 6.13%,monetary policy,major,hike,112.99999999999999,US,basis points,https://data.bis.org/topics/CBPOL
1970-11-01,Canada,Canada cut 50bp to 6.0%,monetary policy,standard,cut,-50.0,CA,basis points,https://data.bis.org/topics/CBPOL
1970-11-01,United States,United States cut 63bp to 5.5%,monetary policy,standard,cut,-62.999999999999986,US,basis points,https://data.bis.org/topics/CBPOL
1970-11-01,Germany,Germany cut 50bp to 6.5%,monetary policy,standard,cut,-50.0,DE,basis points,https://data.bis.org/topics/CBPOL
1970-12-01,United States,United States cut 250bp to 3.0%,monetary policy,major,cut,-250.0,US,basis points,https://data.bis.org/topics/CBPOL
1970-12-01,Belgium,Belgium cut 50bp to 6.5%,monetary policy,standard,cut,-50.0,BE,basis points,https://data.bis.org/topics/CBPOL
1970-12-01,Germany,Germany cut 50bp to 6.0%,monetary policy,standard,cut,-50.0,DE,basis points,https://data.bis.org/topics/CBPOL
1970-12-01,Austria,Austria hike 25bp to 5.0%,monetary policy,standard,hike,25.0,AT,basis points,https://data.bis.org/topics/CBPOL
1971-01-01,France,France cut 50bp to 6.5%,monetary policy,standard,cut,-50.0,FR,basis points,https://data.bis.org/topics/CBPOL
1971-01-01,Japan,Japan cut 25bp to 5.75%,monetary policy,standard,cut,-25.0,JP,basis points,https://data.bis.org/topics/CBPOL
1971-01-01,Denmark,Denmark cut 100bp to 8.0%,monetary policy,major,cut,-100.0,DK,basis points,https://data.bis.org/topics/CBPOL
1971-01-01,United States,United States hike 100bp to 4.0%,monetary policy,major,hike,100.0,US,basis points,https://data.bis.org/topics/CBPOL
1971-01-01,Spain,Spain cut 25bp to 6.25%,monetary policy,standard,cut,-25.0,ES,basis points,https://data.bis.org/topics/CBPOL
1971-01-01,India,India hike 100bp to 6.0%,monetary policy,major,hike,100.0,IN,basis points,https://data.bis.org/topics/CBPOL
1971-02-01,United States,United States cut 62bp to 3.38%,monetary policy,standard,cut,-62.000000000000014,US,basis points,https://data.bis.org/topics/CBPOL
1971-02-01,Portugal,Portugal hike 25bp to 3.75%,monetary policy,standard,hike,25.0,PT,basis points,https://data.bis.org/topics/CBPOL
1971-02-01,Canada,Canada cut 75bp to 5.25%,monetary policy,major,cut,-75.0,CA,basis points,https://data.bis.org/topics/CBPOL
1971-03-01,Belgium,Belgium cut 50bp to 6.0%,monetary policy,standard,cut,-50.0,BE,basis points,https://data.bis.org/topics/CBPOL
1971-03-01,Sweden,Sweden cut 50bp to 6.5%,monetary policy,standard,cut,-50.0,SE,basis points,https://data.bis.org/topics/CBPOL
1971-03-01,United States,United States hike 112bp to 4.5%,monetary policy,major,hike,112.00000000000001,US,basis points,https://data.bis.org/topics/CBPOL
1971-04-01,Spain,Spain cut 25bp to 6.0%,monetary policy,standard,cut,-25.0,ES,basis points,https://data.bis.org/topics/CBPOL
1971-04-01,United Kingdom,United Kingdom cut 100bp to 6.0%,monetary policy,major,cut,-100.0,GB,basis points,https://data.bis.org/topics/CBPOL
1971-04-01,Netherlands,Netherlands cut 50bp to 6.5%,monetary policy,standard,cut,-50.0,NL,basis points,https://data.bis.org/topics/CBPOL
1971-04-01,Sweden,Sweden cut 50bp to 6.0%,monetary policy,standard,cut,-50.0,SE,basis points,https://data.bis.org/topics/CBPOL
1971-04-01,United States,United States cut 25bp to 4.25%,monetary policy,standard,cut,-25.0,US,basis points,https://data.bis.org/topics/CBPOL
1971-04-01,Germany,Germany cut 100bp to 5.0%,monetary policy,major,cut,-100.0,DE,basis points,https://data.bis.org/topics/CBPOL
1971-04-01,Denmark,Denmark cut 50bp to 7.5%,monetary policy,standard,cut,-50.0,DK,basis points,https://data.bis.org/topics/CBPOL
1971-04-01,Italy,Italy cut 50bp to 5.0%,monetary policy,standard,cut,-50.0,IT,basis points,https://data.bis.org/topics/CBPOL
1971-05-01,France,France hike 25bp to 6.75%,monetary policy,standard,hike,25.0,FR,basis points,https://data.bis.org/topics/CBPOL
1971-05-01,United States,United States hike 63bp to 4.88%,monetary policy,standard,hike,62.999999999999986,US,basis points,https://data.bis.org/topics/CBPOL
1971-05-01,Japan,Japan cut 25bp to 5.5%,monetary policy,standard,cut,-25.0,JP,basis points,https://data.bis.org/topics/CBPOL
1971-06-01,United States,United States cut 13bp to 4.75%,monetary policy,minor,cut,-12.99999999999999,US,basis points,https://data.bis.org/topics/CBPOL
1971-07-01,Japan,Japan cut 25bp to 5.25%,monetary policy,standard,cut,-25.0,JP,basis points,https://data.bis.org/topics/CBPOL
1971-07-01,United States,United States hike 75bp to 5.5%,monetary policy,major,hike,75.0,US,basis points,https://data.bis.org/topics/CBPOL
1971-08-01,Netherlands,Netherlands cut 50bp to 6.0%,monetary policy,standard,cut,-50.0,NL,basis points,https://data.bis.org/topics/CBPOL
1971-08-01,United States,United States hike 25bp to 5.75%,monetary policy,standard,hike,25.0,US,basis points,https://data.bis.org/topics/CBPOL
1971-09-01,United Kingdom,United Kingdom cut 100bp to 5.0%,monetary policy,major,cut,-100.0,GB,basis points,https://data.bis.org/topics/CBPOL
1971-09-01,Belgium,Belgium cut 50bp to 5.5%,monetary policy,standard,cut,-50.0,BE,basis points,https://data.bis.org/topics/CBPOL
1971-09-01,Netherlands,Netherlands cut 50bp to 5.5%,monetary policy,standard,cut,-50.0,NL,basis points,https://data.bis.org/topics/CBPOL
1971-09-01,Sweden,Sweden cut 50bp to 5.5%,monetary policy,standard,cut,-50.0,SE,basis points,https://data.bis.org/topics/CBPOL
1971-09-01,United States,United States cut 37bp to 5.38%,monetary policy,standard,cut,-37.000000000000014,US,basis points,https://data.bis.org/topics/CBPOL
1971-10-01,Spain,Spain cut 100bp to 5.0%,monetary policy,major,cut,-100.0,ES,basis points,https://data.bis.org/topics/CBPOL
1971-10-01,United States,United States cut 25bp to 5.13%,monetary policy,standard,cut,-25.0,US,basis points,https://data.bis.org/topics/CBPOL
1971-10-01,Germany,Germany cut 50bp to 4.5%,monetary policy,standard,cut,-50.0,DE,basis points,https://data.bis.org/topics/CBPOL
1971-10-01,Canada,Canada cut 50bp to 4.75%,monetary policy,standard,cut,-50.0,CA,basis points,https://data.bis.org/topics/CBPOL
1971-10-01,France,France cut 25bp to 6.5%,monetary policy,standard,cut,-25.0,FR,basis points,https://data.bis.org/topics/CBPOL
1971-10-01,Italy,Italy cut 50bp to 4.5%,monetary policy,standard,cut,-50.0,IT,basis points,https://data.bis.org/topics/CBPOL
1971-11-01,Sweden,Sweden cut 50bp to 5.0%,monetary policy,standard,cut,-50.0,SE,basis points,https://data.bis.org/topics/CBPOL
1971-11-01,United States,United States cut 88bp to 4.25%,monetary policy,major,cut,-87.99999999999999,US,basis points,https://data.bis.org/topics/CBPOL
1971-12-01,Japan,Japan cut 50bp to 4.75%,monetary policy,standard,cut,-50.0,JP,basis points,https://data.bis.org/topics/CBPOL
1971-12-01,Germany,Germany cut 50bp to 4.0%,monetary policy,standard,cut,-50.0,DE,basis points,https://data.bis.org/topics/CBPOL
1971-12-01,United States,United States cut 125bp to 3.0%,monetary policy,major,cut,-125.0,US,basis points,https://data.bis.org/topics/CBPOL
1972-01-01,United States,United States hike 13bp to 3.13%,monetary policy,minor,hike,12.99999999999999,US,basis points,https://data.bis.org/topics/CBPOL
1972-01-01,Netherlands,Netherlands cut 50bp to 5.0%,monetary policy,standard,cut,-50.0,NL,basis points,https://data.bis.org/topics/CBPOL
1972-01-01,France,France cut 50bp to 6.0%,monetary policy,standard,cut,-50.0,FR,basis points,https://data.bis.org/topics/CBPOL
1972-01-01,Denmark,Denmark cut 50bp to 7.0%,monetary policy,standard,cut,-50.0,DK,basis points,https://data.bis.org/topics/CBPOL
1972-01-01,Belgium,Belgium cut 50bp to 5.0%,monetary policy,standard,cut,-50.0,BE,basis points,https://data.bis.org/topics/CBPOL
1972-02-01,United States,United States hike 12bp to 3.25%,monetary policy,minor,hike,12.00000000000001,US,basis points,https://data.bis.org/topics/CBPOL
1972-02-01,Germany,Germany cut 100bp to 3.0%,monetary policy,major,cut,-100.0,DE,basis points,https://data.bis.org/topics/CBPOL
1972-02-01,Belgium,Belgium cut 50bp to 4.5%,monetary policy,standard,cut,-50.0,BE,basis points,https://data.bis.org/topics/CBPOL
1972-03-01,United States,United States hike 75bp to 4.0%,monetary policy,major,hike,75.0,US,basis points,https://data.bis.org/topics/CBPOL
1972-03-01,Netherlands,Netherlands cut 50bp to 4.5%,monetary policy,standard,cut,-50.0,NL,basis points,https://data.bis.org/topics/CBPOL
1972-03-01,Belgium,Belgium cut 50bp to 4.0%,monetary policy,standard,cut,-50.0,BE,basis points,https://data.bis.org/topics/CBPOL
1972-04-01,United States,United States hike 31bp to 4.31%,monetary policy,standard,hike,30.99999999999996,US,basis points,https://data.bis.org/topics/CBPOL
1972-04-01,Italy,Italy cut 50bp to 4.0%,monetary policy,standard,cut,-50.0,IT,basis points,https://data.bis.org/topics/CBPOL
1972-04-01,France,France cut 25bp to 5.75%,monetary policy,standard,cut,-25.0,FR,basis points,https://data.bis.org/topics/CBPOL
1972-05-01,United States,United States hike 44bp to 4.75%,monetary policy,standard,hike,44.00000000000004,US,basis points,https://data.bis.org/topics/CBPOL
1972-06-01,United Kingdom,United Kingdom hike 100bp to 6.0%,monetary policy,major,hike,100.0,GB,basis points,https://data.bis.org/topics/CBPOL
1972-06-01,Japan,Japan cut 50bp to 4.25%,monetary policy,standard,cut,-50.0,JP,basis points,https://data.bis.org/topics/CBPOL
1972-06-01,United States,United States cut 25bp to 4.5%,monetary policy,standard,cut,-25.0,US,basis points,https://data.bis.org/topics/CBPOL
1972-06-01,Denmark,Denmark hike 100bp to 8.0%,monetary policy,major,hike,100.0,DK,basis points,https://data.bis.org/topics/CBPOL
1972-08-01,United States,United States hike 63bp to 5.13%,monetary policy,standard,hike,62.999999999999986,US,basis points,https://data.bis.org/topics/CBPOL
1972-09-01,Netherlands,Netherlands cut 100bp to 3.5%,monetary policy,major,cut,-100.0,NL,basis points,https://data.bis.org/topics/CBPOL
1972-09-01,United States,United States cut 25bp to 4.88%,monetary policy,standard,cut,-25.0,US,basis points,https://data.bis.org/topics/CBPOL
1972-10-01,Denmark,Denmark cut 100bp to 7.0%,monetary policy,major,cut,-100.0,DK,basis points,https://data.bis.org/topics/CBPOL
1972-10-01,United Kingdom,United Kingdom hike 150bp to 7.5%,monetary policy,major,hike,150.0,GB,basis points,https://data.bis.org/topics/CBPOL
1972-10-01,Germany,Germany hike 50bp to 3.5%,monetary policy,standard,hike,50.0,DE,basis points,https://data.bis.org/topics/CBPOL
1972-11-01,France,France hike 175bp to 7.5%,monetary policy,major,hike,175.0,FR,basis points,https://data.bis.org/topics/CBPOL
1972-11-01,Netherlands,Netherlands hike 100bp to 4.5%,monetary policy,major,hike,100.0,NL,basis points,https://data.bis.org/topics/CBPOL
1972-11-01,Austria,Austria hike 50bp to 5.5%,monetary policy,standard,hike,50.0,AT,basis points,https://data.bis.org/topics/CBPOL
1972-11-01,Germany,Germany hike 50bp to 4.0%,monetary policy,standard,hike,50.0,DE,basis points,https://data.bis.org/topics/CBPOL
1972-11-01,United States,United States hike 31bp to 5.19%,monetary policy,standard,hike,31.00000000000005,US,basis points,https://data.bis.org/topics/CBPOL
1972-11-01,Belgium,Belgium hike 50bp to 4.5%,monetary policy,standard,hike,50.0,BE,basis points,https://data.bis.org/topics/CBPOL
1972-12-01,Portugal,Portugal hike 25bp to 4.0%,monetary policy,standard,hike,25.0,PT,basis points,https://data.bis.org/topics/CBPOL
1972-12-01,Germany,Germany hike 50bp to 4.5%,monetary policy,standard,hike,50.0,DE,basis points,https://data.bis.org/topics/CBPOL
1972-12-01,United States,United States hike 31bp to 5.5%,monetary policy,standard,hike,30.99999999999996,US,basis points,https://data.bis.org/topics/CBPOL
1972-12-01,Belgium,Belgium hike 50bp to 5.0%,monetary policy,standard,hike,50.0,BE,basis points,https://data.bis.org/topics/CBPOL
1972-12-01,United Kingdom,United Kingdom hike 150bp to 9.0%,monetary policy,major,hike,150.0,GB,basis points,https://data.bis.org/topics/CBPOL
1973-01-01,Switzerland,Switzerland hike 75bp to 4.5%,monetary policy,major,hike,75.0,CH,basis points,https://data.bis.org/topics/CBPOL
1973-01-01,United Kingdom,United Kingdom cut 25bp to 8.75%,monetary policy,standard,cut,-25.0,GB,basis points,https://data.bis.org/topics/CBPOL
1973-01-01,United States,United States hike 100bp to 6.5%,monetary policy,major,hike,100.0,US,basis points,https://data.bis.org/topics/CBPOL
1973-01-01,Germany,Germany hike 50bp to 5.0%,monetary policy,standard,hike,50.0,DE,basis points,https://data.bis.org/topics/CBPOL
1973-02-01,United States,United States hike 100bp to 7.5%,monetary policy,major,hike,100.0,US,basis points,https://data.bis.org/topics/CBPOL
1973-03-01,United States,United States cut 12bp to 7.38%,monetary policy,minor,cut,-12.00000000000001,US,basis points,https://data.bis.org/topics/CBPOL
1973-03-01,United Kingdom,United Kingdom cut 25bp to 8.5%,monetary policy,standard,cut,-25.0,GB,basis points,https://data.bis.org/topics/CBPOL
1973-04-01,Japan,Japan hike 75bp to 5.0%,monetary policy,major,hike,75.0,JP,basis points,https://data.bis.org/topics/CBPOL
1973-04-01,United Kingdom,United Kingdom cut 25bp to 8.25%,monetary policy,standard,cut,-25.0,GB,basis points,https://data.bis.org/topics/CBPOL
1973-04-01,United States,United States hike 25bp to 7.63%,monetary policy,standard,hike,25.0,US,basis points,https://data.bis.org/topics/CBPOL
1973-04-01,Canada,Canada hike 50bp to 5.25%,monetary policy,standard,hike,50.0,CA,basis points,https://data.bis.org/topics/CBPOL
1973-05-01,United States,United States hike 50bp to 8.13%,monetary policy,standard,hike,50.000000000000085,US,basis points,https://data.bis.org/topics/CBPOL
1973-05-01,Canada,Canada hike 50bp to 5.75%,monetary policy,standard,hike,50.0,CA,basis points,https://data.bis.org/topics/CBPOL
1973-05-01,India,India hike 100bp to 7.0%,monetary policy,major,hike,100.0,IN,basis points,https://data.bis.org/topics/CBPOL
1973-05-01,Greece,Greece hike 100bp to 7.5%,monetary policy,major,hike,100.0,GR,basis points,https://data.bis.org/topics/CBPOL
1973-05-01,Japan,Japan hike 50bp to 5.5%,monetary policy,standard,hike,50.0,JP,basis points,https://data.bis.org/topics/CBPOL
1973-05-01,Germany,Germany hike 100bp to 6.0%,monetary policy,major,hike,100.0,DE,basis points,https://data.bis.org/topics/CBPOL
1973-05-01,Belgium,Belgium hike 50bp to 5.5%,monetary policy,standard,hike,50.0,BE,basis points,https://data.bis.org/topics/CBPOL
1973-05-01,United Kingdom,United Kingdom cut 50bp to 7.75%,monetary policy,standard,cut,-50.0,GB,basis points,https://data.bis.org/topics/CBPOL
1973-06-01,Netherlands,Netherlands hike 100bp to 5.5%,monetary policy,major,hike,100.0,NL,basis points,https://data.bis.org/topics/CBPOL
1973-06-01,Germany,Germany hike 100bp to 7.0%,monetary policy,major,hike,100.0,DE,basis points,https://data.bis.org/topics/CBPOL
1973-06-01,United Kingdom,United Kingdom cut 25bp to 7.5%,monetary policy,standard,cut,-25.0,GB,basis points,https://data.bis.org/topics/CBPOL
1973-06-01,United States,United States hike 75bp to 8.88%,monetary policy,major,hike,75.0,US,basis points,https://data.bis.org/topics/CBPOL
1973-06-01,Canada,Canada hike 50bp to 6.25%,monetary policy,standard,hike,50.0,CA,basis points,https://data.bis.org/topics/CBPOL
1973-07-01,Belgium,Belgium hike 50bp to 6.0%,monetary policy,standard,hike,50.0,BE,basis points,https://data.bis.org/topics/CBPOL
1973-07-01,Greece,Greece hike 150bp to 9.0%,monetary policy,major,hike,150.0,GR,basis points,https://data.bis.org/topics/CBPOL
1973-07-01,Netherlands,Netherlands hike 100bp to 6.5%,monetary policy,major,hike,100.0,NL,basis points,https://data.bis.org/topics/CBPOL
1973-07-01,Spain,Spain hike 100bp to 6.0%,monetary policy,major,hike,100.0,ES,basis points,https://data.bis.org/topics/CBPOL
1973-07-01,France,France hike 112bp to 8.62%,monetary policy,major,hike,112.5,FR,basis points,https://data.bis.org/topics/CBPOL
1973-07-01,United States,United States hike 234bp to 11.22%,monetary policy,major,hike,234.0,US,basis points,https://data.bis.org/topics/CBPOL
1973-07-01,Denmark,Denmark hike 100bp to 8.0%,monetary policy,major,hike,100.0,DK,basis points,https://data.bis.org/topics/CBPOL
1973-07-01,United Kingdom,United Kingdom hike 400bp to 11.5%,monetary policy,major,hike,400.0,GB,basis points,https://data.bis.org/topics/CBPOL
1973-07-01,Japan,Japan hike 50bp to 6.0%,monetary policy,standard,hike,50.0,JP,basis points,https://data.bis.org/topics/CBPOL
1973-08-01,Japan,Japan hike 100bp to 7.0%,monetary policy,major,hike,100.0,JP,basis points,https://data.bis.org/topics/CBPOL
1973-08-01,Belgium,Belgium hike 50bp to 6.5%,monetary policy,standard,hike,50.0,BE,basis points,https://data.bis.org/topics/CBPOL
1973-08-01,Netherlands,Netherlands hike 100bp to 7.5%,monetary policy,major,hike,100.0,NL,basis points,https://data.bis.org/topics/CBPOL
1973-08-01,Canada,Canada hike 50bp to 6.75%,monetary policy,standard,hike,50.0,CA,basis points,https://data.bis.org/topics/CBPOL
1973-08-01,France,France hike 25bp to 8.88%,monetary policy,standard,hike,25.0,FR,basis points,https://data.bis.org/topics/CBPOL
1973-09-01,Italy,Italy hike 250bp to 6.5%,monetary policy,major,hike,250.0,IT,basis points,https://data.bis.org/topics/CBPOL
1973-09-01,France,France hike 94bp to 9.81%,monetary policy,major,hike,93.75,FR,basis points,https://data.bis.org/topics/CBPOL
1973-09-01,United States,United States cut 40bp to 10.82%,monetary policy,standard,cut,-40.000000000000036,US,basis points,https://data.bis.org/topics/CBPOL
1973-09-01,Canada,Canada hike 50bp to 7.25%,monetary policy,standard,hike,50.0,CA,basis points,https://data.bis.org/topics/CBPOL
1973-10-01,Belgium,Belgium hike 50bp to 7.0%,monetary policy,standard,hike,50.0,BE,basis points,https://data.bis.org/topics/CBPOL
1973-10-01,United Kingdom,United Kingdom cut 25bp to 11.25%,monetary policy,standard,cut,-25.0,GB,basis points,https://data.bis.org/topics/CBPOL
1973-10-01,Netherlands,Netherlands hike 50bp to 8.0%,monetary policy,standard,hike,50.0,NL,basis points,https://data.bis.org/topics/CBPOL
1973-10-01,France,France hike 106bp to 10.88%,monetary policy,major,hike,106.25,FR,basis points,https://data.bis.org/topics/CBPOL
1973-10-01,United States,United States cut 21bp to 10.61%,monetary policy,minor,cut,-21.000000000000085,US,basis points,https://data.bis.org/topics/CBPOL
1973-11-01,France,France cut 6bp to 10.81%,monetary policy,minor,cut,-6.25,FR,basis points,https://data.bis.org/topics/CBPOL
1973-11-01,Belgium,Belgium hike 75bp to 7.75%,monetary policy,major,hike,75.0,BE,basis points,https://data.bis.org/topics/CBPOL
1973-11-01,United States,United States cut 27bp to 10.34%,monetary policy,standard,cut,-26.999999999999957,US,basis points,https://data.bis.org/topics/CBPOL
1973-11-01,United Kingdom,United Kingdom hike 175bp to 13.0%,monetary policy,major,hike,175.0,GB,basis points,https://data.bis.org/topics/CBPOL
1973-12-01,United States,United States cut 51bp to 9.83%,monetary policy,standard,cut,-50.99999999999998,US,basis points,https://data.bis.org/topics/CBPOL
1973-12-01,Netherlands,Netherlands hike 100bp to 9.0%,monetary policy,major,hike,100.0,NL,basis points,https://data.bis.org/topics/CBPOL
1973-12-01,France,France cut 12bp to 10.69%,monetary policy,minor,cut,-12.5,FR,basis points,https://data.bis.org/topics/CBPOL
1973-12-01,Portugal,Portugal hike 100bp to 5.0%,monetary policy,major,hike,100.0,PT,basis points,https://data.bis.org/topics/CBPOL
1973-12-01,Japan,Japan hike 200bp to 9.0%,monetary policy,major,hike,200.0,JP,basis points,https://data.bis.org/topics/CBPOL
1973-12-01,Denmark,Denmark hike 100bp to 9.0%,monetary policy,major,hike,100.0,DK,basis points,https://data.bis.org/topics/CBPOL
1974-01-01,United States,United States cut 52bp to 9.31%,monetary policy,standard,cut,-51.99999999999996,US,basis points,https://data.bis.org/topics/CBPOL
1974-01-01,Switzerland,Switzerland hike 100bp to 5.5%,monetary policy,major,hike,100.0,CH,basis points,https://data.bis.org/topics/CBPOL
1974-01-01,France,France hike 81bp to 11.5%,monetary policy,major,hike,81.25,FR,basis points,https://data.bis.org/topics/CBPOL
1974-01-01,Denmark,Denmark hike 100bp to 10.0%,monetary policy,major,hike,100.0,DK,basis points,https://data.bis.org/topics/CBPOL
1974-01-01,United Kingdom,United Kingdom cut 25bp to 12.75%,monetary policy,standard,cut,-25.0,GB,basis points,https://data.bis.org/topics/CBPOL
1974-02-01,France,France cut 75bp to 10.75%,monetary policy,major,cut,-75.0,FR,basis points,https://data.bis.org/topics/CBPOL
1974-02-01,Greece,Greece hike 200bp to 11.0%,monetary policy,major,hike,200.0,GR,basis points,https://data.bis.org/topics/CBPOL
1974-02-01,Belgium,Belgium hike 100bp to 8.75%,monetary policy,major,hike,100.0,BE,basis points,https://data.bis.org/topics/CBPOL
1974-02-01,United Kingdom,United Kingdom cut 25bp to 12.5%,monetary policy,standard,cut,-25.0,GB,basis points,https://data.bis.org/topics/CBPOL
1974-02-01,United States,United States cut 44bp to 8.87%,monetary policy,standard,cut,-44.00000000000013,US,basis points,https://data.bis.org/topics/CBPOL
1974-03-01,Italy,Italy hike 250bp to 9.0%,monetary policy,major,hike,250.0,IT,basis points,https://data.bis.org/topics/CBPOL
1974-03-01,France,France cut 25bp to 10.5%,monetary policy,standard,cut,-25.0,FR,basis points,https://data.bis.org/topics/CBPOL
1974-03-01,United States,United States hike 108bp to 9.95%,monetary policy,major,hike,108.0,US,basis points,https://data.bis.org/topics/CBPOL
1974-04-01,United States,United States hike 105bp to 11.0%,monetary policy,major,hike,105.00000000000007,US,basis points,https://data.bis.org/topics/CBPOL
1974-04-01,France,France hike 12bp to 10.62%,monetary policy,minor,hike,12.5,FR,basis points,https://data.bis.org/topics/CBPOL
1974-04-01,United Kingdom,United Kingdom cut 50bp to 12.0%,monetary policy,standard,cut,-50.0,GB,basis points,https://data.bis.org/topics/CBPOL
1974-04-01,Canada,Canada hike 100bp to 8.25%,monetary policy,major,hike,100.0,CA,basis points,https://data.bis.org/topics/CBPOL
1974-04-01,Sweden,Sweden hike 100bp to 6.0%,monetary policy,major,hike,100.0,SE,basis points,https://data.bis.org/topics/CBPOL
1974-05-01,United Kingdom,United Kingdom cut 25bp to 11.75%,monetary policy,standard,cut,-25.0,GB,basis points,https://data.bis.org/topics/CBPOL
1974-05-01,United States,United States hike 64bp to 11.64%,monetary policy,standard,hike,64.00000000000006,US,basis points,https://data.bis.org/topics/CBPOL
1974-05-01,Austria,Austria hike 100bp to 6.5%,monetary policy,major,hike,100.0,AT,basis points,https://data.bis.org/topics/CBPOL
1974-05-01,Canada,Canada hike 50bp to 8.75%,monetary policy,standard,hike,50.0,CA,basis points,https://data.bis.org/topics/CBPOL
1974-06-01,France,France hike 125bp to 11.88%,monetary policy,major,hike,125.0,FR,basis points,https://data.bis.org/topics/CBPOL
1974-06-01,United States,United States hike 167bp to 13.31%,monetary policy,major,hike,167.0,US,basis points,https://data.bis.org/topics/CBPOL
1974-07-01,United States,United States cut 125bp to 12.06%,monetary policy,major,cut,-125.0,US,basis points,https://data.bis.org/topics/CBPOL
1974-07-01,Canada,Canada hike 50bp to 9.25%,monetary policy,standard,hike,50.0,CA,basis points,https://data.bis.org/topics/CBPOL
1974-07-01,France,France cut 12bp to 11.75%,monetary policy,minor,cut,-12.5,FR,basis points,https://data.bis.org/topics/CBPOL
1974-07-01,India,India hike 200bp to 9.0%,monetary policy,major,hike,200.0,IN,basis points,https://data.bis.org/topics/CBPOL
1974-08-01,United States,United States cut 46bp to 11.6%,monetary policy,standard,cut,-46.000000000000085,US,basis points,https://data.bis.org/topics/CBPOL
1974-08-01,Spain,Spain hike 100bp to 7.0%,monetary policy,major,hike,100.0,ES,basis points,https://data.bis.org/topics/CBPOL
1974-08-01,Sweden,Sweden hike 100bp to 7.0%,monetary policy,major,hike,100.0,SE,basis points,https://data.bis.org/topics/CBPOL
1974-09-01,Greece,Greece cut 300bp to 8.0%,monetary policy,major,cut,-300.0,GR,basis points,https://data.bis.org/topics/CBPOL
1974-09-01,United Kingdom,United Kingdom cut 25bp to 11.5%,monetary policy,standard,cut,-25.0,GB,basis points,https://data.bis.org/topics/CBPOL
1974-09-01,United States,United States cut 49bp to 11.11%,monetary policy,standard,cut,-49.00000000000002,US,basis points,https://data.bis.org/topics/CBPOL
1974-10-01,France,France cut 25bp to 11.5%,monetary policy,standard,cut,-25.0,FR,basis points,https://data.bis.org/topics/CBPOL
1974-10-01,Netherlands,Netherlands cut 100bp to 8.0%,monetary policy,major,cut,-100.0,NL,basis points,https://data.bis.org/topics/CBPOL
1974-10-01,United States,United States cut 145bp to 9.66%,monetary policy,major,cut,-144.99999999999994,US,basis points,https://data.bis.org/topics/CBPOL
1974-10-01,Germany,Germany cut 50bp to 6.5%,monetary policy,standard,cut,-50.0,DE,basis points,https://data.bis.org/topics/CBPOL
1974-11-01,Canada,Canada cut 50bp to 8.75%,monetary policy,standard,cut,-50.0,CA,basis points,https://data.bis.org/topics/CBPOL
1974-11-01,France,France cut 50bp to 11.0%,monetary policy,standard,cut,-50.0,FR,basis points,https://data.bis.org/topics/CBPOL
1974-11-01,United States,United States cut 19bp to 9.47%,monetary policy,minor,cut,-18.99999999999995,US,basis points,https://data.bis.org/topics/CBPOL
1974-12-01,France,France cut 25bp to 10.75%,monetary policy,standard,cut,-25.0,FR,basis points,https://data.bis.org/topics/CBPOL
1974-12-01,Italy,Italy cut 100bp to 8.0%,monetary policy,major,cut,-100.0,IT,basis points,https://data.bis.org/topics/CBPOL
1974-12-01,United States,United States cut 560bp to 3.87%,monetary policy,major,cut,-560.0,US,basis points,https://data.bis.org/topics/CBPOL
1974-12-01,Portugal,Portugal hike 250bp to 7.5%,monetary policy,major,hike,250.0,PT,basis points,https://data.bis.org/topics/CBPOL
1974-12-01,Germany,Germany cut 50bp to 6.0%,monetary policy,standard,cut,-50.0,DE,basis points,https://data.bis.org/topics/CBPOL
1975-01-01,Denmark,Denmark cut 100bp to 9.0%,monetary policy,major,cut,-100.0,DK,basis points,https://data.bis.org/topics/CBPOL
1975-01-01,France,France cut 75bp to 10.0%,monetary policy,major,cut,-75.0,FR,basis points,https://data.bis.org/topics/CBPOL
1975-01-01,Canada,Canada cut 50bp to 8.25%,monetary policy,standard,cut,-50.0,CA,basis points,https://data.bis.org/topics/CBPOL
1975-01-01,Belgium,Belgium cut 50bp to 8.25%,monetary policy,standard,cut,-50.0,BE,basis points,https://data.bis.org/topics/CBPOL
1975-01-01,United Kingdom,United Kingdom cut 50bp to 11.0%,monetary policy,standard,cut,-50.0,GB,basis points,https://data.bis.org/topics/CBPOL
1975-01-01,United States,United States hike 289bp to 6.76%,monetary policy,major,hike,288.99999999999994,US,basis points,https://data.bis.org/topics/CBPOL
1975-02-01,Germany,Germany cut 50bp to 5.5%,monetary policy,standard,cut,-50.0,DE,basis points,https://data.bis.org/topics/CBPOL
1975-02-01,France,France cut 38bp to 9.62%,monetary policy,standard,cut,-37.5,FR,basis points,https://data.bis.org/topics/CBPOL
1975-02-01,United Kingdom,United Kingdom cut 50bp to 10.5%,monetary policy,standard,cut,-50.0,GB,basis points,https://data.bis.org/topics/CBPOL
1975-02-01,United States,United States cut 69bp to 6.07%,monetary policy,standard,cut,-68.99999999999994,US,basis points,https://data.bis.org/topics/CBPOL
1975-03-01,United States,United States cut 68bp to 5.39%,monetary policy,standard,cut,-68.00000000000006,US,basis points,https://data.bis.org/topics/CBPOL
1975-03-01,Switzerland,Switzerland cut 50bp to 5.0%,monetary policy,standard,cut,-50.0,CH,basis points,https://data.bis.org/topics/CBPOL
1975-03-01,United Kingdom,United Kingdom cut 50bp to 10.0%,monetary policy,standard,cut,-50.0,GB,basis points,https://data.bis.org/topics/CBPOL
1975-03-01,Germany,Germany cut 50bp to 5.0%,monetary policy,standard,cut,-50.0,DE,basis points,https://data.bis.org/topics/CBPOL
1975-03-01,Netherlands,Netherlands cut 100bp to 7.0%,monetary policy,major,cut,-100.0,NL,basis points,https://data.bis.org/topics/CBPOL
1975-03-01,France,France cut 12bp to 9.5%,monetary policy,minor,cut,-12.5,FR,basis points,https://data.bis.org/topics/CBPOL
1975-03-01,Belgium,Belgium cut 75bp to 7.5%,monetary policy,major,cut,-75.0,BE,basis points,https://data.bis.org/topics/CBPOL
1975-04-01,Austria,Austria cut 50bp to 6.0%,monetary policy,standard,cut,-50.0,AT,basis points,https://data.bis.org/topics/CBPOL
1975-04-01,France,France cut 162bp to 7.88%,monetary policy,major,cut,-162.5,FR,basis points,https://data.bis.org/topics/CBPOL
1975-04-01,United States,United States hike 164bp to 7.03%,monetary policy,major,hike,164.00000000000006,US,basis points,https://data.bis.org/topics/CBPOL
1975-04-01,Japan,Japan cut 50bp to 8.5%,monetary policy,standard,cut,-50.0,JP,basis points,https://data.bis.org/topics/CBPOL
1975-04-01,Belgium,Belgium cut 50bp to 7.0%,monetary policy,standard,cut,-50.0,BE,basis points,https://data.bis.org/topics/CBPOL
1975-04-01,United Kingdom,United Kingdom cut 25bp to 9.75%,monetary policy,standard,cut,-25.0,GB,basis points,https://data.bis.org/topics/CBPOL
1975-04-01,Denmark,Denmark cut 100bp to 8.0%,monetary policy,major,cut,-100.0,DK,basis points,https://data.bis.org/topics/CBPOL
1975-05-01,United States,United States cut 180bp to 5.23%,monetary policy,major,cut,-179.99999999999997,US,basis points,https://data.bis.org/topics/CBPOL
1975-05-01,Germany,Germany cut 50bp to 4.5%,monetary policy,standard,cut,-50.0,DE,basis points,https://data.bis.org/topics/CBPOL
1975-05-01,United Kingdom,United Kingdom hike 25bp to 10.0%,monetary policy,standard,hike,25.0,GB,basis points,https://data.bis.org/topics/CBPOL
1975-05-01,Switzerland,Switzerland cut 50bp to 4.5%,monetary policy,standard,cut,-50.0,CH,basis points,https://data.bis.org/topics/CBPOL
1975-05-01,Italy,Italy cut 100bp to 7.0%,monetary policy,major,cut,-100.0,IT,basis points,https://data.bis.org/topics/CBPOL
1975-05-01,France,France cut 62bp to 7.25%,monetary policy,standard,cut,-62.5,FR,basis points,https://data.bis.org/topics/CBPOL
1975-05-01,Belgium,Belgium cut 50bp to 6.5%,monetary policy,standard,cut,-50.0,BE,basis points,https://data.bis.org/topics/CBPOL
1975-06-01,Japan,Japan cut 50bp to 8.0%,monetary policy,standard,cut,-50.0,JP,basis points,https://data.bis.org/topics/CBPOL
1975-06-01,United States,United States hike 74bp to 5.97%,monetary policy,standard,hike,73.99999999999993,US,basis points,https://data.bis.org/topics/CBPOL
1975-06-01,France,France cut 25bp to 7.0%,monetary policy,standard,cut,-25.0,FR,basis points,https://data.bis.org/topics/CBPOL
1975-07-01,United States,United States hike 26bp to 6.23%,monetary policy,standard,hike,26.000000000000068,US,basis points,https://data.bis.org/topics/CBPOL
1975-07-01,United Kingdom,United Kingdom hike 100bp to 11.0%,monetary policy,major,hike,100.0,GB,basis points,https://data.bis.org/topics/CBPOL
1975-08-01,United States,United States cut 10bp to 6.13%,monetary policy,minor,cut,-10.000000000000053,US,basis points,https://data.bis.org/topics/CBPOL
1975-08-01,Sweden,Sweden cut 100bp to 6.0%,monetary policy,major,cut,-100.0,SE,basis points,https://data.bis.org/topics/CBPOL
1975-08-01,Japan,Japan cut 50bp to 7.5%,monetary policy,standard,cut,-50.0,JP,basis points,https://data.bis.org/topics/CBPOL
1975-08-01,Netherlands,Netherlands cut 50bp to 6.5%,monetary policy,standard,cut,-50.0,NL,basis points,https://data.bis.org/topics/CBPOL
1975-08-01,Germany,Germany cut 50bp to 4.0%,monetary policy,standard,cut,-50.0,DE,basis points,https://data.bis.org/topics/CBPOL
1975-08-01,Switzerland,Switzerland cut 50bp to 4.0%,monetary policy,standard,cut,-50.0,CH,basis points,https://data.bis.org/topics/CBPOL
1975-08-01,Denmark,Denmark cut 50bp to 7.5%,monetary policy,standard,cut,-50.0,DK,basis points,https://data.bis.org/topics/CBPOL
1975-08-01,Belgium,Belgium cut 50bp to 6.0%,monetary policy,standard,cut,-50.0,BE,basis points,https://data.bis.org/topics/CBPOL
1975-09-01,Germany,Germany cut 50bp to 3.5%,monetary policy,standard,cut,-50.0,DE,basis points,https://data.bis.org/topics/CBPOL
1975-09-01,Switzerland,Switzerland cut 50bp to 3.5%,monetary policy,standard,cut,-50.0,CH,basis points,https://data.bis.org/topics/CBPOL
1975-09-01,Netherlands,Netherlands cut 100bp to 5.5%,monetary policy,major,cut,-100.0,NL,basis points,https://data.bis.org/topics/CBPOL
1975-09-01,United States,United States hike 9bp to 6.22%,monetary policy,minor,hike,8.999999999999986,US,basis points,https://data.bis.org/topics/CBPOL
1975-09-01,Canada,Canada hike 75bp to 9.0%,monetary policy,major,hike,75.0,CA,basis points,https://data.bis.org/topics/CBPOL
1975-09-01,Italy,Italy cut 100bp to 6.0%,monetary policy,major,cut,-100.0,IT,basis points,https://data.bis.org/topics/CBPOL
1975-10-01,United States,United States cut 57bp to 5.65%,monetary policy,standard,cut,-56.99999999999994,US,basis points,https://data.bis.org/topics/CBPOL
1975-10-01,United Kingdom,United Kingdom hike 100bp to 12.0%,monetary policy,major,hike,100.0,GB,basis points,https://data.bis.org/topics/CBPOL
1975-10-01,Greece,Greece hike 200bp to 10.0%,monetary policy,major,hike,200.0,GR,basis points,https://data.bis.org/topics/CBPOL
1975-10-01,France,France cut 25bp to 6.75%,monetary policy,standard,cut,-25.0,FR,basis points,https://data.bis.org/topics/CBPOL
1975-10-01,Switzerland,Switzerland cut 50bp to 3.0%,monetary policy,standard,cut,-50.0,CH,basis points,https://data.bis.org/topics/CBPOL
1975-10-01,Japan,Japan cut 100bp to 6.5%,monetary policy,major,cut,-100.0,JP,basis points,https://data.bis.org/topics/CBPOL
1975-11-01,United Kingdom,United Kingdom cut 25bp to 11.75%,monetary policy,standard,cut,-25.0,GB,basis points,https://data.bis.org/topics/CBPOL
1975-11-01,United States,United States cut 36bp to 5.29%,monetary policy,standard,cut,-36.00000000000003,US,basis points,https://data.bis.org/topics/CBPOL
1975-11-01,France,France cut 25bp to 6.5%,monetary policy,standard,cut,-25.0,FR,basis points,https://data.bis.org/topics/CBPOL
1975-12-01,United States,United States hike 8bp to 5.37%,monetary policy,minor,hike,8.000000000000007,US,basis points,https://data.bis.org/topics/CBPOL
1975-12-01,United Kingdom,United Kingdom cut 50bp to 11.25%,monetary policy,standard,cut,-50.0,GB,basis points,https://data.bis.org/topics/CBPOL
1975-12-01,Portugal,Portugal cut 100bp to 6.5%,monetary policy,major,cut,-100.0,PT,basis points,https://data.bis.org/topics/CBPOL
1975-12-01,France,France cut 25bp to 6.25%,monetary policy,standard,cut,-25.0,FR,basis points,https://data.bis.org/topics/CBPOL
1976-01-01,Switzerland,Switzerland cut 50bp to 2.5%,monetary policy,standard,cut,-50.0,CH,basis points,https://data.bis.org/topics/CBPOL
1976-01-01,United States,United States cut 53bp to 4.84%,monetary policy,standard,cut,-53.00000000000003,US,basis points,https://data.bis.org/topics/CBPOL
1976-01-01,Austria,Austria cut 100bp to 5.0%,monetary policy,major,cut,-100.0,AT,basis points,https://data.bis.org/topics/CBPOL
1976-01-01,United Kingdom,United Kingdom cut 75bp to 10.5%,monetary policy,major,cut,-75.0,GB,basis points,https://data.bis.org/topics/CBPOL
1976-01-01,France,France hike 25bp to 6.5%,monetary policy,standard,hike,25.0,FR,basis points,https://data.bis.org/topics/CBPOL
1976-01-01,Sweden,Sweden cut 50bp to 5.5%,monetary policy,standard,cut,-50.0,SE,basis points,https://data.bis.org/topics/CBPOL
1976-02-01,Netherlands,Netherlands cut 100bp to 4.5%,monetary policy,major,cut,-100.0,NL,basis points,https://data.bis.org/topics/CBPOL
1976-02-01,France,France hike 112bp to 7.62%,monetary policy,major,hike,112.5,FR,basis points,https://data.bis.org/topics/CBPOL
1976-02-01,United Kingdom,United Kingdom cut 100bp to 9.5%,monetary policy,major,cut,-100.0,GB,basis points,https://data.bis.org/topics/CBPOL
1976-02-01,United States,United States hike 5bp to 4.89%,monetary policy,minor,hike,4.999999999999982,US,basis points,https://data.bis.org/topics/CBPOL
1976-02-01,Italy,Italy hike 200bp to 8.0%,monetary policy,major,hike,200.0,IT,basis points,https://data.bis.org/topics/CBPOL
1976-03-01,United Kingdom,United Kingdom cut 50bp to 9.0%,monetary policy,standard,cut,-50.0,GB,basis points,https://data.bis.org/topics/CBPOL
1976-03-01,Canada,Canada hike 50bp to 9.5%,monetary policy,standard,hike,50.0,CA,basis points,https://data.bis.org/topics/CBPOL
1976-03-01,Denmark,Denmark hike 100bp to 8.5%,monetary policy,major,hike,100.0,DK,basis points,https://data.bis.org/topics/CBPOL
1976-03-01,United States,United States hike 18bp to 5.07%,monetary policy,minor,hike,18.00000000000006,US,basis points,https://data.bis.org/topics/CBPOL
1976-03-01,Belgium,Belgium hike 100bp to 7.0%,monetary policy,major,hike,100.0,BE,basis points,https://data.bis.org/topics/CBPOL
1976-03-01,Italy,Italy hike 400bp to 12.0%,monetary policy,major,hike,400.0,IT,basis points,https://data.bis.org/topics/CBPOL
1976-03-01,France,France cut 25bp to 7.38%,monetary policy,standard,cut,-25.0,FR,basis points,https://data.bis.org/topics/CBPOL
1976-04-01,United Kingdom,United Kingdom hike 150bp to 10.5%,monetary policy,major,hike,150.0,GB,basis points,https://data.bis.org/topics/CBPOL
1976-04-01,United States,United States hike 3bp to 5.1%,monetary policy,minor,hike,2.999999999999936,US,basis points,https://data.bis.org/topics/CBPOL
1976-05-01,United States,United States hike 57bp to 5.67%,monetary policy,standard,hike,57.00000000000003,US,basis points,https://data.bis.org/topics/CBPOL
1976-05-01,United Kingdom,United Kingdom hike 100bp to 11.5%,monetary policy,major,hike,100.0,GB,basis points,https://data.bis.org/topics/CBPOL
1976-05-01,Australia,Australia hike 331bp to 8.33%,monetary policy,major,hike,331.00000000000006,AU,basis points,https://data.bis.org/topics/CBPOL
1976-05-01,France,France hike 12bp to 7.5%,monetary policy,minor,hike,12.5,FR,basis points,https://data.bis.org/topics/CBPOL
1976-06-01,Switzerland,Switzerland cut 50bp to 2.0%,monetary policy,standard,cut,-50.0,CH,basis points,https://data.bis.org/topics/CBPOL
1976-06-01,United States,United States hike 4bp to 5.71%,monetary policy,minor,hike,4.0000000000000036,US,basis points,https://data.bis.org/topics/CBPOL
1976-06-01,Netherlands,Netherlands hike 100bp to 5.5%,monetary policy,major,hike,100.0,NL,basis points,https://data.bis.org/topics/CBPOL
1976-06-01,Australia,Australia cut 336bp to 4.97%,monetary policy,major,cut,-336.00000000000006,AU,basis points,https://data.bis.org/topics/CBPOL
1976-06-01,Sweden,Sweden hike 50bp to 6.0%,monetary policy,standard,hike,50.0,SE,basis points,https://data.bis.org/topics/CBPOL
1976-06-01,Austria,Austria cut 100bp to 4.0%,monetary policy,major,cut,-100.0,AT,basis points,https://data.bis.org/topics/CBPOL
1976-07-01,United States,United States cut 39bp to 5.32%,monetary policy,standard,cut,-38.99999999999997,US,basis points,https://data.bis.org/topics/CBPOL
1976-07-01,Belgium,Belgium hike 100bp to 8.0%,monetary policy,major,hike,100.0,BE,basis points,https://data.bis.org/topics/CBPOL
1976-07-01,Australia,Australia hike 330bp to 8.27%,monetary policy,major,hike,330.0,AU,basis points,https://data.bis.org/topics/CBPOL
1976-07-01,France,France hike 88bp to 8.38%,monetary policy,major,hike,87.5,FR,basis points,https://data.bis.org/topics/CBPOL
1976-08-01,Netherlands,Netherlands hike 250bp to 8.0%,monetary policy,major,hike,250.0,NL,basis points,https://data.bis.org/topics/CBPOL
1976-08-01,Australia,Australia cut 55bp to 7.72%,monetary policy,standard,cut,-54.999999999999986,AU,basis points,https://data.bis.org/topics/CBPOL
1976-08-01,Belgium,Belgium hike 100bp to 9.0%,monetary policy,major,hike,100.0,BE,basis points,https://data.bis.org/topics/CBPOL
1976-08-01,United States,United States cut 1bp to 5.31%,monetary policy,minor,cut,-1.0000000000000675,US,basis points,https://data.bis.org/topics/CBPOL
1976-08-01,France,France hike 88bp to 9.25%,monetary policy,major,hike,87.5,FR,basis points,https://data.bis.org/topics/CBPOL
1976-09-01,United Kingdom,United Kingdom hike 150bp to 13.0%,monetary policy,major,hike,150.0,GB,basis points,https://data.bis.org/topics/CBPOL
1976-09-01,Australia,Australia hike 19bp to 7.91%,monetary policy,minor,hike,19.00000000000004,AU,basis points,https://data.bis.org/topics/CBPOL
1976-10-01,Sweden,Sweden hike 200bp to 8.0%,monetary policy,major,hike,200.0,SE,basis points,https://data.bis.org/topics/CBPOL
1976-10-01,United Kingdom,United Kingdom hike 200bp to 15.0%,monetary policy,major,hike,200.0,GB,basis points,https://data.bis.org/topics/CBPOL
1976-10-01,Australia,Australia cut 44bp to 7.47%,monetary policy,standard,cut,-44.00000000000004,AU,basis points,https://data.bis.org/topics/CBPOL
1976-10-01,United States,United States cut 29bp to 5.02%,monetary policy,standard,cut,-29.000000000000004,US,basis points,https://data.bis.org/topics/CBPOL
1976-10-01,Denmark,Denmark hike 250bp to 11.0%,monetary policy,major,hike,250.0,DK,basis points,https://data.bis.org/topics/CBPOL
1976-10-01,Italy,Italy hike 300bp to 15.0%,monetary policy,major,hike,300.0,IT,basis points,https://data.bis.org/topics/CBPOL
1976-11-01,United Kingdom,United Kingdom cut 25bp to 14.75%,monetary policy,standard,cut,-25.0,GB,basis points,https://data.bis.org/topics/CBPOL
1976-11-01,Canada,Canada cut 50bp to 9.0%,monetary policy,standard,cut,-50.0,CA,basis points,https://data.bis.org/topics/CBPOL
1976-11-01,Australia,Australia cut 288bp to 4.59%,monetary policy,major,cut,-288.0,AU,basis points,https://data.bis.org/topics/CBPOL
1976-11-01,United States,United States cut 33bp to 4.69%,monetary policy,standard,cut,-32.999999999999915,US,basis points,https://data.bis.org/topics/CBPOL
1976-11-01,France,France hike 100bp to 10.25%,monetary policy,major,hike,100.0,FR,basis points,https://data.bis.org/topics/CBPOL
1976-11-01,Netherlands,Netherlands cut 100bp to 7.0%,monetary policy,major,cut,-100.0,NL,basis points,https://data.bis.org/topics/CBPOL
1976-12-01,Canada,Canada cut 50bp to 8.5%,monetary policy,standard,cut,-50.0,CA,basis points,https://data.bis.org/topics/CBPOL
1976-12-01,Australia,Australia hike 261bp to 7.2%,monetary policy,major,hike,261.00000000000006,AU,basis points,https://data.bis.org/topics/CBPOL
1976-12-01,United States,United States cut 52bp to 4.17%,monetary policy,standard,cut,-52.00000000000004,US,basis points,https://data.bis.org/topics/CBPOL
1976-12-01,United Kingdom,United Kingdom cut 50bp to 14.25%,monetary policy,standard,cut,-50.0,GB,basis points,https://data.bis.org/topics/CBPOL
1977-01-01,Denmark,Denmark cut 100bp to 10.0%,monetary policy,major,cut,-100.0,DK,basis points,https://data.bis.org/topics/CBPOL
1977-01-01,Greece,Greece hike 100bp to 11.0%,monetary policy,major,hike,100.0,GR,basis points,https://data.bis.org/topics/CBPOL
1977-01-01,France,France cut 38bp to 9.88%,monetary policy,standard,cut,-37.5,FR,basis points,https://data.bis.org/topics/CBPOL
1977-01-01,Australia,Australia hike 153bp to 8.73%,monetary policy,major,hike,153.00000000000003,AU,basis points,https://data.bis.org/topics/CBPOL
1977-01-01,United States,United States hike 48bp to 4.65%,monetary policy,standard,hike,48.00000000000004,US,basis points,https://data.bis.org/topics/CBPOL
1977-01-01,Belgium,Belgium cut 100bp to 8.0%,monetary policy,major,cut,-100.0,BE,basis points,https://data.bis.org/topics/CBPOL
1977-01-01,United Kingdom,United Kingdom cut 200bp to 12.25%,monetary policy,major,cut,-200.0,GB,basis points,https://data.bis.org/topics/CBPOL
1977-01-01,Netherlands,Netherlands cut 100bp to 6.0%,monetary policy,major,cut,-100.0,NL,basis points,https://data.bis.org/topics/CBPOL
1977-02-01,United States,United States hike 8bp to 4.73%,monetary policy,minor,hike,8.000000000000007,US,basis points,https://data.bis.org/topics/CBPOL
1977-02-01,Canada,Canada cut 50bp to 8.0%,monetary policy,standard,cut,-50.0,CA,basis points,https://data.bis.org/topics/CBPOL
1977-02-01,France,France cut 12bp to 9.75%,monetary policy,minor,cut,-12.5,FR,basis points,https://data.bis.org/topics/CBPOL
1977-02-01,Belgium,Belgium cut 100bp to 7.0%,monetary policy,major,cut,-100.0,BE,basis points,https://data.bis.org/topics/CBPOL
1977-02-01,Australia,Australia cut 39bp to 8.34%,monetary policy,standard,cut,-39.00000000000006,AU,basis points,https://data.bis.org/topics/CBPOL
1977-02-01,United Kingdom,United Kingdom cut 25bp to 12.0%,monetary policy,standard,cut,-25.0,GB,basis points,https://data.bis.org/topics/CBPOL
1977-03-01,United States,United States cut 1bp to 4.72%,monetary policy,minor,cut,-1.0000000000000675,US,basis points,https://data.bis.org/topics/CBPOL
1977-03-01,Japan,Japan cut 50bp to 6.0%,monetary policy,standard,cut,-50.0,JP,basis points,https://data.bis.org/topics/CBPOL
1977-03-01,Australia,Australia hike 66bp to 9.0%,monetary policy,standard,hike,66.00000000000001,AU,basis points,https://data.bis.org/topics/CBPOL
1977-03-01,France,France cut 25bp to 9.5%,monetary policy,standard,cut,-25.0,FR,basis points,https://data.bis.org/topics/CBPOL
1977-03-01,Denmark,Denmark cut 100bp to 9.0%,monetary policy,major,cut,-100.0,DK,basis points,https://data.bis.org/topics/CBPOL
1977-03-01,Portugal,Portugal hike 150bp to 8.0%,monetary policy,major,hike,150.0,PT,basis points,https://data.bis.org/topics/CBPOL
1977-03-01,United Kingdom,United Kingdom cut 250bp to 9.5%,monetary policy,major,cut,-250.0,GB,basis points,https://data.bis.org/topics/CBPOL
1977-04-01,United States,United States hike 40bp to 5.12%,monetary policy,standard,hike,40.000000000000036,US,basis points,https://data.bis.org/topics/CBPOL
1977-04-01,Japan,Japan cut 100bp to 5.0%,monetary policy,major,cut,-100.0,JP,basis points,https://data.bis.org/topics/CBPOL
1977-04-01,France,France cut 38bp to 9.12%,monetary policy,standard,cut,-37.5,FR,basis points,https://data.bis.org/topics/CBPOL
1977-04-01,Australia,Australia cut 87bp to 8.13%,monetary policy,major,cut,-86.99999999999991,AU,basis points,https://data.bis.org/topics/CBPOL
1977-04-01,Netherlands,Netherlands cut 100bp to 5.0%,monetary policy,major,cut,-100.0,NL,basis points,https://data.bis.org/topics/CBPOL
1977-04-01,United Kingdom,United Kingdom cut 75bp to 8.75%,monetary policy,major,cut,-75.0,GB,basis points,https://data.bis.org/topics/CBPOL
1977-05-01,Netherlands,Netherlands cut 100bp to 4.0%,monetary policy,major,cut,-100.0,NL,basis points,https://data.bis.org/topics/CBPOL
1977-05-01,Canada,Canada cut 50bp to 7.5%,monetary policy,standard,cut,-50.0,CA,basis points,https://data.bis.org/topics/CBPOL
1977-05-01,United States,United States hike 35bp to 5.47%,monetary policy,standard,hike,34.999999999999964,US,basis points,https://data.bis.org/topics/CBPOL
1977-05-01,Belgium,Belgium cut 50bp to 6.5%,monetary policy,standard,cut,-50.0,BE,basis points,https://data.bis.org/topics/CBPOL
1977-05-01,United Kingdom,United Kingdom cut 75bp to 8.0%,monetary policy,major,cut,-75.0,GB,basis points,https://data.bis.org/topics/CBPOL
1977-05-01,Australia,Australia hike 115bp to 9.28%,monetary policy,major,hike,114.99999999999986,AU,basis points,https://data.bis.org/topics/CBPOL
1977-05-01,France,France cut 12bp to 9.0%,monetary policy,minor,cut,-12.5,FR,basis points,https://data.bis.org/topics/CBPOL
1977-06-01,France,France cut 12bp to 8.88%,monetary policy,minor,cut,-12.5,FR,basis points,https://data.bis.org/topics/CBPOL
1977-06-01,Belgium,Belgium cut 50bp to 6.0%,monetary policy,standard,cut,-50.0,BE,basis points,https://data.bis.org/topics/CBPOL
1977-06-01,Italy,Italy cut 200bp to 13.0%,monetary policy,major,cut,-200.0,IT,basis points,https://data.bis.org/topics/CBPOL
1977-06-01,Austria,Austria hike 150bp to 5.5%,monetary policy,major,hike,150.0,AT,basis points,https://data.bis.org/topics/CBPOL
1977-06-01,United States,United States hike 17bp to 5.64%,monetary policy,minor,hike,16.999999999999993,US,basis points,https://data.bis.org/topics/CBPOL
1977-06-01,Australia,Australia hike 319bp to 12.47%,monetary policy,major,hike,319.0000000000001,AU,basis points,https://data.bis.org/topics/CBPOL
1977-07-01,Switzerland,Switzerland cut 50bp to 1.5%,monetary policy,standard,cut,-50.0,CH,basis points,https://data.bis.org/topics/CBPOL
1977-07-01,Australia,Australia cut 213bp to 10.34%,monetary policy,major,cut,-213.00000000000009,AU,basis points,https://data.bis.org/topics/CBPOL
1977-07-01,Spain,Spain hike 100bp to 8.0%,monetary policy,major,hike,100.0,ES,basis points,https://data.bis.org/topics/CBPOL
1977-07-01,France,France cut 38bp to 8.5%,monetary policy,standard,cut,-37.5,FR,basis points,https://data.bis.org/topics/CBPOL
1977-07-01,United States,United States hike 22bp to 5.86%,monetary policy,minor,hike,22.000000000000064,US,basis points,https://data.bis.org/topics/CBPOL
1977-08-01,Portugal,Portugal hike 500bp to 13.0%,monetary policy,major,hike,500.0,PT,basis points,https://data.bis.org/topics/CBPOL
1977-08-01,United Kingdom,United Kingdom cut 100bp to 7.0%,monetary policy,major,cut,-100.0,GB,basis points,https://data.bis.org/topics/CBPOL
1977-08-01,France,France cut 25bp to 8.25%,monetary policy,standard,cut,-25.0,FR,basis points,https://data.bis.org/topics/CBPOL
1977-08-01,United States,United States hike 17bp to 6.03%,monetary policy,minor,hike,16.999999999999993,US,basis points,https://data.bis.org/topics/CBPOL
1977-08-01,Australia,Australia hike 200bp to 12.34%,monetary policy,major,hike,200.0,AU,basis points,https://data.bis.org/topics/CBPOL
1977-08-01,Italy,Italy cut 150bp to 11.5%,monetary policy,major,cut,-150.0,IT,basis points,https://data.bis.org/topics/CBPOL
1977-09-01,United States,United States hike 43bp to 6.46%,monetary policy,standard,hike,42.99999999999997,US,basis points,https://data.bis.org/topics/CBPOL
1977-09-01,Japan,Japan cut 75bp to 4.25%,monetary policy,major,cut,-75.0,JP,basis points,https://data.bis.org/topics/CBPOL
1977-09-01,France,France cut 12bp to 8.12%,monetary policy,minor,cut,-12.5,FR,basis points,https://data.bis.org/topics/CBPOL
1977-09-01,Australia,Australia cut 184bp to 10.5%,monetary policy,major,cut,-184.0,AU,basis points,https://data.bis.org/topics/CBPOL
1977-09-01,United Kingdom,United Kingdom cut 100bp to 6.0%,monetary policy,major,cut,-100.0,GB,basis points,https://data.bis.org/topics/CBPOL
1977-09-01,Spain,Spain hike 1055bp to 18.55%,monetary policy,major,hike,1055.0,ES,basis points,https://data.bis.org/topics/CBPOL
1977-10-01,United Kingdom,United Kingdom cut 100bp to 5.0%,monetary policy,major,cut,-100.0,GB,basis points,https://data.bis.org/topics/CBPOL
1977-10-01,Spain,Spain hike 64bp to 19.19%,monetary policy,standard,hike,63.79999999999981,ES,basis points,https://data.bis.org/topics/CBPOL
1977-10-01,Australia,Australia cut 63bp to 9.87%,monetary policy,standard,cut,-63.00000000000008,AU,basis points,https://data.bis.org/topics/CBPOL
1977-10-01,United States,United States hike 14bp to 6.6%,monetary policy,minor,hike,13.999999999999968,US,basis points,https://data.bis.org/topics/CBPOL
1977-11-01,United States,United States cut 4bp to 6.56%,monetary policy,minor,cut,-4.0000000000000036,US,basis points,https://data.bis.org/topics/CBPOL
1977-11-01,Australia,Australia cut 11bp to 9.76%,monetary policy,minor,cut,-10.999999999999943,AU,basis points,https://data.bis.org/topics/CBPOL
1977-11-01,United Kingdom,United Kingdom hike 200bp to 7.0%,monetary policy,major,hike,200.0,GB,basis points,https://data.bis.org/topics/CBPOL
1977-11-01,France,France hike 38bp to 8.5%,monetary policy,standard,hike,37.5,FR,basis points,https://data.bis.org/topics/CBPOL
1977-11-01,Netherlands,Netherlands hike 100bp to 5.0%,monetary policy,major,hike,100.0,NL,basis points,https://data.bis.org/topics/CBPOL
1977-11-01,Spain,Spain cut 1012bp to 9.06%,monetary policy,major,cut,-1012.4999999999998,ES,basis points,https://data.bis.org/topics/CBPOL
1977-12-01,Germany,Germany cut 50bp to 3.0%,monetary policy,standard,cut,-50.0,DE,basis points,https://data.bis.org/topics/CBPOL
1977-12-01,Belgium,Belgium hike 300bp to 9.0%,monetary policy,major,hike,300.0,BE,basis points,https://data.bis.org/topics/CBPOL
1977-12-01,France,France hike 38bp to 8.88%,monetary policy,standard,hike,37.5,FR,basis points,https://data.bis.org/topics/CBPOL
1977-12-01,Australia,Australia cut 185bp to 7.91%,monetary policy,major,cut,-184.99999999999997,AU,basis points,https://data.bis.org/topics/CBPOL
1977-12-01,United States,United States cut 3bp to 6.53%,monetary policy,minor,cut,-2.999999999999936,US,basis points,https://data.bis.org/topics/CBPOL
1977-12-01,Spain,Spain cut 250bp to 6.56%,monetary policy,major,cut,-250.00000000000009,ES,basis points,https://data.bis.org/topics/CBPOL
1978-01-01,Spain,Spain cut 456bp to 2.0%,monetary policy,major,cut,-456.29999999999995,ES,basis points,https://data.bis.org/topics/CBPOL
1978-01-01,Belgium,Belgium cut 150bp to 7.5%,monetary policy,major,cut,-150.0,BE,basis points,https://data.bis.org/topics/CBPOL
1978-01-01,France,France cut 12bp to 8.75%,monetary policy,minor,cut,-12.5,FR,basis points,https://data.bis.org/topics/CBPOL
1978-01-01,Australia,Australia hike 270bp to 10.61%,monetary policy,major,hike,269.99999999999994,AU,basis points,https://data.bis.org/topics/CBPOL
1978-01-01,United States,United States hike 26bp to 6.79%,monetary policy,standard,hike,25.99999999999998,US,basis points,https://data.bis.org/topics/CBPOL
1978-01-01,United Kingdom,United Kingdom cut 50bp to 6.5%,monetary policy,standard,cut,-50.0,GB,basis points,https://data.bis.org/topics/CBPOL
1978-02-01,Switzerland,Switzerland cut 50bp to 1.0%,monetary policy,standard,cut,-50.0,CH,basis points,https://data.bis.org/topics/CBPOL
1978-02-01,Belgium,Belgium cut 100bp to 6.5%,monetary policy,major,cut,-100.0,BE,basis points,https://data.bis.org/topics/CBPOL
1978-02-01,United States,United States hike 4bp to 6.83%,monetary policy,minor,hike,4.0000000000000036,US,basis points,https://data.bis.org/topics/CBPOL
1978-02-01,Sweden,Sweden cut 50bp to 7.5%,monetary policy,standard,cut,-50.0,SE,basis points,https://data.bis.org/topics/CBPOL
1978-02-01,Spain,Spain cut 194bp to 0.06%,monetary policy,major,cut,-193.70000000000002,ES,basis points,https://data.bis.org/topics/CBPOL
1978-02-01,Australia,Australia cut 201bp to 8.6%,monetary policy,major,cut,-200.99999999999997,AU,basis points,https://data.bis.org/topics/CBPOL
1978-03-01,Australia,Australia cut 46bp to 8.14%,monetary policy,standard,cut,-45.99999999999991,AU,basis points,https://data.bis.org/topics/CBPOL
1978-03-01,Belgium,Belgium cut 100bp to 5.5%,monetary policy,major,cut,-100.0,BE,basis points,https://data.bis.org/topics/CBPOL
1978-03-01,United States,United States hike 14bp to 6.97%,monetary policy,minor,hike,13.999999999999968,US,basis points,https://data.bis.org/topics/CBPOL
1978-03-01,Japan,Japan cut 75bp to 3.5%,monetary policy,major,cut,-75.0,JP,basis points,https://data.bis.org/topics/CBPOL
1978-03-01,Spain,Spain hike 194bp to 2.0%,monetary policy,major,hike,193.70000000000002,ES,basis points,https://data.bis.org/topics/CBPOL
1978-03-01,Canada,Canada hike 50bp to 8.0%,monetary policy,standard,hike,50.0,CA,basis points,https://data.bis.org/topics/CBPOL
1978-04-01,Sweden,Sweden cut 50bp to 7.0%,monetary policy,standard,cut,-50.0,SE,basis points,https://data.bis.org/topics/CBPOL
1978-04-01,France,France cut 38bp to 8.38%,monetary policy,standard,cut,-37.5,FR,basis points,https://data.bis.org/topics/CBPOL
1978-04-01,Spain,Spain hike 956bp to 11.56%,monetary policy,major,hike,956.3000000000001,ES,basis points,https://data.bis.org/topics/CBPOL
1978-04-01,United Kingdom,United Kingdom hike 100bp to 7.5%,monetary policy,major,hike,100.0,GB,basis points,https://data.bis.org/topics/CBPOL
1978-04-01,Netherlands,Netherlands cut 50bp to 4.5%,monetary policy,standard,cut,-50.0,NL,basis points,https://data.bis.org/topics/CBPOL
1978-04-01,Canada,Canada hike 50bp to 8.5%,monetary policy,standard,hike,50.0,CA,basis points,https://data.bis.org/topics/CBPOL
1978-04-01,Australia,Australia cut 9bp to 8.05%,monetary policy,minor,cut,-8.999999999999986,AU,basis points,https://data.bis.org/topics/CBPOL
1978-04-01,United States,United States hike 28bp to 7.25%,monetary policy,standard,hike,28.000000000000025,US,basis points,https://data.bis.org/topics/CBPOL
1978-05-01,Australia,Australia hike 174bp to 9.79%,monetary policy,major,hike,173.99999999999983,AU,basis points,https://data.bis.org/topics/CBPOL
1978-05-01,Spain,Spain hike 631bp to 17.88%,monetary policy,major,hike,631.1999999999999,ES,basis points,https://data.bis.org/topics/CBPOL
1978-05-01,Portugal,Portugal hike 500bp to 18.0%,monetary policy,major,hike,500.0,PT,basis points,https://data.bis.org/topics/CBPOL
1978-05-01,United States,United States hike 18bp to 7.43%,monetary policy,minor,hike,17.99999999999997,US,basis points,https://data.bis.org/topics/CBPOL
1978-05-01,France,France cut 25bp to 8.12%,monetary policy,standard,cut,-25.0,FR,basis points,https://data.bis.org/topics/CBPOL
1978-05-01,United Kingdom,United Kingdom hike 150bp to 9.0%,monetary policy,major,hike,150.0,GB,basis points,https://data.bis.org/topics/CBPOL
1978-06-01,United Kingdom,United Kingdom hike 100bp to 10.0%,monetary policy,major,hike,100.0,GB,basis points,https://data.bis.org/topics/CBPOL
1978-06-01,Australia,Australia hike 50bp to 10.29%,monetary policy,standard,hike,50.0,AU,basis points,https://data.bis.org/topics/CBPOL
1978-06-01,Greece,Greece hike 300bp to 14.0%,monetary policy,major,hike,300.0,GR,basis points,https://data.bis.org/topics/CBPOL
1978-06-01,France,France cut 38bp to 7.75%,monetary policy,standard,cut,-37.5,FR,basis points,https://data.bis.org/topics/CBPOL
1978-06-01,United States,United States hike 58bp to 8.01%,monetary policy,standard,hike,58.00000000000001,US,basis points,https://data.bis.org/topics/CBPOL
1978-06-01,Austria,Austria cut 100bp to 4.5%,monetary policy,major,cut,-100.0,AT,basis points,https://data.bis.org/topics/CBPOL
1978-06-01,Spain,Spain hike 200bp to 19.88%,monetary policy,major,hike,200.0,ES,basis points,https://data.bis.org/topics/CBPOL
1978-07-01,Denmark,Denmark cut 100bp to 8.0%,monetary policy,major,cut,-100.0,DK,basis points,https://data.bis.org/topics/CBPOL
1978-07-01,France,France cut 38bp to 7.38%,monetary policy,standard,cut,-37.5,FR,basis points,https://data.bis.org/topics/CBPOL
1978-07-01,Spain,Spain hike 981bp to 29.69%,monetary policy,major,hike,981.2999999999998,ES,basis points,https://data.bis.org/topics/CBPOL
1978-07-01,Australia,Australia cut 61bp to 9.68%,monetary policy,standard,cut,-60.99999999999994,AU,basis points,https://data.bis.org/topics/CBPOL
1978-07-01,Canada,Canada hike 50bp to 9.0%,monetary policy,standard,hike,50.0,CA,basis points,https://data.bis.org/topics/CBPOL
1978-07-01,Sweden,Sweden cut 50bp to 6.5%,monetary policy,standard,cut,-50.0,SE,basis points,https://data.bis.org/topics/CBPOL
1978-07-01,Belgium,Belgium hike 50bp to 6.0%,monetary policy,standard,hike,50.0,BE,basis points,https://data.bis.org/topics/CBPOL
1978-07-01,Netherlands,Netherlands hike 50bp to 5.0%,monetary policy,standard,hike,50.0,NL,basis points,https://data.bis.org/topics/CBPOL
1978-08-01,Australia,Australia hike 131bp to 10.99%,monetary policy,major,hike,131.00000000000006,AU,basis points,https://data.bis.org/topics/CBPOL
1978-08-01,United States,United States hike 40bp to 8.4%,monetary policy,standard,hike,40.000000000000036,US,basis points,https://data.bis.org/topics/CBPOL
1978-08-01,Spain,Spain hike 81bp to 30.5%,monetary policy,major,hike,81.20000000000012,ES,basis points,https://data.bis.org/topics/CBPOL
1978-09-01,France,France cut 12bp to 7.25%,monetary policy,minor,cut,-12.5,FR,basis points,https://data.bis.org/topics/CBPOL
1978-09-01,Netherlands,Netherlands hike 100bp to 6.0%,monetary policy,major,hike,100.0,NL,basis points,https://data.bis.org/topics/CBPOL
1978-09-01,United States,United States hike 50bp to 8.9%,monetary policy,standard,hike,50.0,US,basis points,https://data.bis.org/topics/CBPOL
1978-09-01,Australia,Australia cut 84bp to 10.15%,monetary policy,major,cut,-83.99999999999999,AU,basis points,https://data.bis.org/topics/CBPOL
1978-09-01,Spain,Spain cut 900bp to 21.5%,monetary policy,major,cut,-900.0,ES,basis points,https://data.bis.org/topics/CBPOL
1978-09-01,Italy,Italy cut 100bp to 10.5%,monetary policy,major,cut,-100.0,IT,basis points,https://data.bis.org/topics/CBPOL
1978-09-01,Canada,Canada hike 50bp to 9.5%,monetary policy,standard,hike,50.0,CA,basis points,https://data.bis.org/topics/CBPOL
1978-10-01,United States,United States hike 45bp to 9.35%,monetary policy,standard,hike,44.99999999999993,US,basis points,https://data.bis.org/topics/CBPOL
1978-10-01,Canada,Canada hike 75bp to 10.25%,monetary policy,major,hike,75.0,CA,basis points,https://data.bis.org/topics/CBPOL
1978-10-01,Australia,Australia cut 235bp to 7.8%,monetary policy,major,cut,-235.00000000000006,AU,basis points,https://data.bis.org/topics/CBPOL
1978-10-01,Netherlands,Netherlands hike 100bp to 7.0%,monetary policy,major,hike,100.0,NL,basis points,https://data.bis.org/topics/CBPOL
1978-10-01,France,France cut 25bp to 7.0%,monetary policy,standard,cut,-25.0,FR,basis points,https://data.bis.org/topics/CBPOL
1978-10-01,Spain,Spain hike 1500bp to 36.5%,monetary policy,major,hike,1500.0,ES,basis points,https://data.bis.org/topics/CBPOL
1978-11-01,Australia,Australia hike 86bp to 8.66%,monetary policy,major,hike,86.00000000000003,AU,basis points,https://data.bis.org/topics/CBPOL
1978-11-01,United Kingdom,United Kingdom hike 250bp to 12.5%,monetary policy,major,hike,250.0,GB,basis points,https://data.bis.org/topics/CBPOL
1978-11-01,Canada,Canada hike 50bp to 10.75%,monetary policy,standard,hike,50.0,CA,basis points,https://data.bis.org/topics/CBPOL
1978-11-01,France,France cut 12bp to 6.88%,monetary policy,minor,cut,-12.5,FR,basis points,https://data.bis.org/topics/CBPOL
1978-11-01,Spain,Spain cut 1012bp to 26.38%,monetary policy,major,cut,-1012.5,ES,basis points,https://data.bis.org/topics/CBPOL
1978-11-01,United States,United States hike 59bp to 9.94%,monetary policy,standard,hike,58.999999999999986,US,basis points,https://data.bis.org/topics/CBPOL
1978-12-01,Australia,Australia cut 38bp to 8.28%,monetary policy,standard,cut,-38.00000000000008,AU,basis points,https://data.bis.org/topics/CBPOL
1978-12-01,France,France cut 50bp to 6.38%,monetary policy,standard,cut,-50.0,FR,basis points,https://data.bis.org/topics/CBPOL
1978-12-01,United States,United States hike 90bp to 10.84%,monetary policy,major,hike,90.00000000000003,US,basis points,https://data.bis.org/topics/CBPOL
1978-12-01,Spain,Spain cut 1306bp to 13.31%,monetary policy,major,cut,-1306.2,ES,basis points,https://data.bis.org/topics/CBPOL
1979-01-01,United States,United States cut 27bp to 10.57%,monetary policy,standard,cut,-26.999999999999957,US,basis points,https://data.bis.org/topics/CBPOL
1979-01-01,Germany,Germany hike 100bp to 4.0%,monetary policy,major,hike,100.0,DE,basis points,https://data.bis.org/topics/CBPOL
1979-01-01,Spain,Spain cut 319bp to 10.12%,monetary policy,major,cut,-318.80000000000007,ES,basis points,https://data.bis.org/topics/CBPOL
1979-01-01,Canada,Canada hike 50bp to 11.25%,monetary policy,standard,hike,50.0,CA,basis points,https://data.bis.org/topics/CBPOL
1979-01-01,Australia,Australia hike 222bp to 10.5%,monetary policy,major,hike,222.00000000000006,AU,basis points,https://data.bis.org/topics/CBPOL
1979-01-01,Austria,Austria cut 25bp to 4.25%,monetary policy,standard,cut,-25.0,AT,basis points,https://data.bis.org/topics/CBPOL
1979-02-01,United Kingdom,United Kingdom hike 150bp to 14.0%,monetary policy,major,hike,150.0,GB,basis points,https://data.bis.org/topics/CBPOL
1979-02-01,Australia,Australia cut 200bp to 8.5%,monetary policy,major,cut,-200.0,AU,basis points,https://data.bis.org/topics/CBPOL
1979-02-01,United States,United States cut 33bp to 10.24%,monetary policy,standard,cut,-33.00000000000001,US,basis points,https://data.bis.org/topics/CBPOL
1979-02-01,Spain,Spain cut 112bp to 9.0%,monetary policy,major,cut,-112.5,ES,basis points,https://data.bis.org/topics/CBPOL
1979-03-01,Spain,Spain hike 650bp to 15.5%,monetary policy,major,hike,650.0,ES,basis points,https://data.bis.org/topics/CBPOL
1979-03-01,United States,United States cut 17bp to 10.07%,monetary policy,minor,cut,-16.999999999999993,US,basis points,https://data.bis.org/topics/CBPOL
1979-03-01,Germany,Germany hike 100bp to 5.0%,monetary policy,major,hike,100.0,DE,basis points,https://data.bis.org/topics/CBPOL
1979-03-01,France,France hike 38bp to 6.75%,monetary policy,standard,hike,37.5,FR,basis points,https://data.bis.org/topics/CBPOL
1979-03-01,Australia,Australia hike 25bp to 8.75%,monetary policy,standard,hike,25.0,AU,basis points,https://data.bis.org/topics/CBPOL
1979-03-01,United Kingdom,United Kingdom cut 100bp to 13.0%,monetary policy,major,cut,-100.0,GB,basis points,https://data.bis.org/topics/CBPOL
1979-04-01,Spain,Spain hike 762bp to 23.12%,monetary policy,major,hike,762.5,ES,basis points,https://data.bis.org/topics/CBPOL
1979-04-01,Japan,Japan hike 75bp to 4.25%,monetary policy,major,hike,75.0,JP,basis points,https://data.bis.org/topics/CBPOL
1979-04-01,United States,United States hike 36bp to 10.43%,monetary policy,standard,hike,35.99999999999994,US,basis points,https://data.bis.org/topics/CBPOL
1979-04-01,United Kingdom,United Kingdom cut 100bp to 12.0%,monetary policy,major,cut,-100.0,GB,basis points,https://data.bis.org/topics/CBPOL
1979-04-01,Australia,Australia hike 125bp to 10.0%,monetary policy,major,hike,125.0,AU,basis points,https://data.bis.org/topics/CBPOL
1979-05-01,United States,United States cut 12bp to 10.31%,monetary policy,minor,cut,-11.999999999999922,US,basis points,https://data.bis.org/topics/CBPOL
1979-05-01,Netherlands,Netherlands hike 50bp to 7.5%,monetary policy,standard,hike,50.0,NL,basis points,https://data.bis.org/topics/CBPOL
1979-05-01,Belgium,Belgium hike 200bp to 8.0%,monetary policy,major,hike,200.0,BE,basis points,https://data.bis.org/topics/CBPOL
1979-05-01,Australia,Australia hike 100bp to 11.0%,monetary policy,major,hike,100.0,AU,basis points,https://data.bis.org/topics/CBPOL
1979-05-01,Spain,Spain cut 794bp to 15.19%,monetary policy,major,cut,-793.6999999999999,ES,basis points,https://data.bis.org/topics/CBPOL
1979-05-01,France,France hike 38bp to 7.12%,monetary policy,standard,hike,37.5,FR,basis points,https://data.bis.org/topics/CBPOL
1979-06-01,Denmark,Denmark hike 100bp to 9.0%,monetary policy,major,hike,100.0,DK,basis points,https://data.bis.org/topics/CBPOL
1979-06-01,France,France hike 125bp to 8.38%,monetary policy,major,hike,125.0,FR,basis points,https://data.bis.org/topics/CBPOL
1979-06-01,Greece,Greece hike 100bp to 15.0%,monetary policy,major,hike,100.0,GR,basis points,https://data.bis.org/topics/CBPOL
1979-06-01,Germany,Germany hike 50bp to 5.5%,monetary policy,standard,hike,50.0,DE,basis points,https://data.bis.org/topics/CBPOL
1979-06-01,United Kingdom,United Kingdom hike 200bp to 14.0%,monetary policy,major,hike,200.0,GB,basis points,https://data.bis.org/topics/CBPOL
1979-06-01,Spain,Spain cut 488bp to 10.31%,monetary policy,major,cut,-487.5,ES,basis points,https://data.bis.org/topics/CBPOL
1979-06-01,Australia,Australia hike 100bp to 12.0%,monetary policy,major,hike,100.0,AU,basis points,https://data.bis.org/topics/CBPOL
1979-06-01,United States,United States hike 23bp to 10.54%,monetary policy,minor,hike,22.999999999999865,US,basis points,https://data.bis.org/topics/CBPOL
1979-06-01,Belgium,Belgium hike 100bp to 9.0%,monetary policy,major,hike,100.0,BE,basis points,https://data.bis.org/topics/CBPOL
1979-07-01,Japan,Japan hike 100bp to 5.25%,monetary policy,major,hike,100.0,JP,basis points,https://data.bis.org/topics/CBPOL
1979-07-01,United States,United States hike 27bp to 10.81%,monetary policy,standard,hike,27.000000000000135,US,basis points,https://data.bis.org/topics/CBPOL
1979-07-01,Sweden,Sweden hike 50bp to 7.0%,monetary policy,standard,hike,50.0,SE,basis points,https://data.bis.org/topics/CBPOL
1979-07-01,Netherlands,Netherlands hike 100bp to 8.5%,monetary policy,major,hike,100.0,NL,basis points,https://data.bis.org/topics/CBPOL
1979-07-01,Germany,Germany hike 50bp to 6.0%,monetary policy,standard,hike,50.0,DE,basis points,https://data.bis.org/topics/CBPOL
1979-07-01,Canada,Canada hike 50bp to 11.75%,monetary policy,standard,hike,50.0,CA,basis points,https://data.bis.org/topics/CBPOL
1979-07-01,Australia,Australia cut 200bp to 10.0%,monetary policy,major,cut,-200.0,AU,basis points,https://data.bis.org/topics/CBPOL
1979-07-01,France,France hike 188bp to 10.25%,monetary policy,major,hike,187.5,FR,basis points,https://data.bis.org/topics/CBPOL
1979-08-01,Australia,Australia hike 250bp to 12.5%,monetary policy,major,hike,250.0,AU,basis points,https://data.bis.org/topics/CBPOL
1979-08-01,United States,United States hike 48bp to 11.29%,monetary policy,standard,hike,47.999999999999865,US,basis points,https://data.bis.org/topics/CBPOL
1979-08-01,Spain,Spain hike 169bp to 12.0%,monetary policy,major,hike,168.69999999999993,ES,basis points,https://data.bis.org/topics/CBPOL
1979-09-01,France,France hike 100bp to 11.25%,monetary policy,major,hike,100.0,FR,basis points,https://data.bis.org/topics/CBPOL
1979-09-01,Spain,Spain cut 144bp to 10.56%,monetary policy,major,cut,-143.69999999999993,ES,basis points,https://data.bis.org/topics/CBPOL
1979-09-01,Australia,Australia cut 150bp to 11.0%,monetary policy,major,cut,-150.0,AU,basis points,https://data.bis.org/topics/CBPOL
1979-09-01,Austria,Austria hike 200bp to 6.25%,monetary policy,major,hike,200.0,AT,basis points,https://data.bis.org/topics/CBPOL
1979-09-01,Greece,Greece hike 400bp to 19.0%,monetary policy,major,hike,400.0,GR,basis points,https://data.bis.org/topics/CBPOL
1979-09-01,Denmark,Denmark hike 200bp to 11.0%,monetary policy,major,hike,200.0,DK,basis points,https://data.bis.org/topics/CBPOL
1979-09-01,United States,United States hike 87bp to 12.16%,monetary policy,major,hike,87.0000000000001,US,basis points,https://data.bis.org/topics/CBPOL
1979-09-01,Canada,Canada hike 50bp to 12.25%,monetary policy,standard,hike,50.0,CA,basis points,https://data.bis.org/topics/CBPOL
1979-09-01,Sweden,Sweden hike 100bp to 8.0%,monetary policy,major,hike,100.0,SE,basis points,https://data.bis.org/topics/CBPOL
1979-10-01,Spain,Spain cut 25bp to 10.31%,monetary policy,standard,cut,-25.0,ES,basis points,https://data.bis.org/topics/CBPOL
1979-10-01,Canada,Canada hike 175bp to 14.0%,monetary policy,major,hike,175.0,CA,basis points,https://data.bis.org/topics/CBPOL
1979-10-01,Australia,Australia cut 250bp to 8.5%,monetary policy,major,cut,-250.0,AU,basis points,https://data.bis.org/topics/CBPOL
1979-10-01,France,France hike 25bp to 11.5%,monetary policy,standard,hike,25.0,FR,basis points,https://data.bis.org/topics/CBPOL
1979-10-01,United States,United States hike 266bp to 14.82%,monetary policy,major,hike,266.0,US,basis points,https://data.bis.org/topics/CBPOL
1979-10-01,Belgium,Belgium hike 100bp to 10.0%,monetary policy,major,hike,100.0,BE,basis points,https://data.bis.org/topics/CBPOL
1979-10-01,Italy,Italy hike 150bp to 12.0%,monetary policy,major,hike,150.0,IT,basis points,https://data.bis.org/topics/CBPOL
1979-11-01,Spain,Spain cut 69bp to 9.62%,monetary policy,standard,cut,-68.80000000000007,ES,basis points,https://data.bis.org/topics/CBPOL
1979-11-01,Australia,Australia hike 100bp to 9.5%,monetary policy,major,hike,100.0,AU,basis points,https://data.bis.org/topics/CBPOL
1979-11-01,Sweden,Sweden hike 100bp to 9.0%,monetary policy,major,hike,100.0,SE,basis points,https://data.bis.org/topics/CBPOL
1979-11-01,Germany,Germany hike 100bp to 7.0%,monetary policy,major,hike,100.0,DE,basis points,https://data.bis.org/topics/CBPOL
1979-11-01,France,France hike 50bp to 12.0%,monetary policy,standard,hike,50.0,FR,basis points,https://data.bis.org/topics/CBPOL
1979-11-01,United Kingdom,United Kingdom hike 300bp to 17.0%,monetary policy,major,hike,300.0,GB,basis points,https://data.bis.org/topics/CBPOL
1979-11-01,Switzerland,Switzerland hike 100bp to 2.0%,monetary policy,major,hike,100.0,CH,basis points,https://data.bis.org/topics/CBPOL
1979-11-01,Japan,Japan hike 100bp to 6.25%,monetary policy,major,hike,100.0,JP,basis points,https://data.bis.org/topics/CBPOL
1979-11-01,United States,United States cut 86bp to 13.96%,monetary policy,major,cut,-85.99999999999994,US,basis points,https://data.bis.org/topics/CBPOL
1979-11-01,Netherlands,Netherlands hike 200bp to 10.5%,monetary policy,major,hike,200.0,NL,basis points,https://data.bis.org/topics/CBPOL
1979-12-01,Italy,Italy hike 300bp to 15.0%,monetary policy,major,hike,300.0,IT,basis points,https://data.bis.org/topics/CBPOL
1979-12-01,Belgium,Belgium hike 50bp to 10.5%,monetary policy,standard,hike,50.0,BE,basis points,https://data.bis.org/topics/CBPOL
1979-12-01,France,France hike 12bp to 12.12%,monetary policy,minor,hike,12.5,FR,basis points,https://data.bis.org/topics/CBPOL
1979-12-01,United States,United States hike 81bp to 14.77%,monetary policy,major,hike,80.99999999999987,US,basis points,https://data.bis.org/topics/CBPOL
1979-12-01,Australia,Australia cut 150bp to 8.0%,monetary policy,major,cut,-150.0,AU,basis points,https://data.bis.org/topics/CBPOL
1979-12-01,Spain,Spain hike 150bp to 11.12%,monetary policy,major,hike,150.0,ES,basis points,https://data.bis.org/topics/CBPOL
1980-01-01,Spain,Spain hike 100bp to 12.12%,monetary policy,major,hike,100.0,ES,basis points,https://data.bis.org/topics/CBPOL
1980-01-01,Sweden,Sweden hike 100bp to 10.0%,monetary policy,major,hike,100.0,SE,basis points,https://data.bis.org/topics/CBPOL
1980-01-01,United States,United States cut 137bp to 13.4%,monetary policy,major,cut,-136.99999999999991,US,basis points,https://data.bis.org/topics/CBPOL
1980-01-01,Australia,Australia hike 300bp to 11.0%,monetary policy,major,hike,300.0,AU,basis points,https://data.bis.org/topics/CBPOL
1980-01-01,Austria,Austria hike 50bp to 6.75%,monetary policy,standard,hike,50.0,AT,basis points,https://data.bis.org/topics/CBPOL
1980-01-01,France,France cut 12bp to 12.0%,monetary policy,minor,cut,-12.5,FR,basis points,https://data.bis.org/topics/CBPOL
1980-02-01,Spain,Spain hike 106bp to 13.19%,monetary policy,major,hike,106.30000000000007,ES,basis points,https://data.bis.org/topics/CBPOL
1980-02-01,Japan,Japan hike 100bp to 7.25%,monetary policy,major,hike,100.0,JP,basis points,https://data.bis.org/topics/CBPOL
1980-02-01,Switzerland,Switzerland hike 100bp to 3.0%,monetary policy,major,hike,100.0,CH,basis points,https://data.bis.org/topics/CBPOL
1980-02-01,France,France hike 38bp to 12.38%,monetary policy,standard,hike,37.5,FR,basis points,https://data.bis.org/topics/CBPOL
1980-02-01,Denmark,Denmark hike 200bp to 13.0%,monetary policy,major,hike,200.0,DK,basis points,https://data.bis.org/topics/CBPOL
1980-02-01,Germany,Germany hike 150bp to 8.5%,monetary policy,major,hike,150.0,DE,basis points,https://data.bis.org/topics/CBPOL
1980-02-01,Australia,Australia cut 100bp to 10.0%,monetary policy,major,cut,-100.0,AU,basis points,https://data.bis.org/topics/CBPOL
1980-02-01,Belgium,Belgium hike 150bp to 12.0%,monetary policy,major,hike,150.0,BE,basis points,https://data.bis.org/topics/CBPOL
1980-02-01,United States,United States hike 293bp to 16.33%,monetary policy,major,hike,292.9999999999998,US,basis points,https://data.bis.org/topics/CBPOL
1980-03-01,Canada,Canada hike 149bp to 15.49%,monetary policy,major,hike,149.00000000000003,CA,basis points,https://data.bis.org/topics/CBPOL
1980-03-01,Japan,Japan hike 175bp to 9.0%,monetary policy,major,hike,175.0,JP,basis points,https://data.bis.org/topics/CBPOL
1980-03-01,Belgium,Belgium hike 200bp to 14.0%,monetary policy,major,hike,200.0,BE,basis points,https://data.bis.org/topics/CBPOL
1980-03-01,France,France hike 50bp to 12.88%,monetary policy,standard,hike,50.0,FR,basis points,https://data.bis.org/topics/CBPOL
1980-03-01,Austria,Austria hike 150bp to 8.25%,monetary policy,major,hike,150.0,AT,basis points,https://data.bis.org/topics/CBPOL
1980-03-01,Spain,Spain hike 312bp to 16.31%,monetary policy,major,hike,312.49999999999983,ES,basis points,https://data.bis.org/topics/CBPOL
1980-03-01,United States,United States hike 352bp to 19.85%,monetary policy,major,hike,352.00000000000034,US,basis points,https://data.bis.org/topics/CBPOL
1980-04-01,United States,United States cut 521bp to 14.64%,monetary policy,major,cut,-521.0000000000001,US,basis points,https://data.bis.org/topics/CBPOL
1980-04-01,Spain,Spain hike 175bp to 18.06%,monetary policy,major,hike,175.0,ES,basis points,https://data.bis.org/topics/CBPOL
1980-04-01,Australia,Australia hike 100bp to 11.0%,monetary policy,major,hike,100.0,AU,basis points,https://data.bis.org/topics/CBPOL
1980-04-01,France,France cut 12bp to 12.75%,monetary policy,minor,cut,-12.5,FR,basis points,https://data.bis.org/topics/CBPOL
1980-04-01,Canada,Canada hike 18bp to 15.67%,monetary policy,minor,hike,17.99999999999997,CA,basis points,https://data.bis.org/topics/CBPOL
1980-05-01,Canada,Canada cut 384bp to 11.83%,monetary policy,major,cut,-384.0,CA,basis points,https://data.bis.org/topics/CBPOL
1980-05-01,United States,United States cut 358bp to 11.06%,monetary policy,major,cut,-358.0,US,basis points,https://data.bis.org/topics/CBPOL
1980-05-01,Australia,Australia hike 225bp to 13.25%,monetary policy,major,hike,225.0,AU,basis points,https://data.bis.org/topics/CBPOL
1980-05-01,Spain,Spain cut 44bp to 17.62%,monetary policy,standard,cut,-43.79999999999988,ES,basis points,https://data.bis.org/topics/CBPOL
1980-05-01,Netherlands,Netherlands hike 50bp to 11.0%,monetary policy,standard,hike,50.0,NL,basis points,https://data.bis.org/topics/CBPOL
1980-05-01,Germany,Germany hike 100bp to 9.5%,monetary policy,major,hike,100.0,DE,basis points,https://data.bis.org/topics/CBPOL
1980-06-01,Netherlands,Netherlands cut 50bp to 10.5%,monetary policy,standard,cut,-50.0,NL,basis points,https://data.bis.org/topics/CBPOL
1980-06-01,Spain,Spain cut 350bp to 14.12%,monetary policy,major,cut,-350.0,ES,basis points,https://data.bis.org/topics/CBPOL
1980-06-01,France,France cut 50bp to 12.25%,monetary policy,standard,cut,-50.0,FR,basis points,https://data.bis.org/topics/CBPOL
1980-06-01,Australia,Australia hike 2925bp to 42.5%,monetary policy,major,hike,2925.0,AU,basis points,https://data.bis.org/topics/CBPOL
1980-06-01,Canada,Canada cut 120bp to 10.63%,monetary policy,major,cut,-119.99999999999993,CA,basis points,https://data.bis.org/topics/CBPOL
1980-06-01,Belgium,Belgium cut 100bp to 13.0%,monetary policy,major,cut,-100.0,BE,basis points,https://data.bis.org/topics/CBPOL
1980-06-01,United States,United States cut 62bp to 10.44%,monetary policy,standard,cut,-62.0000000000001,US,basis points,https://data.bis.org/topics/CBPOL
1980-07-01,Belgium,Belgium cut 100bp to 12.0%,monetary policy,major,cut,-100.0,BE,basis points,https://data.bis.org/topics/CBPOL
1980-07-01,United Kingdom,United Kingdom cut 100bp to 16.0%,monetary policy,major,cut,-100.0,GB,basis points,https://data.bis.org/topics/CBPOL
1980-07-01,Netherlands,Netherlands cut 50bp to 10.0%,monetary policy,standard,cut,-50.0,NL,basis points,https://data.bis.org/topics/CBPOL
1980-07-01,Greece,Greece hike 150bp to 20.5%,monetary policy,major,hike,150.0,GR,basis points,https://data.bis.org/topics/CBPOL
1980-07-01,France,France cut 25bp to 12.0%,monetary policy,standard,cut,-25.0,FR,basis points,https://data.bis.org/topics/CBPOL
1980-07-01,United States,United States cut 51bp to 9.93%,monetary policy,standard,cut,-50.99999999999998,US,basis points,https://data.bis.org/topics/CBPOL
1980-07-01,Spain,Spain cut 12bp to 14.0%,monetary policy,minor,cut,-12.5,ES,basis points,https://data.bis.org/topics/CBPOL
1980-07-01,Canada,Canada cut 32bp to 10.31%,monetary policy,standard,cut,-32.00000000000003,CA,basis points,https://data.bis.org/topics/CBPOL
1980-07-01,Australia,Australia cut 2900bp to 13.5%,monetary policy,major,cut,-2900.0,AU,basis points,https://data.bis.org/topics/CBPOL
1980-08-01,France,France cut 75bp to 11.25%,monetary policy,major,cut,-75.0,FR,basis points,https://data.bis.org/topics/CBPOL
1980-08-01,Australia,Australia cut 50bp to 13.0%,monetary policy,standard,cut,-50.0,AU,basis points,https://data.bis.org/topics/CBPOL
1980-08-01,Canada,Canada hike 43bp to 10.74%,monetary policy,standard,hike,42.99999999999997,CA,basis points,https://data.bis.org/topics/CBPOL
1980-08-01,Japan,Japan cut 75bp to 8.25%,monetary policy,major,cut,-75.0,JP,basis points,https://data.bis.org/topics/CBPOL
1980-08-01,Spain,Spain cut 12bp to 13.88%,monetary policy,minor,cut,-12.5,ES,basis points,https://data.bis.org/topics/CBPOL
1980-08-01,United States,United States hike 81bp to 10.74%,monetary policy,major,hike,81.00000000000006,US,basis points,https://data.bis.org/topics/CBPOL
1980-09-01,Italy,Italy hike 150bp to 16.5%,monetary policy,major,hike,150.0,IT,basis points,https://data.bis.org/topics/CBPOL
1980-09-01,Denmark,Denmark cut 100bp to 12.0%,monetary policy,major,cut,-100.0,DK,basis points,https://data.bis.org/topics/CBPOL
1980-09-01,Netherlands,Netherlands cut 50bp to 9.5%,monetary policy,standard,cut,-50.0,NL,basis points,https://data.bis.org/topics/CBPOL
1980-09-01,Canada,Canada hike 46bp to 11.2%,monetary policy,standard,hike,45.99999999999991,CA,basis points,https://data.bis.org/topics/CBPOL
1980-09-01,United States,United States hike 245bp to 13.19%,monetary policy,major,hike,244.99999999999994,US,basis points,https://data.bis.org/topics/CBPOL
1980-09-01,Australia,Australia cut 250bp to 10.5%,monetary policy,major,cut,-250.0,AU,basis points,https://data.bis.org/topics/CBPOL
1980-09-01,Spain,Spain hike 46bp to 14.33%,monetary policy,standard,hike,45.700000000000074,ES,basis points,https://data.bis.org/topics/CBPOL
1980-09-01,Germany,Germany cut 50bp to 9.0%,monetary policy,standard,cut,-50.0,DE,basis points,https://data.bis.org/topics/CBPOL
1980-10-01,Denmark,Denmark cut 100bp to 11.0%,monetary policy,major,cut,-100.0,DK,basis points,https://data.bis.org/topics/CBPOL
1980-10-01,Spain,Spain hike 123bp to 15.56%,monetary policy,major,hike,123.1,ES,basis points,https://data.bis.org/topics/CBPOL
1980-10-01,United States,United States hike 58bp to 13.77%,monetary policy,standard,hike,58.00000000000001,US,basis points,https://data.bis.org/topics/CBPOL
1980-10-01,Netherlands,Netherlands cut 50bp to 9.0%,monetary policy,standard,cut,-50.0,NL,basis points,https://data.bis.org/topics/CBPOL
1980-10-01,Australia,Australia hike 100bp to 11.5%,monetary policy,major,hike,100.0,AU,basis points,https://data.bis.org/topics/CBPOL
1980-10-01,Canada,Canada hike 96bp to 12.16%,monetary policy,major,hike,96.00000000000009,CA,basis points,https://data.bis.org/topics/CBPOL
1980-11-01,Australia,Australia hike 300bp to 14.5%,monetary policy,major,hike,300.0,AU,basis points,https://data.bis.org/topics/CBPOL
1980-11-01,United States,United States hike 479bp to 18.56%,monetary policy,major,hike,478.9999999999999,US,basis points,https://data.bis.org/topics/CBPOL
1980-11-01,Japan,Japan cut 100bp to 7.25%,monetary policy,major,cut,-100.0,JP,basis points,https://data.bis.org/topics/CBPOL
1980-11-01,Spain,Spain hike 206bp to 17.62%,monetary policy,major,hike,206.19999999999993,ES,basis points,https://data.bis.org/topics/CBPOL
1980-11-01,United Kingdom,United Kingdom cut 200bp to 14.0%,monetary policy,major,cut,-200.0,GB,basis points,https://data.bis.org/topics/CBPOL
1980-11-01,Canada,Canada hike 179bp to 13.95%,monetary policy,major,hike,178.99999999999991,CA,basis points,https://data.bis.org/topics/CBPOL
1980-12-01,Australia,Australia cut 200bp to 12.5%,monetary policy,major,cut,-200.0,AU,basis points,https://data.bis.org/topics/CBPOL
1980-12-01,United States,United States hike 344bp to 22.0%,monetary policy,major,hike,344.0000000000001,US,basis points,https://data.bis.org/topics/CBPOL
1980-12-01,Spain,Spain hike 144bp to 19.06%,monetary policy,major,hike,143.7999999999999,ES,basis points,https://data.bis.org/topics/CBPOL
1980-12-01,Canada,Canada hike 331bp to 17.26%,monetary policy,major,hike,331.0000000000002,CA,basis points,https://data.bis.org/topics/CBPOL
1981-01-01,Canada,Canada cut 15bp to 17.11%,monetary policy,minor,cut,-15.000000000000213,CA,basis points,https://data.bis.org/topics/CBPOL
1981-01-01,Australia,Australia cut 50bp to 12.0%,monetary policy,standard,cut,-50.0,AU,basis points,https://data.bis.org/topics/CBPOL
1981-01-01,Sweden,Sweden hike 200bp to 12.0%,monetary policy,major,hike,200.0,SE,basis points,https://data.bis.org/topics/CBPOL
1981-01-01,France,France cut 50bp to 10.75%,monetary policy,standard,cut,-50.0,FR,basis points,https://data.bis.org/topics/CBPOL
1981-01-01,United States,United States cut 475bp to 17.25%,monetary policy,major,cut,-475.0,US,basis points,https://data.bis.org/topics/CBPOL
1981-01-01,Spain,Spain cut 456bp to 14.5%,monetary policy,major,cut,-456.2999999999999,ES,basis points,https://data.bis.org/topics/CBPOL
1981-02-01,Canada,Canada cut 3bp to 17.08%,monetary policy,minor,cut,-3.0000000000001137,CA,basis points,https://data.bis.org/topics/CBPOL
1981-02-01,Switzerland,Switzerland hike 100bp to 4.0%,monetary policy,major,hike,100.0,CH,basis points,https://data.bis.org/topics/CBPOL
1981-02-01,Australia,Australia hike 50bp to 12.5%,monetary policy,standard,hike,50.0,AU,basis points,https://data.bis.org/topics/CBPOL
1981-02-01,United States,United States cut 172bp to 15.53%,monetary policy,major,cut,-172.00000000000006,US,basis points,https://data.bis.org/topics/CBPOL
1981-02-01,South Africa,South Africa hike 100bp to 8.0%,monetary policy,major,hike,100.0,ZA,basis points,https://data.bis.org/topics/CBPOL
1981-02-01,Spain,Spain cut 125bp to 13.25%,monetary policy,major,cut,-125.0,ES,basis points,https://data.bis.org/topics/CBPOL
1981-03-01,Belgium,Belgium hike 400bp to 16.0%,monetary policy,major,hike,400.0,BE,basis points,https://data.bis.org/topics/CBPOL
1981-03-01,Japan,Japan cut 100bp to 6.25%,monetary policy,major,cut,-100.0,JP,basis points,https://data.bis.org/topics/CBPOL
1981-03-01,Italy,Italy hike 250bp to 19.0%,monetary policy,major,hike,250.0,IT,basis points,https://data.bis.org/topics/CBPOL
1981-03-01,United Kingdom,United Kingdom cut 200bp to 12.0%,monetary policy,major,cut,-200.0,GB,basis points,https://data.bis.org/topics/CBPOL
1981-03-01,Canada,Canada cut 39bp to 16.69%,monetary policy,standard,cut,-38.9999999999997,CA,basis points,https://data.bis.org/topics/CBPOL
1981-03-01,Netherlands,Netherlands hike 100bp to 10.0%,monetary policy,major,hike,100.0,NL,basis points,https://data.bis.org/topics/CBPOL
1981-03-01,United States,United States cut 90bp to 14.63%,monetary policy,major,cut,-89.99999999999986,US,basis points,https://data.bis.org/topics/CBPOL
1981-03-01,Australia,Australia cut 100bp to 11.5%,monetary policy,major,cut,-100.0,AU,basis points,https://data.bis.org/topics/CBPOL
1981-03-01,Spain,Spain cut 19bp to 13.06%,monetary policy,minor,cut,-18.69999999999994,ES,basis points,https://data.bis.org/topics/CBPOL
1981-04-01,Australia,Australia hike 225bp to 13.75%,monetary policy,major,hike,225.0,AU,basis points,https://data.bis.org/topics/CBPOL
1981-04-01,United States,United States hike 429bp to 18.92%,monetary policy,major,hike,429.0000000000001,US,basis points,https://data.bis.org/topics/CBPOL
1981-04-01,Spain,Spain hike 256bp to 15.62%,monetary policy,major,hike,256.19999999999993,ES,basis points,https://data.bis.org/topics/CBPOL
1981-04-01,Belgium,Belgium cut 200bp to 14.0%,monetary policy,major,cut,-200.0,BE,basis points,https://data.bis.org/topics/CBPOL
1981-04-01,Canada,Canada hike 91bp to 17.6%,monetary policy,major,hike,91.00000000000001,CA,basis points,https://data.bis.org/topics/CBPOL
1981-05-01,Belgium,Belgium cut 100bp to 13.0%,monetary policy,major,cut,-100.0,BE,basis points,https://data.bis.org/topics/CBPOL
1981-05-01,United States,United States cut 136bp to 17.56%,monetary policy,major,cut,-136.00000000000028,US,basis points,https://data.bis.org/topics/CBPOL
1981-05-01,Switzerland,Switzerland hike 100bp to 5.0%,monetary policy,major,hike,100.0,CH,basis points,https://data.bis.org/topics/CBPOL
1981-05-01,Canada,Canada hike 108bp to 18.68%,monetary policy,major,hike,107.99999999999983,CA,basis points,https://data.bis.org/topics/CBPOL
1981-05-01,Australia,Australia hike 75bp to 14.5%,monetary policy,major,hike,75.0,AU,basis points,https://data.bis.org/topics/CBPOL
1981-05-01,Spain,Spain hike 238bp to 18.0%,monetary policy,major,hike,237.5,ES,basis points,https://data.bis.org/topics/CBPOL
1981-05-01,South Africa,South Africa hike 150bp to 9.5%,monetary policy,major,hike,150.0,ZA,basis points,https://data.bis.org/topics/CBPOL
1981-06-01,Australia,Australia hike 1300bp to 27.5%,monetary policy,major,hike,1300.0,AU,basis points,https://data.bis.org/topics/CBPOL
1981-06-01,Canada,Canada hike 40bp to 19.08%,monetary policy,standard,hike,39.99999999999986,CA,basis points,https://data.bis.org/topics/CBPOL
1981-06-01,Spain,Spain hike 119bp to 19.19%,monetary policy,major,hike,118.79999999999988,ES,basis points,https://data.bis.org/topics/CBPOL
1981-06-01,United States,United States hike 108bp to 18.64%,monetary policy,major,hike,108.00000000000018,US,basis points,https://data.bis.org/topics/CBPOL
1981-06-01,South Africa,South Africa hike 100bp to 10.5%,monetary policy,major,hike,100.0,ZA,basis points,https://data.bis.org/topics/CBPOL
1981-07-01,Spain,Spain cut 319bp to 16.0%,monetary policy,major,cut,-318.7999999999999,ES,basis points,https://data.bis.org/topics/CBPOL
1981-07-01,Australia,Australia cut 1125bp to 16.25%,monetary policy,major,cut,-1125.0,AU,basis points,https://data.bis.org/topics/CBPOL
1981-07-01,Canada,Canada hike 146bp to 20.54%,monetary policy,major,hike,146.00000000000009,CA,basis points,https://data.bis.org/topics/CBPOL
1981-07-01,India,India hike 100bp to 10.0%,monetary policy,major,hike,100.0,IN,basis points,https://data.bis.org/topics/CBPOL
1981-07-01,South Africa,South Africa hike 200bp to 12.5%,monetary policy,major,hike,200.0,ZA,basis points,https://data.bis.org/topics/CBPOL
1981-07-01,France,France hike 675bp to 17.5%,monetary policy,major,hike,675.0,FR,basis points,https://data.bis.org/topics/CBPOL
1981-07-01,United States,United States cut 118bp to 17.46%,monetary policy,major,cut,-117.99999999999997,US,basis points,https://data.bis.org/topics/CBPOL
1981-08-01,Canada,Canada hike 53bp to 21.07%,monetary policy,standard,hike,53.000000000000114,CA,basis points,https://data.bis.org/topics/CBPOL
1981-08-01,Spain,Spain hike 188bp to 17.88%,monetary policy,major,hike,187.5,ES,basis points,https://data.bis.org/topics/CBPOL
1981-08-01,United Kingdom,United Kingdom hike 69bp to 12.69%,monetary policy,standard,hike,68.75,GB,basis points,https://data.bis.org/topics/CBPOL
1981-08-01,Australia,Australia cut 100bp to 15.25%,monetary policy,major,cut,-100.0,AU,basis points,https://data.bis.org/topics/CBPOL
1981-08-01,United States,United States cut 63bp to 16.83%,monetary policy,standard,cut,-63.000000000000256,US,basis points,https://data.bis.org/topics/CBPOL
1981-08-01,France,France cut 38bp to 17.12%,monetary policy,standard,cut,-37.5,FR,basis points,https://data.bis.org/topics/CBPOL
1981-09-01,France,France hike 62bp to 17.75%,monetary policy,standard,hike,62.5,FR,basis points,https://data.bis.org/topics/CBPOL
1981-09-01,Canada,Canada cut 144bp to 19.63%,monetary policy,major,cut,-144.0000000000001,CA,basis points,https://data.bis.org/topics/CBPOL
1981-09-01,Switzerland,Switzerland hike 100bp to 6.0%,monetary policy,major,hike,100.0,CH,basis points,https://data.bis.org/topics/CBPOL
1981-09-01,United Kingdom,United Kingdom hike 131bp to 14.0%,monetary policy,major,hike,131.25,GB,basis points,https://data.bis.org/topics/CBPOL
1981-09-01,United States,United States cut 25bp to 16.58%,monetary policy,standard,cut,-25.0,US,basis points,https://data.bis.org/topics/CBPOL
1981-09-01,Spain,Spain cut 94bp to 16.94%,monetary policy,major,cut,-93.70000000000012,ES,basis points,https://data.bis.org/topics/CBPOL
1981-09-01,Australia,Australia hike 100bp to 16.25%,monetary policy,major,hike,100.0,AU,basis points,https://data.bis.org/topics/CBPOL
1981-10-01,Australia,Australia cut 150bp to 14.75%,monetary policy,major,cut,-150.0,AU,basis points,https://data.bis.org/topics/CBPOL
1981-10-01,Spain,Spain hike 62bp to 17.56%,monetary policy,standard,hike,62.5,ES,basis points,https://data.bis.org/topics/CBPOL
1981-10-01,Canada,Canada cut 142bp to 18.21%,monetary policy,major,cut,-141.99999999999983,CA,basis points,https://data.bis.org/topics/CBPOL
1981-10-01,Sweden,Sweden cut 100bp to 11.0%,monetary policy,major,cut,-100.0,SE,basis points,https://data.bis.org/topics/CBPOL
1981-10-01,United States,United States cut 214bp to 14.44%,monetary policy,major,cut,-213.9999999999999,US,basis points,https://data.bis.org/topics/CBPOL
1981-10-01,France,France cut 225bp to 15.5%,monetary policy,major,cut,-225.0,FR,basis points,https://data.bis.org/topics/CBPOL
1981-10-01,United Kingdom,United Kingdom hike 112bp to 15.12%,monetary policy,major,hike,112.5,GB,basis points,https://data.bis.org/topics/CBPOL
1981-11-01,Spain,Spain hike 119bp to 18.75%,monetary policy,major,hike,118.70000000000012,ES,basis points,https://data.bis.org/topics/CBPOL
1981-11-01,Canada,Canada cut 289bp to 15.32%,monetary policy,major,cut,-289.00000000000006,CA,basis points,https://data.bis.org/topics/CBPOL
1981-11-01,United States,United States cut 200bp to 12.44%,monetary policy,major,cut,-200.0,US,basis points,https://data.bis.org/topics/CBPOL
1981-11-01,France,France cut 25bp to 15.25%,monetary policy,standard,cut,-25.0,FR,basis points,https://data.bis.org/topics/CBPOL
1981-11-01,Australia,Australia hike 25bp to 15.0%,monetary policy,standard,hike,25.0,AU,basis points,https://data.bis.org/topics/CBPOL
1981-11-01,United Kingdom,United Kingdom cut 56bp to 14.56%,monetary policy,standard,cut,-56.25,GB,basis points,https://data.bis.org/topics/CBPOL
1981-12-01,Canada,Canada cut 66bp to 14.66%,monetary policy,standard,cut,-66.00000000000001,CA,basis points,https://data.bis.org/topics/CBPOL
1981-12-01,Spain,Spain hike 25bp to 19.0%,monetary policy,standard,hike,25.0,ES,basis points,https://data.bis.org/topics/CBPOL
1981-12-01,Australia,Australia cut 25bp to 14.75%,monetary policy,standard,cut,-25.0,AU,basis points,https://data.bis.org/topics/CBPOL
1981-12-01,United Kingdom,United Kingdom cut 19bp to 14.38%,monetary policy,minor,cut,-18.75,GB,basis points,https://data.bis.org/topics/CBPOL
1981-12-01,United States,United States hike 69bp to 13.13%,monetary policy,standard,hike,69.00000000000013,US,basis points,https://data.bis.org/topics/CBPOL
1981-12-01,Japan,Japan cut 75bp to 5.5%,monetary policy,major,cut,-75.0,JP,basis points,https://data.bis.org/topics/CBPOL
1981-12-01,South Africa,South Africa hike 100bp to 13.5%,monetary policy,major,hike,100.0,ZA,basis points,https://data.bis.org/topics/CBPOL
1981-12-01,Belgium,Belgium hike 200bp to 15.0%,monetary policy,major,hike,200.0,BE,basis points,https://data.bis.org/topics/CBPOL
1981-12-01,France,France cut 50bp to 14.75%,monetary policy,standard,cut,-50.0,FR,basis points,https://data.bis.org/topics/CBPOL
1982-01-01,Canada,Canada cut 7bp to 14.59%,monetary policy,minor,cut,-7.000000000000028,CA,basis points,https://data.bis.org/topics/CBPOL
1982-01-01,Belgium,Belgium cut 100bp to 14.0%,monetary policy,major,cut,-100.0,BE,basis points,https://data.bis.org/topics/CBPOL
1982-01-01,Spain,Spain cut 300bp to 16.0%,monetary policy,major,cut,-300.0,ES,basis points,https://data.bis.org/topics/CBPOL
1982-01-01,Netherlands,Netherlands cut 50bp to 9.5%,monetary policy,standard,cut,-50.0,NL,basis points,https://data.bis.org/topics/CBPOL
1982-01-01,Australia,Australia hike 63bp to 15.38%,monetary policy,standard,hike,63.00000000000008,AU,basis points,https://data.bis.org/topics/CBPOL
1982-01-01,United States,United States hike 108bp to 14.21%,monetary policy,major,hike,108.0,US,basis points,https://data.bis.org/topics/CBPOL
1982-01-01,United Kingdom,United Kingdom cut 50bp to 13.88%,monetary policy,standard,cut,-50.0,GB,basis points,https://data.bis.org/topics/CBPOL
1982-02-01,Spain,Spain cut 88bp to 15.12%,monetary policy,major,cut,-87.5,ES,basis points,https://data.bis.org/topics/CBPOL
1982-02-01,Australia,Australia hike 87bp to 16.25%,monetary policy,major,hike,86.99999999999991,AU,basis points,https://data.bis.org/topics/CBPOL
1982-02-01,United States,United States cut 47bp to 13.74%,monetary policy,standard,cut,-47.000000000000064,US,basis points,https://data.bis.org/topics/CBPOL
1982-02-01,Canada,Canada hike 24bp to 14.83%,monetary policy,minor,hike,24.00000000000002,CA,basis points,https://data.bis.org/topics/CBPOL
1982-02-01,France,France cut 62bp to 14.12%,monetary policy,standard,cut,-62.5,FR,basis points,https://data.bis.org/topics/CBPOL
1982-02-01,United Kingdom,United Kingdom cut 25bp to 13.62%,monetary policy,standard,cut,-25.0,GB,basis points,https://data.bis.org/topics/CBPOL
1982-03-01,France,France hike 288bp to 17.0%,monetary policy,major,hike,287.5,FR,basis points,https://data.bis.org/topics/CBPOL
1982-03-01,Spain,Spain hike 25bp to 15.38%,monetary policy,standard,hike,25.0,ES,basis points,https://data.bis.org/topics/CBPOL
1982-03-01,United States,United States hike 306bp to 16.8%,monetary policy,major,hike,306.00000000000006,US,basis points,https://data.bis.org/topics/CBPOL
1982-03-01,Belgium,Belgium cut 100bp to 13.0%,monetary policy,major,cut,-100.0,BE,basis points,https://data.bis.org/topics/CBPOL
1982-03-01,Australia,Australia hike 50bp to 16.75%,monetary policy,standard,hike,50.0,AU,basis points,https://data.bis.org/topics/CBPOL
1982-03-01,Sweden,Sweden cut 100bp to 10.0%,monetary policy,major,cut,-100.0,SE,basis points,https://data.bis.org/topics/CBPOL
1982-03-01,United Kingdom,United Kingdom cut 38bp to 13.25%,monetary policy,standard,cut,-37.5,GB,basis points,https://data.bis.org/topics/CBPOL
1982-03-01,Canada,Canada hike 28bp to 15.11%,monetary policy,standard,hike,27.999999999999936,CA,basis points,https://data.bis.org/topics/CBPOL
1982-03-01,Netherlands,Netherlands cut 50bp to 9.0%,monetary policy,standard,cut,-50.0,NL,basis points,https://data.bis.org/topics/CBPOL
1982-04-01,Portugal,Portugal hike 100bp to 19.0%,monetary policy,major,hike,100.0,PT,basis points,https://data.bis.org/topics/CBPOL
1982-04-01,Belgium,Belgium hike 100bp to 14.0%,monetary policy,major,hike,100.0,BE,basis points,https://data.bis.org/topics/CBPOL
1982-04-01,France,France cut 100bp to 16.0%,monetary policy,major,cut,-100.0,FR,basis points,https://data.bis.org/topics/CBPOL
1982-04-01,Spain,Spain hike 188bp to 17.25%,monetary policy,major,hike,187.5,ES,basis points,https://data.bis.org/topics/CBPOL
1982-04-01,United Kingdom,United Kingdom cut 12bp to 13.12%,monetary policy,minor,cut,-12.5,GB,basis points,https://data.bis.org/topics/CBPOL
1982-04-01,Canada,Canada hike 12bp to 15.23%,monetary policy,minor,hike,12.0000000000001,CA,basis points,https://data.bis.org/topics/CBPOL
1982-04-01,Australia,Australia hike 363bp to 20.38%,monetary policy,major,hike,362.9999999999999,AU,basis points,https://data.bis.org/topics/CBPOL
1982-04-01,United States,United States cut 152bp to 15.28%,monetary policy,major,cut,-152.00000000000014,US,basis points,https://data.bis.org/topics/CBPOL
1982-05-01,Canada,Canada hike 20bp to 15.43%,monetary policy,minor,hike,19.99999999999993,CA,basis points,https://data.bis.org/topics/CBPOL
1982-05-01,Spain,Spain hike 125bp to 18.5%,monetary policy,major,hike,125.0,ES,basis points,https://data.bis.org/topics/CBPOL
1982-05-01,Netherlands,Netherlands cut 50bp to 8.5%,monetary policy,standard,cut,-50.0,NL,basis points,https://data.bis.org/topics/CBPOL
1982-05-01,United States,United States cut 190bp to 13.38%,monetary policy,major,cut,-189.99999999999986,US,basis points,https://data.bis.org/topics/CBPOL
1982-05-01,Australia,Australia cut 213bp to 18.25%,monetary policy,major,cut,-212.9999999999999,AU,basis points,https://data.bis.org/topics/CBPOL
1982-06-01,United Kingdom,United Kingdom cut 50bp to 12.62%,monetary policy,standard,cut,-50.0,GB,basis points,https://data.bis.org/topics/CBPOL
1982-06-01,France,France cut 75bp to 15.25%,monetary policy,major,cut,-75.0,FR,basis points,https://data.bis.org/topics/CBPOL
1982-06-01,Spain,Spain hike 475bp to 23.25%,monetary policy,major,hike,475.0,ES,basis points,https://data.bis.org/topics/CBPOL
1982-06-01,Canada,Canada hike 115bp to 16.58%,monetary policy,major,hike,114.99999999999986,CA,basis points,https://data.bis.org/topics/CBPOL
1982-06-01,United States,United States hike 120bp to 14.58%,monetary policy,major,hike,119.99999999999993,US,basis points,https://data.bis.org/topics/CBPOL
1982-06-01,Australia,Australia hike 925bp to 27.5%,monetary policy,major,hike,925.0,AU,basis points,https://data.bis.org/topics/CBPOL
1982-07-01,United States,United States cut 317bp to 11.41%,monetary policy,major,cut,-317.0,US,basis points,https://data.bis.org/topics/CBPOL
1982-07-01,Spain,Spain cut 731bp to 15.94%,monetary policy,major,cut,-731.1999999999999,ES,basis points,https://data.bis.org/topics/CBPOL
1982-07-01,United Kingdom,United Kingdom cut 100bp to 11.62%,monetary policy,major,cut,-100.0,GB,basis points,https://data.bis.org/topics/CBPOL
1982-07-01,Belgium,Belgium cut 50bp to 13.5%,monetary policy,standard,cut,-50.0,BE,basis points,https://data.bis.org/topics/CBPOL
1982-07-01,Canada,Canada cut 108bp to 15.5%,monetary policy,major,cut,-107.99999999999983,CA,basis points,https://data.bis.org/topics/CBPOL
1982-07-01,France,France cut 50bp to 14.75%,monetary policy,standard,cut,-50.0,FR,basis points,https://data.bis.org/topics/CBPOL
1982-07-01,Australia,Australia cut 1050bp to 17.0%,monetary policy,major,cut,-1050.0,AU,basis points,https://data.bis.org/topics/CBPOL
1982-08-01,Switzerland,Switzerland cut 100bp to 5.0%,monetary policy,major,cut,-100.0,CH,basis points,https://data.bis.org/topics/CBPOL
1982-08-01,France,France cut 75bp to 14.0%,monetary policy,major,cut,-75.0,FR,basis points,https://data.bis.org/topics/CBPOL
1982-08-01,Australia,Australia hike 175bp to 18.75%,monetary policy,major,hike,175.0,AU,basis points,https://data.bis.org/topics/CBPOL
1982-08-01,Netherlands,Netherlands cut 100bp to 7.5%,monetary policy,major,cut,-100.0,NL,basis points,https://data.bis.org/topics/CBPOL
1982-08-01,Belgium,Belgium cut 50bp to 13.0%,monetary policy,standard,cut,-50.0,BE,basis points,https://data.bis.org/topics/CBPOL
1982-08-01,Austria,Austria cut 50bp to 7.75%,monetary policy,standard,cut,-50.0,AT,basis points,https://data.bis.org/topics/CBPOL
1982-08-01,Germany,Germany cut 100bp to 8.0%,monetary policy,major,cut,-100.0,DE,basis points,https://data.bis.org/topics/CBPOL
1982-08-01,Italy,Italy cut 100bp to 18.0%,monetary policy,major,cut,-100.0,IT,basis points,https://data.bis.org/topics/CBPOL
1982-08-01,United States,United States cut 78bp to 10.63%,monetary policy,major,cut,-77.99999999999994,US,basis points,https://data.bis.org/topics/CBPOL
1982-08-01,United Kingdom,United Kingdom cut 100bp to 10.62%,monetary policy,major,cut,-100.0,GB,basis points,https://data.bis.org/topics/CBPOL
1982-08-01,Spain,Spain cut 94bp to 15.0%,monetary policy,major,cut,-93.80000000000007,ES,basis points,https://data.bis.org/topics/CBPOL
1982-08-01,Canada,Canada cut 155bp to 13.95%,monetary policy,major,cut,-155.00000000000006,CA,basis points,https://data.bis.org/topics/CBPOL
1982-09-01,France,France cut 25bp to 13.75%,monetary policy,standard,cut,-25.0,FR,basis points,https://data.bis.org/topics/CBPOL
1982-09-01,Australia,Australia hike 25bp to 19.0%,monetary policy,standard,hike,25.0,AU,basis points,https://data.bis.org/topics/CBPOL
1982-09-01,United States,United States hike 154bp to 12.17%,monetary policy,major,hike,153.99999999999991,US,basis points,https://data.bis.org/topics/CBPOL
1982-09-01,Canada,Canada cut 97bp to 12.98%,monetary policy,major,cut,-96.99999999999989,CA,basis points,https://data.bis.org/topics/CBPOL
1982-09-01,Spain,Spain hike 144bp to 16.44%,monetary policy,major,hike,143.7999999999999,ES,basis points,https://data.bis.org/topics/CBPOL
1982-09-01,United Kingdom,United Kingdom cut 50bp to 10.12%,monetary policy,standard,cut,-50.0,GB,basis points,https://data.bis.org/topics/CBPOL
1982-09-01,Belgium,Belgium cut 50bp to 12.5%,monetary policy,standard,cut,-50.0,BE,basis points,https://data.bis.org/topics/CBPOL
1982-10-01,Australia,Australia cut 350bp to 15.5%,monetary policy,major,cut,-350.0,AU,basis points,https://data.bis.org/topics/CBPOL
1982-10-01,Austria,Austria cut 50bp to 7.25%,monetary policy,standard,cut,-50.0,AT,basis points,https://data.bis.org/topics/CBPOL
1982-10-01,France,France cut 50bp to 13.25%,monetary policy,standard,cut,-50.0,FR,basis points,https://data.bis.org/topics/CBPOL
1982-10-01,United Kingdom,United Kingdom cut 50bp to 9.62%,monetary policy,standard,cut,-50.0,GB,basis points,https://data.bis.org/topics/CBPOL
1982-10-01,Belgium,Belgium cut 50bp to 12.0%,monetary policy,standard,cut,-50.0,BE,basis points,https://data.bis.org/topics/CBPOL
1982-10-01,United States,United States cut 276bp to 9.41%,monetary policy,major,cut,-276.0,US,basis points,https://data.bis.org/topics/CBPOL
1982-10-01,Canada,Canada cut 152bp to 11.46%,monetary policy,major,cut,-151.99999999999994,CA,basis points,https://data.bis.org/topics/CBPOL
1982-10-01,Germany,Germany cut 100bp to 7.0%,monetary policy,major,cut,-100.0,DE,basis points,https://data.bis.org/topics/CBPOL
1982-10-01,Spain,Spain hike 431bp to 20.75%,monetary policy,major,hike,431.2000000000001,ES,basis points,https://data.bis.org/topics/CBPOL
1982-10-01,Netherlands,Netherlands cut 100bp to 6.5%,monetary policy,major,cut,-100.0,NL,basis points,https://data.bis.org/topics/CBPOL
1982-11-01,Canada,Canada cut 49bp to 10.97%,monetary policy,standard,cut,-49.00000000000002,CA,basis points,https://data.bis.org/topics/CBPOL
1982-11-01,Netherlands,Netherlands cut 50bp to 6.0%,monetary policy,standard,cut,-50.0,NL,basis points,https://data.bis.org/topics/CBPOL
1982-11-01,Belgium,Belgium cut 50bp to 11.5%,monetary policy,standard,cut,-50.0,BE,basis points,https://data.bis.org/topics/CBPOL
1982-11-01,Australia,Australia cut 125bp to 14.25%,monetary policy,major,cut,-125.0,AU,basis points,https://data.bis.org/topics/CBPOL
1982-11-01,United Kingdom,United Kingdom hike 38bp to 10.0%,monetary policy,standard,hike,37.5,GB,basis points,https://data.bis.org/topics/CBPOL
1982-11-01,Spain,Spain hike 181bp to 22.56%,monetary policy,major,hike,181.2999999999999,ES,basis points,https://data.bis.org/topics/CBPOL
1982-11-01,Denmark,Denmark cut 100bp to 10.0%,monetary policy,major,cut,-100.0,DK,basis points,https://data.bis.org/topics/CBPOL
1982-11-01,France,France cut 25bp to 13.0%,monetary policy,standard,cut,-25.0,FR,basis points,https://data.bis.org/topics/CBPOL
1982-11-01,United States,United States cut 48bp to 8.93%,monetary policy,standard,cut,-48.00000000000004,US,basis points,https://data.bis.org/topics/CBPOL
1982-12-01,Spain,Spain cut 425bp to 18.31%,monetary policy,major,cut,-425.0,ES,basis points,https://data.bis.org/topics/CBPOL
1982-12-01,France,France cut 25bp to 12.75%,monetary policy,standard,cut,-25.0,FR,basis points,https://data.bis.org/topics/CBPOL
1982-12-01,Netherlands,Netherlands cut 50bp to 5.5%,monetary policy,standard,cut,-50.0,NL,basis points,https://data.bis.org/topics/CBPOL
1982-12-01,United States,United States hike 227bp to 11.2%,monetary policy,major,hike,226.99999999999994,US,basis points,https://data.bis.org/topics/CBPOL
1982-12-01,Germany,Germany cut 100bp to 6.0%,monetary policy,major,cut,-100.0,DE,basis points,https://data.bis.org/topics/CBPOL
1982-12-01,Canada,Canada cut 92bp to 10.05%,monetary policy,major,cut,-92.0,CA,basis points,https://data.bis.org/topics/CBPOL
1982-12-01,Australia,Australia cut 375bp to 10.5%,monetary policy,major,cut,-375.0,AU,basis points,https://data.bis.org/topics/CBPOL
1982-12-01,Switzerland,Switzerland cut 50bp to 4.5%,monetary policy,standard,cut,-50.0,CH,basis points,https://data.bis.org/topics/CBPOL
1982-12-01,Austria,Austria cut 100bp to 6.25%,monetary policy,major,cut,-100.0,AT,basis points,https://data.bis.org/topics/CBPOL
1983-01-01,France,France cut 25bp to 12.5%,monetary policy,standard,cut,-25.0,FR,basis points,https://data.bis.org/topics/CBPOL
1983-01-01,Netherlands,Netherlands cut 50bp to 5.0%,monetary policy,standard,cut,-50.0,NL,basis points,https://data.bis.org/topics/CBPOL
1983-01-01,Canada,Canada cut 22bp to 9.83%,monetary policy,minor,cut,-22.000000000000064,CA,basis points,https://data.bis.org/topics/CBPOL
1983-01-01,Spain,Spain hike 469bp to 23.0%,monetary policy,major,hike,468.7000000000001,ES,basis points,https://data.bis.org/topics/CBPOL
1983-01-01,Sweden,Sweden cut 100bp to 9.0%,monetary policy,major,cut,-100.0,SE,basis points,https://data.bis.org/topics/CBPOL
1983-01-01,Australia,Australia hike 75bp to 11.25%,monetary policy,major,hike,75.0,AU,basis points,https://data.bis.org/topics/CBPOL
1983-01-01,United Kingdom,United Kingdom hike 100bp to 11.0%,monetary policy,major,hike,100.0,GB,basis points,https://data.bis.org/topics/CBPOL
1983-01-01,United States,United States cut 264bp to 8.56%,monetary policy,major,cut,-263.9999999999999,US,basis points,https://data.bis.org/topics/CBPOL
1983-02-01,United States,United States cut 3bp to 8.53%,monetary policy,minor,cut,-3.0000000000001137,US,basis points,https://data.bis.org/topics/CBPOL
1983-02-01,Spain,Spain cut 650bp to 16.5%,monetary policy,major,cut,-650.0,ES,basis points,https://data.bis.org/topics/CBPOL
1983-02-01,Australia,Australia hike 600bp to 17.25%,monetary policy,major,hike,600.0,AU,basis points,https://data.bis.org/topics/CBPOL
1983-02-01,Canada,Canada cut 35bp to 9.48%,monetary policy,standard,cut,-34.999999999999964,CA,basis points,https://data.bis.org/topics/CBPOL
1983-03-01,Australia,Australia cut 337bp to 13.88%,monetary policy,major,cut,-336.99999999999994,AU,basis points,https://data.bis.org/topics/CBPOL
1983-03-01,Switzerland,Switzerland cut 50bp to 4.0%,monetary policy,standard,cut,-50.0,CH,basis points,https://data.bis.org/topics/CBPOL
1983-03-01,Netherlands,Netherlands cut 100bp to 4.0%,monetary policy,major,cut,-100.0,NL,basis points,https://data.bis.org/topics/CBPOL
1983-03-01,United States,United States hike 228bp to 10.81%,monetary policy,major,hike,228.0000000000001,US,basis points,https://data.bis.org/topics/CBPOL
1983-03-01,Denmark,Denmark cut 150bp to 8.5%,monetary policy,major,cut,-150.0,DK,basis points,https://data.bis.org/topics/CBPOL
1983-03-01,Spain,Spain hike 212bp to 18.62%,monetary policy,major,hike,212.5,ES,basis points,https://data.bis.org/topics/CBPOL
1983-03-01,Germany,Germany cut 100bp to 5.0%,monetary policy,major,cut,-100.0,DE,basis points,https://data.bis.org/topics/CBPOL
1983-03-01,Portugal,Portugal hike 400bp to 23.0%,monetary policy,major,hike,400.0,PT,basis points,https://data.bis.org/topics/CBPOL
1983-03-01,Belgium,Belgium cut 50bp to 11.0%,monetary policy,standard,cut,-50.0,BE,basis points,https://data.bis.org/topics/CBPOL
1983-03-01,United Kingdom,United Kingdom cut 44bp to 10.56%,monetary policy,standard,cut,-43.75,GB,basis points,https://data.bis.org/topics/CBPOL
1983-03-01,Austria,Austria cut 100bp to 5.25%,monetary policy,major,cut,-100.0,AT,basis points,https://data.bis.org/topics/CBPOL
1983-03-01,Canada,Canada cut 6bp to 9.42%,monetary policy,minor,cut,-6.00000000000005,CA,basis points,https://data.bis.org/topics/CBPOL
1983-04-01,Australia,Australia hike 12bp to 14.0%,monetary policy,minor,hike,11.999999999999922,AU,basis points,https://data.bis.org/topics/CBPOL
1983-04-01,Denmark,Denmark cut 100bp to 7.5%,monetary policy,major,cut,-100.0,DK,basis points,https://data.bis.org/topics/CBPOL
1983-04-01,United States,United States cut 197bp to 8.84%,monetary policy,major,cut,-197.00000000000006,US,basis points,https://data.bis.org/topics/CBPOL
1983-04-01,Italy,Italy cut 100bp to 17.0%,monetary policy,major,cut,-100.0,IT,basis points,https://data.bis.org/topics/CBPOL
1983-04-01,Canada,Canada cut 5bp to 9.37%,monetary policy,minor,cut,-5.000000000000071,CA,basis points,https://data.bis.org/topics/CBPOL
1983-04-01,Belgium,Belgium cut 100bp to 10.0%,monetary policy,major,cut,-100.0,BE,basis points,https://data.bis.org/topics/CBPOL
1983-04-01,Spain,Spain hike 200bp to 20.62%,monetary policy,major,hike,200.0,ES,basis points,https://data.bis.org/topics/CBPOL
1983-04-01,Sweden,Sweden cut 50bp to 8.5%,monetary policy,standard,cut,-50.0,SE,basis points,https://data.bis.org/topics/CBPOL
1983-04-01,United Kingdom,United Kingdom cut 50bp to 10.06%,monetary policy,standard,cut,-50.0,GB,basis points,https://data.bis.org/topics/CBPOL
1983-05-01,Australia,Australia cut 50bp to 13.5%,monetary policy,standard,cut,-50.0,AU,basis points,https://data.bis.org/topics/CBPOL
1983-05-01,Canada,Canada hike 13bp to 9.5%,monetary policy,minor,hike,13.000000000000078,CA,basis points,https://data.bis.org/topics/CBPOL
1983-05-01,Spain,Spain hike 169bp to 22.31%,monetary policy,major,hike,168.7999999999999,ES,basis points,https://data.bis.org/topics/CBPOL
1983-05-01,United States,United States hike 10bp to 8.94%,monetary policy,minor,hike,9.999999999999964,US,basis points,https://data.bis.org/topics/CBPOL
1983-05-01,Netherlands,Netherlands hike 100bp to 5.0%,monetary policy,major,hike,100.0,NL,basis points,https://data.bis.org/topics/CBPOL
1983-05-01,Belgium,Belgium cut 50bp to 9.5%,monetary policy,standard,cut,-50.0,BE,basis points,https://data.bis.org/topics/CBPOL
1983-06-01,Australia,Australia hike 200bp to 15.5%,monetary policy,major,hike,200.0,AU,basis points,https://data.bis.org/topics/CBPOL
1983-06-01,Canada,Canada cut 8bp to 9.42%,monetary policy,minor,cut,-8.000000000000007,CA,basis points,https://data.bis.org/topics/CBPOL
1983-06-01,France,France cut 25bp to 12.25%,monetary policy,standard,cut,-25.0,FR,basis points,https://data.bis.org/topics/CBPOL
1983-06-01,United States,United States hike 112bp to 10.06%,monetary policy,major,hike,112.0000000000001,US,basis points,https://data.bis.org/topics/CBPOL
1983-06-01,Spain,Spain cut 225bp to 20.06%,monetary policy,major,cut,-225.0,ES,basis points,https://data.bis.org/topics/CBPOL
1983-06-01,United Kingdom,United Kingdom cut 50bp to 9.56%,monetary policy,standard,cut,-50.0,GB,basis points,https://data.bis.org/topics/CBPOL
1983-06-01,Belgium,Belgium cut 50bp to 9.0%,monetary policy,standard,cut,-50.0,BE,basis points,https://data.bis.org/topics/CBPOL
1983-07-01,Spain,Spain hike 319bp to 23.25%,monetary policy,major,hike,318.7000000000001,ES,basis points,https://data.bis.org/topics/CBPOL
1983-07-01,Canada,Canada hike 7bp to 9.49%,monetary policy,minor,hike,7.000000000000028,CA,basis points,https://data.bis.org/topics/CBPOL
1983-07-01,Australia,Australia cut 400bp to 11.5%,monetary policy,major,cut,-400.0,AU,basis points,https://data.bis.org/topics/CBPOL
1983-07-01,United States,United States cut 54bp to 9.52%,monetary policy,standard,cut,-54.00000000000009,US,basis points,https://data.bis.org/topics/CBPOL
1983-08-01,United States,United States hike 7bp to 9.59%,monetary policy,minor,hike,7.000000000000028,US,basis points,https://data.bis.org/topics/CBPOL
1983-08-01,Australia,Australia cut 150bp to 10.0%,monetary policy,major,cut,-150.0,AU,basis points,https://data.bis.org/topics/CBPOL
1983-08-01,Canada,Canada hike 8bp to 9.57%,monetary policy,minor,hike,8.000000000000007,CA,basis points,https://data.bis.org/topics/CBPOL
1983-08-01,Spain,Spain hike 88bp to 24.12%,monetary policy,major,hike,87.5,ES,basis points,https://data.bis.org/topics/CBPOL
1983-08-01,Portugal,Portugal hike 200bp to 25.0%,monetary policy,major,hike,200.0,PT,basis points,https://data.bis.org/topics/CBPOL
1983-09-01,Austria,Austria hike 50bp to 5.75%,monetary policy,standard,hike,50.0,AT,basis points,https://data.bis.org/topics/CBPOL
1983-09-01,United States,United States hike 100bp to 10.59%,monetary policy,major,hike,100.0,US,basis points,https://data.bis.org/topics/CBPOL
1983-09-01,Australia,Australia hike 375bp to 13.75%,monetary policy,major,hike,375.0,AU,basis points,https://data.bis.org/topics/CBPOL
1983-09-01,Germany,Germany hike 50bp to 5.5%,monetary policy,standard,hike,50.0,DE,basis points,https://data.bis.org/topics/CBPOL
1983-09-01,Netherlands,Netherlands hike 50bp to 5.5%,monetary policy,standard,hike,50.0,NL,basis points,https://data.bis.org/topics/CBPOL
1983-09-01,Spain,Spain cut 138bp to 22.75%,monetary policy,major,cut,-137.5,ES,basis points,https://data.bis.org/topics/CBPOL
1983-09-01,Canada,Canada cut 8bp to 9.49%,monetary policy,minor,cut,-8.000000000000007,CA,basis points,https://data.bis.org/topics/CBPOL
1983-10-01,Spain,Spain cut 6bp to 22.69%,monetary policy,minor,cut,-6.2000000000001165,ES,basis points,https://data.bis.org/topics/CBPOL
1983-10-01,Japan,Japan cut 50bp to 5.0%,monetary policy,standard,cut,-50.0,JP,basis points,https://data.bis.org/topics/CBPOL
1983-10-01,United Kingdom,United Kingdom cut 50bp to 9.06%,monetary policy,standard,cut,-50.0,GB,basis points,https://data.bis.org/topics/CBPOL
1983-10-01,United States,United States cut 116bp to 9.43%,monetary policy,major,cut,-116.00000000000001,US,basis points,https://data.bis.org/topics/CBPOL
1983-10-01,Australia,Australia cut 100bp to 12.75%,monetary policy,major,cut,-100.0,AU,basis points,https://data.bis.org/topics/CBPOL
1983-10-01,Denmark,Denmark cut 50bp to 7.0%,monetary policy,standard,cut,-50.0,DK,basis points,https://data.bis.org/topics/CBPOL
1983-11-01,Australia,Australia cut 150bp to 11.25%,monetary policy,major,cut,-150.0,AU,basis points,https://data.bis.org/topics/CBPOL
1983-11-01,Belgium,Belgium hike 100bp to 10.0%,monetary policy,major,hike,100.0,BE,basis points,https://data.bis.org/topics/CBPOL
1983-11-01,Canada,Canada hike 14bp to 9.63%,monetary policy,minor,hike,14.000000000000057,CA,basis points,https://data.bis.org/topics/CBPOL
1983-11-01,Spain,Spain cut 300bp to 19.69%,monetary policy,major,cut,-300.0,ES,basis points,https://data.bis.org/topics/CBPOL
1983-11-01,United States,United States cut 9bp to 9.34%,monetary policy,minor,cut,-8.999999999999986,US,basis points,https://data.bis.org/topics/CBPOL
1983-11-01,France,France cut 25bp to 12.0%,monetary policy,standard,cut,-25.0,FR,basis points,https://data.bis.org/topics/CBPOL
1983-12-01,South Africa,South Africa hike 425bp to 17.75%,monetary policy,major,hike,425.0,ZA,basis points,https://data.bis.org/topics/CBPOL
1983-12-01,Australia,Australia cut 525bp to 6.0%,monetary policy,major,cut,-525.0,AU,basis points,https://data.bis.org/topics/CBPOL
1983-12-01,United States,United States hike 58bp to 9.92%,monetary policy,standard,hike,58.00000000000001,US,basis points,https://data.bis.org/topics/CBPOL
1983-12-01,Canada,Canada hike 33bp to 9.96%,monetary policy,standard,hike,33.00000000000001,CA,basis points,https://data.bis.org/topics/CBPOL
1983-12-01,Spain,Spain hike 88bp to 20.56%,monetary policy,major,hike,87.5,ES,basis points,https://data.bis.org/topics/CBPOL
1984-01-01,Australia,Australia hike 375bp to 9.75%,monetary policy,major,hike,375.0,AU,basis points,https://data.bis.org/topics/CBPOL
1984-01-01,Canada,Canada hike 2bp to 9.98%,monetary policy,minor,hike,1.9999999999999574,CA,basis points,https://data.bis.org/topics/CBPOL
1984-01-01,United States,United States cut 57bp to 9.35%,monetary policy,standard,cut,-57.00000000000003,US,basis points,https://data.bis.org/topics/CBPOL
1984-01-01,Spain,Spain cut 444bp to 16.12%,monetary policy,major,cut,-443.7999999999999,ES,basis points,https://data.bis.org/topics/CBPOL
1984-02-01,Australia,Australia hike 313bp to 12.88%,monetary policy,major,hike,313.00000000000006,AU,basis points,https://data.bis.org/topics/CBPOL
1984-02-01,Belgium,Belgium hike 100bp to 11.0%,monetary policy,major,hike,100.0,BE,basis points,https://data.bis.org/topics/CBPOL
1984-02-01,Italy,Italy cut 100bp to 16.0%,monetary policy,major,cut,-100.0,IT,basis points,https://data.bis.org/topics/CBPOL
1984-02-01,Spain,Spain hike 362bp to 19.75%,monetary policy,major,hike,362.5,ES,basis points,https://data.bis.org/topics/CBPOL
1984-02-01,Canada,Canada hike 6bp to 10.04%,monetary policy,minor,hike,5.999999999999872,CA,basis points,https://data.bis.org/topics/CBPOL
1984-02-01,United States,United States hike 10bp to 9.45%,monetary policy,minor,hike,9.999999999999964,US,basis points,https://data.bis.org/topics/CBPOL
1984-03-01,Canada,Canada hike 74bp to 10.78%,monetary policy,standard,hike,74.00000000000003,CA,basis points,https://data.bis.org/topics/CBPOL
1984-03-01,Australia,Australia hike 137bp to 14.25%,monetary policy,major,hike,136.99999999999991,AU,basis points,https://data.bis.org/topics/CBPOL
1984-03-01,Spain,Spain cut 112bp to 18.62%,monetary policy,major,cut,-112.5,ES,basis points,https://data.bis.org/topics/CBPOL
1984-03-01,United States,United States hike 79bp to 10.24%,monetary policy,major,hike,79.00000000000009,US,basis points,https://data.bis.org/topics/CBPOL
1984-03-01,Austria,Austria hike 75bp to 6.5%,monetary policy,major,hike,75.0,AT,basis points,https://data.bis.org/topics/CBPOL
1984-03-01,United Kingdom,United Kingdom cut 50bp to 8.56%,monetary policy,standard,cut,-50.0,GB,basis points,https://data.bis.org/topics/CBPOL
1984-04-01,United States,United States hike 66bp to 10.9%,monetary policy,standard,hike,66.00000000000001,US,basis points,https://data.bis.org/topics/CBPOL
1984-04-01,Canada,Canada hike 6bp to 10.84%,monetary policy,minor,hike,6.00000000000005,CA,basis points,https://data.bis.org/topics/CBPOL
1984-05-01,Canada,Canada hike 70bp to 11.54%,monetary policy,standard,hike,69.99999999999993,CA,basis points,https://data.bis.org/topics/CBPOL
1984-05-01,Australia,Australia cut 75bp to 13.5%,monetary policy,major,cut,-75.0,AU,basis points,https://data.bis.org/topics/CBPOL
1984-05-01,United States,United States cut 9bp to 10.81%,monetary policy,minor,cut,-8.999999999999986,US,basis points,https://data.bis.org/topics/CBPOL
1984-05-01,Spain,Spain cut 362bp to 15.0%,monetary policy,major,cut,-362.5,ES,basis points,https://data.bis.org/topics/CBPOL
1984-05-01,Italy,Italy cut 50bp to 15.5%,monetary policy,standard,cut,-50.0,IT,basis points,https://data.bis.org/topics/CBPOL
1984-05-01,United Kingdom,United Kingdom hike 50bp to 9.06%,monetary policy,standard,hike,50.0,GB,basis points,https://data.bis.org/topics/CBPOL
1984-05-01,France,France cut 25bp to 11.75%,monetary policy,standard,cut,-25.0,FR,basis points,https://data.bis.org/topics/CBPOL
1984-06-01,Canada,Canada hike 82bp to 12.36%,monetary policy,major,hike,82.00000000000003,CA,basis points,https://data.bis.org/topics/CBPOL
1984-06-01,Spain,Spain cut 200bp to 13.0%,monetary policy,major,cut,-200.0,ES,basis points,https://data.bis.org/topics/CBPOL
1984-06-01,Australia,Australia hike 113bp to 14.63%,monetary policy,major,hike,113.00000000000009,AU,basis points,https://data.bis.org/topics/CBPOL
1984-06-01,Sweden,Sweden hike 100bp to 9.5%,monetary policy,major,hike,100.0,SE,basis points,https://data.bis.org/topics/CBPOL
1984-06-01,France,France cut 25bp to 11.5%,monetary policy,standard,cut,-25.0,FR,basis points,https://data.bis.org/topics/CBPOL
1984-06-01,United Kingdom,United Kingdom cut 19bp to 8.88%,monetary policy,minor,cut,-18.75,GB,basis points,https://data.bis.org/topics/CBPOL
1984-06-01,United States,United States hike 4bp to 10.85%,monetary policy,minor,hike,3.9999999999999147,US,basis points,https://data.bis.org/topics/CBPOL
1984-07-01,Australia,Australia cut 275bp to 11.88%,monetary policy,major,cut,-275.0,AU,basis points,https://data.bis.org/topics/CBPOL
1984-07-01,France,France cut 25bp to 11.25%,monetary policy,standard,cut,-25.0,FR,basis points,https://data.bis.org/topics/CBPOL
1984-07-01,Canada,Canada hike 62bp to 12.98%,monetary policy,standard,hike,62.0000000000001,CA,basis points,https://data.bis.org/topics/CBPOL
1984-07-01,United Kingdom,United Kingdom hike 312bp to 12.0%,monetary policy,major,hike,312.5,GB,basis points,https://data.bis.org/topics/CBPOL
1984-07-01,United States,United States hike 98bp to 11.83%,monetary policy,major,hike,98.00000000000004,US,basis points,https://data.bis.org/topics/CBPOL
1984-07-01,South Africa,South Africa hike 100bp to 18.75%,monetary policy,major,hike,100.0,ZA,basis points,https://data.bis.org/topics/CBPOL
1984-08-01,Canada,Canada cut 60bp to 12.38%,monetary policy,standard,cut,-59.999999999999964,CA,basis points,https://data.bis.org/topics/CBPOL
1984-08-01,United Kingdom,United Kingdom cut 150bp to 10.5%,monetary policy,major,cut,-150.0,GB,basis points,https://data.bis.org/topics/CBPOL
1984-08-01,United States,United States cut 19bp to 11.64%,monetary policy,minor,cut,-18.99999999999995,US,basis points,https://data.bis.org/topics/CBPOL
1984-08-01,Australia,Australia hike 50bp to 12.38%,monetary policy,standard,hike,50.0,AU,basis points,https://data.bis.org/topics/CBPOL
1984-08-01,South Africa,South Africa hike 300bp to 21.75%,monetary policy,major,hike,300.0,ZA,basis points,https://data.bis.org/topics/CBPOL
1984-09-01,Canada,Canada cut 11bp to 12.27%,monetary policy,minor,cut,-11.00000000000012,CA,basis points,https://data.bis.org/topics/CBPOL
1984-09-01,France,France cut 25bp to 11.0%,monetary policy,standard,cut,-25.0,FR,basis points,https://data.bis.org/topics/CBPOL
1984-09-01,United States,United States cut 41bp to 11.23%,monetary policy,standard,cut,-41.000000000000014,US,basis points,https://data.bis.org/topics/CBPOL
1984-09-01,Australia,Australia cut 25bp to 12.13%,monetary policy,standard,cut,-25.0,AU,basis points,https://data.bis.org/topics/CBPOL
1984-09-01,Italy,Italy hike 100bp to 16.5%,monetary policy,major,hike,100.0,IT,basis points,https://data.bis.org/topics/CBPOL
1984-10-01,United States,United States cut 124bp to 9.99%,monetary policy,major,cut,-124.00000000000003,US,basis points,https://data.bis.org/topics/CBPOL
1984-10-01,Spain,Spain cut 150bp to 11.5%,monetary policy,major,cut,-150.0,ES,basis points,https://data.bis.org/topics/CBPOL
1984-10-01,Australia,Australia hike 62bp to 12.75%,monetary policy,standard,hike,61.99999999999992,AU,basis points,https://data.bis.org/topics/CBPOL
1984-10-01,Canada,Canada cut 56bp to 11.71%,monetary policy,standard,cut,-55.99999999999987,CA,basis points,https://data.bis.org/topics/CBPOL
1984-11-01,United Kingdom,United Kingdom cut 100bp to 9.5%,monetary policy,major,cut,-100.0,GB,basis points,https://data.bis.org/topics/CBPOL
1984-11-01,Spain,Spain hike 100bp to 12.5%,monetary policy,major,hike,100.0,ES,basis points,https://data.bis.org/topics/CBPOL
1984-11-01,United States,United States cut 107bp to 8.92%,monetary policy,major,cut,-107.00000000000003,US,basis points,https://data.bis.org/topics/CBPOL
1984-11-01,Canada,Canada cut 96bp to 10.75%,monetary policy,major,cut,-96.00000000000009,CA,basis points,https://data.bis.org/topics/CBPOL
1984-11-01,France,France cut 25bp to 10.75%,monetary policy,standard,cut,-25.0,FR,basis points,https://data.bis.org/topics/CBPOL
1984-11-01,South Africa,South Africa cut 100bp to 20.75%,monetary policy,major,cut,-100.0,ZA,basis points,https://data.bis.org/topics/CBPOL
1984-11-01,Australia,Australia cut 162bp to 11.13%,monetary policy,major,cut,-161.99999999999991,AU,basis points,https://data.bis.org/topics/CBPOL
1984-12-01,Australia,Australia hike 12bp to 11.25%,monetary policy,minor,hike,11.999999999999922,AU,basis points,https://data.bis.org/topics/CBPOL
1984-12-01,Canada,Canada cut 66bp to 10.09%,monetary policy,standard,cut,-66.00000000000001,CA,basis points,https://data.bis.org/topics/CBPOL
1984-12-01,United States,United States cut 18bp to 8.74%,monetary policy,minor,cut,-17.99999999999997,US,basis points,https://data.bis.org/topics/CBPOL
1985-01-01,Canada,Canada cut 34bp to 9.75%,monetary policy,standard,cut,-33.999999999999986,CA,basis points,https://data.bis.org/topics/CBPOL
1985-01-01,Germany,Germany cut 10bp to 5.4%,monetary policy,minor,cut,-9.999999999999964,DE,basis points,https://data.bis.org/topics/CBPOL
1985-01-01,France,France cut 25bp to 10.5%,monetary policy,standard,cut,-25.0,FR,basis points,https://data.bis.org/topics/CBPOL
1985-01-01,South Africa,South Africa hike 100bp to 21.75%,monetary policy,major,hike,100.0,ZA,basis points,https://data.bis.org/topics/CBPOL
1985-01-01,Australia,Australia hike 63bp to 11.88%,monetary policy,standard,hike,63.00000000000008,AU,basis points,https://data.bis.org/topics/CBPOL
1985-01-01,United Kingdom,United Kingdom hike 438bp to 13.88%,monetary policy,major,hike,437.5,GB,basis points,https://data.bis.org/topics/CBPOL
1985-01-01,Italy,Italy cut 100bp to 15.5%,monetary policy,major,cut,-100.0,IT,basis points,https://data.bis.org/topics/CBPOL
1985-02-01,Spain,Spain cut 25bp to 12.25%,monetary policy,standard,cut,-25.0,ES,basis points,https://data.bis.org/topics/CBPOL
1985-02-01,New Zealand,New Zealand hike 3860bp to 54.3%,monetary policy,major,hike,3859.9999999999995,NZ,basis points,https://data.bis.org/topics/CBPOL
1985-02-01,Netherlands,Netherlands hike 50bp to 6.0%,monetary policy,standard,hike,50.0,NL,basis points,https://data.bis.org/topics/CBPOL
1985-02-01,Australia,Australia hike 237bp to 14.25%,monetary policy,major,hike,236.99999999999991,AU,basis points,https://data.bis.org/topics/CBPOL
1985-02-01,Germany,Germany hike 30bp to 5.7%,monetary policy,standard,hike,29.999999999999982,DE,basis points,https://data.bis.org/topics/CBPOL
1985-02-01,Canada,Canada hike 177bp to 11.52%,monetary policy,major,hike,176.99999999999994,CA,basis points,https://data.bis.org/topics/CBPOL
1985-03-01,Canada,Canada cut 87bp to 10.65%,monetary policy,major,cut,-86.99999999999991,CA,basis points,https://data.bis.org/topics/CBPOL
1985-03-01,Australia,Australia cut 87bp to 13.38%,monetary policy,major,cut,-86.99999999999991,AU,basis points,https://data.bis.org/topics/CBPOL
1985-03-01,United Kingdom,United Kingdom cut 100bp to 12.88%,monetary policy,major,cut,-100.0,GB,basis points,https://data.bis.org/topics/CBPOL
1985-03-01,Spain,Spain hike 12bp to 12.38%,monetary policy,minor,hike,12.5,ES,basis points,https://data.bis.org/topics/CBPOL
1985-03-01,United States,United States cut 16bp to 8.58%,monetary policy,minor,cut,-16.000000000000014,US,basis points,https://data.bis.org/topics/CBPOL
1985-03-01,Germany,Germany hike 20bp to 5.9%,monetary policy,minor,hike,20.000000000000018,DE,basis points,https://data.bis.org/topics/CBPOL
1985-03-01,New Zealand,New Zealand cut 3280bp to 21.5%,monetary policy,major,cut,-3279.9999999999995,NZ,basis points,https://data.bis.org/topics/CBPOL
1985-04-01,New Zealand,New Zealand cut 250bp to 19.0%,monetary policy,major,cut,-250.0,NZ,basis points,https://data.bis.org/topics/CBPOL
1985-04-01,Australia,Australia hike 250bp to 15.88%,monetary policy,major,hike,250.0,AU,basis points,https://data.bis.org/topics/CBPOL
1985-04-01,Canada,Canada cut 63bp to 10.02%,monetary policy,standard,cut,-63.00000000000008,CA,basis points,https://data.bis.org/topics/CBPOL
1985-04-01,Spain,Spain hike 50bp to 12.88%,monetary policy,standard,hike,50.0,ES,basis points,https://data.bis.org/topics/CBPOL
1985-04-01,Germany,Germany cut 30bp to 5.6%,monetary policy,standard,cut,-30.00000000000007,DE,basis points,https://data.bis.org/topics/CBPOL
1985-04-01,United Kingdom,United Kingdom cut 50bp to 12.38%,monetary policy,standard,cut,-50.0,GB,basis points,https://data.bis.org/topics/CBPOL
1985-04-01,France,France cut 25bp to 10.25%,monetary policy,standard,cut,-25.0,FR,basis points,https://data.bis.org/topics/CBPOL
1985-05-01,Sweden,Sweden hike 200bp to 11.5%,monetary policy,major,hike,200.0,SE,basis points,https://data.bis.org/topics/CBPOL
1985-05-01,Austria,Austria cut 50bp to 6.0%,monetary policy,standard,cut,-50.0,AT,basis points,https://data.bis.org/topics/CBPOL
1985-05-01,United States,United States cut 94bp to 7.64%,monetary policy,major,cut,-94.00000000000004,US,basis points,https://data.bis.org/topics/CBPOL
1985-05-01,New Zealand,New Zealand hike 470bp to 23.7%,monetary policy,major,hike,469.99999999999994,NZ,basis points,https://data.bis.org/topics/CBPOL
1985-05-01,France,France cut 12bp to 10.12%,monetary policy,minor,cut,-12.5,FR,basis points,https://data.bis.org/topics/CBPOL
1985-05-01,Belgium,Belgium cut 150bp to 9.5%,monetary policy,major,cut,-150.0,BE,basis points,https://data.bis.org/topics/CBPOL
1985-05-01,Australia,Australia cut 100bp to 14.88%,monetary policy,major,cut,-100.0,AU,basis points,https://data.bis.org/topics/CBPOL
1985-05-01,South Africa,South Africa cut 200bp to 19.75%,monetary policy,major,cut,-200.0,ZA,basis points,https://data.bis.org/topics/CBPOL
1985-05-01,Canada,Canada cut 26bp to 9.76%,monetary policy,standard,cut,-25.99999999999998,CA,basis points,https://data.bis.org/topics/CBPOL
1985-05-01,Spain,Spain hike 6bp to 12.94%,monetary policy,minor,hike,6.300000000000061,ES,basis points,https://data.bis.org/topics/CBPOL
1985-05-01,Germany,Germany cut 5bp to 5.55%,monetary policy,minor,cut,-4.999999999999982,DE,basis points,https://data.bis.org/topics/CBPOL
1985-06-01,Spain,Spain hike 119bp to 14.12%,monetary policy,major,hike,118.69999999999993,ES,basis points,https://data.bis.org/topics/CBPOL
1985-06-01,Canada,Canada cut 18bp to 9.58%,monetary policy,minor,cut,-17.99999999999997,CA,basis points,https://data.bis.org/topics/CBPOL
1985-06-01,Belgium,Belgium cut 25bp to 9.25%,monetary policy,standard,cut,-25.0,BE,basis points,https://data.bis.org/topics/CBPOL
1985-06-01,Australia,Australia hike 487bp to 19.75%,monetary policy,major,hike,486.99999999999994,AU,basis points,https://data.bis.org/topics/CBPOL
1985-06-01,Germany,Germany cut 25bp to 5.3%,monetary policy,standard,cut,-25.0,DE,basis points,https://data.bis.org/topics/CBPOL
1985-06-01,New Zealand,New Zealand cut 250bp to 21.2%,monetary policy,major,cut,-250.0,NZ,basis points,https://data.bis.org/topics/CBPOL
1985-06-01,United States,United States hike 31bp to 7.95%,monetary policy,standard,hike,31.00000000000005,US,basis points,https://data.bis.org/topics/CBPOL
1985-06-01,South Africa,South Africa cut 100bp to 18.75%,monetary policy,major,cut,-100.0,ZA,basis points,https://data.bis.org/topics/CBPOL
1985-07-01,Canada,Canada cut 27bp to 9.31%,monetary policy,standard,cut,-26.999999999999957,CA,basis points,https://data.bis.org/topics/CBPOL
1985-07-01,Belgium,Belgium hike 25bp to 9.5%,monetary policy,standard,hike,25.0,BE,basis points,https://data.bis.org/topics/CBPOL
1985-07-01,Austria,Austria cut 50bp to 5.5%,monetary policy,standard,cut,-50.0,AT,basis points,https://data.bis.org/topics/CBPOL
1985-07-01,United Kingdom,United Kingdom cut 100bp to 11.38%,monetary policy,major,cut,-100.0,GB,basis points,https://data.bis.org/topics/CBPOL
1985-07-01,New Zealand,New Zealand hike 130bp to 22.5%,monetary policy,major,hike,130.00000000000006,NZ,basis points,https://data.bis.org/topics/CBPOL
1985-07-01,Sweden,Sweden cut 100bp to 10.5%,monetary policy,major,cut,-100.0,SE,basis points,https://data.bis.org/topics/CBPOL
1985-07-01,South Africa,South Africa cut 100bp to 17.75%,monetary policy,major,cut,-100.0,ZA,basis points,https://data.bis.org/topics/CBPOL
1985-07-01,Spain,Spain hike 12bp to 14.25%,monetary policy,minor,hike,12.5,ES,basis points,https://data.bis.org/topics/CBPOL
1985-07-01,France,France cut 50bp to 9.62%,monetary policy,standard,cut,-50.0,FR,basis points,https://data.bis.org/topics/CBPOL
1985-07-01,Australia,Australia cut 312bp to 16.63%,monetary policy,major,cut,-312.0000000000001,AU,basis points,https://data.bis.org/topics/CBPOL
1985-07-01,Germany,Germany cut 35bp to 4.95%,monetary policy,standard,cut,-34.999999999999964,DE,basis points,https://data.bis.org/topics/CBPOL
1985-07-01,United States,United States hike 66bp to 8.61%,monetary policy,standard,hike,65.99999999999993,US,basis points,https://data.bis.org/topics/CBPOL
1985-08-01,Netherlands,Netherlands cut 50bp to 5.5%,monetary policy,standard,cut,-50.0,NL,basis points,https://data.bis.org/topics/CBPOL
1985-08-01,Portugal,Portugal cut 200bp to 23.0%,monetary policy,major,cut,-200.0,PT,basis points,https://data.bis.org/topics/CBPOL
1985-08-01,Austria,Austria cut 50bp to 5.0%,monetary policy,standard,cut,-50.0,AT,basis points,https://data.bis.org/topics/CBPOL
1985-08-01,Germany,Germany cut 35bp to 4.6%,monetary policy,standard,cut,-35.00000000000006,DE,basis points,https://data.bis.org/topics/CBPOL
1985-08-01,Australia,Australia cut 50bp to 16.13%,monetary policy,standard,cut,-50.0,AU,basis points,https://data.bis.org/topics/CBPOL
1985-08-01,Belgium,Belgium hike 50bp to 10.0%,monetary policy,standard,hike,50.0,BE,basis points,https://data.bis.org/topics/CBPOL
1985-08-01,Spain,Spain cut 150bp to 12.75%,monetary policy,major,cut,-150.0,ES,basis points,https://data.bis.org/topics/CBPOL
1985-08-01,New Zealand,New Zealand hike 1950bp to 42.0%,monetary policy,major,hike,1950.0,NZ,basis points,https://data.bis.org/topics/CBPOL
1985-08-01,South Africa,South Africa cut 175bp to 16.0%,monetary policy,major,cut,-175.0,ZA,basis points,https://data.bis.org/topics/CBPOL
1985-08-01,United States,United States cut 81bp to 7.8%,monetary policy,major,cut,-80.99999999999996,US,basis points,https://data.bis.org/topics/CBPOL
1985-08-01,Canada,Canada cut 11bp to 9.2%,monetary policy,minor,cut,-11.00000000000012,CA,basis points,https://data.bis.org/topics/CBPOL
1985-09-01,Canada,Canada cut 20bp to 9.0%,monetary policy,minor,cut,-19.99999999999993,CA,basis points,https://data.bis.org/topics/CBPOL
1985-09-01,Spain,Spain cut 175bp to 11.0%,monetary policy,major,cut,-175.0,ES,basis points,https://data.bis.org/topics/CBPOL
1985-09-01,South Africa,South Africa cut 100bp to 15.0%,monetary policy,major,cut,-100.0,ZA,basis points,https://data.bis.org/topics/CBPOL
1985-09-01,New Zealand,New Zealand hike 800bp to 50.0%,monetary policy,major,hike,800.0,NZ,basis points,https://data.bis.org/topics/CBPOL
1985-09-01,Austria,Austria cut 25bp to 4.75%,monetary policy,standard,cut,-25.0,AT,basis points,https://data.bis.org/topics/CBPOL
1985-09-01,Australia,Australia hike 12bp to 16.25%,monetary policy,minor,hike,12.0000000000001,AU,basis points,https://data.bis.org/topics/CBPOL
1985-09-01,France,France cut 25bp to 9.38%,monetary policy,standard,cut,-25.0,FR,basis points,https://data.bis.org/topics/CBPOL
1985-09-01,Germany,Germany cut 5bp to 4.55%,monetary policy,minor,cut,-4.999999999999982,DE,basis points,https://data.bis.org/topics/CBPOL
1985-09-01,Belgium,Belgium cut 50bp to 9.5%,monetary policy,standard,cut,-50.0,BE,basis points,https://data.bis.org/topics/CBPOL
1985-09-01,United States,United States hike 104bp to 8.84%,monetary policy,major,hike,104.0,US,basis points,https://data.bis.org/topics/CBPOL
1985-10-01,Canada,Canada cut 22bp to 8.78%,monetary policy,minor,cut,-22.000000000000064,CA,basis points,https://data.bis.org/topics/CBPOL
1985-10-01,Australia,Australia hike 13bp to 16.38%,monetary policy,minor,hike,12.9999999999999,AU,basis points,https://data.bis.org/topics/CBPOL
1985-10-01,South Africa,South Africa cut 100bp to 14.0%,monetary policy,major,cut,-100.0,ZA,basis points,https://data.bis.org/topics/CBPOL
1985-10-01,New Zealand,New Zealand cut 2900bp to 21.0%,monetary policy,major,cut,-2900.0,NZ,basis points,https://data.bis.org/topics/CBPOL
1985-10-01,France,France cut 25bp to 9.12%,monetary policy,standard,cut,-25.0,FR,basis points,https://data.bis.org/topics/CBPOL
1985-10-01,Belgium,Belgium cut 50bp to 9.0%,monetary policy,standard,cut,-50.0,BE,basis points,https://data.bis.org/topics/CBPOL
1985-10-01,United States,United States cut 76bp to 8.08%,monetary policy,major,cut,-75.99999999999997,US,basis points,https://data.bis.org/topics/CBPOL
1985-11-01,Canada,Canada hike 32bp to 9.1%,monetary policy,standard,hike,32.00000000000003,CA,basis points,https://data.bis.org/topics/CBPOL
1985-11-01,South Africa,South Africa cut 100bp to 13.0%,monetary policy,major,cut,-100.0,ZA,basis points,https://data.bis.org/topics/CBPOL
1985-11-01,Portugal,Portugal cut 400bp to 19.0%,monetary policy,major,cut,-400.0,PT,basis points,https://data.bis.org/topics/CBPOL
1985-11-01,France,France cut 38bp to 8.75%,monetary policy,standard,cut,-37.5,FR,basis points,https://data.bis.org/topics/CBPOL
1985-11-01,Australia,Australia hike 237bp to 18.75%,monetary policy,major,hike,237.0000000000001,AU,basis points,https://data.bis.org/topics/CBPOL
1985-11-01,United States,United States hike 46bp to 8.54%,monetary policy,standard,hike,45.99999999999991,US,basis points,https://data.bis.org/topics/CBPOL
1985-11-01,New Zealand,New Zealand hike 150bp to 22.5%,monetary policy,major,hike,150.0,NZ,basis points,https://data.bis.org/topics/CBPOL
1985-11-01,Belgium,Belgium cut 25bp to 8.75%,monetary policy,standard,cut,-25.0,BE,basis points,https://data.bis.org/topics/CBPOL
1985-11-01,Spain,Spain cut 50bp to 10.5%,monetary policy,standard,cut,-50.0,ES,basis points,https://data.bis.org/topics/CBPOL
1985-11-01,Italy,Italy cut 50bp to 15.0%,monetary policy,standard,cut,-50.0,IT,basis points,https://data.bis.org/topics/CBPOL
1985-12-01,United States,United States cut 79bp to 7.75%,monetary policy,major,cut,-78.99999999999991,US,basis points,https://data.bis.org/topics/CBPOL
1985-12-01,Belgium,Belgium hike 100bp to 9.75%,monetary policy,major,hike,100.0,BE,basis points,https://data.bis.org/topics/CBPOL
1985-12-01,Canada,Canada hike 39bp to 9.49%,monetary policy,standard,hike,39.00000000000006,CA,basis points,https://data.bis.org/topics/CBPOL
1985-12-01,Australia,Australia hike 25bp to 19.0%,monetary policy,standard,hike,25.0,AU,basis points,https://data.bis.org/topics/CBPOL
1985-12-01,Germany,Germany hike 5bp to 4.6%,monetary policy,minor,hike,4.999999999999982,DE,basis points,https://data.bis.org/topics/CBPOL
1985-12-01,New Zealand,New Zealand cut 350bp to 19.0%,monetary policy,major,cut,-350.0,NZ,basis points,https://data.bis.org/topics/CBPOL
1986-01-01,New Zealand,New Zealand hike 100bp to 20.0%,monetary policy,major,hike,100.0,NZ,basis points,https://data.bis.org/topics/CBPOL
1986-01-01,United Kingdom,United Kingdom hike 100bp to 12.38%,monetary policy,major,hike,100.0,GB,basis points,https://data.bis.org/topics/CBPOL
1986-01-01,South Africa,South Africa cut 100bp to 12.0%,monetary policy,major,cut,-100.0,ZA,basis points,https://data.bis.org/topics/CBPOL
1986-01-01,Sweden,Sweden cut 100bp to 9.5%,monetary policy,major,cut,-100.0,SE,basis points,https://data.bis.org/topics/CBPOL
1986-01-01,Japan,Japan cut 50bp to 4.5%,monetary policy,standard,cut,-50.0,JP,basis points,https://data.bis.org/topics/CBPOL
1986-01-01,Australia,Australia cut 25bp to 18.75%,monetary policy,standard,cut,-25.0,AU,basis points,https://data.bis.org/topics/CBPOL
1986-01-01,Canada,Canada hike 131bp to 10.8%,monetary policy,major,hike,131.00000000000006,CA,basis points,https://data.bis.org/topics/CBPOL
1986-01-01,Germany,Germany cut 10bp to 4.5%,monetary policy,minor,cut,-9.999999999999964,DE,basis points,https://data.bis.org/topics/CBPOL
1986-02-01,Canada,Canada hike 100bp to 11.8%,monetary policy,major,hike,100.0,CA,basis points,https://data.bis.org/topics/CBPOL
1986-02-01,New Zealand,New Zealand hike 130bp to 21.3%,monetary policy,major,hike,130.00000000000006,NZ,basis points,https://data.bis.org/topics/CBPOL
1986-02-01,Philippines,Philippines cut 600bp to 6.0%,monetary policy,major,cut,-600.0,PH,basis points,https://data.bis.org/topics/CBPOL
1986-02-01,France,France cut 25bp to 8.5%,monetary policy,standard,cut,-25.0,FR,basis points,https://data.bis.org/topics/CBPOL
1986-02-01,Australia,Australia cut 175bp to 17.0%,monetary policy,major,cut,-175.0,AU,basis points,https://data.bis.org/topics/CBPOL
1986-03-01,United Kingdom,United Kingdom cut 100bp to 11.38%,monetary policy,major,cut,-100.0,GB,basis points,https://data.bis.org/topics/CBPOL
1986-03-01,Canada,Canada cut 136bp to 10.44%,monetary policy,major,cut,-136.0000000000001,CA,basis points,https://data.bis.org/topics/CBPOL
1986-03-01,United States,United States cut 50bp to 7.25%,monetary policy,standard,cut,-50.0,US,basis points,https://data.bis.org/topics/CBPOL
1986-03-01,Sweden,Sweden cut 100bp to 8.5%,monetary policy,major,cut,-100.0,SE,basis points,https://data.bis.org/topics/CBPOL
1986-03-01,Italy,Italy cut 100bp to 14.0%,monetary policy,major,cut,-100.0,IT,basis points,https://data.bis.org/topics/CBPOL
1986-03-01,Philippines,Philippines hike 900bp to 15.0%,monetary policy,major,hike,900.0,PH,basis points,https://data.bis.org/topics/CBPOL
1986-03-01,France,France cut 25bp to 8.25%,monetary policy,standard,cut,-25.0,FR,basis points,https://data.bis.org/topics/CBPOL
1986-03-01,Japan,Japan cut 50bp to 4.0%,monetary policy,standard,cut,-50.0,JP,basis points,https://data.bis.org/topics/CBPOL
1986-03-01,Netherlands,Netherlands cut 50bp to 5.0%,monetary policy,standard,cut,-50.0,NL,basis points,https://data.bis.org/topics/CBPOL
1986-03-01,New Zealand,New Zealand cut 30bp to 21.0%,monetary policy,standard,cut,-30.00000000000007,NZ,basis points,https://data.bis.org/topics/CBPOL
1986-03-01,Spain,Spain hike 100bp to 11.5%,monetary policy,major,hike,100.0,ES,basis points,https://data.bis.org/topics/CBPOL
1986-03-01,Australia,Australia cut 25bp to 16.75%,monetary policy,standard,cut,-25.0,AU,basis points,https://data.bis.org/topics/CBPOL
1986-03-01,Germany,Germany cut 20bp to 4.3%,monetary policy,minor,cut,-20.000000000000018,DE,basis points,https://data.bis.org/topics/CBPOL
1986-04-01,New Zealand,New Zealand cut 25bp to 20.75%,monetary policy,standard,cut,-25.0,NZ,basis points,https://data.bis.org/topics/CBPOL
1986-04-01,Germany,Germany hike 5bp to 4.35%,monetary policy,minor,hike,4.999999999999982,DE,basis points,https://data.bis.org/topics/CBPOL
1986-04-01,Italy,Italy cut 100bp to 13.0%,monetary policy,major,cut,-100.0,IT,basis points,https://data.bis.org/topics/CBPOL
1986-04-01,Australia,Australia cut 137bp to 15.38%,monetary policy,major,cut,-136.99999999999991,AU,basis points,https://data.bis.org/topics/CBPOL
1986-04-01,Japan,Japan cut 50bp to 3.5%,monetary policy,standard,cut,-50.0,JP,basis points,https://data.bis.org/topics/CBPOL
1986-04-01,France,France cut 75bp to 7.5%,monetary policy,major,cut,-75.0,FR,basis points,https://data.bis.org/topics/CBPOL
1986-04-01,Spain,Spain hike 50bp to 12.0%,monetary policy,standard,hike,50.0,ES,basis points,https://data.bis.org/topics/CBPOL
1986-04-01,United States,United States cut 50bp to 6.75%,monetary policy,standard,cut,-50.0,US,basis points,https://data.bis.org/topics/CBPOL
1986-04-01,Belgium,Belgium cut 100bp to 8.75%,monetary policy,major,cut,-100.0,BE,basis points,https://data.bis.org/topics/CBPOL
1986-04-01,Canada,Canada cut 117bp to 9.27%,monetary policy,major,cut,-117.0,CA,basis points,https://data.bis.org/topics/CBPOL
1986-04-01,United Kingdom,United Kingdom cut 100bp to 10.38%,monetary policy,major,cut,-100.0,GB,basis points,https://data.bis.org/topics/CBPOL
1986-04-01,Sweden,Sweden cut 50bp to 8.0%,monetary policy,standard,cut,-50.0,SE,basis points,https://data.bis.org/topics/CBPOL
1986-04-01,Portugal,Portugal cut 150bp to 17.5%,monetary policy,major,cut,-150.0,PT,basis points,https://data.bis.org/topics/CBPOL
1986-05-01,United Kingdom,United Kingdom cut 50bp to 9.88%,monetary policy,standard,cut,-50.0,GB,basis points,https://data.bis.org/topics/CBPOL
1986-05-01,Canada,Canada cut 69bp to 8.58%,monetary policy,standard,cut,-68.99999999999994,CA,basis points,https://data.bis.org/topics/CBPOL
1986-05-01,Philippines,Philippines cut 1000bp to 5.0%,monetary policy,major,cut,-1000.0,PH,basis points,https://data.bis.org/topics/CBPOL
1986-05-01,United States,United States hike 6bp to 6.81%,monetary policy,minor,hike,6.25,US,basis points,https://data.bis.org/topics/CBPOL
1986-05-01,Spain,Spain cut 25bp to 11.75%,monetary policy,standard,cut,-25.0,ES,basis points,https://data.bis.org/topics/CBPOL
1986-05-01,Italy,Italy cut 100bp to 12.0%,monetary policy,major,cut,-100.0,IT,basis points,https://data.bis.org/topics/CBPOL
1986-05-01,Belgium,Belgium cut 75bp to 8.0%,monetary policy,major,cut,-75.0,BE,basis points,https://data.bis.org/topics/CBPOL
1986-05-01,South Africa,South Africa cut 100bp to 11.0%,monetary policy,major,cut,-100.0,ZA,basis points,https://data.bis.org/topics/CBPOL
1986-05-01,Australia,Australia cut 63bp to 14.75%,monetary policy,standard,cut,-63.00000000000008,AU,basis points,https://data.bis.org/topics/CBPOL
1986-05-01,Norway,Norway hike 100bp to 14.0%,monetary policy,major,hike,100.0,NO,basis points,https://data.bis.org/topics/CBPOL
1986-05-01,France,France cut 25bp to 7.25%,monetary policy,standard,cut,-25.0,FR,basis points,https://data.bis.org/topics/CBPOL
1986-05-01,New Zealand,New Zealand cut 445bp to 16.3%,monetary policy,major,cut,-444.99999999999994,NZ,basis points,https://data.bis.org/topics/CBPOL
1986-06-01,New Zealand,New Zealand hike 45bp to 16.75%,monetary policy,standard,hike,44.99999999999993,NZ,basis points,https://data.bis.org/topics/CBPOL
1986-06-01,Philippines,Philippines hike 400bp to 9.0%,monetary policy,major,hike,400.0,PH,basis points,https://data.bis.org/topics/CBPOL
1986-06-01,Australia,Australia hike 425bp to 19.0%,monetary policy,major,hike,425.0,AU,basis points,https://data.bis.org/topics/CBPOL
1986-06-01,Spain,Spain hike 12bp to 11.88%,monetary policy,minor,hike,12.5,ES,basis points,https://data.bis.org/topics/CBPOL
1986-06-01,United States,United States hike 6bp to 6.88%,monetary policy,minor,hike,6.25,US,basis points,https://data.bis.org/topics/CBPOL
1986-06-01,Canada,Canada hike 26bp to 8.84%,monetary policy,standard,hike,25.99999999999998,CA,basis points,https://data.bis.org/topics/CBPOL
1986-06-01,Portugal,Portugal cut 150bp to 16.0%,monetary policy,major,cut,-150.0,PT,basis points,https://data.bis.org/topics/CBPOL
1986-06-01,France,France cut 25bp to 7.0%,monetary policy,standard,cut,-25.0,FR,basis points,https://data.bis.org/topics/CBPOL
1986-07-01,Spain,Spain hike 38bp to 12.25%,monetary policy,standard,hike,37.5,ES,basis points,https://data.bis.org/topics/CBPOL
1986-07-01,Australia,Australia cut 375bp to 15.25%,monetary policy,major,cut,-375.0,AU,basis points,https://data.bis.org/topics/CBPOL
1986-07-01,Canada,Canada cut 33bp to 8.51%,monetary policy,standard,cut,-33.00000000000001,CA,basis points,https://data.bis.org/topics/CBPOL
1986-07-01,Philippines,Philippines hike 300bp to 12.0%,monetary policy,major,hike,300.0,PH,basis points,https://data.bis.org/topics/CBPOL
1986-07-01,New Zealand,New Zealand cut 135bp to 15.4%,monetary policy,major,cut,-134.99999999999997,NZ,basis points,https://data.bis.org/topics/CBPOL
1986-07-01,United States,United States cut 50bp to 6.38%,monetary policy,standard,cut,-50.0,US,basis points,https://data.bis.org/topics/CBPOL
1986-07-01,Brazil,Brazil hike 682bp to 25.08%,monetary policy,major,hike,681.9999999999997,BR,basis points,https://data.bis.org/topics/CBPOL
1986-08-01,Canada,Canada hike 7bp to 8.58%,monetary policy,minor,hike,7.000000000000028,CA,basis points,https://data.bis.org/topics/CBPOL
1986-08-01,Australia,Australia hike 288bp to 18.13%,monetary policy,major,hike,287.9999999999999,AU,basis points,https://data.bis.org/topics/CBPOL
1986-08-01,United States,United States cut 50bp to 5.88%,monetary policy,standard,cut,-50.0,US,basis points,https://data.bis.org/topics/CBPOL
1986-08-01,South Africa,South Africa cut 50bp to 10.5%,monetary policy,standard,cut,-50.0,ZA,basis points,https://data.bis.org/topics/CBPOL
1986-08-01,New Zealand,New Zealand hike 10bp to 15.5%,monetary policy,minor,hike,9.999999999999964,NZ,basis points,https://data.bis.org/topics/CBPOL
1986-08-01,Philippines,Philippines cut 700bp to 5.0%,monetary policy,major,cut,-700.0,PH,basis points,https://data.bis.org/topics/CBPOL
1986-08-01,Brazil,Brazil hike 1479bp to 39.87%,monetary policy,major,hike,1479.0,BR,basis points,https://data.bis.org/topics/CBPOL
1986-09-01,Brazil,Brazil cut 9bp to 39.78%,monetary policy,minor,cut,-8.99999999999963,BR,basis points,https://data.bis.org/topics/CBPOL
1986-09-01,South Africa,South Africa cut 50bp to 10.0%,monetary policy,standard,cut,-50.0,ZA,basis points,https://data.bis.org/topics/CBPOL
1986-09-01,New Zealand,New Zealand hike 10bp to 15.6%,monetary policy,minor,hike,9.999999999999964,NZ,basis points,https://data.bis.org/topics/CBPOL
1986-09-01,Spain,Spain cut 50bp to 11.75%,monetary policy,standard,cut,-50.0,ES,basis points,https://data.bis.org/topics/CBPOL
1986-09-01,Sweden,Sweden cut 50bp to 7.5%,monetary policy,standard,cut,-50.0,SE,basis points,https://data.bis.org/topics/CBPOL
1986-09-01,Australia,Australia cut 50bp to 17.63%,monetary policy,standard,cut,-50.0,AU,basis points,https://data.bis.org/topics/CBPOL
1986-09-01,Canada,Canada hike 2bp to 8.6%,monetary policy,minor,hike,1.9999999999999574,CA,basis points,https://data.bis.org/topics/CBPOL
1986-09-01,Philippines,Philippines hike 100bp to 6.0%,monetary policy,major,hike,100.0,PH,basis points,https://data.bis.org/topics/CBPOL
1986-10-01,Canada,Canada cut 5bp to 8.55%,monetary policy,minor,cut,-4.999999999999893,CA,basis points,https://data.bis.org/topics/CBPOL
1986-10-01,Brazil,Brazil cut 1432bp to 25.46%,monetary policy,major,cut,-1432.0,BR,basis points,https://data.bis.org/topics/CBPOL
1986-10-01,Philippines,Philippines cut 100bp to 5.0%,monetary policy,major,cut,-100.0,PH,basis points,https://data.bis.org/topics/CBPOL
1986-10-01,Spain,Spain cut 12bp to 11.62%,monetary policy,minor,cut,-12.5,ES,basis points,https://data.bis.org/topics/CBPOL
1986-10-01,New Zealand,New Zealand hike 210bp to 17.7%,monetary policy,major,hike,209.99999999999997,NZ,basis points,https://data.bis.org/topics/CBPOL
1986-10-01,Australia,Australia cut 163bp to 16.0%,monetary policy,major,cut,-162.9999999999999,AU,basis points,https://data.bis.org/topics/CBPOL
1986-10-01,United Kingdom,United Kingdom hike 100bp to 10.88%,monetary policy,major,hike,100.0,GB,basis points,https://data.bis.org/topics/CBPOL
1986-11-01,Germany,Germany hike 5bp to 4.4%,monetary policy,minor,hike,5.000000000000071,DE,basis points,https://data.bis.org/topics/CBPOL
1986-11-01,Brazil,Brazil hike 1696bp to 42.42%,monetary policy,major,hike,1696.0,BR,basis points,https://data.bis.org/topics/CBPOL
1986-11-01,Philippines,Philippines hike 100bp to 6.0%,monetary policy,major,hike,100.0,PH,basis points,https://data.bis.org/topics/CBPOL
1986-11-01,Canada,Canada cut 6bp to 8.49%,monetary policy,minor,cut,-6.00000000000005,CA,basis points,https://data.bis.org/topics/CBPOL
1986-11-01,New Zealand,New Zealand hike 120bp to 18.9%,monetary policy,major,hike,119.99999999999993,NZ,basis points,https://data.bis.org/topics/CBPOL
1986-11-01,Japan,Japan cut 50bp to 3.0%,monetary policy,standard,cut,-50.0,JP,basis points,https://data.bis.org/topics/CBPOL
1986-12-01,Norway,Norway hike 80bp to 14.8%,monetary policy,major,hike,80.00000000000007,NO,basis points,https://data.bis.org/topics/CBPOL
1986-12-01,Spain,Spain hike 19bp to 11.81%,monetary policy,minor,hike,18.80000000000006,ES,basis points,https://data.bis.org/topics/CBPOL
1986-12-01,Brazil,Brazil hike 7314bp to 115.56%,monetary policy,major,hike,7314.0,BR,basis points,https://data.bis.org/topics/CBPOL
1986-12-01,France,France hike 25bp to 7.25%,monetary policy,standard,hike,25.0,FR,basis points,https://data.bis.org/topics/CBPOL
1986-12-01,Philippines,Philippines hike 900bp to 15.0%,monetary policy,major,hike,900.0,PH,basis points,https://data.bis.org/topics/CBPOL
1986-12-01,South Africa,South Africa cut 50bp to 9.5%,monetary policy,standard,cut,-50.0,ZA,basis points,https://data.bis.org/topics/CBPOL
1986-12-01,Germany,Germany hike 25bp to 4.65%,monetary policy,standard,hike,25.0,DE,basis points,https://data.bis.org/topics/CBPOL
1986-12-01,New Zealand,New Zealand hike 810bp to 27.0%,monetary policy,major,hike,810.0000000000001,NZ,basis points,https://data.bis.org/topics/CBPOL
1986-12-01,Australia,Australia cut 125bp to 14.75%,monetary policy,major,cut,-125.0,AU,basis points,https://data.bis.org/topics/CBPOL
1987-01-01,Norway,Norway cut 30bp to 14.5%,monetary policy,standard,cut,-30.00000000000007,NO,basis points,https://data.bis.org/topics/CBPOL
1987-01-01,Austria,Austria cut 25bp to 4.5%,monetary policy,standard,cut,-25.0,AT,basis points,https://data.bis.org/topics/CBPOL
1987-01-01,Philippines,Philippines cut 1000bp to 5.0%,monetary policy,major,cut,-1000.0,PH,basis points,https://data.bis.org/topics/CBPOL
1987-01-01,Switzerland,Switzerland cut 50bp to 3.5%,monetary policy,standard,cut,-50.0,CH,basis points,https://data.bis.org/topics/CBPOL
1987-01-01,Sweden,Sweden hike 120bp to 8.7%,monetary policy,major,hike,119.99999999999993,SE,basis points,https://data.bis.org/topics/CBPOL
1987-01-01,United States,United States hike 12bp to 6.0%,monetary policy,minor,hike,12.5,US,basis points,https://data.bis.org/topics/CBPOL
1987-01-01,Belgium,Belgium hike 50bp to 8.5%,monetary policy,standard,hike,50.0,BE,basis points,https://data.bis.org/topics/CBPOL
1987-01-01,France,France hike 75bp to 8.0%,monetary policy,major,hike,75.0,FR,basis points,https://data.bis.org/topics/CBPOL
1987-01-01,Spain,Spain hike 56bp to 12.38%,monetary policy,standard,hike,56.19999999999994,ES,basis points,https://data.bis.org/topics/CBPOL
1987-01-01,Portugal,Portugal cut 50bp to 15.5%,monetary policy,standard,cut,-50.0,PT,basis points,https://data.bis.org/topics/CBPOL
1987-01-01,New Zealand,New Zealand cut 75bp to 26.25%,monetary policy,major,cut,-75.0,NZ,basis points,https://data.bis.org/topics/CBPOL
1987-01-01,Australia,Australia hike 195bp to 16.7%,monetary policy,major,hike,194.99999999999994,AU,basis points,https://data.bis.org/topics/CBPOL
1987-01-01,Germany,Germany cut 5bp to 4.6%,monetary policy,minor,cut,-5.000000000000071,DE,basis points,https://data.bis.org/topics/CBPOL
1987-01-01,Canada,Canada cut 100bp to 7.49%,monetary policy,major,cut,-100.0,CA,basis points,https://data.bis.org/topics/CBPOL
1987-01-01,Brazil,Brazil hike 20558bp to 321.14%,monetary policy,major,hike,20558.0,BR,basis points,https://data.bis.org/topics/CBPOL
1987-02-01,New Zealand,New Zealand cut 150bp to 24.75%,monetary policy,major,cut,-150.0,NZ,basis points,https://data.bis.org/topics/CBPOL
1987-02-01,Sweden,Sweden hike 280bp to 11.5%,monetary policy,major,hike,280.00000000000006,SE,basis points,https://data.bis.org/topics/CBPOL
1987-02-01,Norway,Norway cut 70bp to 13.8%,monetary policy,standard,cut,-69.99999999999993,NO,basis points,https://data.bis.org/topics/CBPOL
1987-02-01,Japan,Japan cut 50bp to 2.5%,monetary policy,standard,cut,-50.0,JP,basis points,https://data.bis.org/topics/CBPOL
1987-02-01,Canada,Canada hike 4bp to 7.53%,monetary policy,minor,hike,4.0000000000000036,CA,basis points,https://data.bis.org/topics/CBPOL
1987-02-01,Spain,Spain hike 62bp to 13.0%,monetary policy,standard,hike,62.5,ES,basis points,https://data.bis.org/topics/CBPOL
1987-02-01,Philippines,Philippines hike 100bp to 6.0%,monetary policy,major,hike,100.0,PH,basis points,https://data.bis.org/topics/CBPOL
1987-02-01,Austria,Austria cut 25bp to 4.25%,monetary policy,standard,cut,-25.0,AT,basis points,https://data.bis.org/topics/CBPOL
1987-02-01,Germany,Germany cut 80bp to 3.8%,monetary policy,major,cut,-79.99999999999999,DE,basis points,https://data.bis.org/topics/CBPOL
1987-02-01,Australia,Australia cut 27bp to 16.43%,monetary policy,standard,cut,-26.999999999999957,AU,basis points,https://data.bis.org/topics/CBPOL
1987-02-01,Brazil,Brazil cut 2278bp to 298.36%,monetary policy,major,cut,-2277.9999999999973,BR,basis points,https://data.bis.org/topics/CBPOL
1987-03-01,Portugal,Portugal cut 50bp to 15.0%,monetary policy,standard,cut,-50.0,PT,basis points,https://data.bis.org/topics/CBPOL
1987-03-01,Belgium,Belgium cut 50bp to 8.0%,monetary policy,standard,cut,-50.0,BE,basis points,https://data.bis.org/topics/CBPOL
1987-03-01,Italy,Italy cut 50bp to 11.5%,monetary policy,standard,cut,-50.0,IT,basis points,https://data.bis.org/topics/CBPOL
1987-03-01,Austria,Austria cut 12bp to 4.13%,monetary policy,minor,cut,-12.00000000000001,AT,basis points,https://data.bis.org/topics/CBPOL
1987-03-01,Sweden,Sweden hike 23bp to 11.73%,monetary policy,minor,hike,23.000000000000043,SE,basis points,https://data.bis.org/topics/CBPOL
1987-03-01,Philippines,Philippines hike 200bp to 8.0%,monetary policy,major,hike,200.0,PH,basis points,https://data.bis.org/topics/CBPOL
1987-03-01,United Kingdom,United Kingdom cut 100bp to 9.88%,monetary policy,major,cut,-100.0,GB,basis points,https://data.bis.org/topics/CBPOL
1987-03-01,Australia,Australia cut 48bp to 15.95%,monetary policy,standard,cut,-48.00000000000004,AU,basis points,https://data.bis.org/topics/CBPOL
1987-03-01,Brazil,Brazil hike 2440bp to 322.76%,monetary policy,major,hike,2439.9999999999977,BR,basis points,https://data.bis.org/topics/CBPOL
1987-03-01,Canada,Canada cut 48bp to 7.05%,monetary policy,standard,cut,-48.00000000000004,CA,basis points,https://data.bis.org/topics/CBPOL
1987-03-01,France,France cut 25bp to 7.75%,monetary policy,standard,cut,-25.0,FR,basis points,https://data.bis.org/topics/CBPOL
1987-03-01,Spain,Spain hike 100bp to 14.0%,monetary policy,major,hike,100.0,ES,basis points,https://data.bis.org/topics/CBPOL
1987-03-01,New Zealand,New Zealand hike 925bp to 34.0%,monetary policy,major,hike,925.0,NZ,basis points,https://data.bis.org/topics/CBPOL
1987-04-01,Spain,Spain hike 288bp to 16.88%,monetary policy,major,hike,287.5,ES,basis points,https://data.bis.org/topics/CBPOL
1987-04-01,Brazil,Brazil hike 60401bp to 926.77%,monetary policy,major,hike,60401.0,BR,basis points,https://data.bis.org/topics/CBPOL
1987-04-01,Canada,Canada hike 128bp to 8.33%,monetary policy,major,hike,128.00000000000003,CA,basis points,https://data.bis.org/topics/CBPOL
1987-04-01,Philippines,Philippines cut 100bp to 7.0%,monetary policy,major,cut,-100.0,PH,basis points,https://data.bis.org/topics/CBPOL
1987-04-01,United States,United States hike 50bp to 6.5%,monetary policy,standard,hike,50.0,US,basis points,https://data.bis.org/topics/CBPOL
1987-04-01,Sweden,Sweden cut 323bp to 8.5%,monetary policy,major,cut,-323.00000000000006,SE,basis points,https://data.bis.org/topics/CBPOL
1987-04-01,New Zealand,New Zealand cut 620bp to 27.8%,monetary policy,major,cut,-619.9999999999999,NZ,basis points,https://data.bis.org/topics/CBPOL
1987-04-01,Australia,Australia cut 175bp to 14.2%,monetary policy,major,cut,-175.0,AU,basis points,https://data.bis.org/topics/CBPOL
1987-04-01,United Kingdom,United Kingdom cut 50bp to 9.38%,monetary policy,standard,cut,-50.0,GB,basis points,https://data.bis.org/topics/CBPOL
1987-05-01,Belgium,Belgium cut 25bp to 7.75%,monetary policy,standard,cut,-25.0,BE,basis points,https://data.bis.org/topics/CBPOL
1987-05-01,Australia,Australia cut 82bp to 13.38%,monetary policy,major,cut,-81.99999999999986,AU,basis points,https://data.bis.org/topics/CBPOL
1987-05-01,Sweden,Sweden hike 24bp to 8.74%,monetary policy,minor,hike,24.00000000000002,SE,basis points,https://data.bis.org/topics/CBPOL
1987-05-01,Brazil,Brazil hike 40385bp to 1330.62%,monetary policy,major,hike,40384.99999999999,BR,basis points,https://data.bis.org/topics/CBPOL
1987-05-01,United Kingdom,United Kingdom cut 50bp to 8.88%,monetary policy,standard,cut,-50.0,GB,basis points,https://data.bis.org/topics/CBPOL
1987-05-01,Austria,Austria cut 25bp to 3.88%,monetary policy,standard,cut,-25.0,AT,basis points,https://data.bis.org/topics/CBPOL
1987-05-01,Canada,Canada hike 11bp to 8.44%,monetary policy,minor,hike,10.999999999999943,CA,basis points,https://data.bis.org/topics/CBPOL
1987-05-01,Spain,Spain hike 225bp to 19.12%,monetary policy,major,hike,225.0,ES,basis points,https://data.bis.org/topics/CBPOL
1987-05-01,New Zealand,New Zealand cut 695bp to 20.85%,monetary policy,major,cut,-694.9999999999999,NZ,basis points,https://data.bis.org/topics/CBPOL
1987-05-01,Germany,Germany cut 25bp to 3.55%,monetary policy,standard,cut,-25.0,DE,basis points,https://data.bis.org/topics/CBPOL
1987-05-01,United States,United States hike 25bp to 6.75%,monetary policy,standard,hike,25.0,US,basis points,https://data.bis.org/topics/CBPOL
1987-05-01,Philippines,Philippines cut 200bp to 5.0%,monetary policy,major,cut,-200.0,PH,basis points,https://data.bis.org/topics/CBPOL
1987-06-01,Canada,Canada hike 10bp to 8.54%,monetary policy,minor,hike,9.999999999999964,CA,basis points,https://data.bis.org/topics/CBPOL
1987-06-01,France,France cut 25bp to 7.5%,monetary policy,standard,cut,-25.0,FR,basis points,https://data.bis.org/topics/CBPOL
1987-06-01,Sweden,Sweden cut 84bp to 7.9%,monetary policy,major,cut,-83.99999999999999,SE,basis points,https://data.bis.org/topics/CBPOL
1987-06-01,New Zealand,New Zealand cut 135bp to 19.5%,monetary policy,major,cut,-135.00000000000014,NZ,basis points,https://data.bis.org/topics/CBPOL
1987-06-01,Brazil,Brazil cut 108789bp to 242.73%,monetary policy,major,cut,-108788.99999999999,BR,basis points,https://data.bis.org/topics/CBPOL
1987-06-01,Australia,Australia hike 87bp to 14.25%,monetary policy,major,hike,86.99999999999991,AU,basis points,https://data.bis.org/topics/CBPOL
1987-06-01,Belgium,Belgium cut 25bp to 7.5%,monetary policy,standard,cut,-25.0,BE,basis points,https://data.bis.org/topics/CBPOL
1987-07-01,Spain,Spain cut 62bp to 18.5%,monetary policy,standard,cut,-62.5,ES,basis points,https://data.bis.org/topics/CBPOL
1987-07-01,United States,United States cut 12bp to 6.62%,monetary policy,minor,cut,-12.5,US,basis points,https://data.bis.org/topics/CBPOL
1987-07-01,New Zealand,New Zealand cut 50bp to 19.0%,monetary policy,standard,cut,-50.0,NZ,basis points,https://data.bis.org/topics/CBPOL
1987-07-01,Brazil,Brazil cut 10760bp to 135.13%,monetary policy,major,cut,-10760.0,BR,basis points,https://data.bis.org/topics/CBPOL
1987-07-01,Germany,Germany hike 5bp to 3.6%,monetary policy,minor,hike,5.000000000000027,DE,basis points,https://data.bis.org/topics/CBPOL
1987-07-01,Canada,Canada hike 68bp to 9.22%,monetary policy,standard,hike,68.00000000000014,CA,basis points,https://data.bis.org/topics/CBPOL
1987-07-01,Australia,Australia cut 175bp to 12.5%,monetary policy,major,cut,-175.0,AU,basis points,https://data.bis.org/topics/CBPOL
1987-07-01,Belgium,Belgium cut 25bp to 7.25%,monetary policy,standard,cut,-25.0,BE,basis points,https://data.bis.org/topics/CBPOL
1987-07-01,Sweden,Sweden hike 62bp to 8.52%,monetary policy,standard,hike,61.99999999999992,SE,basis points,https://data.bis.org/topics/CBPOL
1987-08-01,Philippines,Philippines hike 325bp to 8.25%,monetary policy,major,hike,325.0,PH,basis points,https://data.bis.org/topics/CBPOL
1987-08-01,Australia,Australia cut 45bp to 12.05%,monetary policy,standard,cut,-44.99999999999993,AU,basis points,https://data.bis.org/topics/CBPOL
1987-08-01,Sweden,Sweden cut 33bp to 8.19%,monetary policy,standard,cut,-33.00000000000001,SE,basis points,https://data.bis.org/topics/CBPOL
1987-08-01,New Zealand,New Zealand cut 150bp to 17.5%,monetary policy,major,cut,-150.0,NZ,basis points,https://data.bis.org/topics/CBPOL
1987-08-01,United Kingdom,United Kingdom hike 100bp to 9.88%,monetary policy,major,hike,100.0,GB,basis points,https://data.bis.org/topics/CBPOL
1987-08-01,United States,United States hike 12bp to 6.75%,monetary policy,minor,hike,12.5,US,basis points,https://data.bis.org/topics/CBPOL
1987-08-01,Canada,Canada hike 2bp to 9.24%,monetary policy,minor,hike,1.9999999999999574,CA,basis points,https://data.bis.org/topics/CBPOL
1987-08-01,Brazil,Brazil hike 6610bp to 201.23%,monetary policy,major,hike,6609.999999999999,BR,basis points,https://data.bis.org/topics/CBPOL
1987-08-01,Spain,Spain cut 112bp to 17.38%,monetary policy,major,cut,-112.5,ES,basis points,https://data.bis.org/topics/CBPOL
1987-08-01,Italy,Italy hike 50bp to 12.0%,monetary policy,standard,hike,50.0,IT,basis points,https://data.bis.org/topics/CBPOL
1987-09-01,Canada,Canada hike 33bp to 9.57%,monetary policy,standard,hike,33.00000000000001,CA,basis points,https://data.bis.org/topics/CBPOL
1987-09-01,Sweden,Sweden hike 45bp to 8.64%,monetary policy,standard,hike,45.00000000000011,SE,basis points,https://data.bis.org/topics/CBPOL
1987-09-01,Germany,Germany hike 5bp to 3.65%,monetary policy,minor,hike,4.999999999999982,DE,basis points,https://data.bis.org/topics/CBPOL
1987-09-01,Australia,Australia cut 42bp to 11.63%,monetary policy,standard,cut,-41.99999999999999,AU,basis points,https://data.bis.org/topics/CBPOL
1987-09-01,United States,United States hike 56bp to 7.31%,monetary policy,standard,hike,56.25,US,basis points,https://data.bis.org/topics/CBPOL
1987-09-01,Brazil,Brazil cut 7596bp to 125.27%,monetary policy,major,cut,-7595.999999999999,BR,basis points,https://data.bis.org/topics/CBPOL
1987-09-01,Philippines,Philippines cut 325bp to 5.0%,monetary policy,major,cut,-325.0,PH,basis points,https://data.bis.org/topics/CBPOL
1987-10-01,Portugal,Portugal cut 50bp to 14.5%,monetary policy,standard,cut,-50.0,PT,basis points,https://data.bis.org/topics/CBPOL
1987-10-01,United Kingdom,United Kingdom cut 50bp to 9.38%,monetary policy,standard,cut,-50.0,GB,basis points,https://data.bis.org/topics/CBPOL
1987-10-01,Spain,Spain cut 250bp to 14.88%,monetary policy,major,cut,-250.0,ES,basis points,https://data.bis.org/topics/CBPOL
1987-10-01,Germany,Germany hike 15bp to 3.8%,monetary policy,minor,hike,14.999999999999991,DE,basis points,https://data.bis.org/topics/CBPOL
1987-10-01,New Zealand,New Zealand hike 365bp to 21.15%,monetary policy,major,hike,364.9999999999999,NZ,basis points,https://data.bis.org/topics/CBPOL
1987-10-01,Brazil,Brazil hike 11906bp to 244.33%,monetary policy,major,hike,11906.000000000002,BR,basis points,https://data.bis.org/topics/CBPOL
1987-10-01,Australia,Australia hike 62bp to 12.25%,monetary policy,standard,hike,61.99999999999992,AU,basis points,https://data.bis.org/topics/CBPOL
1987-10-01,Canada,Canada cut 148bp to 8.09%,monetary policy,major,cut,-148.00000000000006,CA,basis points,https://data.bis.org/topics/CBPOL
1987-10-01,Philippines,Philippines hike 800bp to 13.0%,monetary policy,major,hike,800.0,PH,basis points,https://data.bis.org/topics/CBPOL
1987-11-01,New Zealand,New Zealand cut 438bp to 16.77%,monetary policy,major,cut,-437.9999999999999,NZ,basis points,https://data.bis.org/topics/CBPOL
1987-11-01,Germany,Germany cut 55bp to 3.25%,monetary policy,standard,cut,-54.999999999999986,DE,basis points,https://data.bis.org/topics/CBPOL
1987-11-01,Spain,Spain cut 38bp to 14.5%,monetary policy,standard,cut,-37.5,ES,basis points,https://data.bis.org/topics/CBPOL
1987-11-01,France,France hike 50bp to 8.0%,monetary policy,standard,hike,50.0,FR,basis points,https://data.bis.org/topics/CBPOL
1987-11-01,Netherlands,Netherlands cut 50bp to 4.5%,monetary policy,standard,cut,-50.0,NL,basis points,https://data.bis.org/topics/CBPOL
1987-11-01,Philippines,Philippines cut 100bp to 12.0%,monetary policy,major,cut,-100.0,PH,basis points,https://data.bis.org/topics/CBPOL
1987-11-01,Canada,Canada hike 47bp to 8.56%,monetary policy,standard,hike,47.000000000000064,CA,basis points,https://data.bis.org/topics/CBPOL
1987-11-01,Austria,Austria cut 25bp to 3.63%,monetary policy,standard,cut,-25.0,AT,basis points,https://data.bis.org/topics/CBPOL
1987-11-01,Brazil,Brazil hike 22659bp to 470.92%,monetary policy,major,hike,22659.0,BR,basis points,https://data.bis.org/topics/CBPOL
1987-11-01,United States,United States cut 50bp to 6.81%,monetary policy,standard,cut,-50.0,US,basis points,https://data.bis.org/topics/CBPOL
1987-11-01,Australia,Australia cut 50bp to 11.75%,monetary policy,standard,cut,-50.0,AU,basis points,https://data.bis.org/topics/CBPOL
1987-11-01,Switzerland,Switzerland cut 50bp to 3.0%,monetary policy,standard,cut,-50.0,CH,basis points,https://data.bis.org/topics/CBPOL
1987-11-01,Sweden,Sweden hike 3bp to 8.67%,monetary policy,minor,hike,2.999999999999936,SE,basis points,https://data.bis.org/topics/CBPOL
1987-11-01,United Kingdom,United Kingdom cut 50bp to 8.88%,monetary policy,standard,cut,-50.0,GB,basis points,https://data.bis.org/topics/CBPOL
1987-12-01,Canada,Canada hike 10bp to 8.66%,monetary policy,minor,hike,9.999999999999964,CA,basis points,https://data.bis.org/topics/CBPOL
1987-12-01,Sweden,Sweden cut 47bp to 8.2%,monetary policy,standard,cut,-47.000000000000064,SE,basis points,https://data.bis.org/topics/CBPOL
1987-12-01,United Kingdom,United Kingdom cut 50bp to 8.38%,monetary policy,standard,cut,-50.0,GB,basis points,https://data.bis.org/topics/CBPOL
1987-12-01,Switzerland,Switzerland cut 50bp to 2.5%,monetary policy,standard,cut,-50.0,CH,basis points,https://data.bis.org/topics/CBPOL
1987-12-01,France,France cut 25bp to 7.75%,monetary policy,standard,cut,-25.0,FR,basis points,https://data.bis.org/topics/CBPOL
1987-12-01,Netherlands,Netherlands cut 25bp to 4.25%,monetary policy,standard,cut,-25.0,NL,basis points,https://data.bis.org/topics/CBPOL
1987-12-01,New Zealand,New Zealand cut 102bp to 15.75%,monetary policy,major,cut,-101.99999999999996,NZ,basis points,https://data.bis.org/topics/CBPOL
1987-12-01,Spain,Spain cut 100bp to 13.5%,monetary policy,major,cut,-100.0,ES,basis points,https://data.bis.org/topics/CBPOL
1987-12-01,Brazil,Brazil cut 12883bp to 342.09%,monetary policy,major,cut,-12883.000000000004,BR,basis points,https://data.bis.org/topics/CBPOL
1987-12-01,Belgium,Belgium cut 25bp to 7.0%,monetary policy,standard,cut,-25.0,BE,basis points,https://data.bis.org/topics/CBPOL
1987-12-01,Philippines,Philippines cut 300bp to 9.0%,monetary policy,major,cut,-300.0,PH,basis points,https://data.bis.org/topics/CBPOL
1987-12-01,Australia,Australia cut 50bp to 11.25%,monetary policy,standard,cut,-50.0,AU,basis points,https://data.bis.org/topics/CBPOL
1988-01-01,Netherlands,Netherlands cut 50bp to 3.75%,monetary policy,standard,cut,-50.0,NL,basis points,https://data.bis.org/topics/CBPOL
1988-01-01,Spain,Spain cut 100bp to 12.5%,monetary policy,major,cut,-100.0,ES,basis points,https://data.bis.org/topics/CBPOL
1988-01-01,Greece,Greece cut 150bp to 19.0%,monetary policy,major,cut,-150.0,GR,basis points,https://data.bis.org/topics/CBPOL
1988-01-01,United States,United States cut 19bp to 6.62%,monetary policy,minor,cut,-18.75,US,basis points,https://data.bis.org/topics/CBPOL
1988-01-01,Hungary,Hungary hike 150bp to 12.0%,monetary policy,major,hike,150.0,HU,basis points,https://data.bis.org/topics/CBPOL
1988-01-01,Belgium,Belgium cut 25bp to 6.75%,monetary policy,standard,cut,-25.0,BE,basis points,https://data.bis.org/topics/CBPOL
1988-01-01,Canada,Canada cut 4bp to 8.62%,monetary policy,minor,cut,-4.000000000000092,CA,basis points,https://data.bis.org/topics/CBPOL
1988-01-01,Brazil,Brazil hike 54900bp to 891.09%,monetary policy,major,hike,54900.0,BR,basis points,https://data.bis.org/topics/CBPOL
1988-01-01,New Zealand,New Zealand hike 75bp to 16.5%,monetary policy,major,hike,75.0,NZ,basis points,https://data.bis.org/topics/CBPOL
1988-01-01,Australia,Australia cut 55bp to 10.7%,monetary policy,standard,cut,-55.00000000000007,AU,basis points,https://data.bis.org/topics/CBPOL
1988-01-01,France,France cut 50bp to 7.25%,monetary policy,standard,cut,-50.0,FR,basis points,https://data.bis.org/topics/CBPOL
1988-02-01,Sweden,Sweden hike 85bp to 9.05%,monetary policy,major,hike,85.00000000000014,SE,basis points,https://data.bis.org/topics/CBPOL
1988-02-01,Australia,Australia hike 3bp to 10.73%,monetary policy,minor,hike,3.0000000000001137,AU,basis points,https://data.bis.org/topics/CBPOL
1988-02-01,United Kingdom,United Kingdom hike 50bp to 8.88%,monetary policy,standard,hike,50.0,GB,basis points,https://data.bis.org/topics/CBPOL
1988-02-01,Canada,Canada cut 5bp to 8.57%,monetary policy,minor,cut,-4.999999999999893,CA,basis points,https://data.bis.org/topics/CBPOL
1988-02-01,United States,United States cut 12bp to 6.5%,monetary policy,minor,cut,-12.5,US,basis points,https://data.bis.org/topics/CBPOL
1988-02-01,Philippines,Philippines cut 400bp to 5.0%,monetary policy,major,cut,-400.0,PH,basis points,https://data.bis.org/topics/CBPOL
1988-02-01,New Zealand,New Zealand hike 28bp to 16.78%,monetary policy,standard,hike,28.000000000000114,NZ,basis points,https://data.bis.org/topics/CBPOL
1988-02-01,Spain,Spain cut 100bp to 11.5%,monetary policy,major,cut,-100.0,ES,basis points,https://data.bis.org/topics/CBPOL
1988-02-01,Brazil,Brazil hike 5812bp to 949.21%,monetary policy,major,hike,5812.0,BR,basis points,https://data.bis.org/topics/CBPOL
1988-02-01,Portugal,Portugal cut 50bp to 14.0%,monetary policy,standard,cut,-50.0,PT,basis points,https://data.bis.org/topics/CBPOL
1988-03-01,New Zealand,New Zealand hike 247bp to 19.25%,monetary policy,major,hike,246.9999999999999,NZ,basis points,https://data.bis.org/topics/CBPOL
1988-03-01,Sweden,Sweden hike 22bp to 9.27%,monetary policy,minor,hike,21.999999999999886,SE,basis points,https://data.bis.org/topics/CBPOL
1988-03-01,United Kingdom,United Kingdom cut 50bp to 8.38%,monetary policy,standard,cut,-50.0,GB,basis points,https://data.bis.org/topics/CBPOL
1988-03-01,Canada,Canada hike 21bp to 8.78%,monetary policy,minor,hike,20.999999999999908,CA,basis points,https://data.bis.org/topics/CBPOL
1988-03-01,United States,United States hike 25bp to 6.75%,monetary policy,standard,hike,25.0,US,basis points,https://data.bis.org/topics/CBPOL
1988-03-01,Brazil,Brazil cut 43635bp to 512.86%,monetary policy,major,cut,-43635.0,BR,basis points,https://data.bis.org/topics/CBPOL
1988-03-01,South Africa,South Africa hike 100bp to 10.5%,monetary policy,major,hike,100.0,ZA,basis points,https://data.bis.org/topics/CBPOL
1988-03-01,Spain,Spain cut 50bp to 11.0%,monetary policy,standard,cut,-50.0,ES,basis points,https://data.bis.org/topics/CBPOL
1988-03-01,Belgium,Belgium cut 25bp to 6.5%,monetary policy,standard,cut,-25.0,BE,basis points,https://data.bis.org/topics/CBPOL
1988-03-01,Australia,Australia cut 3bp to 10.7%,monetary policy,minor,cut,-3.0000000000001137,AU,basis points,https://data.bis.org/topics/CBPOL
1988-04-01,United Kingdom,United Kingdom cut 50bp to 7.88%,monetary policy,standard,cut,-50.0,GB,basis points,https://data.bis.org/topics/CBPOL
1988-04-01,Australia,Australia hike 23bp to 10.93%,monetary policy,minor,hike,23.000000000000043,AU,basis points,https://data.bis.org/topics/CBPOL
1988-04-01,Canada,Canada hike 34bp to 9.12%,monetary policy,standard,hike,33.999999999999986,CA,basis points,https://data.bis.org/topics/CBPOL
1988-04-01,Brazil,Brazil hike 34969bp to 862.55%,monetary policy,major,hike,34968.99999999999,BR,basis points,https://data.bis.org/topics/CBPOL
1988-04-01,New Zealand,New Zealand hike 322bp to 22.47%,monetary policy,major,hike,321.9999999999999,NZ,basis points,https://data.bis.org/topics/CBPOL
1988-05-01,United States,United States hike 50bp to 7.25%,monetary policy,standard,hike,50.0,US,basis points,https://data.bis.org/topics/CBPOL
1988-05-01,Norway,Norway cut 50bp to 13.3%,monetary policy,standard,cut,-50.0,NO,basis points,https://data.bis.org/topics/CBPOL
1988-05-01,New Zealand,New Zealand cut 976bp to 12.71%,monetary policy,major,cut,-975.9999999999998,NZ,basis points,https://data.bis.org/topics/CBPOL
1988-05-01,Australia,Australia hike 182bp to 12.75%,monetary policy,major,hike,182.00000000000003,AU,basis points,https://data.bis.org/topics/CBPOL
1988-05-01,South Africa,South Africa hike 100bp to 11.5%,monetary policy,major,hike,100.0,ZA,basis points,https://data.bis.org/topics/CBPOL
1988-05-01,United Kingdom,United Kingdom cut 50bp to 7.38%,monetary policy,standard,cut,-50.0,GB,basis points,https://data.bis.org/topics/CBPOL
1988-05-01,Spain,Spain cut 50bp to 10.5%,monetary policy,standard,cut,-50.0,ES,basis points,https://data.bis.org/topics/CBPOL
1988-05-01,Philippines,Philippines hike 200bp to 7.0%,monetary policy,major,hike,200.0,PH,basis points,https://data.bis.org/topics/CBPOL
1988-05-01,Sweden,Sweden hike 73bp to 10.0%,monetary policy,standard,hike,73.00000000000004,SE,basis points,https://data.bis.org/topics/CBPOL
1988-05-01,Portugal,Portugal cut 50bp to 13.5%,monetary policy,standard,cut,-50.0,PT,basis points,https://data.bis.org/topics/CBPOL
1988-05-01,Brazil,Brazil cut 26408bp to 598.47%,monetary policy,major,cut,-26407.999999999993,BR,basis points,https://data.bis.org/topics/CBPOL
1988-05-01,Canada,Canada hike 5bp to 9.17%,monetary policy,minor,hike,5.000000000000071,CA,basis points,https://data.bis.org/topics/CBPOL
1988-05-01,France,France cut 25bp to 7.0%,monetary policy,standard,cut,-25.0,FR,basis points,https://data.bis.org/topics/CBPOL
1988-06-01,New Zealand,New Zealand hike 260bp to 15.31%,monetary policy,major,hike,259.99999999999994,NZ,basis points,https://data.bis.org/topics/CBPOL
1988-06-01,United States,United States hike 19bp to 7.44%,monetary policy,minor,hike,18.75,US,basis points,https://data.bis.org/topics/CBPOL
1988-06-01,United Kingdom,United Kingdom hike 150bp to 8.88%,monetary policy,major,hike,150.0,GB,basis points,https://data.bis.org/topics/CBPOL
1988-06-01,Norway,Norway cut 50bp to 12.8%,monetary policy,standard,cut,-50.0,NO,basis points,https://data.bis.org/topics/CBPOL
1988-06-01,Australia,Australia hike 50bp to 13.25%,monetary policy,standard,hike,50.0,AU,basis points,https://data.bis.org/topics/CBPOL
1988-06-01,Germany,Germany hike 25bp to 3.5%,monetary policy,standard,hike,25.0,DE,basis points,https://data.bis.org/topics/CBPOL
1988-06-01,Philippines,Philippines hike 300bp to 10.0%,monetary policy,major,hike,300.0,PH,basis points,https://data.bis.org/topics/CBPOL
1988-06-01,Austria,Austria hike 25bp to 3.88%,monetary policy,standard,hike,25.0,AT,basis points,https://data.bis.org/topics/CBPOL
1988-06-01,Brazil,Brazil hike 19014bp to 788.61%,monetary policy,major,hike,19014.0,BR,basis points,https://data.bis.org/topics/CBPOL
1988-06-01,Canada,Canada hike 27bp to 9.44%,monetary policy,standard,hike,26.999999999999957,CA,basis points,https://data.bis.org/topics/CBPOL
1988-07-01,United Kingdom,United Kingdom hike 150bp to 10.38%,monetary policy,major,hike,150.0,GB,basis points,https://data.bis.org/topics/CBPOL
1988-07-01,Austria,Austria hike 50bp to 4.38%,monetary policy,standard,hike,50.0,AT,basis points,https://data.bis.org/topics/CBPOL
1988-07-01,Netherlands,Netherlands hike 75bp to 4.5%,monetary policy,major,hike,75.0,NL,basis points,https://data.bis.org/topics/CBPOL
1988-07-01,Australia,Australia cut 75bp to 12.5%,monetary policy,major,cut,-75.0,AU,basis points,https://data.bis.org/topics/CBPOL
1988-07-01,United States,United States hike 25bp to 7.69%,monetary policy,standard,hike,25.0,US,basis points,https://data.bis.org/topics/CBPOL
1988-07-01,Canada,Canada hike 10bp to 9.54%,monetary policy,minor,hike,9.999999999999964,CA,basis points,https://data.bis.org/topics/CBPOL
1988-07-01,New Zealand,New Zealand hike 186bp to 17.17%,monetary policy,major,hike,186.0000000000001,NZ,basis points,https://data.bis.org/topics/CBPOL
1988-07-01,Germany,Germany hike 50bp to 4.0%,monetary policy,standard,hike,50.0,DE,basis points,https://data.bis.org/topics/CBPOL
1988-07-01,Belgium,Belgium hike 50bp to 7.0%,monetary policy,standard,hike,50.0,BE,basis points,https://data.bis.org/topics/CBPOL
1988-07-01,Philippines,Philippines cut 500bp to 5.0%,monetary policy,major,cut,-500.0,PH,basis points,https://data.bis.org/topics/CBPOL
1988-07-01,France,France cut 25bp to 6.75%,monetary policy,standard,cut,-25.0,FR,basis points,https://data.bis.org/topics/CBPOL
1988-07-01,Brazil,Brazil hike 179472bp to 2583.33%,monetary policy,major,hike,179471.99999999997,BR,basis points,https://data.bis.org/topics/CBPOL
1988-07-01,South Africa,South Africa hike 100bp to 12.5%,monetary policy,major,hike,100.0,ZA,basis points,https://data.bis.org/topics/CBPOL
1988-08-01,United States,United States hike 44bp to 8.12%,monetary policy,standard,hike,43.75,US,basis points,https://data.bis.org/topics/CBPOL
1988-08-01,Germany,Germany hike 25bp to 4.25%,monetary policy,standard,hike,25.0,DE,basis points,https://data.bis.org/topics/CBPOL
1988-08-01,Spain,Spain cut 12bp to 10.38%,monetary policy,minor,cut,-12.5,ES,basis points,https://data.bis.org/topics/CBPOL
1988-08-01,United Kingdom,United Kingdom hike 150bp to 11.88%,monetary policy,major,hike,150.0,GB,basis points,https://data.bis.org/topics/CBPOL
1988-08-01,Brazil,Brazil cut 158538bp to 997.95%,monetary policy,major,cut,-158538.0,BR,basis points,https://data.bis.org/topics/CBPOL
1988-08-01,Austria,Austria hike 25bp to 4.63%,monetary policy,standard,hike,25.0,AT,basis points,https://data.bis.org/topics/CBPOL
1988-08-01,Switzerland,Switzerland hike 50bp to 3.0%,monetary policy,standard,hike,50.0,CH,basis points,https://data.bis.org/topics/CBPOL
1988-08-01,Philippines,Philippines hike 250bp to 7.5%,monetary policy,major,hike,250.0,PH,basis points,https://data.bis.org/topics/CBPOL
1988-08-01,Italy,Italy hike 50bp to 12.5%,monetary policy,standard,hike,50.0,IT,basis points,https://data.bis.org/topics/CBPOL
1988-08-01,Belgium,Belgium hike 50bp to 7.5%,monetary policy,standard,hike,50.0,BE,basis points,https://data.bis.org/topics/CBPOL
1988-08-01,New Zealand,New Zealand cut 191bp to 15.26%,monetary policy,major,cut,-191.0000000000002,NZ,basis points,https://data.bis.org/topics/CBPOL
1988-08-01,Australia,Australia hike 43bp to 12.93%,monetary policy,standard,hike,42.99999999999997,AU,basis points,https://data.bis.org/topics/CBPOL
1988-08-01,Netherlands,Netherlands hike 25bp to 4.75%,monetary policy,standard,hike,25.0,NL,basis points,https://data.bis.org/topics/CBPOL
1988-08-01,Canada,Canada hike 49bp to 10.03%,monetary policy,standard,hike,49.00000000000002,CA,basis points,https://data.bis.org/topics/CBPOL
1988-08-01,France,France hike 25bp to 7.0%,monetary policy,standard,hike,25.0,FR,basis points,https://data.bis.org/topics/CBPOL
1988-09-01,Brazil,Brazil hike 140261bp to 2400.56%,monetary policy,major,hike,140261.0,BR,basis points,https://data.bis.org/topics/CBPOL
1988-09-01,Australia,Australia hike 67bp to 13.6%,monetary policy,standard,hike,67.0,AU,basis points,https://data.bis.org/topics/CBPOL
1988-09-01,Canada,Canada hike 55bp to 10.58%,monetary policy,standard,hike,55.00000000000007,CA,basis points,https://data.bis.org/topics/CBPOL
1988-09-01,Spain,Spain hike 100bp to 11.38%,monetary policy,major,hike,100.0,ES,basis points,https://data.bis.org/topics/CBPOL
1988-09-01,New Zealand,New Zealand cut 84bp to 14.42%,monetary policy,major,cut,-83.99999999999999,NZ,basis points,https://data.bis.org/topics/CBPOL
1988-09-01,Philippines,Philippines hike 1450bp to 22.0%,monetary policy,major,hike,1450.0,PH,basis points,https://data.bis.org/topics/CBPOL
1988-10-01,New Zealand,New Zealand cut 42bp to 14.0%,monetary policy,standard,cut,-41.99999999999999,NZ,basis points,https://data.bis.org/topics/CBPOL
1988-10-01,Canada,Canada cut 4bp to 10.54%,monetary policy,minor,cut,-4.000000000000092,CA,basis points,https://data.bis.org/topics/CBPOL
1988-10-01,Brazil,Brazil hike 15892bp to 2559.48%,monetary policy,major,hike,15892.000000000007,BR,basis points,https://data.bis.org/topics/CBPOL
1988-10-01,Philippines,Philippines cut 1700bp to 5.0%,monetary policy,major,cut,-1700.0,PH,basis points,https://data.bis.org/topics/CBPOL
1988-10-01,Germany,Germany hike 10bp to 4.35%,monetary policy,minor,hike,9.999999999999964,DE,basis points,https://data.bis.org/topics/CBPOL
1988-10-01,France,France hike 25bp to 7.25%,monetary policy,standard,hike,25.0,FR,basis points,https://data.bis.org/topics/CBPOL
1988-10-01,Hungary,Hungary hike 200bp to 14.0%,monetary policy,major,hike,200.0,HU,basis points,https://data.bis.org/topics/CBPOL
1988-10-01,Norway,Norway cut 40bp to 12.4%,monetary policy,standard,cut,-40.000000000000036,NO,basis points,https://data.bis.org/topics/CBPOL
1988-10-01,Australia,Australia hike 3bp to 13.63%,monetary policy,minor,hike,3.0000000000001137,AU,basis points,https://data.bis.org/topics/CBPOL
1988-10-01,Sweden,Sweden hike 100bp to 11.0%,monetary policy,major,hike,100.0,SE,basis points,https://data.bis.org/topics/CBPOL
1988-11-01,Sweden,Sweden cut 200bp to 9.0%,monetary policy,major,cut,-200.0,SE,basis points,https://data.bis.org/topics/CBPOL
1988-11-01,South Africa,South Africa hike 200bp to 14.5%,monetary policy,major,hike,200.0,ZA,basis points,https://data.bis.org/topics/CBPOL
1988-11-01,United States,United States hike 25bp to 8.38%,monetary policy,standard,hike,25.0,US,basis points,https://data.bis.org/topics/CBPOL
1988-11-01,New Zealand,New Zealand hike 47bp to 14.47%,monetary policy,standard,hike,47.000000000000064,NZ,basis points,https://data.bis.org/topics/CBPOL
1988-11-01,Australia,Australia hike 105bp to 14.68%,monetary policy,major,hike,104.99999999999989,AU,basis points,https://data.bis.org/topics/CBPOL
1988-11-01,Philippines,Philippines hike 700bp to 12.0%,monetary policy,major,hike,700.0,PH,basis points,https://data.bis.org/topics/CBPOL
1988-11-01,Spain,Spain hike 3bp to 11.4%,monetary policy,minor,hike,2.5000000000000355,ES,basis points,https://data.bis.org/topics/CBPOL
1988-11-01,Brazil,Brazil cut 93637bp to 1623.11%,monetary policy,major,cut,-93637.00000000001,BR,basis points,https://data.bis.org/topics/CBPOL
1988-11-01,Belgium,Belgium cut 25bp to 7.25%,monetary policy,standard,cut,-25.0,BE,basis points,https://data.bis.org/topics/CBPOL
1988-11-01,Canada,Canada hike 30bp to 10.84%,monetary policy,standard,hike,30.00000000000007,CA,basis points,https://data.bis.org/topics/CBPOL
1988-11-01,United Kingdom,United Kingdom hike 100bp to 12.88%,monetary policy,major,hike,100.0,GB,basis points,https://data.bis.org/topics/CBPOL
1988-12-01,Australia,Australia cut 13bp to 14.55%,monetary policy,minor,cut,-12.9999999999999,AU,basis points,https://data.bis.org/topics/CBPOL
1988-12-01,New Zealand,New Zealand cut 103bp to 13.44%,monetary policy,major,cut,-103.00000000000011,NZ,basis points,https://data.bis.org/topics/CBPOL
1988-12-01,Belgium,Belgium hike 50bp to 7.75%,monetary policy,standard,hike,50.0,BE,basis points,https://data.bis.org/topics/CBPOL
1988-12-01,Austria,Austria hike 12bp to 4.75%,monetary policy,minor,hike,12.00000000000001,AT,basis points,https://data.bis.org/topics/CBPOL
1988-12-01,Germany,Germany hike 65bp to 5.0%,monetary policy,standard,hike,65.00000000000003,DE,basis points,https://data.bis.org/topics/CBPOL
1988-12-01,Philippines,Philippines hike 200bp to 14.0%,monetary policy,major,hike,200.0,PH,basis points,https://data.bis.org/topics/CBPOL
1988-12-01,Canada,Canada hike 35bp to 11.19%,monetary policy,standard,hike,34.999999999999964,CA,basis points,https://data.bis.org/topics/CBPOL
1988-12-01,United States,United States hike 31bp to 8.69%,monetary policy,standard,hike,31.25,US,basis points,https://data.bis.org/topics/CBPOL
1988-12-01,France,France hike 50bp to 7.75%,monetary policy,standard,hike,50.0,FR,basis points,https://data.bis.org/topics/CBPOL
1988-12-01,Sweden,Sweden hike 200bp to 11.0%,monetary policy,major,hike,200.0,SE,basis points,https://data.bis.org/topics/CBPOL
1988-12-01,Norway,Norway cut 40bp to 12.0%,monetary policy,standard,cut,-40.000000000000036,NO,basis points,https://data.bis.org/topics/CBPOL
1988-12-01,Switzerland,Switzerland hike 50bp to 3.5%,monetary policy,standard,hike,50.0,CH,basis points,https://data.bis.org/topics/CBPOL
1988-12-01,Spain,Spain hike 100bp to 12.4%,monetary policy,major,hike,100.0,ES,basis points,https://data.bis.org/topics/CBPOL
1988-12-01,Brazil,Brazil hike 111809bp to 2741.2%,monetary policy,major,hike,111808.99999999999,BR,basis points,https://data.bis.org/topics/CBPOL
1988-12-01,Netherlands,Netherlands hike 50bp to 5.25%,monetary policy,standard,hike,50.0,NL,basis points,https://data.bis.org/topics/CBPOL
1989-01-01,Norway,Norway cut 50bp to 11.5%,monetary policy,standard,cut,-50.0,NO,basis points,https://data.bis.org/topics/CBPOL
1989-01-01,New Zealand,New Zealand cut 94bp to 12.5%,monetary policy,major,cut,-93.99999999999994,NZ,basis points,https://data.bis.org/topics/CBPOL
1989-01-01,Switzerland,Switzerland hike 50bp to 4.0%,monetary policy,standard,hike,50.0,CH,basis points,https://data.bis.org/topics/CBPOL
1989-01-01,Belgium,Belgium hike 50bp to 8.25%,monetary policy,standard,hike,50.0,BE,basis points,https://data.bis.org/topics/CBPOL
1989-01-01,Philippines,Philippines cut 50bp to 13.5%,monetary policy,standard,cut,-50.0,PH,basis points,https://data.bis.org/topics/CBPOL
1989-01-01,Australia,Australia hike 20bp to 14.75%,monetary policy,minor,hike,19.99999999999993,AU,basis points,https://data.bis.org/topics/CBPOL
1989-01-01,Germany,Germany hike 30bp to 5.3%,monetary policy,standard,hike,29.999999999999982,DE,basis points,https://data.bis.org/topics/CBPOL
1989-01-01,Netherlands,Netherlands hike 50bp to 5.75%,monetary policy,standard,hike,50.0,NL,basis points,https://data.bis.org/topics/CBPOL
1989-01-01,France,France hike 50bp to 8.25%,monetary policy,standard,hike,50.0,FR,basis points,https://data.bis.org/topics/CBPOL
1989-01-01,Canada,Canada hike 24bp to 11.43%,monetary policy,minor,hike,24.00000000000002,CA,basis points,https://data.bis.org/topics/CBPOL
1989-01-01,Sweden,Sweden cut 100bp to 10.0%,monetary policy,major,cut,-100.0,SE,basis points,https://data.bis.org/topics/CBPOL
1989-01-01,United States,United States hike 31bp to 9.0%,monetary policy,standard,hike,31.25,US,basis points,https://data.bis.org/topics/CBPOL
1989-01-01,Brazil,Brazil cut 196305bp to 778.15%,monetary policy,major,cut,-196304.99999999997,BR,basis points,https://data.bis.org/topics/CBPOL
1989-02-01,United States,United States hike 75bp to 9.75%,monetary policy,major,hike,75.0,US,basis points,https://data.bis.org/topics/CBPOL
1989-02-01,Brazil,Brazil hike 26103bp to 1039.18%,monetary policy,major,hike,26103.000000000007,BR,basis points,https://data.bis.org/topics/CBPOL
1989-02-01,New Zealand,New Zealand hike 103bp to 13.53%,monetary policy,major,hike,102.99999999999994,NZ,basis points,https://data.bis.org/topics/CBPOL
1989-02-01,Canada,Canada hike 43bp to 11.86%,monetary policy,standard,hike,42.99999999999997,CA,basis points,https://data.bis.org/topics/CBPOL
1989-02-01,Norway,Norway cut 50bp to 11.0%,monetary policy,standard,cut,-50.0,NO,basis points,https://data.bis.org/topics/CBPOL
1989-02-01,Australia,Australia hike 155bp to 16.3%,monetary policy,major,hike,155.00000000000006,AU,basis points,https://data.bis.org/topics/CBPOL
1989-02-01,Austria,Austria hike 50bp to 5.25%,monetary policy,standard,hike,50.0,AT,basis points,https://data.bis.org/topics/CBPOL
1989-02-01,Germany,Germany hike 70bp to 6.0%,monetary policy,standard,hike,70.00000000000001,DE,basis points,https://data.bis.org/topics/CBPOL
1989-02-01,South Africa,South Africa hike 150bp to 16.0%,monetary policy,major,hike,150.0,ZA,basis points,https://data.bis.org/topics/CBPOL
1989-02-01,Philippines,Philippines hike 25bp to 13.75%,monetary policy,standard,hike,25.0,PH,basis points,https://data.bis.org/topics/CBPOL
1989-02-01,Sweden,Sweden hike 100bp to 11.0%,monetary policy,major,hike,100.0,SE,basis points,https://data.bis.org/topics/CBPOL
1989-02-01,Spain,Spain hike 100bp to 13.4%,monetary policy,major,hike,100.0,ES,basis points,https://data.bis.org/topics/CBPOL
1989-03-01,New Zealand,New Zealand cut 28bp to 13.25%,monetary policy,standard,cut,-27.999999999999936,NZ,basis points,https://data.bis.org/topics/CBPOL
1989-03-01,Germany,Germany cut 20bp to 5.8%,monetary policy,minor,cut,-20.000000000000018,DE,basis points,https://data.bis.org/topics/CBPOL
1989-03-01,Australia,Australia hike 10bp to 16.4%,monetary policy,minor,hike,9.999999999999787,AU,basis points,https://data.bis.org/topics/CBPOL
1989-03-01,Austria,Austria hike 50bp to 5.75%,monetary policy,standard,hike,50.0,AT,basis points,https://data.bis.org/topics/CBPOL
1989-03-01,Italy,Italy hike 100bp to 13.5%,monetary policy,major,hike,100.0,IT,basis points,https://data.bis.org/topics/CBPOL
1989-03-01,Portugal,Portugal hike 100bp to 14.5%,monetary policy,major,hike,100.0,PT,basis points,https://data.bis.org/topics/CBPOL
1989-03-01,Canada,Canada hike 53bp to 12.39%,monetary policy,standard,hike,53.000000000000114,CA,basis points,https://data.bis.org/topics/CBPOL
1989-03-01,Brazil,Brazil cut 45567bp to 583.51%,monetary policy,major,cut,-45567.00000000001,BR,basis points,https://data.bis.org/topics/CBPOL
1989-03-01,Spain,Spain hike 35bp to 13.75%,monetary policy,standard,hike,34.999999999999964,ES,basis points,https://data.bis.org/topics/CBPOL
1989-03-01,Philippines,Philippines cut 375bp to 10.0%,monetary policy,major,cut,-375.0,PH,basis points,https://data.bis.org/topics/CBPOL
1989-04-01,Belgium,Belgium hike 50bp to 8.75%,monetary policy,standard,hike,50.0,BE,basis points,https://data.bis.org/topics/CBPOL
1989-04-01,Philippines,Philippines hike 250bp to 12.5%,monetary policy,major,hike,250.0,PH,basis points,https://data.bis.org/topics/CBPOL
1989-04-01,Canada,Canada hike 23bp to 12.62%,monetary policy,minor,hike,22.999999999999865,CA,basis points,https://data.bis.org/topics/CBPOL
1989-04-01,Brazil,Brazil cut 36354bp to 219.97%,monetary policy,major,cut,-36354.0,BR,basis points,https://data.bis.org/topics/CBPOL
1989-04-01,Australia,Australia hike 40bp to 16.8%,monetary policy,standard,hike,40.00000000000021,AU,basis points,https://data.bis.org/topics/CBPOL
1989-04-01,Netherlands,Netherlands hike 50bp to 6.25%,monetary policy,standard,hike,50.0,NL,basis points,https://data.bis.org/topics/CBPOL
1989-04-01,Austria,Austria hike 50bp to 6.25%,monetary policy,standard,hike,50.0,AT,basis points,https://data.bis.org/topics/CBPOL
1989-04-01,Switzerland,Switzerland hike 50bp to 4.5%,monetary policy,standard,hike,50.0,CH,basis points,https://data.bis.org/topics/CBPOL
1989-04-01,Germany,Germany hike 30bp to 6.1%,monetary policy,standard,hike,29.999999999999982,DE,basis points,https://data.bis.org/topics/CBPOL
1989-04-01,New Zealand,New Zealand hike 125bp to 14.5%,monetary policy,major,hike,125.0,NZ,basis points,https://data.bis.org/topics/CBPOL
1989-05-01,United States,United States hike 6bp to 9.81%,monetary policy,minor,hike,6.25,US,basis points,https://data.bis.org/topics/CBPOL
1989-05-01,Brazil,Brazil hike 22018bp to 440.15%,monetary policy,major,hike,22017.999999999996,BR,basis points,https://data.bis.org/topics/CBPOL
1989-05-01,South Africa,South Africa hike 100bp to 17.0%,monetary policy,major,hike,100.0,ZA,basis points,https://data.bis.org/topics/CBPOL
1989-05-01,United Kingdom,United Kingdom hike 88bp to 13.75%,monetary policy,major,hike,87.5,GB,basis points,https://data.bis.org/topics/CBPOL
1989-05-01,Norway,Norway cut 50bp to 10.5%,monetary policy,standard,cut,-50.0,NO,basis points,https://data.bis.org/topics/CBPOL
1989-05-01,Germany,Germany hike 40bp to 6.5%,monetary policy,standard,hike,40.000000000000036,DE,basis points,https://data.bis.org/topics/CBPOL
1989-05-01,New Zealand,New Zealand cut 154bp to 12.96%,monetary policy,major,cut,-153.99999999999991,NZ,basis points,https://data.bis.org/topics/CBPOL
1989-05-01,Australia,Australia hike 88bp to 17.68%,monetary policy,major,hike,87.9999999999999,AU,basis points,https://data.bis.org/topics/CBPOL
1989-05-01,Japan,Japan hike 75bp to 3.25%,monetary policy,major,hike,75.0,JP,basis points,https://data.bis.org/topics/CBPOL
1989-05-01,Canada,Canada cut 22bp to 12.4%,monetary policy,minor,cut,-21.999999999999886,CA,basis points,https://data.bis.org/topics/CBPOL
1989-06-01,Australia,Australia hike 157bp to 19.25%,monetary policy,major,hike,157.00000000000003,AU,basis points,https://data.bis.org/topics/CBPOL
1989-06-01,New Zealand,New Zealand hike 74bp to 13.7%,monetary policy,standard,hike,73.99999999999984,NZ,basis points,https://data.bis.org/topics/CBPOL
1989-06-01,Brazil,Brazil hike 329796bp to 3738.11%,monetary policy,major,hike,329796.0,BR,basis points,https://data.bis.org/topics/CBPOL
1989-06-01,Switzerland,Switzerland hike 100bp to 5.5%,monetary policy,major,hike,100.0,CH,basis points,https://data.bis.org/topics/CBPOL
1989-06-01,Austria,Austria hike 25bp to 6.5%,monetary policy,standard,hike,25.0,AT,basis points,https://data.bis.org/topics/CBPOL
1989-06-01,Canada,Canada cut 7bp to 12.33%,monetary policy,minor,cut,-7.000000000000028,CA,basis points,https://data.bis.org/topics/CBPOL
1989-06-01,Norway,Norway cut 50bp to 10.0%,monetary policy,standard,cut,-50.0,NO,basis points,https://data.bis.org/topics/CBPOL
1989-06-01,Philippines,Philippines hike 150bp to 14.0%,monetary policy,major,hike,150.0,PH,basis points,https://data.bis.org/topics/CBPOL
1989-06-01,Netherlands,Netherlands hike 50bp to 6.75%,monetary policy,standard,hike,50.0,NL,basis points,https://data.bis.org/topics/CBPOL
1989-06-01,Belgium,Belgium hike 50bp to 9.25%,monetary policy,standard,hike,50.0,BE,basis points,https://data.bis.org/topics/CBPOL
1989-06-01,United States,United States cut 25bp to 9.56%,monetary policy,standard,cut,-25.0,US,basis points,https://data.bis.org/topics/CBPOL
1989-07-01,Philippines,Philippines hike 50bp to 14.5%,monetary policy,standard,hike,50.0,PH,basis points,https://data.bis.org/topics/CBPOL
1989-07-01,Canada,Canada hike 3bp to 12.36%,monetary policy,minor,hike,2.999999999999936,CA,basis points,https://data.bis.org/topics/CBPOL
1989-07-01,Germany,Germany hike 10bp to 6.6%,monetary policy,minor,hike,9.999999999999964,DE,basis points,https://data.bis.org/topics/CBPOL
1989-07-01,Sweden,Sweden hike 100bp to 12.0%,monetary policy,major,hike,100.0,SE,basis points,https://data.bis.org/topics/CBPOL
1989-07-01,France,France hike 50bp to 8.75%,monetary policy,standard,hike,50.0,FR,basis points,https://data.bis.org/topics/CBPOL
1989-07-01,United States,United States cut 50bp to 9.06%,monetary policy,standard,cut,-50.0,US,basis points,https://data.bis.org/topics/CBPOL
1989-07-01,New Zealand,New Zealand cut 8bp to 13.62%,monetary policy,minor,cut,-8.000000000000007,NZ,basis points,https://data.bis.org/topics/CBPOL
1989-07-01,Spain,Spain hike 75bp to 14.5%,monetary policy,major,hike,75.0,ES,basis points,https://data.bis.org/topics/CBPOL
1989-07-01,Australia,Australia cut 107bp to 18.18%,monetary policy,major,cut,-107.00000000000003,AU,basis points,https://data.bis.org/topics/CBPOL
1989-07-01,Brazil,Brazil cut 103765bp to 2700.46%,monetary policy,major,cut,-103765.00000000001,BR,basis points,https://data.bis.org/topics/CBPOL
1989-08-01,Germany,Germany hike 10bp to 6.7%,monetary policy,minor,hike,10.000000000000053,DE,basis points,https://data.bis.org/topics/CBPOL
1989-08-01,Australia,Australia cut 55bp to 17.63%,monetary policy,standard,cut,-55.00000000000007,AU,basis points,https://data.bis.org/topics/CBPOL
1989-08-01,Brazil,Brazil hike 116966bp to 3870.12%,monetary policy,major,hike,116965.99999999999,BR,basis points,https://data.bis.org/topics/CBPOL
1989-08-01,Canada,Canada hike 5bp to 12.41%,monetary policy,minor,hike,5.000000000000071,CA,basis points,https://data.bis.org/topics/CBPOL
1989-08-01,United Kingdom,United Kingdom hike 9bp to 13.84%,monetary policy,minor,hike,9.379999999999988,GB,basis points,https://data.bis.org/topics/CBPOL
1989-08-01,New Zealand,New Zealand hike 61bp to 14.23%,monetary policy,standard,hike,61.00000000000012,NZ,basis points,https://data.bis.org/topics/CBPOL
1989-09-01,Philippines,Philippines hike 1300bp to 27.5%,monetary policy,major,hike,1300.0,PH,basis points,https://data.bis.org/topics/CBPOL
1989-09-01,United Kingdom,United Kingdom cut 9bp to 13.75%,monetary policy,minor,cut,-9.379999999999988,GB,basis points,https://data.bis.org/topics/CBPOL
1989-09-01,Brazil,Brazil hike 562275bp to 9492.87%,monetary policy,major,hike,562275.0000000001,BR,basis points,https://data.bis.org/topics/CBPOL
1989-09-01,Australia,Australia hike 32bp to 17.95%,monetary policy,standard,hike,32.00000000000003,AU,basis points,https://data.bis.org/topics/CBPOL
1989-09-01,Canada,Canada hike 7bp to 12.48%,monetary policy,minor,hike,7.000000000000028,CA,basis points,https://data.bis.org/topics/CBPOL
1989-09-01,Germany,Germany hike 30bp to 7.0%,monetary policy,standard,hike,29.999999999999982,DE,basis points,https://data.bis.org/topics/CBPOL
1989-09-01,New Zealand,New Zealand hike 102bp to 15.25%,monetary policy,major,hike,101.99999999999996,NZ,basis points,https://data.bis.org/topics/CBPOL
1989-10-01,New Zealand,New Zealand cut 325bp to 12.0%,monetary policy,major,cut,-325.0,NZ,basis points,https://data.bis.org/topics/CBPOL
1989-10-01,Canada,Canada cut 6bp to 12.42%,monetary policy,minor,cut,-6.00000000000005,CA,basis points,https://data.bis.org/topics/CBPOL
1989-10-01,Germany,Germany hike 30bp to 7.3%,monetary policy,standard,hike,29.999999999999982,DE,basis points,https://data.bis.org/topics/CBPOL
1989-10-01,Brazil,Brazil hike 437894bp to 13871.81%,monetary policy,major,hike,437893.9999999999,BR,basis points,https://data.bis.org/topics/CBPOL
1989-10-01,Japan,Japan hike 50bp to 3.75%,monetary policy,standard,hike,50.0,JP,basis points,https://data.bis.org/topics/CBPOL
1989-10-01,Belgium,Belgium hike 100bp to 10.25%,monetary policy,major,hike,100.0,BE,basis points,https://data.bis.org/topics/CBPOL
1989-10-01,France,France hike 75bp to 9.5%,monetary policy,major,hike,75.0,FR,basis points,https://data.bis.org/topics/CBPOL
1989-10-01,Netherlands,Netherlands hike 100bp to 7.75%,monetary policy,major,hike,100.0,NL,basis points,https://data.bis.org/topics/CBPOL
1989-10-01,United States,United States cut 31bp to 8.75%,monetary policy,standard,cut,-31.25,US,basis points,https://data.bis.org/topics/CBPOL
1989-10-01,United Kingdom,United Kingdom hike 112bp to 14.88%,monetary policy,major,hike,112.5,GB,basis points,https://data.bis.org/topics/CBPOL
1989-10-01,South Africa,South Africa hike 100bp to 18.0%,monetary policy,major,hike,100.0,ZA,basis points,https://data.bis.org/topics/CBPOL
1989-10-01,Austria,Austria hike 75bp to 7.25%,monetary policy,major,hike,75.0,AT,basis points,https://data.bis.org/topics/CBPOL
1989-10-01,Switzerland,Switzerland hike 50bp to 6.0%,monetary policy,standard,hike,50.0,CH,basis points,https://data.bis.org/topics/CBPOL
1989-10-01,Sweden,Sweden cut 100bp to 11.0%,monetary policy,major,cut,-100.0,SE,basis points,https://data.bis.org/topics/CBPOL
1989-10-01,Philippines,Philippines cut 1950bp to 8.0%,monetary policy,major,cut,-1950.0,PH,basis points,https://data.bis.org/topics/CBPOL
1989-10-01,Australia,Australia hike 15bp to 18.1%,monetary policy,minor,hike,15.000000000000213,AU,basis points,https://data.bis.org/topics/CBPOL
1989-11-01,Sweden,Sweden hike 100bp to 12.0%,monetary policy,major,hike,100.0,SE,basis points,https://data.bis.org/topics/CBPOL
1989-11-01,Australia,Australia hike 25bp to 18.35%,monetary policy,standard,hike,25.0,AU,basis points,https://data.bis.org/topics/CBPOL
1989-11-01,New Zealand,New Zealand hike 321bp to 15.21%,monetary policy,major,hike,321.0000000000001,NZ,basis points,https://data.bis.org/topics/CBPOL
1989-11-01,Canada,Canada hike 4bp to 12.46%,monetary policy,minor,hike,4.000000000000092,CA,basis points,https://data.bis.org/topics/CBPOL
1989-11-01,Norway,Norway hike 100bp to 11.0%,monetary policy,major,hike,100.0,NO,basis points,https://data.bis.org/topics/CBPOL
1989-11-01,Brazil,Brazil hike 478907bp to 18660.88%,monetary policy,major,hike,478907.0000000002,BR,basis points,https://data.bis.org/topics/CBPOL
1989-11-01,Philippines,Philippines hike 200bp to 10.0%,monetary policy,major,hike,200.0,PH,basis points,https://data.bis.org/topics/CBPOL
1989-11-01,United States,United States cut 25bp to 8.5%,monetary policy,standard,cut,-25.0,US,basis points,https://data.bis.org/topics/CBPOL
1989-12-01,Australia,Australia cut 45bp to 17.9%,monetary policy,standard,cut,-45.000000000000284,AU,basis points,https://data.bis.org/topics/CBPOL
1989-12-01,France,France hike 50bp to 10.0%,monetary policy,standard,hike,50.0,FR,basis points,https://data.bis.org/topics/CBPOL
1989-12-01,Japan,Japan hike 50bp to 4.25%,monetary policy,standard,hike,50.0,JP,basis points,https://data.bis.org/topics/CBPOL
1989-12-01,New Zealand,New Zealand cut 171bp to 13.5%,monetary policy,major,cut,-171.00000000000009,NZ,basis points,https://data.bis.org/topics/CBPOL
1989-12-01,Brazil,Brazil hike 8482333bp to 103484.21%,monetary policy,major,hike,8482333.0,BR,basis points,https://data.bis.org/topics/CBPOL
1989-12-01,United States,United States cut 25bp to 8.25%,monetary policy,standard,cut,-25.0,US,basis points,https://data.bis.org/topics/CBPOL
1989-12-01,Hungary,Hungary hike 300bp to 17.0%,monetary policy,major,hike,300.0,HU,basis points,https://data.bis.org/topics/CBPOL
1990-01-01,Brazil,Brazil cut 634592bp to 97138.29%,monetary policy,major,cut,-634592.0000000013,BR,basis points,https://data.bis.org/topics/CBPOL
1990-01-01,Canada,Canada cut 18bp to 12.29%,monetary policy,minor,cut,-18.00000000000015,CA,basis points,https://data.bis.org/topics/CBPOL
1990-01-01,Australia,Australia cut 65bp to 17.25%,monetary policy,standard,cut,-64.99999999999986,AU,basis points,https://data.bis.org/topics/CBPOL
1990-01-01,Germany,Germany hike 40bp to 7.7%,monetary policy,standard,hike,40.000000000000036,DE,basis points,https://data.bis.org/topics/CBPOL
1990-01-01,Sweden,Sweden hike 100bp to 13.0%,monetary policy,major,hike,100.0,SE,basis points,https://data.bis.org/topics/CBPOL
1990-01-01,New Zealand,New Zealand hike 38bp to 13.88%,monetary policy,standard,hike,38.00000000000008,NZ,basis points,https://data.bis.org/topics/CBPOL
1990-02-01,Germany,Germany hike 15bp to 7.85%,monetary policy,minor,hike,14.999999999999947,DE,basis points,https://data.bis.org/topics/CBPOL
1990-02-01,Australia,Australia cut 50bp to 16.75%,monetary policy,standard,cut,-50.0,AU,basis points,https://data.bis.org/topics/CBPOL
1990-02-01,New Zealand,New Zealand cut 138bp to 12.5%,monetary policy,major,cut,-138.00000000000009,NZ,basis points,https://data.bis.org/topics/CBPOL
1990-02-01,Canada,Canada hike 96bp to 13.25%,monetary policy,major,hike,96.00000000000009,CA,basis points,https://data.bis.org/topics/CBPOL
1990-02-01,Brazil,Brazil hike 25794735bp to 355085.64%,monetary policy,major,hike,25794735.000000004,BR,basis points,https://data.bis.org/topics/CBPOL
1990-03-01,Denmark,Denmark hike 100bp to 8.0%,monetary policy,major,hike,100.0,DK,basis points,https://data.bis.org/topics/CBPOL
1990-03-01,Philippines,Philippines cut 244bp to 7.56%,monetary policy,major,cut,-243.75,PH,basis points,https://data.bis.org/topics/CBPOL
1990-03-01,New Zealand,New Zealand hike 48bp to 12.98%,monetary policy,standard,hike,48.00000000000004,NZ,basis points,https://data.bis.org/topics/CBPOL
1990-03-01,Brazil,Brazil cut 35473449bp to 351.15%,monetary policy,major,cut,-35473449.0,BR,basis points,https://data.bis.org/topics/CBPOL
1990-03-01,Japan,Japan hike 100bp to 5.25%,monetary policy,major,hike,100.0,JP,basis points,https://data.bis.org/topics/CBPOL
1990-03-01,Canada,Canada hike 26bp to 13.51%,monetary policy,standard,hike,25.99999999999998,CA,basis points,https://data.bis.org/topics/CBPOL
1990-03-01,Austria,Austria hike 75bp to 8.0%,monetary policy,major,hike,75.0,AT,basis points,https://data.bis.org/topics/CBPOL
1990-04-01,Sweden,Sweden cut 100bp to 12.0%,monetary policy,major,cut,-100.0,SE,basis points,https://data.bis.org/topics/CBPOL
1990-04-01,Germany,Germany cut 5bp to 7.8%,monetary policy,minor,cut,-4.999999999999982,DE,basis points,https://data.bis.org/topics/CBPOL
1990-04-01,France,France cut 50bp to 9.5%,monetary policy,standard,cut,-50.0,FR,basis points,https://data.bis.org/topics/CBPOL
1990-04-01,Brazil,Brazil cut 28640bp to 64.75%,monetary policy,major,cut,-28639.999999999996,BR,basis points,https://data.bis.org/topics/CBPOL
1990-04-01,New Zealand,New Zealand hike 2bp to 13.0%,monetary policy,minor,hike,1.9999999999999574,NZ,basis points,https://data.bis.org/topics/CBPOL
1990-04-01,Canada,Canada hike 29bp to 13.8%,monetary policy,standard,hike,29.000000000000092,CA,basis points,https://data.bis.org/topics/CBPOL
1990-04-01,Australia,Australia cut 150bp to 15.25%,monetary policy,major,cut,-150.0,AU,basis points,https://data.bis.org/topics/CBPOL
1990-05-01,Brazil,Brazil hike 3303bp to 97.78%,monetary policy,major,hike,3303.0,BR,basis points,https://data.bis.org/topics/CBPOL
1990-05-01,Italy,Italy cut 100bp to 12.5%,monetary policy,major,cut,-100.0,IT,basis points,https://data.bis.org/topics/CBPOL
1990-05-01,Canada,Canada hike 12bp to 13.92%,monetary policy,minor,hike,11.999999999999922,CA,basis points,https://data.bis.org/topics/CBPOL
1990-05-01,Spain,Spain hike 10bp to 14.6%,monetary policy,minor,hike,9.999999999999964,ES,basis points,https://data.bis.org/topics/CBPOL
1990-05-01,New Zealand,New Zealand hike 175bp to 14.75%,monetary policy,major,hike,175.0,NZ,basis points,https://data.bis.org/topics/CBPOL
1990-06-01,Denmark,Denmark hike 50bp to 8.5%,monetary policy,standard,hike,50.0,DK,basis points,https://data.bis.org/topics/CBPOL
1990-06-01,Philippines,Philippines cut 344bp to 4.12%,monetary policy,major,cut,-343.75,PH,basis points,https://data.bis.org/topics/CBPOL
1990-06-01,Canada,Canada cut 9bp to 13.83%,monetary policy,minor,cut,-8.999999999999986,CA,basis points,https://data.bis.org/topics/CBPOL
1990-06-01,Hungary,Hungary hike 400bp to 21.0%,monetary policy,major,hike,400.0,HU,basis points,https://data.bis.org/topics/CBPOL
1990-06-01,Brazil,Brazil hike 36318bp to 460.96%,monetary policy,major,hike,36317.99999999999,BR,basis points,https://data.bis.org/topics/CBPOL
1990-06-01,Spain,Spain hike 5bp to 14.65%,monetary policy,minor,hike,5.000000000000071,ES,basis points,https://data.bis.org/topics/CBPOL
1990-06-01,New Zealand,New Zealand cut 140bp to 13.35%,monetary policy,major,cut,-140.00000000000003,NZ,basis points,https://data.bis.org/topics/CBPOL
1990-07-01,Brazil,Brazil cut 18617bp to 274.79%,monetary policy,major,cut,-18616.999999999996,BR,basis points,https://data.bis.org/topics/CBPOL
1990-07-01,United States,United States cut 25bp to 8.0%,monetary policy,standard,cut,-25.0,US,basis points,https://data.bis.org/topics/CBPOL
1990-07-01,Canada,Canada cut 35bp to 13.48%,monetary policy,standard,cut,-34.999999999999964,CA,basis points,https://data.bis.org/topics/CBPOL
1990-07-01,Philippines,Philippines hike 688bp to 11.0%,monetary policy,major,hike,687.5,PH,basis points,https://data.bis.org/topics/CBPOL
1990-07-01,Germany,Germany hike 10bp to 7.9%,monetary policy,minor,hike,10.000000000000053,DE,basis points,https://data.bis.org/topics/CBPOL
1990-07-01,New Zealand,New Zealand hike 65bp to 14.0%,monetary policy,standard,hike,65.00000000000003,NZ,basis points,https://data.bis.org/topics/CBPOL
1990-08-01,Sweden,Sweden hike 100bp to 13.0%,monetary policy,major,hike,100.0,SE,basis points,https://data.bis.org/topics/CBPOL
1990-08-01,Canada,Canada cut 56bp to 12.92%,monetary policy,standard,cut,-56.00000000000005,CA,basis points,https://data.bis.org/topics/CBPOL
1990-08-01,Norway,Norway cut 50bp to 10.5%,monetary policy,standard,cut,-50.0,NO,basis points,https://data.bis.org/topics/CBPOL
1990-08-01,Germany,Germany hike 5bp to 7.95%,monetary policy,minor,hike,4.999999999999982,DE,basis points,https://data.bis.org/topics/CBPOL
1990-08-01,Philippines,Philippines hike 1056bp to 21.56%,monetary policy,major,hike,1056.25,PH,basis points,https://data.bis.org/topics/CBPOL
1990-08-01,New Zealand,New Zealand cut 50bp to 13.5%,monetary policy,standard,cut,-50.0,NZ,basis points,https://data.bis.org/topics/CBPOL
1990-08-01,Brazil,Brazil hike 11934bp to 394.13%,monetary policy,major,hike,11933.999999999998,BR,basis points,https://data.bis.org/topics/CBPOL
1990-08-01,Australia,Australia cut 125bp to 14.0%,monetary policy,major,cut,-125.0,AU,basis points,https://data.bis.org/topics/CBPOL
1990-08-01,Japan,Japan hike 75bp to 6.0%,monetary policy,major,hike,75.0,JP,basis points,https://data.bis.org/topics/CBPOL
1990-09-01,Germany,Germany hike 5bp to 8.0%,monetary policy,minor,hike,4.999999999999982,DE,basis points,https://data.bis.org/topics/CBPOL
1990-09-01,Brazil,Brazil hike 55730bp to 951.43%,monetary policy,major,hike,55729.99999999999,BR,basis points,https://data.bis.org/topics/CBPOL
1990-09-01,Sweden,Sweden cut 100bp to 12.0%,monetary policy,major,cut,-100.0,SE,basis points,https://data.bis.org/topics/CBPOL
1990-09-01,New Zealand,New Zealand hike 38bp to 13.88%,monetary policy,standard,hike,38.00000000000008,NZ,basis points,https://data.bis.org/topics/CBPOL
1990-09-01,Canada,Canada cut 27bp to 12.65%,monetary policy,standard,cut,-26.999999999999957,CA,basis points,https://data.bis.org/topics/CBPOL
1990-09-01,Philippines,Philippines cut 1365bp to 7.91%,monetary policy,major,cut,-1365.4299999999998,PH,basis points,https://data.bis.org/topics/CBPOL
1990-10-01,New Zealand,New Zealand cut 138bp to 12.5%,monetary policy,major,cut,-138.00000000000009,NZ,basis points,https://data.bis.org/topics/CBPOL
1990-10-01,United States,United States cut 25bp to 7.75%,monetary policy,standard,cut,-25.0,US,basis points,https://data.bis.org/topics/CBPOL
1990-10-01,United Kingdom,United Kingdom cut 100bp to 13.88%,monetary policy,major,cut,-100.0,GB,basis points,https://data.bis.org/topics/CBPOL
1990-10-01,Australia,Australia cut 100bp to 13.0%,monetary policy,major,cut,-100.0,AU,basis points,https://data.bis.org/topics/CBPOL
1990-10-01,Brazil,Brazil cut 51697bp to 434.46%,monetary policy,major,cut,-51697.0,BR,basis points,https://data.bis.org/topics/CBPOL
1990-10-01,Hungary,Hungary hike 100bp to 22.0%,monetary policy,major,hike,100.0,HU,basis points,https://data.bis.org/topics/CBPOL
1990-10-01,Sweden,Sweden hike 400bp to 16.0%,monetary policy,major,hike,400.0,SE,basis points,https://data.bis.org/topics/CBPOL
1990-11-01,Canada,Canada cut 40bp to 12.26%,monetary policy,standard,cut,-40.000000000000036,CA,basis points,https://data.bis.org/topics/CBPOL
1990-11-01,United States,United States cut 25bp to 7.5%,monetary policy,standard,cut,-25.0,US,basis points,https://data.bis.org/topics/CBPOL
1990-11-01,Brazil,Brazil hike 107764bp to 1512.1%,monetary policy,major,hike,107763.99999999999,BR,basis points,https://data.bis.org/topics/CBPOL
1990-11-01,Sweden,Sweden cut 200bp to 14.0%,monetary policy,major,cut,-200.0,SE,basis points,https://data.bis.org/topics/CBPOL
1990-11-01,France,France cut 25bp to 9.25%,monetary policy,standard,cut,-25.0,FR,basis points,https://data.bis.org/topics/CBPOL
1990-11-01,Netherlands,Netherlands hike 25bp to 8.0%,monetary policy,standard,hike,25.0,NL,basis points,https://data.bis.org/topics/CBPOL
1990-11-01,Belgium,Belgium hike 25bp to 10.5%,monetary policy,standard,hike,25.0,BE,basis points,https://data.bis.org/topics/CBPOL
1990-12-01,Philippines,Philippines hike 1140bp to 19.31%,monetary policy,major,hike,1139.98,PH,basis points,https://data.bis.org/topics/CBPOL
1990-12-01,Brazil,Brazil hike 10649bp to 1618.59%,monetary policy,major,hike,10649.0,BR,basis points,https://data.bis.org/topics/CBPOL
1990-12-01,United States,United States cut 50bp to 7.0%,monetary policy,standard,cut,-50.0,US,basis points,https://data.bis.org/topics/CBPOL
1990-12-01,Australia,Australia cut 100bp to 12.0%,monetary policy,major,cut,-100.0,AU,basis points,https://data.bis.org/topics/CBPOL
1990-12-01,New Zealand,New Zealand cut 125bp to 11.25%,monetary policy,major,cut,-125.0,NZ,basis points,https://data.bis.org/topics/CBPOL
1990-12-01,Germany,Germany hike 55bp to 8.55%,monetary policy,standard,hike,55.00000000000007,DE,basis points,https://data.bis.org/topics/CBPOL
1990-12-01,Spain,Spain hike 5bp to 14.7%,monetary policy,minor,hike,5.100000000000016,ES,basis points,https://data.bis.org/topics/CBPOL
1990-12-01,Canada,Canada cut 54bp to 11.72%,monetary policy,standard,cut,-53.999999999999915,CA,basis points,https://data.bis.org/topics/CBPOL
1991-01-01,Philippines,Philippines cut 1131bp to 8.0%,monetary policy,major,cut,-1130.8,PH,basis points,https://data.bis.org/topics/CBPOL
1991-01-01,United States,United States cut 25bp to 6.75%,monetary policy,standard,cut,-25.0,US,basis points,https://data.bis.org/topics/CBPOL
1991-01-01,Austria,Austria hike 50bp to 8.5%,monetary policy,standard,hike,50.0,AT,basis points,https://data.bis.org/topics/CBPOL
1991-01-01,Canada,Canada cut 99bp to 10.73%,monetary policy,major,cut,-99.00000000000003,CA,basis points,https://data.bis.org/topics/CBPOL
1991-01-01,Germany,Germany hike 5bp to 8.6%,monetary policy,minor,hike,4.999999999999893,DE,basis points,https://data.bis.org/topics/CBPOL
1991-01-01,New Zealand,New Zealand cut 10bp to 11.15%,monetary policy,minor,cut,-9.999999999999964,NZ,basis points,https://data.bis.org/topics/CBPOL
1991-01-01,Denmark,Denmark hike 100bp to 9.5%,monetary policy,major,hike,100.0,DK,basis points,https://data.bis.org/topics/CBPOL
1991-01-01,Sweden,Sweden cut 100bp to 13.0%,monetary policy,major,cut,-100.0,SE,basis points,https://data.bis.org/topics/CBPOL
1991-01-01,Brazil,Brazil cut 28949bp to 1329.1%,monetary policy,major,cut,-28949.0,BR,basis points,https://data.bis.org/topics/CBPOL
1991-01-01,Belgium,Belgium cut 25bp to 10.25%,monetary policy,standard,cut,-25.0,BE,basis points,https://data.bis.org/topics/CBPOL
1991-02-01,Canada,Canada cut 76bp to 9.97%,monetary policy,major,cut,-75.99999999999997,CA,basis points,https://data.bis.org/topics/CBPOL
1991-02-01,Belgium,Belgium cut 65bp to 9.6%,monetary policy,standard,cut,-65.00000000000003,BE,basis points,https://data.bis.org/topics/CBPOL
1991-02-01,New Zealand,New Zealand hike 85bp to 12.0%,monetary policy,major,hike,84.99999999999997,NZ,basis points,https://data.bis.org/topics/CBPOL
1991-02-01,Netherlands,Netherlands hike 50bp to 8.5%,monetary policy,standard,hike,50.0,NL,basis points,https://data.bis.org/topics/CBPOL
1991-02-01,United States,United States cut 50bp to 6.25%,monetary policy,standard,cut,-50.0,US,basis points,https://data.bis.org/topics/CBPOL
1991-02-01,Sweden,Sweden cut 100bp to 12.0%,monetary policy,major,cut,-100.0,SE,basis points,https://data.bis.org/topics/CBPOL
1991-02-01,Philippines,Philippines cut 100bp to 7.0%,monetary policy,major,cut,-100.0,PH,basis points,https://data.bis.org/topics/CBPOL
1991-02-01,United Kingdom,United Kingdom cut 100bp to 12.88%,monetary policy,major,cut,-100.0,GB,basis points,https://data.bis.org/topics/CBPOL
1991-02-01,Spain,Spain cut 20bp to 14.5%,monetary policy,minor,cut,-19.99999999999993,ES,basis points,https://data.bis.org/topics/CBPOL
1991-02-01,Germany,Germany cut 10bp to 8.5%,monetary policy,minor,cut,-9.999999999999964,DE,basis points,https://data.bis.org/topics/CBPOL
1991-02-01,Brazil,Brazil cut 114986bp to 179.24%,monetary policy,major,cut,-114985.99999999999,BR,basis points,https://data.bis.org/topics/CBPOL
1991-03-01,France,France cut 25bp to 9.0%,monetary policy,standard,cut,-25.0,FR,basis points,https://data.bis.org/topics/CBPOL
1991-03-01,Norway,Norway cut 30bp to 10.2%,monetary policy,standard,cut,-30.00000000000007,NO,basis points,https://data.bis.org/topics/CBPOL
1991-03-01,Belgium,Belgium cut 10bp to 9.5%,monetary policy,minor,cut,-9.999999999999964,BE,basis points,https://data.bis.org/topics/CBPOL
1991-03-01,Spain,Spain cut 100bp to 13.5%,monetary policy,major,cut,-100.0,ES,basis points,https://data.bis.org/topics/CBPOL
1991-03-01,Canada,Canada cut 5bp to 9.92%,monetary policy,minor,cut,-5.000000000000071,CA,basis points,https://data.bis.org/topics/CBPOL
1991-03-01,South Africa,South Africa cut 100bp to 17.0%,monetary policy,major,cut,-100.0,ZA,basis points,https://data.bis.org/topics/CBPOL
1991-03-01,Brazil,Brazil hike 6435bp to 243.59%,monetary policy,major,hike,6434.999999999999,BR,basis points,https://data.bis.org/topics/CBPOL
1991-03-01,United States,United States cut 25bp to 6.0%,monetary policy,standard,cut,-25.0,US,basis points,https://data.bis.org/topics/CBPOL
1991-03-01,Philippines,Philippines cut 150bp to 5.5%,monetary policy,major,cut,-150.0,PH,basis points,https://data.bis.org/topics/CBPOL
1991-03-01,United Kingdom,United Kingdom cut 50bp to 12.38%,monetary policy,standard,cut,-50.0,GB,basis points,https://data.bis.org/topics/CBPOL
1991-04-01,Australia,Australia cut 50bp to 11.5%,monetary policy,standard,cut,-50.0,AU,basis points,https://data.bis.org/topics/CBPOL
1991-04-01,New Zealand,New Zealand cut 160bp to 10.4%,monetary policy,major,cut,-159.99999999999997,NZ,basis points,https://data.bis.org/topics/CBPOL
1991-04-01,Belgium,Belgium cut 20bp to 9.3%,monetary policy,minor,cut,-19.99999999999993,BE,basis points,https://data.bis.org/topics/CBPOL
1991-04-01,Germany,Germany hike 10bp to 8.6%,monetary policy,minor,hike,9.999999999999964,DE,basis points,https://data.bis.org/topics/CBPOL
1991-04-01,United Kingdom,United Kingdom cut 50bp to 11.88%,monetary policy,standard,cut,-50.0,GB,basis points,https://data.bis.org/topics/CBPOL
1991-04-01,Brazil,Brazil cut 4974bp to 193.85%,monetary policy,major,cut,-4974.000000000001,BR,basis points,https://data.bis.org/topics/CBPOL
1991-04-01,Norway,Norway cut 45bp to 9.75%,monetary policy,standard,cut,-44.99999999999993,NO,basis points,https://data.bis.org/topics/CBPOL
1991-04-01,Philippines,Philippines cut 100bp to 4.5%,monetary policy,major,cut,-100.0,PH,basis points,https://data.bis.org/topics/CBPOL
1991-04-01,Canada,Canada cut 43bp to 9.49%,monetary policy,standard,cut,-42.99999999999997,CA,basis points,https://data.bis.org/topics/CBPOL
1991-04-01,United States,United States cut 25bp to 5.75%,monetary policy,standard,cut,-25.0,US,basis points,https://data.bis.org/topics/CBPOL
1991-05-01,Australia,Australia cut 100bp to 10.5%,monetary policy,major,cut,-100.0,AU,basis points,https://data.bis.org/topics/CBPOL
1991-05-01,Brazil,Brazil hike 2324bp to 217.09%,monetary policy,major,hike,2324.000000000001,BR,basis points,https://data.bis.org/topics/CBPOL
1991-05-01,Norway,Norway cut 25bp to 9.5%,monetary policy,standard,cut,-25.0,NO,basis points,https://data.bis.org/topics/CBPOL
1991-05-01,United Kingdom,United Kingdom cut 50bp to 11.38%,monetary policy,standard,cut,-50.0,GB,basis points,https://data.bis.org/topics/CBPOL
1991-05-01,Denmark,Denmark cut 50bp to 9.0%,monetary policy,standard,cut,-50.0,DK,basis points,https://data.bis.org/topics/CBPOL
1991-05-01,Sweden,Sweden cut 200bp to 10.0%,monetary policy,major,cut,-200.0,SE,basis points,https://data.bis.org/topics/CBPOL
1991-05-01,Philippines,Philippines hike 50bp to 5.0%,monetary policy,standard,hike,50.0,PH,basis points,https://data.bis.org/topics/CBPOL
1991-05-01,Canada,Canada cut 43bp to 9.06%,monetary policy,standard,cut,-42.99999999999997,CA,basis points,https://data.bis.org/topics/CBPOL
1991-05-01,New Zealand,New Zealand cut 20bp to 10.2%,monetary policy,minor,cut,-20.000000000000107,NZ,basis points,https://data.bis.org/topics/CBPOL
1991-05-01,Belgium,Belgium cut 5bp to 9.25%,monetary policy,minor,cut,-5.000000000000071,BE,basis points,https://data.bis.org/topics/CBPOL
1991-05-01,Spain,Spain cut 75bp to 12.75%,monetary policy,major,cut,-75.0,ES,basis points,https://data.bis.org/topics/CBPOL
1991-05-01,Italy,Italy cut 100bp to 11.5%,monetary policy,major,cut,-100.0,IT,basis points,https://data.bis.org/topics/CBPOL
1991-06-01,Canada,Canada cut 16bp to 8.9%,monetary policy,minor,cut,-16.000000000000014,CA,basis points,https://data.bis.org/topics/CBPOL
1991-06-01,New Zealand,New Zealand cut 15bp to 10.05%,monetary policy,minor,cut,-14.999999999999858,NZ,basis points,https://data.bis.org/topics/CBPOL
1991-06-01,Germany,Germany hike 15bp to 8.75%,monetary policy,minor,hike,15.000000000000036,DE,basis points,https://data.bis.org/topics/CBPOL
1991-06-01,Brazil,Brazil hike 3729bp to 254.38%,monetary policy,major,hike,3728.999999999999,BR,basis points,https://data.bis.org/topics/CBPOL
1991-06-01,Philippines,Philippines hike 39bp to 5.39%,monetary policy,standard,hike,38.60000000000001,PH,basis points,https://data.bis.org/topics/CBPOL
1991-07-01,United Kingdom,United Kingdom cut 50bp to 10.88%,monetary policy,standard,cut,-50.0,GB,basis points,https://data.bis.org/topics/CBPOL
1991-07-01,Brazil,Brazil hike 6868bp to 323.06%,monetary policy,major,hike,6868.000000000001,BR,basis points,https://data.bis.org/topics/CBPOL
1991-07-01,India,India hike 100bp to 11.0%,monetary policy,major,hike,100.0,IN,basis points,https://data.bis.org/topics/CBPOL
1991-07-01,Japan,Japan cut 50bp to 5.5%,monetary policy,standard,cut,-50.0,JP,basis points,https://data.bis.org/topics/CBPOL
1991-07-01,Canada,Canada hike 4bp to 8.94%,monetary policy,minor,hike,3.9999999999999147,CA,basis points,https://data.bis.org/topics/CBPOL
1991-07-01,Germany,Germany hike 5bp to 8.8%,monetary policy,minor,hike,5.000000000000071,DE,basis points,https://data.bis.org/topics/CBPOL
1991-07-01,New Zealand,New Zealand cut 30bp to 9.75%,monetary policy,standard,cut,-30.00000000000007,NZ,basis points,https://data.bis.org/topics/CBPOL
1991-07-01,Philippines,Philippines hike 811bp to 13.5%,monetary policy,major,hike,811.4000000000001,PH,basis points,https://data.bis.org/topics/CBPOL
1991-08-01,Germany,Germany hike 20bp to 9.0%,monetary policy,minor,hike,19.99999999999993,DE,basis points,https://data.bis.org/topics/CBPOL
1991-08-01,Brazil,Brazil hike 38986bp to 712.92%,monetary policy,major,hike,38985.99999999999,BR,basis points,https://data.bis.org/topics/CBPOL
1991-08-01,Switzerland,Switzerland hike 100bp to 7.0%,monetary policy,major,hike,100.0,CH,basis points,https://data.bis.org/topics/CBPOL
1991-08-01,Netherlands,Netherlands hike 25bp to 8.75%,monetary policy,standard,hike,25.0,NL,basis points,https://data.bis.org/topics/CBPOL
1991-08-01,New Zealand,New Zealand cut 35bp to 9.4%,monetary policy,standard,cut,-34.999999999999964,NZ,basis points,https://data.bis.org/topics/CBPOL
1991-08-01,Philippines,Philippines hike 300bp to 16.5%,monetary policy,major,hike,300.0,PH,basis points,https://data.bis.org/topics/CBPOL
1991-08-01,Spain,Spain cut 15bp to 12.6%,monetary policy,minor,cut,-15.000000000000036,ES,basis points,https://data.bis.org/topics/CBPOL
1991-08-01,Austria,Austria hike 38bp to 8.88%,monetary policy,standard,hike,38.00000000000008,AT,basis points,https://data.bis.org/topics/CBPOL
1991-08-01,Belgium,Belgium hike 15bp to 9.4%,monetary policy,minor,hike,15.000000000000036,BE,basis points,https://data.bis.org/topics/CBPOL
1991-08-01,United States,United States cut 25bp to 5.5%,monetary policy,standard,cut,-25.0,US,basis points,https://data.bis.org/topics/CBPOL
1991-08-01,Canada,Canada cut 16bp to 8.78%,monetary policy,minor,cut,-16.000000000000014,CA,basis points,https://data.bis.org/topics/CBPOL
1991-08-01,Denmark,Denmark hike 50bp to 9.5%,monetary policy,standard,hike,50.0,DK,basis points,https://data.bis.org/topics/CBPOL
1991-09-01,Australia,Australia cut 100bp to 9.5%,monetary policy,major,cut,-100.0,AU,basis points,https://data.bis.org/topics/CBPOL
1991-09-01,Brazil,Brazil hike 5312bp to 766.04%,monetary policy,major,hike,5312.0,BR,basis points,https://data.bis.org/topics/CBPOL
1991-09-01,United States,United States cut 25bp to 5.25%,monetary policy,standard,cut,-25.0,US,basis points,https://data.bis.org/topics/CBPOL
1991-09-01,New Zealand,New Zealand cut 180bp to 7.6%,monetary policy,major,cut,-180.00000000000006,NZ,basis points,https://data.bis.org/topics/CBPOL
1991-09-01,Belgium,Belgium hike 10bp to 9.5%,monetary policy,minor,hike,9.999999999999964,BE,basis points,https://data.bis.org/topics/CBPOL
1991-09-01,United Kingdom,United Kingdom cut 50bp to 10.38%,monetary policy,standard,cut,-50.0,GB,basis points,https://data.bis.org/topics/CBPOL
1991-09-01,Canada,Canada cut 19bp to 8.59%,monetary policy,minor,cut,-18.99999999999995,CA,basis points,https://data.bis.org/topics/CBPOL
1991-09-01,Norway,Norway hike 50bp to 10.0%,monetary policy,standard,hike,50.0,NO,basis points,https://data.bis.org/topics/CBPOL
1991-10-01,Sweden,Sweden hike 50bp to 10.5%,monetary policy,standard,hike,50.0,SE,basis points,https://data.bis.org/topics/CBPOL
1991-10-01,United States,United States cut 25bp to 5.0%,monetary policy,standard,cut,-25.0,US,basis points,https://data.bis.org/topics/CBPOL
1991-10-01,Belgium,Belgium hike 10bp to 9.6%,monetary policy,minor,hike,9.999999999999964,BE,basis points,https://data.bis.org/topics/CBPOL
1991-10-01,France,France cut 25bp to 8.75%,monetary policy,standard,cut,-25.0,FR,basis points,https://data.bis.org/topics/CBPOL
1991-10-01,Brazil,Brazil hike 245447bp to 3220.51%,monetary policy,major,hike,245447.00000000003,BR,basis points,https://data.bis.org/topics/CBPOL
1991-10-01,India,India hike 100bp to 12.0%,monetary policy,major,hike,100.0,IN,basis points,https://data.bis.org/topics/CBPOL
1991-10-01,Denmark,Denmark cut 50bp to 9.0%,monetary policy,standard,cut,-50.0,DK,basis points,https://data.bis.org/topics/CBPOL
1991-10-01,Canada,Canada cut 55bp to 8.04%,monetary policy,standard,cut,-55.00000000000007,CA,basis points,https://data.bis.org/topics/CBPOL
1991-10-01,New Zealand,New Zealand hike 70bp to 8.3%,monetary policy,standard,hike,70.00000000000011,NZ,basis points,https://data.bis.org/topics/CBPOL
1991-10-01,Philippines,Philippines cut 1150bp to 5.0%,monetary policy,major,cut,-1150.0,PH,basis points,https://data.bis.org/topics/CBPOL
1991-11-01,Philippines,Philippines cut 50bp to 4.5%,monetary policy,standard,cut,-50.0,PH,basis points,https://data.bis.org/topics/CBPOL
1991-11-01,Spain,Spain cut 10bp to 12.5%,monetary policy,minor,cut,-9.999999999999964,ES,basis points,https://data.bis.org/topics/CBPOL
1991-11-01,Brazil,Brazil hike 275bp to 3223.26%,monetary policy,major,hike,275.0,BR,basis points,https://data.bis.org/topics/CBPOL
1991-11-01,United States,United States cut 25bp to 4.75%,monetary policy,standard,cut,-25.0,US,basis points,https://data.bis.org/topics/CBPOL
1991-11-01,Sweden,Sweden hike 100bp to 11.5%,monetary policy,major,hike,100.0,SE,basis points,https://data.bis.org/topics/CBPOL
1991-11-01,Canada,Canada cut 38bp to 7.66%,monetary policy,standard,cut,-37.9999999999999,CA,basis points,https://data.bis.org/topics/CBPOL
1991-11-01,Australia,Australia cut 100bp to 8.5%,monetary policy,major,cut,-100.0,AU,basis points,https://data.bis.org/topics/CBPOL
1991-11-01,France,France hike 50bp to 9.25%,monetary policy,standard,hike,50.0,FR,basis points,https://data.bis.org/topics/CBPOL
1991-11-01,Germany,Germany hike 5bp to 9.05%,monetary policy,minor,hike,5.000000000000071,DE,basis points,https://data.bis.org/topics/CBPOL
1991-11-01,New Zealand,New Zealand cut 5bp to 8.25%,monetary policy,minor,cut,-5.000000000000071,NZ,basis points,https://data.bis.org/topics/CBPOL
1991-11-01,Japan,Japan cut 50bp to 5.0%,monetary policy,standard,cut,-50.0,JP,basis points,https://data.bis.org/topics/CBPOL
1991-12-01,New Zealand,New Zealand cut 105bp to 7.2%,monetary policy,major,cut,-104.99999999999999,NZ,basis points,https://data.bis.org/topics/CBPOL
1991-12-01,France,France hike 35bp to 9.6%,monetary policy,standard,hike,34.999999999999964,FR,basis points,https://data.bis.org/topics/CBPOL
1991-12-01,Japan,Japan cut 50bp to 4.5%,monetary policy,standard,cut,-50.0,JP,basis points,https://data.bis.org/topics/CBPOL
1991-12-01,Philippines,Philippines hike 150bp to 6.0%,monetary policy,major,hike,150.0,PH,basis points,https://data.bis.org/topics/CBPOL
1991-12-01,Austria,Austria hike 37bp to 9.25%,monetary policy,standard,hike,36.99999999999992,AT,basis points,https://data.bis.org/topics/CBPOL
1991-12-01,Netherlands,Netherlands hike 50bp to 9.25%,monetary policy,standard,hike,50.0,NL,basis points,https://data.bis.org/topics/CBPOL
1991-12-01,United States,United States cut 75bp to 4.0%,monetary policy,major,cut,-75.0,US,basis points,https://data.bis.org/topics/CBPOL
1991-12-01,Italy,Italy hike 50bp to 12.0%,monetary policy,standard,hike,50.0,IT,basis points,https://data.bis.org/topics/CBPOL
1991-12-01,Sweden,Sweden hike 300bp to 14.5%,monetary policy,major,hike,300.0,SE,basis points,https://data.bis.org/topics/CBPOL
1991-12-01,Denmark,Denmark hike 50bp to 9.5%,monetary policy,standard,hike,50.0,DK,basis points,https://data.bis.org/topics/CBPOL
1991-12-01,Brazil,Brazil cut 142775bp to 1795.51%,monetary policy,major,cut,-142775.00000000003,BR,basis points,https://data.bis.org/topics/CBPOL
1991-12-01,Germany,Germany hike 50bp to 9.55%,monetary policy,standard,hike,50.0,DE,basis points,https://data.bis.org/topics/CBPOL
1991-12-01,Belgium,Belgium hike 20bp to 9.8%,monetary policy,minor,hike,20.000000000000107,BE,basis points,https://data.bis.org/topics/CBPOL
1992-01-01,Germany,Germany cut 15bp to 9.4%,monetary policy,minor,cut,-15.000000000000036,DE,basis points,https://data.bis.org/topics/CBPOL
1992-01-01,Philippines,Philippines cut 150bp to 4.5%,monetary policy,major,cut,-150.0,PH,basis points,https://data.bis.org/topics/CBPOL
1992-01-01,Belgium,Belgium hike 10bp to 9.9%,monetary policy,minor,hike,9.999999999999964,BE,basis points,https://data.bis.org/topics/CBPOL
1992-01-01,Brazil,Brazil hike 22126bp to 2016.77%,monetary policy,major,hike,22126.0,BR,basis points,https://data.bis.org/topics/CBPOL
1992-01-01,Canada,Canada cut 38bp to 7.29%,monetary policy,standard,cut,-37.999999999999986,CA,basis points,https://data.bis.org/topics/CBPOL
1992-01-01,Spain,Spain hike 15bp to 12.65%,monetary policy,minor,hike,15.000000000000036,ES,basis points,https://data.bis.org/topics/CBPOL
1992-01-01,Sweden,Sweden cut 250bp to 12.0%,monetary policy,major,cut,-250.0,SE,basis points,https://data.bis.org/topics/CBPOL
1992-01-01,Australia,Australia cut 100bp to 7.5%,monetary policy,major,cut,-100.0,AU,basis points,https://data.bis.org/topics/CBPOL
1992-02-01,Germany,Germany hike 5bp to 9.45%,monetary policy,minor,hike,4.999999999999893,DE,basis points,https://data.bis.org/topics/CBPOL
1992-02-01,Canada,Canada hike 21bp to 7.5%,monetary policy,minor,hike,20.999999999999996,CA,basis points,https://data.bis.org/topics/CBPOL
1992-02-01,Spain,Spain cut 25bp to 12.4%,monetary policy,standard,cut,-25.0,ES,basis points,https://data.bis.org/topics/CBPOL
1992-02-01,New Zealand,New Zealand hike 10bp to 7.3%,monetary policy,minor,hike,9.999999999999964,NZ,basis points,https://data.bis.org/topics/CBPOL
1992-02-01,Brazil,Brazil hike 18504bp to 2201.81%,monetary policy,major,hike,18503.999999999996,BR,basis points,https://data.bis.org/topics/CBPOL
1992-02-01,Belgium,Belgium cut 10bp to 9.8%,monetary policy,minor,cut,-9.999999999999964,BE,basis points,https://data.bis.org/topics/CBPOL
1992-03-01,Germany,Germany hike 10bp to 9.55%,monetary policy,minor,hike,10.000000000000142,DE,basis points,https://data.bis.org/topics/CBPOL
1992-03-01,New Zealand,New Zealand cut 50bp to 6.8%,monetary policy,standard,cut,-50.0,NZ,basis points,https://data.bis.org/topics/CBPOL
1992-03-01,Brazil,Brazil cut 47733bp to 1724.48%,monetary policy,major,cut,-47732.99999999999,BR,basis points,https://data.bis.org/topics/CBPOL
1992-03-01,Philippines,Philippines hike 50bp to 5.0%,monetary policy,standard,hike,50.0,PH,basis points,https://data.bis.org/topics/CBPOL
1992-03-01,South Africa,South Africa cut 100bp to 16.0%,monetary policy,major,cut,-100.0,ZA,basis points,https://data.bis.org/topics/CBPOL
1992-03-01,Sweden,Sweden cut 100bp to 11.0%,monetary policy,major,cut,-100.0,SE,basis points,https://data.bis.org/topics/CBPOL
1992-04-01,Brazil,Brazil cut 37384bp to 1350.64%,monetary policy,major,cut,-37383.99999999999,BR,basis points,https://data.bis.org/topics/CBPOL
1992-04-01,Denmark,Denmark hike 35bp to 9.85%,monetary policy,standard,hike,34.999999999999964,DK,basis points,https://data.bis.org/topics/CBPOL
1992-04-01,Sweden,Sweden hike 50bp to 11.5%,monetary policy,standard,hike,50.0,SE,basis points,https://data.bis.org/topics/CBPOL
1992-04-01,New Zealand,New Zealand cut 10bp to 6.7%,monetary policy,minor,cut,-9.999999999999964,NZ,basis points,https://data.bis.org/topics/CBPOL
1992-04-01,Philippines,Philippines hike 100bp to 6.0%,monetary policy,major,hike,100.0,PH,basis points,https://data.bis.org/topics/CBPOL
1992-04-01,Japan,Japan cut 75bp to 3.75%,monetary policy,major,cut,-75.0,JP,basis points,https://data.bis.org/topics/CBPOL
1992-04-01,Canada,Canada cut 52bp to 6.97%,monetary policy,standard,cut,-52.00000000000004,CA,basis points,https://data.bis.org/topics/CBPOL
1992-04-01,Russia,Russia hike 3000bp to 50.0%,monetary policy,major,hike,3000.0,RU,basis points,https://data.bis.org/topics/CBPOL
1992-04-01,United States,United States cut 25bp to 3.75%,monetary policy,standard,cut,-25.0,US,basis points,https://data.bis.org/topics/CBPOL
1992-04-01,Germany,Germany hike 5bp to 9.6%,monetary policy,minor,hike,4.999999999999893,DE,basis points,https://data.bis.org/topics/CBPOL
1992-05-01,Canada,Canada cut 64bp to 6.33%,monetary policy,standard,cut,-63.99999999999997,CA,basis points,https://data.bis.org/topics/CBPOL
1992-05-01,New Zealand,New Zealand hike 10bp to 6.8%,monetary policy,minor,hike,9.999999999999964,NZ,basis points,https://data.bis.org/topics/CBPOL
1992-05-01,Russia,Russia hike 3000bp to 80.0%,monetary policy,major,hike,3000.0,RU,basis points,https://data.bis.org/topics/CBPOL
1992-05-01,Brazil,Brazil cut 14208bp to 1208.56%,monetary policy,major,cut,-14208.000000000015,BR,basis points,https://data.bis.org/topics/CBPOL
1992-05-01,United Kingdom,United Kingdom cut 50bp to 9.88%,monetary policy,standard,cut,-50.0,GB,basis points,https://data.bis.org/topics/CBPOL
1992-05-01,Philippines,Philippines hike 100bp to 7.0%,monetary policy,major,hike,100.0,PH,basis points,https://data.bis.org/topics/CBPOL
1992-05-01,Australia,Australia cut 100bp to 6.5%,monetary policy,major,cut,-100.0,AU,basis points,https://data.bis.org/topics/CBPOL
1992-05-01,Germany,Germany hike 5bp to 9.65%,monetary policy,minor,hike,5.000000000000071,DE,basis points,https://data.bis.org/topics/CBPOL
1992-06-01,Denmark,Denmark hike 45bp to 10.3%,monetary policy,standard,hike,45.00000000000011,DK,basis points,https://data.bis.org/topics/CBPOL
1992-06-01,Philippines,Philippines hike 300bp to 10.0%,monetary policy,major,hike,300.0,PH,basis points,https://data.bis.org/topics/CBPOL
1992-06-01,South Africa,South Africa cut 100bp to 15.0%,monetary policy,major,cut,-100.0,ZA,basis points,https://data.bis.org/topics/CBPOL
1992-06-01,Canada,Canada cut 48bp to 5.85%,monetary policy,standard,cut,-48.00000000000004,CA,basis points,https://data.bis.org/topics/CBPOL
1992-06-01,New Zealand,New Zealand cut 30bp to 6.5%,monetary policy,standard,cut,-29.999999999999982,NZ,basis points,https://data.bis.org/topics/CBPOL
1992-06-01,Brazil,Brazil cut 435bp to 1204.21%,monetary policy,major,cut,-434.9999999999909,BR,basis points,https://data.bis.org/topics/CBPOL
1992-07-01,Germany,Germany hike 5bp to 9.7%,monetary policy,minor,hike,4.999999999999893,DE,basis points,https://data.bis.org/topics/CBPOL
1992-07-01,Italy,Italy hike 175bp to 13.75%,monetary policy,major,hike,175.0,IT,basis points,https://data.bis.org/topics/CBPOL
1992-07-01,United States,United States cut 50bp to 3.25%,monetary policy,standard,cut,-50.0,US,basis points,https://data.bis.org/topics/CBPOL
1992-07-01,Austria,Austria hike 25bp to 9.5%,monetary policy,standard,hike,25.0,AT,basis points,https://data.bis.org/topics/CBPOL
1992-07-01,Sweden,Sweden hike 50bp to 12.0%,monetary policy,standard,hike,50.0,SE,basis points,https://data.bis.org/topics/CBPOL
1992-07-01,Japan,Japan cut 50bp to 3.25%,monetary policy,standard,cut,-50.0,JP,basis points,https://data.bis.org/topics/CBPOL
1992-07-01,Australia,Australia cut 75bp to 5.75%,monetary policy,major,cut,-75.0,AU,basis points,https://data.bis.org/topics/CBPOL
1992-07-01,Canada,Canada cut 43bp to 5.42%,monetary policy,standard,cut,-42.99999999999997,CA,basis points,https://data.bis.org/topics/CBPOL
1992-07-01,New Zealand,New Zealand cut 30bp to 6.2%,monetary policy,standard,cut,-29.999999999999982,NZ,basis points,https://data.bis.org/topics/CBPOL
1992-07-01,Belgium,Belgium hike 15bp to 9.95%,monetary policy,minor,hike,14.999999999999858,BE,basis points,https://data.bis.org/topics/CBPOL
1992-07-01,Spain,Spain hike 60bp to 13.0%,monetary policy,standard,hike,59.999999999999964,ES,basis points,https://data.bis.org/topics/CBPOL
1992-07-01,Philippines,Philippines hike 400bp to 14.0%,monetary policy,major,hike,400.0,PH,basis points,https://data.bis.org/topics/CBPOL
1992-07-01,Brazil,Brazil hike 11896bp to 1323.17%,monetary policy,major,hike,11896.000000000004,BR,basis points,https://data.bis.org/topics/CBPOL
1992-08-01,Canada,Canada cut 35bp to 5.07%,monetary policy,standard,cut,-34.999999999999964,CA,basis points,https://data.bis.org/topics/CBPOL
1992-08-01,Philippines,Philippines hike 150bp to 15.5%,monetary policy,major,hike,150.0,PH,basis points,https://data.bis.org/topics/CBPOL
1992-08-01,Belgium,Belgium hike 25bp to 10.2%,monetary policy,standard,hike,25.0,BE,basis points,https://data.bis.org/topics/CBPOL
1992-08-01,Brazil,Brazil hike 25034bp to 1573.51%,monetary policy,major,hike,25033.999999999993,BR,basis points,https://data.bis.org/topics/CBPOL
1992-08-01,Italy,Italy cut 50bp to 13.25%,monetary policy,standard,cut,-50.0,IT,basis points,https://data.bis.org/topics/CBPOL
1992-08-01,Sweden,Sweden hike 400bp to 16.0%,monetary policy,major,hike,400.0,SE,basis points,https://data.bis.org/topics/CBPOL
1992-09-01,Italy,Italy hike 175bp to 15.0%,monetary policy,major,hike,175.0,IT,basis points,https://data.bis.org/topics/CBPOL
1992-09-01,United States,United States cut 25bp to 3.0%,monetary policy,standard,cut,-25.0,US,basis points,https://data.bis.org/topics/CBPOL
1992-09-01,New Zealand,New Zealand hike 25bp to 6.45%,monetary policy,standard,hike,25.0,NZ,basis points,https://data.bis.org/topics/CBPOL
1992-09-01,Germany,Germany cut 50bp to 9.2%,monetary policy,standard,cut,-50.0,DE,basis points,https://data.bis.org/topics/CBPOL
1992-09-01,Norway,Norway hike 100bp to 11.0%,monetary policy,major,hike,100.0,NO,basis points,https://data.bis.org/topics/CBPOL
1992-09-01,United Kingdom,United Kingdom cut 100bp to 8.88%,monetary policy,major,cut,-100.0,GB,basis points,https://data.bis.org/topics/CBPOL
1992-09-01,Denmark,Denmark cut 15bp to 10.15%,monetary policy,minor,cut,-15.000000000000036,DK,basis points,https://data.bis.org/topics/CBPOL
1992-09-01,Canada,Canada hike 62bp to 5.69%,monetary policy,standard,hike,62.000000000000014,CA,basis points,https://data.bis.org/topics/CBPOL
1992-09-01,Brazil,Brazil hike 28601bp to 1859.52%,monetary policy,major,hike,28601.0,BR,basis points,https://data.bis.org/topics/CBPOL
1992-09-01,Sweden,Sweden hike 2400bp to 40.0%,monetary policy,major,hike,2400.0,SE,basis points,https://data.bis.org/topics/CBPOL
1992-09-01,Belgium,Belgium cut 70bp to 9.5%,monetary policy,standard,cut,-69.99999999999993,BE,basis points,https://data.bis.org/topics/CBPOL
1992-09-01,Switzerland,Switzerland cut 100bp to 6.0%,monetary policy,major,cut,-100.0,CH,basis points,https://data.bis.org/topics/CBPOL
1992-09-01,Netherlands,Netherlands cut 50bp to 8.75%,monetary policy,standard,cut,-50.0,NL,basis points,https://data.bis.org/topics/CBPOL
1992-09-01,Philippines,Philippines cut 125bp to 14.25%,monetary policy,major,cut,-125.0,PH,basis points,https://data.bis.org/topics/CBPOL
1992-09-01,Austria,Austria cut 75bp to 8.75%,monetary policy,major,cut,-75.0,AT,basis points,https://data.bis.org/topics/CBPOL
1992-10-01,Sweden,Sweden cut 2750bp to 12.5%,monetary policy,major,cut,-2750.0,SE,basis points,https://data.bis.org/topics/CBPOL
1992-10-01,Philippines,Philippines cut 75bp to 13.5%,monetary policy,major,cut,-75.0,PH,basis points,https://data.bis.org/topics/CBPOL
1992-10-01,Italy,Italy cut 100bp to 14.0%,monetary policy,major,cut,-100.0,IT,basis points,https://data.bis.org/topics/CBPOL
1992-10-01,Canada,Canada hike 61bp to 6.3%,monetary policy,standard,hike,60.99999999999994,CA,basis points,https://data.bis.org/topics/CBPOL
1992-10-01,New Zealand,New Zealand cut 35bp to 6.1%,monetary policy,standard,cut,-35.00000000000006,NZ,basis points,https://data.bis.org/topics/CBPOL
1992-10-01,Belgium,Belgium cut 25bp to 9.25%,monetary policy,standard,cut,-25.0,BE,basis points,https://data.bis.org/topics/CBPOL
1992-10-01,United Kingdom,United Kingdom cut 100bp to 7.88%,monetary policy,major,cut,-100.0,GB,basis points,https://data.bis.org/topics/CBPOL
1992-10-01,Germany,Germany cut 45bp to 8.75%,monetary policy,standard,cut,-44.99999999999993,DE,basis points,https://data.bis.org/topics/CBPOL
1992-10-01,Denmark,Denmark hike 75bp to 10.9%,monetary policy,major,hike,75.0,DK,basis points,https://data.bis.org/topics/CBPOL
1992-10-01,Austria,Austria cut 25bp to 8.5%,monetary policy,standard,cut,-25.0,AT,basis points,https://data.bis.org/topics/CBPOL
1992-10-01,Hungary,Hungary cut 100bp to 21.0%,monetary policy,major,cut,-100.0,HU,basis points,https://data.bis.org/topics/CBPOL
1992-10-01,Netherlands,Netherlands cut 25bp to 8.5%,monetary policy,standard,cut,-25.0,NL,basis points,https://data.bis.org/topics/CBPOL
1992-10-01,Brazil,Brazil hike 12759bp to 1987.11%,monetary policy,major,hike,12758.999999999993,BR,basis points,https://data.bis.org/topics/CBPOL
1992-11-01,South Africa,South Africa cut 100bp to 14.0%,monetary policy,major,cut,-100.0,ZA,basis points,https://data.bis.org/topics/CBPOL
1992-11-01,Denmark,Denmark hike 410bp to 15.0%,monetary policy,major,hike,409.99999999999994,DK,basis points,https://data.bis.org/topics/CBPOL
1992-11-01,Philippines,Philippines cut 50bp to 13.0%,monetary policy,standard,cut,-50.0,PH,basis points,https://data.bis.org/topics/CBPOL
1992-11-01,France,France cut 50bp to 9.1%,monetary policy,standard,cut,-50.0,FR,basis points,https://data.bis.org/topics/CBPOL
1992-11-01,Norway,Norway hike 600bp to 17.0%,monetary policy,major,hike,600.0,NO,basis points,https://data.bis.org/topics/CBPOL
1992-11-01,Brazil,Brazil cut 68390bp to 1303.21%,monetary policy,major,cut,-68389.99999999999,BR,basis points,https://data.bis.org/topics/CBPOL
1992-11-01,Canada,Canada hike 252bp to 8.82%,monetary policy,major,hike,252.00000000000006,CA,basis points,https://data.bis.org/topics/CBPOL
1992-11-01,Spain,Spain hike 75bp to 13.75%,monetary policy,major,hike,75.0,ES,basis points,https://data.bis.org/topics/CBPOL
1992-11-01,Italy,Italy cut 100bp to 13.0%,monetary policy,major,cut,-100.0,IT,basis points,https://data.bis.org/topics/CBPOL
1992-11-01,New Zealand,New Zealand cut 5bp to 6.05%,monetary policy,minor,cut,-4.999999999999982,NZ,basis points,https://data.bis.org/topics/CBPOL
1992-11-01,Belgium,Belgium cut 5bp to 9.2%,monetary policy,minor,cut,-5.000000000000071,BE,basis points,https://data.bis.org/topics/CBPOL
1992-11-01,United Kingdom,United Kingdom cut 100bp to 6.88%,monetary policy,major,cut,-100.0,GB,basis points,https://data.bis.org/topics/CBPOL
1992-12-01,New Zealand,New Zealand hike 240bp to 8.45%,monetary policy,major,hike,239.99999999999994,NZ,basis points,https://data.bis.org/topics/CBPOL
1992-12-01,Italy,Italy cut 100bp to 12.0%,monetary policy,major,cut,-100.0,IT,basis points,https://data.bis.org/topics/CBPOL
1992-12-01,Denmark,Denmark cut 200bp to 13.0%,monetary policy,major,cut,-200.0,DK,basis points,https://data.bis.org/topics/CBPOL
1992-12-01,Norway,Norway cut 600bp to 11.0%,monetary policy,major,cut,-600.0,NO,basis points,https://data.bis.org/topics/CBPOL
1992-12-01,Canada,Canada cut 146bp to 7.36%,monetary policy,major,cut,-146.0,CA,basis points,https://data.bis.org/topics/CBPOL
1992-12-01,Belgium,Belgium cut 10bp to 9.1%,monetary policy,minor,cut,-9.999999999999964,BE,basis points,https://data.bis.org/topics/CBPOL
1992-12-01,Netherlands,Netherlands cut 25bp to 8.25%,monetary policy,standard,cut,-25.0,NL,basis points,https://data.bis.org/topics/CBPOL
1992-12-01,Sweden,Sweden cut 150bp to 11.0%,monetary policy,major,cut,-150.0,SE,basis points,https://data.bis.org/topics/CBPOL
1992-12-01,Philippines,Philippines cut 19bp to 12.81%,monetary policy,minor,cut,-18.75,PH,basis points,https://data.bis.org/topics/CBPOL
1992-12-01,Brazil,Brazil hike 35435bp to 1657.56%,monetary policy,major,hike,35434.99999999999,BR,basis points,https://data.bis.org/topics/CBPOL
1993-01-01,Canada,Canada cut 55bp to 6.81%,monetary policy,standard,cut,-55.00000000000007,CA,basis points,https://data.bis.org/topics/CBPOL
1993-01-01,United Kingdom,United Kingdom cut 100bp to 5.88%,monetary policy,major,cut,-100.0,GB,basis points,https://data.bis.org/topics/CBPOL
1993-01-01,Austria,Austria cut 20bp to 8.3%,monetary policy,minor,cut,-19.99999999999993,AT,basis points,https://data.bis.org/topics/CBPOL
1993-01-01,Denmark,Denmark cut 150bp to 11.5%,monetary policy,major,cut,-150.0,DK,basis points,https://data.bis.org/topics/CBPOL
1993-01-01,Spain,Spain cut 50bp to 13.25%,monetary policy,standard,cut,-50.099999999999945,ES,basis points,https://data.bis.org/topics/CBPOL
1993-01-01,Netherlands,Netherlands cut 25bp to 8.0%,monetary policy,standard,cut,-25.0,NL,basis points,https://data.bis.org/topics/CBPOL
1993-01-01,Hungary,Hungary cut 100bp to 20.0%,monetary policy,major,cut,-100.0,HU,basis points,https://data.bis.org/topics/CBPOL
1993-01-01,Belgium,Belgium cut 20bp to 8.9%,monetary policy,minor,cut,-19.99999999999993,BE,basis points,https://data.bis.org/topics/CBPOL
1993-01-01,New Zealand,New Zealand cut 70bp to 7.75%,monetary policy,standard,cut,-69.99999999999993,NZ,basis points,https://data.bis.org/topics/CBPOL
1993-01-01,Philippines,Philippines cut 81bp to 12.0%,monetary policy,major,cut,-81.25,PH,basis points,https://data.bis.org/topics/CBPOL
1993-01-01,Sweden,Sweden cut 50bp to 10.5%,monetary policy,standard,cut,-50.0,SE,basis points,https://data.bis.org/topics/CBPOL
1993-01-01,Switzerland,Switzerland cut 50bp to 5.5%,monetary policy,standard,cut,-50.0,CH,basis points,https://data.bis.org/topics/CBPOL
1993-01-01,Germany,Germany cut 16bp to 8.59%,monetary policy,minor,cut,-16.000000000000014,DE,basis points,https://data.bis.org/topics/CBPOL
1993-01-01,Brazil,Brazil hike 168906bp to 3346.62%,monetary policy,major,hike,168906.0,BR,basis points,https://data.bis.org/topics/CBPOL
1993-01-01,Norway,Norway cut 100bp to 10.0%,monetary policy,major,cut,-100.0,NO,basis points,https://data.bis.org/topics/CBPOL
1993-02-01,Japan,Japan cut 75bp to 2.5%,monetary policy,major,cut,-75.0,JP,basis points,https://data.bis.org/topics/CBPOL
1993-02-01,Germany,Germany cut 9bp to 8.5%,monetary policy,minor,cut,-8.999999999999986,DE,basis points,https://data.bis.org/topics/CBPOL
1993-02-01,New Zealand,New Zealand cut 25bp to 7.5%,monetary policy,standard,cut,-25.0,NZ,basis points,https://data.bis.org/topics/CBPOL
1993-02-01,Austria,Austria cut 30bp to 8.0%,monetary policy,standard,cut,-30.00000000000007,AT,basis points,https://data.bis.org/topics/CBPOL
1993-02-01,Norway,Norway cut 75bp to 9.25%,monetary policy,major,cut,-75.0,NO,basis points,https://data.bis.org/topics/CBPOL
1993-02-01,Spain,Spain cut 25bp to 13.0%,monetary policy,minor,cut,-24.900000000000055,ES,basis points,https://data.bis.org/topics/CBPOL
1993-02-01,Brazil,Brazil cut 116194bp to 2184.68%,monetary policy,major,cut,-116194.0,BR,basis points,https://data.bis.org/topics/CBPOL
1993-02-01,Canada,Canada cut 72bp to 6.09%,monetary policy,standard,cut,-71.99999999999997,CA,basis points,https://data.bis.org/topics/CBPOL
1993-02-01,South Africa,South Africa cut 100bp to 13.0%,monetary policy,major,cut,-100.0,ZA,basis points,https://data.bis.org/topics/CBPOL
1993-02-01,Croatia,Croatia hike 40000bp to 1560.0%,monetary policy,major,hike,40000.0,HR,basis points,https://data.bis.org/topics/CBPOL
1993-02-01,Denmark,Denmark hike 100bp to 12.5%,monetary policy,major,hike,100.0,DK,basis points,https://data.bis.org/topics/CBPOL
1993-02-01,Philippines,Philippines cut 50bp to 11.5%,monetary policy,standard,cut,-50.0,PH,basis points,https://data.bis.org/topics/CBPOL
1993-02-01,Sweden,Sweden cut 75bp to 9.75%,monetary policy,major,cut,-75.0,SE,basis points,https://data.bis.org/topics/CBPOL
1993-02-01,Italy,Italy cut 50bp to 11.5%,monetary policy,standard,cut,-50.0,IT,basis points,https://data.bis.org/topics/CBPOL
1993-02-01,Poland,Poland cut 400bp to 33.0%,monetary policy,major,cut,-400.0,PL,basis points,https://data.bis.org/topics/CBPOL
1993-02-01,Belgium,Belgium hike 40bp to 9.3%,monetary policy,standard,hike,40.000000000000036,BE,basis points,https://data.bis.org/topics/CBPOL
1993-03-01,Switzerland,Switzerland cut 50bp to 5.0%,monetary policy,standard,cut,-50.0,CH,basis points,https://data.bis.org/topics/CBPOL
1993-03-01,Croatia,Croatia hike 8700bp to 1647.0%,monetary policy,major,hike,8700.0,HR,basis points,https://data.bis.org/topics/CBPOL
1993-03-01,Canada,Canada cut 73bp to 5.36%,monetary policy,standard,cut,-72.99999999999996,CA,basis points,https://data.bis.org/topics/CBPOL
1993-03-01,New Zealand,New Zealand cut 70bp to 6.8%,monetary policy,standard,cut,-70.00000000000001,NZ,basis points,https://data.bis.org/topics/CBPOL
1993-03-01,Australia,Australia cut 50bp to 5.25%,monetary policy,standard,cut,-50.0,AU,basis points,https://data.bis.org/topics/CBPOL
1993-03-01,Germany,Germany cut 25bp to 8.25%,monetary policy,standard,cut,-25.0,DE,basis points,https://data.bis.org/topics/CBPOL
1993-03-01,Brazil,Brazil hike 22659bp to 2411.27%,monetary policy,major,hike,22659.000000000015,BR,basis points,https://data.bis.org/topics/CBPOL
1993-03-01,Norway,Norway cut 50bp to 8.75%,monetary policy,standard,cut,-50.0,NO,basis points,https://data.bis.org/topics/CBPOL
1993-03-01,Denmark,Denmark cut 200bp to 10.5%,monetary policy,major,cut,-200.0,DK,basis points,https://data.bis.org/topics/CBPOL
1993-03-01,Russia,Russia hike 2000bp to 100.0%,monetary policy,major,hike,2000.0,RU,basis points,https://data.bis.org/topics/CBPOL
1993-03-01,Philippines,Philippines cut 94bp to 10.56%,monetary policy,major,cut,-93.75,PH,basis points,https://data.bis.org/topics/CBPOL
1993-03-01,Belgium,Belgium cut 10bp to 9.2%,monetary policy,minor,cut,-10.000000000000142,BE,basis points,https://data.bis.org/topics/CBPOL
1993-03-01,Netherlands,Netherlands cut 50bp to 7.5%,monetary policy,standard,cut,-50.0,NL,basis points,https://data.bis.org/topics/CBPOL
1993-04-01,France,France cut 85bp to 8.25%,monetary policy,major,cut,-84.99999999999997,FR,basis points,https://data.bis.org/topics/CBPOL
1993-04-01,Brazil,Brazil hike 37293bp to 2784.2%,monetary policy,major,hike,37292.999999999985,BR,basis points,https://data.bis.org/topics/CBPOL
1993-04-01,Italy,Italy cut 50bp to 11.0%,monetary policy,standard,cut,-50.0,IT,basis points,https://data.bis.org/topics/CBPOL
1993-04-01,Sweden,Sweden cut 50bp to 9.25%,monetary policy,standard,cut,-50.0,SE,basis points,https://data.bis.org/topics/CBPOL
1993-04-01,New Zealand,New Zealand cut 20bp to 6.6%,monetary policy,minor,cut,-20.000000000000018,NZ,basis points,https://data.bis.org/topics/CBPOL
1993-04-01,Croatia,Croatia hike 18080bp to 1827.8%,monetary policy,major,hike,18079.999999999996,HR,basis points,https://data.bis.org/topics/CBPOL
1993-04-01,Canada,Canada hike 24bp to 5.6%,monetary policy,minor,hike,23.999999999999932,CA,basis points,https://data.bis.org/topics/CBPOL
1993-04-01,Denmark,Denmark cut 75bp to 9.75%,monetary policy,major,cut,-75.0,DK,basis points,https://data.bis.org/topics/CBPOL
1993-04-01,Philippines,Philippines cut 106bp to 9.5%,monetary policy,major,cut,-106.25,PH,basis points,https://data.bis.org/topics/CBPOL
1993-04-01,Belgium,Belgium cut 70bp to 8.5%,monetary policy,standard,cut,-69.99999999999993,BE,basis points,https://data.bis.org/topics/CBPOL
1993-04-01,Netherlands,Netherlands cut 25bp to 7.25%,monetary policy,standard,cut,-25.0,NL,basis points,https://data.bis.org/topics/CBPOL
1993-04-01,Germany,Germany cut 50bp to 7.75%,monetary policy,standard,cut,-50.0,DE,basis points,https://data.bis.org/topics/CBPOL
1993-04-01,Austria,Austria cut 60bp to 7.4%,monetary policy,standard,cut,-59.999999999999964,AT,basis points,https://data.bis.org/topics/CBPOL
1993-04-01,Norway,Norway cut 100bp to 7.75%,monetary policy,major,cut,-100.0,NO,basis points,https://data.bis.org/topics/CBPOL
1993-05-01,Netherlands,Netherlands cut 50bp to 6.75%,monetary policy,standard,cut,-50.0,NL,basis points,https://data.bis.org/topics/CBPOL
1993-05-01,Portugal,Portugal cut 100bp to 13.5%,monetary policy,major,cut,-100.0,PT,basis points,https://data.bis.org/topics/CBPOL
1993-05-01,Italy,Italy cut 50bp to 10.5%,monetary policy,standard,cut,-50.0,IT,basis points,https://data.bis.org/topics/CBPOL
1993-05-01,Norway,Norway cut 25bp to 7.5%,monetary policy,standard,cut,-25.0,NO,basis points,https://data.bis.org/topics/CBPOL
1993-05-01,Hungary,Hungary cut 100bp to 19.0%,monetary policy,major,cut,-100.0,HU,basis points,https://data.bis.org/topics/CBPOL
1993-05-01,France,France cut 75bp to 7.5%,monetary policy,major,cut,-75.0,FR,basis points,https://data.bis.org/topics/CBPOL
1993-05-01,Germany,Germany cut 15bp to 7.6%,monetary policy,minor,cut,-15.000000000000036,DE,basis points,https://data.bis.org/topics/CBPOL
1993-05-01,Spain,Spain cut 175bp to 11.25%,monetary policy,major,cut,-175.0,ES,basis points,https://data.bis.org/topics/CBPOL
1993-05-01,Sweden,Sweden cut 50bp to 8.75%,monetary policy,standard,cut,-50.0,SE,basis points,https://data.bis.org/topics/CBPOL
1993-05-01,New Zealand,New Zealand cut 55bp to 6.05%,monetary policy,standard,cut,-54.999999999999986,NZ,basis points,https://data.bis.org/topics/CBPOL
1993-05-01,Philippines,Philippines hike 25bp to 9.75%,monetary policy,standard,hike,25.0,PH,basis points,https://data.bis.org/topics/CBPOL
1993-05-01,Argentina,Argentina cut 52bp to 0.11%,monetary policy,standard,cut,-52.0,AR,basis points,https://data.bis.org/topics/CBPOL
1993-05-01,Austria,Austria cut 30bp to 7.1%,monetary policy,standard,cut,-30.00000000000007,AT,basis points,https://data.bis.org/topics/CBPOL
1993-05-01,Denmark,Denmark cut 100bp to 8.75%,monetary policy,major,cut,-100.0,DK,basis points,https://data.bis.org/topics/CBPOL
1993-05-01,Croatia,Croatia cut 10115bp to 1726.65%,monetary policy,major,cut,-10114.999999999985,HR,basis points,https://data.bis.org/topics/CBPOL
1993-05-01,Belgium,Belgium cut 50bp to 8.0%,monetary policy,standard,cut,-50.0,BE,basis points,https://data.bis.org/topics/CBPOL
1993-05-01,Canada,Canada cut 50bp to 5.1%,monetary policy,standard,cut,-50.0,CA,basis points,https://data.bis.org/topics/CBPOL
1993-05-01,Brazil,Brazil hike 8736bp to 2871.56%,monetary policy,major,hike,8736.000000000013,BR,basis points,https://data.bis.org/topics/CBPOL
1993-06-01,Philippines,Philippines cut 62bp to 9.12%,monetary policy,standard,cut,-62.5,PH,basis points,https://data.bis.org/topics/CBPOL
1993-06-01,Denmark,Denmark cut 80bp to 7.95%,monetary policy,major,cut,-79.99999999999999,DK,basis points,https://data.bis.org/topics/CBPOL
1993-06-01,New Zealand,New Zealand cut 30bp to 5.75%,monetary policy,standard,cut,-29.999999999999982,NZ,basis points,https://data.bis.org/topics/CBPOL
1993-06-01,Norway,Norway cut 150bp to 6.0%,monetary policy,major,cut,-150.0,NO,basis points,https://data.bis.org/topics/CBPOL
1993-06-01,Italy,Italy cut 50bp to 10.0%,monetary policy,standard,cut,-50.0,IT,basis points,https://data.bis.org/topics/CBPOL
1993-06-01,Brazil,Brazil cut 44985bp to 2421.71%,monetary policy,major,cut,-44984.99999999999,BR,basis points,https://data.bis.org/topics/CBPOL
1993-06-01,Austria,Austria cut 10bp to 7.0%,monetary policy,minor,cut,-9.999999999999964,AT,basis points,https://data.bis.org/topics/CBPOL
1993-06-01,Argentina,Argentina hike 42bp to 0.53%,monetary policy,standard,hike,42.00000000000001,AR,basis points,https://data.bis.org/topics/CBPOL
1993-06-01,Canada,Canada cut 31bp to 4.79%,monetary policy,standard,cut,-30.99999999999996,CA,basis points,https://data.bis.org/topics/CBPOL
1993-06-01,Croatia,Croatia cut 42bp to 1726.23%,monetary policy,standard,cut,-42.000000000007276,HR,basis points,https://data.bis.org/topics/CBPOL
1993-06-01,Greece,Greece hike 250bp to 21.5%,monetary policy,major,hike,250.0,GR,basis points,https://data.bis.org/topics/CBPOL
1993-06-01,Belgium,Belgium cut 10bp to 7.9%,monetary policy,minor,cut,-9.999999999999964,BE,basis points,https://data.bis.org/topics/CBPOL
1993-06-01,France,France cut 50bp to 7.0%,monetary policy,standard,cut,-50.0,FR,basis points,https://data.bis.org/topics/CBPOL
1993-06-01,Russia,Russia hike 4000bp to 140.0%,monetary policy,major,hike,4000.0,RU,basis points,https://data.bis.org/topics/CBPOL
1993-07-01,Brazil,Brazil hike 27770bp to 2699.41%,monetary policy,major,hike,27769.99999999998,BR,basis points,https://data.bis.org/topics/CBPOL
1993-07-01,Germany,Germany cut 65bp to 6.95%,monetary policy,standard,cut,-64.99999999999994,DE,basis points,https://data.bis.org/topics/CBPOL
1993-07-01,Philippines,Philippines hike 388bp to 13.0%,monetary policy,major,hike,387.5,PH,basis points,https://data.bis.org/topics/CBPOL
1993-07-01,Italy,Italy cut 100bp to 9.0%,monetary policy,major,cut,-100.0,IT,basis points,https://data.bis.org/topics/CBPOL
1993-07-01,France,France cut 25bp to 6.75%,monetary policy,standard,cut,-25.0,FR,basis points,https://data.bis.org/topics/CBPOL
1993-07-01,Argentina,Argentina cut 17bp to 0.36%,monetary policy,minor,cut,-17.000000000000004,AR,basis points,https://data.bis.org/topics/CBPOL
1993-07-01,Australia,Australia cut 50bp to 4.75%,monetary policy,standard,cut,-50.0,AU,basis points,https://data.bis.org/topics/CBPOL
1993-07-01,Spain,Spain cut 25bp to 11.0%,monetary policy,standard,cut,-25.0,ES,basis points,https://data.bis.org/topics/CBPOL
1993-07-01,New Zealand,New Zealand cut 70bp to 5.05%,monetary policy,standard,cut,-70.00000000000001,NZ,basis points,https://data.bis.org/topics/CBPOL
1993-07-01,Denmark,Denmark hike 305bp to 11.0%,monetary policy,major,hike,305.0,DK,basis points,https://data.bis.org/topics/CBPOL
1993-07-01,Netherlands,Netherlands cut 50bp to 6.25%,monetary policy,standard,cut,-50.0,NL,basis points,https://data.bis.org/topics/CBPOL
1993-07-01,Croatia,Croatia hike 12255bp to 1848.78%,monetary policy,major,hike,12254.999999999996,HR,basis points,https://data.bis.org/topics/CBPOL
1993-07-01,Canada,Canada cut 38bp to 4.41%,monetary policy,standard,cut,-37.999999999999986,CA,basis points,https://data.bis.org/topics/CBPOL
1993-07-01,Russia,Russia hike 3000bp to 170.0%,monetary policy,major,hike,3000.0,RU,basis points,https://data.bis.org/topics/CBPOL
1993-07-01,Belgium,Belgium hike 360bp to 11.5%,monetary policy,major,hike,359.99999999999994,BE,basis points,https://data.bis.org/topics/CBPOL
1993-07-01,Sweden,Sweden cut 25bp to 8.5%,monetary policy,standard,cut,-25.0,SE,basis points,https://data.bis.org/topics/CBPOL
1993-07-01,Switzerland,Switzerland cut 50bp to 4.5%,monetary policy,standard,cut,-50.0,CH,basis points,https://data.bis.org/topics/CBPOL
1993-07-01,Austria,Austria cut 25bp to 6.75%,monetary policy,standard,cut,-25.0,AT,basis points,https://data.bis.org/topics/CBPOL
1993-08-01,Canada,Canada hike 58bp to 4.99%,monetary policy,standard,hike,58.00000000000001,CA,basis points,https://data.bis.org/topics/CBPOL
1993-08-01,Greece,Greece cut 50bp to 21.0%,monetary policy,standard,cut,-50.0,GR,basis points,https://data.bis.org/topics/CBPOL
1993-08-01,Germany,Germany cut 15bp to 6.8%,monetary policy,minor,cut,-15.000000000000036,DE,basis points,https://data.bis.org/topics/CBPOL
1993-08-01,Argentina,Argentina cut 11bp to 0.25%,monetary policy,minor,cut,-10.999999999999998,AR,basis points,https://data.bis.org/topics/CBPOL
1993-08-01,Denmark,Denmark cut 50bp to 10.5%,monetary policy,standard,cut,-50.0,DK,basis points,https://data.bis.org/topics/CBPOL
1993-08-01,Norway,Norway cut 50bp to 5.5%,monetary policy,standard,cut,-50.0,NO,basis points,https://data.bis.org/topics/CBPOL
1993-08-01,Sweden,Sweden cut 50bp to 8.0%,monetary policy,standard,cut,-50.0,SE,basis points,https://data.bis.org/topics/CBPOL
1993-08-01,Austria,Austria cut 15bp to 6.6%,monetary policy,minor,cut,-15.000000000000036,AT,basis points,https://data.bis.org/topics/CBPOL
1993-08-01,New Zealand,New Zealand hike 10bp to 5.15%,monetary policy,minor,hike,10.000000000000053,NZ,basis points,https://data.bis.org/topics/CBPOL
1993-08-01,Israel,Israel cut 60bp to 9.0%,monetary policy,standard,cut,-59.999999999999964,IL,basis points,https://data.bis.org/topics/CBPOL
1993-08-01,Croatia,Croatia cut 28078bp to 1568.0%,monetary policy,major,cut,-28077.999999999996,HR,basis points,https://data.bis.org/topics/CBPOL
1993-08-01,Spain,Spain cut 50bp to 10.5%,monetary policy,standard,cut,-50.0,ES,basis points,https://data.bis.org/topics/CBPOL
1993-08-01,Brazil,Brazil hike 90163bp to 3601.04%,monetary policy,major,hike,90163.00000000001,BR,basis points,https://data.bis.org/topics/CBPOL
1993-08-01,Philippines,Philippines cut 200bp to 11.0%,monetary policy,major,cut,-200.0,PH,basis points,https://data.bis.org/topics/CBPOL
1993-09-01,Philippines,Philippines cut 6bp to 10.94%,monetary policy,minor,cut,-6.25,PH,basis points,https://data.bis.org/topics/CBPOL
1993-09-01,Canada,Canada cut 9bp to 4.9%,monetary policy,minor,cut,-8.999999999999986,CA,basis points,https://data.bis.org/topics/CBPOL
1993-09-01,Denmark,Denmark cut 150bp to 9.0%,monetary policy,major,cut,-150.0,DK,basis points,https://data.bis.org/topics/CBPOL
1993-09-01,Germany,Germany cut 10bp to 6.7%,monetary policy,minor,cut,-9.999999999999964,DE,basis points,https://data.bis.org/topics/CBPOL
1993-09-01,Croatia,Croatia hike 107856bp to 2646.56%,monetary policy,major,hike,107856.0,HR,basis points,https://data.bis.org/topics/CBPOL
1993-09-01,Netherlands,Netherlands cut 25bp to 6.0%,monetary policy,standard,cut,-25.0,NL,basis points,https://data.bis.org/topics/CBPOL
1993-09-01,New Zealand,New Zealand hike 5bp to 5.2%,monetary policy,minor,hike,4.999999999999982,NZ,basis points,https://data.bis.org/topics/CBPOL
1993-09-01,Argentina,Argentina hike 34bp to 0.59%,monetary policy,standard,hike,34.0,AR,basis points,https://data.bis.org/topics/CBPOL
1993-09-01,Russia,Russia hike 1000bp to 180.0%,monetary policy,major,hike,1000.0,RU,basis points,https://data.bis.org/topics/CBPOL
1993-09-01,Belgium,Belgium cut 10bp to 11.4%,monetary policy,minor,cut,-9.999999999999964,BE,basis points,https://data.bis.org/topics/CBPOL
1993-09-01,Japan,Japan cut 75bp to 1.75%,monetary policy,major,cut,-75.0,JP,basis points,https://data.bis.org/topics/CBPOL
1993-09-01,Brazil,Brazil hike 210848bp to 5709.52%,monetary policy,major,hike,210848.00000000006,BR,basis points,https://data.bis.org/topics/CBPOL
1993-09-01,Austria,Austria cut 10bp to 6.5%,monetary policy,minor,cut,-9.999999999999964,AT,basis points,https://data.bis.org/topics/CBPOL
1993-09-01,Spain,Spain cut 50bp to 10.0%,monetary policy,standard,cut,-50.0,ES,basis points,https://data.bis.org/topics/CBPOL
1993-09-01,Hungary,Hungary hike 300bp to 22.0%,monetary policy,major,hike,300.0,HU,basis points,https://data.bis.org/topics/CBPOL
1993-09-01,Italy,Italy cut 50bp to 8.5%,monetary policy,standard,cut,-50.0,IT,basis points,https://data.bis.org/topics/CBPOL
1993-10-01,Belgium,Belgium cut 25bp to 11.15%,monetary policy,standard,cut,-25.0,BE,basis points,https://data.bis.org/topics/CBPOL
1993-10-01,Brazil,Brazil hike 19527bp to 5904.79%,monetary policy,major,hike,19526.999999999953,BR,basis points,https://data.bis.org/topics/CBPOL
1993-10-01,Spain,Spain cut 75bp to 9.25%,monetary policy,major,cut,-75.0,ES,basis points,https://data.bis.org/topics/CBPOL
1993-10-01,Denmark,Denmark cut 100bp to 8.0%,monetary policy,major,cut,-100.0,DK,basis points,https://data.bis.org/topics/CBPOL
1993-10-01,Netherlands,Netherlands cut 25bp to 5.75%,monetary policy,standard,cut,-25.0,NL,basis points,https://data.bis.org/topics/CBPOL
1993-10-01,Austria,Austria cut 30bp to 6.2%,monetary policy,standard,cut,-29.999999999999982,AT,basis points,https://data.bis.org/topics/CBPOL
1993-10-01,Russia,Russia hike 3000bp to 210.0%,monetary policy,major,hike,3000.0,RU,basis points,https://data.bis.org/topics/CBPOL
1993-10-01,France,France cut 30bp to 6.45%,monetary policy,standard,cut,-29.999999999999982,FR,basis points,https://data.bis.org/topics/CBPOL
1993-10-01,Switzerland,Switzerland cut 25bp to 4.25%,monetary policy,standard,cut,-25.0,CH,basis points,https://data.bis.org/topics/CBPOL
1993-10-01,Croatia,Croatia cut 254806bp to 98.5%,monetary policy,major,cut,-254806.0,HR,basis points,https://data.bis.org/topics/CBPOL
1993-10-01,Philippines,Philippines hike 156bp to 12.5%,monetary policy,major,hike,156.25,PH,basis points,https://data.bis.org/topics/CBPOL
1993-10-01,New Zealand,New Zealand cut 30bp to 4.9%,monetary policy,standard,cut,-29.999999999999982,NZ,basis points,https://data.bis.org/topics/CBPOL
1993-10-01,Norway,Norway cut 50bp to 5.0%,monetary policy,standard,cut,-50.0,NO,basis points,https://data.bis.org/topics/CBPOL
1993-10-01,South Africa,South Africa cut 100bp to 12.0%,monetary policy,major,cut,-100.0,ZA,basis points,https://data.bis.org/topics/CBPOL
1993-10-01,Sweden,Sweden cut 25bp to 7.75%,monetary policy,standard,cut,-25.0,SE,basis points,https://data.bis.org/topics/CBPOL
1993-10-01,Greece,Greece hike 50bp to 21.5%,monetary policy,standard,hike,50.0,GR,basis points,https://data.bis.org/topics/CBPOL
1993-10-01,Argentina,Argentina cut 29bp to 0.3%,monetary policy,standard,cut,-28.999999999999996,AR,basis points,https://data.bis.org/topics/CBPOL
1993-10-01,Canada,Canada cut 27bp to 4.63%,monetary policy,standard,cut,-27.000000000000046,CA,basis points,https://data.bis.org/topics/CBPOL
1993-10-01,Italy,Italy cut 50bp to 8.0%,monetary policy,standard,cut,-50.0,IT,basis points,https://data.bis.org/topics/CBPOL
1993-10-01,Germany,Germany cut 30bp to 6.4%,monetary policy,standard,cut,-29.999999999999982,DE,basis points,https://data.bis.org/topics/CBPOL
1993-11-01,Argentina,Argentina hike 27bp to 0.57%,monetary policy,standard,hike,26.999999999999996,AR,basis points,https://data.bis.org/topics/CBPOL
1993-11-01,Belgium,Belgium cut 115bp to 10.0%,monetary policy,major,cut,-115.00000000000003,BE,basis points,https://data.bis.org/topics/CBPOL
1993-11-01,Austria,Austria cut 40bp to 5.8%,monetary policy,standard,cut,-40.000000000000036,AT,basis points,https://data.bis.org/topics/CBPOL
1993-11-01,Portugal,Portugal cut 50bp to 13.0%,monetary policy,standard,cut,-50.0,PT,basis points,https://data.bis.org/topics/CBPOL
1993-11-01,Croatia,Croatia cut 2200bp to 76.5%,monetary policy,major,cut,-2200.0,HR,basis points,https://data.bis.org/topics/CBPOL
1993-11-01,Canada,Canada cut 29bp to 4.34%,monetary policy,standard,cut,-29.000000000000004,CA,basis points,https://data.bis.org/topics/CBPOL
1993-11-01,New Zealand,New Zealand hike 120bp to 6.1%,monetary policy,major,hike,119.99999999999993,NZ,basis points,https://data.bis.org/topics/CBPOL
1993-11-01,United Kingdom,United Kingdom cut 50bp to 5.38%,monetary policy,standard,cut,-50.0,GB,basis points,https://data.bis.org/topics/CBPOL
1993-11-01,Germany,Germany cut 15bp to 6.25%,monetary policy,minor,cut,-15.000000000000036,DE,basis points,https://data.bis.org/topics/CBPOL
1993-11-01,Denmark,Denmark cut 50bp to 7.5%,monetary policy,standard,cut,-50.0,DK,basis points,https://data.bis.org/topics/CBPOL
1993-11-01,Philippines,Philippines hike 50bp to 13.0%,monetary policy,standard,hike,50.0,PH,basis points,https://data.bis.org/topics/CBPOL
1993-11-01,Brazil,Brazil cut 2475bp to 5880.04%,monetary policy,major,cut,-2475.0,BR,basis points,https://data.bis.org/topics/CBPOL
1993-11-01,Norway,Norway cut 25bp to 4.75%,monetary policy,standard,cut,-25.0,NO,basis points,https://data.bis.org/topics/CBPOL
1993-11-01,Israel,Israel hike 70bp to 9.7%,monetary policy,standard,hike,69.99999999999993,IL,basis points,https://data.bis.org/topics/CBPOL
1993-12-01,Israel,Israel hike 80bp to 10.5%,monetary policy,major,hike,80.00000000000007,IL,basis points,https://data.bis.org/topics/CBPOL
1993-12-01,Netherlands,Netherlands cut 25bp to 5.5%,monetary policy,standard,cut,-25.0,NL,basis points,https://data.bis.org/topics/CBPOL
1993-12-01,Germany,Germany cut 25bp to 6.0%,monetary policy,standard,cut,-25.0,DE,basis points,https://data.bis.org/topics/CBPOL
1993-12-01,Denmark,Denmark cut 75bp to 6.75%,monetary policy,major,cut,-75.0,DK,basis points,https://data.bis.org/topics/CBPOL
1993-12-01,Argentina,Argentina hike 16bp to 0.73%,monetary policy,minor,hike,16.000000000000004,AR,basis points,https://data.bis.org/topics/CBPOL
1993-12-01,Belgium,Belgium cut 105bp to 8.95%,monetary policy,major,cut,-105.00000000000007,BE,basis points,https://data.bis.org/topics/CBPOL
1993-12-01,France,France cut 25bp to 6.2%,monetary policy,standard,cut,-25.0,FR,basis points,https://data.bis.org/topics/CBPOL
1993-12-01,Norway,Norway hike 25bp to 5.0%,monetary policy,standard,hike,25.0,NO,basis points,https://data.bis.org/topics/CBPOL
1993-12-01,Canada,Canada cut 23bp to 4.11%,monetary policy,minor,cut,-22.999999999999954,CA,basis points,https://data.bis.org/topics/CBPOL
1993-12-01,Croatia,Croatia cut 193bp to 74.57%,monetary policy,major,cut,-193.00000000000068,HR,basis points,https://data.bis.org/topics/CBPOL
1993-12-01,Spain,Spain cut 25bp to 9.0%,monetary policy,standard,cut,-25.0,ES,basis points,https://data.bis.org/topics/CBPOL
1993-12-01,Brazil,Brazil cut 30813bp to 5571.91%,monetary policy,major,cut,-30813.00000000001,BR,basis points,https://data.bis.org/topics/CBPOL
1993-12-01,Philippines,Philippines cut 50bp to 12.5%,monetary policy,standard,cut,-50.0,PH,basis points,https://data.bis.org/topics/CBPOL
1993-12-01,New Zealand,New Zealand cut 130bp to 4.8%,monetary policy,major,cut,-129.99999999999997,NZ,basis points,https://data.bis.org/topics/CBPOL
1993-12-01,Austria,Austria cut 20bp to 5.6%,monetary policy,minor,cut,-20.000000000000018,AT,basis points,https://data.bis.org/topics/CBPOL
1993-12-01,Switzerland,Switzerland cut 25bp to 4.0%,monetary policy,standard,cut,-25.0,CH,basis points,https://data.bis.org/topics/CBPOL
1994-01-01,Croatia,Croatia hike 2401bp to 98.58%,monetary policy,major,hike,2401.0000000000005,HR,basis points,https://data.bis.org/topics/CBPOL
1994-01-01,Denmark,Denmark cut 50bp to 6.25%,monetary policy,standard,cut,-50.0,DK,basis points,https://data.bis.org/topics/CBPOL
1994-01-01,Spain,Spain cut 25bp to 8.75%,monetary policy,standard,cut,-25.0,ES,basis points,https://data.bis.org/topics/CBPOL
1994-01-01,Canada,Canada cut 23bp to 3.88%,monetary policy,minor,cut,-23.000000000000043,CA,basis points,https://data.bis.org/topics/CBPOL
1994-01-01,Netherlands,Netherlands cut 25bp to 5.25%,monetary policy,standard,cut,-25.0,NL,basis points,https://data.bis.org/topics/CBPOL
1994-01-01,Portugal,Portugal cut 100bp to 12.0%,monetary policy,major,cut,-100.0,PT,basis points,https://data.bis.org/topics/CBPOL
1994-01-01,Austria,Austria cut 10bp to 5.5%,monetary policy,minor,cut,-9.999999999999964,AT,basis points,https://data.bis.org/topics/CBPOL
1994-01-01,Sweden,Sweden cut 25bp to 7.5%,monetary policy,standard,cut,-25.0,SE,basis points,https://data.bis.org/topics/CBPOL
1994-01-01,New Zealand,New Zealand hike 120bp to 6.0%,monetary policy,major,hike,120.00000000000001,NZ,basis points,https://data.bis.org/topics/CBPOL
1994-01-01,Argentina,Argentina cut 47bp to 0.26%,monetary policy,standard,cut,-47.0,AR,basis points,https://data.bis.org/topics/CBPOL
1994-01-01,Belgium,Belgium cut 60bp to 8.35%,monetary policy,standard,cut,-59.999999999999964,BE,basis points,https://data.bis.org/topics/CBPOL
1994-01-01,Philippines,Philippines cut 50bp to 12.0%,monetary policy,standard,cut,-50.0,PH,basis points,https://data.bis.org/topics/CBPOL
1994-01-01,Brazil,Brazil hike 329081bp to 8862.72%,monetary policy,major,hike,329080.99999999994,BR,basis points,https://data.bis.org/topics/CBPOL
1994-02-01,Norway,Norway cut 25bp to 4.75%,monetary policy,standard,cut,-25.0,NO,basis points,https://data.bis.org/topics/CBPOL
1994-02-01,Denmark,Denmark cut 25bp to 6.0%,monetary policy,standard,cut,-25.0,DK,basis points,https://data.bis.org/topics/CBPOL
1994-02-01,France,France cut 10bp to 6.1%,monetary policy,minor,cut,-10.000000000000053,FR,basis points,https://data.bis.org/topics/CBPOL
1994-02-01,United States,United States hike 25bp to 3.25%,monetary policy,standard,hike,25.0,US,basis points,https://data.bis.org/topics/CBPOL
1994-02-01,Canada,Canada hike 22bp to 4.1%,monetary policy,minor,hike,21.999999999999975,CA,basis points,https://data.bis.org/topics/CBPOL
1994-02-01,Sweden,Sweden cut 25bp to 7.25%,monetary policy,standard,cut,-25.0,SE,basis points,https://data.bis.org/topics/CBPOL
1994-02-01,Philippines,Philippines hike 50bp to 12.5%,monetary policy,standard,hike,50.0,PH,basis points,https://data.bis.org/topics/CBPOL
1994-02-01,Argentina,Argentina hike 6bp to 0.32%,monetary policy,minor,hike,6.0,AR,basis points,https://data.bis.org/topics/CBPOL
1994-02-01,Italy,Italy cut 50bp to 7.5%,monetary policy,standard,cut,-50.0,IT,basis points,https://data.bis.org/topics/CBPOL
1994-02-01,Croatia,Croatia cut 6837bp to 30.21%,monetary policy,major,cut,-6837.0,HR,basis points,https://data.bis.org/topics/CBPOL
1994-02-01,Belgium,Belgium cut 45bp to 7.9%,monetary policy,standard,cut,-44.99999999999993,BE,basis points,https://data.bis.org/topics/CBPOL
1994-02-01,Brazil,Brazil hike 265883bp to 11521.55%,monetary policy,major,hike,265883.0,BR,basis points,https://data.bis.org/topics/CBPOL
1994-02-01,United Kingdom,United Kingdom cut 25bp to 5.12%,monetary policy,standard,cut,-25.0,GB,basis points,https://data.bis.org/topics/CBPOL
1994-02-01,Spain,Spain cut 25bp to 8.5%,monetary policy,standard,cut,-25.0,ES,basis points,https://data.bis.org/topics/CBPOL
1994-02-01,Netherlands,Netherlands cut 25bp to 5.0%,monetary policy,standard,cut,-25.0,NL,basis points,https://data.bis.org/topics/CBPOL
1994-03-01,France,France cut 10bp to 6.0%,monetary policy,minor,cut,-9.999999999999964,FR,basis points,https://data.bis.org/topics/CBPOL
1994-03-01,Spain,Spain cut 50bp to 8.0%,monetary policy,standard,cut,-50.0,ES,basis points,https://data.bis.org/topics/CBPOL
1994-03-01,Canada,Canada hike 154bp to 5.64%,monetary policy,major,hike,154.0,CA,basis points,https://data.bis.org/topics/CBPOL
1994-03-01,United States,United States hike 25bp to 3.5%,monetary policy,standard,hike,25.0,US,basis points,https://data.bis.org/topics/CBPOL
1994-03-01,Belgium,Belgium cut 35bp to 7.55%,monetary policy,standard,cut,-35.00000000000006,BE,basis points,https://data.bis.org/topics/CBPOL
1994-03-01,Croatia,Croatia cut 555bp to 24.66%,monetary policy,major,cut,-555.0000000000001,HR,basis points,https://data.bis.org/topics/CBPOL
1994-03-01,Brazil,Brazil hike 291944bp to 14440.99%,monetary policy,major,hike,291944.00000000006,BR,basis points,https://data.bis.org/topics/CBPOL
1994-03-01,New Zealand,New Zealand hike 350bp to 9.5%,monetary policy,major,hike,350.0,NZ,basis points,https://data.bis.org/topics/CBPOL
1994-03-01,Germany,Germany cut 24bp to 5.76%,monetary policy,minor,cut,-24.00000000000002,DE,basis points,https://data.bis.org/topics/CBPOL
1994-03-01,Argentina,Argentina hike 13bp to 0.45%,monetary policy,minor,hike,13.0,AR,basis points,https://data.bis.org/topics/CBPOL
1994-04-01,Philippines,Philippines cut 50bp to 12.0%,monetary policy,standard,cut,-50.0,PH,basis points,https://data.bis.org/topics/CBPOL
1994-04-01,Argentina,Argentina hike 21bp to 0.66%,monetary policy,minor,hike,21.000000000000004,AR,basis points,https://data.bis.org/topics/CBPOL
1994-04-01,Belgium,Belgium cut 45bp to 7.1%,monetary policy,standard,cut,-45.000000000000014,BE,basis points,https://data.bis.org/topics/CBPOL
1994-04-01,Denmark,Denmark cut 10bp to 5.9%,monetary policy,minor,cut,-9.999999999999964,DK,basis points,https://data.bis.org/topics/CBPOL
1994-04-01,Canada,Canada hike 43bp to 6.07%,monetary policy,standard,hike,43.00000000000006,CA,basis points,https://data.bis.org/topics/CBPOL
1994-04-01,New Zealand,New Zealand cut 340bp to 6.1%,monetary policy,major,cut,-340.00000000000006,NZ,basis points,https://data.bis.org/topics/CBPOL
1994-04-01,Spain,Spain cut 25bp to 7.75%,monetary policy,standard,cut,-25.0,ES,basis points,https://data.bis.org/topics/CBPOL
1994-04-01,Germany,Germany cut 29bp to 5.47%,monetary policy,standard,cut,-29.000000000000004,DE,basis points,https://data.bis.org/topics/CBPOL
1994-04-01,Switzerland,Switzerland cut 50bp to 3.5%,monetary policy,standard,cut,-50.0,CH,basis points,https://data.bis.org/topics/CBPOL
1994-04-01,Brazil,Brazil cut 365220bp to 10788.79%,monetary policy,major,cut,-365219.9999999999,BR,basis points,https://data.bis.org/topics/CBPOL
1994-04-01,Croatia,Croatia cut 802bp to 16.64%,monetary policy,major,cut,-802.0,HR,basis points,https://data.bis.org/topics/CBPOL
1994-04-01,Russia,Russia cut 500bp to 205.0%,monetary policy,major,cut,-500.0,RU,basis points,https://data.bis.org/topics/CBPOL
1994-04-01,France,France cut 30bp to 5.7%,monetary policy,standard,cut,-29.999999999999982,FR,basis points,https://data.bis.org/topics/CBPOL
1994-04-01,Austria,Austria cut 20bp to 5.3%,monetary policy,minor,cut,-20.000000000000018,AT,basis points,https://data.bis.org/topics/CBPOL
1994-04-01,Netherlands,Netherlands cut 25bp to 4.75%,monetary policy,standard,cut,-25.0,NL,basis points,https://data.bis.org/topics/CBPOL
1994-04-01,United States,United States hike 25bp to 3.75%,monetary policy,standard,hike,25.0,US,basis points,https://data.bis.org/topics/CBPOL
1994-05-01,Brazil,Brazil cut 166346bp to 9125.33%,monetary policy,major,cut,-166346.0000000001,BR,basis points,https://data.bis.org/topics/CBPOL
1994-05-01,Russia,Russia cut 500bp to 200.0%,monetary policy,major,cut,-500.0,RU,basis points,https://data.bis.org/topics/CBPOL
1994-05-01,Greece,Greece hike 100bp to 22.5%,monetary policy,major,hike,100.0,GR,basis points,https://data.bis.org/topics/CBPOL
1994-05-01,United States,United States hike 50bp to 4.25%,monetary policy,standard,hike,50.0,US,basis points,https://data.bis.org/topics/CBPOL
1994-05-01,Poland,Poland cut 200bp to 31.0%,monetary policy,major,cut,-200.0,PL,basis points,https://data.bis.org/topics/CBPOL
1994-05-01,Israel,Israel hike 100bp to 11.5%,monetary policy,major,hike,100.0,IL,basis points,https://data.bis.org/topics/CBPOL
1994-05-01,Philippines,Philippines cut 50bp to 11.5%,monetary policy,standard,cut,-50.0,PH,basis points,https://data.bis.org/topics/CBPOL
1994-05-01,Germany,Germany cut 26bp to 5.21%,monetary policy,standard,cut,-25.99999999999998,DE,basis points,https://data.bis.org/topics/CBPOL
1994-05-01,Argentina,Argentina hike 15bp to 0.81%,monetary policy,minor,hike,15.000000000000002,AR,basis points,https://data.bis.org/topics/CBPOL
1994-05-01,New Zealand,New Zealand cut 120bp to 4.9%,monetary policy,major,cut,-119.99999999999993,NZ,basis points,https://data.bis.org/topics/CBPOL
1994-05-01,Denmark,Denmark cut 30bp to 5.6%,monetary policy,standard,cut,-30.00000000000007,DK,basis points,https://data.bis.org/topics/CBPOL
1994-05-01,Italy,Italy cut 50bp to 7.0%,monetary policy,standard,cut,-50.0,IT,basis points,https://data.bis.org/topics/CBPOL
1994-05-01,Belgium,Belgium cut 35bp to 6.75%,monetary policy,standard,cut,-34.999999999999964,BE,basis points,https://data.bis.org/topics/CBPOL
1994-05-01,Spain,Spain cut 25bp to 7.5%,monetary policy,standard,cut,-25.0,ES,basis points,https://data.bis.org/topics/CBPOL
1994-05-01,Netherlands,Netherlands cut 25bp to 4.5%,monetary policy,standard,cut,-25.0,NL,basis points,https://data.bis.org/topics/CBPOL
1994-05-01,France,France cut 30bp to 5.4%,monetary policy,standard,cut,-29.999999999999982,FR,basis points,https://data.bis.org/topics/CBPOL
1994-05-01,Austria,Austria cut 30bp to 5.0%,monetary policy,standard,cut,-29.999999999999982,AT,basis points,https://data.bis.org/topics/CBPOL
1994-05-01,Croatia,Croatia hike 336bp to 20.0%,monetary policy,major,hike,335.99999999999994,HR,basis points,https://data.bis.org/topics/CBPOL
1994-05-01,Canada,Canada hike 52bp to 6.59%,monetary policy,standard,hike,51.99999999999996,CA,basis points,https://data.bis.org/topics/CBPOL
1994-05-01,Sweden,Sweden cut 25bp to 7.0%,monetary policy,standard,cut,-25.0,SE,basis points,https://data.bis.org/topics/CBPOL
1994-06-01,Hungary,Hungary hike 300bp to 25.0%,monetary policy,major,hike,300.0,HU,basis points,https://data.bis.org/topics/CBPOL
1994-06-01,Belgium,Belgium cut 30bp to 6.45%,monetary policy,standard,cut,-29.999999999999982,BE,basis points,https://data.bis.org/topics/CBPOL
1994-06-01,New Zealand,New Zealand hike 140bp to 6.3%,monetary policy,major,hike,139.99999999999994,NZ,basis points,https://data.bis.org/topics/CBPOL
1994-06-01,Austria,Austria cut 10bp to 4.9%,monetary policy,minor,cut,-9.999999999999964,AT,basis points,https://data.bis.org/topics/CBPOL
1994-06-01,Sweden,Sweden cut 8bp to 6.92%,monetary policy,minor,cut,-8.000000000000007,SE,basis points,https://data.bis.org/topics/CBPOL
1994-06-01,France,France cut 20bp to 5.2%,monetary policy,minor,cut,-20.000000000000018,FR,basis points,https://data.bis.org/topics/CBPOL
1994-06-01,Israel,Israel hike 50bp to 12.0%,monetary policy,standard,hike,50.0,IL,basis points,https://data.bis.org/topics/CBPOL
1994-06-01,Philippines,Philippines cut 50bp to 11.0%,monetary policy,standard,cut,-50.0,PH,basis points,https://data.bis.org/topics/CBPOL
1994-06-01,Canada,Canada cut 90bp to 5.69%,monetary policy,major,cut,-89.99999999999994,CA,basis points,https://data.bis.org/topics/CBPOL
1994-06-01,Russia,Russia cut 4500bp to 155.0%,monetary policy,major,cut,-4500.0,RU,basis points,https://data.bis.org/topics/CBPOL
1994-06-01,Argentina,Argentina cut 30bp to 0.51%,monetary policy,standard,cut,-30.000000000000004,AR,basis points,https://data.bis.org/topics/CBPOL
1994-06-01,Brazil,Brazil hike 628027bp to 15405.6%,monetary policy,major,hike,628027.0,BR,basis points,https://data.bis.org/topics/CBPOL
1994-06-01,Germany,Germany cut 24bp to 4.97%,monetary policy,minor,cut,-24.00000000000002,DE,basis points,https://data.bis.org/topics/CBPOL
1994-07-01,France,France cut 20bp to 5.0%,monetary policy,minor,cut,-20.000000000000018,FR,basis points,https://data.bis.org/topics/CBPOL
1994-07-01,New Zealand,New Zealand cut 20bp to 6.1%,monetary policy,minor,cut,-20.000000000000018,NZ,basis points,https://data.bis.org/topics/CBPOL
1994-07-01,Denmark,Denmark cut 10bp to 5.5%,monetary policy,minor,cut,-9.999999999999964,DK,basis points,https://data.bis.org/topics/CBPOL
1994-07-01,Argentina,Argentina hike 27bp to 0.78%,monetary policy,standard,hike,27.0,AR,basis points,https://data.bis.org/topics/CBPOL
1994-07-01,Croatia,Croatia cut 385bp to 16.15%,monetary policy,major,cut,-385.0000000000001,HR,basis points,https://data.bis.org/topics/CBPOL
1994-07-01,Austria,Austria cut 20bp to 4.7%,monetary policy,minor,cut,-20.000000000000018,AT,basis points,https://data.bis.org/topics/CBPOL
1994-07-01,Israel,Israel hike 50bp to 12.5%,monetary policy,standard,hike,50.0,IL,basis points,https://data.bis.org/topics/CBPOL
1994-07-01,Germany,Germany cut 12bp to 4.85%,monetary policy,minor,cut,-12.00000000000001,DE,basis points,https://data.bis.org/topics/CBPOL
1994-07-01,Brazil,Brazil cut 1533480bp to 70.8%,monetary policy,major,cut,-1533480.0,BR,basis points,https://data.bis.org/topics/CBPOL
1994-07-01,Belgium,Belgium cut 10bp to 6.35%,monetary policy,minor,cut,-10.000000000000053,BE,basis points,https://data.bis.org/topics/CBPOL
1994-07-01,Canada,Canada cut 31bp to 5.38%,monetary policy,standard,cut,-31.00000000000005,CA,basis points,https://data.bis.org/topics/CBPOL
1994-08-01,Croatia,Croatia hike 385bp to 20.0%,monetary policy,major,hike,385.0000000000001,HR,basis points,https://data.bis.org/topics/CBPOL
1994-08-01,Brazil,Brazil cut 1530bp to 55.5%,monetary policy,major,cut,-1529.9999999999998,BR,basis points,https://data.bis.org/topics/CBPOL
1994-08-01,United States,United States hike 50bp to 4.75%,monetary policy,standard,hike,50.0,US,basis points,https://data.bis.org/topics/CBPOL
1994-08-01,Sweden,Sweden hike 28bp to 7.2%,monetary policy,standard,hike,28.000000000000025,SE,basis points,https://data.bis.org/topics/CBPOL
1994-08-01,Spain,Spain cut 15bp to 7.35%,monetary policy,minor,cut,-15.000000000000036,ES,basis points,https://data.bis.org/topics/CBPOL
1994-08-01,Italy,Italy hike 50bp to 7.5%,monetary policy,standard,hike,50.0,IT,basis points,https://data.bis.org/topics/CBPOL
1994-08-01,Russia,Russia cut 2500bp to 130.0%,monetary policy,major,cut,-2500.0,RU,basis points,https://data.bis.org/topics/CBPOL
1994-08-01,New Zealand,New Zealand cut 35bp to 5.75%,monetary policy,standard,cut,-34.999999999999964,NZ,basis points,https://data.bis.org/topics/CBPOL
1994-08-01,Australia,Australia hike 75bp to 5.5%,monetary policy,major,hike,75.0,AU,basis points,https://data.bis.org/topics/CBPOL
1994-08-01,Argentina,Argentina cut 41bp to 0.37%,monetary policy,standard,cut,-41.0,AR,basis points,https://data.bis.org/topics/CBPOL
1994-08-01,Philippines,Philippines cut 180bp to 9.2%,monetary policy,major,cut,-180.00000000000006,PH,basis points,https://data.bis.org/topics/CBPOL
1994-09-01,Canada,Canada cut 38bp to 5.0%,monetary policy,standard,cut,-37.999999999999986,CA,basis points,https://data.bis.org/topics/CBPOL
1994-09-01,Greece,Greece cut 100bp to 21.5%,monetary policy,major,cut,-100.0,GR,basis points,https://data.bis.org/topics/CBPOL
1994-09-01,South Africa,South Africa hike 100bp to 13.0%,monetary policy,major,hike,100.0,ZA,basis points,https://data.bis.org/topics/CBPOL
1994-09-01,New Zealand,New Zealand hike 75bp to 6.5%,monetary policy,major,hike,75.0,NZ,basis points,https://data.bis.org/topics/CBPOL
1994-09-01,Philippines,Philippines cut 120bp to 8.0%,monetary policy,major,cut,-119.99999999999993,PH,basis points,https://data.bis.org/topics/CBPOL
1994-09-01,Argentina,Argentina hike 8bp to 0.45%,monetary policy,minor,hike,8.000000000000002,AR,basis points,https://data.bis.org/topics/CBPOL
1994-09-01,Brazil,Brazil hike 183bp to 57.33%,monetary policy,major,hike,182.99999999999983,BR,basis points,https://data.bis.org/topics/CBPOL
1994-09-01,United Kingdom,United Kingdom hike 50bp to 5.62%,monetary policy,standard,hike,50.0,GB,basis points,https://data.bis.org/topics/CBPOL
1994-09-01,Israel,Israel hike 300bp to 15.5%,monetary policy,major,hike,300.0,IL,basis points,https://data.bis.org/topics/CBPOL
1994-09-01,Croatia,Croatia cut 258bp to 17.42%,monetary policy,major,cut,-257.99999999999983,HR,basis points,https://data.bis.org/topics/CBPOL
1994-10-01,Russia,Russia hike 4000bp to 170.0%,monetary policy,major,hike,4000.0,RU,basis points,https://data.bis.org/topics/CBPOL
1994-10-01,Croatia,Croatia hike 58bp to 18.0%,monetary policy,standard,hike,57.99999999999983,HR,basis points,https://data.bis.org/topics/CBPOL
1994-10-01,Australia,Australia hike 100bp to 6.5%,monetary policy,major,hike,100.0,AU,basis points,https://data.bis.org/topics/CBPOL
1994-10-01,Philippines,Philippines hike 50bp to 8.5%,monetary policy,standard,hike,50.0,PH,basis points,https://data.bis.org/topics/CBPOL
1994-10-01,Portugal,Portugal cut 150bp to 10.5%,monetary policy,major,cut,-150.0,PT,basis points,https://data.bis.org/topics/CBPOL
1994-10-01,Brazil,Brazil hike 743bp to 64.76%,monetary policy,major,hike,743.0000000000007,BR,basis points,https://data.bis.org/topics/CBPOL
1994-10-01,Canada,Canada cut 6bp to 4.94%,monetary policy,minor,cut,-5.999999999999961,CA,basis points,https://data.bis.org/topics/CBPOL
1994-10-01,Argentina,Argentina hike 5bp to 0.5%,monetary policy,minor,hike,4.999999999999999,AR,basis points,https://data.bis.org/topics/CBPOL
1994-10-01,New Zealand,New Zealand hike 100bp to 7.5%,monetary policy,major,hike,100.0,NZ,basis points,https://data.bis.org/topics/CBPOL
1994-11-01,United States,United States hike 75bp to 5.5%,monetary policy,major,hike,75.0,US,basis points,https://data.bis.org/topics/CBPOL
1994-11-01,Brazil,Brazil hike 69bp to 65.45%,monetary policy,standard,hike,68.99999999999977,BR,basis points,https://data.bis.org/topics/CBPOL
1994-11-01,Russia,Russia hike 1000bp to 180.0%,monetary policy,major,hike,1000.0,RU,basis points,https://data.bis.org/topics/CBPOL
1994-11-01,Sweden,Sweden hike 20bp to 7.4%,monetary policy,minor,hike,20.000000000000018,SE,basis points,https://data.bis.org/topics/CBPOL
1994-11-01,Canada,Canada hike 50bp to 5.44%,monetary policy,standard,hike,50.0,CA,basis points,https://data.bis.org/topics/CBPOL
1994-11-01,New Zealand,New Zealand hike 20bp to 7.7%,monetary policy,minor,hike,20.000000000000018,NZ,basis points,https://data.bis.org/topics/CBPOL
1994-11-01,Greece,Greece cut 100bp to 20.5%,monetary policy,major,cut,-100.0,GR,basis points,https://data.bis.org/topics/CBPOL
1994-12-01,Israel,Israel hike 150bp to 17.0%,monetary policy,major,hike,150.0,IL,basis points,https://data.bis.org/topics/CBPOL
1994-12-01,Canada,Canada hike 25bp to 5.69%,monetary policy,standard,hike,25.0,CA,basis points,https://data.bis.org/topics/CBPOL
1994-12-01,New Zealand,New Zealand hike 60bp to 8.3%,monetary policy,standard,hike,60.00000000000006,NZ,basis points,https://data.bis.org/topics/CBPOL
1994-12-01,Brazil,Brazil cut 1559bp to 49.86%,monetary policy,major,cut,-1559.0000000000005,BR,basis points,https://data.bis.org/topics/CBPOL
1994-12-01,United Kingdom,United Kingdom hike 50bp to 6.12%,monetary policy,standard,hike,50.0,GB,basis points,https://data.bis.org/topics/CBPOL
1994-12-01,Sweden,Sweden hike 20bp to 7.6%,monetary policy,minor,hike,19.99999999999993,SE,basis points,https://data.bis.org/topics/CBPOL
1994-12-01,Australia,Australia hike 100bp to 7.5%,monetary policy,major,hike,100.0,AU,basis points,https://data.bis.org/topics/CBPOL
1994-12-01,Argentina,Argentina hike 112bp to 1.62%,monetary policy,major,hike,112.00000000000001,AR,basis points,https://data.bis.org/topics/CBPOL
1995-01-01,Croatia,Croatia hike 1bp to 18.01%,monetary policy,minor,hike,1.0000000000001563,HR,basis points,https://data.bis.org/topics/CBPOL
1995-01-01,Canada,Canada hike 156bp to 7.25%,monetary policy,major,hike,155.99999999999997,CA,basis points,https://data.bis.org/topics/CBPOL
1995-01-01,Russia,Russia hike 2000bp to 200.0%,monetary policy,major,hike,2000.0,RU,basis points,https://data.bis.org/topics/CBPOL
1995-01-01,Brazil,Brazil cut 372bp to 46.14%,monetary policy,major,cut,-371.9999999999999,BR,basis points,https://data.bis.org/topics/CBPOL
1995-01-01,Spain,Spain hike 65bp to 8.0%,monetary policy,standard,hike,65.00000000000003,ES,basis points,https://data.bis.org/topics/CBPOL
1995-01-01,Argentina,Argentina cut 90bp to 0.72%,monetary policy,major,cut,-90.00000000000001,AR,basis points,https://data.bis.org/topics/CBPOL
1995-01-01,Philippines,Philippines hike 50bp to 9.0%,monetary policy,standard,hike,50.0,PH,basis points,https://data.bis.org/topics/CBPOL
1995-01-01,Greece,Greece cut 375bp to 16.75%,monetary policy,major,cut,-375.0,GR,basis points,https://data.bis.org/topics/CBPOL
1995-02-01,Canada,Canada hike 87bp to 8.12%,monetary policy,major,hike,86.99999999999991,CA,basis points,https://data.bis.org/topics/CBPOL
1995-02-01,Philippines,Philippines hike 1600bp to 25.0%,monetary policy,major,hike,1600.0,PH,basis points,https://data.bis.org/topics/CBPOL
1995-02-01,Israel,Israel cut 70bp to 16.3%,monetary policy,standard,cut,-69.99999999999993,IL,basis points,https://data.bis.org/topics/CBPOL
1995-02-01,Brazil,Brazil hike 1014bp to 56.28%,monetary policy,major,hike,1014.0,BR,basis points,https://data.bis.org/topics/CBPOL
1995-02-01,South Africa,South Africa hike 100bp to 14.0%,monetary policy,major,hike,100.0,ZA,basis points,https://data.bis.org/topics/CBPOL
1995-02-01,United States,United States hike 50bp to 6.0%,monetary policy,standard,hike,50.0,US,basis points,https://data.bis.org/topics/CBPOL
1995-02-01,Poland,Poland hike 300bp to 34.0%,monetary policy,major,hike,300.0,PL,basis points,https://data.bis.org/topics/CBPOL
1995-02-01,Sweden,Sweden hike 23bp to 7.83%,monetary policy,minor,hike,23.000000000000043,SE,basis points,https://data.bis.org/topics/CBPOL
1995-02-01,United Kingdom,United Kingdom hike 50bp to 6.62%,monetary policy,standard,hike,50.0,GB,basis points,https://data.bis.org/topics/CBPOL
1995-02-01,Argentina,Argentina hike 92bp to 1.64%,monetary policy,major,hike,92.0,AR,basis points,https://data.bis.org/topics/CBPOL
1995-02-01,Croatia,Croatia hike 20bp to 18.21%,monetary policy,minor,hike,19.99999999999993,HR,basis points,https://data.bis.org/topics/CBPOL
1995-02-01,Italy,Italy hike 75bp to 8.25%,monetary policy,major,hike,75.0,IT,basis points,https://data.bis.org/topics/CBPOL
1995-02-01,New Zealand,New Zealand hike 70bp to 9.0%,monetary policy,standard,hike,69.99999999999993,NZ,basis points,https://data.bis.org/topics/CBPOL
1995-02-01,Hungary,Hungary hike 300bp to 28.0%,monetary policy,major,hike,300.0,HU,basis points,https://data.bis.org/topics/CBPOL
1995-03-01,Greece,Greece cut 45bp to 16.3%,monetary policy,standard,cut,-44.99999999999993,GR,basis points,https://data.bis.org/topics/CBPOL
1995-03-01,Brazil,Brazil hike 945bp to 65.73%,monetary policy,major,hike,945.0000000000002,BR,basis points,https://data.bis.org/topics/CBPOL
1995-03-01,Spain,Spain hike 50bp to 8.5%,monetary policy,standard,hike,50.0,ES,basis points,https://data.bis.org/topics/CBPOL
1995-03-01,Israel,Israel cut 150bp to 14.8%,monetary policy,major,cut,-150.0,IL,basis points,https://data.bis.org/topics/CBPOL
1995-03-01,Netherlands,Netherlands cut 50bp to 4.0%,monetary policy,standard,cut,-50.0,NL,basis points,https://data.bis.org/topics/CBPOL
1995-03-01,Denmark,Denmark hike 150bp to 7.0%,monetary policy,major,hike,150.0,DK,basis points,https://data.bis.org/topics/CBPOL
1995-03-01,Argentina,Argentina cut 51bp to 1.13%,monetary policy,standard,cut,-51.0,AR,basis points,https://data.bis.org/topics/CBPOL
1995-03-01,Austria,Austria cut 25bp to 4.45%,monetary policy,standard,cut,-25.0,AT,basis points,https://data.bis.org/topics/CBPOL
1995-03-01,Belgium,Belgium hike 90bp to 7.25%,monetary policy,major,hike,90.00000000000003,BE,basis points,https://data.bis.org/topics/CBPOL
1995-03-01,Sweden,Sweden hike 37bp to 8.2%,monetary policy,standard,hike,36.99999999999992,SE,basis points,https://data.bis.org/topics/CBPOL
1995-03-01,Croatia,Croatia hike 128bp to 19.49%,monetary policy,major,hike,127.99999999999976,HR,basis points,https://data.bis.org/topics/CBPOL
1995-03-01,Canada,Canada cut 6bp to 8.06%,monetary policy,minor,cut,-5.999999999999872,CA,basis points,https://data.bis.org/topics/CBPOL
1995-03-01,Switzerland,Switzerland cut 50bp to 3.0%,monetary policy,standard,cut,-50.0,CH,basis points,https://data.bis.org/topics/CBPOL
1995-03-01,Philippines,Philippines cut 1300bp to 12.0%,monetary policy,major,cut,-1300.0,PH,basis points,https://data.bis.org/topics/CBPOL
1995-04-01,Canada,Canada cut 9bp to 7.97%,monetary policy,minor,cut,-9.000000000000075,CA,basis points,https://data.bis.org/topics/CBPOL
1995-04-01,Japan,Japan cut 75bp to 1.0%,monetary policy,major,cut,-75.0,JP,basis points,https://data.bis.org/topics/CBPOL
1995-04-01,Argentina,Argentina cut 43bp to 0.7%,monetary policy,standard,cut,-42.99999999999999,AR,basis points,https://data.bis.org/topics/CBPOL
1995-04-01,Brazil,Brazil hike 1970bp to 85.43%,monetary policy,major,hike,1970.0000000000002,BR,basis points,https://data.bis.org/topics/CBPOL
1995-04-01,Israel,Israel cut 80bp to 14.0%,monetary policy,major,cut,-80.00000000000007,IL,basis points,https://data.bis.org/topics/CBPOL
1995-04-01,Denmark,Denmark cut 50bp to 6.5%,monetary policy,standard,cut,-50.0,DK,basis points,https://data.bis.org/topics/CBPOL
1995-04-01,Croatia,Croatia cut 110bp to 18.39%,monetary policy,major,cut,-109.99999999999979,HR,basis points,https://data.bis.org/topics/CBPOL
1995-04-01,New Zealand,New Zealand cut 10bp to 8.9%,monetary policy,minor,cut,-9.999999999999964,NZ,basis points,https://data.bis.org/topics/CBPOL
1995-04-01,Belgium,Belgium cut 100bp to 6.25%,monetary policy,major,cut,-100.0,BE,basis points,https://data.bis.org/topics/CBPOL
1995-04-01,Sweden,Sweden hike 21bp to 8.41%,monetary policy,minor,hike,21.000000000000085,SE,basis points,https://data.bis.org/topics/CBPOL
1995-04-01,Greece,Greece cut 30bp to 16.0%,monetary policy,standard,cut,-30.00000000000007,GR,basis points,https://data.bis.org/topics/CBPOL
1995-04-01,Philippines,Philippines cut 100bp to 11.0%,monetary policy,major,cut,-100.0,PH,basis points,https://data.bis.org/topics/CBPOL
1995-04-01,Germany,Germany cut 34bp to 4.51%,monetary policy,standard,cut,-33.999999999999986,DE,basis points,https://data.bis.org/topics/CBPOL
1995-05-01,Greece,Greece cut 20bp to 15.8%,monetary policy,minor,cut,-19.99999999999993,GR,basis points,https://data.bis.org/topics/CBPOL
1995-05-01,Italy,Italy hike 75bp to 9.0%,monetary policy,major,hike,75.0,IT,basis points,https://data.bis.org/topics/CBPOL
1995-05-01,Poland,Poland cut 400bp to 30.0%,monetary policy,major,cut,-400.0,PL,basis points,https://data.bis.org/topics/CBPOL
1995-05-01,Philippines,Philippines cut 150bp to 9.5%,monetary policy,major,cut,-150.0,PH,basis points,https://data.bis.org/topics/CBPOL
1995-05-01,Brazil,Brazil cut 2449bp to 60.94%,monetary policy,major,cut,-2449.000000000001,BR,basis points,https://data.bis.org/topics/CBPOL
1995-05-01,Denmark,Denmark cut 15bp to 6.35%,monetary policy,minor,cut,-15.000000000000036,DK,basis points,https://data.bis.org/topics/CBPOL
1995-05-01,Russia,Russia cut 500bp to 195.0%,monetary policy,major,cut,-500.0,RU,basis points,https://data.bis.org/topics/CBPOL
1995-05-01,Croatia,Croatia hike 168bp to 20.07%,monetary policy,major,hike,167.99999999999997,HR,basis points,https://data.bis.org/topics/CBPOL
1995-05-01,Argentina,Argentina hike 4bp to 0.74%,monetary policy,minor,hike,4.0000000000000036,AR,basis points,https://data.bis.org/topics/CBPOL
1995-05-01,New Zealand,New Zealand hike 15bp to 9.05%,monetary policy,minor,hike,15.000000000000036,NZ,basis points,https://data.bis.org/topics/CBPOL
1995-05-01,Belgium,Belgium cut 25bp to 6.0%,monetary policy,standard,cut,-25.0,BE,basis points,https://data.bis.org/topics/CBPOL
1995-05-01,Canada,Canada cut 38bp to 7.59%,monetary policy,standard,cut,-37.999999999999986,CA,basis points,https://data.bis.org/topics/CBPOL
1995-06-01,Russia,Russia cut 1500bp to 180.0%,monetary policy,major,cut,-1500.0,RU,basis points,https://data.bis.org/topics/CBPOL
1995-06-01,Canada,Canada cut 40bp to 7.19%,monetary policy,standard,cut,-39.99999999999994,CA,basis points,https://data.bis.org/topics/CBPOL
1995-06-01,Israel,Israel cut 50bp to 13.5%,monetary policy,standard,cut,-50.0,IL,basis points,https://data.bis.org/topics/CBPOL
1995-06-01,Philippines,Philippines cut 75bp to 8.75%,monetary policy,major,cut,-75.0,PH,basis points,https://data.bis.org/topics/CBPOL
1995-06-01,Sweden,Sweden hike 25bp to 8.66%,monetary policy,standard,hike,25.0,SE,basis points,https://data.bis.org/topics/CBPOL
1995-06-01,Greece,Greece cut 30bp to 15.5%,monetary policy,standard,cut,-30.00000000000007,GR,basis points,https://data.bis.org/topics/CBPOL
1995-06-01,Netherlands,Netherlands cut 25bp to 3.75%,monetary policy,standard,cut,-25.0,NL,basis points,https://data.bis.org/topics/CBPOL
1995-06-01,Croatia,Croatia hike 255bp to 22.62%,monetary policy,major,hike,255.00000000000006,HR,basis points,https://data.bis.org/topics/CBPOL
1995-06-01,Argentina,Argentina cut 14bp to 0.6%,monetary policy,minor,cut,-14.000000000000002,AR,basis points,https://data.bis.org/topics/CBPOL
1995-06-01,Belgium,Belgium cut 25bp to 5.75%,monetary policy,standard,cut,-25.0,BE,basis points,https://data.bis.org/topics/CBPOL
1995-06-01,New Zealand,New Zealand cut 5bp to 9.0%,monetary policy,minor,cut,-5.000000000000071,NZ,basis points,https://data.bis.org/topics/CBPOL
1995-06-01,Brazil,Brazil cut 14bp to 60.8%,monetary policy,minor,cut,-14.000000000000057,BR,basis points,https://data.bis.org/topics/CBPOL
1995-06-01,South Africa,South Africa hike 100bp to 15.0%,monetary policy,major,hike,100.0,ZA,basis points,https://data.bis.org/topics/CBPOL
1995-06-01,Spain,Spain hike 75bp to 9.25%,monetary policy,major,hike,75.0,ES,basis points,https://data.bis.org/topics/CBPOL
1995-07-01,United States,United States cut 25bp to 5.75%,monetary policy,standard,cut,-25.0,US,basis points,https://data.bis.org/topics/CBPOL
1995-07-01,Switzerland,Switzerland cut 50bp to 2.5%,monetary policy,standard,cut,-50.0,CH,basis points,https://data.bis.org/topics/CBPOL
1995-07-01,Brazil,Brazil cut 40bp to 60.4%,monetary policy,standard,cut,-39.99999999999986,BR,basis points,https://data.bis.org/topics/CBPOL
1995-07-01,Canada,Canada cut 63bp to 6.56%,monetary policy,standard,cut,-63.00000000000008,CA,basis points,https://data.bis.org/topics/CBPOL
1995-07-01,Israel,Israel cut 30bp to 13.2%,monetary policy,standard,cut,-30.00000000000007,IL,basis points,https://data.bis.org/topics/CBPOL
1995-07-01,Sweden,Sweden hike 25bp to 8.91%,monetary policy,standard,hike,25.0,SE,basis points,https://data.bis.org/topics/CBPOL
1995-07-01,Philippines,Philippines cut 150bp to 7.25%,monetary policy,major,cut,-150.0,PH,basis points,https://data.bis.org/topics/CBPOL
1995-07-01,Argentina,Argentina cut 10bp to 0.5%,monetary policy,minor,cut,-9.999999999999998,AR,basis points,https://data.bis.org/topics/CBPOL
1995-07-01,Croatia,Croatia hike 48bp to 23.1%,monetary policy,standard,hike,48.00000000000004,HR,basis points,https://data.bis.org/topics/CBPOL
1995-07-01,New Zealand,New Zealand cut 10bp to 8.9%,monetary policy,minor,cut,-9.999999999999964,NZ,basis points,https://data.bis.org/topics/CBPOL
1995-07-01,Denmark,Denmark cut 30bp to 6.05%,monetary policy,standard,cut,-29.999999999999982,DK,basis points,https://data.bis.org/topics/CBPOL
1995-08-01,New Zealand,New Zealand hike 75bp to 9.65%,monetary policy,major,hike,75.0,NZ,basis points,https://data.bis.org/topics/CBPOL
1995-08-01,Netherlands,Netherlands cut 25bp to 3.5%,monetary policy,standard,cut,-25.0,NL,basis points,https://data.bis.org/topics/CBPOL
1995-08-01,Austria,Austria cut 10bp to 4.35%,monetary policy,minor,cut,-10.000000000000053,AT,basis points,https://data.bis.org/topics/CBPOL
1995-08-01,Denmark,Denmark cut 40bp to 5.65%,monetary policy,standard,cut,-39.99999999999994,DK,basis points,https://data.bis.org/topics/CBPOL
1995-08-01,Philippines,Philippines hike 25bp to 7.5%,monetary policy,standard,hike,25.0,PH,basis points,https://data.bis.org/topics/CBPOL
1995-08-01,Croatia,Croatia cut 72bp to 22.38%,monetary policy,standard,cut,-72.00000000000024,HR,basis points,https://data.bis.org/topics/CBPOL
1995-08-01,Canada,Canada cut 31bp to 6.25%,monetary policy,standard,cut,-30.99999999999996,CA,basis points,https://data.bis.org/topics/CBPOL
1995-08-01,Belgium,Belgium cut 20bp to 5.55%,monetary policy,minor,cut,-20.000000000000018,BE,basis points,https://data.bis.org/topics/CBPOL
1995-08-01,Greece,Greece cut 60bp to 14.9%,monetary policy,standard,cut,-59.999999999999964,GR,basis points,https://data.bis.org/topics/CBPOL
1995-08-01,Argentina,Argentina hike 15bp to 0.65%,monetary policy,minor,hike,15.000000000000002,AR,basis points,https://data.bis.org/topics/CBPOL
1995-08-01,Portugal,Portugal cut 100bp to 9.5%,monetary policy,major,cut,-100.0,PT,basis points,https://data.bis.org/topics/CBPOL
1995-08-01,Germany,Germany cut 21bp to 4.3%,monetary policy,minor,cut,-20.999999999999996,DE,basis points,https://data.bis.org/topics/CBPOL
1995-08-01,Brazil,Brazil cut 953bp to 50.87%,monetary policy,major,cut,-953.0000000000001,BR,basis points,https://data.bis.org/topics/CBPOL
1995-09-01,Poland,Poland cut 200bp to 28.0%,monetary policy,major,cut,-200.0,PL,basis points,https://data.bis.org/topics/CBPOL
1995-09-01,Switzerland,Switzerland cut 50bp to 2.0%,monetary policy,standard,cut,-50.0,CH,basis points,https://data.bis.org/topics/CBPOL
1995-09-01,New Zealand,New Zealand cut 20bp to 9.45%,monetary policy,minor,cut,-20.000000000000107,NZ,basis points,https://data.bis.org/topics/CBPOL
1995-09-01,Austria,Austria cut 30bp to 4.05%,monetary policy,standard,cut,-29.999999999999982,AT,basis points,https://data.bis.org/topics/CBPOL
1995-09-01,Israel,Israel hike 50bp to 13.7%,monetary policy,standard,hike,50.0,IL,basis points,https://data.bis.org/topics/CBPOL
1995-09-01,Brazil,Brazil cut 50bp to 50.37%,monetary policy,standard,cut,-50.0,BR,basis points,https://data.bis.org/topics/CBPOL
1995-09-01,Japan,Japan cut 50bp to 0.5%,monetary policy,standard,cut,-50.0,JP,basis points,https://data.bis.org/topics/CBPOL
1995-09-01,Philippines,Philippines hike 100bp to 8.5%,monetary policy,major,hike,100.0,PH,basis points,https://data.bis.org/topics/CBPOL
1995-09-01,Canada,Canada cut 6bp to 6.19%,monetary policy,minor,cut,-5.999999999999961,CA,basis points,https://data.bis.org/topics/CBPOL
1995-09-01,Belgium,Belgium cut 20bp to 5.35%,monetary policy,minor,cut,-20.000000000000018,BE,basis points,https://data.bis.org/topics/CBPOL
1995-09-01,Argentina,Argentina cut 10bp to 0.55%,monetary policy,minor,cut,-9.999999999999998,AR,basis points,https://data.bis.org/topics/CBPOL
1995-09-01,Denmark,Denmark cut 25bp to 5.4%,monetary policy,standard,cut,-25.0,DK,basis points,https://data.bis.org/topics/CBPOL
1995-09-01,Germany,Germany cut 22bp to 4.08%,monetary policy,minor,cut,-21.999999999999975,DE,basis points,https://data.bis.org/topics/CBPOL
1995-09-01,Croatia,Croatia hike 85bp to 23.23%,monetary policy,major,hike,85.00000000000014,HR,basis points,https://data.bis.org/topics/CBPOL
1995-10-01,New Zealand,New Zealand cut 110bp to 8.35%,monetary policy,major,cut,-109.99999999999997,NZ,basis points,https://data.bis.org/topics/CBPOL
1995-10-01,Belgium,Belgium cut 5bp to 5.3%,monetary policy,minor,cut,-4.999999999999982,BE,basis points,https://data.bis.org/topics/CBPOL
1995-10-01,Brazil,Brazil cut 738bp to 42.99%,monetary policy,major,cut,-737.9999999999995,BR,basis points,https://data.bis.org/topics/CBPOL
1995-10-01,Israel,Israel hike 50bp to 14.2%,monetary policy,standard,hike,50.0,IL,basis points,https://data.bis.org/topics/CBPOL
1995-10-01,Croatia,Croatia hike 209bp to 25.32%,monetary policy,major,hike,209.0,HR,basis points,https://data.bis.org/topics/CBPOL
1995-10-01,Denmark,Denmark cut 10bp to 5.3%,monetary policy,minor,cut,-10.000000000000053,DK,basis points,https://data.bis.org/topics/CBPOL
1995-10-01,Philippines,Philippines hike 62bp to 9.12%,monetary policy,standard,hike,62.5,PH,basis points,https://data.bis.org/topics/CBPOL
1995-10-01,Russia,Russia cut 1000bp to 170.0%,monetary policy,major,cut,-1000.0,RU,basis points,https://data.bis.org/topics/CBPOL
1995-10-01,Argentina,Argentina cut 2bp to 0.53%,monetary policy,minor,cut,-2.0000000000000018,AR,basis points,https://data.bis.org/topics/CBPOL
1995-10-01,Germany,Germany cut 4bp to 4.04%,monetary policy,minor,cut,-4.0000000000000036,DE,basis points,https://data.bis.org/topics/CBPOL
1995-11-01,Argentina,Argentina hike 4bp to 0.57%,monetary policy,minor,hike,3.9999999999999925,AR,basis points,https://data.bis.org/topics/CBPOL
1995-11-01,Canada,Canada cut 25bp to 5.94%,monetary policy,standard,cut,-25.0,CA,basis points,https://data.bis.org/topics/CBPOL
1995-11-01,New Zealand,New Zealand hike 15bp to 8.5%,monetary policy,minor,hike,15.000000000000036,NZ,basis points,https://data.bis.org/topics/CBPOL
1995-11-01,Netherlands,Netherlands cut 25bp to 3.25%,monetary policy,standard,cut,-25.0,NL,basis points,https://data.bis.org/topics/CBPOL
1995-11-01,Brazil,Brazil cut 108bp to 41.91%,monetary policy,major,cut,-108.00000000000054,BR,basis points,https://data.bis.org/topics/CBPOL
1995-11-01,Croatia,Croatia cut 64bp to 24.68%,monetary policy,standard,cut,-64.00000000000006,HR,basis points,https://data.bis.org/topics/CBPOL
1995-11-01,Germany,Germany cut 6bp to 3.98%,monetary policy,minor,cut,-6.000000000000005,DE,basis points,https://data.bis.org/topics/CBPOL
1995-11-01,Denmark,Denmark cut 30bp to 5.0%,monetary policy,standard,cut,-29.999999999999982,DK,basis points,https://data.bis.org/topics/CBPOL
1995-11-01,France,France cut 20bp to 4.8%,monetary policy,minor,cut,-20.000000000000018,FR,basis points,https://data.bis.org/topics/CBPOL
1995-11-01,Belgium,Belgium cut 10bp to 5.2%,monetary policy,minor,cut,-9.999999999999964,BE,basis points,https://data.bis.org/topics/CBPOL
1995-11-01,Greece,Greece cut 20bp to 14.7%,monetary policy,minor,cut,-20.000000000000107,GR,basis points,https://data.bis.org/topics/CBPOL
1995-11-01,Philippines,Philippines hike 488bp to 14.0%,monetary policy,major,hike,487.5,PH,basis points,https://data.bis.org/topics/CBPOL
1995-12-01,Israel,Israel cut 50bp to 13.7%,monetary policy,standard,cut,-50.0,IL,basis points,https://data.bis.org/topics/CBPOL
1995-12-01,Canada,Canada cut 16bp to 5.78%,monetary policy,minor,cut,-16.000000000000014,CA,basis points,https://data.bis.org/topics/CBPOL
1995-12-01,Germany,Germany cut 23bp to 3.75%,monetary policy,minor,cut,-23.0,DE,basis points,https://data.bis.org/topics/CBPOL
1995-12-01,Netherlands,Netherlands cut 50bp to 2.75%,monetary policy,standard,cut,-50.0,NL,basis points,https://data.bis.org/topics/CBPOL
1995-12-01,Croatia,Croatia hike 486bp to 29.54%,monetary policy,major,hike,485.99999999999994,HR,basis points,https://data.bis.org/topics/CBPOL
1995-12-01,France,France cut 35bp to 4.45%,monetary policy,standard,cut,-34.999999999999964,FR,basis points,https://data.bis.org/topics/CBPOL
1995-12-01,United States,United States cut 25bp to 5.5%,monetary policy,standard,cut,-25.0,US,basis points,https://data.bis.org/topics/CBPOL
1995-12-01,Spain,Spain cut 25bp to 9.0%,monetary policy,standard,cut,-25.0,ES,basis points,https://data.bis.org/topics/CBPOL
1995-12-01,Switzerland,Switzerland cut 50bp to 1.5%,monetary policy,standard,cut,-50.0,CH,basis points,https://data.bis.org/topics/CBPOL
1995-12-01,Russia,Russia cut 1000bp to 160.0%,monetary policy,major,cut,-1000.0,RU,basis points,https://data.bis.org/topics/CBPOL
1995-12-01,New Zealand,New Zealand hike 50bp to 9.0%,monetary policy,standard,hike,50.0,NZ,basis points,https://data.bis.org/topics/CBPOL
1995-12-01,United Kingdom,United Kingdom cut 25bp to 6.38%,monetary policy,standard,cut,-25.0,GB,basis points,https://data.bis.org/topics/CBPOL
1995-12-01,Greece,Greece cut 70bp to 14.0%,monetary policy,standard,cut,-69.99999999999993,GR,basis points,https://data.bis.org/topics/CBPOL
1995-12-01,Argentina,Argentina hike 13bp to 0.7%,monetary policy,minor,hike,13.0,AR,basis points,https://data.bis.org/topics/CBPOL
1995-12-01,Brazil,Brazil cut 166bp to 40.25%,monetary policy,major,cut,-165.99999999999966,BR,basis points,https://data.bis.org/topics/CBPOL
1995-12-01,Austria,Austria cut 30bp to 3.75%,monetary policy,standard,cut,-29.999999999999982,AT,basis points,https://data.bis.org/topics/CBPOL
1995-12-01,Malaysia,Malaysia hike 1bp to 7.15%,monetary policy,minor,hike,1.0000000000000675,MY,basis points,https://data.bis.org/topics/CBPOL
1995-12-01,Colombia,Colombia cut 400bp to 41.0%,monetary policy,major,cut,-400.0,CO,basis points,https://data.bis.org/topics/CBPOL
1995-12-01,Belgium,Belgium cut 20bp to 5.0%,monetary policy,minor,cut,-20.000000000000018,BE,basis points,https://data.bis.org/topics/CBPOL
1995-12-01,Denmark,Denmark cut 40bp to 4.6%,monetary policy,standard,cut,-40.000000000000036,DK,basis points,https://data.bis.org/topics/CBPOL
1996-01-01,Poland,Poland cut 200bp to 26.0%,monetary policy,major,cut,-200.0,PL,basis points,https://data.bis.org/topics/CBPOL
1996-01-01,Sweden,Sweden cut 46bp to 8.45%,monetary policy,standard,cut,-46.000000000000085,SE,basis points,https://data.bis.org/topics/CBPOL
1996-01-01,Belgium,Belgium cut 35bp to 4.65%,monetary policy,standard,cut,-34.999999999999964,BE,basis points,https://data.bis.org/topics/CBPOL
1996-01-01,United Kingdom,United Kingdom cut 25bp to 6.12%,monetary policy,standard,cut,-25.0,GB,basis points,https://data.bis.org/topics/CBPOL
1996-01-01,France,France cut 25bp to 4.2%,monetary policy,standard,cut,-25.0,FR,basis points,https://data.bis.org/topics/CBPOL
1996-01-01,Austria,Austria cut 10bp to 3.65%,monetary policy,minor,cut,-10.000000000000009,AT,basis points,https://data.bis.org/topics/CBPOL
1996-01-01,Malaysia,Malaysia cut 7bp to 7.08%,monetary policy,minor,cut,-7.000000000000028,MY,basis points,https://data.bis.org/topics/CBPOL
1996-01-01,Denmark,Denmark cut 25bp to 4.35%,monetary policy,standard,cut,-25.0,DK,basis points,https://data.bis.org/topics/CBPOL
1996-01-01,Croatia,Croatia cut 27bp to 29.27%,monetary policy,standard,cut,-26.999999999999957,HR,basis points,https://data.bis.org/topics/CBPOL
1996-01-01,New Zealand,New Zealand cut 55bp to 8.45%,monetary policy,standard,cut,-55.00000000000007,NZ,basis points,https://data.bis.org/topics/CBPOL
1996-01-01,Philippines,Philippines cut 12bp to 13.88%,monetary policy,minor,cut,-12.5,PH,basis points,https://data.bis.org/topics/CBPOL
1996-01-01,Brazil,Brazil cut 632bp to 33.93%,monetary policy,major,cut,-632.0,BR,basis points,https://data.bis.org/topics/CBPOL
1996-01-01,Spain,Spain cut 25bp to 8.75%,monetary policy,standard,cut,-25.0,ES,basis points,https://data.bis.org/topics/CBPOL
1996-01-01,United States,United States cut 25bp to 5.25%,monetary policy,standard,cut,-25.0,US,basis points,https://data.bis.org/topics/CBPOL
1996-01-01,Argentina,Argentina hike 456bp to 5.26%,monetary policy,major,hike,455.99999999999994,AR,basis points,https://data.bis.org/topics/CBPOL
1996-01-01,Canada,Canada cut 22bp to 5.56%,monetary policy,minor,cut,-22.000000000000064,CA,basis points,https://data.bis.org/topics/CBPOL
1996-01-01,Greece,Greece cut 25bp to 13.75%,monetary policy,standard,cut,-25.0,GR,basis points,https://data.bis.org/topics/CBPOL
1996-01-01,Germany,Germany cut 20bp to 3.55%,monetary policy,minor,cut,-20.000000000000018,DE,basis points,https://data.bis.org/topics/CBPOL
1996-02-01,Sweden,Sweden cut 40bp to 8.05%,monetary policy,standard,cut,-39.99999999999986,SE,basis points,https://data.bis.org/topics/CBPOL
1996-02-01,Brazil,Brazil hike 45bp to 34.38%,monetary policy,standard,hike,45.000000000000284,BR,basis points,https://data.bis.org/topics/CBPOL
1996-02-01,Austria,Austria cut 15bp to 3.5%,monetary policy,minor,cut,-14.999999999999991,AT,basis points,https://data.bis.org/topics/CBPOL
1996-02-01,Croatia,Croatia hike 58bp to 29.85%,monetary policy,standard,hike,58.000000000000185,HR,basis points,https://data.bis.org/topics/CBPOL
1996-02-01,Malaysia,Malaysia hike 2bp to 7.1%,monetary policy,minor,hike,1.9999999999999574,MY,basis points,https://data.bis.org/topics/CBPOL
1996-02-01,France,France cut 30bp to 3.9%,monetary policy,standard,cut,-30.00000000000003,FR,basis points,https://data.bis.org/topics/CBPOL
1996-02-01,Colombia,Colombia cut 300bp to 38.0%,monetary policy,major,cut,-300.0,CO,basis points,https://data.bis.org/topics/CBPOL
1996-02-01,Germany,Germany cut 25bp to 3.3%,monetary policy,standard,cut,-25.0,DE,basis points,https://data.bis.org/topics/CBPOL
1996-02-01,Portugal,Portugal cut 75bp to 8.75%,monetary policy,major,cut,-75.0,PT,basis points,https://data.bis.org/topics/CBPOL
1996-02-01,Israel,Israel hike 30bp to 14.0%,monetary policy,standard,hike,30.00000000000007,IL,basis points,https://data.bis.org/topics/CBPOL
1996-02-01,Philippines,Philippines hike 12bp to 14.0%,monetary policy,minor,hike,12.5,PH,basis points,https://data.bis.org/topics/CBPOL
1996-02-01,Hungary,Hungary cut 100bp to 27.0%,monetary policy,major,cut,-100.0,HU,basis points,https://data.bis.org/topics/CBPOL
1996-02-01,Argentina,Argentina hike 5bp to 5.31%,monetary policy,minor,hike,4.999999999999982,AR,basis points,https://data.bis.org/topics/CBPOL
1996-02-01,Belgium,Belgium cut 10bp to 4.55%,monetary policy,minor,cut,-10.000000000000053,BE,basis points,https://data.bis.org/topics/CBPOL
1996-02-01,New Zealand,New Zealand hike 65bp to 9.1%,monetary policy,standard,hike,65.00000000000003,NZ,basis points,https://data.bis.org/topics/CBPOL
1996-02-01,Russia,Russia cut 4000bp to 120.0%,monetary policy,major,cut,-4000.0,RU,basis points,https://data.bis.org/topics/CBPOL
1996-02-01,Canada,Canada cut 37bp to 5.19%,monetary policy,standard,cut,-36.99999999999992,CA,basis points,https://data.bis.org/topics/CBPOL
1996-02-01,Denmark,Denmark cut 10bp to 4.25%,monetary policy,minor,cut,-9.999999999999964,DK,basis points,https://data.bis.org/topics/CBPOL
1996-03-01,Malaysia,Malaysia hike 18bp to 7.28%,monetary policy,minor,hike,18.00000000000006,MY,basis points,https://data.bis.org/topics/CBPOL
1996-03-01,United Kingdom,United Kingdom cut 19bp to 5.94%,monetary policy,minor,cut,-18.75,GB,basis points,https://data.bis.org/topics/CBPOL
1996-03-01,Croatia,Croatia cut 50bp to 29.35%,monetary policy,standard,cut,-50.0,HR,basis points,https://data.bis.org/topics/CBPOL
1996-03-01,Philippines,Philippines cut 25bp to 13.75%,monetary policy,standard,cut,-25.0,PH,basis points,https://data.bis.org/topics/CBPOL
1996-03-01,New Zealand,New Zealand hike 5bp to 9.15%,monetary policy,minor,hike,5.000000000000071,NZ,basis points,https://data.bis.org/topics/CBPOL
1996-03-01,Denmark,Denmark cut 25bp to 4.0%,monetary policy,standard,cut,-25.0,DK,basis points,https://data.bis.org/topics/CBPOL
1996-03-01,Argentina,Argentina hike 19bp to 5.5%,monetary policy,minor,hike,19.00000000000004,AR,basis points,https://data.bis.org/topics/CBPOL
1996-03-01,Norway,Norway cut 25bp to 4.5%,monetary policy,standard,cut,-25.0,NO,basis points,https://data.bis.org/topics/CBPOL
1996-03-01,Czechia,Czechia hike 20bp to 11.5%,monetary policy,minor,hike,19.99999999999993,CZ,basis points,https://data.bis.org/topics/CBPOL
1996-03-01,Brazil,Brazil cut 454bp to 29.84%,monetary policy,major,cut,-454.0000000000003,BR,basis points,https://data.bis.org/topics/CBPOL
1996-03-01,France,France cut 10bp to 3.8%,monetary policy,minor,cut,-10.000000000000009,FR,basis points,https://data.bis.org/topics/CBPOL
1996-03-01,Sweden,Sweden cut 65bp to 7.4%,monetary policy,standard,cut,-65.00000000000003,SE,basis points,https://data.bis.org/topics/CBPOL
1996-03-01,Colombia,Colombia cut 300bp to 35.0%,monetary policy,major,cut,-300.0,CO,basis points,https://data.bis.org/topics/CBPOL
1996-03-01,Spain,Spain cut 50bp to 8.25%,monetary policy,standard,cut,-50.0,ES,basis points,https://data.bis.org/topics/CBPOL
1996-03-01,Netherlands,Netherlands cut 25bp to 2.5%,monetary policy,standard,cut,-25.0,NL,basis points,https://data.bis.org/topics/CBPOL
1996-03-01,Canada,Canada cut 19bp to 5.0%,monetary policy,minor,cut,-19.00000000000004,CA,basis points,https://data.bis.org/topics/CBPOL
1996-04-01,Philippines,Philippines cut 106bp to 12.69%,monetary policy,major,cut,-106.25,PH,basis points,https://data.bis.org/topics/CBPOL
1996-04-01,Spain,Spain cut 50bp to 7.75%,monetary policy,standard,cut,-50.0,ES,basis points,https://data.bis.org/topics/CBPOL
1996-04-01,Argentina,Argentina cut 15bp to 5.35%,monetary policy,minor,cut,-15.000000000000036,AR,basis points,https://data.bis.org/topics/CBPOL
1996-04-01,New Zealand,New Zealand hike 40bp to 9.55%,monetary policy,standard,hike,40.000000000000036,NZ,basis points,https://data.bis.org/topics/CBPOL
1996-04-01,France,France cut 10bp to 3.7%,monetary policy,minor,cut,-9.999999999999964,FR,basis points,https://data.bis.org/topics/CBPOL
1996-04-01,Greece,Greece cut 35bp to 13.4%,monetary policy,standard,cut,-34.999999999999964,GR,basis points,https://data.bis.org/topics/CBPOL
1996-04-01,Sweden,Sweden cut 50bp to 6.9%,monetary policy,standard,cut,-50.0,SE,basis points,https://data.bis.org/topics/CBPOL
1996-04-01,Croatia,Croatia cut 1035bp to 19.0%,monetary policy,major,cut,-1035.0000000000002,HR,basis points,https://data.bis.org/topics/CBPOL
1996-04-01,Israel,Israel hike 80bp to 14.8%,monetary policy,major,hike,80.00000000000007,IL,basis points,https://data.bis.org/topics/CBPOL
1996-04-01,Czechia,Czechia hike 10bp to 11.6%,monetary policy,minor,hike,9.999999999999964,CZ,basis points,https://data.bis.org/topics/CBPOL
1996-04-01,Malaysia,Malaysia hike 7bp to 7.35%,monetary policy,minor,hike,6.99999999999994,MY,basis points,https://data.bis.org/topics/CBPOL
1996-04-01,Brazil,Brazil cut 387bp to 25.97%,monetary policy,major,cut,-387.0000000000001,BR,basis points,https://data.bis.org/topics/CBPOL
1996-04-01,South Africa,South Africa hike 100bp to 16.0%,monetary policy,major,hike,100.0,ZA,basis points,https://data.bis.org/topics/CBPOL
1996-04-01,Netherlands,Netherlands cut 50bp to 2.0%,monetary policy,standard,cut,-50.0,NL,basis points,https://data.bis.org/topics/CBPOL
1996-04-01,Portugal,Portugal cut 50bp to 8.25%,monetary policy,standard,cut,-50.0,PT,basis points,https://data.bis.org/topics/CBPOL
1996-04-01,Canada,Canada cut 25bp to 4.75%,monetary policy,standard,cut,-25.0,CA,basis points,https://data.bis.org/topics/CBPOL
1996-04-01,Denmark,Denmark cut 20bp to 3.8%,monetary policy,minor,cut,-20.000000000000018,DK,basis points,https://data.bis.org/topics/CBPOL
1996-05-01,Belgium,Belgium cut 10bp to 4.45%,monetary policy,minor,cut,-9.999999999999964,BE,basis points,https://data.bis.org/topics/CBPOL
1996-05-01,Israel,Israel hike 70bp to 15.5%,monetary policy,standard,hike,69.99999999999993,IL,basis points,https://data.bis.org/topics/CBPOL
1996-05-01,China,China cut 108bp to 10.98%,monetary policy,major,cut,-108.0,CN,basis points,https://data.bis.org/topics/CBPOL
1996-05-01,New Zealand,New Zealand cut 5bp to 9.5%,monetary policy,minor,cut,-5.000000000000071,NZ,basis points,https://data.bis.org/topics/CBPOL
1996-05-01,Spain,Spain cut 25bp to 7.5%,monetary policy,standard,cut,-25.0,ES,basis points,https://data.bis.org/topics/CBPOL
1996-05-01,Philippines,Philippines cut 69bp to 12.0%,monetary policy,standard,cut,-68.75,PH,basis points,https://data.bis.org/topics/CBPOL
1996-05-01,Sweden,Sweden cut 40bp to 6.5%,monetary policy,standard,cut,-40.000000000000036,SE,basis points,https://data.bis.org/topics/CBPOL
1996-05-01,Brazil,Brazil hike 278bp to 28.75%,monetary policy,major,hike,278.0000000000001,BR,basis points,https://data.bis.org/topics/CBPOL
1996-05-01,Hungary,Hungary cut 100bp to 26.0%,monetary policy,major,cut,-100.0,HU,basis points,https://data.bis.org/topics/CBPOL
1996-05-01,Czechia,Czechia hike 20bp to 11.8%,monetary policy,minor,hike,20.000000000000107,CZ,basis points,https://data.bis.org/topics/CBPOL
1996-05-01,Malaysia,Malaysia hike 6bp to 7.41%,monetary policy,minor,hike,6.00000000000005,MY,basis points,https://data.bis.org/topics/CBPOL
1996-06-01,Sweden,Sweden cut 40bp to 6.1%,monetary policy,standard,cut,-40.000000000000036,SE,basis points,https://data.bis.org/topics/CBPOL
1996-06-01,United Kingdom,United Kingdom cut 25bp to 5.69%,monetary policy,standard,cut,-25.0,GB,basis points,https://data.bis.org/topics/CBPOL
1996-06-01,Israel,Israel hike 150bp to 17.0%,monetary policy,major,hike,150.0,IL,basis points,https://data.bis.org/topics/CBPOL
1996-06-01,Malaysia,Malaysia cut 12bp to 7.29%,monetary policy,minor,cut,-12.00000000000001,MY,basis points,https://data.bis.org/topics/CBPOL
1996-06-01,Denmark,Denmark cut 10bp to 3.7%,monetary policy,minor,cut,-9.999999999999964,DK,basis points,https://data.bis.org/topics/CBPOL
1996-06-01,New Zealand,New Zealand hike 30bp to 9.8%,monetary policy,standard,hike,30.00000000000007,NZ,basis points,https://data.bis.org/topics/CBPOL
1996-06-01,Czechia,Czechia hike 60bp to 12.4%,monetary policy,standard,hike,59.999999999999964,CZ,basis points,https://data.bis.org/topics/CBPOL
1996-06-01,France,France cut 10bp to 3.6%,monetary policy,minor,cut,-10.000000000000009,FR,basis points,https://data.bis.org/topics/CBPOL
1996-06-01,Spain,Spain cut 25bp to 7.25%,monetary policy,standard,cut,-25.0,ES,basis points,https://data.bis.org/topics/CBPOL
1996-06-01,Brazil,Brazil cut 435bp to 24.4%,monetary policy,major,cut,-435.0000000000001,BR,basis points,https://data.bis.org/topics/CBPOL
1996-06-01,Philippines,Philippines cut 12bp to 11.88%,monetary policy,minor,cut,-12.5,PH,basis points,https://data.bis.org/topics/CBPOL
1996-06-01,Argentina,Argentina hike 22bp to 5.57%,monetary policy,minor,hike,22.000000000000064,AR,basis points,https://data.bis.org/topics/CBPOL
1996-07-01,Argentina,Argentina hike 250bp to 8.07%,monetary policy,major,hike,250.0,AR,basis points,https://data.bis.org/topics/CBPOL
1996-07-01,Philippines,Philippines cut 88bp to 11.0%,monetary policy,major,cut,-87.5,PH,basis points,https://data.bis.org/topics/CBPOL
1996-07-01,Russia,Russia cut 1000bp to 110.0%,monetary policy,major,cut,-1000.0,RU,basis points,https://data.bis.org/topics/CBPOL
1996-07-01,Sweden,Sweden cut 55bp to 5.55%,monetary policy,standard,cut,-54.999999999999986,SE,basis points,https://data.bis.org/topics/CBPOL
1996-07-01,Canada,Canada cut 25bp to 4.5%,monetary policy,standard,cut,-25.0,CA,basis points,https://data.bis.org/topics/CBPOL
1996-07-01,Greece,Greece cut 40bp to 13.0%,monetary policy,standard,cut,-40.000000000000036,GR,basis points,https://data.bis.org/topics/CBPOL
1996-07-01,Australia,Australia cut 50bp to 7.0%,monetary policy,standard,cut,-50.0,AU,basis points,https://data.bis.org/topics/CBPOL
1996-07-01,Italy,Italy cut 75bp to 8.25%,monetary policy,major,cut,-75.0,IT,basis points,https://data.bis.org/topics/CBPOL
1996-07-01,Croatia,Croatia cut 798bp to 11.02%,monetary policy,major,cut,-798.0,HR,basis points,https://data.bis.org/topics/CBPOL
1996-07-01,Brazil,Brazil cut 150bp to 22.9%,monetary policy,major,cut,-150.0,BR,basis points,https://data.bis.org/topics/CBPOL
1996-07-01,Malaysia,Malaysia hike 4bp to 7.33%,monetary policy,minor,hike,4.0000000000000036,MY,basis points,https://data.bis.org/topics/CBPOL
1996-07-01,France,France cut 5bp to 3.55%,monetary policy,minor,cut,-5.000000000000027,FR,basis points,https://data.bis.org/topics/CBPOL
1996-07-01,New Zealand,New Zealand hike 20bp to 10.0%,monetary policy,minor,hike,19.99999999999993,NZ,basis points,https://data.bis.org/topics/CBPOL
1996-07-01,Poland,Poland cut 100bp to 25.0%,monetary policy,major,cut,-100.0,PL,basis points,https://data.bis.org/topics/CBPOL
1996-07-01,Hungary,Hungary cut 50bp to 25.5%,monetary policy,standard,cut,-50.0,HU,basis points,https://data.bis.org/topics/CBPOL
1996-08-01,Philippines,Philippines cut 75bp to 10.25%,monetary policy,major,cut,-75.0,PH,basis points,https://data.bis.org/topics/CBPOL
1996-08-01,Greece,Greece cut 60bp to 12.4%,monetary policy,standard,cut,-59.999999999999964,GR,basis points,https://data.bis.org/topics/CBPOL
1996-08-01,New Zealand,New Zealand cut 10bp to 9.9%,monetary policy,minor,cut,-9.999999999999964,NZ,basis points,https://data.bis.org/topics/CBPOL
1996-08-01,Croatia,Croatia cut 429bp to 6.73%,monetary policy,major,cut,-428.9999999999999,HR,basis points,https://data.bis.org/topics/CBPOL
1996-08-01,Sweden,Sweden cut 30bp to 5.25%,monetary policy,standard,cut,-29.999999999999982,SE,basis points,https://data.bis.org/topics/CBPOL
1996-08-01,Canada,Canada cut 50bp to 4.0%,monetary policy,standard,cut,-50.0,CA,basis points,https://data.bis.org/topics/CBPOL
1996-08-01,Brazil,Brazil hike 116bp to 24.06%,monetary policy,major,hike,116.00000000000001,BR,basis points,https://data.bis.org/topics/CBPOL
1996-08-01,Russia,Russia cut 3000bp to 80.0%,monetary policy,major,cut,-3000.0,RU,basis points,https://data.bis.org/topics/CBPOL
1996-08-01,China,China cut 90bp to 10.08%,monetary policy,major,cut,-90.00000000000003,CN,basis points,https://data.bis.org/topics/CBPOL
1996-08-01,Germany,Germany cut 30bp to 3.0%,monetary policy,standard,cut,-29.999999999999982,DE,basis points,https://data.bis.org/topics/CBPOL
1996-08-01,Denmark,Denmark cut 20bp to 3.5%,monetary policy,minor,cut,-20.000000000000018,DK,basis points,https://data.bis.org/topics/CBPOL
1996-08-01,Belgium,Belgium cut 20bp to 4.25%,monetary policy,minor,cut,-20.000000000000018,BE,basis points,https://data.bis.org/topics/CBPOL
1996-08-01,Malaysia,Malaysia cut 4bp to 7.29%,monetary policy,minor,cut,-4.0000000000000036,MY,basis points,https://data.bis.org/topics/CBPOL
1996-08-01,France,France cut 20bp to 3.35%,monetary policy,minor,cut,-19.99999999999997,FR,basis points,https://data.bis.org/topics/CBPOL
1996-08-01,Argentina,Argentina hike 18bp to 8.25%,monetary policy,minor,hike,17.99999999999997,AR,basis points,https://data.bis.org/topics/CBPOL
1996-08-01,Israel,Israel cut 120bp to 15.8%,monetary policy,major,cut,-119.99999999999993,IL,basis points,https://data.bis.org/topics/CBPOL
1996-09-01,Philippines,Philippines hike 75bp to 11.0%,monetary policy,major,hike,75.0,PH,basis points,https://data.bis.org/topics/CBPOL
1996-09-01,Israel,Israel cut 30bp to 15.5%,monetary policy,standard,cut,-30.00000000000007,IL,basis points,https://data.bis.org/topics/CBPOL
1996-09-01,Greece,Greece hike 100bp to 13.4%,monetary policy,major,hike,100.0,GR,basis points,https://data.bis.org/topics/CBPOL
1996-09-01,Austria,Austria cut 50bp to 3.0%,monetary policy,standard,cut,-50.0,AT,basis points,https://data.bis.org/topics/CBPOL
1996-09-01,Argentina,Argentina cut 246bp to 5.79%,monetary policy,major,cut,-246.0,AR,basis points,https://data.bis.org/topics/CBPOL
1996-09-01,Switzerland,Switzerland cut 50bp to 1.0%,monetary policy,standard,cut,-50.0,CH,basis points,https://data.bis.org/topics/CBPOL
1996-09-01,Malaysia,Malaysia hike 5bp to 7.34%,monetary policy,minor,hike,4.999999999999982,MY,basis points,https://data.bis.org/topics/CBPOL
1996-09-01,Croatia,Croatia hike 211bp to 8.84%,monetary policy,major,hike,210.99999999999994,HR,basis points,https://data.bis.org/topics/CBPOL
1996-09-01,France,France cut 10bp to 3.25%,monetary policy,minor,cut,-10.000000000000009,FR,basis points,https://data.bis.org/topics/CBPOL
1996-09-01,Hungary,Hungary cut 100bp to 24.5%,monetary policy,major,cut,-100.0,HU,basis points,https://data.bis.org/topics/CBPOL
1996-09-01,Brazil,Brazil hike 99bp to 25.05%,monetary policy,major,hike,99.0000000000002,BR,basis points,https://data.bis.org/topics/CBPOL
1996-09-01,Sweden,Sweden cut 20bp to 5.05%,monetary policy,minor,cut,-20.000000000000018,SE,basis points,https://data.bis.org/topics/CBPOL
1996-09-01,New Zealand,New Zealand hike 15bp to 10.05%,monetary policy,minor,hike,15.000000000000036,NZ,basis points,https://data.bis.org/topics/CBPOL
1996-10-01,Canada,Canada cut 75bp to 3.25%,monetary policy,major,cut,-75.0,CA,basis points,https://data.bis.org/topics/CBPOL
1996-10-01,Italy,Italy cut 75bp to 7.5%,monetary policy,major,cut,-75.0,IT,basis points,https://data.bis.org/topics/CBPOL
1996-10-01,Spain,Spain cut 50bp to 6.75%,monetary policy,standard,cut,-50.0,ES,basis points,https://data.bis.org/topics/CBPOL
1996-10-01,New Zealand,New Zealand cut 60bp to 9.45%,monetary policy,standard,cut,-60.00000000000014,NZ,basis points,https://data.bis.org/topics/CBPOL
1996-10-01,Israel,Israel cut 30bp to 15.2%,monetary policy,standard,cut,-30.00000000000007,IL,basis points,https://data.bis.org/topics/CBPOL
1996-10-01,United Kingdom,United Kingdom hike 25bp to 5.94%,monetary policy,standard,hike,25.0,GB,basis points,https://data.bis.org/topics/CBPOL
1996-10-01,Croatia,Croatia cut 884bp to 0.0%,monetary policy,major,cut,-884.0,HR,basis points,https://data.bis.org/topics/CBPOL
1996-10-01,Argentina,Argentina hike 81bp to 6.6%,monetary policy,major,hike,80.99999999999996,AR,basis points,https://data.bis.org/topics/CBPOL
1996-10-01,Russia,Russia cut 2000bp to 60.0%,monetary policy,major,cut,-2000.0,RU,basis points,https://data.bis.org/topics/CBPOL
1996-10-01,Brazil,Brazil cut 210bp to 22.95%,monetary policy,major,cut,-210.00000000000014,BR,basis points,https://data.bis.org/topics/CBPOL
1996-10-01,Sweden,Sweden cut 45bp to 4.6%,monetary policy,standard,cut,-45.000000000000014,SE,basis points,https://data.bis.org/topics/CBPOL
1996-10-01,Hungary,Hungary cut 150bp to 23.0%,monetary policy,major,cut,-150.0,HU,basis points,https://data.bis.org/topics/CBPOL
1996-11-01,Colombia,Colombia cut 200bp to 33.0%,monetary policy,major,cut,-200.0,CO,basis points,https://data.bis.org/topics/CBPOL
1996-11-01,Croatia,Croatia hike 934bp to 9.34%,monetary policy,major,hike,934.0,HR,basis points,https://data.bis.org/topics/CBPOL
1996-11-01,Malaysia,Malaysia hike 5bp to 7.4%,monetary policy,minor,hike,5.000000000000071,MY,basis points,https://data.bis.org/topics/CBPOL
1996-11-01,New Zealand,New Zealand cut 5bp to 9.4%,monetary policy,minor,cut,-4.999999999999893,NZ,basis points,https://data.bis.org/topics/CBPOL
1996-11-01,Australia,Australia cut 50bp to 6.5%,monetary policy,standard,cut,-50.0,AU,basis points,https://data.bis.org/topics/CBPOL
1996-11-01,South Africa,South Africa hike 100bp to 17.0%,monetary policy,major,hike,100.0,ZA,basis points,https://data.bis.org/topics/CBPOL
1996-11-01,Norway,Norway cut 50bp to 4.0%,monetary policy,standard,cut,-50.0,NO,basis points,https://data.bis.org/topics/CBPOL
1996-11-01,Canada,Canada cut 25bp to 3.0%,monetary policy,standard,cut,-25.0,CA,basis points,https://data.bis.org/topics/CBPOL
1996-11-01,Argentina,Argentina cut 104bp to 5.56%,monetary policy,major,cut,-104.0,AR,basis points,https://data.bis.org/topics/CBPOL
1996-11-01,Philippines,Philippines cut 25bp to 10.75%,monetary policy,standard,cut,-25.0,PH,basis points,https://data.bis.org/topics/CBPOL
1996-11-01,Sweden,Sweden cut 25bp to 4.35%,monetary policy,standard,cut,-25.0,SE,basis points,https://data.bis.org/topics/CBPOL
1996-11-01,Brazil,Brazil hike 195bp to 24.9%,monetary policy,major,hike,194.99999999999994,BR,basis points,https://data.bis.org/topics/CBPOL
1996-11-01,France,France cut 5bp to 3.2%,monetary policy,minor,cut,-4.999999999999982,FR,basis points,https://data.bis.org/topics/CBPOL
1996-12-01,New Zealand,New Zealand cut 150bp to 7.9%,monetary policy,major,cut,-150.0,NZ,basis points,https://data.bis.org/topics/CBPOL
1996-12-01,Israel,Israel cut 50bp to 14.7%,monetary policy,standard,cut,-50.0,IL,basis points,https://data.bis.org/topics/CBPOL
1996-12-01,Spain,Spain cut 50bp to 6.25%,monetary policy,standard,cut,-50.0,ES,basis points,https://data.bis.org/topics/CBPOL
1996-12-01,Russia,Russia cut 1200bp to 48.0%,monetary policy,major,cut,-1200.0,RU,basis points,https://data.bis.org/topics/CBPOL
1996-12-01,France,France cut 5bp to 3.15%,monetary policy,minor,cut,-5.000000000000027,FR,basis points,https://data.bis.org/topics/CBPOL
1996-12-01,Greece,Greece cut 100bp to 12.4%,monetary policy,major,cut,-100.0,GR,basis points,https://data.bis.org/topics/CBPOL
1996-12-01,Portugal,Portugal cut 125bp to 7.0%,monetary policy,major,cut,-125.0,PT,basis points,https://data.bis.org/topics/CBPOL
1996-12-01,Croatia,Croatia cut 934bp to 0.0%,monetary policy,major,cut,-934.0,HR,basis points,https://data.bis.org/topics/CBPOL
1996-12-01,Malaysia,Malaysia cut 5bp to 7.35%,monetary policy,minor,cut,-5.000000000000071,MY,basis points,https://data.bis.org/topics/CBPOL
1996-12-01,Argentina,Argentina hike 260bp to 8.16%,monetary policy,major,hike,260.00000000000006,AR,basis points,https://data.bis.org/topics/CBPOL
1996-12-01,Sweden,Sweden cut 25bp to 4.1%,monetary policy,standard,cut,-25.0,SE,basis points,https://data.bis.org/topics/CBPOL
1996-12-01,Brazil,Brazil cut 190bp to 23.0%,monetary policy,major,cut,-189.99999999999986,BR,basis points,https://data.bis.org/topics/CBPOL
1996-12-01,Australia,Australia cut 50bp to 6.0%,monetary policy,standard,cut,-50.0,AU,basis points,https://data.bis.org/topics/CBPOL
1997-01-01,Croatia,Croatia hike 952bp to 9.52%,monetary policy,major,hike,952.0,HR,basis points,https://data.bis.org/topics/CBPOL
1997-01-01,Israel,Israel cut 50bp to 14.2%,monetary policy,standard,cut,-50.0,IL,basis points,https://data.bis.org/topics/CBPOL
1997-01-01,Malaysia,Malaysia cut 4bp to 7.31%,monetary policy,minor,cut,-4.0000000000000036,MY,basis points,https://data.bis.org/topics/CBPOL
1997-01-01,Argentina,Argentina cut 295bp to 5.21%,monetary policy,major,cut,-295.0,AR,basis points,https://data.bis.org/topics/CBPOL
1997-01-01,France,France cut 5bp to 3.1%,monetary policy,minor,cut,-4.999999999999982,FR,basis points,https://data.bis.org/topics/CBPOL
1997-01-01,Hungary,Hungary cut 50bp to 22.5%,monetary policy,standard,cut,-50.0,HU,basis points,https://data.bis.org/topics/CBPOL
1997-01-01,Brazil,Brazil cut 170bp to 21.3%,monetary policy,major,cut,-169.99999999999994,BR,basis points,https://data.bis.org/topics/CBPOL
1997-01-01,Italy,Italy cut 75bp to 6.75%,monetary policy,major,cut,-75.0,IT,basis points,https://data.bis.org/topics/CBPOL
1997-01-01,Spain,Spain cut 25bp to 6.0%,monetary policy,standard,cut,-25.0,ES,basis points,https://data.bis.org/topics/CBPOL
1997-01-01,New Zealand,New Zealand cut 50bp to 7.4%,monetary policy,standard,cut,-50.0,NZ,basis points,https://data.bis.org/topics/CBPOL
1997-01-01,Philippines,Philippines cut 25bp to 10.5%,monetary policy,standard,cut,-25.0,PH,basis points,https://data.bis.org/topics/CBPOL
1997-01-01,Norway,Norway cut 75bp to 3.25%,monetary policy,major,cut,-75.0,NO,basis points,https://data.bis.org/topics/CBPOL
1997-02-01,Brazil,Brazil hike 462bp to 25.92%,monetary policy,major,hike,462.0000000000001,BR,basis points,https://data.bis.org/topics/CBPOL
1997-02-01,Malaysia,Malaysia hike 4bp to 7.35%,monetary policy,minor,hike,4.0000000000000036,MY,basis points,https://data.bis.org/topics/CBPOL
1997-02-01,Israel,Israel cut 30bp to 13.9%,monetary policy,standard,cut,-29.999999999999893,IL,basis points,https://data.bis.org/topics/CBPOL
1997-02-01,Serbia,Serbia hike 959bp to 77.5%,monetary policy,major,hike,959.0000000000003,RS,basis points,https://data.bis.org/topics/CBPOL
1997-02-01,Argentina,Argentina hike 31bp to 5.52%,monetary policy,standard,hike,30.99999999999996,AR,basis points,https://data.bis.org/topics/CBPOL
1997-02-01,Croatia,Croatia hike 118bp to 10.7%,monetary policy,major,hike,117.99999999999997,HR,basis points,https://data.bis.org/topics/CBPOL
1997-02-01,Greece,Greece cut 50bp to 11.9%,monetary policy,standard,cut,-50.0,GR,basis points,https://data.bis.org/topics/CBPOL
1997-02-01,Russia,Russia cut 600bp to 42.0%,monetary policy,major,cut,-600.0,RU,basis points,https://data.bis.org/topics/CBPOL
1997-03-01,Colombia,Colombia cut 450bp to 28.5%,monetary policy,major,cut,-450.0,CO,basis points,https://data.bis.org/topics/CBPOL
1997-03-01,Philippines,Philippines cut 60bp to 9.9%,monetary policy,standard,cut,-59.999999999999964,PH,basis points,https://data.bis.org/topics/CBPOL
1997-03-01,Malaysia,Malaysia hike 16bp to 7.51%,monetary policy,minor,hike,16.000000000000014,MY,basis points,https://data.bis.org/topics/CBPOL
1997-03-01,Brazil,Brazil cut 216bp to 23.76%,monetary policy,major,cut,-216.0,BR,basis points,https://data.bis.org/topics/CBPOL
1997-03-01,Croatia,Croatia cut 29bp to 10.41%,monetary policy,standard,cut,-28.999999999999915,HR,basis points,https://data.bis.org/topics/CBPOL
1997-03-01,Spain,Spain cut 25bp to 5.75%,monetary policy,standard,cut,-25.0,ES,basis points,https://data.bis.org/topics/CBPOL
1997-03-01,Serbia,Serbia cut 4376bp to 33.74%,monetary policy,major,cut,-4376.0,RS,basis points,https://data.bis.org/topics/CBPOL
1997-03-01,Hungary,Hungary cut 100bp to 21.5%,monetary policy,major,cut,-100.0,HU,basis points,https://data.bis.org/topics/CBPOL
1997-03-01,United States,United States hike 25bp to 5.5%,monetary policy,standard,hike,25.0,US,basis points,https://data.bis.org/topics/CBPOL
1997-03-01,Argentina,Argentina hike 70bp to 6.22%,monetary policy,standard,hike,70.00000000000001,AR,basis points,https://data.bis.org/topics/CBPOL
1997-03-01,New Zealand,New Zealand hike 10bp to 7.5%,monetary policy,minor,hike,9.999999999999964,NZ,basis points,https://data.bis.org/topics/CBPOL
1997-03-01,Netherlands,Netherlands hike 50bp to 2.5%,monetary policy,standard,hike,50.0,NL,basis points,https://data.bis.org/topics/CBPOL
1997-04-01,Philippines,Philippines hike 35bp to 10.25%,monetary policy,standard,hike,34.999999999999964,PH,basis points,https://data.bis.org/topics/CBPOL
1997-04-01,Spain,Spain cut 25bp to 5.5%,monetary policy,standard,cut,-25.0,ES,basis points,https://data.bis.org/topics/CBPOL
1997-04-01,New Zealand,New Zealand cut 115bp to 6.35%,monetary policy,major,cut,-115.00000000000003,NZ,basis points,https://data.bis.org/topics/CBPOL
1997-04-01,Croatia,Croatia cut 1041bp to 0.0%,monetary policy,major,cut,-1041.0,HR,basis points,https://data.bis.org/topics/CBPOL
1997-04-01,Chile,Chile cut 25bp to 7.0%,monetary policy,standard,cut,-25.0,CL,basis points,https://data.bis.org/topics/CBPOL
1997-04-01,Russia,Russia cut 600bp to 36.0%,monetary policy,major,cut,-600.0,RU,basis points,https://data.bis.org/topics/CBPOL
1997-04-01,Brazil,Brazil cut 306bp to 20.7%,monetary policy,major,cut,-306.0000000000002,BR,basis points,https://data.bis.org/topics/CBPOL
1997-04-01,Serbia,Serbia hike 130bp to 35.04%,monetary policy,major,hike,129.99999999999972,RS,basis points,https://data.bis.org/topics/CBPOL
1997-04-01,India,India cut 100bp to 11.0%,monetary policy,major,cut,-100.0,IN,basis points,https://data.bis.org/topics/CBPOL
1997-04-01,Argentina,Argentina cut 80bp to 5.42%,monetary policy,major,cut,-79.99999999999999,AR,basis points,https://data.bis.org/topics/CBPOL
1997-04-01,Malaysia,Malaysia cut 8bp to 7.43%,monetary policy,minor,cut,-8.000000000000007,MY,basis points,https://data.bis.org/topics/CBPOL
1997-05-01,Brazil,Brazil hike 114bp to 21.84%,monetary policy,major,hike,114.00000000000006,BR,basis points,https://data.bis.org/topics/CBPOL
1997-05-01,Serbia,Serbia cut 130bp to 33.74%,monetary policy,major,cut,-129.99999999999972,RS,basis points,https://data.bis.org/topics/CBPOL
1997-05-01,Argentina,Argentina hike 63bp to 6.05%,monetary policy,standard,hike,62.999999999999986,AR,basis points,https://data.bis.org/topics/CBPOL
1997-05-01,Croatia,Croatia hike 980bp to 9.8%,monetary policy,major,hike,980.0000000000001,HR,basis points,https://data.bis.org/topics/CBPOL
1997-05-01,Malaysia,Malaysia hike 95bp to 8.38%,monetary policy,major,hike,95.00000000000011,MY,basis points,https://data.bis.org/topics/CBPOL
1997-05-01,Portugal,Portugal cut 100bp to 6.0%,monetary policy,major,cut,-100.0,PT,basis points,https://data.bis.org/topics/CBPOL
1997-05-01,Philippines,Philippines hike 575bp to 16.0%,monetary policy,major,hike,575.0,PH,basis points,https://data.bis.org/topics/CBPOL
1997-05-01,Colombia,Colombia cut 100bp to 27.5%,monetary policy,major,cut,-100.0,CO,basis points,https://data.bis.org/topics/CBPOL
1997-05-01,United Kingdom,United Kingdom hike 31bp to 6.25%,monetary policy,standard,hike,31.25,GB,basis points,https://data.bis.org/topics/CBPOL
1997-05-01,New Zealand,New Zealand hike 65bp to 7.0%,monetary policy,standard,hike,65.00000000000003,NZ,basis points,https://data.bis.org/topics/CBPOL
1997-05-01,Spain,Spain cut 25bp to 5.25%,monetary policy,standard,cut,-25.0,ES,basis points,https://data.bis.org/topics/CBPOL
1997-05-01,Australia,Australia cut 50bp to 5.5%,monetary policy,standard,cut,-50.0,AU,basis points,https://data.bis.org/topics/CBPOL
1997-06-01,Chile,Chile cut 25bp to 6.75%,monetary policy,standard,cut,-25.0,CL,basis points,https://data.bis.org/topics/CBPOL
1997-06-01,Czechia,Czechia hike 580bp to 18.2%,monetary policy,major,hike,579.9999999999999,CZ,basis points,https://data.bis.org/topics/CBPOL
1997-06-01,Canada,Canada hike 25bp to 3.25%,monetary policy,standard,hike,25.0,CA,basis points,https://data.bis.org/topics/CBPOL
1997-06-01,Brazil,Brazil cut 114bp to 20.7%,monetary policy,major,cut,-114.00000000000006,BR,basis points,https://data.bis.org/topics/CBPOL
1997-06-01,United Kingdom,United Kingdom hike 25bp to 6.5%,monetary policy,standard,hike,25.0,GB,basis points,https://data.bis.org/topics/CBPOL
1997-06-01,Argentina,Argentina cut 31bp to 5.74%,monetary policy,standard,cut,-30.99999999999996,AR,basis points,https://data.bis.org/topics/CBPOL
1997-06-01,Serbia,Serbia hike 130bp to 35.04%,monetary policy,major,hike,129.99999999999972,RS,basis points,https://data.bis.org/topics/CBPOL
1997-06-01,Russia,Russia cut 1200bp to 24.0%,monetary policy,major,cut,-1200.0,RU,basis points,https://data.bis.org/topics/CBPOL
1997-06-01,New Zealand,New Zealand cut 45bp to 6.55%,monetary policy,standard,cut,-45.000000000000014,NZ,basis points,https://data.bis.org/topics/CBPOL
1997-06-01,Philippines,Philippines cut 100bp to 15.0%,monetary policy,major,cut,-100.0,PH,basis points,https://data.bis.org/topics/CBPOL
1997-06-01,Italy,Italy cut 50bp to 6.25%,monetary policy,standard,cut,-50.0,IT,basis points,https://data.bis.org/topics/CBPOL
1997-06-01,Croatia,Croatia cut 182bp to 7.98%,monetary policy,major,cut,-182.00000000000003,HR,basis points,https://data.bis.org/topics/CBPOL
1997-06-01,Malaysia,Malaysia cut 86bp to 7.52%,monetary policy,major,cut,-86.00000000000011,MY,basis points,https://data.bis.org/topics/CBPOL
1997-06-01,India,India cut 100bp to 10.0%,monetary policy,major,cut,-100.0,IN,basis points,https://data.bis.org/topics/CBPOL
1997-06-01,Israel,Israel cut 120bp to 12.7%,monetary policy,major,cut,-120.00000000000011,IL,basis points,https://data.bis.org/topics/CBPOL
1997-07-01,Czechia,Czechia cut 330bp to 14.9%,monetary policy,major,cut,-329.9999999999999,CZ,basis points,https://data.bis.org/topics/CBPOL
1997-07-01,Norway,Norway hike 25bp to 3.5%,monetary policy,standard,hike,25.0,NO,basis points,https://data.bis.org/topics/CBPOL
1997-07-01,Croatia,Croatia cut 33bp to 7.65%,monetary policy,standard,cut,-33.00000000000001,HR,basis points,https://data.bis.org/topics/CBPOL
1997-07-01,Hungary,Hungary cut 50bp to 21.0%,monetary policy,standard,cut,-50.0,HU,basis points,https://data.bis.org/topics/CBPOL
1997-07-01,Malaysia,Malaysia hike 32bp to 7.84%,monetary policy,standard,hike,32.00000000000003,MY,basis points,https://data.bis.org/topics/CBPOL
1997-07-01,United Kingdom,United Kingdom hike 25bp to 6.75%,monetary policy,standard,hike,25.0,GB,basis points,https://data.bis.org/topics/CBPOL
1997-07-01,Australia,Australia cut 50bp to 5.0%,monetary policy,standard,cut,-50.0,AU,basis points,https://data.bis.org/topics/CBPOL
1997-07-01,Argentina,Argentina hike 93bp to 6.67%,monetary policy,major,hike,92.99999999999997,AR,basis points,https://data.bis.org/topics/CBPOL
1997-07-01,Serbia,Serbia cut 130bp to 33.74%,monetary policy,major,cut,-129.99999999999972,RS,basis points,https://data.bis.org/topics/CBPOL
1997-07-01,Brazil,Brazil cut 196bp to 18.74%,monetary policy,major,cut,-196.00000000000009,BR,basis points,https://data.bis.org/topics/CBPOL
1997-07-01,Philippines,Philippines hike 500bp to 20.0%,monetary policy,major,hike,500.0,PH,basis points,https://data.bis.org/topics/CBPOL
1997-07-01,New Zealand,New Zealand hike 155bp to 8.1%,monetary policy,major,hike,154.99999999999997,NZ,basis points,https://data.bis.org/topics/CBPOL
1997-07-01,Greece,Greece cut 30bp to 11.6%,monetary policy,standard,cut,-30.00000000000007,GR,basis points,https://data.bis.org/topics/CBPOL
1997-08-01,New Zealand,New Zealand cut 30bp to 7.8%,monetary policy,standard,cut,-29.999999999999982,NZ,basis points,https://data.bis.org/topics/CBPOL
1997-08-01,Poland,Poland hike 200bp to 27.0%,monetary policy,major,hike,200.0,PL,basis points,https://data.bis.org/topics/CBPOL
1997-08-01,Czechia,Czechia cut 40bp to 14.5%,monetary policy,standard,cut,-40.000000000000036,CZ,basis points,https://data.bis.org/topics/CBPOL
1997-08-01,Greece,Greece cut 30bp to 11.3%,monetary policy,standard,cut,-29.999999999999893,GR,basis points,https://data.bis.org/topics/CBPOL
1997-08-01,Croatia,Croatia hike 122bp to 8.87%,monetary policy,major,hike,121.99999999999989,HR,basis points,https://data.bis.org/topics/CBPOL
1997-08-01,Brazil,Brazil hike 196bp to 20.7%,monetary policy,major,hike,196.00000000000009,BR,basis points,https://data.bis.org/topics/CBPOL
1997-08-01,Colombia,Colombia cut 50bp to 27.0%,monetary policy,standard,cut,-50.0,CO,basis points,https://data.bis.org/topics/CBPOL
1997-08-01,Malaysia,Malaysia hike 46bp to 8.3%,monetary policy,standard,hike,46.000000000000085,MY,basis points,https://data.bis.org/topics/CBPOL
1997-08-01,United Kingdom,United Kingdom hike 25bp to 7.0%,monetary policy,standard,hike,25.0,GB,basis points,https://data.bis.org/topics/CBPOL
1997-08-01,Israel,Israel hike 70bp to 13.4%,monetary policy,standard,hike,70.00000000000011,IL,basis points,https://data.bis.org/topics/CBPOL
1997-08-01,Philippines,Philippines cut 800bp to 12.0%,monetary policy,major,cut,-800.0,PH,basis points,https://data.bis.org/topics/CBPOL
1997-08-01,Argentina,Argentina hike 38bp to 7.05%,monetary policy,standard,hike,37.999999999999986,AR,basis points,https://data.bis.org/topics/CBPOL
1997-09-01,Chile,Chile cut 25bp to 6.5%,monetary policy,standard,cut,-25.0,CL,basis points,https://data.bis.org/topics/CBPOL
1997-09-01,Serbia,Serbia hike 130bp to 35.04%,monetary policy,major,hike,129.99999999999972,RS,basis points,https://data.bis.org/topics/CBPOL
1997-09-01,Croatia,Croatia cut 43bp to 8.44%,monetary policy,standard,cut,-42.99999999999997,HR,basis points,https://data.bis.org/topics/CBPOL
1997-09-01,Argentina,Argentina hike 61bp to 7.66%,monetary policy,standard,hike,61.00000000000003,AR,basis points,https://data.bis.org/topics/CBPOL
1997-09-01,Malaysia,Malaysia hike 20bp to 8.5%,monetary policy,minor,hike,19.99999999999993,MY,basis points,https://data.bis.org/topics/CBPOL
1997-09-01,Hungary,Hungary cut 50bp to 20.5%,monetary policy,standard,cut,-50.0,HU,basis points,https://data.bis.org/topics/CBPOL
1997-09-01,New Zealand,New Zealand cut 30bp to 7.5%,monetary policy,standard,cut,-29.999999999999982,NZ,basis points,https://data.bis.org/topics/CBPOL
1997-09-01,Brazil,Brazil cut 103bp to 19.67%,monetary policy,major,cut,-102.99999999999976,BR,basis points,https://data.bis.org/topics/CBPOL
1997-10-01,Croatia,Croatia cut 57bp to 7.87%,monetary policy,standard,cut,-56.99999999999994,HR,basis points,https://data.bis.org/topics/CBPOL
1997-10-01,Russia,Russia cut 300bp to 21.0%,monetary policy,major,cut,-300.0,RU,basis points,https://data.bis.org/topics/CBPOL
1997-10-01,India,India cut 100bp to 9.0%,monetary policy,major,cut,-100.0,IN,basis points,https://data.bis.org/topics/CBPOL
1997-10-01,Malaysia,Malaysia hike 20bp to 8.7%,monetary policy,minor,hike,19.99999999999993,MY,basis points,https://data.bis.org/topics/CBPOL
1997-10-01,France,France hike 20bp to 3.3%,monetary policy,minor,hike,19.99999999999997,FR,basis points,https://data.bis.org/topics/CBPOL
1997-10-01,Argentina,Argentina hike 386bp to 11.52%,monetary policy,major,hike,385.99999999999994,AR,basis points,https://data.bis.org/topics/CBPOL
1997-10-01,Serbia,Serbia cut 130bp to 33.74%,monetary policy,major,cut,-129.99999999999972,RS,basis points,https://data.bis.org/topics/CBPOL
1997-10-01,Netherlands,Netherlands hike 25bp to 2.75%,monetary policy,standard,hike,25.0,NL,basis points,https://data.bis.org/topics/CBPOL
1997-10-01,Denmark,Denmark hike 25bp to 3.75%,monetary policy,standard,hike,25.0,DK,basis points,https://data.bis.org/topics/CBPOL
1997-10-01,Germany,Germany hike 30bp to 3.3%,monetary policy,standard,hike,29.999999999999982,DE,basis points,https://data.bis.org/topics/CBPOL
1997-10-01,Belgium,Belgium hike 30bp to 4.55%,monetary policy,standard,hike,29.999999999999982,BE,basis points,https://data.bis.org/topics/CBPOL
1997-10-01,South Africa,South Africa cut 100bp to 16.0%,monetary policy,major,cut,-100.0,ZA,basis points,https://data.bis.org/topics/CBPOL
1997-10-01,Canada,Canada hike 25bp to 3.5%,monetary policy,standard,hike,25.0,CA,basis points,https://data.bis.org/topics/CBPOL
1997-10-01,Austria,Austria hike 20bp to 3.2%,monetary policy,minor,hike,20.000000000000018,AT,basis points,https://data.bis.org/topics/CBPOL
1997-10-01,Brazil,Brazil hike 1931bp to 38.98%,monetary policy,major,hike,1930.9999999999995,BR,basis points,https://data.bis.org/topics/CBPOL
1997-10-01,Spain,Spain cut 25bp to 5.0%,monetary policy,standard,cut,-25.0,ES,basis points,https://data.bis.org/topics/CBPOL
1997-10-01,Czechia,Czechia hike 30bp to 14.8%,monetary policy,standard,hike,30.00000000000007,CZ,basis points,https://data.bis.org/topics/CBPOL
1997-10-01,China,China cut 144bp to 8.64%,monetary policy,major,cut,-143.99999999999994,CN,basis points,https://data.bis.org/topics/CBPOL
1997-10-01,Greece,Greece cut 40bp to 10.9%,monetary policy,standard,cut,-40.000000000000036,GR,basis points,https://data.bis.org/topics/CBPOL
1997-11-01,Serbia,Serbia hike 130bp to 35.04%,monetary policy,major,hike,129.99999999999972,RS,basis points,https://data.bis.org/topics/CBPOL
1997-11-01,Malaysia,Malaysia hike 130bp to 10.0%,monetary policy,major,hike,130.00000000000006,MY,basis points,https://data.bis.org/topics/CBPOL
1997-11-01,Canada,Canada hike 25bp to 3.75%,monetary policy,standard,hike,25.0,CA,basis points,https://data.bis.org/topics/CBPOL
1997-11-01,Croatia,Croatia cut 43bp to 7.44%,monetary policy,standard,cut,-42.99999999999997,HR,basis points,https://data.bis.org/topics/CBPOL
1997-11-01,United Kingdom,United Kingdom hike 25bp to 7.25%,monetary policy,standard,hike,25.0,GB,basis points,https://data.bis.org/topics/CBPOL
1997-11-01,New Zealand,New Zealand cut 60bp to 6.9%,monetary policy,standard,cut,-59.999999999999964,NZ,basis points,https://data.bis.org/topics/CBPOL
1997-11-01,Argentina,Argentina cut 568bp to 5.84%,monetary policy,major,cut,-568.0,AR,basis points,https://data.bis.org/topics/CBPOL
1997-11-01,Russia,Russia hike 700bp to 28.0%,monetary policy,major,hike,700.0,RU,basis points,https://data.bis.org/topics/CBPOL
1997-11-01,Brazil,Brazil hike 704bp to 46.02%,monetary policy,major,hike,704.0000000000007,BR,basis points,https://data.bis.org/topics/CBPOL
1997-12-01,Philippines,Philippines cut 100bp to 11.0%,monetary policy,major,cut,-100.0,PH,basis points,https://data.bis.org/topics/CBPOL
1997-12-01,Croatia,Croatia hike 253bp to 9.97%,monetary policy,major,hike,253.00000000000003,HR,basis points,https://data.bis.org/topics/CBPOL
1997-12-01,Italy,Italy cut 75bp to 5.5%,monetary policy,major,cut,-75.0,IT,basis points,https://data.bis.org/topics/CBPOL
1997-12-01,New Zealand,New Zealand hike 145bp to 8.35%,monetary policy,major,hike,144.99999999999994,NZ,basis points,https://data.bis.org/topics/CBPOL
1997-12-01,Serbia,Serbia cut 130bp to 33.74%,monetary policy,major,cut,-129.99999999999972,RS,basis points,https://data.bis.org/topics/CBPOL
1997-12-01,Malaysia,Malaysia cut 130bp to 8.7%,monetary policy,major,cut,-130.00000000000006,MY,basis points,https://data.bis.org/topics/CBPOL
1997-12-01,Sweden,Sweden hike 25bp to 4.35%,monetary policy,standard,hike,25.0,SE,basis points,https://data.bis.org/topics/CBPOL
1997-12-01,Spain,Spain cut 25bp to 4.75%,monetary policy,standard,cut,-25.0,ES,basis points,https://data.bis.org/topics/CBPOL
1997-12-01,Canada,Canada hike 50bp to 4.25%,monetary policy,standard,hike,50.0,CA,basis points,https://data.bis.org/topics/CBPOL
1997-12-01,Brazil,Brazil cut 728bp to 38.74%,monetary policy,major,cut,-728.0000000000001,BR,basis points,https://data.bis.org/topics/CBPOL
1997-12-01,Czechia,Czechia cut 5bp to 14.75%,monetary policy,minor,cut,-5.000000000000071,CZ,basis points,https://data.bis.org/topics/CBPOL
1997-12-01,Argentina,Argentina hike 297bp to 8.81%,monetary policy,major,hike,297.00000000000006,AR,basis points,https://data.bis.org/topics/CBPOL
1998-01-01,Israel,Israel cut 50bp to 12.9%,monetary policy,standard,cut,-50.0,IL,basis points,https://data.bis.org/topics/CBPOL
1998-01-01,Malaysia,Malaysia hike 130bp to 10.0%,monetary policy,major,hike,130.00000000000006,MY,basis points,https://data.bis.org/topics/CBPOL
1998-01-01,India,India hike 200bp to 11.0%,monetary policy,major,hike,200.0,IN,basis points,https://data.bis.org/topics/CBPOL
1998-01-01,Chile,Chile hike 50bp to 7.0%,monetary policy,standard,hike,50.0,CL,basis points,https://data.bis.org/topics/CBPOL
1998-01-01,Croatia,Croatia cut 207bp to 7.9%,monetary policy,major,cut,-207.00000000000003,HR,basis points,https://data.bis.org/topics/CBPOL
1998-01-01,New Zealand,New Zealand hike 25bp to 8.6%,monetary policy,standard,hike,25.0,NZ,basis points,https://data.bis.org/topics/CBPOL
1998-01-01,Argentina,Argentina cut 329bp to 5.52%,monetary policy,major,cut,-329.0000000000001,AR,basis points,https://data.bis.org/topics/CBPOL
1998-01-01,Brazil,Brazil cut 424bp to 34.5%,monetary policy,major,cut,-424.0000000000002,BR,basis points,https://data.bis.org/topics/CBPOL
1998-01-01,Canada,Canada hike 50bp to 4.75%,monetary policy,standard,hike,50.0,CA,basis points,https://data.bis.org/topics/CBPOL
1998-01-01,Philippines,Philippines hike 300bp to 14.0%,monetary policy,major,hike,300.0,PH,basis points,https://data.bis.org/topics/CBPOL
1998-02-01,Israel,Israel cut 30bp to 12.6%,monetary policy,standard,cut,-30.00000000000007,IL,basis points,https://data.bis.org/topics/CBPOL
1998-02-01,Russia,Russia hike 1100bp to 39.0%,monetary policy,major,hike,1100.0,RU,basis points,https://data.bis.org/topics/CBPOL
1998-02-01,Colombia,Colombia hike 300bp to 30.0%,monetary policy,major,hike,300.0,CO,basis points,https://data.bis.org/topics/CBPOL
1998-02-01,Hungary,Hungary cut 50bp to 20.0%,monetary policy,standard,cut,-50.0,HU,basis points,https://data.bis.org/topics/CBPOL
1998-02-01,Serbia,Serbia hike 423bp to 37.97%,monetary policy,major,hike,422.99999999999966,RS,basis points,https://data.bis.org/topics/CBPOL
1998-02-01,Croatia,Croatia hike 29bp to 8.19%,monetary policy,standard,hike,28.999999999999915,HR,basis points,https://data.bis.org/topics/CBPOL
1998-02-01,Philippines,Philippines cut 100bp to 13.0%,monetary policy,major,cut,-100.0,PH,basis points,https://data.bis.org/topics/CBPOL
1998-02-01,Chile,Chile hike 150bp to 8.5%,monetary policy,major,hike,150.0,CL,basis points,https://data.bis.org/topics/CBPOL
1998-02-01,Portugal,Portugal cut 100bp to 5.0%,monetary policy,major,cut,-100.0,PT,basis points,https://data.bis.org/topics/CBPOL
1998-02-01,Malaysia,Malaysia hike 100bp to 11.0%,monetary policy,major,hike,100.0,MY,basis points,https://data.bis.org/topics/CBPOL
1998-02-01,Spain,Spain cut 25bp to 4.5%,monetary policy,standard,cut,-25.0,ES,basis points,https://data.bis.org/topics/CBPOL
1998-02-01,Poland,Poland cut 300bp to 24.0%,monetary policy,major,cut,-300.0,PL,basis points,https://data.bis.org/topics/CBPOL
1998-02-01,Argentina,Argentina hike 155bp to 7.07%,monetary policy,major,hike,155.00000000000006,AR,basis points,https://data.bis.org/topics/CBPOL
1998-02-01,New Zealand,New Zealand hike 30bp to 8.9%,monetary policy,standard,hike,30.00000000000007,NZ,basis points,https://data.bis.org/topics/CBPOL
1998-03-01,Czechia,Czechia hike 25bp to 15.0%,monetary policy,standard,hike,25.0,CZ,basis points,https://data.bis.org/topics/CBPOL
1998-03-01,Croatia,Croatia hike 79bp to 8.98%,monetary policy,major,hike,79.00000000000009,HR,basis points,https://data.bis.org/topics/CBPOL
1998-03-01,New Zealand,New Zealand hike 120bp to 10.1%,monetary policy,major,hike,119.99999999999993,NZ,basis points,https://data.bis.org/topics/CBPOL
1998-03-01,Brazil,Brazil cut 650bp to 28.0%,monetary policy,major,cut,-650.0,BR,basis points,https://data.bis.org/topics/CBPOL
1998-03-01,South Africa,South Africa cut 100bp to 15.0%,monetary policy,major,cut,-100.0,ZA,basis points,https://data.bis.org/topics/CBPOL
1998-03-01,Russia,Russia cut 900bp to 30.0%,monetary policy,major,cut,-900.0,RU,basis points,https://data.bis.org/topics/CBPOL
1998-03-01,Israel,Israel cut 40bp to 12.2%,monetary policy,standard,cut,-40.000000000000036,IL,basis points,https://data.bis.org/topics/CBPOL
1998-03-01,China,China cut 72bp to 7.92%,monetary policy,standard,cut,-72.00000000000006,CN,basis points,https://data.bis.org/topics/CBPOL
1998-03-01,Argentina,Argentina cut 99bp to 6.08%,monetary policy,major,cut,-99.00000000000003,AR,basis points,https://data.bis.org/topics/CBPOL
1998-03-01,Norway,Norway hike 25bp to 3.75%,monetary policy,standard,hike,25.0,NO,basis points,https://data.bis.org/topics/CBPOL
1998-03-01,India,India cut 50bp to 10.5%,monetary policy,standard,cut,-50.0,IN,basis points,https://data.bis.org/topics/CBPOL
1998-03-01,Serbia,Serbia cut 423bp to 33.74%,monetary policy,major,cut,-422.99999999999966,RS,basis points,https://data.bis.org/topics/CBPOL
1998-04-01,Croatia,Croatia hike 440bp to 13.38%,monetary policy,major,hike,440.00000000000006,HR,basis points,https://data.bis.org/topics/CBPOL
1998-04-01,Serbia,Serbia hike 130bp to 35.04%,monetary policy,major,hike,129.99999999999972,RS,basis points,https://data.bis.org/topics/CBPOL
1998-04-01,New Zealand,New Zealand cut 110bp to 9.0%,monetary policy,major,cut,-109.99999999999997,NZ,basis points,https://data.bis.org/topics/CBPOL
1998-04-01,Philippines,Philippines hike 50bp to 13.5%,monetary policy,standard,hike,50.0,PH,basis points,https://data.bis.org/topics/CBPOL
1998-04-01,Greece,Greece hike 60bp to 11.5%,monetary policy,standard,hike,59.999999999999964,GR,basis points,https://data.bis.org/topics/CBPOL
1998-04-01,Poland,Poland cut 100bp to 23.0%,monetary policy,major,cut,-100.0,PL,basis points,https://data.bis.org/topics/CBPOL
1998-04-01,Hungary,Hungary cut 50bp to 19.5%,monetary policy,standard,cut,-50.0,HU,basis points,https://data.bis.org/topics/CBPOL
1998-04-01,Brazil,Brazil cut 475bp to 23.25%,monetary policy,major,cut,-475.0,BR,basis points,https://data.bis.org/topics/CBPOL
1998-04-01,Italy,Italy cut 50bp to 5.0%,monetary policy,standard,cut,-50.0,IT,basis points,https://data.bis.org/topics/CBPOL
1998-04-01,Argentina,Argentina cut 9bp to 5.99%,monetary policy,minor,cut,-8.999999999999986,AR,basis points,https://data.bis.org/topics/CBPOL
1998-04-01,Israel,Israel cut 30bp to 11.9%,monetary policy,standard,cut,-29.999999999999893,IL,basis points,https://data.bis.org/topics/CBPOL
1998-04-01,South Africa,South Africa cut 7bp to 14.93%,monetary policy,minor,cut,-7.30000000000004,ZA,basis points,https://data.bis.org/topics/CBPOL
1998-04-01,India,India cut 150bp to 9.0%,monetary policy,major,cut,-150.0,IN,basis points,https://data.bis.org/topics/CBPOL
1998-05-01,Argentina,Argentina cut 27bp to 5.72%,monetary policy,standard,cut,-27.000000000000046,AR,basis points,https://data.bis.org/topics/CBPOL
1998-05-01,Philippines,Philippines cut 38bp to 13.12%,monetary policy,standard,cut,-37.5,PH,basis points,https://data.bis.org/topics/CBPOL
1998-05-01,Brazil,Brazil cut 150bp to 21.75%,monetary policy,major,cut,-150.0,BR,basis points,https://data.bis.org/topics/CBPOL
1998-05-01,Croatia,Croatia cut 338bp to 10.0%,monetary policy,major,cut,-338.00000000000006,HR,basis points,https://data.bis.org/topics/CBPOL
1998-05-01,South Africa,South Africa hike 307bp to 18.0%,monetary policy,major,hike,307.30000000000007,ZA,basis points,https://data.bis.org/topics/CBPOL
1998-05-01,New Zealand,New Zealand cut 35bp to 8.65%,monetary policy,standard,cut,-34.999999999999964,NZ,basis points,https://data.bis.org/topics/CBPOL
1998-05-01,Colombia,Colombia hike 200bp to 32.0%,monetary policy,major,hike,200.0,CO,basis points,https://data.bis.org/topics/CBPOL
1998-05-01,Russia,Russia hike 12000bp to 150.0%,monetary policy,major,hike,12000.0,RU,basis points,https://data.bis.org/topics/CBPOL
1998-05-01,Poland,Poland cut 150bp to 21.5%,monetary policy,major,cut,-150.0,PL,basis points,https://data.bis.org/topics/CBPOL
1998-05-01,Spain,Spain cut 25bp to 4.25%,monetary policy,standard,cut,-25.0,ES,basis points,https://data.bis.org/topics/CBPOL
1998-05-01,Norway,Norway hike 50bp to 4.25%,monetary policy,standard,hike,50.0,NO,basis points,https://data.bis.org/topics/CBPOL
1998-05-01,Denmark,Denmark hike 25bp to 4.0%,monetary policy,standard,hike,25.0,DK,basis points,https://data.bis.org/topics/CBPOL
1998-05-01,Israel,Israel cut 30bp to 11.6%,monetary policy,standard,cut,-30.00000000000007,IL,basis points,https://data.bis.org/topics/CBPOL
1998-05-01,Serbia,Serbia cut 130bp to 33.74%,monetary policy,major,cut,-129.99999999999972,RS,basis points,https://data.bis.org/topics/CBPOL
1998-06-01,Serbia,Serbia hike 130bp to 35.04%,monetary policy,major,hike,129.99999999999972,RS,basis points,https://data.bis.org/topics/CBPOL
1998-06-01,United Kingdom,United Kingdom hike 25bp to 7.5%,monetary policy,standard,hike,25.0,GB,basis points,https://data.bis.org/topics/CBPOL
1998-06-01,Israel,Israel cut 30bp to 11.3%,monetary policy,standard,cut,-29.999999999999893,IL,basis points,https://data.bis.org/topics/CBPOL
1998-06-01,Sweden,Sweden cut 25bp to 4.1%,monetary policy,standard,cut,-25.0,SE,basis points,https://data.bis.org/topics/CBPOL
1998-06-01,Argentina,Argentina hike 33bp to 6.05%,monetary policy,standard,hike,33.00000000000001,AR,basis points,https://data.bis.org/topics/CBPOL
1998-06-01,Brazil,Brazil cut 75bp to 21.0%,monetary policy,major,cut,-75.0,BR,basis points,https://data.bis.org/topics/CBPOL
1998-06-01,Hungary,Hungary cut 50bp to 19.0%,monetary policy,standard,cut,-50.0,HU,basis points,https://data.bis.org/topics/CBPOL
1998-06-01,Russia,Russia cut 7000bp to 80.0%,monetary policy,major,cut,-7000.0,RU,basis points,https://data.bis.org/topics/CBPOL
1998-06-01,New Zealand,New Zealand cut 20bp to 8.45%,monetary policy,minor,cut,-20.000000000000107,NZ,basis points,https://data.bis.org/topics/CBPOL
1998-06-01,Norway,Norway hike 25bp to 4.5%,monetary policy,standard,hike,25.0,NO,basis points,https://data.bis.org/topics/CBPOL
1998-06-01,South Africa,South Africa hike 221bp to 20.21%,monetary policy,major,hike,220.89999999999998,ZA,basis points,https://data.bis.org/topics/CBPOL
1998-07-01,Greece,Greece hike 40bp to 11.9%,monetary policy,standard,hike,40.000000000000036,GR,basis points,https://data.bis.org/topics/CBPOL
1998-07-01,Israel,Israel cut 30bp to 11.0%,monetary policy,standard,cut,-30.00000000000007,IL,basis points,https://data.bis.org/topics/CBPOL
1998-07-01,Philippines,Philippines cut 12bp to 13.0%,monetary policy,minor,cut,-12.5,PH,basis points,https://data.bis.org/topics/CBPOL
1998-07-01,Norway,Norway hike 50bp to 5.0%,monetary policy,standard,hike,50.0,NO,basis points,https://data.bis.org/topics/CBPOL
1998-07-01,Czechia,Czechia cut 50bp to 14.5%,monetary policy,standard,cut,-50.0,CZ,basis points,https://data.bis.org/topics/CBPOL
1998-07-01,New Zealand,New Zealand cut 155bp to 6.9%,monetary policy,major,cut,-154.9999999999999,NZ,basis points,https://data.bis.org/topics/CBPOL
1998-07-01,China,China cut 99bp to 6.93%,monetary policy,major,cut,-99.00000000000003,CN,basis points,https://data.bis.org/topics/CBPOL
1998-07-01,Brazil,Brazil cut 125bp to 19.75%,monetary policy,major,cut,-125.0,BR,basis points,https://data.bis.org/topics/CBPOL
1998-07-01,Poland,Poland cut 250bp to 19.0%,monetary policy,major,cut,-250.0,PL,basis points,https://data.bis.org/topics/CBPOL
1998-07-01,Serbia,Serbia cut 130bp to 33.74%,monetary policy,major,cut,-129.99999999999972,RS,basis points,https://data.bis.org/topics/CBPOL
1998-07-01,Russia,Russia cut 2000bp to 60.0%,monetary policy,major,cut,-2000.0,RU,basis points,https://data.bis.org/topics/CBPOL
1998-07-01,Argentina,Argentina hike 6bp to 6.11%,monetary policy,minor,hike,6.00000000000005,AR,basis points,https://data.bis.org/topics/CBPOL
1998-07-01,South Africa,South Africa hike 114bp to 21.35%,monetary policy,major,hike,113.70000000000005,ZA,basis points,https://data.bis.org/topics/CBPOL
1998-08-01,New Zealand,New Zealand cut 90bp to 6.0%,monetary policy,major,cut,-90.00000000000003,NZ,basis points,https://data.bis.org/topics/CBPOL
1998-08-01,Czechia,Czechia cut 50bp to 14.0%,monetary policy,standard,cut,-50.0,CZ,basis points,https://data.bis.org/topics/CBPOL
1998-08-01,Argentina,Argentina hike 120bp to 7.31%,monetary policy,major,hike,119.99999999999993,AR,basis points,https://data.bis.org/topics/CBPOL
1998-08-01,Israel,Israel cut 150bp to 9.5%,monetary policy,major,cut,-150.0,IL,basis points,https://data.bis.org/topics/CBPOL
1998-08-01,Malaysia,Malaysia cut 150bp to 9.5%,monetary policy,major,cut,-150.0,MY,basis points,https://data.bis.org/topics/CBPOL
1998-08-01,Norway,Norway hike 300bp to 8.0%,monetary policy,major,hike,300.0,NO,basis points,https://data.bis.org/topics/CBPOL
1998-08-01,Canada,Canada hike 100bp to 5.75%,monetary policy,major,hike,100.0,CA,basis points,https://data.bis.org/topics/CBPOL
1998-08-01,South Africa,South Africa hike 51bp to 21.85%,monetary policy,standard,hike,50.79999999999991,ZA,basis points,https://data.bis.org/topics/CBPOL
1998-08-01,Hungary,Hungary cut 100bp to 18.0%,monetary policy,major,cut,-100.0,HU,basis points,https://data.bis.org/topics/CBPOL
1998-08-01,Philippines,Philippines hike 300bp to 16.0%,monetary policy,major,hike,300.0,PH,basis points,https://data.bis.org/topics/CBPOL
1998-09-01,Argentina,Argentina cut 101bp to 6.3%,monetary policy,major,cut,-100.99999999999997,AR,basis points,https://data.bis.org/topics/CBPOL
1998-09-01,Japan,Japan cut 25bp to 0.25%,monetary policy,standard,cut,-25.0,JP,basis points,https://data.bis.org/topics/CBPOL
1998-09-01,United States,United States cut 25bp to 5.25%,monetary policy,standard,cut,-25.0,US,basis points,https://data.bis.org/topics/CBPOL
1998-09-01,Malaysia,Malaysia cut 150bp to 8.0%,monetary policy,major,cut,-150.0,MY,basis points,https://data.bis.org/topics/CBPOL
1998-09-01,Canada,Canada cut 25bp to 5.5%,monetary policy,standard,cut,-25.0,CA,basis points,https://data.bis.org/topics/CBPOL
1998-09-01,Chile,Chile hike 550bp to 14.0%,monetary policy,major,hike,550.0,CL,basis points,https://data.bis.org/topics/CBPOL
1998-09-01,Brazil,Brazil cut 75bp to 19.0%,monetary policy,major,cut,-75.0,BR,basis points,https://data.bis.org/topics/CBPOL
1998-09-01,Poland,Poland cut 100bp to 18.0%,monetary policy,major,cut,-100.0,PL,basis points,https://data.bis.org/topics/CBPOL
1998-09-01,New Zealand,New Zealand cut 150bp to 4.5%,monetary policy,major,cut,-150.0,NZ,basis points,https://data.bis.org/topics/CBPOL
1998-09-01,Serbia,Serbia hike 130bp to 35.04%,monetary policy,major,hike,129.99999999999972,RS,basis points,https://data.bis.org/topics/CBPOL
1998-09-01,Denmark,Denmark hike 100bp to 5.0%,monetary policy,major,hike,100.0,DK,basis points,https://data.bis.org/topics/CBPOL
1998-09-01,Iceland,Iceland hike 28bp to 7.22%,monetary policy,standard,hike,27.999999999999936,IS,basis points,https://data.bis.org/topics/CBPOL
1998-09-01,Belgium,Belgium cut 5bp to 4.5%,monetary policy,minor,cut,-4.999999999999982,BE,basis points,https://data.bis.org/topics/CBPOL
1998-09-01,Czechia,Czechia cut 50bp to 13.5%,monetary policy,standard,cut,-50.0,CZ,basis points,https://data.bis.org/topics/CBPOL
1998-10-01,Chile,Chile cut 200bp to 12.0%,monetary policy,major,cut,-200.0,CL,basis points,https://data.bis.org/topics/CBPOL
1998-10-01,Canada,Canada cut 25bp to 5.25%,monetary policy,standard,cut,-25.0,CA,basis points,https://data.bis.org/topics/CBPOL
1998-10-01,Denmark,Denmark cut 35bp to 4.65%,monetary policy,standard,cut,-34.999999999999964,DK,basis points,https://data.bis.org/topics/CBPOL
1998-10-01,United Kingdom,United Kingdom cut 25bp to 7.25%,monetary policy,standard,cut,-25.0,GB,basis points,https://data.bis.org/topics/CBPOL
1998-10-01,Malaysia,Malaysia cut 50bp to 7.5%,monetary policy,standard,cut,-50.0,MY,basis points,https://data.bis.org/topics/CBPOL
1998-10-01,United States,United States cut 25bp to 5.0%,monetary policy,standard,cut,-25.0,US,basis points,https://data.bis.org/topics/CBPOL
1998-10-01,Spain,Spain cut 50bp to 3.75%,monetary policy,standard,cut,-50.0,ES,basis points,https://data.bis.org/topics/CBPOL
1998-10-01,Israel,Israel hike 200bp to 11.5%,monetary policy,major,hike,200.0,IL,basis points,https://data.bis.org/topics/CBPOL
1998-10-01,Czechia,Czechia cut 100bp to 12.5%,monetary policy,major,cut,-100.0,CZ,basis points,https://data.bis.org/topics/CBPOL
1998-10-01,Poland,Poland cut 100bp to 17.0%,monetary policy,major,cut,-100.0,PL,basis points,https://data.bis.org/topics/CBPOL
1998-10-01,Argentina,Argentina hike 22bp to 6.52%,monetary policy,minor,hike,21.999999999999975,AR,basis points,https://data.bis.org/topics/CBPOL
1998-10-01,Hong Kong SAR,Hong Kong SAR cut 28bp to 6.6%,monetary policy,standard,cut,-28.000000000000025,HK,basis points,https://data.bis.org/topics/CBPOL
1998-10-01,Italy,Italy cut 100bp to 4.0%,monetary policy,major,cut,-100.0,IT,basis points,https://data.bis.org/topics/CBPOL
1998-10-01,Serbia,Serbia cut 130bp to 33.74%,monetary policy,major,cut,-129.99999999999972,RS,basis points,https://data.bis.org/topics/CBPOL
1998-10-01,South Africa,South Africa cut 114bp to 20.72%,monetary policy,major,cut,-113.70000000000005,ZA,basis points,https://data.bis.org/topics/CBPOL
1998-10-01,Philippines,Philippines cut 225bp to 13.75%,monetary policy,major,cut,-225.0,PH,basis points,https://data.bis.org/topics/CBPOL
1998-10-01,New Zealand,New Zealand cut 65bp to 3.85%,monetary policy,standard,cut,-64.99999999999999,NZ,basis points,https://data.bis.org/topics/CBPOL
1998-11-01,United Kingdom,United Kingdom cut 50bp to 6.75%,monetary policy,standard,cut,-50.0,GB,basis points,https://data.bis.org/topics/CBPOL
1998-11-01,New Zealand,New Zealand cut 95bp to 2.9%,monetary policy,major,cut,-95.00000000000001,NZ,basis points,https://data.bis.org/topics/CBPOL
1998-11-01,Denmark,Denmark cut 40bp to 4.25%,monetary policy,standard,cut,-40.000000000000036,DK,basis points,https://data.bis.org/topics/CBPOL
1998-11-01,Czechia,Czechia cut 100bp to 11.5%,monetary policy,major,cut,-100.0,CZ,basis points,https://data.bis.org/topics/CBPOL
1998-11-01,Chile,Chile cut 350bp to 8.5%,monetary policy,major,cut,-350.0,CL,basis points,https://data.bis.org/topics/CBPOL
1998-11-01,Canada,Canada cut 25bp to 5.0%,monetary policy,standard,cut,-25.0,CA,basis points,https://data.bis.org/topics/CBPOL
1998-11-01,South Africa,South Africa cut 99bp to 19.73%,monetary policy,major,cut,-99.09999999999997,ZA,basis points,https://data.bis.org/topics/CBPOL
1998-11-01,Malaysia,Malaysia cut 50bp to 7.0%,monetary policy,standard,cut,-50.0,MY,basis points,https://data.bis.org/topics/CBPOL
1998-11-01,United States,United States cut 25bp to 4.75%,monetary policy,standard,cut,-25.0,US,basis points,https://data.bis.org/topics/CBPOL
1998-11-01,Philippines,Philippines cut 25bp to 13.5%,monetary policy,standard,cut,-25.0,PH,basis points,https://data.bis.org/topics/CBPOL
1998-11-01,Spain,Spain cut 25bp to 3.5%,monetary policy,standard,cut,-25.0,ES,basis points,https://data.bis.org/topics/CBPOL
1998-11-01,Hong Kong SAR,Hong Kong SAR cut 35bp to 6.25%,monetary policy,standard,cut,-34.999999999999964,HK,basis points,https://data.bis.org/topics/CBPOL
1998-11-01,Israel,Israel hike 200bp to 13.5%,monetary policy,major,hike,200.0,IL,basis points,https://data.bis.org/topics/CBPOL
1998-11-01,Serbia,Serbia hike 130bp to 35.04%,monetary policy,major,hike,129.99999999999972,RS,basis points,https://data.bis.org/topics/CBPOL
1998-11-01,Sweden,Sweden cut 50bp to 3.6%,monetary policy,standard,cut,-49.99999999999996,SE,basis points,https://data.bis.org/topics/CBPOL
1998-11-01,Colombia,Colombia cut 400bp to 28.0%,monetary policy,major,cut,-400.0,CO,basis points,https://data.bis.org/topics/CBPOL
1998-11-01,Argentina,Argentina hike 60bp to 7.12%,monetary policy,standard,hike,60.00000000000006,AR,basis points,https://data.bis.org/topics/CBPOL
1998-11-01,Portugal,Portugal cut 75bp to 4.25%,monetary policy,major,cut,-75.0,PT,basis points,https://data.bis.org/topics/CBPOL
1998-12-01,Spain,Spain cut 50bp to 3.0%,monetary policy,standard,cut,-50.0,ES,basis points,https://data.bis.org/topics/CBPOL
1998-12-01,Serbia,Serbia cut 130bp to 33.74%,monetary policy,major,cut,-129.99999999999972,RS,basis points,https://data.bis.org/topics/CBPOL
1998-12-01,Colombia,Colombia cut 200bp to 26.0%,monetary policy,major,cut,-200.0,CO,basis points,https://data.bis.org/topics/CBPOL
1998-12-01,Argentina,Argentina hike 42bp to 7.54%,monetary policy,standard,hike,41.99999999999999,AR,basis points,https://data.bis.org/topics/CBPOL
1998-12-01,New Zealand,New Zealand hike 95bp to 3.85%,monetary policy,major,hike,95.00000000000001,NZ,basis points,https://data.bis.org/topics/CBPOL
1998-12-01,Hungary,Hungary cut 100bp to 17.0%,monetary policy,major,cut,-100.0,HU,basis points,https://data.bis.org/topics/CBPOL
1998-12-01,Sweden,Sweden cut 20bp to 3.4%,monetary policy,minor,cut,-20.000000000000018,SE,basis points,https://data.bis.org/topics/CBPOL
1998-12-01,Denmark,Denmark cut 30bp to 3.95%,monetary policy,standard,cut,-29.999999999999982,DK,basis points,https://data.bis.org/topics/CBPOL
1998-12-01,Mexico,Mexico cut 123bp to 33.14%,monetary policy,major,cut,-122.99999999999969,MX,basis points,https://data.bis.org/topics/CBPOL
1998-12-01,Brazil,Brazil hike 1000bp to 29.0%,monetary policy,major,hike,1000.0,BR,basis points,https://data.bis.org/topics/CBPOL
1998-12-01,Philippines,Philippines cut 12bp to 13.38%,monetary policy,minor,cut,-12.5,PH,basis points,https://data.bis.org/topics/CBPOL
1998-12-01,France,France cut 30bp to 3.0%,monetary policy,standard,cut,-29.999999999999982,FR,basis points,https://data.bis.org/topics/CBPOL
1998-12-01,Czechia,Czechia cut 200bp to 9.5%,monetary policy,major,cut,-200.0,CZ,basis points,https://data.bis.org/topics/CBPOL
1998-12-01,Germany,Germany cut 30bp to 3.0%,monetary policy,standard,cut,-29.999999999999982,DE,basis points,https://data.bis.org/topics/CBPOL
1998-12-01,Poland,Poland cut 150bp to 15.5%,monetary policy,major,cut,-150.0,PL,basis points,https://data.bis.org/topics/CBPOL
1998-12-01,Austria,Austria cut 20bp to 3.0%,monetary policy,minor,cut,-20.000000000000018,AT,basis points,https://data.bis.org/topics/CBPOL
1998-12-01,United Kingdom,United Kingdom cut 50bp to 6.25%,monetary policy,standard,cut,-50.0,GB,basis points,https://data.bis.org/topics/CBPOL
1998-12-01,Italy,Italy cut 100bp to 3.0%,monetary policy,major,cut,-100.0,IT,basis points,https://data.bis.org/topics/CBPOL
1998-12-01,Australia,Australia cut 25bp to 4.75%,monetary policy,standard,cut,-25.0,AU,basis points,https://data.bis.org/topics/CBPOL
1998-12-01,Chile,Chile cut 70bp to 7.8%,monetary policy,standard,cut,-70.00000000000001,CL,basis points,https://data.bis.org/topics/CBPOL
1998-12-01,China,China cut 54bp to 6.39%,monetary policy,standard,cut,-54.0,CN,basis points,https://data.bis.org/topics/CBPOL
1998-12-01,Greece,Greece cut 30bp to 11.6%,monetary policy,standard,cut,-30.00000000000007,GR,basis points,https://data.bis.org/topics/CBPOL
1998-12-01,South Africa,South Africa cut 41bp to 19.32%,monetary policy,standard,cut,-40.7,ZA,basis points,https://data.bis.org/topics/CBPOL
1998-12-01,Portugal,Portugal cut 100bp to 3.25%,monetary policy,major,cut,-100.0,PT,basis points,https://data.bis.org/topics/CBPOL
1999-01-01,Czechia,Czechia cut 150bp to 8.0%,monetary policy,major,cut,-150.0,CZ,basis points,https://data.bis.org/topics/CBPOL
1999-01-01,Norway,Norway cut 50bp to 7.5%,monetary policy,standard,cut,-50.0,NO,basis points,https://data.bis.org/topics/CBPOL
1999-01-01,Brazil,Brazil cut 400bp to 25.0%,monetary policy,major,cut,-400.0,BR,basis points,https://data.bis.org/topics/CBPOL
1999-01-01,Mexico,Mexico hike 271bp to 35.85%,monetary policy,major,hike,271.0000000000001,MX,basis points,https://data.bis.org/topics/CBPOL
1999-01-01,Denmark,Denmark cut 20bp to 3.75%,monetary policy,minor,cut,-20.000000000000018,DK,basis points,https://data.bis.org/topics/CBPOL
1999-01-01,South Africa,South Africa cut 49bp to 18.83%,monetary policy,standard,cut,-49.39999999999998,ZA,basis points,https://data.bis.org/topics/CBPOL
1999-01-01,Poland,Poland cut 250bp to 13.0%,monetary policy,major,cut,-250.0,PL,basis points,https://data.bis.org/topics/CBPOL
1999-01-01,Chile,Chile cut 55bp to 7.25%,monetary policy,standard,cut,-54.999999999999986,CL,basis points,https://data.bis.org/topics/CBPOL
1999-01-01,United Kingdom,United Kingdom cut 25bp to 6.0%,monetary policy,standard,cut,-25.0,GB,basis points,https://data.bis.org/topics/CBPOL
1999-01-01,Philippines,Philippines cut 50bp to 12.88%,monetary policy,standard,cut,-50.0,PH,basis points,https://data.bis.org/topics/CBPOL
1999-01-01,New Zealand,New Zealand cut 110bp to 2.75%,monetary policy,major,cut,-110.00000000000001,NZ,basis points,https://data.bis.org/topics/CBPOL
1999-01-01,Greece,Greece cut 10bp to 11.5%,monetary policy,minor,cut,-9.999999999999964,GR,basis points,https://data.bis.org/topics/CBPOL
1999-01-01,Argentina,Argentina hike 5bp to 7.59%,monetary policy,minor,hike,4.999999999999982,AR,basis points,https://data.bis.org/topics/CBPOL
1999-02-01,Colombia,Colombia cut 200bp to 24.0%,monetary policy,major,cut,-200.0,CO,basis points,https://data.bis.org/topics/CBPOL
1999-02-01,United Kingdom,United Kingdom cut 50bp to 5.5%,monetary policy,standard,cut,-50.0,GB,basis points,https://data.bis.org/topics/CBPOL
1999-02-01,South Africa,South Africa cut 147bp to 17.36%,monetary policy,major,cut,-146.6000000000001,ZA,basis points,https://data.bis.org/topics/CBPOL
1999-02-01,Hungary,Hungary cut 100bp to 16.0%,monetary policy,major,cut,-100.0,HU,basis points,https://data.bis.org/topics/CBPOL
1999-02-01,Israel,Israel cut 50bp to 13.0%,monetary policy,standard,cut,-50.0,IL,basis points,https://data.bis.org/topics/CBPOL
1999-02-01,Sweden,Sweden cut 25bp to 3.15%,monetary policy,standard,cut,-25.0,SE,basis points,https://data.bis.org/topics/CBPOL
1999-02-01,Philippines,Philippines cut 38bp to 12.5%,monetary policy,standard,cut,-37.5,PH,basis points,https://data.bis.org/topics/CBPOL
1999-02-01,Iceland,Iceland hike 37bp to 7.59%,monetary policy,standard,hike,37.000000000000014,IS,basis points,https://data.bis.org/topics/CBPOL
1999-02-01,Serbia,Serbia hike 423bp to 37.97%,monetary policy,major,hike,422.99999999999966,RS,basis points,https://data.bis.org/topics/CBPOL
1999-02-01,Denmark,Denmark cut 25bp to 3.5%,monetary policy,standard,cut,-25.0,DK,basis points,https://data.bis.org/topics/CBPOL
1999-02-01,New Zealand,New Zealand hike 155bp to 4.3%,monetary policy,major,hike,154.99999999999997,NZ,basis points,https://data.bis.org/topics/CBPOL
1999-02-01,Mexico,Mexico cut 739bp to 28.46%,monetary policy,major,cut,-739.0,MX,basis points,https://data.bis.org/topics/CBPOL
1999-02-01,Argentina,Argentina cut 197bp to 5.62%,monetary policy,major,cut,-196.99999999999997,AR,basis points,https://data.bis.org/topics/CBPOL
1999-03-01,Czechia,Czechia cut 50bp to 7.5%,monetary policy,standard,cut,-50.0,CZ,basis points,https://data.bis.org/topics/CBPOL
1999-03-01,Serbia,Serbia cut 423bp to 33.74%,monetary policy,major,cut,-422.99999999999966,RS,basis points,https://data.bis.org/topics/CBPOL
1999-03-01,Denmark,Denmark cut 10bp to 3.4%,monetary policy,minor,cut,-10.000000000000009,DK,basis points,https://data.bis.org/topics/CBPOL
1999-03-01,Sweden,Sweden cut 25bp to 2.9%,monetary policy,standard,cut,-25.0,SE,basis points,https://data.bis.org/topics/CBPOL
1999-03-01,Norway,Norway cut 50bp to 7.0%,monetary policy,standard,cut,-50.0,NO,basis points,https://data.bis.org/topics/CBPOL
1999-03-01,India,India cut 100bp to 8.0%,monetary policy,major,cut,-100.0,IN,basis points,https://data.bis.org/topics/CBPOL
1999-03-01,Colombia,Colombia cut 400bp to 20.0%,monetary policy,major,cut,-400.0,CO,basis points,https://data.bis.org/topics/CBPOL
1999-03-01,New Zealand,New Zealand hike 20bp to 4.5%,monetary policy,minor,hike,20.000000000000018,NZ,basis points,https://data.bis.org/topics/CBPOL
1999-03-01,Argentina,Argentina hike 66bp to 6.28%,monetary policy,standard,hike,66.00000000000001,AR,basis points,https://data.bis.org/topics/CBPOL
1999-03-01,Canada,Canada cut 25bp to 4.75%,monetary policy,standard,cut,-25.0,CA,basis points,https://data.bis.org/topics/CBPOL
1999-03-01,Chile,Chile cut 25bp to 7.0%,monetary policy,standard,cut,-25.0,CL,basis points,https://data.bis.org/topics/CBPOL
1999-03-01,Brazil,Brazil hike 1700bp to 42.0%,monetary policy,major,hike,1700.0,BR,basis points,https://data.bis.org/topics/CBPOL
1999-03-01,Philippines,Philippines cut 62bp to 11.88%,monetary policy,standard,cut,-62.5,PH,basis points,https://data.bis.org/topics/CBPOL
1999-03-01,South Africa,South Africa cut 86bp to 16.5%,monetary policy,major,cut,-85.50000000000004,ZA,basis points,https://data.bis.org/topics/CBPOL
1999-03-01,Mexico,Mexico cut 550bp to 22.96%,monetary policy,major,cut,-550.0,MX,basis points,https://data.bis.org/topics/CBPOL
1999-04-01,Brazil,Brazil cut 1000bp to 32.0%,monetary policy,major,cut,-1000.0,BR,basis points,https://data.bis.org/topics/CBPOL
1999-04-01,Malaysia,Malaysia cut 50bp to 6.5%,monetary policy,standard,cut,-50.0,MY,basis points,https://data.bis.org/topics/CBPOL
1999-04-01,Denmark,Denmark cut 50bp to 2.9%,monetary policy,standard,cut,-50.0,DK,basis points,https://data.bis.org/topics/CBPOL
1999-04-01,Euro area,Euro area cut 50bp to 2.5%,monetary policy,standard,cut,-50.0,XM,basis points,https://data.bis.org/topics/CBPOL
1999-04-01,Czechia,Czechia cut 30bp to 7.2%,monetary policy,standard,cut,-29.999999999999982,CZ,basis points,https://data.bis.org/topics/CBPOL
1999-04-01,Switzerland,Switzerland cut 50bp to 0.5%,monetary policy,standard,cut,-50.0,CH,basis points,https://data.bis.org/topics/CBPOL
1999-04-01,Argentina,Argentina cut 125bp to 5.03%,monetary policy,major,cut,-125.0,AR,basis points,https://data.bis.org/topics/CBPOL
1999-04-01,Norway,Norway cut 50bp to 6.5%,monetary policy,standard,cut,-50.0,NO,basis points,https://data.bis.org/topics/CBPOL
1999-04-01,Colombia,Colombia cut 100bp to 19.0%,monetary policy,major,cut,-100.0,CO,basis points,https://data.bis.org/topics/CBPOL
1999-04-01,Mexico,Mexico cut 272bp to 20.24%,monetary policy,major,cut,-272.0000000000002,MX,basis points,https://data.bis.org/topics/CBPOL
1999-04-01,United Kingdom,United Kingdom cut 25bp to 5.25%,monetary policy,standard,cut,-25.0,GB,basis points,https://data.bis.org/topics/CBPOL
1999-04-01,Serbia,Serbia cut 650bp to 27.24%,monetary policy,major,cut,-650.0000000000003,RS,basis points,https://data.bis.org/topics/CBPOL
1999-04-01,Chile,Chile cut 50bp to 6.5%,monetary policy,standard,cut,-50.0,CL,basis points,https://data.bis.org/topics/CBPOL
1999-04-01,Israel,Israel cut 100bp to 12.0%,monetary policy,major,cut,-100.0,IL,basis points,https://data.bis.org/topics/CBPOL
1999-04-01,South Africa,South Africa cut 84bp to 15.66%,monetary policy,major,cut,-83.99999999999999,ZA,basis points,https://data.bis.org/topics/CBPOL
1999-04-01,Philippines,Philippines cut 150bp to 10.38%,monetary policy,major,cut,-150.0,PH,basis points,https://data.bis.org/topics/CBPOL
1999-05-01,Argentina,Argentina hike 243bp to 7.46%,monetary policy,major,hike,242.99999999999997,AR,basis points,https://data.bis.org/topics/CBPOL
1999-05-01,Colombia,Colombia cut 100bp to 18.0%,monetary policy,major,cut,-100.0,CO,basis points,https://data.bis.org/topics/CBPOL
1999-05-01,South Africa,South Africa cut 20bp to 15.46%,monetary policy,minor,cut,-20.099999999999874,ZA,basis points,https://data.bis.org/topics/CBPOL
1999-05-01,Serbia,Serbia cut 98bp to 26.26%,monetary policy,major,cut,-97.99999999999969,RS,basis points,https://data.bis.org/topics/CBPOL
1999-05-01,Philippines,Philippines cut 50bp to 9.88%,monetary policy,standard,cut,-50.0,PH,basis points,https://data.bis.org/topics/CBPOL
1999-05-01,Mexico,Mexico hike 154bp to 21.78%,monetary policy,major,hike,154.00000000000028,MX,basis points,https://data.bis.org/topics/CBPOL
1999-05-01,Chile,Chile cut 50bp to 6.0%,monetary policy,standard,cut,-50.0,CL,basis points,https://data.bis.org/topics/CBPOL
1999-05-01,Czechia,Czechia cut 30bp to 6.9%,monetary policy,standard,cut,-29.999999999999982,CZ,basis points,https://data.bis.org/topics/CBPOL
1999-05-01,Canada,Canada cut 25bp to 4.5%,monetary policy,standard,cut,-25.0,CA,basis points,https://data.bis.org/topics/CBPOL
1999-05-01,Brazil,Brazil cut 850bp to 23.5%,monetary policy,major,cut,-850.0,BR,basis points,https://data.bis.org/topics/CBPOL
1999-05-01,Malaysia,Malaysia cut 50bp to 6.0%,monetary policy,standard,cut,-50.0,MY,basis points,https://data.bis.org/topics/CBPOL
1999-06-01,Argentina,Argentina cut 94bp to 6.52%,monetary policy,major,cut,-94.00000000000004,AR,basis points,https://data.bis.org/topics/CBPOL
1999-06-01,Iceland,Iceland hike 46bp to 8.05%,monetary policy,standard,hike,46.000000000000085,IS,basis points,https://data.bis.org/topics/CBPOL
1999-06-01,China,China cut 54bp to 5.85%,monetary policy,standard,cut,-54.0,CN,basis points,https://data.bis.org/topics/CBPOL
1999-06-01,Serbia,Serbia hike 98bp to 27.24%,monetary policy,major,hike,97.99999999999969,RS,basis points,https://data.bis.org/topics/CBPOL
1999-06-01,South Africa,South Africa cut 55bp to 14.92%,monetary policy,standard,cut,-54.90000000000013,ZA,basis points,https://data.bis.org/topics/CBPOL
1999-06-01,Denmark,Denmark cut 5bp to 2.85%,monetary policy,minor,cut,-4.999999999999982,DK,basis points,https://data.bis.org/topics/CBPOL
1999-06-01,Brazil,Brazil cut 250bp to 21.0%,monetary policy,major,cut,-250.0,BR,basis points,https://data.bis.org/topics/CBPOL
1999-06-01,Norway,Norway cut 50bp to 6.0%,monetary policy,standard,cut,-50.0,NO,basis points,https://data.bis.org/topics/CBPOL
1999-06-01,Philippines,Philippines cut 75bp to 9.12%,monetary policy,major,cut,-75.0,PH,basis points,https://data.bis.org/topics/CBPOL
1999-06-01,Czechia,Czechia cut 40bp to 6.5%,monetary policy,standard,cut,-40.000000000000036,CZ,basis points,https://data.bis.org/topics/CBPOL
1999-06-01,Chile,Chile cut 100bp to 5.0%,monetary policy,major,cut,-100.0,CL,basis points,https://data.bis.org/topics/CBPOL
1999-06-01,Mexico,Mexico cut 77bp to 21.01%,monetary policy,major,cut,-76.99999999999996,MX,basis points,https://data.bis.org/topics/CBPOL
1999-06-01,United States,United States hike 25bp to 5.0%,monetary policy,standard,hike,25.0,US,basis points,https://data.bis.org/topics/CBPOL
1999-06-01,Russia,Russia cut 500bp to 55.0%,monetary policy,major,cut,-500.0,RU,basis points,https://data.bis.org/topics/CBPOL
1999-06-01,United Kingdom,United Kingdom cut 25bp to 5.0%,monetary policy,standard,cut,-25.0,GB,basis points,https://data.bis.org/topics/CBPOL
1999-06-01,Hungary,Hungary cut 50bp to 15.5%,monetary policy,standard,cut,-50.0,HU,basis points,https://data.bis.org/topics/CBPOL
1999-07-01,Brazil,Brazil cut 150bp to 19.5%,monetary policy,major,cut,-150.0,BR,basis points,https://data.bis.org/topics/CBPOL
1999-07-01,Philippines,Philippines cut 12bp to 9.0%,monetary policy,minor,cut,-12.5,PH,basis points,https://data.bis.org/topics/CBPOL
1999-07-01,Colombia,Colombia cut 100bp to 17.0%,monetary policy,major,cut,-100.0,CO,basis points,https://data.bis.org/topics/CBPOL
1999-07-01,Hong Kong SAR,Hong Kong SAR hike 25bp to 6.5%,monetary policy,standard,hike,25.0,HK,basis points,https://data.bis.org/topics/CBPOL
1999-07-01,Israel,Israel cut 50bp to 11.5%,monetary policy,standard,cut,-50.0,IL,basis points,https://data.bis.org/topics/CBPOL
1999-07-01,Czechia,Czechia cut 25bp to 6.25%,monetary policy,standard,cut,-25.0,CZ,basis points,https://data.bis.org/topics/CBPOL
1999-07-01,Serbia,Serbia cut 98bp to 26.26%,monetary policy,major,cut,-97.99999999999969,RS,basis points,https://data.bis.org/topics/CBPOL
1999-07-01,Argentina,Argentina cut 90bp to 5.62%,monetary policy,major,cut,-89.99999999999994,AR,basis points,https://data.bis.org/topics/CBPOL
1999-07-01,South Africa,South Africa cut 126bp to 13.65%,monetary policy,major,cut,-126.29999999999998,ZA,basis points,https://data.bis.org/topics/CBPOL
1999-07-01,Mexico,Mexico hike 89bp to 21.9%,monetary policy,major,hike,88.9999999999997,MX,basis points,https://data.bis.org/topics/CBPOL
1999-08-01,Colombia,Colombia cut 100bp to 16.0%,monetary policy,major,cut,-100.0,CO,basis points,https://data.bis.org/topics/CBPOL
1999-08-01,Mexico,Mexico cut 239bp to 19.51%,monetary policy,major,cut,-238.99999999999972,MX,basis points,https://data.bis.org/topics/CBPOL
1999-08-01,Malaysia,Malaysia cut 50bp to 5.5%,monetary policy,standard,cut,-50.0,MY,basis points,https://data.bis.org/topics/CBPOL
1999-08-01,United States,United States hike 25bp to 5.25%,monetary policy,standard,hike,25.0,US,basis points,https://data.bis.org/topics/CBPOL
1999-08-01,Argentina,Argentina hike 10bp to 5.72%,monetary policy,minor,hike,9.999999999999964,AR,basis points,https://data.bis.org/topics/CBPOL
1999-08-01,Hong Kong SAR,Hong Kong SAR hike 25bp to 6.75%,monetary policy,standard,hike,25.0,HK,basis points,https://data.bis.org/topics/CBPOL
1999-08-01,South Africa,South Africa cut 21bp to 13.44%,monetary policy,minor,cut,-21.199999999999974,ZA,basis points,https://data.bis.org/topics/CBPOL
1999-09-01,United Kingdom,United Kingdom hike 25bp to 5.25%,monetary policy,standard,hike,25.0,GB,basis points,https://data.bis.org/topics/CBPOL
1999-09-01,Mexico,Mexico cut 61bp to 18.9%,monetary policy,standard,cut,-61.0000000000003,MX,basis points,https://data.bis.org/topics/CBPOL
1999-09-01,Poland,Poland hike 100bp to 14.0%,monetary policy,major,hike,100.0,PL,basis points,https://data.bis.org/topics/CBPOL
1999-09-01,Argentina,Argentina hike 291bp to 8.63%,monetary policy,major,hike,291.0000000000001,AR,basis points,https://data.bis.org/topics/CBPOL
1999-09-01,South Africa,South Africa cut 104bp to 12.4%,monetary policy,major,cut,-103.99999999999991,ZA,basis points,https://data.bis.org/topics/CBPOL
1999-09-01,Serbia,Serbia hike 98bp to 27.24%,monetary policy,major,hike,97.99999999999969,RS,basis points,https://data.bis.org/topics/CBPOL
1999-09-01,Czechia,Czechia cut 25bp to 6.0%,monetary policy,standard,cut,-25.0,CZ,basis points,https://data.bis.org/topics/CBPOL
1999-09-01,Brazil,Brazil cut 50bp to 19.0%,monetary policy,standard,cut,-50.0,BR,basis points,https://data.bis.org/topics/CBPOL
1999-09-01,Iceland,Iceland hike 55bp to 8.6%,monetary policy,standard,hike,54.99999999999989,IS,basis points,https://data.bis.org/topics/CBPOL
1999-09-01,Norway,Norway cut 50bp to 5.5%,monetary policy,standard,cut,-50.0,NO,basis points,https://data.bis.org/topics/CBPOL
1999-10-01,Czechia,Czechia cut 50bp to 5.5%,monetary policy,standard,cut,-50.0,CZ,basis points,https://data.bis.org/topics/CBPOL
1999-10-01,Mexico,Mexico cut 112bp to 17.78%,monetary policy,major,cut,-111.99999999999974,MX,basis points,https://data.bis.org/topics/CBPOL
1999-10-01,South Africa,South Africa cut 21bp to 12.19%,monetary policy,minor,cut,-21.000000000000085,ZA,basis points,https://data.bis.org/topics/CBPOL
1999-10-01,Serbia,Serbia cut 98bp to 26.26%,monetary policy,major,cut,-97.99999999999969,RS,basis points,https://data.bis.org/topics/CBPOL
1999-10-01,Argentina,Argentina cut 63bp to 8.0%,monetary policy,standard,cut,-63.00000000000008,AR,basis points,https://data.bis.org/topics/CBPOL
1999-10-01,Greece,Greece cut 50bp to 11.0%,monetary policy,standard,cut,-50.0,GR,basis points,https://data.bis.org/topics/CBPOL
1999-10-01,Colombia,Colombia cut 100bp to 15.0%,monetary policy,major,cut,-100.0,CO,basis points,https://data.bis.org/topics/CBPOL
1999-11-01,Canada,Canada hike 25bp to 4.75%,monetary policy,standard,hike,25.0,CA,basis points,https://data.bis.org/topics/CBPOL
1999-11-01,Mexico,Mexico hike 219bp to 19.97%,monetary policy,major,hike,218.99999999999977,MX,basis points,https://data.bis.org/topics/CBPOL
1999-11-01,Czechia,Czechia cut 25bp to 5.25%,monetary policy,standard,cut,-25.0,CZ,basis points,https://data.bis.org/topics/CBPOL
1999-11-01,Colombia,Colombia cut 200bp to 13.0%,monetary policy,major,cut,-200.0,CO,basis points,https://data.bis.org/topics/CBPOL
1999-11-01,Philippines,Philippines cut 25bp to 8.75%,monetary policy,standard,cut,-25.0,PH,basis points,https://data.bis.org/topics/CBPOL
1999-11-01,Euro area,Euro area hike 50bp to 3.0%,monetary policy,standard,hike,50.0,XM,basis points,https://data.bis.org/topics/CBPOL
1999-11-01,Argentina,Argentina cut 119bp to 6.81%,monetary policy,major,cut,-119.00000000000004,AR,basis points,https://data.bis.org/topics/CBPOL
1999-11-01,Australia,Australia hike 25bp to 5.0%,monetary policy,standard,hike,25.0,AU,basis points,https://data.bis.org/topics/CBPOL
1999-11-01,Hong Kong SAR,Hong Kong SAR hike 25bp to 7.0%,monetary policy,standard,hike,25.0,HK,basis points,https://data.bis.org/topics/CBPOL
1999-11-01,United Kingdom,United Kingdom hike 25bp to 5.5%,monetary policy,standard,hike,25.0,GB,basis points,https://data.bis.org/topics/CBPOL
1999-11-01,Israel,Israel cut 30bp to 11.2%,monetary policy,standard,cut,-30.00000000000007,IL,basis points,https://data.bis.org/topics/CBPOL
1999-11-01,Serbia,Serbia hike 98bp to 27.24%,monetary policy,major,hike,97.99999999999969,RS,basis points,https://data.bis.org/topics/CBPOL
1999-11-01,Denmark,Denmark hike 45bp to 3.3%,monetary policy,standard,hike,44.99999999999997,DK,basis points,https://data.bis.org/topics/CBPOL
1999-11-01,United States,United States hike 25bp to 5.5%,monetary policy,standard,hike,25.0,US,basis points,https://data.bis.org/topics/CBPOL
1999-11-01,Sweden,Sweden hike 35bp to 3.25%,monetary policy,standard,hike,35.00000000000001,SE,basis points,https://data.bis.org/topics/CBPOL
1999-11-01,South Africa,South Africa cut 19bp to 12.0%,monetary policy,minor,cut,-18.99999999999995,ZA,basis points,https://data.bis.org/topics/CBPOL
1999-11-01,Poland,Poland hike 250bp to 16.5%,monetary policy,major,hike,250.0,PL,basis points,https://data.bis.org/topics/CBPOL
1999-11-01,New Zealand,New Zealand hike 50bp to 5.0%,monetary policy,standard,hike,50.0,NZ,basis points,https://data.bis.org/topics/CBPOL
1999-11-01,Hungary,Hungary cut 50bp to 15.0%,monetary policy,standard,cut,-50.0,HU,basis points,https://data.bis.org/topics/CBPOL
1999-12-01,Argentina,Argentina hike 139bp to 8.2%,monetary policy,major,hike,138.99999999999997,AR,basis points,https://data.bis.org/topics/CBPOL
1999-12-01,Greece,Greece cut 75bp to 10.25%,monetary policy,major,cut,-75.0,GR,basis points,https://data.bis.org/topics/CBPOL
1999-12-01,Colombia,Colombia cut 100bp to 12.0%,monetary policy,major,cut,-100.0,CO,basis points,https://data.bis.org/topics/CBPOL
1999-12-01,Mexico,Mexico cut 158bp to 18.39%,monetary policy,major,cut,-157.99999999999983,MX,basis points,https://data.bis.org/topics/CBPOL
1999-12-01,Israel,Israel cut 50bp to 10.7%,monetary policy,standard,cut,-50.0,IL,basis points,https://data.bis.org/topics/CBPOL
1999-12-01,Hungary,Hungary cut 50bp to 14.5%,monetary policy,standard,cut,-50.0,HU,basis points,https://data.bis.org/topics/CBPOL
1999-12-01,Serbia,Serbia cut 98bp to 26.26%,monetary policy,major,cut,-97.99999999999969,RS,basis points,https://data.bis.org/topics/CBPOL
2000-01-01,Iceland,Iceland hike 73bp to 9.33%,monetary policy,standard,hike,73.00000000000004,IS,basis points,https://data.bis.org/topics/CBPOL
2000-01-01,Argentina,Argentina cut 99bp to 7.21%,monetary policy,major,cut,-98.99999999999993,AR,basis points,https://data.bis.org/topics/CBPOL
2000-01-01,Russia,Russia cut 1000bp to 45.0%,monetary policy,major,cut,-1000.0,RU,basis points,https://data.bis.org/topics/CBPOL
2000-01-01,Israel,Israel cut 40bp to 10.3%,monetary policy,standard,cut,-39.99999999999986,IL,basis points,https://data.bis.org/topics/CBPOL
2000-01-01,Chile,Chile hike 25bp to 5.25%,monetary policy,standard,hike,25.0,CL,basis points,https://data.bis.org/topics/CBPOL
2000-01-01,Serbia,Serbia hike 8bp to 26.34%,monetary policy,minor,hike,7.9999999999998295,RS,basis points,https://data.bis.org/topics/CBPOL
2000-01-01,United Kingdom,United Kingdom hike 25bp to 5.75%,monetary policy,standard,hike,25.0,GB,basis points,https://data.bis.org/topics/CBPOL
2000-01-01,Switzerland,Switzerland hike 125bp to 1.75%,monetary policy,major,hike,125.0,CH,basis points,https://data.bis.org/topics/CBPOL
2000-01-01,South Africa,South Africa cut 25bp to 11.75%,monetary policy,standard,cut,-25.0,ZA,basis points,https://data.bis.org/topics/CBPOL
2000-01-01,Greece,Greece cut 75bp to 9.5%,monetary policy,major,cut,-75.0,GR,basis points,https://data.bis.org/topics/CBPOL
2000-01-01,Hungary,Hungary cut 150bp to 13.0%,monetary policy,major,cut,-150.0,HU,basis points,https://data.bis.org/topics/CBPOL
2000-01-01,New Zealand,New Zealand hike 25bp to 5.25%,monetary policy,standard,hike,25.0,NZ,basis points,https://data.bis.org/topics/CBPOL
2000-01-01,Mexico,Mexico hike 86bp to 19.25%,monetary policy,major,hike,85.99999999999994,MX,basis points,https://data.bis.org/topics/CBPOL
2000-02-01,Sweden,Sweden hike 50bp to 3.75%,monetary policy,standard,hike,50.0,SE,basis points,https://data.bis.org/topics/CBPOL
2000-02-01,Denmark,Denmark hike 30bp to 3.6%,monetary policy,standard,hike,30.00000000000003,DK,basis points,https://data.bis.org/topics/CBPOL
2000-02-01,Hong Kong SAR,Hong Kong SAR hike 25bp to 7.25%,monetary policy,standard,hike,25.0,HK,basis points,https://data.bis.org/topics/CBPOL
2000-02-01,United Kingdom,United Kingdom hike 25bp to 6.0%,monetary policy,standard,hike,25.0,GB,basis points,https://data.bis.org/topics/CBPOL
2000-02-01,Australia,Australia hike 50bp to 5.5%,monetary policy,standard,hike,50.0,AU,basis points,https://data.bis.org/topics/CBPOL
2000-02-01,Israel,Israel cut 40bp to 9.9%,monetary policy,standard,cut,-40.000000000000036,IL,basis points,https://data.bis.org/topics/CBPOL
2000-02-01,United States,United States hike 25bp to 5.75%,monetary policy,standard,hike,25.0,US,basis points,https://data.bis.org/topics/CBPOL
2000-02-01,Korea,Korea hike 25bp to 5.0%,monetary policy,standard,hike,25.0,KR,basis points,https://data.bis.org/topics/CBPOL
2000-02-01,Iceland,Iceland hike 27bp to 9.6%,monetary policy,standard,hike,26.999999999999957,IS,basis points,https://data.bis.org/topics/CBPOL
2000-02-01,Serbia,Serbia hike 205bp to 28.39%,monetary policy,major,hike,205.00000000000006,RS,basis points,https://data.bis.org/topics/CBPOL
2000-02-01,Argentina,Argentina cut 109bp to 6.12%,monetary policy,major,cut,-108.99999999999999,AR,basis points,https://data.bis.org/topics/CBPOL
2000-02-01,Euro area,Euro area hike 25bp to 3.25%,monetary policy,standard,hike,25.0,XM,basis points,https://data.bis.org/topics/CBPOL
2000-02-01,Canada,Canada hike 25bp to 5.0%,monetary policy,standard,hike,25.0,CA,basis points,https://data.bis.org/topics/CBPOL
2000-02-01,Mexico,Mexico cut 187bp to 17.38%,monetary policy,major,cut,-187.0000000000001,MX,basis points,https://data.bis.org/topics/CBPOL
2000-02-01,Switzerland,Switzerland hike 50bp to 2.25%,monetary policy,standard,hike,50.0,CH,basis points,https://data.bis.org/topics/CBPOL
2000-02-01,Poland,Poland hike 100bp to 17.5%,monetary policy,major,hike,100.0,PL,basis points,https://data.bis.org/topics/CBPOL
2000-03-01,Brazil,Brazil cut 50bp to 18.5%,monetary policy,standard,cut,-50.0,BR,basis points,https://data.bis.org/topics/CBPOL
2000-03-01,Canada,Canada hike 25bp to 5.25%,monetary policy,standard,hike,25.0,CA,basis points,https://data.bis.org/topics/CBPOL
2000-03-01,Israel,Israel cut 30bp to 9.6%,monetary policy,standard,cut,-30.00000000000007,IL,basis points,https://data.bis.org/topics/CBPOL
2000-03-01,Hungary,Hungary cut 100bp to 12.0%,monetary policy,major,cut,-100.0,HU,basis points,https://data.bis.org/topics/CBPOL
2000-03-01,Greece,Greece cut 75bp to 8.75%,monetary policy,major,cut,-75.0,GR,basis points,https://data.bis.org/topics/CBPOL
2000-03-01,Denmark,Denmark hike 25bp to 3.85%,monetary policy,standard,hike,25.0,DK,basis points,https://data.bis.org/topics/CBPOL
2000-03-01,Hong Kong SAR,Hong Kong SAR hike 25bp to 7.5%,monetary policy,standard,hike,25.0,HK,basis points,https://data.bis.org/topics/CBPOL
2000-03-01,Mexico,Mexico cut 351bp to 13.87%,monetary policy,major,cut,-351.0,MX,basis points,https://data.bis.org/topics/CBPOL
2000-03-01,United States,United States hike 25bp to 6.0%,monetary policy,standard,hike,25.0,US,basis points,https://data.bis.org/topics/CBPOL
2000-03-01,Euro area,Euro area hike 25bp to 3.5%,monetary policy,standard,hike,25.0,XM,basis points,https://data.bis.org/topics/CBPOL
2000-03-01,Switzerland,Switzerland hike 75bp to 3.0%,monetary policy,major,hike,75.0,CH,basis points,https://data.bis.org/topics/CBPOL
2000-03-01,Russia,Russia cut 1200bp to 33.0%,monetary policy,major,cut,-1200.0,RU,basis points,https://data.bis.org/topics/CBPOL
2000-03-01,Argentina,Argentina hike 25bp to 6.37%,monetary policy,standard,hike,25.0,AR,basis points,https://data.bis.org/topics/CBPOL
2000-03-01,Chile,Chile hike 25bp to 5.5%,monetary policy,standard,hike,25.0,CL,basis points,https://data.bis.org/topics/CBPOL
2000-03-01,New Zealand,New Zealand hike 50bp to 5.75%,monetary policy,standard,hike,50.0,NZ,basis points,https://data.bis.org/topics/CBPOL
2000-03-01,Serbia,Serbia cut 205bp to 26.34%,monetary policy,major,cut,-205.00000000000006,RS,basis points,https://data.bis.org/topics/CBPOL
2000-04-01,India,India cut 100bp to 7.0%,monetary policy,major,cut,-100.0,IN,basis points,https://data.bis.org/topics/CBPOL
2000-04-01,Denmark,Denmark hike 25bp to 4.1%,monetary policy,minor,hike,24.999999999999957,DK,basis points,https://data.bis.org/topics/CBPOL
2000-04-01,Euro area,Euro area hike 25bp to 3.75%,monetary policy,standard,hike,25.0,XM,basis points,https://data.bis.org/topics/CBPOL
2000-04-01,Greece,Greece cut 75bp to 8.0%,monetary policy,major,cut,-75.0,GR,basis points,https://data.bis.org/topics/CBPOL
2000-04-01,New Zealand,New Zealand hike 25bp to 6.0%,monetary policy,standard,hike,25.0,NZ,basis points,https://data.bis.org/topics/CBPOL
2000-04-01,Argentina,Argentina cut 6bp to 6.31%,monetary policy,minor,cut,-6.00000000000005,AR,basis points,https://data.bis.org/topics/CBPOL
2000-04-01,Norway,Norway hike 25bp to 5.75%,monetary policy,standard,hike,25.0,NO,basis points,https://data.bis.org/topics/CBPOL
2000-04-01,Israel,Israel cut 30bp to 9.3%,monetary policy,standard,cut,-29.999999999999893,IL,basis points,https://data.bis.org/topics/CBPOL
2000-04-01,Serbia,Serbia hike 99bp to 27.33%,monetary policy,major,hike,98.99999999999984,RS,basis points,https://data.bis.org/topics/CBPOL
2000-04-01,Mexico,Mexico hike 59bp to 14.46%,monetary policy,standard,hike,59.00000000000016,MX,basis points,https://data.bis.org/topics/CBPOL
2000-04-01,Australia,Australia hike 25bp to 5.75%,monetary policy,standard,hike,25.0,AU,basis points,https://data.bis.org/topics/CBPOL
2000-04-01,Hungary,Hungary cut 100bp to 11.0%,monetary policy,major,cut,-100.0,HU,basis points,https://data.bis.org/topics/CBPOL
2000-04-01,North Macedonia,North Macedonia cut 5bp to 9.45%,monetary policy,minor,cut,-5.000000000000071,MK,basis points,https://data.bis.org/topics/CBPOL
2000-05-01,Argentina,Argentina hike 51bp to 6.82%,monetary policy,standard,hike,51.00000000000007,AR,basis points,https://data.bis.org/topics/CBPOL
2000-05-01,Australia,Australia hike 25bp to 6.0%,monetary policy,standard,hike,25.0,AU,basis points,https://data.bis.org/topics/CBPOL
2000-05-01,Serbia,Serbia cut 99bp to 26.34%,monetary policy,major,cut,-98.99999999999984,RS,basis points,https://data.bis.org/topics/CBPOL
2000-05-01,Mexico,Mexico hike 177bp to 16.23%,monetary policy,major,hike,176.99999999999994,MX,basis points,https://data.bis.org/topics/CBPOL
2000-05-01,Saudi Arabia,Saudi Arabia hike 75bp to 7.0%,monetary policy,major,hike,75.0,SA,basis points,https://data.bis.org/topics/CBPOL
2000-05-01,Croatia,Croatia cut 600bp to 4.0%,monetary policy,major,cut,-600.0,HR,basis points,https://data.bis.org/topics/CBPOL
2000-05-01,United States,United States hike 50bp to 6.5%,monetary policy,standard,hike,50.0,US,basis points,https://data.bis.org/topics/CBPOL
2000-05-01,North Macedonia,North Macedonia hike 28bp to 9.73%,monetary policy,standard,hike,28.000000000000114,MK,basis points,https://data.bis.org/topics/CBPOL
2000-05-01,Philippines,Philippines hike 125bp to 10.0%,monetary policy,major,hike,125.0,PH,basis points,https://data.bis.org/topics/CBPOL
2000-05-01,Canada,Canada hike 50bp to 5.75%,monetary policy,standard,hike,50.0,CA,basis points,https://data.bis.org/topics/CBPOL
2000-05-01,New Zealand,New Zealand hike 50bp to 6.5%,monetary policy,standard,hike,50.0,NZ,basis points,https://data.bis.org/topics/CBPOL
2000-05-01,Hong Kong SAR,Hong Kong SAR hike 50bp to 8.0%,monetary policy,standard,hike,50.0,HK,basis points,https://data.bis.org/topics/CBPOL
2000-06-01,Croatia,Croatia hike 283bp to 6.83%,monetary policy,major,hike,283.0,HR,basis points,https://data.bis.org/topics/CBPOL
2000-06-01,Serbia,Serbia hike 99bp to 27.33%,monetary policy,major,hike,98.99999999999984,RS,basis points,https://data.bis.org/topics/CBPOL
2000-06-01,Mexico,Mexico hike 183bp to 18.06%,monetary policy,major,hike,182.99999999999983,MX,basis points,https://data.bis.org/topics/CBPOL
2000-06-01,Argentina,Argentina hike 31bp to 7.13%,monetary policy,standard,hike,30.99999999999996,AR,basis points,https://data.bis.org/topics/CBPOL
2000-06-01,North Macedonia,North Macedonia cut 114bp to 8.59%,monetary policy,major,cut,-114.00000000000006,MK,basis points,https://data.bis.org/topics/CBPOL
2000-06-01,Switzerland,Switzerland hike 50bp to 3.5%,monetary policy,standard,hike,50.0,CH,basis points,https://data.bis.org/topics/CBPOL
2000-06-01,Denmark,Denmark hike 60bp to 4.7%,monetary policy,standard,hike,60.00000000000006,DK,basis points,https://data.bis.org/topics/CBPOL
2000-06-01,Greece,Greece cut 75bp to 7.25%,monetary policy,major,cut,-75.0,GR,basis points,https://data.bis.org/topics/CBPOL
2000-06-01,Iceland,Iceland hike 46bp to 10.06%,monetary policy,standard,hike,46.000000000000085,IS,basis points,https://data.bis.org/topics/CBPOL
2000-06-01,Norway,Norway hike 50bp to 6.25%,monetary policy,standard,hike,50.0,NO,basis points,https://data.bis.org/topics/CBPOL
2000-06-01,Euro area,Euro area hike 50bp to 4.25%,monetary policy,standard,hike,50.0,XM,basis points,https://data.bis.org/topics/CBPOL
2000-06-01,Brazil,Brazil cut 100bp to 17.5%,monetary policy,major,cut,-100.0,BR,basis points,https://data.bis.org/topics/CBPOL
2000-07-01,Argentina,Argentina cut 44bp to 6.69%,monetary policy,standard,cut,-43.99999999999995,AR,basis points,https://data.bis.org/topics/CBPOL
2000-07-01,Russia,Russia cut 500bp to 28.0%,monetary policy,major,cut,-500.0,RU,basis points,https://data.bis.org/topics/CBPOL
2000-07-01,Brazil,Brazil cut 100bp to 16.5%,monetary policy,major,cut,-100.0,BR,basis points,https://data.bis.org/topics/CBPOL
2000-07-01,Mexico,Mexico cut 431bp to 13.75%,monetary policy,major,cut,-430.9999999999999,MX,basis points,https://data.bis.org/topics/CBPOL
2000-07-01,Israel,Israel cut 20bp to 9.1%,monetary policy,minor,cut,-20.000000000000107,IL,basis points,https://data.bis.org/topics/CBPOL
2000-07-01,North Macedonia,North Macedonia hike 86bp to 9.45%,monetary policy,major,hike,85.99999999999994,MK,basis points,https://data.bis.org/topics/CBPOL
2000-07-01,Serbia,Serbia cut 99bp to 26.34%,monetary policy,major,cut,-98.99999999999984,RS,basis points,https://data.bis.org/topics/CBPOL
2000-07-01,Croatia,Croatia cut 83bp to 6.0%,monetary policy,major,cut,-83.0,HR,basis points,https://data.bis.org/topics/CBPOL
2000-07-01,India,India hike 100bp to 8.0%,monetary policy,major,hike,100.0,IN,basis points,https://data.bis.org/topics/CBPOL
2000-08-01,Chile,Chile cut 50bp to 5.0%,monetary policy,standard,cut,-50.0,CL,basis points,https://data.bis.org/topics/CBPOL
2000-08-01,North Macedonia,North Macedonia cut 86bp to 8.59%,monetary policy,major,cut,-85.99999999999994,MK,basis points,https://data.bis.org/topics/CBPOL
2000-08-01,Norway,Norway hike 50bp to 6.75%,monetary policy,standard,hike,50.0,NO,basis points,https://data.bis.org/topics/CBPOL
2000-08-01,Denmark,Denmark hike 40bp to 5.1%,monetary policy,standard,hike,39.99999999999994,DK,basis points,https://data.bis.org/topics/CBPOL
2000-08-01,Mexico,Mexico hike 176bp to 15.51%,monetary policy,major,hike,175.99999999999997,MX,basis points,https://data.bis.org/topics/CBPOL
2000-08-01,Argentina,Argentina hike 112bp to 7.81%,monetary policy,major,hike,111.99999999999991,AR,basis points,https://data.bis.org/topics/CBPOL
2000-08-01,Australia,Australia hike 25bp to 6.25%,monetary policy,standard,hike,25.0,AU,basis points,https://data.bis.org/topics/CBPOL
2000-08-01,Croatia,Croatia cut 257bp to 3.43%,monetary policy,major,cut,-257.0,HR,basis points,https://data.bis.org/topics/CBPOL
2000-08-01,Israel,Israel cut 20bp to 8.9%,monetary policy,minor,cut,-19.99999999999993,IL,basis points,https://data.bis.org/topics/CBPOL
2000-08-01,Poland,Poland hike 150bp to 19.0%,monetary policy,major,hike,150.0,PL,basis points,https://data.bis.org/topics/CBPOL
2000-09-01,Israel,Israel cut 30bp to 8.6%,monetary policy,standard,cut,-30.00000000000007,IL,basis points,https://data.bis.org/topics/CBPOL
2000-09-01,Norway,Norway hike 25bp to 7.0%,monetary policy,standard,hike,25.0,NO,basis points,https://data.bis.org/topics/CBPOL
2000-09-01,Euro area,Euro area hike 25bp to 4.5%,monetary policy,standard,hike,25.0,XM,basis points,https://data.bis.org/topics/CBPOL
2000-09-01,Philippines,Philippines hike 100bp to 11.0%,monetary policy,major,hike,100.0,PH,basis points,https://data.bis.org/topics/CBPOL
2000-09-01,Mexico,Mexico hike 38bp to 15.89%,monetary policy,standard,hike,38.00000000000008,MX,basis points,https://data.bis.org/topics/CBPOL
2000-09-01,North Macedonia,North Macedonia cut 14bp to 8.45%,monetary policy,minor,cut,-14.000000000000057,MK,basis points,https://data.bis.org/topics/CBPOL
2000-09-01,Denmark,Denmark hike 50bp to 5.6%,monetary policy,standard,hike,50.0,DK,basis points,https://data.bis.org/topics/CBPOL
2000-09-01,Croatia,Croatia cut 143bp to 2.0%,monetary policy,major,cut,-143.00000000000003,HR,basis points,https://data.bis.org/topics/CBPOL
2000-09-01,Greece,Greece cut 75bp to 6.5%,monetary policy,major,cut,-75.0,GR,basis points,https://data.bis.org/topics/CBPOL
2000-09-01,Serbia,Serbia hike 99bp to 27.33%,monetary policy,major,hike,98.99999999999984,RS,basis points,https://data.bis.org/topics/CBPOL
2000-09-01,Argentina,Argentina hike 44bp to 8.25%,monetary policy,standard,hike,44.00000000000004,AR,basis points,https://data.bis.org/topics/CBPOL
2000-10-01,Argentina,Argentina hike 121bp to 9.46%,monetary policy,major,hike,121.00000000000009,AR,basis points,https://data.bis.org/topics/CBPOL
2000-10-01,Croatia,Croatia hike 800bp to 10.0%,monetary policy,major,hike,800.0,HR,basis points,https://data.bis.org/topics/CBPOL
2000-10-01,South Africa,South Africa hike 25bp to 12.0%,monetary policy,standard,hike,25.0,ZA,basis points,https://data.bis.org/topics/CBPOL
2000-10-01,Iceland,Iceland hike 71bp to 10.77%,monetary policy,standard,hike,70.99999999999991,IS,basis points,https://data.bis.org/topics/CBPOL
2000-10-01,Korea,Korea hike 25bp to 5.25%,monetary policy,standard,hike,25.0,KR,basis points,https://data.bis.org/topics/CBPOL
2000-10-01,Philippines,Philippines hike 400bp to 15.0%,monetary policy,major,hike,400.0,PH,basis points,https://data.bis.org/topics/CBPOL
2000-10-01,North Macedonia,North Macedonia cut 57bp to 7.88%,monetary policy,standard,cut,-56.99999999999994,MK,basis points,https://data.bis.org/topics/CBPOL
2000-10-01,Mexico,Mexico hike 120bp to 17.09%,monetary policy,major,hike,119.99999999999993,MX,basis points,https://data.bis.org/topics/CBPOL
2000-10-01,Euro area,Euro area hike 25bp to 4.75%,monetary policy,standard,hike,25.0,XM,basis points,https://data.bis.org/topics/CBPOL
2000-10-01,Denmark,Denmark cut 20bp to 5.4%,monetary policy,minor,cut,-19.99999999999993,DK,basis points,https://data.bis.org/topics/CBPOL
2000-10-01,Serbia,Serbia cut 99bp to 26.34%,monetary policy,major,cut,-98.99999999999984,RS,basis points,https://data.bis.org/topics/CBPOL
2000-10-01,Israel,Israel cut 20bp to 8.4%,monetary policy,minor,cut,-19.99999999999993,IL,basis points,https://data.bis.org/topics/CBPOL
2000-11-01,Argentina,Argentina cut 105bp to 8.41%,monetary policy,major,cut,-105.00000000000007,AR,basis points,https://data.bis.org/topics/CBPOL
2000-11-01,Mexico,Mexico hike 81bp to 17.9%,monetary policy,major,hike,80.99999999999987,MX,basis points,https://data.bis.org/topics/CBPOL
2000-11-01,Croatia,Croatia cut 742bp to 2.58%,monetary policy,major,cut,-742.0,HR,basis points,https://data.bis.org/topics/CBPOL
2000-11-01,Serbia,Serbia hike 99bp to 27.33%,monetary policy,major,hike,98.99999999999984,RS,basis points,https://data.bis.org/topics/CBPOL
2000-11-01,Israel,Israel cut 20bp to 8.2%,monetary policy,minor,cut,-20.000000000000107,IL,basis points,https://data.bis.org/topics/CBPOL
2000-11-01,North Macedonia,North Macedonia cut 85bp to 7.03%,monetary policy,major,cut,-84.99999999999997,MK,basis points,https://data.bis.org/topics/CBPOL
2000-11-01,Russia,Russia cut 300bp to 25.0%,monetary policy,major,cut,-300.0,RU,basis points,https://data.bis.org/topics/CBPOL
2000-11-01,Greece,Greece cut 100bp to 5.5%,monetary policy,major,cut,-100.0,GR,basis points,https://data.bis.org/topics/CBPOL
2000-12-01,Greece,Greece cut 175bp to 3.75%,monetary policy,major,cut,-175.0,GR,basis points,https://data.bis.org/topics/CBPOL
2000-12-01,Mexico,Mexico hike 89bp to 18.79%,monetary policy,major,hike,89.00000000000006,MX,basis points,https://data.bis.org/topics/CBPOL
2000-12-01,North Macedonia,North Macedonia cut 14bp to 6.89%,monetary policy,minor,cut,-14.000000000000057,MK,basis points,https://data.bis.org/topics/CBPOL
2000-12-01,Philippines,Philippines cut 150bp to 13.5%,monetary policy,major,cut,-150.0,PH,basis points,https://data.bis.org/topics/CBPOL
2000-12-01,Sweden,Sweden hike 25bp to 4.0%,monetary policy,standard,hike,25.0,SE,basis points,https://data.bis.org/topics/CBPOL
2000-12-01,Brazil,Brazil cut 75bp to 15.75%,monetary policy,major,cut,-75.0,BR,basis points,https://data.bis.org/topics/CBPOL
2000-12-01,Israel,Israel cut 20bp to 8.0%,monetary policy,minor,cut,-19.99999999999993,IL,basis points,https://data.bis.org/topics/CBPOL
2000-12-01,Serbia,Serbia cut 99bp to 26.34%,monetary policy,major,cut,-98.99999999999984,RS,basis points,https://data.bis.org/topics/CBPOL
2000-12-01,Croatia,Croatia cut 58bp to 2.0%,monetary policy,standard,cut,-58.00000000000001,HR,basis points,https://data.bis.org/topics/CBPOL
2000-12-01,Argentina,Argentina hike 370bp to 12.11%,monetary policy,major,hike,369.99999999999994,AR,basis points,https://data.bis.org/topics/CBPOL
2001-01-01,Serbia,Serbia cut 8bp to 26.26%,monetary policy,minor,cut,-7.9999999999998295,RS,basis points,https://data.bis.org/topics/CBPOL
2001-01-01,Canada,Canada cut 25bp to 5.5%,monetary policy,standard,cut,-25.0,CA,basis points,https://data.bis.org/topics/CBPOL
2001-01-01,North Macedonia,North Macedonia hike 56bp to 7.45%,monetary policy,standard,hike,56.00000000000005,MK,basis points,https://data.bis.org/topics/CBPOL
2001-01-01,Hong Kong SAR,Hong Kong SAR cut 50bp to 7.5%,monetary policy,standard,cut,-50.0,HK,basis points,https://data.bis.org/topics/CBPOL
2001-01-01,United States,United States cut 100bp to 5.5%,monetary policy,major,cut,-100.0,US,basis points,https://data.bis.org/topics/CBPOL
2001-01-01,Argentina,Argentina cut 592bp to 6.19%,monetary policy,major,cut,-591.9999999999999,AR,basis points,https://data.bis.org/topics/CBPOL
2001-01-01,Philippines,Philippines cut 150bp to 12.0%,monetary policy,major,cut,-150.0,PH,basis points,https://data.bis.org/topics/CBPOL
2001-01-01,Croatia,Croatia hike 34bp to 2.34%,monetary policy,standard,hike,33.999999999999986,HR,basis points,https://data.bis.org/topics/CBPOL
2001-01-01,Mexico,Mexico cut 107bp to 17.72%,monetary policy,major,cut,-107.00000000000003,MX,basis points,https://data.bis.org/topics/CBPOL
2001-01-01,Saudi Arabia,Saudi Arabia cut 100bp to 6.0%,monetary policy,major,cut,-100.0,SA,basis points,https://data.bis.org/topics/CBPOL
2001-01-01,Brazil,Brazil cut 50bp to 15.25%,monetary policy,standard,cut,-50.0,BR,basis points,https://data.bis.org/topics/CBPOL
2001-01-01,Chile,Chile cut 25bp to 4.75%,monetary policy,standard,cut,-25.0,CL,basis points,https://data.bis.org/topics/CBPOL
2001-02-01,Israel,Israel cut 30bp to 7.7%,monetary policy,standard,cut,-29.999999999999982,IL,basis points,https://data.bis.org/topics/CBPOL
2001-02-01,India,India cut 50bp to 7.5%,monetary policy,standard,cut,-50.0,IN,basis points,https://data.bis.org/topics/CBPOL
2001-02-01,Mexico,Mexico cut 86bp to 16.86%,monetary policy,major,cut,-85.99999999999994,MX,basis points,https://data.bis.org/topics/CBPOL
2001-02-01,Korea,Korea cut 25bp to 5.0%,monetary policy,standard,cut,-25.0,KR,basis points,https://data.bis.org/topics/CBPOL
2001-02-01,North Macedonia,North Macedonia hike 15bp to 7.6%,monetary policy,minor,hike,14.999999999999947,MK,basis points,https://data.bis.org/topics/CBPOL
2001-02-01,Philippines,Philippines cut 100bp to 11.0%,monetary policy,major,cut,-100.0,PH,basis points,https://data.bis.org/topics/CBPOL
2001-02-01,Chile,Chile cut 25bp to 4.5%,monetary policy,standard,cut,-25.0,CL,basis points,https://data.bis.org/topics/CBPOL
2001-02-01,Czechia,Czechia cut 25bp to 5.0%,monetary policy,standard,cut,-25.0,CZ,basis points,https://data.bis.org/topics/CBPOL
2001-02-01,United Kingdom,United Kingdom cut 25bp to 5.75%,monetary policy,standard,cut,-25.0,GB,basis points,https://data.bis.org/topics/CBPOL
2001-02-01,Serbia,Serbia hike 319bp to 29.45%,monetary policy,major,hike,318.9999999999998,RS,basis points,https://data.bis.org/topics/CBPOL
2001-02-01,Japan,Japan cut 10bp to 0.15%,monetary policy,minor,cut,-10.0,JP,basis points,https://data.bis.org/topics/CBPOL
2001-02-01,Croatia,Croatia cut 93bp to 1.41%,monetary policy,major,cut,-93.0,HR,basis points,https://data.bis.org/topics/CBPOL
2001-02-01,Australia,Australia cut 50bp to 5.75%,monetary policy,standard,cut,-50.0,AU,basis points,https://data.bis.org/topics/CBPOL
2001-02-01,Argentina,Argentina cut 56bp to 5.63%,monetary policy,standard,cut,-56.00000000000005,AR,basis points,https://data.bis.org/topics/CBPOL
2001-02-01,Denmark,Denmark cut 10bp to 5.3%,monetary policy,minor,cut,-10.000000000000053,DK,basis points,https://data.bis.org/topics/CBPOL
2001-02-01,Hong Kong SAR,Hong Kong SAR cut 50bp to 7.0%,monetary policy,standard,cut,-50.0,HK,basis points,https://data.bis.org/topics/CBPOL
2001-03-01,India,India cut 50bp to 7.0%,monetary policy,standard,cut,-50.0,IN,basis points,https://data.bis.org/topics/CBPOL
2001-03-01,New Zealand,New Zealand cut 25bp to 6.25%,monetary policy,standard,cut,-25.0,NZ,basis points,https://data.bis.org/topics/CBPOL
2001-03-01,Mexico,Mexico cut 54bp to 16.32%,monetary policy,standard,cut,-53.999999999999915,MX,basis points,https://data.bis.org/topics/CBPOL
2001-03-01,Switzerland,Switzerland cut 25bp to 3.25%,monetary policy,standard,cut,-25.0,CH,basis points,https://data.bis.org/topics/CBPOL
2001-03-01,North Macedonia,North Macedonia hike 50bp to 8.1%,monetary policy,standard,hike,50.0,MK,basis points,https://data.bis.org/topics/CBPOL
2001-03-01,Saudi Arabia,Saudi Arabia cut 50bp to 5.5%,monetary policy,standard,cut,-50.0,SA,basis points,https://data.bis.org/topics/CBPOL
2001-03-01,Canada,Canada cut 50bp to 5.0%,monetary policy,standard,cut,-50.0,CA,basis points,https://data.bis.org/topics/CBPOL
2001-03-01,Morocco,Morocco cut 25bp to 4.75%,monetary policy,standard,cut,-25.0,MA,basis points,https://data.bis.org/topics/CBPOL
2001-03-01,Serbia,Serbia cut 1702bp to 12.43%,monetary policy,major,cut,-1702.0,RS,basis points,https://data.bis.org/topics/CBPOL
2001-03-01,Iceland,Iceland cut 44bp to 10.33%,monetary policy,standard,cut,-43.99999999999995,IS,basis points,https://data.bis.org/topics/CBPOL
2001-03-01,Argentina,Argentina hike 5053bp to 56.16%,monetary policy,major,hike,5052.999999999999,AR,basis points,https://data.bis.org/topics/CBPOL
2001-03-01,Hong Kong SAR,Hong Kong SAR cut 50bp to 6.5%,monetary policy,standard,cut,-50.0,HK,basis points,https://data.bis.org/topics/CBPOL
2001-03-01,Israel,Israel cut 50bp to 7.2%,monetary policy,standard,cut,-50.0,IL,basis points,https://data.bis.org/topics/CBPOL
2001-03-01,Philippines,Philippines cut 100bp to 10.0%,monetary policy,major,cut,-100.0,PH,basis points,https://data.bis.org/topics/CBPOL
2001-03-01,Colombia,Colombia cut 50bp to 11.5%,monetary policy,standard,cut,-50.0,CO,basis points,https://data.bis.org/topics/CBPOL
2001-03-01,Brazil,Brazil hike 50bp to 15.75%,monetary policy,standard,hike,50.0,BR,basis points,https://data.bis.org/topics/CBPOL
2001-03-01,Chile,Chile cut 50bp to 4.0%,monetary policy,standard,cut,-50.0,CL,basis points,https://data.bis.org/topics/CBPOL
2001-03-01,Poland,Poland cut 200bp to 17.0%,monetary policy,major,cut,-200.0,PL,basis points,https://data.bis.org/topics/CBPOL
2001-03-01,Australia,Australia cut 25bp to 5.5%,monetary policy,standard,cut,-25.0,AU,basis points,https://data.bis.org/topics/CBPOL
2001-03-01,United States,United States cut 50bp to 5.0%,monetary policy,standard,cut,-50.0,US,basis points,https://data.bis.org/topics/CBPOL
2001-03-01,Croatia,Croatia hike 459bp to 6.0%,monetary policy,major,hike,459.0,HR,basis points,https://data.bis.org/topics/CBPOL
2001-04-01,Argentina,Argentina cut 4489bp to 11.27%,monetary policy,major,cut,-4489.0,AR,basis points,https://data.bis.org/topics/CBPOL
2001-04-01,New Zealand,New Zealand cut 25bp to 6.0%,monetary policy,standard,cut,-25.0,NZ,basis points,https://data.bis.org/topics/CBPOL
2001-04-01,Philippines,Philippines cut 50bp to 9.5%,monetary policy,standard,cut,-50.0,PH,basis points,https://data.bis.org/topics/CBPOL
2001-04-01,North Macedonia,North Macedonia hike 190bp to 10.0%,monetary policy,major,hike,190.00000000000003,MK,basis points,https://data.bis.org/topics/CBPOL
2001-04-01,Australia,Australia cut 50bp to 5.0%,monetary policy,standard,cut,-50.0,AU,basis points,https://data.bis.org/topics/CBPOL
2001-04-01,Canada,Canada cut 25bp to 4.75%,monetary policy,standard,cut,-25.0,CA,basis points,https://data.bis.org/topics/CBPOL
2001-04-01,United Kingdom,United Kingdom cut 25bp to 5.5%,monetary policy,standard,cut,-25.0,GB,basis points,https://data.bis.org/topics/CBPOL
2001-04-01,Serbia,Serbia hike 44bp to 12.87%,monetary policy,standard,hike,43.99999999999995,RS,basis points,https://data.bis.org/topics/CBPOL
2001-04-01,Hong Kong SAR,Hong Kong SAR cut 50bp to 6.0%,monetary policy,standard,cut,-50.0,HK,basis points,https://data.bis.org/topics/CBPOL
2001-04-01,Chile,Chile cut 25bp to 3.75%,monetary policy,standard,cut,-25.0,CL,basis points,https://data.bis.org/topics/CBPOL
2001-04-01,India,India hike 175bp to 8.75%,monetary policy,major,hike,175.0,IN,basis points,https://data.bis.org/topics/CBPOL
2001-04-01,Brazil,Brazil hike 50bp to 16.25%,monetary policy,standard,hike,50.0,BR,basis points,https://data.bis.org/topics/CBPOL
2001-04-01,Croatia,Croatia cut 266bp to 3.34%,monetary policy,major,cut,-266.0,HR,basis points,https://data.bis.org/topics/CBPOL
2001-04-01,Mexico,Mexico cut 132bp to 15.0%,monetary policy,major,cut,-132.00000000000003,MX,basis points,https://data.bis.org/topics/CBPOL
2001-04-01,United States,United States cut 50bp to 4.5%,monetary policy,standard,cut,-50.0,US,basis points,https://data.bis.org/topics/CBPOL
2001-04-01,Saudi Arabia,Saudi Arabia cut 50bp to 5.0%,monetary policy,standard,cut,-50.0,SA,basis points,https://data.bis.org/topics/CBPOL
2001-05-01,North Macedonia,North Macedonia hike 427bp to 14.27%,monetary policy,major,hike,426.99999999999994,MK,basis points,https://data.bis.org/topics/CBPOL
2001-05-01,Brazil,Brazil hike 50bp to 16.75%,monetary policy,standard,hike,50.0,BR,basis points,https://data.bis.org/topics/CBPOL
2001-05-01,Denmark,Denmark cut 30bp to 5.0%,monetary policy,standard,cut,-29.999999999999982,DK,basis points,https://data.bis.org/topics/CBPOL
2001-05-01,Israel,Israel cut 20bp to 7.0%,monetary policy,minor,cut,-20.000000000000018,IL,basis points,https://data.bis.org/topics/CBPOL
2001-05-01,Serbia,Serbia cut 44bp to 12.43%,monetary policy,standard,cut,-43.99999999999995,RS,basis points,https://data.bis.org/topics/CBPOL
2001-05-01,Saudi Arabia,Saudi Arabia cut 50bp to 4.5%,monetary policy,standard,cut,-50.0,SA,basis points,https://data.bis.org/topics/CBPOL
2001-05-01,United States,United States cut 50bp to 4.0%,monetary policy,standard,cut,-50.0,US,basis points,https://data.bis.org/topics/CBPOL
2001-05-01,Canada,Canada cut 25bp to 4.5%,monetary policy,standard,cut,-25.0,CA,basis points,https://data.bis.org/topics/CBPOL
2001-05-01,United Kingdom,United Kingdom cut 25bp to 5.25%,monetary policy,standard,cut,-25.0,GB,basis points,https://data.bis.org/topics/CBPOL
2001-05-01,Hong Kong SAR,Hong Kong SAR cut 50bp to 5.5%,monetary policy,standard,cut,-50.0,HK,basis points,https://data.bis.org/topics/CBPOL
2001-05-01,Philippines,Philippines cut 50bp to 9.0%,monetary policy,standard,cut,-50.0,PH,basis points,https://data.bis.org/topics/CBPOL
2001-05-01,New Zealand,New Zealand cut 25bp to 5.75%,monetary policy,standard,cut,-25.0,NZ,basis points,https://data.bis.org/topics/CBPOL
2001-05-01,Mexico,Mexico cut 353bp to 11.47%,monetary policy,major,cut,-352.99999999999994,MX,basis points,https://data.bis.org/topics/CBPOL
2001-05-01,Argentina,Argentina cut 521bp to 6.06%,monetary policy,major,cut,-521.0,AR,basis points,https://data.bis.org/topics/CBPOL
2001-05-01,Euro area,Euro area cut 25bp to 4.5%,monetary policy,standard,cut,-25.0,XM,basis points,https://data.bis.org/topics/CBPOL
2001-06-01,Chile,Chile cut 25bp to 3.5%,monetary policy,standard,cut,-25.0,CL,basis points,https://data.bis.org/topics/CBPOL
2001-06-01,North Macedonia,North Macedonia hike 573bp to 20.0%,monetary policy,major,hike,573.0,MK,basis points,https://data.bis.org/topics/CBPOL
2001-06-01,India,India cut 25bp to 8.5%,monetary policy,standard,cut,-25.0,IN,basis points,https://data.bis.org/topics/CBPOL
2001-06-01,South Africa,South Africa cut 100bp to 11.0%,monetary policy,major,cut,-100.0,ZA,basis points,https://data.bis.org/topics/CBPOL
2001-06-01,United States,United States cut 25bp to 3.75%,monetary policy,standard,cut,-25.0,US,basis points,https://data.bis.org/topics/CBPOL
2001-06-01,Argentina,Argentina hike 203bp to 8.09%,monetary policy,major,hike,203.00000000000003,AR,basis points,https://data.bis.org/topics/CBPOL
2001-06-01,Hong Kong SAR,Hong Kong SAR cut 25bp to 5.25%,monetary policy,standard,cut,-25.0,HK,basis points,https://data.bis.org/topics/CBPOL
2001-06-01,Croatia,Croatia cut 72bp to 2.62%,monetary policy,standard,cut,-71.99999999999997,HR,basis points,https://data.bis.org/topics/CBPOL
2001-06-01,Thailand,Thailand hike 100bp to 2.5%,monetary policy,major,hike,100.0,TH,basis points,https://data.bis.org/topics/CBPOL
2001-06-01,Israel,Israel cut 50bp to 6.5%,monetary policy,standard,cut,-50.0,IL,basis points,https://data.bis.org/topics/CBPOL
2001-06-01,Mexico,Mexico cut 122bp to 10.25%,monetary policy,major,cut,-122.00000000000006,MX,basis points,https://data.bis.org/topics/CBPOL
2001-06-01,Serbia,Serbia hike 1330bp to 25.73%,monetary policy,major,hike,1330.0,RS,basis points,https://data.bis.org/topics/CBPOL
2001-06-01,Brazil,Brazil hike 150bp to 18.25%,monetary policy,major,hike,150.0,BR,basis points,https://data.bis.org/topics/CBPOL
2001-06-01,Poland,Poland cut 150bp to 15.5%,monetary policy,major,cut,-150.0,PL,basis points,https://data.bis.org/topics/CBPOL
2001-07-01,Croatia,Croatia cut 62bp to 2.0%,monetary policy,standard,cut,-62.000000000000014,HR,basis points,https://data.bis.org/topics/CBPOL
2001-07-01,Canada,Canada cut 25bp to 4.25%,monetary policy,standard,cut,-25.0,CA,basis points,https://data.bis.org/topics/CBPOL
2001-07-01,Brazil,Brazil hike 75bp to 19.0%,monetary policy,major,hike,75.0,BR,basis points,https://data.bis.org/topics/CBPOL
2001-07-01,Argentina,Argentina hike 1710bp to 25.19%,monetary policy,major,hike,1710.0000000000002,AR,basis points,https://data.bis.org/topics/CBPOL
2001-07-01,Sweden,Sweden hike 25bp to 4.25%,monetary policy,standard,hike,25.0,SE,basis points,https://data.bis.org/topics/CBPOL
2001-07-01,Serbia,Serbia cut 92bp to 24.81%,monetary policy,major,cut,-92.00000000000017,RS,basis points,https://data.bis.org/topics/CBPOL
2001-07-01,Saudi Arabia,Saudi Arabia cut 25bp to 4.25%,monetary policy,standard,cut,-25.0,SA,basis points,https://data.bis.org/topics/CBPOL
2001-07-01,Mexico,Mexico cut 98bp to 9.27%,monetary policy,major,cut,-98.00000000000004,MX,basis points,https://data.bis.org/topics/CBPOL
2001-07-01,Colombia,Colombia cut 50bp to 11.0%,monetary policy,standard,cut,-50.0,CO,basis points,https://data.bis.org/topics/CBPOL
2001-07-01,Denmark,Denmark cut 5bp to 4.95%,monetary policy,minor,cut,-4.999999999999982,DK,basis points,https://data.bis.org/topics/CBPOL
2001-07-01,Hungary,Hungary hike 25bp to 11.25%,monetary policy,standard,hike,25.0,HU,basis points,https://data.bis.org/topics/CBPOL
2001-07-01,Czechia,Czechia hike 25bp to 5.25%,monetary policy,standard,hike,25.0,CZ,basis points,https://data.bis.org/topics/CBPOL
2001-07-01,Israel,Israel cut 20bp to 6.3%,monetary policy,minor,cut,-20.000000000000018,IL,basis points,https://data.bis.org/topics/CBPOL
2001-07-01,Korea,Korea cut 25bp to 4.75%,monetary policy,standard,cut,-25.0,KR,basis points,https://data.bis.org/topics/CBPOL
2001-08-01,Poland,Poland cut 100bp to 14.5%,monetary policy,major,cut,-100.0,PL,basis points,https://data.bis.org/topics/CBPOL
2001-08-01,Mexico,Mexico cut 33bp to 8.94%,monetary policy,standard,cut,-33.00000000000001,MX,basis points,https://data.bis.org/topics/CBPOL
2001-08-01,Denmark,Denmark cut 30bp to 4.65%,monetary policy,standard,cut,-29.999999999999982,DK,basis points,https://data.bis.org/topics/CBPOL
2001-08-01,United Kingdom,United Kingdom cut 25bp to 5.0%,monetary policy,standard,cut,-25.0,GB,basis points,https://data.bis.org/topics/CBPOL
2001-08-01,Saudi Arabia,Saudi Arabia cut 25bp to 4.0%,monetary policy,standard,cut,-25.0,SA,basis points,https://data.bis.org/topics/CBPOL
2001-08-01,Serbia,Serbia cut 426bp to 20.55%,monetary policy,major,cut,-425.9999999999998,RS,basis points,https://data.bis.org/topics/CBPOL
2001-08-01,Hong Kong SAR,Hong Kong SAR cut 25bp to 5.0%,monetary policy,standard,cut,-25.0,HK,basis points,https://data.bis.org/topics/CBPOL
2001-08-01,Euro area,Euro area cut 25bp to 4.25%,monetary policy,standard,cut,-25.0,XM,basis points,https://data.bis.org/topics/CBPOL
2001-08-01,Argentina,Argentina cut 224bp to 22.95%,monetary policy,major,cut,-224.0000000000002,AR,basis points,https://data.bis.org/topics/CBPOL
2001-08-01,Colombia,Colombia cut 100bp to 10.0%,monetary policy,major,cut,-100.0,CO,basis points,https://data.bis.org/topics/CBPOL
2001-08-01,United States,United States cut 25bp to 3.5%,monetary policy,standard,cut,-25.0,US,basis points,https://data.bis.org/topics/CBPOL
2001-08-01,Croatia,Croatia hike 683bp to 8.83%,monetary policy,major,hike,683.0,HR,basis points,https://data.bis.org/topics/CBPOL
2001-08-01,Canada,Canada cut 25bp to 4.0%,monetary policy,standard,cut,-25.0,CA,basis points,https://data.bis.org/topics/CBPOL
2001-08-01,Chile,Chile hike 300bp to 6.5%,monetary policy,major,hike,300.0,CL,basis points,https://data.bis.org/topics/CBPOL
2001-08-01,Korea,Korea cut 25bp to 4.5%,monetary policy,standard,cut,-25.0,KR,basis points,https://data.bis.org/topics/CBPOL
2001-09-01,Argentina,Argentina cut 1787bp to 5.08%,monetary policy,major,cut,-1786.9999999999998,AR,basis points,https://data.bis.org/topics/CBPOL
2001-09-01,Colombia,Colombia cut 50bp to 9.5%,monetary policy,standard,cut,-50.0,CO,basis points,https://data.bis.org/topics/CBPOL
2001-09-01,Mexico,Mexico hike 142bp to 10.36%,monetary policy,major,hike,142.0,MX,basis points,https://data.bis.org/topics/CBPOL
2001-09-01,Croatia,Croatia cut 483bp to 4.0%,monetary policy,major,cut,-483.0,HR,basis points,https://data.bis.org/topics/CBPOL
2001-09-01,Denmark,Denmark cut 50bp to 4.15%,monetary policy,standard,cut,-50.0,DK,basis points,https://data.bis.org/topics/CBPOL
2001-09-01,United Kingdom,United Kingdom cut 25bp to 4.75%,monetary policy,standard,cut,-25.0,GB,basis points,https://data.bis.org/topics/CBPOL
2001-09-01,Canada,Canada cut 50bp to 3.5%,monetary policy,standard,cut,-50.0,CA,basis points,https://data.bis.org/topics/CBPOL
2001-09-01,Hungary,Hungary cut 25bp to 11.0%,monetary policy,standard,cut,-25.0,HU,basis points,https://data.bis.org/topics/CBPOL
2001-09-01,United States,United States cut 50bp to 3.0%,monetary policy,standard,cut,-50.0,US,basis points,https://data.bis.org/topics/CBPOL
2001-09-01,Australia,Australia cut 25bp to 4.75%,monetary policy,standard,cut,-25.0,AU,basis points,https://data.bis.org/topics/CBPOL
2001-09-01,Saudi Arabia,Saudi Arabia cut 50bp to 3.5%,monetary policy,standard,cut,-50.0,SA,basis points,https://data.bis.org/topics/CBPOL
2001-09-01,Sweden,Sweden cut 50bp to 3.75%,monetary policy,standard,cut,-50.0,SE,basis points,https://data.bis.org/topics/CBPOL
2001-09-01,Korea,Korea cut 50bp to 4.0%,monetary policy,standard,cut,-50.0,KR,basis points,https://data.bis.org/topics/CBPOL
2001-09-01,Malaysia,Malaysia cut 50bp to 5.0%,monetary policy,standard,cut,-50.0,MY,basis points,https://data.bis.org/topics/CBPOL
2001-09-01,Serbia,Serbia hike 75bp to 21.3%,monetary policy,major,hike,75.0,RS,basis points,https://data.bis.org/topics/CBPOL
2001-09-01,Euro area,Euro area cut 50bp to 3.75%,monetary policy,standard,cut,-50.0,XM,basis points,https://data.bis.org/topics/CBPOL
2001-09-01,Hong Kong SAR,Hong Kong SAR cut 50bp to 4.5%,monetary policy,standard,cut,-50.0,HK,basis points,https://data.bis.org/topics/CBPOL
2001-09-01,South Africa,South Africa cut 150bp to 9.5%,monetary policy,major,cut,-150.0,ZA,basis points,https://data.bis.org/topics/CBPOL
2001-09-01,New Zealand,New Zealand cut 50bp to 5.25%,monetary policy,standard,cut,-50.0,NZ,basis points,https://data.bis.org/topics/CBPOL
2001-09-01,Switzerland,Switzerland cut 100bp to 2.25%,monetary policy,major,cut,-100.0,CH,basis points,https://data.bis.org/topics/CBPOL
2001-10-01,Argentina,Argentina hike 3796bp to 43.04%,monetary policy,major,hike,3796.0,AR,basis points,https://data.bis.org/topics/CBPOL
2001-10-01,Colombia,Colombia cut 25bp to 9.25%,monetary policy,standard,cut,-25.0,CO,basis points,https://data.bis.org/topics/CBPOL
2001-10-01,Croatia,Croatia hike 33bp to 4.33%,monetary policy,standard,hike,33.00000000000001,HR,basis points,https://data.bis.org/topics/CBPOL
2001-10-01,Mexico,Mexico cut 228bp to 8.08%,monetary policy,major,cut,-227.99999999999994,MX,basis points,https://data.bis.org/topics/CBPOL
2001-10-01,North Macedonia,North Macedonia cut 300bp to 17.0%,monetary policy,major,cut,-300.0,MK,basis points,https://data.bis.org/topics/CBPOL
2001-10-01,Serbia,Serbia cut 487bp to 16.43%,monetary policy,major,cut,-487.0000000000001,RS,basis points,https://data.bis.org/topics/CBPOL
2001-10-01,United Kingdom,United Kingdom cut 25bp to 4.5%,monetary policy,standard,cut,-25.0,GB,basis points,https://data.bis.org/topics/CBPOL
2001-10-01,Hungary,Hungary cut 25bp to 10.75%,monetary policy,standard,cut,-25.0,HU,basis points,https://data.bis.org/topics/CBPOL
2001-10-01,Canada,Canada cut 75bp to 2.75%,monetary policy,major,cut,-75.0,CA,basis points,https://data.bis.org/topics/CBPOL
2001-10-01,Saudi Arabia,Saudi Arabia cut 50bp to 3.0%,monetary policy,standard,cut,-50.0,SA,basis points,https://data.bis.org/topics/CBPOL
2001-10-01,Poland,Poland cut 150bp to 13.0%,monetary policy,major,cut,-150.0,PL,basis points,https://data.bis.org/topics/CBPOL
2001-10-01,Denmark,Denmark cut 5bp to 4.1%,monetary policy,minor,cut,-5.000000000000071,DK,basis points,https://data.bis.org/topics/CBPOL
2001-10-01,Australia,Australia cut 25bp to 4.5%,monetary policy,standard,cut,-25.0,AU,basis points,https://data.bis.org/topics/CBPOL
2001-10-01,Philippines,Philippines cut 25bp to 8.75%,monetary policy,standard,cut,-25.0,PH,basis points,https://data.bis.org/topics/CBPOL
2001-10-01,United States,United States cut 50bp to 2.5%,monetary policy,standard,cut,-50.0,US,basis points,https://data.bis.org/topics/CBPOL
2001-10-01,Hong Kong SAR,Hong Kong SAR cut 50bp to 4.0%,monetary policy,standard,cut,-50.0,HK,basis points,https://data.bis.org/topics/CBPOL
2001-11-01,United Kingdom,United Kingdom cut 50bp to 4.0%,monetary policy,standard,cut,-50.0,GB,basis points,https://data.bis.org/topics/CBPOL
2001-11-01,United States,United States cut 50bp to 2.0%,monetary policy,standard,cut,-50.0,US,basis points,https://data.bis.org/topics/CBPOL
2001-11-01,Argentina,Argentina hike 51400bp to 557.04%,monetary policy,major,hike,51400.0,AR,basis points,https://data.bis.org/topics/CBPOL
2001-11-01,Philippines,Philippines cut 50bp to 8.25%,monetary policy,standard,cut,-50.0,PH,basis points,https://data.bis.org/topics/CBPOL
2001-11-01,Czechia,Czechia cut 50bp to 4.75%,monetary policy,standard,cut,-50.0,CZ,basis points,https://data.bis.org/topics/CBPOL
2001-11-01,Denmark,Denmark cut 50bp to 3.6%,monetary policy,standard,cut,-49.99999999999996,DK,basis points,https://data.bis.org/topics/CBPOL
2001-11-01,Saudi Arabia,Saudi Arabia cut 25bp to 2.75%,monetary policy,standard,cut,-25.0,SA,basis points,https://data.bis.org/topics/CBPOL
2001-11-01,Iceland,Iceland cut 73bp to 9.6%,monetary policy,standard,cut,-73.00000000000004,IS,basis points,https://data.bis.org/topics/CBPOL
2001-11-01,Canada,Canada cut 50bp to 2.25%,monetary policy,standard,cut,-50.0,CA,basis points,https://data.bis.org/topics/CBPOL
2001-11-01,Hungary,Hungary cut 50bp to 10.25%,monetary policy,standard,cut,-50.0,HU,basis points,https://data.bis.org/topics/CBPOL
2001-11-01,North Macedonia,North Macedonia cut 200bp to 15.0%,monetary policy,major,cut,-200.0,MK,basis points,https://data.bis.org/topics/CBPOL
2001-11-01,Mexico,Mexico cut 84bp to 7.24%,monetary policy,major,cut,-83.99999999999999,MX,basis points,https://data.bis.org/topics/CBPOL
2001-11-01,Euro area,Euro area cut 50bp to 3.25%,monetary policy,standard,cut,-50.0,XM,basis points,https://data.bis.org/topics/CBPOL
2001-11-01,Croatia,Croatia cut 87bp to 3.46%,monetary policy,major,cut,-87.00000000000001,HR,basis points,https://data.bis.org/topics/CBPOL
2001-11-01,New Zealand,New Zealand cut 50bp to 4.75%,monetary policy,standard,cut,-50.0,NZ,basis points,https://data.bis.org/topics/CBPOL
2001-11-01,Colombia,Colombia cut 50bp to 8.75%,monetary policy,standard,cut,-50.0,CO,basis points,https://data.bis.org/topics/CBPOL
2001-11-01,Poland,Poland cut 150bp to 11.5%,monetary policy,major,cut,-150.0,PL,basis points,https://data.bis.org/topics/CBPOL
2001-11-01,Hong Kong SAR,Hong Kong SAR cut 50bp to 3.5%,monetary policy,standard,cut,-50.0,HK,basis points,https://data.bis.org/topics/CBPOL
2001-11-01,Morocco,Morocco cut 50bp to 4.25%,monetary policy,standard,cut,-50.0,MA,basis points,https://data.bis.org/topics/CBPOL
2001-11-01,Serbia,Serbia hike 59bp to 17.02%,monetary policy,standard,hike,58.999999999999986,RS,basis points,https://data.bis.org/topics/CBPOL
2001-11-01,Israel,Israel cut 50bp to 5.8%,monetary policy,standard,cut,-50.0,IL,basis points,https://data.bis.org/topics/CBPOL
2001-12-01,Hungary,Hungary cut 50bp to 9.75%,monetary policy,standard,cut,-50.0,HU,basis points,https://data.bis.org/topics/CBPOL
2001-12-01,Colombia,Colombia cut 25bp to 8.5%,monetary policy,standard,cut,-25.0,CO,basis points,https://data.bis.org/topics/CBPOL
2001-12-01,Israel,Israel cut 200bp to 3.8%,monetary policy,major,cut,-200.0,IL,basis points,https://data.bis.org/topics/CBPOL
2001-12-01,Hong Kong SAR,Hong Kong SAR cut 25bp to 3.25%,monetary policy,standard,cut,-25.0,HK,basis points,https://data.bis.org/topics/CBPOL
2001-12-01,Norway,Norway cut 50bp to 6.5%,monetary policy,standard,cut,-50.0,NO,basis points,https://data.bis.org/topics/CBPOL
2001-12-01,United States,United States cut 25bp to 1.75%,monetary policy,standard,cut,-25.0,US,basis points,https://data.bis.org/topics/CBPOL
2001-12-01,Thailand,Thailand cut 25bp to 2.25%,monetary policy,standard,cut,-25.0,TH,basis points,https://data.bis.org/topics/CBPOL
2001-12-01,Serbia,Serbia cut 59bp to 16.43%,monetary policy,standard,cut,-58.999999999999986,RS,basis points,https://data.bis.org/topics/CBPOL
2001-12-01,Croatia,Croatia cut 228bp to 1.18%,monetary policy,major,cut,-228.00000000000003,HR,basis points,https://data.bis.org/topics/CBPOL
2001-12-01,Australia,Australia cut 25bp to 4.25%,monetary policy,standard,cut,-25.0,AU,basis points,https://data.bis.org/topics/CBPOL
2001-12-01,Mexico,Mexico hike 80bp to 8.04%,monetary policy,major,hike,79.99999999999989,MX,basis points,https://data.bis.org/topics/CBPOL
2001-12-01,Switzerland,Switzerland cut 50bp to 1.75%,monetary policy,standard,cut,-50.0,CH,basis points,https://data.bis.org/topics/CBPOL
2001-12-01,Philippines,Philippines cut 50bp to 7.75%,monetary policy,standard,cut,-50.0,PH,basis points,https://data.bis.org/topics/CBPOL
2002-01-01,Argentina,Argentina cut 51523bp to 41.81%,monetary policy,major,cut,-51523.0,AR,basis points,https://data.bis.org/topics/CBPOL
2002-01-01,Czechia,Czechia cut 25bp to 4.5%,monetary policy,standard,cut,-25.0,CZ,basis points,https://data.bis.org/topics/CBPOL
2002-01-01,Thailand,Thailand cut 25bp to 2.0%,monetary policy,standard,cut,-25.0,TH,basis points,https://data.bis.org/topics/CBPOL
2002-01-01,Hungary,Hungary cut 75bp to 9.0%,monetary policy,major,cut,-75.0,HU,basis points,https://data.bis.org/topics/CBPOL
2002-01-01,Croatia,Croatia cut 31bp to 0.87%,monetary policy,standard,cut,-30.999999999999993,HR,basis points,https://data.bis.org/topics/CBPOL
2002-01-01,Chile,Chile cut 50bp to 6.0%,monetary policy,standard,cut,-50.0,CL,basis points,https://data.bis.org/topics/CBPOL
2002-01-01,Poland,Poland cut 150bp to 10.0%,monetary policy,major,cut,-150.0,PL,basis points,https://data.bis.org/topics/CBPOL
2002-01-01,Canada,Canada cut 25bp to 2.0%,monetary policy,standard,cut,-25.0,CA,basis points,https://data.bis.org/topics/CBPOL
2002-01-01,Colombia,Colombia cut 50bp to 8.0%,monetary policy,standard,cut,-50.0,CO,basis points,https://data.bis.org/topics/CBPOL
2002-01-01,Mexico,Mexico hike 4bp to 8.08%,monetary policy,minor,hike,4.000000000000092,MX,basis points,https://data.bis.org/topics/CBPOL
2002-01-01,Philippines,Philippines cut 25bp to 7.5%,monetary policy,standard,cut,-25.0,PH,basis points,https://data.bis.org/topics/CBPOL
2002-01-01,South Africa,South Africa hike 100bp to 10.5%,monetary policy,major,hike,100.0,ZA,basis points,https://data.bis.org/topics/CBPOL
2002-02-01,Philippines,Philippines cut 25bp to 7.25%,monetary policy,standard,cut,-25.0,PH,basis points,https://data.bis.org/topics/CBPOL
2002-02-01,Hungary,Hungary cut 50bp to 8.5%,monetary policy,standard,cut,-50.0,HU,basis points,https://data.bis.org/topics/CBPOL
2002-02-01,North Macedonia,North Macedonia cut 200bp to 13.0%,monetary policy,major,cut,-200.0,MK,basis points,https://data.bis.org/topics/CBPOL
2002-02-01,Serbia,Serbia cut 258bp to 13.85%,monetary policy,major,cut,-258.0,RS,basis points,https://data.bis.org/topics/CBPOL
2002-02-01,Israel,Israel hike 60bp to 4.4%,monetary policy,standard,hike,60.00000000000006,IL,basis points,https://data.bis.org/topics/CBPOL
2002-02-01,Argentina,Argentina cut 1817bp to 23.64%,monetary policy,major,cut,-1817.0000000000002,AR,basis points,https://data.bis.org/topics/CBPOL
2002-02-01,Czechia,Czechia cut 25bp to 4.25%,monetary policy,standard,cut,-25.0,CZ,basis points,https://data.bis.org/topics/CBPOL
2002-02-01,Denmark,Denmark cut 5bp to 3.55%,monetary policy,minor,cut,-5.000000000000027,DK,basis points,https://data.bis.org/topics/CBPOL
2002-02-01,China,China cut 54bp to 5.31%,monetary policy,standard,cut,-54.0,CN,basis points,https://data.bis.org/topics/CBPOL
2002-02-01,Chile,Chile cut 50bp to 5.5%,monetary policy,standard,cut,-50.0,CL,basis points,https://data.bis.org/topics/CBPOL
2002-02-01,Croatia,Croatia hike 183bp to 2.7%,monetary policy,major,hike,183.0,HR,basis points,https://data.bis.org/topics/CBPOL
2002-02-01,Brazil,Brazil cut 25bp to 18.75%,monetary policy,standard,cut,-25.0,BR,basis points,https://data.bis.org/topics/CBPOL
2002-02-01,Mexico,Mexico cut 45bp to 7.63%,monetary policy,standard,cut,-45.000000000000014,MX,basis points,https://data.bis.org/topics/CBPOL
2002-03-01,Serbia,Serbia cut 142bp to 12.43%,monetary policy,major,cut,-142.0,RS,basis points,https://data.bis.org/topics/CBPOL
2002-03-01,Morocco,Morocco cut 50bp to 3.75%,monetary policy,standard,cut,-50.0,MA,basis points,https://data.bis.org/topics/CBPOL
2002-03-01,Croatia,Croatia hike 96bp to 3.66%,monetary policy,major,hike,96.0,HR,basis points,https://data.bis.org/topics/CBPOL
2002-03-01,Sweden,Sweden hike 25bp to 4.0%,monetary policy,standard,hike,25.0,SE,basis points,https://data.bis.org/topics/CBPOL
2002-03-01,New Zealand,New Zealand hike 25bp to 5.0%,monetary policy,standard,hike,25.0,NZ,basis points,https://data.bis.org/topics/CBPOL
2002-03-01,India,India cut 50bp to 8.0%,monetary policy,standard,cut,-50.0,IN,basis points,https://data.bis.org/topics/CBPOL
2002-03-01,Colombia,Colombia cut 75bp to 7.25%,monetary policy,major,cut,-75.0,CO,basis points,https://data.bis.org/topics/CBPOL
2002-03-01,Iceland,Iceland cut 45bp to 9.15%,monetary policy,standard,cut,-44.99999999999993,IS,basis points,https://data.bis.org/topics/CBPOL
2002-03-01,Mexico,Mexico cut 52bp to 7.11%,monetary policy,standard,cut,-51.99999999999996,MX,basis points,https://data.bis.org/topics/CBPOL
2002-03-01,Brazil,Brazil cut 25bp to 18.5%,monetary policy,standard,cut,-25.0,BR,basis points,https://data.bis.org/topics/CBPOL
2002-03-01,Chile,Chile cut 75bp to 4.75%,monetary policy,major,cut,-75.0,CL,basis points,https://data.bis.org/topics/CBPOL
2002-03-01,Saudi Arabia,Saudi Arabia cut 25bp to 2.5%,monetary policy,standard,cut,-25.0,SA,basis points,https://data.bis.org/topics/CBPOL
2002-03-01,South Africa,South Africa hike 100bp to 11.5%,monetary policy,major,hike,100.0,ZA,basis points,https://data.bis.org/topics/CBPOL
2002-03-01,Philippines,Philippines cut 25bp to 7.0%,monetary policy,standard,cut,-25.0,PH,basis points,https://data.bis.org/topics/CBPOL
2002-03-01,Argentina,Argentina hike 5882bp to 82.46%,monetary policy,major,hike,5881.999999999999,AR,basis points,https://data.bis.org/topics/CBPOL
2002-03-01,Türkiye,Türkiye cut 300bp to 54.0%,monetary policy,major,cut,-300.0,TR,basis points,https://data.bis.org/topics/CBPOL
2002-04-01,Canada,Canada hike 25bp to 2.25%,monetary policy,standard,hike,25.0,CA,basis points,https://data.bis.org/topics/CBPOL
2002-04-01,Poland,Poland cut 50bp to 9.5%,monetary policy,standard,cut,-50.0,PL,basis points,https://data.bis.org/topics/CBPOL
2002-04-01,Argentina,Argentina hike 1914bp to 101.6%,monetary policy,major,hike,1914.0,AR,basis points,https://data.bis.org/topics/CBPOL
2002-04-01,Croatia,Croatia cut 275bp to 0.91%,monetary policy,major,cut,-275.0,HR,basis points,https://data.bis.org/topics/CBPOL
2002-04-01,New Zealand,New Zealand hike 25bp to 5.25%,monetary policy,standard,hike,25.0,NZ,basis points,https://data.bis.org/topics/CBPOL
2002-04-01,Serbia,Serbia cut 143bp to 11.0%,monetary policy,major,cut,-142.99999999999997,RS,basis points,https://data.bis.org/topics/CBPOL
2002-04-01,Russia,Russia cut 200bp to 23.0%,monetary policy,major,cut,-200.0,RU,basis points,https://data.bis.org/topics/CBPOL
2002-04-01,Mexico,Mexico cut 164bp to 5.47%,monetary policy,major,cut,-164.00000000000006,MX,basis points,https://data.bis.org/topics/CBPOL
2002-04-01,Türkiye,Türkiye cut 600bp to 48.0%,monetary policy,major,cut,-600.0,TR,basis points,https://data.bis.org/topics/CBPOL
2002-04-01,Czechia,Czechia cut 50bp to 3.75%,monetary policy,standard,cut,-50.0,CZ,basis points,https://data.bis.org/topics/CBPOL
2002-04-01,Israel,Israel hike 20bp to 4.6%,monetary policy,minor,hike,19.99999999999993,IL,basis points,https://data.bis.org/topics/CBPOL
2002-04-01,Iceland,Iceland cut 27bp to 8.88%,monetary policy,standard,cut,-26.999999999999957,IS,basis points,https://data.bis.org/topics/CBPOL
2002-04-01,Colombia,Colombia cut 100bp to 6.25%,monetary policy,major,cut,-100.0,CO,basis points,https://data.bis.org/topics/CBPOL
2002-05-01,Australia,Australia hike 25bp to 4.5%,monetary policy,standard,hike,25.0,AU,basis points,https://data.bis.org/topics/CBPOL
2002-05-01,Argentina,Argentina cut 5473bp to 46.87%,monetary policy,major,cut,-5473.0,AR,basis points,https://data.bis.org/topics/CBPOL
2002-05-01,New Zealand,New Zealand hike 25bp to 5.5%,monetary policy,standard,hike,25.0,NZ,basis points,https://data.bis.org/topics/CBPOL
2002-05-01,Chile,Chile cut 75bp to 4.0%,monetary policy,major,cut,-75.0,CL,basis points,https://data.bis.org/topics/CBPOL
2002-05-01,Iceland,Iceland cut 46bp to 8.42%,monetary policy,standard,cut,-46.000000000000085,IS,basis points,https://data.bis.org/topics/CBPOL
2002-05-01,Colombia,Colombia cut 50bp to 5.75%,monetary policy,standard,cut,-50.0,CO,basis points,https://data.bis.org/topics/CBPOL
2002-05-01,Sweden,Sweden hike 25bp to 4.25%,monetary policy,standard,hike,25.0,SE,basis points,https://data.bis.org/topics/CBPOL
2002-05-01,Israel,Israel hike 100bp to 5.6%,monetary policy,major,hike,100.0,IL,basis points,https://data.bis.org/topics/CBPOL
2002-05-01,Hungary,Hungary hike 50bp to 9.0%,monetary policy,standard,hike,50.0,HU,basis points,https://data.bis.org/topics/CBPOL
2002-05-01,Croatia,Croatia hike 109bp to 2.0%,monetary policy,major,hike,108.99999999999999,HR,basis points,https://data.bis.org/topics/CBPOL
2002-05-01,Korea,Korea hike 25bp to 4.25%,monetary policy,standard,hike,25.0,KR,basis points,https://data.bis.org/topics/CBPOL
2002-05-01,Switzerland,Switzerland cut 50bp to 1.25%,monetary policy,standard,cut,-50.0,CH,basis points,https://data.bis.org/topics/CBPOL
2002-05-01,Poland,Poland cut 50bp to 9.0%,monetary policy,standard,cut,-50.0,PL,basis points,https://data.bis.org/topics/CBPOL
2002-05-01,Mexico,Mexico hike 186bp to 7.33%,monetary policy,major,hike,186.00000000000003,MX,basis points,https://data.bis.org/topics/CBPOL
2002-06-01,Argentina,Argentina cut 504bp to 41.83%,monetary policy,major,cut,-503.9999999999999,AR,basis points,https://data.bis.org/topics/CBPOL
2002-06-01,South Africa,South Africa hike 100bp to 12.5%,monetary policy,major,hike,100.0,ZA,basis points,https://data.bis.org/topics/CBPOL
2002-06-01,Mexico,Mexico hike 80bp to 8.13%,monetary policy,major,hike,80.00000000000007,MX,basis points,https://data.bis.org/topics/CBPOL
2002-06-01,Colombia,Colombia cut 50bp to 5.25%,monetary policy,standard,cut,-50.0,CO,basis points,https://data.bis.org/topics/CBPOL
2002-06-01,Australia,Australia hike 25bp to 4.75%,monetary policy,standard,hike,25.0,AU,basis points,https://data.bis.org/topics/CBPOL
2002-06-01,Iceland,Iceland cut 27bp to 8.15%,monetary policy,standard,cut,-26.999999999999957,IS,basis points,https://data.bis.org/topics/CBPOL
2002-06-01,Israel,Israel hike 350bp to 9.1%,monetary policy,major,hike,350.0,IL,basis points,https://data.bis.org/topics/CBPOL
2002-06-01,Poland,Poland cut 50bp to 8.5%,monetary policy,standard,cut,-50.0,PL,basis points,https://data.bis.org/topics/CBPOL
2002-06-01,Croatia,Croatia cut 100bp to 1.0%,monetary policy,major,cut,-100.0,HR,basis points,https://data.bis.org/topics/CBPOL
2002-06-01,Serbia,Serbia cut 150bp to 9.5%,monetary policy,major,cut,-150.0,RS,basis points,https://data.bis.org/topics/CBPOL
2002-06-01,Canada,Canada hike 25bp to 2.5%,monetary policy,standard,hike,25.0,CA,basis points,https://data.bis.org/topics/CBPOL
2002-07-01,Mexico,Mexico cut 276bp to 5.37%,monetary policy,major,cut,-276.00000000000006,MX,basis points,https://data.bis.org/topics/CBPOL
2002-07-01,Chile,Chile cut 75bp to 3.25%,monetary policy,major,cut,-75.0,CL,basis points,https://data.bis.org/topics/CBPOL
2002-07-01,New Zealand,New Zealand hike 25bp to 5.75%,monetary policy,standard,hike,25.0,NZ,basis points,https://data.bis.org/topics/CBPOL
2002-07-01,Canada,Canada hike 25bp to 2.75%,monetary policy,standard,hike,25.0,CA,basis points,https://data.bis.org/topics/CBPOL
2002-07-01,Czechia,Czechia cut 75bp to 3.0%,monetary policy,major,cut,-75.0,CZ,basis points,https://data.bis.org/topics/CBPOL
2002-07-01,Hungary,Hungary hike 50bp to 9.5%,monetary policy,standard,hike,50.0,HU,basis points,https://data.bis.org/topics/CBPOL
2002-07-01,Croatia,Croatia cut 14bp to 0.86%,monetary policy,minor,cut,-14.000000000000002,HR,basis points,https://data.bis.org/topics/CBPOL
2002-07-01,North Macedonia,North Macedonia cut 180bp to 11.2%,monetary policy,major,cut,-180.00000000000006,MK,basis points,https://data.bis.org/topics/CBPOL
2002-07-01,Switzerland,Switzerland cut 50bp to 0.75%,monetary policy,standard,cut,-50.0,CH,basis points,https://data.bis.org/topics/CBPOL
2002-07-01,Norway,Norway hike 50bp to 7.0%,monetary policy,standard,hike,50.0,NO,basis points,https://data.bis.org/topics/CBPOL
2002-07-01,Brazil,Brazil cut 50bp to 18.0%,monetary policy,standard,cut,-50.0,BR,basis points,https://data.bis.org/topics/CBPOL
2002-07-01,Argentina,Argentina hike 3425bp to 76.08%,monetary policy,major,hike,3425.0,AR,basis points,https://data.bis.org/topics/CBPOL
2002-08-01,Argentina,Argentina cut 3812bp to 37.96%,monetary policy,major,cut,-3811.9999999999995,AR,basis points,https://data.bis.org/topics/CBPOL
2002-08-01,Poland,Poland cut 50bp to 8.0%,monetary policy,standard,cut,-50.0,PL,basis points,https://data.bis.org/topics/CBPOL
2002-08-01,Türkiye,Türkiye cut 200bp to 46.0%,monetary policy,major,cut,-200.0,TR,basis points,https://data.bis.org/topics/CBPOL
2002-08-01,Iceland,Iceland cut 84bp to 7.31%,monetary policy,major,cut,-84.00000000000007,IS,basis points,https://data.bis.org/topics/CBPOL
2002-08-01,Russia,Russia cut 200bp to 21.0%,monetary policy,major,cut,-200.0,RU,basis points,https://data.bis.org/topics/CBPOL
2002-08-01,Croatia,Croatia cut 33bp to 0.53%,monetary policy,standard,cut,-32.99999999999999,HR,basis points,https://data.bis.org/topics/CBPOL
2002-08-01,Chile,Chile cut 25bp to 3.0%,monetary policy,standard,cut,-25.0,CL,basis points,https://data.bis.org/topics/CBPOL
2002-08-01,North Macedonia,North Macedonia cut 169bp to 9.51%,monetary policy,major,cut,-168.99999999999994,MK,basis points,https://data.bis.org/topics/CBPOL
2002-08-01,Denmark,Denmark cut 10bp to 3.45%,monetary policy,minor,cut,-9.999999999999964,DK,basis points,https://data.bis.org/topics/CBPOL
2002-08-01,Mexico,Mexico hike 127bp to 6.64%,monetary policy,major,hike,126.99999999999996,MX,basis points,https://data.bis.org/topics/CBPOL
2002-09-01,Poland,Poland cut 50bp to 7.5%,monetary policy,standard,cut,-50.0,PL,basis points,https://data.bis.org/topics/CBPOL
2002-09-01,Croatia,Croatia hike 71bp to 1.24%,monetary policy,standard,hike,71.0,HR,basis points,https://data.bis.org/topics/CBPOL
2002-09-01,South Africa,South Africa hike 100bp to 13.5%,monetary policy,major,hike,100.0,ZA,basis points,https://data.bis.org/topics/CBPOL
2002-09-01,Argentina,Argentina cut 1445bp to 23.51%,monetary policy,major,cut,-1445.0,AR,basis points,https://data.bis.org/topics/CBPOL
2002-09-01,Iceland,Iceland cut 46bp to 6.85%,monetary policy,standard,cut,-46.0,IS,basis points,https://data.bis.org/topics/CBPOL
2002-09-01,North Macedonia,North Macedonia hike 68bp to 10.19%,monetary policy,standard,hike,67.99999999999997,MK,basis points,https://data.bis.org/topics/CBPOL
2002-09-01,Mexico,Mexico hike 141bp to 8.05%,monetary policy,major,hike,141.0000000000001,MX,basis points,https://data.bis.org/topics/CBPOL
2002-10-01,Iceland,Iceland cut 28bp to 6.57%,monetary policy,standard,cut,-27.999999999999936,IS,basis points,https://data.bis.org/topics/CBPOL
2002-10-01,Croatia,Croatia cut 33bp to 0.91%,monetary policy,standard,cut,-32.99999999999999,HR,basis points,https://data.bis.org/topics/CBPOL
2002-10-01,Mexico,Mexico cut 33bp to 7.72%,monetary policy,standard,cut,-33.0000000000001,MX,basis points,https://data.bis.org/topics/CBPOL
2002-10-01,Poland,Poland cut 50bp to 7.0%,monetary policy,standard,cut,-50.0,PL,basis points,https://data.bis.org/topics/CBPOL
2002-10-01,Argentina,Argentina cut 1446bp to 9.05%,monetary policy,major,cut,-1446.0,AR,basis points,https://data.bis.org/topics/CBPOL
2002-10-01,North Macedonia,North Macedonia hike 182bp to 12.01%,monetary policy,major,hike,182.00000000000003,MK,basis points,https://data.bis.org/topics/CBPOL
2002-10-01,Brazil,Brazil hike 300bp to 21.0%,monetary policy,major,hike,300.0,BR,basis points,https://data.bis.org/topics/CBPOL
2002-11-01,Thailand,Thailand cut 25bp to 1.75%,monetary policy,standard,cut,-25.0,TH,basis points,https://data.bis.org/topics/CBPOL
2002-11-01,Poland,Poland cut 25bp to 6.75%,monetary policy,standard,cut,-25.0,PL,basis points,https://data.bis.org/topics/CBPOL
2002-11-01,North Macedonia,North Macedonia hike 200bp to 14.01%,monetary policy,major,hike,200.0,MK,basis points,https://data.bis.org/topics/CBPOL
2002-11-01,Brazil,Brazil hike 100bp to 22.0%,monetary policy,major,hike,100.0,BR,basis points,https://data.bis.org/topics/CBPOL
2002-11-01,Hungary,Hungary cut 50bp to 9.0%,monetary policy,standard,cut,-50.0,HU,basis points,https://data.bis.org/topics/CBPOL
2002-11-01,Hong Kong SAR,Hong Kong SAR cut 50bp to 2.75%,monetary policy,standard,cut,-50.0,HK,basis points,https://data.bis.org/topics/CBPOL
2002-11-01,United States,United States cut 50bp to 1.25%,monetary policy,standard,cut,-50.0,US,basis points,https://data.bis.org/topics/CBPOL
2002-11-01,Türkiye,Türkiye cut 200bp to 44.0%,monetary policy,major,cut,-200.0,TR,basis points,https://data.bis.org/topics/CBPOL
2002-11-01,Czechia,Czechia cut 25bp to 2.75%,monetary policy,standard,cut,-25.0,CZ,basis points,https://data.bis.org/topics/CBPOL
2002-11-01,Saudi Arabia,Saudi Arabia cut 50bp to 2.0%,monetary policy,standard,cut,-50.0,SA,basis points,https://data.bis.org/topics/CBPOL
2002-11-01,Croatia,Croatia cut 67bp to 0.24%,monetary policy,standard,cut,-67.0,HR,basis points,https://data.bis.org/topics/CBPOL
2002-11-01,India,India cut 50bp to 7.5%,monetary policy,standard,cut,-50.0,IN,basis points,https://data.bis.org/topics/CBPOL
2002-11-01,Mexico,Mexico cut 72bp to 7.0%,monetary policy,standard,cut,-71.99999999999997,MX,basis points,https://data.bis.org/topics/CBPOL
2002-11-01,Sweden,Sweden cut 25bp to 4.0%,monetary policy,standard,cut,-25.0,SE,basis points,https://data.bis.org/topics/CBPOL
2002-11-01,Argentina,Argentina cut 287bp to 6.18%,monetary policy,major,cut,-287.0000000000001,AR,basis points,https://data.bis.org/topics/CBPOL
2002-11-01,Kuwait,Kuwait cut 50bp to 3.25%,monetary policy,standard,cut,-50.0,KW,basis points,https://data.bis.org/topics/CBPOL
2002-11-01,Iceland,Iceland cut 47bp to 6.1%,monetary policy,standard,cut,-47.000000000000064,IS,basis points,https://data.bis.org/topics/CBPOL
2002-12-01,Mexico,Mexico hike 125bp to 8.25%,monetary policy,major,hike,125.0,MX,basis points,https://data.bis.org/topics/CBPOL
2002-12-01,Morocco,Morocco cut 50bp to 3.25%,monetary policy,standard,cut,-50.0,MA,basis points,https://data.bis.org/topics/CBPOL
2002-12-01,Norway,Norway cut 50bp to 6.5%,monetary policy,standard,cut,-50.0,NO,basis points,https://data.bis.org/topics/CBPOL
2002-12-01,Argentina,Argentina hike 45bp to 6.63%,monetary policy,standard,hike,45.000000000000014,AR,basis points,https://data.bis.org/topics/CBPOL
2002-12-01,Iceland,Iceland cut 47bp to 5.63%,monetary policy,standard,cut,-46.99999999999997,IS,basis points,https://data.bis.org/topics/CBPOL
2002-12-01,North Macedonia,North Macedonia hike 121bp to 15.22%,monetary policy,major,hike,121.00000000000009,MK,basis points,https://data.bis.org/topics/CBPOL
2002-12-01,Euro area,Euro area cut 50bp to 2.75%,monetary policy,standard,cut,-50.0,XM,basis points,https://data.bis.org/topics/CBPOL
2002-12-01,Israel,Israel cut 20bp to 8.9%,monetary policy,minor,cut,-19.99999999999993,IL,basis points,https://data.bis.org/topics/CBPOL
2002-12-01,Denmark,Denmark cut 50bp to 2.95%,monetary policy,standard,cut,-50.0,DK,basis points,https://data.bis.org/topics/CBPOL
2002-12-01,Hungary,Hungary cut 50bp to 8.5%,monetary policy,standard,cut,-50.0,HU,basis points,https://data.bis.org/topics/CBPOL
2002-12-01,Sweden,Sweden cut 25bp to 3.75%,monetary policy,standard,cut,-25.0,SE,basis points,https://data.bis.org/topics/CBPOL
2002-12-01,Croatia,Croatia hike 31bp to 0.55%,monetary policy,standard,hike,31.000000000000007,HR,basis points,https://data.bis.org/topics/CBPOL
2002-12-01,Brazil,Brazil hike 300bp to 25.0%,monetary policy,major,hike,300.0,BR,basis points,https://data.bis.org/topics/CBPOL
2003-01-01,Argentina,Argentina cut 134bp to 5.29%,monetary policy,major,cut,-134.0,AR,basis points,https://data.bis.org/topics/CBPOL
2003-01-01,Poland,Poland cut 25bp to 6.5%,monetary policy,standard,cut,-25.0,PL,basis points,https://data.bis.org/topics/CBPOL
2003-01-01,Serbia,Serbia cut 50bp to 9.0%,monetary policy,standard,cut,-50.0,RS,basis points,https://data.bis.org/topics/CBPOL
2003-01-01,Mexico,Mexico hike 76bp to 9.01%,monetary policy,major,hike,75.99999999999997,MX,basis points,https://data.bis.org/topics/CBPOL
2003-01-01,Croatia,Croatia hike 44bp to 0.99%,monetary policy,standard,hike,43.99999999999999,HR,basis points,https://data.bis.org/topics/CBPOL
2003-01-01,Chile,Chile cut 25bp to 2.75%,monetary policy,standard,cut,-25.0,CL,basis points,https://data.bis.org/topics/CBPOL
2003-01-01,Czechia,Czechia cut 25bp to 2.5%,monetary policy,standard,cut,-25.0,CZ,basis points,https://data.bis.org/topics/CBPOL
2003-01-01,Norway,Norway cut 50bp to 6.0%,monetary policy,standard,cut,-50.0,NO,basis points,https://data.bis.org/topics/CBPOL
2003-01-01,North Macedonia,North Macedonia cut 17bp to 15.05%,monetary policy,minor,cut,-16.999999999999993,MK,basis points,https://data.bis.org/topics/CBPOL
2003-01-01,Hungary,Hungary cut 200bp to 6.5%,monetary policy,major,cut,-200.0,HU,basis points,https://data.bis.org/topics/CBPOL
2003-01-01,Brazil,Brazil hike 50bp to 25.5%,monetary policy,standard,hike,50.0,BR,basis points,https://data.bis.org/topics/CBPOL
2003-01-01,Colombia,Colombia hike 100bp to 6.25%,monetary policy,major,hike,100.0,CO,basis points,https://data.bis.org/topics/CBPOL
2003-02-01,Iceland,Iceland cut 47bp to 5.16%,monetary policy,standard,cut,-46.99999999999997,IS,basis points,https://data.bis.org/topics/CBPOL
2003-02-01,Poland,Poland cut 25bp to 6.25%,monetary policy,standard,cut,-25.0,PL,basis points,https://data.bis.org/topics/CBPOL
2003-02-01,Romania,Romania cut 75bp to 19.0%,monetary policy,major,cut,-75.0,RO,basis points,https://data.bis.org/topics/CBPOL
2003-02-01,Brazil,Brazil hike 100bp to 26.5%,monetary policy,major,hike,100.0,BR,basis points,https://data.bis.org/topics/CBPOL
2003-02-01,United Kingdom,United Kingdom cut 25bp to 3.75%,monetary policy,standard,cut,-25.0,GB,basis points,https://data.bis.org/topics/CBPOL
2003-02-01,Croatia,Croatia hike 52bp to 1.51%,monetary policy,standard,hike,52.0,HR,basis points,https://data.bis.org/topics/CBPOL
2003-02-01,Russia,Russia cut 300bp to 18.0%,monetary policy,major,cut,-300.0,RU,basis points,https://data.bis.org/topics/CBPOL
2003-02-01,North Macedonia,North Macedonia cut 363bp to 11.42%,monetary policy,major,cut,-363.00000000000006,MK,basis points,https://data.bis.org/topics/CBPOL
2003-02-01,Mexico,Mexico hike 26bp to 9.27%,monetary policy,standard,hike,25.99999999999998,MX,basis points,https://data.bis.org/topics/CBPOL
2003-02-01,Argentina,Argentina hike 303bp to 8.32%,monetary policy,major,hike,303.0,AR,basis points,https://data.bis.org/topics/CBPOL
2003-03-01,Mexico,Mexico cut 35bp to 8.92%,monetary policy,standard,cut,-34.999999999999964,MX,basis points,https://data.bis.org/topics/CBPOL
2003-03-01,Switzerland,Switzerland cut 38bp to 0.38%,monetary policy,standard,cut,-37.5,CH,basis points,https://data.bis.org/topics/CBPOL
2003-03-01,Euro area,Euro area cut 25bp to 2.5%,monetary policy,standard,cut,-25.0,XM,basis points,https://data.bis.org/topics/CBPOL
2003-03-01,Israel,Israel cut 20bp to 8.7%,monetary policy,minor,cut,-20.000000000000107,IL,basis points,https://data.bis.org/topics/CBPOL
2003-03-01,India,India cut 50bp to 7.0%,monetary policy,standard,cut,-50.0,IN,basis points,https://data.bis.org/topics/CBPOL
2003-03-01,Norway,Norway cut 50bp to 5.5%,monetary policy,standard,cut,-50.0,NO,basis points,https://data.bis.org/topics/CBPOL
2003-03-01,Romania,Romania cut 50bp to 18.5%,monetary policy,standard,cut,-50.0,RO,basis points,https://data.bis.org/topics/CBPOL
2003-03-01,North Macedonia,North Macedonia cut 349bp to 7.93%,monetary policy,major,cut,-349.0,MK,basis points,https://data.bis.org/topics/CBPOL
2003-03-01,Argentina,Argentina cut 169bp to 6.63%,monetary policy,major,cut,-169.00000000000003,AR,basis points,https://data.bis.org/topics/CBPOL
2003-03-01,Canada,Canada hike 25bp to 3.0%,monetary policy,standard,hike,25.0,CA,basis points,https://data.bis.org/topics/CBPOL
2003-03-01,Croatia,Croatia hike 47bp to 1.98%,monetary policy,standard,hike,47.0,HR,basis points,https://data.bis.org/topics/CBPOL
2003-03-01,Poland,Poland cut 25bp to 6.0%,monetary policy,standard,cut,-25.0,PL,basis points,https://data.bis.org/topics/CBPOL
2003-03-01,Sweden,Sweden cut 25bp to 3.5%,monetary policy,standard,cut,-25.0,SE,basis points,https://data.bis.org/topics/CBPOL
2003-03-01,Denmark,Denmark cut 25bp to 2.7%,monetary policy,standard,cut,-25.0,DK,basis points,https://data.bis.org/topics/CBPOL
2003-04-01,Türkiye,Türkiye cut 300bp to 41.0%,monetary policy,major,cut,-300.0,TR,basis points,https://data.bis.org/topics/CBPOL
2003-04-01,Croatia,Croatia cut 65bp to 1.33%,monetary policy,standard,cut,-64.99999999999999,HR,basis points,https://data.bis.org/topics/CBPOL
2003-04-01,Canada,Canada hike 25bp to 3.25%,monetary policy,standard,hike,25.0,CA,basis points,https://data.bis.org/topics/CBPOL
2003-04-01,Mexico,Mexico cut 307bp to 5.85%,monetary policy,major,cut,-307.0,MX,basis points,https://data.bis.org/topics/CBPOL
2003-04-01,North Macedonia,North Macedonia cut 93bp to 7.0%,monetary policy,major,cut,-92.99999999999997,MK,basis points,https://data.bis.org/topics/CBPOL
2003-04-01,Poland,Poland cut 25bp to 5.75%,monetary policy,standard,cut,-25.0,PL,basis points,https://data.bis.org/topics/CBPOL
2003-04-01,Argentina,Argentina cut 136bp to 5.27%,monetary policy,major,cut,-136.00000000000003,AR,basis points,https://data.bis.org/topics/CBPOL
2003-04-01,Colombia,Colombia hike 100bp to 7.25%,monetary policy,major,hike,100.0,CO,basis points,https://data.bis.org/topics/CBPOL
2003-04-01,New Zealand,New Zealand cut 25bp to 5.5%,monetary policy,standard,cut,-25.0,NZ,basis points,https://data.bis.org/topics/CBPOL
2003-05-01,Denmark,Denmark cut 5bp to 2.65%,monetary policy,minor,cut,-5.000000000000027,DK,basis points,https://data.bis.org/topics/CBPOL
2003-05-01,Croatia,Croatia cut 48bp to 0.85%,monetary policy,standard,cut,-48.00000000000001,HR,basis points,https://data.bis.org/topics/CBPOL
2003-05-01,Malaysia,Malaysia cut 50bp to 4.5%,monetary policy,standard,cut,-50.0,MY,basis points,https://data.bis.org/topics/CBPOL
2003-05-01,Korea,Korea cut 25bp to 4.0%,monetary policy,standard,cut,-25.0,KR,basis points,https://data.bis.org/topics/CBPOL
2003-05-01,Poland,Poland cut 25bp to 5.5%,monetary policy,standard,cut,-25.0,PL,basis points,https://data.bis.org/topics/CBPOL
2003-05-01,Israel,Israel cut 70bp to 8.0%,monetary policy,standard,cut,-69.99999999999993,IL,basis points,https://data.bis.org/topics/CBPOL
2003-05-01,Norway,Norway cut 50bp to 5.0%,monetary policy,standard,cut,-50.0,NO,basis points,https://data.bis.org/topics/CBPOL
2003-05-01,Argentina,Argentina cut 171bp to 3.56%,monetary policy,major,cut,-170.99999999999994,AR,basis points,https://data.bis.org/topics/CBPOL
2003-05-01,Romania,Romania cut 25bp to 18.25%,monetary policy,standard,cut,-25.0,RO,basis points,https://data.bis.org/topics/CBPOL
2003-05-01,Mexico,Mexico cut 106bp to 4.79%,monetary policy,major,cut,-105.99999999999996,MX,basis points,https://data.bis.org/topics/CBPOL
2003-06-01,Euro area,Euro area cut 50bp to 2.0%,monetary policy,standard,cut,-50.0,XM,basis points,https://data.bis.org/topics/CBPOL
2003-06-01,Hungary,Hungary hike 300bp to 9.5%,monetary policy,major,hike,300.0,HU,basis points,https://data.bis.org/topics/CBPOL
2003-06-01,Argentina,Argentina cut 43bp to 3.13%,monetary policy,standard,cut,-43.000000000000014,AR,basis points,https://data.bis.org/topics/CBPOL
2003-06-01,Türkiye,Türkiye cut 300bp to 38.0%,monetary policy,major,cut,-300.0,TR,basis points,https://data.bis.org/topics/CBPOL
2003-06-01,Denmark,Denmark cut 50bp to 2.15%,monetary policy,standard,cut,-50.0,DK,basis points,https://data.bis.org/topics/CBPOL
2003-06-01,Mexico,Mexico cut 43bp to 4.36%,monetary policy,standard,cut,-42.99999999999997,MX,basis points,https://data.bis.org/topics/CBPOL
2003-06-01,Brazil,Brazil cut 50bp to 26.0%,monetary policy,standard,cut,-50.0,BR,basis points,https://data.bis.org/topics/CBPOL
2003-06-01,Russia,Russia cut 200bp to 16.0%,monetary policy,major,cut,-200.0,RU,basis points,https://data.bis.org/topics/CBPOL
2003-06-01,South Africa,South Africa cut 150bp to 12.0%,monetary policy,major,cut,-150.0,ZA,basis points,https://data.bis.org/topics/CBPOL
2003-06-01,Norway,Norway cut 100bp to 4.0%,monetary policy,major,cut,-100.0,NO,basis points,https://data.bis.org/topics/CBPOL
2003-06-01,Sweden,Sweden cut 50bp to 3.0%,monetary policy,standard,cut,-50.0,SE,basis points,https://data.bis.org/topics/CBPOL
2003-06-01,Croatia,Croatia hike 187bp to 2.72%,monetary policy,major,hike,187.0,HR,basis points,https://data.bis.org/topics/CBPOL
2003-06-01,Saudi Arabia,Saudi Arabia cut 25bp to 1.75%,monetary policy,standard,cut,-25.0,SA,basis points,https://data.bis.org/topics/CBPOL
2003-06-01,Poland,Poland cut 25bp to 5.25%,monetary policy,standard,cut,-25.0,PL,basis points,https://data.bis.org/topics/CBPOL
2003-06-01,Hong Kong SAR,Hong Kong SAR cut 25bp to 2.5%,monetary policy,standard,cut,-25.0,HK,basis points,https://data.bis.org/topics/CBPOL
2003-06-01,Israel,Israel cut 50bp to 7.5%,monetary policy,standard,cut,-50.0,IL,basis points,https://data.bis.org/topics/CBPOL
2003-06-01,New Zealand,New Zealand cut 25bp to 5.25%,monetary policy,standard,cut,-25.0,NZ,basis points,https://data.bis.org/topics/CBPOL
2003-06-01,Thailand,Thailand cut 50bp to 1.25%,monetary policy,standard,cut,-50.0,TH,basis points,https://data.bis.org/topics/CBPOL
2003-06-01,United States,United States cut 25bp to 1.0%,monetary policy,standard,cut,-25.0,US,basis points,https://data.bis.org/topics/CBPOL
2003-06-01,Czechia,Czechia cut 25bp to 2.25%,monetary policy,standard,cut,-25.0,CZ,basis points,https://data.bis.org/topics/CBPOL
2003-07-01,Croatia,Croatia cut 105bp to 1.67%,monetary policy,major,cut,-105.00000000000003,HR,basis points,https://data.bis.org/topics/CBPOL
2003-07-01,Korea,Korea cut 25bp to 3.75%,monetary policy,standard,cut,-25.0,KR,basis points,https://data.bis.org/topics/CBPOL
2003-07-01,Philippines,Philippines cut 25bp to 6.75%,monetary policy,standard,cut,-25.0,PH,basis points,https://data.bis.org/topics/CBPOL
2003-07-01,Sweden,Sweden cut 25bp to 2.75%,monetary policy,standard,cut,-25.0,SE,basis points,https://data.bis.org/topics/CBPOL
2003-07-01,Brazil,Brazil cut 150bp to 24.5%,monetary policy,major,cut,-150.0,BR,basis points,https://data.bis.org/topics/CBPOL
2003-07-01,United Kingdom,United Kingdom cut 25bp to 3.5%,monetary policy,standard,cut,-25.0,GB,basis points,https://data.bis.org/topics/CBPOL
2003-07-01,Mexico,Mexico cut 29bp to 4.07%,monetary policy,standard,cut,-29.000000000000004,MX,basis points,https://data.bis.org/topics/CBPOL
2003-07-01,Israel,Israel cut 50bp to 7.0%,monetary policy,standard,cut,-50.0,IL,basis points,https://data.bis.org/topics/CBPOL
2003-07-01,New Zealand,New Zealand cut 25bp to 5.0%,monetary policy,standard,cut,-25.0,NZ,basis points,https://data.bis.org/topics/CBPOL
2003-07-01,Canada,Canada cut 25bp to 3.0%,monetary policy,standard,cut,-25.0,CA,basis points,https://data.bis.org/topics/CBPOL
2003-07-01,Türkiye,Türkiye cut 300bp to 35.0%,monetary policy,major,cut,-300.0,TR,basis points,https://data.bis.org/topics/CBPOL
2003-07-01,Argentina,Argentina cut 118bp to 1.95%,monetary policy,major,cut,-118.0,AR,basis points,https://data.bis.org/topics/CBPOL
2003-08-01,Türkiye,Türkiye cut 300bp to 32.0%,monetary policy,major,cut,-300.0,TR,basis points,https://data.bis.org/topics/CBPOL
2003-08-01,Israel,Israel cut 50bp to 6.5%,monetary policy,standard,cut,-50.0,IL,basis points,https://data.bis.org/topics/CBPOL
2003-08-01,Croatia,Croatia hike 149bp to 3.16%,monetary policy,major,hike,149.00000000000003,HR,basis points,https://data.bis.org/topics/CBPOL
2003-08-01,Czechia,Czechia cut 25bp to 2.0%,monetary policy,standard,cut,-25.0,CZ,basis points,https://data.bis.org/topics/CBPOL
2003-08-01,Romania,Romania hike 100bp to 19.25%,monetary policy,major,hike,100.0,RO,basis points,https://data.bis.org/topics/CBPOL
2003-08-01,Mexico,Mexico hike 50bp to 4.57%,monetary policy,standard,hike,50.0,MX,basis points,https://data.bis.org/topics/CBPOL
2003-08-01,Norway,Norway cut 100bp to 3.0%,monetary policy,major,cut,-100.0,NO,basis points,https://data.bis.org/topics/CBPOL
2003-08-01,Brazil,Brazil cut 250bp to 22.0%,monetary policy,major,cut,-250.0,BR,basis points,https://data.bis.org/topics/CBPOL
2003-08-01,South Africa,South Africa cut 100bp to 11.0%,monetary policy,major,cut,-100.0,ZA,basis points,https://data.bis.org/topics/CBPOL
2003-08-01,Argentina,Argentina cut 72bp to 1.23%,monetary policy,standard,cut,-72.0,AR,basis points,https://data.bis.org/topics/CBPOL
2003-09-01,South Africa,South Africa cut 100bp to 10.0%,monetary policy,major,cut,-100.0,ZA,basis points,https://data.bis.org/topics/CBPOL
2003-09-01,Brazil,Brazil cut 200bp to 20.0%,monetary policy,major,cut,-200.0,BR,basis points,https://data.bis.org/topics/CBPOL
2003-09-01,Mexico,Mexico cut 27bp to 4.3%,monetary policy,standard,cut,-27.000000000000046,MX,basis points,https://data.bis.org/topics/CBPOL
2003-09-01,Norway,Norway cut 50bp to 2.5%,monetary policy,standard,cut,-50.0,NO,basis points,https://data.bis.org/topics/CBPOL
2003-09-01,Israel,Israel cut 40bp to 6.1%,monetary policy,standard,cut,-40.000000000000036,IL,basis points,https://data.bis.org/topics/CBPOL
2003-09-01,Croatia,Croatia hike 493bp to 8.09%,monetary policy,major,hike,493.0,HR,basis points,https://data.bis.org/topics/CBPOL
2003-09-01,Argentina,Argentina hike 34bp to 1.57%,monetary policy,standard,hike,34.00000000000001,AR,basis points,https://data.bis.org/topics/CBPOL
2003-09-01,Canada,Canada cut 25bp to 2.75%,monetary policy,standard,cut,-25.0,CA,basis points,https://data.bis.org/topics/CBPOL
2003-09-01,Türkiye,Türkiye cut 300bp to 29.0%,monetary policy,major,cut,-300.0,TR,basis points,https://data.bis.org/topics/CBPOL
2003-10-01,Croatia,Croatia cut 666bp to 1.43%,monetary policy,major,cut,-666.0,HR,basis points,https://data.bis.org/topics/CBPOL
2003-10-01,Mexico,Mexico hike 43bp to 4.73%,monetary policy,standard,hike,43.00000000000006,MX,basis points,https://data.bis.org/topics/CBPOL
2003-10-01,Türkiye,Türkiye cut 300bp to 26.0%,monetary policy,major,cut,-300.0,TR,basis points,https://data.bis.org/topics/CBPOL
2003-10-01,South Africa,South Africa cut 150bp to 8.5%,monetary policy,major,cut,-150.0,ZA,basis points,https://data.bis.org/topics/CBPOL
2003-10-01,Romania,Romania hike 100bp to 20.25%,monetary policy,major,hike,100.0,RO,basis points,https://data.bis.org/topics/CBPOL
2003-10-01,North Macedonia,North Macedonia cut 62bp to 6.38%,monetary policy,standard,cut,-62.000000000000014,MK,basis points,https://data.bis.org/topics/CBPOL
2003-10-01,Argentina,Argentina cut 19bp to 1.38%,monetary policy,minor,cut,-19.000000000000018,AR,basis points,https://data.bis.org/topics/CBPOL
2003-10-01,Israel,Israel cut 50bp to 5.6%,monetary policy,standard,cut,-50.0,IL,basis points,https://data.bis.org/topics/CBPOL
2003-10-01,Brazil,Brazil cut 100bp to 19.0%,monetary policy,major,cut,-100.0,BR,basis points,https://data.bis.org/topics/CBPOL
2003-11-01,Australia,Australia hike 25bp to 5.0%,monetary policy,standard,hike,25.0,AU,basis points,https://data.bis.org/topics/CBPOL
2003-11-01,United Kingdom,United Kingdom hike 25bp to 3.75%,monetary policy,standard,hike,25.0,GB,basis points,https://data.bis.org/topics/CBPOL
2003-11-01,Croatia,Croatia hike 58bp to 2.01%,monetary policy,standard,hike,57.999999999999986,HR,basis points,https://data.bis.org/topics/CBPOL
2003-11-01,Argentina,Argentina hike 12bp to 1.5%,monetary policy,minor,hike,12.00000000000001,AR,basis points,https://data.bis.org/topics/CBPOL
2003-11-01,Brazil,Brazil cut 150bp to 17.5%,monetary policy,major,cut,-150.0,BR,basis points,https://data.bis.org/topics/CBPOL
2003-11-01,Israel,Israel cut 40bp to 5.2%,monetary policy,standard,cut,-39.99999999999994,IL,basis points,https://data.bis.org/topics/CBPOL
2003-11-01,Romania,Romania hike 100bp to 21.25%,monetary policy,major,hike,100.0,RO,basis points,https://data.bis.org/topics/CBPOL
2003-11-01,Mexico,Mexico hike 153bp to 6.26%,monetary policy,major,hike,152.99999999999994,MX,basis points,https://data.bis.org/topics/CBPOL
2003-11-01,Hungary,Hungary hike 300bp to 12.5%,monetary policy,major,hike,300.0,HU,basis points,https://data.bis.org/topics/CBPOL
2003-11-01,Peru,Peru cut 25bp to 2.5%,monetary policy,standard,cut,-25.0,PE,basis points,https://data.bis.org/topics/CBPOL
2003-11-01,North Macedonia,North Macedonia cut 59bp to 5.79%,monetary policy,standard,cut,-58.999999999999986,MK,basis points,https://data.bis.org/topics/CBPOL
2003-12-01,South Africa,South Africa cut 50bp to 8.0%,monetary policy,standard,cut,-50.0,ZA,basis points,https://data.bis.org/topics/CBPOL
2003-12-01,Chile,Chile cut 50bp to 2.25%,monetary policy,standard,cut,-50.0,CL,basis points,https://data.bis.org/topics/CBPOL
2003-12-01,Norway,Norway cut 25bp to 2.25%,monetary policy,standard,cut,-25.0,NO,basis points,https://data.bis.org/topics/CBPOL
2003-12-01,Mexico,Mexico cut 14bp to 6.12%,monetary policy,minor,cut,-13.999999999999968,MX,basis points,https://data.bis.org/topics/CBPOL
2003-12-01,Argentina,Argentina hike 17bp to 1.67%,monetary policy,minor,hike,16.999999999999993,AR,basis points,https://data.bis.org/topics/CBPOL
2003-12-01,Croatia,Croatia hike 447bp to 6.48%,monetary policy,major,hike,447.00000000000006,HR,basis points,https://data.bis.org/topics/CBPOL
2003-12-01,Australia,Australia hike 25bp to 5.25%,monetary policy,standard,hike,25.0,AU,basis points,https://data.bis.org/topics/CBPOL
2003-12-01,Brazil,Brazil cut 100bp to 16.5%,monetary policy,major,cut,-100.0,BR,basis points,https://data.bis.org/topics/CBPOL
2003-12-01,North Macedonia,North Macedonia hike 86bp to 6.65%,monetary policy,major,hike,86.00000000000003,MK,basis points,https://data.bis.org/topics/CBPOL
2004-01-01,Norway,Norway cut 25bp to 2.0%,monetary policy,standard,cut,-25.0,NO,basis points,https://data.bis.org/topics/CBPOL
2004-01-01,New Zealand,New Zealand hike 25bp to 5.25%,monetary policy,standard,hike,25.0,NZ,basis points,https://data.bis.org/topics/CBPOL
2004-01-01,Canada,Canada cut 25bp to 2.5%,monetary policy,standard,cut,-25.0,CA,basis points,https://data.bis.org/topics/CBPOL
2004-01-01,Chile,Chile cut 50bp to 1.75%,monetary policy,standard,cut,-50.0,CL,basis points,https://data.bis.org/topics/CBPOL
2004-01-01,North Macedonia,North Macedonia hike 9bp to 6.74%,monetary policy,minor,hike,8.999999999999986,MK,basis points,https://data.bis.org/topics/CBPOL
2004-01-01,Mexico,Mexico cut 92bp to 5.2%,monetary policy,major,cut,-92.0,MX,basis points,https://data.bis.org/topics/CBPOL
2004-01-01,Russia,Russia cut 200bp to 14.0%,monetary policy,major,cut,-200.0,RU,basis points,https://data.bis.org/topics/CBPOL
2004-01-01,Israel,Israel cut 70bp to 4.5%,monetary policy,standard,cut,-70.00000000000001,IL,basis points,https://data.bis.org/topics/CBPOL
2004-01-01,Serbia,Serbia cut 50bp to 8.5%,monetary policy,standard,cut,-50.0,RS,basis points,https://data.bis.org/topics/CBPOL
2004-01-01,Argentina,Argentina cut 29bp to 1.38%,monetary policy,standard,cut,-29.000000000000004,AR,basis points,https://data.bis.org/topics/CBPOL
2004-01-01,Croatia,Croatia cut 557bp to 0.91%,monetary policy,major,cut,-557.0,HR,basis points,https://data.bis.org/topics/CBPOL
2004-02-01,United Kingdom,United Kingdom hike 25bp to 4.0%,monetary policy,standard,hike,25.0,GB,basis points,https://data.bis.org/topics/CBPOL
2004-02-01,Türkiye,Türkiye cut 200bp to 24.0%,monetary policy,major,cut,-200.0,TR,basis points,https://data.bis.org/topics/CBPOL
2004-02-01,Colombia,Colombia cut 25bp to 7.0%,monetary policy,standard,cut,-25.0,CO,basis points,https://data.bis.org/topics/CBPOL
2004-02-01,Sweden,Sweden cut 25bp to 2.5%,monetary policy,standard,cut,-25.0,SE,basis points,https://data.bis.org/topics/CBPOL
2004-02-01,Mexico,Mexico hike 151bp to 6.71%,monetary policy,major,hike,150.99999999999997,MX,basis points,https://data.bis.org/topics/CBPOL
2004-02-01,Argentina,Argentina cut 12bp to 1.26%,monetary policy,minor,cut,-11.99999999999999,AR,basis points,https://data.bis.org/topics/CBPOL
2004-02-01,Israel,Israel cut 20bp to 4.3%,monetary policy,minor,cut,-20.000000000000018,IL,basis points,https://data.bis.org/topics/CBPOL
2004-02-01,North Macedonia,North Macedonia hike 126bp to 8.0%,monetary policy,major,hike,125.99999999999997,MK,basis points,https://data.bis.org/topics/CBPOL
2004-02-01,Croatia,Croatia hike 538bp to 6.29%,monetary policy,major,hike,538.0,HR,basis points,https://data.bis.org/topics/CBPOL
2004-03-01,Norway,Norway cut 25bp to 1.75%,monetary policy,standard,cut,-25.0,NO,basis points,https://data.bis.org/topics/CBPOL
2004-03-01,Mexico,Mexico cut 58bp to 6.13%,monetary policy,standard,cut,-58.00000000000001,MX,basis points,https://data.bis.org/topics/CBPOL
2004-03-01,India,India cut 100bp to 6.0%,monetary policy,major,cut,-100.0,IN,basis points,https://data.bis.org/topics/CBPOL
2004-03-01,Türkiye,Türkiye cut 200bp to 22.0%,monetary policy,major,cut,-200.0,TR,basis points,https://data.bis.org/topics/CBPOL
2004-03-01,Argentina,Argentina hike 2bp to 1.28%,monetary policy,minor,hike,2.0000000000000018,AR,basis points,https://data.bis.org/topics/CBPOL
2004-03-01,Hungary,Hungary cut 25bp to 12.25%,monetary policy,standard,cut,-25.0,HU,basis points,https://data.bis.org/topics/CBPOL
2004-03-01,Canada,Canada cut 25bp to 2.25%,monetary policy,standard,cut,-25.0,CA,basis points,https://data.bis.org/topics/CBPOL
2004-03-01,Croatia,Croatia cut 254bp to 3.75%,monetary policy,major,cut,-254.0,HR,basis points,https://data.bis.org/topics/CBPOL
2004-03-01,Colombia,Colombia cut 25bp to 6.75%,monetary policy,standard,cut,-25.0,CO,basis points,https://data.bis.org/topics/CBPOL
2004-03-01,Brazil,Brazil cut 25bp to 16.25%,monetary policy,standard,cut,-25.0,BR,basis points,https://data.bis.org/topics/CBPOL
2004-04-01,Canada,Canada cut 25bp to 2.0%,monetary policy,standard,cut,-25.0,CA,basis points,https://data.bis.org/topics/CBPOL
2004-04-01,Malaysia,Malaysia cut 180bp to 2.7%,monetary policy,major,cut,-179.99999999999997,MY,basis points,https://data.bis.org/topics/CBPOL
2004-04-01,Israel,Israel cut 20bp to 4.1%,monetary policy,minor,cut,-20.000000000000018,IL,basis points,https://data.bis.org/topics/CBPOL
2004-04-01,Mexico,Mexico hike 13bp to 6.26%,monetary policy,minor,hike,12.99999999999999,MX,basis points,https://data.bis.org/topics/CBPOL
2004-04-01,Brazil,Brazil cut 25bp to 16.0%,monetary policy,standard,cut,-25.0,BR,basis points,https://data.bis.org/topics/CBPOL
2004-04-01,Hungary,Hungary cut 25bp to 12.0%,monetary policy,standard,cut,-25.0,HU,basis points,https://data.bis.org/topics/CBPOL
2004-04-01,New Zealand,New Zealand hike 25bp to 5.5%,monetary policy,standard,hike,25.0,NZ,basis points,https://data.bis.org/topics/CBPOL
2004-04-01,Sweden,Sweden cut 50bp to 2.0%,monetary policy,standard,cut,-50.0,SE,basis points,https://data.bis.org/topics/CBPOL
2004-04-01,Argentina,Argentina cut 6bp to 1.22%,monetary policy,minor,cut,-6.000000000000005,AR,basis points,https://data.bis.org/topics/CBPOL
2004-04-01,Croatia,Croatia cut 337bp to 0.38%,monetary policy,major,cut,-337.0,HR,basis points,https://data.bis.org/topics/CBPOL
2004-05-01,Iceland,Iceland hike 19bp to 5.35%,monetary policy,minor,hike,18.99999999999995,IS,basis points,https://data.bis.org/topics/CBPOL
2004-05-01,Saudi Arabia,Saudi Arabia cut 25bp to 1.5%,monetary policy,standard,cut,-25.0,SA,basis points,https://data.bis.org/topics/CBPOL
2004-05-01,Hungary,Hungary cut 50bp to 11.5%,monetary policy,standard,cut,-50.0,HU,basis points,https://data.bis.org/topics/CBPOL
2004-05-01,United Kingdom,United Kingdom hike 25bp to 4.25%,monetary policy,standard,hike,25.0,GB,basis points,https://data.bis.org/topics/CBPOL
2004-05-01,Croatia,Croatia hike 21bp to 0.59%,monetary policy,minor,hike,20.999999999999996,HR,basis points,https://data.bis.org/topics/CBPOL
2004-05-01,Argentina,Argentina hike 162bp to 2.84%,monetary policy,major,hike,162.0,AR,basis points,https://data.bis.org/topics/CBPOL
2004-05-01,Mexico,Mexico hike 9bp to 6.35%,monetary policy,minor,hike,8.999999999999986,MX,basis points,https://data.bis.org/topics/CBPOL
2004-06-01,New Zealand,New Zealand hike 25bp to 5.75%,monetary policy,standard,hike,25.0,NZ,basis points,https://data.bis.org/topics/CBPOL
2004-06-01,Russia,Russia cut 100bp to 13.0%,monetary policy,major,cut,-100.0,RU,basis points,https://data.bis.org/topics/CBPOL
2004-06-01,Mexico,Mexico hike 18bp to 6.53%,monetary policy,minor,hike,18.00000000000006,MX,basis points,https://data.bis.org/topics/CBPOL
2004-06-01,Switzerland,Switzerland hike 12bp to 0.5%,monetary policy,minor,hike,12.5,CH,basis points,https://data.bis.org/topics/CBPOL
2004-06-01,Iceland,Iceland hike 24bp to 5.59%,monetary policy,minor,hike,24.00000000000002,IS,basis points,https://data.bis.org/topics/CBPOL
2004-06-01,Czechia,Czechia hike 25bp to 2.25%,monetary policy,standard,hike,25.0,CZ,basis points,https://data.bis.org/topics/CBPOL
2004-06-01,Argentina,Argentina cut 34bp to 2.5%,monetary policy,standard,cut,-33.999999999999986,AR,basis points,https://data.bis.org/topics/CBPOL
2004-06-01,Croatia,Croatia hike 358bp to 4.17%,monetary policy,major,hike,358.0,HR,basis points,https://data.bis.org/topics/CBPOL
2004-06-01,United Kingdom,United Kingdom hike 25bp to 4.5%,monetary policy,standard,hike,25.0,GB,basis points,https://data.bis.org/topics/CBPOL
2004-06-01,United States,United States hike 25bp to 1.25%,monetary policy,standard,hike,25.0,US,basis points,https://data.bis.org/topics/CBPOL
2004-06-01,Romania,Romania cut 50bp to 20.75%,monetary policy,standard,cut,-50.0,RO,basis points,https://data.bis.org/topics/CBPOL
2004-07-01,Poland,Poland hike 75bp to 6.0%,monetary policy,major,hike,75.0,PL,basis points,https://data.bis.org/topics/CBPOL
2004-07-01,Croatia,Croatia hike 155bp to 5.72%,monetary policy,major,hike,154.99999999999997,HR,basis points,https://data.bis.org/topics/CBPOL
2004-07-01,Romania,Romania cut 75bp to 20.0%,monetary policy,major,cut,-75.0,RO,basis points,https://data.bis.org/topics/CBPOL
2004-07-01,Iceland,Iceland hike 47bp to 6.06%,monetary policy,standard,hike,46.99999999999997,IS,basis points,https://data.bis.org/topics/CBPOL
2004-07-01,Hong Kong SAR,Hong Kong SAR hike 25bp to 2.75%,monetary policy,standard,hike,25.0,HK,basis points,https://data.bis.org/topics/CBPOL
2004-07-01,Kuwait,Kuwait hike 25bp to 3.5%,monetary policy,standard,hike,25.0,KW,basis points,https://data.bis.org/topics/CBPOL
2004-07-01,Mexico,Mexico hike 23bp to 6.76%,monetary policy,minor,hike,22.999999999999954,MX,basis points,https://data.bis.org/topics/CBPOL
2004-07-01,New Zealand,New Zealand hike 25bp to 6.0%,monetary policy,standard,hike,25.0,NZ,basis points,https://data.bis.org/topics/CBPOL
2004-08-01,Saudi Arabia,Saudi Arabia hike 25bp to 1.75%,monetary policy,standard,hike,25.0,SA,basis points,https://data.bis.org/topics/CBPOL
2004-08-01,United Kingdom,United Kingdom hike 25bp to 4.75%,monetary policy,standard,hike,25.0,GB,basis points,https://data.bis.org/topics/CBPOL
2004-08-01,United States,United States hike 25bp to 1.5%,monetary policy,standard,hike,25.0,US,basis points,https://data.bis.org/topics/CBPOL
2004-08-01,Romania,Romania cut 125bp to 18.75%,monetary policy,major,cut,-125.0,RO,basis points,https://data.bis.org/topics/CBPOL
2004-08-01,Korea,Korea cut 25bp to 3.5%,monetary policy,standard,cut,-25.0,KR,basis points,https://data.bis.org/topics/CBPOL
2004-08-01,North Macedonia,North Macedonia hike 50bp to 8.5%,monetary policy,standard,hike,50.0,MK,basis points,https://data.bis.org/topics/CBPOL
2004-08-01,Thailand,Thailand hike 25bp to 1.5%,monetary policy,standard,hike,25.0,TH,basis points,https://data.bis.org/topics/CBPOL
2004-08-01,Czechia,Czechia hike 25bp to 2.5%,monetary policy,standard,hike,25.0,CZ,basis points,https://data.bis.org/topics/CBPOL
2004-08-01,Poland,Poland hike 50bp to 6.5%,monetary policy,standard,hike,50.0,PL,basis points,https://data.bis.org/topics/CBPOL
2004-08-01,Kuwait,Kuwait hike 50bp to 4.0%,monetary policy,standard,hike,50.0,KW,basis points,https://data.bis.org/topics/CBPOL
2004-08-01,Hungary,Hungary cut 50bp to 11.0%,monetary policy,standard,cut,-50.0,HU,basis points,https://data.bis.org/topics/CBPOL
2004-08-01,Croatia,Croatia hike 352bp to 9.24%,monetary policy,major,hike,352.00000000000006,HR,basis points,https://data.bis.org/topics/CBPOL
2004-08-01,Peru,Peru hike 25bp to 2.75%,monetary policy,standard,hike,25.0,PE,basis points,https://data.bis.org/topics/CBPOL
2004-08-01,Mexico,Mexico hike 41bp to 7.17%,monetary policy,standard,hike,41.000000000000014,MX,basis points,https://data.bis.org/topics/CBPOL
2004-08-01,Hong Kong SAR,Hong Kong SAR hike 25bp to 3.0%,monetary policy,standard,hike,25.0,HK,basis points,https://data.bis.org/topics/CBPOL
2004-08-01,South Africa,South Africa cut 50bp to 7.5%,monetary policy,standard,cut,-50.0,ZA,basis points,https://data.bis.org/topics/CBPOL
2004-09-01,Iceland,Iceland hike 47bp to 6.53%,monetary policy,standard,hike,47.000000000000064,IS,basis points,https://data.bis.org/topics/CBPOL
2004-09-01,Mexico,Mexico hike 45bp to 7.62%,monetary policy,standard,hike,45.000000000000014,MX,basis points,https://data.bis.org/topics/CBPOL
2004-09-01,Switzerland,Switzerland hike 25bp to 0.75%,monetary policy,standard,hike,25.0,CH,basis points,https://data.bis.org/topics/CBPOL
2004-09-01,Canada,Canada hike 25bp to 2.25%,monetary policy,standard,hike,25.0,CA,basis points,https://data.bis.org/topics/CBPOL
2004-09-01,Chile,Chile hike 25bp to 2.0%,monetary policy,standard,hike,25.0,CL,basis points,https://data.bis.org/topics/CBPOL
2004-09-01,Saudi Arabia,Saudi Arabia hike 25bp to 2.0%,monetary policy,standard,hike,25.0,SA,basis points,https://data.bis.org/topics/CBPOL
2004-09-01,North Macedonia,North Macedonia hike 50bp to 9.0%,monetary policy,standard,hike,50.0,MK,basis points,https://data.bis.org/topics/CBPOL
2004-09-01,Türkiye,Türkiye cut 200bp to 20.0%,monetary policy,major,cut,-200.0,TR,basis points,https://data.bis.org/topics/CBPOL
2004-09-01,Croatia,Croatia cut 758bp to 1.66%,monetary policy,major,cut,-758.0,HR,basis points,https://data.bis.org/topics/CBPOL
2004-09-01,New Zealand,New Zealand hike 25bp to 6.25%,monetary policy,standard,hike,25.0,NZ,basis points,https://data.bis.org/topics/CBPOL
2004-09-01,United States,United States hike 25bp to 1.75%,monetary policy,standard,hike,25.0,US,basis points,https://data.bis.org/topics/CBPOL
2004-09-01,Hong Kong SAR,Hong Kong SAR hike 25bp to 3.25%,monetary policy,standard,hike,25.0,HK,basis points,https://data.bis.org/topics/CBPOL
2004-09-01,Kuwait,Kuwait hike 25bp to 4.25%,monetary policy,standard,hike,25.0,KW,basis points,https://data.bis.org/topics/CBPOL
2004-09-01,Brazil,Brazil hike 25bp to 16.25%,monetary policy,standard,hike,25.0,BR,basis points,https://data.bis.org/topics/CBPOL
2004-10-01,Iceland,Iceland hike 46bp to 6.99%,monetary policy,standard,hike,46.0,IS,basis points,https://data.bis.org/topics/CBPOL
2004-10-01,Croatia,Croatia cut 47bp to 1.19%,monetary policy,standard,cut,-47.0,HR,basis points,https://data.bis.org/topics/CBPOL
2004-10-01,Mexico,Mexico hike 19bp to 7.81%,monetary policy,minor,hike,18.99999999999995,MX,basis points,https://data.bis.org/topics/CBPOL
2004-10-01,New Zealand,New Zealand hike 25bp to 6.5%,monetary policy,standard,hike,25.0,NZ,basis points,https://data.bis.org/topics/CBPOL
2004-10-01,Thailand,Thailand hike 25bp to 1.75%,monetary policy,standard,hike,25.0,TH,basis points,https://data.bis.org/topics/CBPOL
2004-10-01,Brazil,Brazil hike 50bp to 16.75%,monetary policy,standard,hike,50.0,BR,basis points,https://data.bis.org/topics/CBPOL
2004-10-01,Canada,Canada hike 25bp to 2.5%,monetary policy,standard,hike,25.0,CA,basis points,https://data.bis.org/topics/CBPOL
2004-10-01,Hungary,Hungary cut 50bp to 10.5%,monetary policy,standard,cut,-50.0,HU,basis points,https://data.bis.org/topics/CBPOL
2004-10-01,Peru,Peru hike 25bp to 3.0%,monetary policy,standard,hike,25.0,PE,basis points,https://data.bis.org/topics/CBPOL
2004-10-01,China,China hike 27bp to 5.58%,monetary policy,standard,hike,27.000000000000046,CN,basis points,https://data.bis.org/topics/CBPOL
2004-11-01,North Macedonia,North Macedonia hike 100bp to 10.0%,monetary policy,major,hike,100.0,MK,basis points,https://data.bis.org/topics/CBPOL
2004-11-01,Saudi Arabia,Saudi Arabia hike 25bp to 2.25%,monetary policy,standard,hike,25.0,SA,basis points,https://data.bis.org/topics/CBPOL
2004-11-01,Chile,Chile hike 25bp to 2.25%,monetary policy,standard,hike,25.0,CL,basis points,https://data.bis.org/topics/CBPOL
2004-11-01,Kuwait,Kuwait hike 25bp to 4.5%,monetary policy,standard,hike,25.0,KW,basis points,https://data.bis.org/topics/CBPOL
2004-11-01,Croatia,Croatia cut 8bp to 1.11%,monetary policy,minor,cut,-7.999999999999985,HR,basis points,https://data.bis.org/topics/CBPOL
2004-11-01,Hungary,Hungary cut 50bp to 10.0%,monetary policy,standard,cut,-50.0,HU,basis points,https://data.bis.org/topics/CBPOL
2004-11-01,United States,United States hike 25bp to 2.0%,monetary policy,standard,hike,25.0,US,basis points,https://data.bis.org/topics/CBPOL
2004-11-01,Romania,Romania cut 100bp to 17.75%,monetary policy,major,cut,-100.0,RO,basis points,https://data.bis.org/topics/CBPOL
2004-11-01,Mexico,Mexico hike 46bp to 8.27%,monetary policy,standard,hike,46.0,MX,basis points,https://data.bis.org/topics/CBPOL
2004-11-01,Hong Kong SAR,Hong Kong SAR hike 25bp to 3.5%,monetary policy,standard,hike,25.0,HK,basis points,https://data.bis.org/topics/CBPOL
2004-11-01,Korea,Korea cut 25bp to 3.25%,monetary policy,standard,cut,-25.0,KR,basis points,https://data.bis.org/topics/CBPOL
2004-11-01,Brazil,Brazil hike 50bp to 17.25%,monetary policy,standard,hike,50.0,BR,basis points,https://data.bis.org/topics/CBPOL
2004-11-01,Israel,Israel cut 20bp to 3.9%,monetary policy,minor,cut,-19.99999999999997,IL,basis points,https://data.bis.org/topics/CBPOL
2004-12-01,United States,United States hike 25bp to 2.25%,monetary policy,standard,hike,25.0,US,basis points,https://data.bis.org/topics/CBPOL
2004-12-01,Türkiye,Türkiye cut 200bp to 18.0%,monetary policy,major,cut,-200.0,TR,basis points,https://data.bis.org/topics/CBPOL
2004-12-01,Saudi Arabia,Saudi Arabia hike 25bp to 2.5%,monetary policy,standard,hike,25.0,SA,basis points,https://data.bis.org/topics/CBPOL
2004-12-01,Brazil,Brazil hike 50bp to 17.75%,monetary policy,standard,hike,50.0,BR,basis points,https://data.bis.org/topics/CBPOL
2004-12-01,Colombia,Colombia cut 25bp to 6.5%,monetary policy,standard,cut,-25.0,CO,basis points,https://data.bis.org/topics/CBPOL
2004-12-01,Thailand,Thailand hike 25bp to 2.0%,monetary policy,standard,hike,25.0,TH,basis points,https://data.bis.org/topics/CBPOL
2004-12-01,Israel,Israel cut 20bp to 3.7%,monetary policy,minor,cut,-19.99999999999997,IL,basis points,https://data.bis.org/topics/CBPOL
2004-12-01,Mexico,Mexico hike 48bp to 8.75%,monetary policy,standard,hike,48.00000000000004,MX,basis points,https://data.bis.org/topics/CBPOL
2004-12-01,Hong Kong SAR,Hong Kong SAR hike 25bp to 3.75%,monetary policy,standard,hike,25.0,HK,basis points,https://data.bis.org/topics/CBPOL
2004-12-01,Hungary,Hungary cut 50bp to 9.5%,monetary policy,standard,cut,-50.0,HU,basis points,https://data.bis.org/topics/CBPOL
2004-12-01,Croatia,Croatia hike 16bp to 1.27%,monetary policy,minor,hike,15.999999999999993,HR,basis points,https://data.bis.org/topics/CBPOL
2004-12-01,Iceland,Iceland hike 93bp to 7.92%,monetary policy,major,hike,92.99999999999997,IS,basis points,https://data.bis.org/topics/CBPOL
2004-12-01,Romania,Romania cut 75bp to 17.0%,monetary policy,major,cut,-75.0,RO,basis points,https://data.bis.org/topics/CBPOL
2004-12-01,Kuwait,Kuwait hike 25bp to 4.75%,monetary policy,standard,hike,25.0,KW,basis points,https://data.bis.org/topics/CBPOL
2005-01-01,Türkiye,Türkiye cut 100bp to 17.0%,monetary policy,major,cut,-100.0,TR,basis points,https://data.bis.org/topics/CBPOL
2005-01-01,Romania,Romania cut 50bp to 16.5%,monetary policy,standard,cut,-50.0,RO,basis points,https://data.bis.org/topics/CBPOL
2005-01-01,Croatia,Croatia cut 21bp to 1.06%,monetary policy,minor,cut,-20.999999999999996,HR,basis points,https://data.bis.org/topics/CBPOL
2005-01-01,Hungary,Hungary cut 50bp to 9.0%,monetary policy,standard,cut,-50.0,HU,basis points,https://data.bis.org/topics/CBPOL
2005-01-01,Israel,Israel cut 20bp to 3.5%,monetary policy,minor,cut,-20.000000000000018,IL,basis points,https://data.bis.org/topics/CBPOL
2005-01-01,Czechia,Czechia cut 25bp to 2.25%,monetary policy,standard,cut,-25.0,CZ,basis points,https://data.bis.org/topics/CBPOL
2005-01-01,Brazil,Brazil hike 50bp to 18.25%,monetary policy,standard,hike,50.0,BR,basis points,https://data.bis.org/topics/CBPOL
2005-01-01,Mexico,Mexico hike 7bp to 8.82%,monetary policy,minor,hike,7.000000000000028,MX,basis points,https://data.bis.org/topics/CBPOL
2005-01-01,Chile,Chile hike 25bp to 2.5%,monetary policy,standard,hike,25.0,CL,basis points,https://data.bis.org/topics/CBPOL
2005-01-01,Argentina,Argentina hike 25bp to 2.75%,monetary policy,standard,hike,25.0,AR,basis points,https://data.bis.org/topics/CBPOL
2005-02-01,Iceland,Iceland hike 46bp to 8.38%,monetary policy,standard,hike,46.000000000000085,IS,basis points,https://data.bis.org/topics/CBPOL
2005-02-01,Hong Kong SAR,Hong Kong SAR hike 25bp to 4.0%,monetary policy,standard,hike,25.0,HK,basis points,https://data.bis.org/topics/CBPOL
2005-02-01,Brazil,Brazil hike 50bp to 18.75%,monetary policy,standard,hike,50.0,BR,basis points,https://data.bis.org/topics/CBPOL
2005-02-01,Mexico,Mexico hike 39bp to 9.21%,monetary policy,standard,hike,39.00000000000006,MX,basis points,https://data.bis.org/topics/CBPOL
2005-02-01,Hungary,Hungary cut 75bp to 8.25%,monetary policy,major,cut,-75.0,HU,basis points,https://data.bis.org/topics/CBPOL
2005-02-01,Croatia,Croatia hike 169bp to 2.75%,monetary policy,major,hike,169.0,HR,basis points,https://data.bis.org/topics/CBPOL
2005-02-01,Chile,Chile hike 25bp to 2.75%,monetary policy,standard,hike,25.0,CL,basis points,https://data.bis.org/topics/CBPOL
2005-02-01,Romania,Romania cut 75bp to 15.75%,monetary policy,major,cut,-75.0,RO,basis points,https://data.bis.org/topics/CBPOL
2005-02-01,Kuwait,Kuwait hike 25bp to 5.0%,monetary policy,standard,hike,25.0,KW,basis points,https://data.bis.org/topics/CBPOL
2005-02-01,Türkiye,Türkiye cut 50bp to 16.5%,monetary policy,standard,cut,-50.0,TR,basis points,https://data.bis.org/topics/CBPOL
2005-02-01,Saudi Arabia,Saudi Arabia hike 25bp to 2.75%,monetary policy,standard,hike,25.0,SA,basis points,https://data.bis.org/topics/CBPOL
2005-02-01,United States,United States hike 25bp to 2.5%,monetary policy,standard,hike,25.0,US,basis points,https://data.bis.org/topics/CBPOL
2005-03-01,Brazil,Brazil hike 50bp to 19.25%,monetary policy,standard,hike,50.0,BR,basis points,https://data.bis.org/topics/CBPOL
2005-03-01,United States,United States hike 25bp to 2.75%,monetary policy,standard,hike,25.0,US,basis points,https://data.bis.org/topics/CBPOL
2005-03-01,Hungary,Hungary cut 50bp to 7.75%,monetary policy,standard,cut,-50.0,HU,basis points,https://data.bis.org/topics/CBPOL
2005-03-01,Mexico,Mexico hike 30bp to 9.51%,monetary policy,standard,hike,29.999999999999893,MX,basis points,https://data.bis.org/topics/CBPOL
2005-03-01,Türkiye,Türkiye cut 100bp to 15.5%,monetary policy,major,cut,-100.0,TR,basis points,https://data.bis.org/topics/CBPOL
2005-03-01,Saudi Arabia,Saudi Arabia hike 50bp to 3.25%,monetary policy,standard,hike,50.0,SA,basis points,https://data.bis.org/topics/CBPOL
2005-03-01,Kuwait,Kuwait hike 25bp to 5.25%,monetary policy,standard,hike,25.0,KW,basis points,https://data.bis.org/topics/CBPOL
2005-03-01,Thailand,Thailand hike 25bp to 2.25%,monetary policy,standard,hike,25.0,TH,basis points,https://data.bis.org/topics/CBPOL
2005-03-01,Hong Kong SAR,Hong Kong SAR hike 25bp to 4.25%,monetary policy,standard,hike,25.0,HK,basis points,https://data.bis.org/topics/CBPOL
2005-03-01,Romania,Romania cut 125bp to 14.5%,monetary policy,major,cut,-125.0,RO,basis points,https://data.bis.org/topics/CBPOL
2005-03-01,Poland,Poland cut 50bp to 6.0%,monetary policy,standard,cut,-50.0,PL,basis points,https://data.bis.org/topics/CBPOL
2005-03-01,Australia,Australia hike 25bp to 5.5%,monetary policy,standard,hike,25.0,AU,basis points,https://data.bis.org/topics/CBPOL
2005-03-01,New Zealand,New Zealand hike 25bp to 6.75%,monetary policy,standard,hike,25.0,NZ,basis points,https://data.bis.org/topics/CBPOL
2005-03-01,Croatia,Croatia cut 143bp to 1.32%,monetary policy,major,cut,-143.0,HR,basis points,https://data.bis.org/topics/CBPOL
2005-03-01,Iceland,Iceland hike 23bp to 8.61%,monetary policy,minor,hike,22.999999999999865,IS,basis points,https://data.bis.org/topics/CBPOL
2005-04-01,Croatia,Croatia cut 75bp to 0.57%,monetary policy,major,cut,-75.00000000000001,HR,basis points,https://data.bis.org/topics/CBPOL
2005-04-01,Romania,Romania cut 200bp to 12.5%,monetary policy,major,cut,-200.0,RO,basis points,https://data.bis.org/topics/CBPOL
2005-04-01,Mexico,Mexico hike 9bp to 9.6%,monetary policy,minor,hike,8.999999999999986,MX,basis points,https://data.bis.org/topics/CBPOL
2005-04-01,Poland,Poland cut 50bp to 5.5%,monetary policy,standard,cut,-50.0,PL,basis points,https://data.bis.org/topics/CBPOL
2005-04-01,Brazil,Brazil hike 25bp to 19.5%,monetary policy,standard,hike,25.0,BR,basis points,https://data.bis.org/topics/CBPOL
2005-04-01,South Africa,South Africa cut 50bp to 7.0%,monetary policy,standard,cut,-50.0,ZA,basis points,https://data.bis.org/topics/CBPOL
2005-04-01,Hungary,Hungary cut 25bp to 7.5%,monetary policy,standard,cut,-25.0,HU,basis points,https://data.bis.org/topics/CBPOL
2005-04-01,Chile,Chile hike 25bp to 3.0%,monetary policy,standard,hike,25.0,CL,basis points,https://data.bis.org/topics/CBPOL
2005-04-01,Argentina,Argentina hike 50bp to 3.25%,monetary policy,standard,hike,50.0,AR,basis points,https://data.bis.org/topics/CBPOL
2005-04-01,Czechia,Czechia cut 50bp to 1.75%,monetary policy,standard,cut,-50.0,CZ,basis points,https://data.bis.org/topics/CBPOL
2005-04-01,Philippines,Philippines hike 25bp to 7.0%,monetary policy,standard,hike,25.0,PH,basis points,https://data.bis.org/topics/CBPOL
2005-04-01,Türkiye,Türkiye cut 50bp to 15.0%,monetary policy,standard,cut,-50.0,TR,basis points,https://data.bis.org/topics/CBPOL
2005-05-01,Argentina,Argentina hike 50bp to 3.75%,monetary policy,standard,hike,50.0,AR,basis points,https://data.bis.org/topics/CBPOL
2005-05-01,Hong Kong SAR,Hong Kong SAR hike 25bp to 4.5%,monetary policy,standard,hike,25.0,HK,basis points,https://data.bis.org/topics/CBPOL
2005-05-01,Croatia,Croatia cut 2bp to 0.55%,monetary policy,minor,cut,-1.9999999999999907,HR,basis points,https://data.bis.org/topics/CBPOL
2005-05-01,Hungary,Hungary cut 25bp to 7.25%,monetary policy,standard,cut,-25.0,HU,basis points,https://data.bis.org/topics/CBPOL
2005-05-01,Mexico,Mexico hike 15bp to 9.75%,monetary policy,minor,hike,15.000000000000036,MX,basis points,https://data.bis.org/topics/CBPOL
2005-05-01,Türkiye,Türkiye cut 50bp to 14.5%,monetary policy,standard,cut,-50.0,TR,basis points,https://data.bis.org/topics/CBPOL
2005-05-01,Brazil,Brazil hike 25bp to 19.75%,monetary policy,standard,hike,25.0,BR,basis points,https://data.bis.org/topics/CBPOL
2005-05-01,United States,United States hike 25bp to 3.0%,monetary policy,standard,hike,25.0,US,basis points,https://data.bis.org/topics/CBPOL
2005-05-01,Chile,Chile hike 25bp to 3.25%,monetary policy,standard,hike,25.0,CL,basis points,https://data.bis.org/topics/CBPOL
2005-05-01,Saudi Arabia,Saudi Arabia hike 25bp to 3.5%,monetary policy,standard,hike,25.0,SA,basis points,https://data.bis.org/topics/CBPOL
2005-06-01,Hungary,Hungary cut 25bp to 7.0%,monetary policy,standard,cut,-25.0,HU,basis points,https://data.bis.org/topics/CBPOL
2005-06-01,United States,United States hike 25bp to 3.25%,monetary policy,standard,hike,25.0,US,basis points,https://data.bis.org/topics/CBPOL
2005-06-01,Thailand,Thailand hike 25bp to 2.5%,monetary policy,standard,hike,25.0,TH,basis points,https://data.bis.org/topics/CBPOL
2005-06-01,Argentina,Argentina hike 50bp to 4.25%,monetary policy,standard,hike,50.0,AR,basis points,https://data.bis.org/topics/CBPOL
2005-06-01,Iceland,Iceland hike 46bp to 9.07%,monetary policy,standard,hike,46.000000000000085,IS,basis points,https://data.bis.org/topics/CBPOL
2005-06-01,Sweden,Sweden cut 50bp to 1.5%,monetary policy,standard,cut,-50.0,SE,basis points,https://data.bis.org/topics/CBPOL
2005-06-01,Poland,Poland cut 50bp to 5.0%,monetary policy,standard,cut,-50.0,PL,basis points,https://data.bis.org/topics/CBPOL
2005-06-01,Croatia,Croatia hike 152bp to 2.07%,monetary policy,major,hike,151.99999999999997,HR,basis points,https://data.bis.org/topics/CBPOL
2005-06-01,Türkiye,Türkiye cut 25bp to 14.25%,monetary policy,standard,cut,-25.0,TR,basis points,https://data.bis.org/topics/CBPOL
2005-07-01,Poland,Poland cut 25bp to 4.75%,monetary policy,standard,cut,-25.0,PL,basis points,https://data.bis.org/topics/CBPOL
2005-07-01,Chile,Chile hike 25bp to 3.5%,monetary policy,standard,hike,25.0,CL,basis points,https://data.bis.org/topics/CBPOL
2005-07-01,Hungary,Hungary cut 25bp to 6.75%,monetary policy,standard,cut,-25.0,HU,basis points,https://data.bis.org/topics/CBPOL
2005-07-01,Saudi Arabia,Saudi Arabia hike 25bp to 3.75%,monetary policy,standard,hike,25.0,SA,basis points,https://data.bis.org/topics/CBPOL
2005-07-01,Croatia,Croatia cut 126bp to 0.81%,monetary policy,major,cut,-125.99999999999997,HR,basis points,https://data.bis.org/topics/CBPOL
2005-07-01,Kuwait,Kuwait hike 25bp to 5.5%,monetary policy,standard,hike,25.0,KW,basis points,https://data.bis.org/topics/CBPOL
2005-07-01,Norway,Norway hike 25bp to 2.0%,monetary policy,standard,hike,25.0,NO,basis points,https://data.bis.org/topics/CBPOL
2005-07-01,Thailand,Thailand hike 25bp to 2.75%,monetary policy,standard,hike,25.0,TH,basis points,https://data.bis.org/topics/CBPOL
2005-07-01,Hong Kong SAR,Hong Kong SAR hike 25bp to 4.75%,monetary policy,standard,hike,25.0,HK,basis points,https://data.bis.org/topics/CBPOL
2005-08-01,United Kingdom,United Kingdom cut 25bp to 4.5%,monetary policy,standard,cut,-25.0,GB,basis points,https://data.bis.org/topics/CBPOL
2005-08-01,Croatia,Croatia hike 262bp to 3.43%,monetary policy,major,hike,262.0,HR,basis points,https://data.bis.org/topics/CBPOL
2005-08-01,Saudi Arabia,Saudi Arabia hike 25bp to 4.0%,monetary policy,standard,hike,25.0,SA,basis points,https://data.bis.org/topics/CBPOL
2005-08-01,Chile,Chile hike 25bp to 3.75%,monetary policy,standard,hike,25.0,CL,basis points,https://data.bis.org/topics/CBPOL
2005-08-01,Hungary,Hungary cut 50bp to 6.25%,monetary policy,standard,cut,-50.0,HU,basis points,https://data.bis.org/topics/CBPOL
2005-08-01,Mexico,Mexico cut 24bp to 9.51%,monetary policy,minor,cut,-24.00000000000002,MX,basis points,https://data.bis.org/topics/CBPOL
2005-08-01,Romania,Romania cut 400bp to 8.5%,monetary policy,major,cut,-400.0,RO,basis points,https://data.bis.org/topics/CBPOL
2005-08-01,Hong Kong SAR,Hong Kong SAR hike 25bp to 5.0%,monetary policy,standard,hike,25.0,HK,basis points,https://data.bis.org/topics/CBPOL
2005-08-01,Indonesia,Indonesia hike 25bp to 8.75%,monetary policy,standard,hike,25.0,ID,basis points,https://data.bis.org/topics/CBPOL
2005-08-01,United States,United States hike 25bp to 3.5%,monetary policy,standard,hike,25.0,US,basis points,https://data.bis.org/topics/CBPOL
2005-09-01,Poland,Poland cut 25bp to 4.5%,monetary policy,standard,cut,-25.0,PL,basis points,https://data.bis.org/topics/CBPOL
2005-09-01,Israel,Israel hike 25bp to 3.75%,monetary policy,standard,hike,25.0,IL,basis points,https://data.bis.org/topics/CBPOL
2005-09-01,Chile,Chile hike 25bp to 4.0%,monetary policy,standard,hike,25.0,CL,basis points,https://data.bis.org/topics/CBPOL
2005-09-01,Thailand,Thailand hike 50bp to 3.25%,monetary policy,standard,hike,50.0,TH,basis points,https://data.bis.org/topics/CBPOL
2005-09-01,Philippines,Philippines hike 25bp to 7.25%,monetary policy,standard,hike,25.0,PH,basis points,https://data.bis.org/topics/CBPOL
2005-09-01,Iceland,Iceland hike 68bp to 9.75%,monetary policy,standard,hike,67.99999999999997,IS,basis points,https://data.bis.org/topics/CBPOL
2005-09-01,Indonesia,Indonesia hike 125bp to 10.0%,monetary policy,major,hike,125.0,ID,basis points,https://data.bis.org/topics/CBPOL
2005-09-01,Hungary,Hungary cut 25bp to 6.0%,monetary policy,standard,cut,-25.0,HU,basis points,https://data.bis.org/topics/CBPOL
2005-09-01,Croatia,Croatia cut 251bp to 0.92%,monetary policy,major,cut,-251.00000000000003,HR,basis points,https://data.bis.org/topics/CBPOL
2005-09-01,Saudi Arabia,Saudi Arabia hike 25bp to 4.25%,monetary policy,standard,hike,25.0,SA,basis points,https://data.bis.org/topics/CBPOL
2005-09-01,United States,United States hike 25bp to 3.75%,monetary policy,standard,hike,25.0,US,basis points,https://data.bis.org/topics/CBPOL
2005-09-01,Canada,Canada hike 25bp to 2.75%,monetary policy,standard,hike,25.0,CA,basis points,https://data.bis.org/topics/CBPOL
2005-09-01,Hong Kong SAR,Hong Kong SAR hike 25bp to 5.25%,monetary policy,standard,hike,25.0,HK,basis points,https://data.bis.org/topics/CBPOL
2005-09-01,Mexico,Mexico cut 25bp to 9.26%,monetary policy,standard,cut,-25.0,MX,basis points,https://data.bis.org/topics/CBPOL
2005-09-01,Romania,Romania cut 100bp to 7.5%,monetary policy,major,cut,-100.0,RO,basis points,https://data.bis.org/topics/CBPOL
2005-09-01,Colombia,Colombia cut 50bp to 6.0%,monetary policy,standard,cut,-50.0,CO,basis points,https://data.bis.org/topics/CBPOL
2005-09-01,Brazil,Brazil cut 25bp to 19.5%,monetary policy,standard,cut,-25.0,BR,basis points,https://data.bis.org/topics/CBPOL
2005-10-01,Thailand,Thailand hike 50bp to 3.75%,monetary policy,standard,hike,50.0,TH,basis points,https://data.bis.org/topics/CBPOL
2005-10-01,Croatia,Croatia hike 22bp to 1.14%,monetary policy,minor,hike,21.999999999999986,HR,basis points,https://data.bis.org/topics/CBPOL
2005-10-01,Canada,Canada hike 25bp to 3.0%,monetary policy,standard,hike,25.0,CA,basis points,https://data.bis.org/topics/CBPOL
2005-10-01,Mexico,Mexico cut 25bp to 9.01%,monetary policy,standard,cut,-25.0,MX,basis points,https://data.bis.org/topics/CBPOL
2005-10-01,Czechia,Czechia hike 25bp to 2.0%,monetary policy,standard,hike,25.0,CZ,basis points,https://data.bis.org/topics/CBPOL
2005-10-01,Kuwait,Kuwait hike 25bp to 5.75%,monetary policy,standard,hike,25.0,KW,basis points,https://data.bis.org/topics/CBPOL
2005-10-01,Indonesia,Indonesia hike 100bp to 11.0%,monetary policy,major,hike,100.0,ID,basis points,https://data.bis.org/topics/CBPOL
2005-10-01,Philippines,Philippines hike 25bp to 7.5%,monetary policy,standard,hike,25.0,PH,basis points,https://data.bis.org/topics/CBPOL
2005-10-01,Korea,Korea hike 25bp to 3.5%,monetary policy,standard,hike,25.0,KR,basis points,https://data.bis.org/topics/CBPOL
2005-10-01,New Zealand,New Zealand hike 25bp to 7.0%,monetary policy,standard,hike,25.0,NZ,basis points,https://data.bis.org/topics/CBPOL
2005-10-01,Chile,Chile hike 25bp to 4.25%,monetary policy,standard,hike,25.0,CL,basis points,https://data.bis.org/topics/CBPOL
2005-10-01,Saudi Arabia,Saudi Arabia hike 25bp to 4.5%,monetary policy,standard,hike,25.0,SA,basis points,https://data.bis.org/topics/CBPOL
2005-10-01,Israel,Israel hike 25bp to 4.0%,monetary policy,standard,hike,25.0,IL,basis points,https://data.bis.org/topics/CBPOL
2005-10-01,Türkiye,Türkiye cut 25bp to 14.0%,monetary policy,standard,cut,-25.0,TR,basis points,https://data.bis.org/topics/CBPOL
2005-10-01,Brazil,Brazil cut 50bp to 19.0%,monetary policy,standard,cut,-50.0,BR,basis points,https://data.bis.org/topics/CBPOL
2005-10-01,North Macedonia,North Macedonia cut 15bp to 9.85%,monetary policy,minor,cut,-15.000000000000036,MK,basis points,https://data.bis.org/topics/CBPOL
2005-10-01,Argentina,Argentina hike 25bp to 4.5%,monetary policy,standard,hike,25.0,AR,basis points,https://data.bis.org/topics/CBPOL
2005-10-01,India,India hike 25bp to 6.25%,monetary policy,standard,hike,25.0,IN,basis points,https://data.bis.org/topics/CBPOL
2005-11-01,Norway,Norway hike 25bp to 2.25%,monetary policy,standard,hike,25.0,NO,basis points,https://data.bis.org/topics/CBPOL
2005-11-01,United States,United States hike 25bp to 4.0%,monetary policy,standard,hike,25.0,US,basis points,https://data.bis.org/topics/CBPOL
2005-11-01,Brazil,Brazil cut 50bp to 18.5%,monetary policy,standard,cut,-50.0,BR,basis points,https://data.bis.org/topics/CBPOL
2005-11-01,North Macedonia,North Macedonia cut 108bp to 8.77%,monetary policy,major,cut,-108.0,MK,basis points,https://data.bis.org/topics/CBPOL
2005-11-01,Türkiye,Türkiye cut 25bp to 13.75%,monetary policy,standard,cut,-25.0,TR,basis points,https://data.bis.org/topics/CBPOL
2005-11-01,Malaysia,Malaysia hike 30bp to 3.0%,monetary policy,standard,hike,29.999999999999982,MY,basis points,https://data.bis.org/topics/CBPOL
2005-11-01,Chile,Chile hike 25bp to 4.5%,monetary policy,standard,hike,25.0,CL,basis points,https://data.bis.org/topics/CBPOL
2005-11-01,Kuwait,Kuwait hike 25bp to 6.0%,monetary policy,standard,hike,25.0,KW,basis points,https://data.bis.org/topics/CBPOL
2005-11-01,Mexico,Mexico cut 25bp to 8.76%,monetary policy,standard,cut,-25.0,MX,basis points,https://data.bis.org/topics/CBPOL
2005-11-01,Hong Kong SAR,Hong Kong SAR hike 25bp to 5.5%,monetary policy,standard,hike,25.0,HK,basis points,https://data.bis.org/topics/CBPOL
2005-11-01,Indonesia,Indonesia hike 125bp to 12.25%,monetary policy,major,hike,125.0,ID,basis points,https://data.bis.org/topics/CBPOL
2005-11-01,Croatia,Croatia hike 182bp to 2.96%,monetary policy,major,hike,182.0,HR,basis points,https://data.bis.org/topics/CBPOL
2005-12-01,United States,United States hike 25bp to 4.25%,monetary policy,standard,hike,25.0,US,basis points,https://data.bis.org/topics/CBPOL
2005-12-01,Switzerland,Switzerland hike 25bp to 1.0%,monetary policy,standard,hike,25.0,CH,basis points,https://data.bis.org/topics/CBPOL
2005-12-01,Hong Kong SAR,Hong Kong SAR hike 25bp to 5.75%,monetary policy,standard,hike,25.0,HK,basis points,https://data.bis.org/topics/CBPOL
2005-12-01,Russia,Russia cut 100bp to 12.0%,monetary policy,major,cut,-100.0,RU,basis points,https://data.bis.org/topics/CBPOL
2005-12-01,Croatia,Croatia cut 32bp to 2.64%,monetary policy,standard,cut,-31.999999999999986,HR,basis points,https://data.bis.org/topics/CBPOL
2005-12-01,Canada,Canada hike 25bp to 3.25%,monetary policy,standard,hike,25.0,CA,basis points,https://data.bis.org/topics/CBPOL
2005-12-01,Argentina,Argentina hike 50bp to 5.0%,monetary policy,standard,hike,50.0,AR,basis points,https://data.bis.org/topics/CBPOL
2005-12-01,Korea,Korea hike 25bp to 3.75%,monetary policy,standard,hike,25.0,KR,basis points,https://data.bis.org/topics/CBPOL
2005-12-01,Brazil,Brazil cut 50bp to 18.0%,monetary policy,standard,cut,-50.0,BR,basis points,https://data.bis.org/topics/CBPOL
2005-12-01,Euro area,Euro area hike 25bp to 2.25%,monetary policy,standard,hike,25.0,XM,basis points,https://data.bis.org/topics/CBPOL
2005-12-01,Indonesia,Indonesia hike 50bp to 12.75%,monetary policy,standard,hike,50.0,ID,basis points,https://data.bis.org/topics/CBPOL
2005-12-01,Thailand,Thailand hike 25bp to 4.0%,monetary policy,standard,hike,25.0,TH,basis points,https://data.bis.org/topics/CBPOL
2005-12-01,Mexico,Mexico cut 49bp to 8.27%,monetary policy,standard,cut,-49.00000000000002,MX,basis points,https://data.bis.org/topics/CBPOL
2005-12-01,Saudi Arabia,Saudi Arabia hike 25bp to 4.75%,monetary policy,standard,hike,25.0,SA,basis points,https://data.bis.org/topics/CBPOL
2005-12-01,Iceland,Iceland hike 22bp to 9.97%,monetary policy,minor,hike,22.000000000000064,IS,basis points,https://data.bis.org/topics/CBPOL
2005-12-01,New Zealand,New Zealand hike 25bp to 7.25%,monetary policy,standard,hike,25.0,NZ,basis points,https://data.bis.org/topics/CBPOL
2005-12-01,North Macedonia,North Macedonia cut 40bp to 8.37%,monetary policy,standard,cut,-40.000000000000036,MK,basis points,https://data.bis.org/topics/CBPOL
2005-12-01,Israel,Israel hike 50bp to 4.5%,monetary policy,standard,hike,50.0,IL,basis points,https://data.bis.org/topics/CBPOL
2005-12-01,Türkiye,Türkiye cut 25bp to 13.5%,monetary policy,standard,cut,-25.0,TR,basis points,https://data.bis.org/topics/CBPOL
2005-12-01,Peru,Peru hike 25bp to 3.25%,monetary policy,standard,hike,25.0,PE,basis points,https://data.bis.org/topics/CBPOL
2005-12-01,Denmark,Denmark hike 25bp to 2.4%,monetary policy,standard,hike,25.0,DK,basis points,https://data.bis.org/topics/CBPOL
2006-01-01,Croatia,Croatia cut 173bp to 0.91%,monetary policy,major,cut,-173.0,HR,basis points,https://data.bis.org/topics/CBPOL
2006-01-01,United States,United States hike 25bp to 4.5%,monetary policy,standard,hike,25.0,US,basis points,https://data.bis.org/topics/CBPOL
2006-01-01,Thailand,Thailand hike 25bp to 4.25%,monetary policy,standard,hike,25.0,TH,basis points,https://data.bis.org/topics/CBPOL
2006-01-01,Iceland,Iceland hike 23bp to 10.2%,monetary policy,minor,hike,22.999999999999865,IS,basis points,https://data.bis.org/topics/CBPOL
2006-01-01,India,India hike 25bp to 6.5%,monetary policy,standard,hike,25.0,IN,basis points,https://data.bis.org/topics/CBPOL
2006-01-01,Brazil,Brazil cut 75bp to 17.25%,monetary policy,major,cut,-75.0,BR,basis points,https://data.bis.org/topics/CBPOL
2006-01-01,Sweden,Sweden hike 25bp to 1.75%,monetary policy,standard,hike,25.0,SE,basis points,https://data.bis.org/topics/CBPOL
2006-01-01,Canada,Canada hike 25bp to 3.5%,monetary policy,standard,hike,25.0,CA,basis points,https://data.bis.org/topics/CBPOL
2006-01-01,North Macedonia,North Macedonia cut 133bp to 7.04%,monetary policy,major,cut,-132.99999999999991,MK,basis points,https://data.bis.org/topics/CBPOL
2006-01-01,Peru,Peru hike 25bp to 3.5%,monetary policy,standard,hike,25.0,PE,basis points,https://data.bis.org/topics/CBPOL
2006-01-01,Israel,Israel hike 25bp to 4.75%,monetary policy,standard,hike,25.0,IL,basis points,https://data.bis.org/topics/CBPOL
2006-01-01,Mexico,Mexico cut 50bp to 7.77%,monetary policy,standard,cut,-50.0,MX,basis points,https://data.bis.org/topics/CBPOL
2006-02-01,Poland,Poland cut 25bp to 4.25%,monetary policy,standard,cut,-25.0,PL,basis points,https://data.bis.org/topics/CBPOL
2006-02-01,Malaysia,Malaysia hike 25bp to 3.25%,monetary policy,standard,hike,25.0,MY,basis points,https://data.bis.org/topics/CBPOL
2006-02-01,Mexico,Mexico cut 26bp to 7.51%,monetary policy,standard,cut,-25.99999999999998,MX,basis points,https://data.bis.org/topics/CBPOL
2006-02-01,Hong Kong SAR,Hong Kong SAR hike 25bp to 6.0%,monetary policy,standard,hike,25.0,HK,basis points,https://data.bis.org/topics/CBPOL
2006-02-01,Denmark,Denmark hike 10bp to 2.5%,monetary policy,minor,hike,10.000000000000009,DK,basis points,https://data.bis.org/topics/CBPOL
2006-02-01,Chile,Chile hike 25bp to 4.75%,monetary policy,standard,hike,25.0,CL,basis points,https://data.bis.org/topics/CBPOL
2006-02-01,Croatia,Croatia hike 36bp to 1.27%,monetary policy,standard,hike,36.0,HR,basis points,https://data.bis.org/topics/CBPOL
2006-02-01,Peru,Peru hike 25bp to 3.75%,monetary policy,standard,hike,25.0,PE,basis points,https://data.bis.org/topics/CBPOL
2006-02-01,Korea,Korea hike 25bp to 4.0%,monetary policy,standard,hike,25.0,KR,basis points,https://data.bis.org/topics/CBPOL
2006-02-01,Saudi Arabia,Saudi Arabia hike 25bp to 5.0%,monetary policy,standard,hike,25.0,SA,basis points,https://data.bis.org/topics/CBPOL
2006-02-01,Romania,Romania hike 100bp to 8.5%,monetary policy,major,hike,100.0,RO,basis points,https://data.bis.org/topics/CBPOL
2006-02-01,North Macedonia,North Macedonia hike 14bp to 7.18%,monetary policy,minor,hike,13.999999999999968,MK,basis points,https://data.bis.org/topics/CBPOL
2006-03-01,Poland,Poland cut 25bp to 4.0%,monetary policy,standard,cut,-25.0,PL,basis points,https://data.bis.org/topics/CBPOL
2006-03-01,Denmark,Denmark hike 25bp to 2.75%,monetary policy,standard,hike,25.0,DK,basis points,https://data.bis.org/topics/CBPOL
2006-03-01,Sweden,Sweden hike 25bp to 2.0%,monetary policy,standard,hike,25.0,SE,basis points,https://data.bis.org/topics/CBPOL
2006-03-01,Peru,Peru hike 25bp to 4.0%,monetary policy,standard,hike,25.0,PE,basis points,https://data.bis.org/topics/CBPOL
2006-03-01,Euro area,Euro area hike 25bp to 2.5%,monetary policy,standard,hike,25.0,XM,basis points,https://data.bis.org/topics/CBPOL
2006-03-01,Brazil,Brazil cut 75bp to 16.5%,monetary policy,major,cut,-75.0,BR,basis points,https://data.bis.org/topics/CBPOL
2006-03-01,Norway,Norway hike 25bp to 2.5%,monetary policy,standard,hike,25.0,NO,basis points,https://data.bis.org/topics/CBPOL
2006-03-01,Japan,Japan cut 15bp to 0.0%,monetary policy,minor,cut,-15.0,JP,basis points,https://data.bis.org/topics/CBPOL
2006-03-01,Thailand,Thailand hike 25bp to 4.5%,monetary policy,standard,hike,25.0,TH,basis points,https://data.bis.org/topics/CBPOL
2006-03-01,Israel,Israel hike 25bp to 5.0%,monetary policy,standard,hike,25.0,IL,basis points,https://data.bis.org/topics/CBPOL
2006-03-01,North Macedonia,North Macedonia cut 74bp to 6.44%,monetary policy,standard,cut,-73.99999999999993,MK,basis points,https://data.bis.org/topics/CBPOL
2006-03-01,Iceland,Iceland hike 67bp to 10.87%,monetary policy,standard,hike,67.0,IS,basis points,https://data.bis.org/topics/CBPOL
2006-03-01,United States,United States hike 25bp to 4.75%,monetary policy,standard,hike,25.0,US,basis points,https://data.bis.org/topics/CBPOL
2006-03-01,Croatia,Croatia hike 85bp to 2.12%,monetary policy,major,hike,85.00000000000001,HR,basis points,https://data.bis.org/topics/CBPOL
2006-03-01,Mexico,Mexico cut 24bp to 7.27%,monetary policy,minor,cut,-24.00000000000002,MX,basis points,https://data.bis.org/topics/CBPOL
2006-03-01,Canada,Canada hike 25bp to 3.75%,monetary policy,standard,hike,25.0,CA,basis points,https://data.bis.org/topics/CBPOL
2006-03-01,Switzerland,Switzerland hike 25bp to 1.25%,monetary policy,standard,hike,25.0,CH,basis points,https://data.bis.org/topics/CBPOL
2006-03-01,Hong Kong SAR,Hong Kong SAR hike 25bp to 6.25%,monetary policy,standard,hike,25.0,HK,basis points,https://data.bis.org/topics/CBPOL
2006-04-01,North Macedonia,North Macedonia cut 52bp to 5.92%,monetary policy,standard,cut,-52.00000000000004,MK,basis points,https://data.bis.org/topics/CBPOL
2006-04-01,Israel,Israel hike 25bp to 5.25%,monetary policy,standard,hike,25.0,IL,basis points,https://data.bis.org/topics/CBPOL
2006-04-01,Peru,Peru hike 25bp to 4.25%,monetary policy,standard,hike,25.0,PE,basis points,https://data.bis.org/topics/CBPOL
2006-04-01,Canada,Canada hike 25bp to 4.0%,monetary policy,standard,hike,25.0,CA,basis points,https://data.bis.org/topics/CBPOL
2006-04-01,Brazil,Brazil cut 75bp to 15.75%,monetary policy,major,cut,-75.0,BR,basis points,https://data.bis.org/topics/CBPOL
2006-04-01,China,China hike 27bp to 5.85%,monetary policy,standard,hike,26.999999999999957,CN,basis points,https://data.bis.org/topics/CBPOL
2006-04-01,Croatia,Croatia hike 29bp to 2.41%,monetary policy,standard,hike,29.000000000000004,HR,basis points,https://data.bis.org/topics/CBPOL
2006-04-01,Thailand,Thailand hike 25bp to 4.75%,monetary policy,standard,hike,25.0,TH,basis points,https://data.bis.org/topics/CBPOL
2006-04-01,Chile,Chile hike 25bp to 5.0%,monetary policy,standard,hike,25.0,CL,basis points,https://data.bis.org/topics/CBPOL
2006-04-01,Malaysia,Malaysia hike 25bp to 3.5%,monetary policy,standard,hike,25.0,MY,basis points,https://data.bis.org/topics/CBPOL
2006-04-01,Mexico,Mexico cut 22bp to 7.05%,monetary policy,minor,cut,-21.999999999999975,MX,basis points,https://data.bis.org/topics/CBPOL
2006-04-01,Türkiye,Türkiye cut 25bp to 13.25%,monetary policy,standard,cut,-25.0,TR,basis points,https://data.bis.org/topics/CBPOL
2006-05-01,North Macedonia,North Macedonia cut 22bp to 5.7%,monetary policy,minor,cut,-21.999999999999975,MK,basis points,https://data.bis.org/topics/CBPOL
2006-05-01,Mexico,Mexico cut 3bp to 7.02%,monetary policy,minor,cut,-3.000000000000025,MX,basis points,https://data.bis.org/topics/CBPOL
2006-05-01,Hong Kong SAR,Hong Kong SAR hike 25bp to 6.5%,monetary policy,standard,hike,25.0,HK,basis points,https://data.bis.org/topics/CBPOL
2006-05-01,Peru,Peru hike 25bp to 4.5%,monetary policy,standard,hike,25.0,PE,basis points,https://data.bis.org/topics/CBPOL
2006-05-01,United States,United States hike 25bp to 5.0%,monetary policy,standard,hike,25.0,US,basis points,https://data.bis.org/topics/CBPOL
2006-05-01,Indonesia,Indonesia cut 25bp to 12.5%,monetary policy,standard,cut,-25.0,ID,basis points,https://data.bis.org/topics/CBPOL
2006-05-01,Argentina,Argentina hike 50bp to 5.5%,monetary policy,standard,hike,50.0,AR,basis points,https://data.bis.org/topics/CBPOL
2006-05-01,Colombia,Colombia hike 25bp to 6.25%,monetary policy,standard,hike,25.0,CO,basis points,https://data.bis.org/topics/CBPOL
2006-05-01,Croatia,Croatia cut 119bp to 1.22%,monetary policy,major,cut,-119.00000000000001,HR,basis points,https://data.bis.org/topics/CBPOL
2006-05-01,Iceland,Iceland hike 67bp to 11.54%,monetary policy,standard,hike,67.0,IS,basis points,https://data.bis.org/topics/CBPOL
2006-05-01,Australia,Australia hike 25bp to 5.75%,monetary policy,standard,hike,25.0,AU,basis points,https://data.bis.org/topics/CBPOL
2006-05-01,Canada,Canada hike 25bp to 4.25%,monetary policy,standard,hike,25.0,CA,basis points,https://data.bis.org/topics/CBPOL
2006-06-01,Euro area,Euro area hike 25bp to 2.75%,monetary policy,standard,hike,25.0,XM,basis points,https://data.bis.org/topics/CBPOL
2006-06-01,Argentina,Argentina hike 25bp to 5.75%,monetary policy,standard,hike,25.0,AR,basis points,https://data.bis.org/topics/CBPOL
2006-06-01,Norway,Norway hike 25bp to 2.75%,monetary policy,standard,hike,25.0,NO,basis points,https://data.bis.org/topics/CBPOL
2006-06-01,Brazil,Brazil cut 50bp to 15.25%,monetary policy,standard,cut,-50.0,BR,basis points,https://data.bis.org/topics/CBPOL
2006-06-01,Hungary,Hungary hike 25bp to 6.25%,monetary policy,standard,hike,25.0,HU,basis points,https://data.bis.org/topics/CBPOL
2006-06-01,Hong Kong SAR,Hong Kong SAR hike 25bp to 6.75%,monetary policy,standard,hike,25.0,HK,basis points,https://data.bis.org/topics/CBPOL
2006-06-01,Croatia,Croatia hike 117bp to 2.39%,monetary policy,major,hike,117.00000000000001,HR,basis points,https://data.bis.org/topics/CBPOL
2006-06-01,Thailand,Thailand hike 25bp to 5.0%,monetary policy,standard,hike,25.0,TH,basis points,https://data.bis.org/topics/CBPOL
2006-06-01,Switzerland,Switzerland hike 25bp to 1.5%,monetary policy,standard,hike,25.0,CH,basis points,https://data.bis.org/topics/CBPOL
2006-06-01,Türkiye,Türkiye hike 400bp to 17.25%,monetary policy,major,hike,400.0,TR,basis points,https://data.bis.org/topics/CBPOL
2006-06-01,India,India hike 25bp to 6.75%,monetary policy,standard,hike,25.0,IN,basis points,https://data.bis.org/topics/CBPOL
2006-06-01,Mexico,Mexico hike 1bp to 7.03%,monetary policy,minor,hike,1.0000000000000675,MX,basis points,https://data.bis.org/topics/CBPOL
2006-06-01,South Africa,South Africa hike 50bp to 7.5%,monetary policy,standard,hike,50.0,ZA,basis points,https://data.bis.org/topics/CBPOL
2006-06-01,United States,United States hike 25bp to 5.25%,monetary policy,standard,hike,25.0,US,basis points,https://data.bis.org/topics/CBPOL
2006-06-01,Colombia,Colombia hike 25bp to 6.5%,monetary policy,standard,hike,25.0,CO,basis points,https://data.bis.org/topics/CBPOL
2006-06-01,Russia,Russia cut 50bp to 11.5%,monetary policy,standard,cut,-50.0,RU,basis points,https://data.bis.org/topics/CBPOL
2006-06-01,Sweden,Sweden hike 25bp to 2.25%,monetary policy,standard,hike,25.0,SE,basis points,https://data.bis.org/topics/CBPOL
2006-06-01,Romania,Romania hike 25bp to 8.75%,monetary policy,standard,hike,25.0,RO,basis points,https://data.bis.org/topics/CBPOL
2006-06-01,Korea,Korea hike 25bp to 4.25%,monetary policy,standard,hike,25.0,KR,basis points,https://data.bis.org/topics/CBPOL
2006-06-01,Denmark,Denmark hike 25bp to 3.0%,monetary policy,standard,hike,25.0,DK,basis points,https://data.bis.org/topics/CBPOL
2006-06-01,North Macedonia,North Macedonia cut 20bp to 5.5%,monetary policy,minor,cut,-20.000000000000018,MK,basis points,https://data.bis.org/topics/CBPOL
2006-07-01,Chile,Chile hike 25bp to 5.25%,monetary policy,standard,hike,25.0,CL,basis points,https://data.bis.org/topics/CBPOL
2006-07-01,Indonesia,Indonesia cut 25bp to 12.25%,monetary policy,standard,cut,-25.0,ID,basis points,https://data.bis.org/topics/CBPOL
2006-07-01,Israel,Israel hike 25bp to 5.5%,monetary policy,standard,hike,25.0,IL,basis points,https://data.bis.org/topics/CBPOL
2006-07-01,Hungary,Hungary hike 50bp to 6.75%,monetary policy,standard,hike,50.0,HU,basis points,https://data.bis.org/topics/CBPOL
2006-07-01,Kuwait,Kuwait hike 25bp to 6.25%,monetary policy,standard,hike,25.0,KW,basis points,https://data.bis.org/topics/CBPOL
2006-07-01,Czechia,Czechia hike 25bp to 2.25%,monetary policy,standard,hike,25.0,CZ,basis points,https://data.bis.org/topics/CBPOL
2006-07-01,Japan,Japan hike 25bp to 0.25%,monetary policy,standard,hike,25.0,JP,basis points,https://data.bis.org/topics/CBPOL
2006-07-01,Croatia,Croatia hike 61bp to 3.0%,monetary policy,standard,hike,60.999999999999986,HR,basis points,https://data.bis.org/topics/CBPOL
2006-07-01,Brazil,Brazil cut 50bp to 14.75%,monetary policy,standard,cut,-50.0,BR,basis points,https://data.bis.org/topics/CBPOL
2006-07-01,India,India hike 25bp to 7.0%,monetary policy,standard,hike,25.0,IN,basis points,https://data.bis.org/topics/CBPOL
2006-07-01,North Macedonia,North Macedonia hike 6bp to 5.56%,monetary policy,minor,hike,5.999999999999961,MK,basis points,https://data.bis.org/topics/CBPOL
2006-07-01,Saudi Arabia,Saudi Arabia hike 20bp to 5.2%,monetary policy,minor,hike,20.000000000000018,SA,basis points,https://data.bis.org/topics/CBPOL
2006-07-01,Iceland,Iceland hike 67bp to 12.21%,monetary policy,standard,hike,67.00000000000017,IS,basis points,https://data.bis.org/topics/CBPOL
2006-07-01,Türkiye,Türkiye hike 25bp to 17.5%,monetary policy,standard,hike,25.0,TR,basis points,https://data.bis.org/topics/CBPOL
2006-08-01,Norway,Norway hike 25bp to 3.0%,monetary policy,standard,hike,25.0,NO,basis points,https://data.bis.org/topics/CBPOL
2006-08-01,Colombia,Colombia hike 25bp to 6.75%,monetary policy,standard,hike,25.0,CO,basis points,https://data.bis.org/topics/CBPOL
2006-08-01,Denmark,Denmark hike 25bp to 3.25%,monetary policy,standard,hike,25.0,DK,basis points,https://data.bis.org/topics/CBPOL
2006-08-01,Iceland,Iceland hike 44bp to 12.65%,monetary policy,standard,hike,43.99999999999995,IS,basis points,https://data.bis.org/topics/CBPOL
2006-08-01,United Kingdom,United Kingdom hike 25bp to 4.75%,monetary policy,standard,hike,25.0,GB,basis points,https://data.bis.org/topics/CBPOL
2006-08-01,Brazil,Brazil cut 50bp to 14.25%,monetary policy,standard,cut,-50.0,BR,basis points,https://data.bis.org/topics/CBPOL
2006-08-01,Croatia,Croatia cut 42bp to 2.58%,monetary policy,standard,cut,-41.99999999999999,HR,basis points,https://data.bis.org/topics/CBPOL
2006-08-01,South Africa,South Africa hike 50bp to 8.0%,monetary policy,standard,hike,50.0,ZA,basis points,https://data.bis.org/topics/CBPOL
2006-08-01,Indonesia,Indonesia cut 50bp to 11.75%,monetary policy,standard,cut,-50.0,ID,basis points,https://data.bis.org/topics/CBPOL
2006-08-01,North Macedonia,North Macedonia cut 6bp to 5.5%,monetary policy,minor,cut,-5.999999999999961,MK,basis points,https://data.bis.org/topics/CBPOL
2006-08-01,Hungary,Hungary hike 50bp to 7.25%,monetary policy,standard,hike,50.0,HU,basis points,https://data.bis.org/topics/CBPOL
2006-08-01,Euro area,Euro area hike 25bp to 3.0%,monetary policy,standard,hike,25.0,XM,basis points,https://data.bis.org/topics/CBPOL
2006-08-01,Korea,Korea hike 25bp to 4.5%,monetary policy,standard,hike,25.0,KR,basis points,https://data.bis.org/topics/CBPOL
2006-08-01,China,China hike 27bp to 6.12%,monetary policy,standard,hike,27.000000000000046,CN,basis points,https://data.bis.org/topics/CBPOL
2006-08-01,Australia,Australia hike 25bp to 6.0%,monetary policy,standard,hike,25.0,AU,basis points,https://data.bis.org/topics/CBPOL
2006-09-01,Czechia,Czechia hike 25bp to 2.5%,monetary policy,standard,hike,25.0,CZ,basis points,https://data.bis.org/topics/CBPOL
2006-09-01,Indonesia,Indonesia cut 50bp to 11.25%,monetary policy,standard,cut,-50.0,ID,basis points,https://data.bis.org/topics/CBPOL
2006-09-01,Croatia,Croatia hike 25bp to 2.83%,monetary policy,standard,hike,25.0,HR,basis points,https://data.bis.org/topics/CBPOL
2006-09-01,Iceland,Iceland hike 44bp to 13.09%,monetary policy,standard,hike,43.99999999999995,IS,basis points,https://data.bis.org/topics/CBPOL
2006-09-01,Serbia,Serbia hike 950bp to 18.0%,monetary policy,major,hike,950.0,RS,basis points,https://data.bis.org/topics/CBPOL
2006-09-01,Mexico,Mexico hike 2bp to 7.05%,monetary policy,minor,hike,1.9999999999999574,MX,basis points,https://data.bis.org/topics/CBPOL
2006-09-01,Switzerland,Switzerland hike 25bp to 1.75%,monetary policy,standard,hike,25.0,CH,basis points,https://data.bis.org/topics/CBPOL
2006-09-01,Hungary,Hungary hike 50bp to 7.75%,monetary policy,standard,hike,50.0,HU,basis points,https://data.bis.org/topics/CBPOL
2006-09-01,Sweden,Sweden hike 25bp to 2.5%,monetary policy,standard,hike,25.0,SE,basis points,https://data.bis.org/topics/CBPOL
2006-09-01,North Macedonia,North Macedonia cut 16bp to 5.34%,monetary policy,minor,cut,-16.000000000000014,MK,basis points,https://data.bis.org/topics/CBPOL
2006-10-01,Israel,Israel cut 25bp to 5.25%,monetary policy,standard,cut,-25.0,IL,basis points,https://data.bis.org/topics/CBPOL
2006-10-01,South Africa,South Africa hike 50bp to 8.5%,monetary policy,standard,hike,50.0,ZA,basis points,https://data.bis.org/topics/CBPOL
2006-10-01,Brazil,Brazil cut 50bp to 13.75%,monetary policy,standard,cut,-50.0,BR,basis points,https://data.bis.org/topics/CBPOL
2006-10-01,Croatia,Croatia cut 58bp to 2.25%,monetary policy,standard,cut,-58.00000000000001,HR,basis points,https://data.bis.org/topics/CBPOL
2006-10-01,Hungary,Hungary hike 25bp to 8.0%,monetary policy,standard,hike,25.0,HU,basis points,https://data.bis.org/topics/CBPOL
2006-10-01,Russia,Russia cut 50bp to 11.0%,monetary policy,standard,cut,-50.0,RU,basis points,https://data.bis.org/topics/CBPOL
2006-10-01,North Macedonia,North Macedonia hike 38bp to 5.72%,monetary policy,standard,hike,37.999999999999986,MK,basis points,https://data.bis.org/topics/CBPOL
2006-10-01,Indonesia,Indonesia cut 50bp to 10.75%,monetary policy,standard,cut,-50.0,ID,basis points,https://data.bis.org/topics/CBPOL
2006-10-01,Euro area,Euro area hike 25bp to 3.25%,monetary policy,standard,hike,25.0,XM,basis points,https://data.bis.org/topics/CBPOL
2006-10-01,Denmark,Denmark hike 25bp to 3.5%,monetary policy,standard,hike,25.0,DK,basis points,https://data.bis.org/topics/CBPOL
2006-10-01,Argentina,Argentina hike 25bp to 6.0%,monetary policy,standard,hike,25.0,AR,basis points,https://data.bis.org/topics/CBPOL
2006-10-01,India,India hike 25bp to 7.25%,monetary policy,standard,hike,25.0,IN,basis points,https://data.bis.org/topics/CBPOL
2006-10-01,Colombia,Colombia hike 50bp to 7.25%,monetary policy,standard,hike,50.0,CO,basis points,https://data.bis.org/topics/CBPOL
2006-11-01,United Kingdom,United Kingdom hike 25bp to 5.0%,monetary policy,standard,hike,25.0,GB,basis points,https://data.bis.org/topics/CBPOL
2006-11-01,Serbia,Serbia cut 150bp to 16.5%,monetary policy,major,cut,-150.0,RS,basis points,https://data.bis.org/topics/CBPOL
2006-11-01,Brazil,Brazil cut 50bp to 13.25%,monetary policy,standard,cut,-50.0,BR,basis points,https://data.bis.org/topics/CBPOL
2006-11-01,Sweden,Sweden hike 25bp to 2.75%,monetary policy,standard,hike,25.0,SE,basis points,https://data.bis.org/topics/CBPOL
2006-11-01,Croatia,Croatia cut 131bp to 0.94%,monetary policy,major,cut,-131.0,HR,basis points,https://data.bis.org/topics/CBPOL
2006-11-01,Norway,Norway hike 25bp to 3.25%,monetary policy,standard,hike,25.0,NO,basis points,https://data.bis.org/topics/CBPOL
2006-11-01,Israel,Israel cut 25bp to 5.0%,monetary policy,standard,cut,-25.0,IL,basis points,https://data.bis.org/topics/CBPOL
2006-11-01,North Macedonia,North Macedonia hike 9bp to 5.81%,monetary policy,minor,hike,8.999999999999986,MK,basis points,https://data.bis.org/topics/CBPOL
2006-11-01,Indonesia,Indonesia cut 50bp to 10.25%,monetary policy,standard,cut,-50.0,ID,basis points,https://data.bis.org/topics/CBPOL
2006-11-01,Argentina,Argentina hike 25bp to 6.25%,monetary policy,standard,hike,25.0,AR,basis points,https://data.bis.org/topics/CBPOL
2006-11-01,Australia,Australia hike 25bp to 6.25%,monetary policy,standard,hike,25.0,AU,basis points,https://data.bis.org/topics/CBPOL
2006-12-01,Colombia,Colombia hike 25bp to 7.5%,monetary policy,standard,hike,25.0,CO,basis points,https://data.bis.org/topics/CBPOL
2006-12-01,Norway,Norway hike 25bp to 3.5%,monetary policy,standard,hike,25.0,NO,basis points,https://data.bis.org/topics/CBPOL
2006-12-01,Serbia,Serbia cut 250bp to 14.0%,monetary policy,major,cut,-250.0,RS,basis points,https://data.bis.org/topics/CBPOL
2006-12-01,Israel,Israel cut 50bp to 4.5%,monetary policy,standard,cut,-50.0,IL,basis points,https://data.bis.org/topics/CBPOL
2006-12-01,Switzerland,Switzerland hike 25bp to 2.0%,monetary policy,standard,hike,25.0,CH,basis points,https://data.bis.org/topics/CBPOL
2006-12-01,Denmark,Denmark hike 25bp to 3.75%,monetary policy,standard,hike,25.0,DK,basis points,https://data.bis.org/topics/CBPOL
2006-12-01,Mexico,Mexico cut 3bp to 7.02%,monetary policy,minor,cut,-3.000000000000025,MX,basis points,https://data.bis.org/topics/CBPOL
2006-12-01,Indonesia,Indonesia cut 50bp to 9.75%,monetary policy,standard,cut,-50.0,ID,basis points,https://data.bis.org/topics/CBPOL
2006-12-01,Euro area,Euro area hike 25bp to 3.5%,monetary policy,standard,hike,25.0,XM,basis points,https://data.bis.org/topics/CBPOL
2006-12-01,Croatia,Croatia hike 238bp to 3.32%,monetary policy,major,hike,238.0,HR,basis points,https://data.bis.org/topics/CBPOL
2006-12-01,South Africa,South Africa hike 50bp to 9.0%,monetary policy,standard,hike,50.0,ZA,basis points,https://data.bis.org/topics/CBPOL
2006-12-01,Sweden,Sweden hike 25bp to 3.0%,monetary policy,standard,hike,25.0,SE,basis points,https://data.bis.org/topics/CBPOL
2006-12-01,Iceland,Iceland hike 21bp to 13.3%,monetary policy,minor,hike,21.000000000000085,IS,basis points,https://data.bis.org/topics/CBPOL
2007-01-01,India,India hike 25bp to 7.5%,monetary policy,standard,hike,25.0,IN,basis points,https://data.bis.org/topics/CBPOL
2007-01-01,North Macedonia,North Macedonia cut 23bp to 5.58%,monetary policy,minor,cut,-22.999999999999954,MK,basis points,https://data.bis.org/topics/CBPOL
2007-01-01,Serbia,Serbia cut 100bp to 13.0%,monetary policy,major,cut,-100.0,RS,basis points,https://data.bis.org/topics/CBPOL
2007-01-01,Croatia,Croatia cut 49bp to 2.83%,monetary policy,standard,cut,-48.99999999999998,HR,basis points,https://data.bis.org/topics/CBPOL
2007-01-01,United Kingdom,United Kingdom hike 25bp to 5.25%,monetary policy,standard,hike,25.0,GB,basis points,https://data.bis.org/topics/CBPOL
2007-01-01,Thailand,Thailand cut 25bp to 4.75%,monetary policy,standard,cut,-25.0,TH,basis points,https://data.bis.org/topics/CBPOL
2007-01-01,Colombia,Colombia hike 25bp to 7.75%,monetary policy,standard,hike,25.0,CO,basis points,https://data.bis.org/topics/CBPOL
2007-01-01,Brazil,Brazil cut 25bp to 13.0%,monetary policy,standard,cut,-25.0,BR,basis points,https://data.bis.org/topics/CBPOL
2007-01-01,Indonesia,Indonesia cut 25bp to 9.5%,monetary policy,standard,cut,-25.0,ID,basis points,https://data.bis.org/topics/CBPOL
2007-01-01,Argentina,Argentina hike 25bp to 6.5%,monetary policy,standard,hike,25.0,AR,basis points,https://data.bis.org/topics/CBPOL
2007-01-01,Norway,Norway hike 25bp to 3.75%,monetary policy,standard,hike,25.0,NO,basis points,https://data.bis.org/topics/CBPOL
2007-01-01,Chile,Chile cut 25bp to 5.0%,monetary policy,standard,cut,-25.0,CL,basis points,https://data.bis.org/topics/CBPOL
2007-01-01,Russia,Russia cut 50bp to 10.5%,monetary policy,standard,cut,-50.0,RU,basis points,https://data.bis.org/topics/CBPOL
2007-02-01,Indonesia,Indonesia cut 25bp to 9.25%,monetary policy,standard,cut,-25.0,ID,basis points,https://data.bis.org/topics/CBPOL
2007-02-01,Croatia,Croatia hike 16bp to 2.99%,monetary policy,minor,hike,16.000000000000014,HR,basis points,https://data.bis.org/topics/CBPOL
2007-02-01,Japan,Japan hike 25bp to 0.5%,monetary policy,standard,hike,25.0,JP,basis points,https://data.bis.org/topics/CBPOL
2007-02-01,North Macedonia,North Macedonia cut 22bp to 5.36%,monetary policy,minor,cut,-21.999999999999975,MK,basis points,https://data.bis.org/topics/CBPOL
2007-02-01,Colombia,Colombia hike 25bp to 8.0%,monetary policy,standard,hike,25.0,CO,basis points,https://data.bis.org/topics/CBPOL
2007-02-01,Sweden,Sweden hike 25bp to 3.25%,monetary policy,standard,hike,25.0,SE,basis points,https://data.bis.org/topics/CBPOL
2007-02-01,Saudi Arabia,Saudi Arabia hike 30bp to 5.5%,monetary policy,standard,hike,29.999999999999982,SA,basis points,https://data.bis.org/topics/CBPOL
2007-02-01,Israel,Israel cut 25bp to 4.25%,monetary policy,standard,cut,-25.0,IL,basis points,https://data.bis.org/topics/CBPOL
2007-02-01,Mexico,Mexico hike 6bp to 7.08%,monetary policy,minor,hike,6.00000000000005,MX,basis points,https://data.bis.org/topics/CBPOL
2007-02-01,Thailand,Thailand cut 25bp to 4.5%,monetary policy,standard,cut,-25.0,TH,basis points,https://data.bis.org/topics/CBPOL
2007-02-01,Romania,Romania cut 75bp to 8.0%,monetary policy,major,cut,-75.0,RO,basis points,https://data.bis.org/topics/CBPOL
2007-02-01,Argentina,Argentina hike 25bp to 6.75%,monetary policy,standard,hike,25.0,AR,basis points,https://data.bis.org/topics/CBPOL
2007-03-01,Colombia,Colombia hike 25bp to 8.25%,monetary policy,standard,hike,25.0,CO,basis points,https://data.bis.org/topics/CBPOL
2007-03-01,North Macedonia,North Macedonia cut 11bp to 5.25%,monetary policy,minor,cut,-11.000000000000032,MK,basis points,https://data.bis.org/topics/CBPOL
2007-03-01,Switzerland,Switzerland hike 25bp to 2.25%,monetary policy,standard,hike,25.0,CH,basis points,https://data.bis.org/topics/CBPOL
2007-03-01,Romania,Romania cut 50bp to 7.5%,monetary policy,standard,cut,-50.0,RO,basis points,https://data.bis.org/topics/CBPOL
2007-03-01,Norway,Norway hike 25bp to 4.0%,monetary policy,standard,hike,25.0,NO,basis points,https://data.bis.org/topics/CBPOL
2007-03-01,New Zealand,New Zealand hike 25bp to 7.5%,monetary policy,standard,hike,25.0,NZ,basis points,https://data.bis.org/topics/CBPOL
2007-03-01,Croatia,Croatia hike 84bp to 3.83%,monetary policy,major,hike,83.99999999999999,HR,basis points,https://data.bis.org/topics/CBPOL
2007-03-01,Mexico,Mexico cut 4bp to 7.04%,monetary policy,minor,cut,-4.0000000000000036,MX,basis points,https://data.bis.org/topics/CBPOL
2007-03-01,Serbia,Serbia cut 250bp to 10.5%,monetary policy,major,cut,-250.0,RS,basis points,https://data.bis.org/topics/CBPOL
2007-03-01,Argentina,Argentina hike 365bp to 10.4%,monetary policy,major,hike,365.00000000000006,AR,basis points,https://data.bis.org/topics/CBPOL
2007-03-01,Euro area,Euro area hike 25bp to 3.75%,monetary policy,standard,hike,25.0,XM,basis points,https://data.bis.org/topics/CBPOL
2007-03-01,Brazil,Brazil cut 25bp to 12.75%,monetary policy,standard,cut,-25.0,BR,basis points,https://data.bis.org/topics/CBPOL
2007-03-01,Denmark,Denmark hike 25bp to 4.0%,monetary policy,standard,hike,25.0,DK,basis points,https://data.bis.org/topics/CBPOL
2007-03-01,China,China hike 27bp to 6.39%,monetary policy,standard,hike,26.999999999999957,CN,basis points,https://data.bis.org/topics/CBPOL
2007-03-01,Indonesia,Indonesia cut 25bp to 9.0%,monetary policy,standard,cut,-25.0,ID,basis points,https://data.bis.org/topics/CBPOL
2007-03-01,Israel,Israel cut 25bp to 4.0%,monetary policy,standard,cut,-25.0,IL,basis points,https://data.bis.org/topics/CBPOL
2007-04-01,Argentina,Argentina cut 9bp to 10.31%,monetary policy,minor,cut,-8.999999999999986,AR,basis points,https://data.bis.org/topics/CBPOL
2007-04-01,India,India hike 25bp to 7.75%,monetary policy,standard,hike,25.0,IN,basis points,https://data.bis.org/topics/CBPOL
2007-04-01,Brazil,Brazil cut 25bp to 12.5%,monetary policy,standard,cut,-25.0,BR,basis points,https://data.bis.org/topics/CBPOL
2007-04-01,Poland,Poland hike 25bp to 4.25%,monetary policy,standard,hike,25.0,PL,basis points,https://data.bis.org/topics/CBPOL
2007-04-01,North Macedonia,North Macedonia cut 20bp to 5.05%,monetary policy,minor,cut,-20.000000000000018,MK,basis points,https://data.bis.org/topics/CBPOL
2007-04-01,New Zealand,New Zealand hike 25bp to 7.75%,monetary policy,standard,hike,25.0,NZ,basis points,https://data.bis.org/topics/CBPOL
2007-04-01,Thailand,Thailand cut 50bp to 4.0%,monetary policy,standard,cut,-50.0,TH,basis points,https://data.bis.org/topics/CBPOL
2007-04-01,Mexico,Mexico hike 22bp to 7.26%,monetary policy,minor,hike,21.999999999999975,MX,basis points,https://data.bis.org/topics/CBPOL
2007-04-01,Israel,Israel cut 25bp to 3.75%,monetary policy,standard,cut,-25.0,IL,basis points,https://data.bis.org/topics/CBPOL
2007-04-01,Croatia,Croatia hike 38bp to 4.21%,monetary policy,standard,hike,37.999999999999986,HR,basis points,https://data.bis.org/topics/CBPOL
2007-05-01,Indonesia,Indonesia cut 25bp to 8.75%,monetary policy,standard,cut,-25.0,ID,basis points,https://data.bis.org/topics/CBPOL
2007-05-01,Argentina,Argentina hike 2bp to 10.33%,monetary policy,minor,hike,1.9999999999999574,AR,basis points,https://data.bis.org/topics/CBPOL
2007-05-01,Romania,Romania cut 25bp to 7.25%,monetary policy,standard,cut,-25.0,RO,basis points,https://data.bis.org/topics/CBPOL
2007-05-01,Croatia,Croatia cut 40bp to 3.81%,monetary policy,standard,cut,-39.99999999999999,HR,basis points,https://data.bis.org/topics/CBPOL
2007-05-01,Norway,Norway hike 25bp to 4.25%,monetary policy,standard,hike,25.0,NO,basis points,https://data.bis.org/topics/CBPOL
2007-05-01,Colombia,Colombia hike 50bp to 8.75%,monetary policy,standard,hike,50.0,CO,basis points,https://data.bis.org/topics/CBPOL
2007-05-01,Israel,Israel cut 25bp to 3.5%,monetary policy,standard,cut,-25.0,IL,basis points,https://data.bis.org/topics/CBPOL
2007-05-01,Thailand,Thailand cut 50bp to 3.5%,monetary policy,standard,cut,-50.0,TH,basis points,https://data.bis.org/topics/CBPOL
2007-05-01,North Macedonia,North Macedonia cut 5bp to 5.0%,monetary policy,minor,cut,-4.999999999999982,MK,basis points,https://data.bis.org/topics/CBPOL
2007-05-01,Serbia,Serbia cut 50bp to 10.0%,monetary policy,standard,cut,-50.0,RS,basis points,https://data.bis.org/topics/CBPOL
2007-05-01,United Kingdom,United Kingdom hike 25bp to 5.5%,monetary policy,standard,hike,25.0,GB,basis points,https://data.bis.org/topics/CBPOL
2007-05-01,China,China hike 18bp to 6.57%,monetary policy,minor,hike,18.00000000000006,CN,basis points,https://data.bis.org/topics/CBPOL
2007-05-01,Mexico,Mexico hike 4bp to 7.3%,monetary policy,minor,hike,4.0000000000000036,MX,basis points,https://data.bis.org/topics/CBPOL
2007-06-01,Serbia,Serbia cut 50bp to 9.5%,monetary policy,standard,cut,-50.0,RS,basis points,https://data.bis.org/topics/CBPOL
2007-06-01,Euro area,Euro area hike 25bp to 4.0%,monetary policy,standard,hike,25.0,XM,basis points,https://data.bis.org/topics/CBPOL
2007-06-01,Indonesia,Indonesia cut 25bp to 8.5%,monetary policy,standard,cut,-25.0,ID,basis points,https://data.bis.org/topics/CBPOL
2007-06-01,Russia,Russia cut 50bp to 10.0%,monetary policy,standard,cut,-50.0,RU,basis points,https://data.bis.org/topics/CBPOL
2007-06-01,North Macedonia,North Macedonia cut 2bp to 4.98%,monetary policy,minor,cut,-1.9999999999999574,MK,basis points,https://data.bis.org/topics/CBPOL
2007-06-01,South Africa,South Africa hike 50bp to 9.5%,monetary policy,standard,hike,50.0,ZA,basis points,https://data.bis.org/topics/CBPOL
2007-06-01,Sweden,Sweden hike 25bp to 3.5%,monetary policy,standard,hike,25.0,SE,basis points,https://data.bis.org/topics/CBPOL
2007-06-01,Croatia,Croatia hike 460bp to 8.41%,monetary policy,major,hike,459.99999999999994,HR,basis points,https://data.bis.org/topics/CBPOL
2007-06-01,Brazil,Brazil cut 50bp to 12.0%,monetary policy,standard,cut,-50.0,BR,basis points,https://data.bis.org/topics/CBPOL
2007-06-01,Romania,Romania cut 25bp to 7.0%,monetary policy,standard,cut,-25.0,RO,basis points,https://data.bis.org/topics/CBPOL
2007-06-01,Poland,Poland hike 25bp to 4.5%,monetary policy,standard,hike,25.0,PL,basis points,https://data.bis.org/topics/CBPOL
2007-06-01,Switzerland,Switzerland hike 25bp to 2.5%,monetary policy,standard,hike,25.0,CH,basis points,https://data.bis.org/topics/CBPOL
2007-06-01,New Zealand,New Zealand hike 25bp to 8.0%,monetary policy,standard,hike,25.0,NZ,basis points,https://data.bis.org/topics/CBPOL
2007-06-01,Argentina,Argentina cut 8bp to 10.25%,monetary policy,minor,cut,-8.000000000000007,AR,basis points,https://data.bis.org/topics/CBPOL
2007-06-01,Czechia,Czechia hike 25bp to 2.75%,monetary policy,standard,hike,25.0,CZ,basis points,https://data.bis.org/topics/CBPOL
2007-06-01,Hungary,Hungary cut 25bp to 7.75%,monetary policy,standard,cut,-25.0,HU,basis points,https://data.bis.org/topics/CBPOL
2007-06-01,Norway,Norway hike 25bp to 4.5%,monetary policy,standard,hike,25.0,NO,basis points,https://data.bis.org/topics/CBPOL
2007-06-01,Denmark,Denmark hike 25bp to 4.25%,monetary policy,standard,hike,25.0,DK,basis points,https://data.bis.org/topics/CBPOL
2007-06-01,Colombia,Colombia hike 25bp to 9.0%,monetary policy,standard,hike,25.0,CO,basis points,https://data.bis.org/topics/CBPOL
2007-07-01,Czechia,Czechia hike 25bp to 3.0%,monetary policy,standard,hike,25.0,CZ,basis points,https://data.bis.org/topics/CBPOL
2007-07-01,North Macedonia,North Macedonia hike 19bp to 5.17%,monetary policy,minor,hike,18.99999999999995,MK,basis points,https://data.bis.org/topics/CBPOL
2007-07-01,Israel,Israel hike 25bp to 3.75%,monetary policy,standard,hike,25.0,IL,basis points,https://data.bis.org/topics/CBPOL
2007-07-01,Argentina,Argentina hike 6bp to 10.31%,monetary policy,minor,hike,6.00000000000005,AR,basis points,https://data.bis.org/topics/CBPOL
2007-07-01,Chile,Chile hike 25bp to 5.25%,monetary policy,standard,hike,25.0,CL,basis points,https://data.bis.org/topics/CBPOL
2007-07-01,Korea,Korea hike 25bp to 4.75%,monetary policy,standard,hike,25.0,KR,basis points,https://data.bis.org/topics/CBPOL
2007-07-01,China,China hike 27bp to 6.84%,monetary policy,standard,hike,26.999999999999957,CN,basis points,https://data.bis.org/topics/CBPOL
2007-07-01,Philippines,Philippines cut 150bp to 6.0%,monetary policy,major,cut,-150.0,PH,basis points,https://data.bis.org/topics/CBPOL
2007-07-01,United Kingdom,United Kingdom hike 25bp to 5.75%,monetary policy,standard,hike,25.0,GB,basis points,https://data.bis.org/topics/CBPOL
2007-07-01,Thailand,Thailand cut 25bp to 3.25%,monetary policy,standard,cut,-25.0,TH,basis points,https://data.bis.org/topics/CBPOL
2007-07-01,Brazil,Brazil cut 50bp to 11.5%,monetary policy,standard,cut,-50.0,BR,basis points,https://data.bis.org/topics/CBPOL
2007-07-01,New Zealand,New Zealand hike 25bp to 8.25%,monetary policy,standard,hike,25.0,NZ,basis points,https://data.bis.org/topics/CBPOL
2007-07-01,Indonesia,Indonesia cut 25bp to 8.25%,monetary policy,standard,cut,-25.0,ID,basis points,https://data.bis.org/topics/CBPOL
2007-07-01,Canada,Canada hike 25bp to 4.5%,monetary policy,standard,hike,25.0,CA,basis points,https://data.bis.org/topics/CBPOL
2007-07-01,Peru,Peru hike 25bp to 4.75%,monetary policy,standard,hike,25.0,PE,basis points,https://data.bis.org/topics/CBPOL
2007-07-01,Croatia,Croatia cut 513bp to 3.28%,monetary policy,major,cut,-513.0000000000001,HR,basis points,https://data.bis.org/topics/CBPOL
2007-07-01,Colombia,Colombia hike 25bp to 9.25%,monetary policy,standard,hike,25.0,CO,basis points,https://data.bis.org/topics/CBPOL
2007-08-01,Poland,Poland hike 25bp to 4.75%,monetary policy,standard,hike,25.0,PL,basis points,https://data.bis.org/topics/CBPOL
2007-08-01,Israel,Israel hike 25bp to 4.0%,monetary policy,standard,hike,25.0,IL,basis points,https://data.bis.org/topics/CBPOL
2007-08-01,North Macedonia,North Macedonia cut 6bp to 5.11%,monetary policy,minor,cut,-5.999999999999961,MK,basis points,https://data.bis.org/topics/CBPOL
2007-08-01,Norway,Norway hike 25bp to 4.75%,monetary policy,standard,hike,25.0,NO,basis points,https://data.bis.org/topics/CBPOL
2007-08-01,Korea,Korea hike 25bp to 5.0%,monetary policy,standard,hike,25.0,KR,basis points,https://data.bis.org/topics/CBPOL
2007-08-01,China,China hike 18bp to 7.02%,monetary policy,minor,hike,17.99999999999997,CN,basis points,https://data.bis.org/topics/CBPOL
2007-08-01,Serbia,Serbia hike 25bp to 9.75%,monetary policy,standard,hike,25.0,RS,basis points,https://data.bis.org/topics/CBPOL
2007-08-01,Argentina,Argentina hike 19bp to 10.5%,monetary policy,minor,hike,18.99999999999995,AR,basis points,https://data.bis.org/topics/CBPOL
2007-08-01,Chile,Chile hike 25bp to 5.5%,monetary policy,standard,hike,25.0,CL,basis points,https://data.bis.org/topics/CBPOL
2007-08-01,Czechia,Czechia hike 25bp to 3.25%,monetary policy,standard,hike,25.0,CZ,basis points,https://data.bis.org/topics/CBPOL
2007-08-01,South Africa,South Africa hike 50bp to 10.0%,monetary policy,standard,hike,50.0,ZA,basis points,https://data.bis.org/topics/CBPOL
2007-08-01,Australia,Australia hike 25bp to 6.5%,monetary policy,standard,hike,25.0,AU,basis points,https://data.bis.org/topics/CBPOL
2007-08-01,Croatia,Croatia cut 27bp to 3.01%,monetary policy,standard,cut,-27.0,HR,basis points,https://data.bis.org/topics/CBPOL
2007-09-01,Sweden,Sweden hike 25bp to 3.75%,monetary policy,standard,hike,25.0,SE,basis points,https://data.bis.org/topics/CBPOL
2007-09-01,Hong Kong SAR,Hong Kong SAR cut 50bp to 6.25%,monetary policy,standard,cut,-50.0,HK,basis points,https://data.bis.org/topics/CBPOL
2007-09-01,China,China hike 27bp to 7.29%,monetary policy,standard,hike,27.000000000000046,CN,basis points,https://data.bis.org/topics/CBPOL
2007-09-01,North Macedonia,North Macedonia cut 43bp to 4.68%,monetary policy,standard,cut,-43.00000000000006,MK,basis points,https://data.bis.org/topics/CBPOL
2007-09-01,Brazil,Brazil cut 25bp to 11.25%,monetary policy,standard,cut,-25.0,BR,basis points,https://data.bis.org/topics/CBPOL
2007-09-01,Argentina,Argentina cut 13bp to 10.37%,monetary policy,minor,cut,-13.000000000000078,AR,basis points,https://data.bis.org/topics/CBPOL
2007-09-01,United States,United States cut 50bp to 4.75%,monetary policy,standard,cut,-50.0,US,basis points,https://data.bis.org/topics/CBPOL
2007-09-01,Chile,Chile hike 25bp to 5.75%,monetary policy,standard,hike,25.0,CL,basis points,https://data.bis.org/topics/CBPOL
2007-09-01,Norway,Norway hike 25bp to 5.0%,monetary policy,standard,hike,25.0,NO,basis points,https://data.bis.org/topics/CBPOL
2007-09-01,Croatia,Croatia hike 820bp to 11.21%,monetary policy,major,hike,820.0000000000001,HR,basis points,https://data.bis.org/topics/CBPOL
2007-09-01,Peru,Peru hike 25bp to 5.0%,monetary policy,standard,hike,25.0,PE,basis points,https://data.bis.org/topics/CBPOL
2007-09-01,Hungary,Hungary cut 25bp to 7.5%,monetary policy,standard,cut,-25.0,HU,basis points,https://data.bis.org/topics/CBPOL
2007-09-01,Türkiye,Türkiye cut 25bp to 17.25%,monetary policy,standard,cut,-25.0,TR,basis points,https://data.bis.org/topics/CBPOL
2007-09-01,Switzerland,Switzerland hike 25bp to 2.75%,monetary policy,standard,hike,25.0,CH,basis points,https://data.bis.org/topics/CBPOL
2007-10-01,Türkiye,Türkiye cut 50bp to 16.75%,monetary policy,standard,cut,-50.0,TR,basis points,https://data.bis.org/topics/CBPOL
2007-10-01,South Africa,South Africa hike 50bp to 10.5%,monetary policy,standard,hike,50.0,ZA,basis points,https://data.bis.org/topics/CBPOL
2007-10-01,Sweden,Sweden hike 25bp to 4.0%,monetary policy,standard,hike,25.0,SE,basis points,https://data.bis.org/topics/CBPOL
2007-10-01,United States,United States cut 25bp to 4.5%,monetary policy,standard,cut,-25.0,US,basis points,https://data.bis.org/topics/CBPOL
2007-10-01,Croatia,Croatia cut 178bp to 9.43%,monetary policy,major,cut,-178.0000000000001,HR,basis points,https://data.bis.org/topics/CBPOL
2007-10-01,Philippines,Philippines cut 25bp to 5.75%,monetary policy,standard,cut,-25.0,PH,basis points,https://data.bis.org/topics/CBPOL
2007-10-01,Serbia,Serbia cut 25bp to 9.5%,monetary policy,standard,cut,-25.0,RS,basis points,https://data.bis.org/topics/CBPOL
2007-10-01,Mexico,Mexico hike 21bp to 7.49%,monetary policy,minor,hike,20.999999999999996,MX,basis points,https://data.bis.org/topics/CBPOL
2007-10-01,Argentina,Argentina hike 33bp to 10.7%,monetary policy,standard,hike,33.00000000000001,AR,basis points,https://data.bis.org/topics/CBPOL
2007-10-01,North Macedonia,North Macedonia hike 10bp to 4.78%,monetary policy,minor,hike,10.000000000000053,MK,basis points,https://data.bis.org/topics/CBPOL
2007-11-01,North Macedonia,North Macedonia cut 4bp to 4.74%,monetary policy,minor,cut,-4.0000000000000036,MK,basis points,https://data.bis.org/topics/CBPOL
2007-11-01,Iceland,Iceland hike 45bp to 13.75%,monetary policy,standard,hike,44.99999999999993,IS,basis points,https://data.bis.org/topics/CBPOL
2007-11-01,Hong Kong SAR,Hong Kong SAR cut 25bp to 6.0%,monetary policy,standard,cut,-25.0,HK,basis points,https://data.bis.org/topics/CBPOL
2007-11-01,Türkiye,Türkiye cut 50bp to 16.25%,monetary policy,standard,cut,-50.0,TR,basis points,https://data.bis.org/topics/CBPOL
2007-11-01,Romania,Romania hike 50bp to 7.5%,monetary policy,standard,hike,50.0,RO,basis points,https://data.bis.org/topics/CBPOL
2007-11-01,Argentina,Argentina cut 5bp to 10.65%,monetary policy,minor,cut,-4.999999999999893,AR,basis points,https://data.bis.org/topics/CBPOL
2007-11-01,Philippines,Philippines cut 25bp to 5.5%,monetary policy,standard,cut,-25.0,PH,basis points,https://data.bis.org/topics/CBPOL
2007-11-01,Australia,Australia hike 25bp to 6.75%,monetary policy,standard,hike,25.0,AU,basis points,https://data.bis.org/topics/CBPOL
2007-11-01,Colombia,Colombia hike 25bp to 9.5%,monetary policy,standard,hike,25.0,CO,basis points,https://data.bis.org/topics/CBPOL
2007-11-01,Mexico,Mexico hike 2bp to 7.51%,monetary policy,minor,hike,1.9999999999999574,MX,basis points,https://data.bis.org/topics/CBPOL
2007-11-01,Croatia,Croatia cut 504bp to 4.39%,monetary policy,major,cut,-504.0,HR,basis points,https://data.bis.org/topics/CBPOL
2007-11-01,Czechia,Czechia hike 25bp to 3.5%,monetary policy,standard,hike,25.0,CZ,basis points,https://data.bis.org/topics/CBPOL
2007-11-01,Poland,Poland hike 25bp to 5.0%,monetary policy,standard,hike,25.0,PL,basis points,https://data.bis.org/topics/CBPOL
2007-12-01,Philippines,Philippines cut 25bp to 5.25%,monetary policy,standard,cut,-25.0,PH,basis points,https://data.bis.org/topics/CBPOL
2007-12-01,United States,United States cut 25bp to 4.25%,monetary policy,standard,cut,-25.0,US,basis points,https://data.bis.org/topics/CBPOL
2007-12-01,Indonesia,Indonesia cut 25bp to 8.0%,monetary policy,standard,cut,-25.0,ID,basis points,https://data.bis.org/topics/CBPOL
2007-12-01,North Macedonia,North Macedonia hike 7bp to 4.81%,monetary policy,minor,hike,6.99999999999994,MK,basis points,https://data.bis.org/topics/CBPOL
2007-12-01,South Africa,South Africa hike 50bp to 11.0%,monetary policy,standard,hike,50.0,ZA,basis points,https://data.bis.org/topics/CBPOL
2007-12-01,Argentina,Argentina hike 10bp to 10.75%,monetary policy,minor,hike,9.999999999999964,AR,basis points,https://data.bis.org/topics/CBPOL
2007-12-01,Türkiye,Türkiye cut 50bp to 15.75%,monetary policy,standard,cut,-50.0,TR,basis points,https://data.bis.org/topics/CBPOL
2007-12-01,Canada,Canada cut 25bp to 4.25%,monetary policy,standard,cut,-25.0,CA,basis points,https://data.bis.org/topics/CBPOL
2007-12-01,Croatia,Croatia hike 730bp to 11.69%,monetary policy,major,hike,730.0,HR,basis points,https://data.bis.org/topics/CBPOL
2007-12-01,Israel,Israel hike 25bp to 4.25%,monetary policy,standard,hike,25.0,IL,basis points,https://data.bis.org/topics/CBPOL
2007-12-01,Mexico,Mexico hike 6bp to 7.57%,monetary policy,minor,hike,6.00000000000005,MX,basis points,https://data.bis.org/topics/CBPOL
2007-12-01,Norway,Norway hike 25bp to 5.25%,monetary policy,standard,hike,25.0,NO,basis points,https://data.bis.org/topics/CBPOL
2007-12-01,United Kingdom,United Kingdom cut 25bp to 5.5%,monetary policy,standard,cut,-25.0,GB,basis points,https://data.bis.org/topics/CBPOL
2007-12-01,Serbia,Serbia hike 50bp to 10.0%,monetary policy,standard,hike,50.0,RS,basis points,https://data.bis.org/topics/CBPOL
2007-12-01,China,China hike 18bp to 7.47%,monetary policy,minor,hike,17.99999999999997,CN,basis points,https://data.bis.org/topics/CBPOL
2007-12-01,Hong Kong SAR,Hong Kong SAR cut 25bp to 5.75%,monetary policy,standard,cut,-25.0,HK,basis points,https://data.bis.org/topics/CBPOL
2007-12-01,Chile,Chile hike 25bp to 6.0%,monetary policy,standard,hike,25.0,CL,basis points,https://data.bis.org/topics/CBPOL
2008-01-01,United States,United States cut 125bp to 3.0%,monetary policy,major,cut,-125.0,US,basis points,https://data.bis.org/topics/CBPOL
2008-01-01,Hong Kong SAR,Hong Kong SAR cut 125bp to 4.5%,monetary policy,major,cut,-125.0,HK,basis points,https://data.bis.org/topics/CBPOL
2008-01-01,Argentina,Argentina hike 25bp to 11.0%,monetary policy,standard,hike,25.0,AR,basis points,https://data.bis.org/topics/CBPOL
2008-01-01,Philippines,Philippines cut 25bp to 5.0%,monetary policy,standard,cut,-25.0,PH,basis points,https://data.bis.org/topics/CBPOL
2008-01-01,Kuwait,Kuwait cut 50bp to 5.75%,monetary policy,standard,cut,-50.0,KW,basis points,https://data.bis.org/topics/CBPOL
2008-01-01,Mexico,Mexico cut 7bp to 7.5%,monetary policy,minor,cut,-7.000000000000028,MX,basis points,https://data.bis.org/topics/CBPOL
2008-01-01,North Macedonia,North Macedonia hike 18bp to 4.99%,monetary policy,minor,hike,18.00000000000006,MK,basis points,https://data.bis.org/topics/CBPOL
2008-01-01,Türkiye,Türkiye cut 25bp to 15.5%,monetary policy,standard,cut,-25.0,TR,basis points,https://data.bis.org/topics/CBPOL
2008-01-01,Romania,Romania hike 50bp to 8.0%,monetary policy,standard,hike,50.0,RO,basis points,https://data.bis.org/topics/CBPOL
2008-01-01,Peru,Peru hike 25bp to 5.25%,monetary policy,standard,hike,25.0,PE,basis points,https://data.bis.org/topics/CBPOL
2008-01-01,Chile,Chile hike 25bp to 6.25%,monetary policy,standard,hike,25.0,CL,basis points,https://data.bis.org/topics/CBPOL
2008-01-01,Croatia,Croatia cut 327bp to 8.42%,monetary policy,major,cut,-326.99999999999994,HR,basis points,https://data.bis.org/topics/CBPOL
2008-01-01,Canada,Canada cut 25bp to 4.0%,monetary policy,standard,cut,-25.0,CA,basis points,https://data.bis.org/topics/CBPOL
2008-01-01,Poland,Poland hike 25bp to 5.25%,monetary policy,standard,hike,25.0,PL,basis points,https://data.bis.org/topics/CBPOL
2008-02-01,Türkiye,Türkiye cut 25bp to 15.25%,monetary policy,standard,cut,-25.0,TR,basis points,https://data.bis.org/topics/CBPOL
2008-02-01,Croatia,Croatia cut 513bp to 3.29%,monetary policy,major,cut,-513.0,HR,basis points,https://data.bis.org/topics/CBPOL
2008-02-01,Russia,Russia hike 25bp to 10.25%,monetary policy,standard,hike,25.0,RU,basis points,https://data.bis.org/topics/CBPOL
2008-02-01,Australia,Australia hike 25bp to 7.0%,monetary policy,minor,hike,24.990000000000023,AU,basis points,https://data.bis.org/topics/CBPOL
2008-02-01,Czechia,Czechia hike 25bp to 3.75%,monetary policy,standard,hike,25.0,CZ,basis points,https://data.bis.org/topics/CBPOL
2008-02-01,Colombia,Colombia hike 25bp to 9.75%,monetary policy,standard,hike,25.0,CO,basis points,https://data.bis.org/topics/CBPOL
2008-02-01,Serbia,Serbia hike 150bp to 11.5%,monetary policy,major,hike,150.0,RS,basis points,https://data.bis.org/topics/CBPOL
2008-02-01,Poland,Poland hike 25bp to 5.5%,monetary policy,standard,hike,25.0,PL,basis points,https://data.bis.org/topics/CBPOL
2008-02-01,United Kingdom,United Kingdom cut 25bp to 5.25%,monetary policy,standard,cut,-25.0,GB,basis points,https://data.bis.org/topics/CBPOL
2008-02-01,Romania,Romania hike 100bp to 9.0%,monetary policy,major,hike,100.0,RO,basis points,https://data.bis.org/topics/CBPOL
2008-02-01,Argentina,Argentina hike 30bp to 11.3%,monetary policy,standard,hike,30.00000000000007,AR,basis points,https://data.bis.org/topics/CBPOL
2008-02-01,North Macedonia,North Macedonia hike 26bp to 5.25%,monetary policy,standard,hike,25.99999999999998,MK,basis points,https://data.bis.org/topics/CBPOL
2008-02-01,Sweden,Sweden hike 25bp to 4.25%,monetary policy,standard,hike,25.0,SE,basis points,https://data.bis.org/topics/CBPOL
2008-02-01,Israel,Israel cut 50bp to 3.75%,monetary policy,standard,cut,-50.0,IL,basis points,https://data.bis.org/topics/CBPOL
2008-03-01,Croatia,Croatia cut 152bp to 1.77%,monetary policy,major,cut,-152.0,HR,basis points,https://data.bis.org/topics/CBPOL
2008-03-01,Romania,Romania hike 50bp to 9.5%,monetary policy,standard,hike,50.0,RO,basis points,https://data.bis.org/topics/CBPOL
2008-03-01,Argentina,Argentina cut 23bp to 11.07%,monetary policy,minor,cut,-23.000000000000043,AR,basis points,https://data.bis.org/topics/CBPOL
2008-03-01,Australia,Australia hike 25bp to 7.25%,monetary policy,minor,hike,24.989999999999934,AU,basis points,https://data.bis.org/topics/CBPOL
2008-03-01,North Macedonia,North Macedonia hike 75bp to 6.0%,monetary policy,major,hike,75.0,MK,basis points,https://data.bis.org/topics/CBPOL
2008-03-01,United States,United States cut 75bp to 2.25%,monetary policy,major,cut,-75.0,US,basis points,https://data.bis.org/topics/CBPOL
2008-03-01,Israel,Israel cut 50bp to 3.25%,monetary policy,standard,cut,-50.0,IL,basis points,https://data.bis.org/topics/CBPOL
2008-03-01,Serbia,Serbia hike 300bp to 14.5%,monetary policy,major,hike,300.0,RS,basis points,https://data.bis.org/topics/CBPOL
2008-03-01,Canada,Canada cut 50bp to 3.5%,monetary policy,standard,cut,-50.0,CA,basis points,https://data.bis.org/topics/CBPOL
2008-03-01,Poland,Poland hike 25bp to 5.75%,monetary policy,standard,hike,25.0,PL,basis points,https://data.bis.org/topics/CBPOL
2008-03-01,Hong Kong SAR,Hong Kong SAR cut 75bp to 3.75%,monetary policy,major,cut,-75.0,HK,basis points,https://data.bis.org/topics/CBPOL
2008-03-01,Iceland,Iceland hike 125bp to 15.0%,monetary policy,major,hike,125.0,IS,basis points,https://data.bis.org/topics/CBPOL
2008-04-01,Peru,Peru hike 25bp to 5.5%,monetary policy,standard,hike,25.0,PE,basis points,https://data.bis.org/topics/CBPOL
2008-04-01,United Kingdom,United Kingdom cut 25bp to 5.0%,monetary policy,standard,cut,-25.0,GB,basis points,https://data.bis.org/topics/CBPOL
2008-04-01,Russia,Russia hike 25bp to 10.5%,monetary policy,standard,hike,25.0,RU,basis points,https://data.bis.org/topics/CBPOL
2008-04-01,United States,United States cut 25bp to 2.0%,monetary policy,standard,cut,-25.0,US,basis points,https://data.bis.org/topics/CBPOL
2008-04-01,Canada,Canada cut 50bp to 3.0%,monetary policy,standard,cut,-50.0,CA,basis points,https://data.bis.org/topics/CBPOL
2008-04-01,Croatia,Croatia hike 86bp to 2.63%,monetary policy,major,hike,85.99999999999999,HR,basis points,https://data.bis.org/topics/CBPOL
2008-04-01,South Africa,South Africa hike 50bp to 11.5%,monetary policy,standard,hike,50.0,ZA,basis points,https://data.bis.org/topics/CBPOL
2008-04-01,Serbia,Serbia hike 75bp to 15.25%,monetary policy,major,hike,75.0,RS,basis points,https://data.bis.org/topics/CBPOL
2008-04-01,Argentina,Argentina hike 45bp to 11.52%,monetary policy,standard,hike,44.99999999999993,AR,basis points,https://data.bis.org/topics/CBPOL
2008-04-01,Iceland,Iceland hike 50bp to 15.5%,monetary policy,standard,hike,50.0,IS,basis points,https://data.bis.org/topics/CBPOL
2008-04-01,Brazil,Brazil hike 50bp to 11.75%,monetary policy,standard,hike,50.0,BR,basis points,https://data.bis.org/topics/CBPOL
2008-04-01,Hungary,Hungary hike 75bp to 8.25%,monetary policy,major,hike,75.0,HU,basis points,https://data.bis.org/topics/CBPOL
2008-04-01,Norway,Norway hike 25bp to 5.5%,monetary policy,standard,hike,25.0,NO,basis points,https://data.bis.org/topics/CBPOL
2008-05-01,Hong Kong SAR,Hong Kong SAR cut 25bp to 3.5%,monetary policy,standard,cut,-25.0,HK,basis points,https://data.bis.org/topics/CBPOL
2008-05-01,Indonesia,Indonesia hike 25bp to 8.25%,monetary policy,standard,hike,25.0,ID,basis points,https://data.bis.org/topics/CBPOL
2008-05-01,Hungary,Hungary hike 25bp to 8.5%,monetary policy,standard,hike,25.0,HU,basis points,https://data.bis.org/topics/CBPOL
2008-05-01,Croatia,Croatia hike 54bp to 3.17%,monetary policy,standard,hike,54.0,HR,basis points,https://data.bis.org/topics/CBPOL
2008-05-01,Romania,Romania hike 25bp to 9.75%,monetary policy,standard,hike,25.0,RO,basis points,https://data.bis.org/topics/CBPOL
2008-05-01,Denmark,Denmark hike 10bp to 4.35%,monetary policy,minor,hike,9.999999999999964,DK,basis points,https://data.bis.org/topics/CBPOL
2008-05-01,Israel,Israel hike 25bp to 3.5%,monetary policy,standard,hike,25.0,IL,basis points,https://data.bis.org/topics/CBPOL
2008-05-01,North Macedonia,North Macedonia hike 100bp to 7.0%,monetary policy,major,hike,100.0,MK,basis points,https://data.bis.org/topics/CBPOL
2008-05-01,Serbia,Serbia hike 50bp to 15.75%,monetary policy,standard,hike,50.0,RS,basis points,https://data.bis.org/topics/CBPOL
2008-05-01,Türkiye,Türkiye hike 50bp to 15.75%,monetary policy,standard,hike,50.0,TR,basis points,https://data.bis.org/topics/CBPOL
2008-05-01,Argentina,Argentina hike 28bp to 11.8%,monetary policy,standard,hike,28.000000000000114,AR,basis points,https://data.bis.org/topics/CBPOL
2008-06-01,Mexico,Mexico hike 25bp to 7.75%,monetary policy,standard,hike,25.0,MX,basis points,https://data.bis.org/topics/CBPOL
2008-06-01,Argentina,Argentina hike 4bp to 11.84%,monetary policy,minor,hike,3.9999999999999147,AR,basis points,https://data.bis.org/topics/CBPOL
2008-06-01,Russia,Russia hike 25bp to 10.75%,monetary policy,standard,hike,25.0,RU,basis points,https://data.bis.org/topics/CBPOL
2008-06-01,Israel,Israel hike 25bp to 3.75%,monetary policy,standard,hike,25.0,IL,basis points,https://data.bis.org/topics/CBPOL
2008-06-01,Norway,Norway hike 25bp to 5.75%,monetary policy,standard,hike,25.0,NO,basis points,https://data.bis.org/topics/CBPOL
2008-06-01,India,India hike 75bp to 8.5%,monetary policy,major,hike,75.0,IN,basis points,https://data.bis.org/topics/CBPOL
2008-06-01,Morocco,Morocco hike 25bp to 3.5%,monetary policy,standard,hike,25.0,MA,basis points,https://data.bis.org/topics/CBPOL
2008-06-01,South Africa,South Africa hike 50bp to 12.0%,monetary policy,standard,hike,50.0,ZA,basis points,https://data.bis.org/topics/CBPOL
2008-06-01,Brazil,Brazil hike 50bp to 12.25%,monetary policy,standard,hike,50.0,BR,basis points,https://data.bis.org/topics/CBPOL
2008-06-01,Indonesia,Indonesia hike 25bp to 8.5%,monetary policy,standard,hike,25.0,ID,basis points,https://data.bis.org/topics/CBPOL
2008-06-01,Croatia,Croatia hike 125bp to 4.42%,monetary policy,major,hike,125.0,HR,basis points,https://data.bis.org/topics/CBPOL
2008-06-01,Poland,Poland hike 25bp to 6.0%,monetary policy,standard,hike,25.0,PL,basis points,https://data.bis.org/topics/CBPOL
2008-06-01,Philippines,Philippines hike 25bp to 5.25%,monetary policy,standard,hike,25.0,PH,basis points,https://data.bis.org/topics/CBPOL
2008-06-01,Peru,Peru hike 25bp to 5.75%,monetary policy,standard,hike,25.0,PE,basis points,https://data.bis.org/topics/CBPOL
2008-06-01,Türkiye,Türkiye hike 50bp to 16.25%,monetary policy,standard,hike,50.0,TR,basis points,https://data.bis.org/topics/CBPOL
2008-06-01,Romania,Romania hike 25bp to 10.0%,monetary policy,standard,hike,25.0,RO,basis points,https://data.bis.org/topics/CBPOL
2008-06-01,Chile,Chile hike 50bp to 6.75%,monetary policy,standard,hike,50.0,CL,basis points,https://data.bis.org/topics/CBPOL
2008-07-01,Mexico,Mexico hike 25bp to 8.0%,monetary policy,standard,hike,25.0,MX,basis points,https://data.bis.org/topics/CBPOL
2008-07-01,Peru,Peru hike 25bp to 6.0%,monetary policy,standard,hike,25.0,PE,basis points,https://data.bis.org/topics/CBPOL
2008-07-01,Chile,Chile hike 50bp to 7.25%,monetary policy,standard,hike,50.0,CL,basis points,https://data.bis.org/topics/CBPOL
2008-07-01,Türkiye,Türkiye hike 50bp to 16.75%,monetary policy,standard,hike,50.0,TR,basis points,https://data.bis.org/topics/CBPOL
2008-07-01,Russia,Russia hike 25bp to 11.0%,monetary policy,standard,hike,25.0,RU,basis points,https://data.bis.org/topics/CBPOL
2008-07-01,Denmark,Denmark hike 25bp to 4.6%,monetary policy,standard,hike,25.0,DK,basis points,https://data.bis.org/topics/CBPOL
2008-07-01,New Zealand,New Zealand cut 25bp to 8.0%,monetary policy,standard,cut,-25.0,NZ,basis points,https://data.bis.org/topics/CBPOL
2008-07-01,Israel,Israel hike 25bp to 4.0%,monetary policy,standard,hike,25.0,IL,basis points,https://data.bis.org/topics/CBPOL
2008-07-01,Sweden,Sweden hike 25bp to 4.5%,monetary policy,standard,hike,25.0,SE,basis points,https://data.bis.org/topics/CBPOL
2008-07-01,Thailand,Thailand hike 25bp to 3.5%,monetary policy,standard,hike,25.0,TH,basis points,https://data.bis.org/topics/CBPOL
2008-07-01,Argentina,Argentina hike 36bp to 12.2%,monetary policy,standard,hike,35.99999999999994,AR,basis points,https://data.bis.org/topics/CBPOL
2008-07-01,Brazil,Brazil hike 75bp to 13.0%,monetary policy,major,hike,75.0,BR,basis points,https://data.bis.org/topics/CBPOL
2008-07-01,Euro area,Euro area hike 25bp to 4.25%,monetary policy,standard,hike,25.0,XM,basis points,https://data.bis.org/topics/CBPOL
2008-07-01,India,India hike 50bp to 9.0%,monetary policy,standard,hike,50.0,IN,basis points,https://data.bis.org/topics/CBPOL
2008-07-01,Indonesia,Indonesia hike 25bp to 8.75%,monetary policy,standard,hike,25.0,ID,basis points,https://data.bis.org/topics/CBPOL
2008-07-01,Croatia,Croatia cut 92bp to 3.5%,monetary policy,major,cut,-92.0,HR,basis points,https://data.bis.org/topics/CBPOL
2008-07-01,Colombia,Colombia hike 25bp to 10.0%,monetary policy,standard,hike,25.0,CO,basis points,https://data.bis.org/topics/CBPOL
2008-07-01,Philippines,Philippines hike 50bp to 5.75%,monetary policy,standard,hike,50.0,PH,basis points,https://data.bis.org/topics/CBPOL
2008-08-01,Indonesia,Indonesia hike 25bp to 9.0%,monetary policy,standard,hike,25.0,ID,basis points,https://data.bis.org/topics/CBPOL
2008-08-01,Israel,Israel hike 25bp to 4.25%,monetary policy,standard,hike,25.0,IL,basis points,https://data.bis.org/topics/CBPOL
2008-08-01,Chile,Chile hike 50bp to 7.75%,monetary policy,standard,hike,50.0,CL,basis points,https://data.bis.org/topics/CBPOL
2008-08-01,Croatia,Croatia hike 7bp to 3.57%,monetary policy,minor,hike,6.999999999999984,HR,basis points,https://data.bis.org/topics/CBPOL
2008-08-01,Czechia,Czechia cut 25bp to 3.5%,monetary policy,standard,cut,-25.0,CZ,basis points,https://data.bis.org/topics/CBPOL
2008-08-01,Mexico,Mexico hike 25bp to 8.25%,monetary policy,standard,hike,25.0,MX,basis points,https://data.bis.org/topics/CBPOL
2008-08-01,Peru,Peru hike 25bp to 6.25%,monetary policy,standard,hike,25.0,PE,basis points,https://data.bis.org/topics/CBPOL
2008-08-01,Korea,Korea hike 25bp to 5.25%,monetary policy,standard,hike,25.0,KR,basis points,https://data.bis.org/topics/CBPOL
2008-08-01,Thailand,Thailand hike 25bp to 3.75%,monetary policy,standard,hike,25.0,TH,basis points,https://data.bis.org/topics/CBPOL
2008-08-01,Romania,Romania hike 25bp to 10.25%,monetary policy,standard,hike,25.0,RO,basis points,https://data.bis.org/topics/CBPOL
2008-08-01,Philippines,Philippines hike 25bp to 6.0%,monetary policy,standard,hike,25.0,PH,basis points,https://data.bis.org/topics/CBPOL
2008-09-01,Sweden,Sweden hike 25bp to 4.75%,monetary policy,standard,hike,25.0,SE,basis points,https://data.bis.org/topics/CBPOL
2008-09-01,China,China cut 27bp to 7.2%,monetary policy,standard,cut,-26.999999999999957,CN,basis points,https://data.bis.org/topics/CBPOL
2008-09-01,Argentina,Argentina hike 6bp to 12.26%,monetary policy,minor,hike,6.00000000000005,AR,basis points,https://data.bis.org/topics/CBPOL
2008-09-01,Australia,Australia cut 25bp to 7.0%,monetary policy,standard,cut,-25.0,AU,basis points,https://data.bis.org/topics/CBPOL
2008-09-01,Chile,Chile hike 50bp to 8.25%,monetary policy,standard,hike,50.0,CL,basis points,https://data.bis.org/topics/CBPOL
2008-09-01,Brazil,Brazil hike 75bp to 13.75%,monetary policy,major,hike,75.0,BR,basis points,https://data.bis.org/topics/CBPOL
2008-09-01,Croatia,Croatia hike 627bp to 9.84%,monetary policy,major,hike,627.0,HR,basis points,https://data.bis.org/topics/CBPOL
2008-09-01,New Zealand,New Zealand cut 50bp to 7.5%,monetary policy,standard,cut,-50.0,NZ,basis points,https://data.bis.org/topics/CBPOL
2008-09-01,Indonesia,Indonesia hike 25bp to 9.25%,monetary policy,standard,hike,25.0,ID,basis points,https://data.bis.org/topics/CBPOL
2008-09-01,Peru,Peru hike 25bp to 6.5%,monetary policy,standard,hike,25.0,PE,basis points,https://data.bis.org/topics/CBPOL
2008-10-01,Saudi Arabia,Saudi Arabia cut 50bp to 5.0%,monetary policy,standard,cut,-50.0,SA,basis points,https://data.bis.org/topics/CBPOL
2008-10-01,Switzerland,Switzerland cut 25bp to 2.5%,monetary policy,standard,cut,-25.0,CH,basis points,https://data.bis.org/topics/CBPOL
2008-10-01,Indonesia,Indonesia hike 25bp to 9.5%,monetary policy,standard,hike,25.0,ID,basis points,https://data.bis.org/topics/CBPOL
2008-10-01,Sweden,Sweden cut 100bp to 3.75%,monetary policy,major,cut,-100.0,SE,basis points,https://data.bis.org/topics/CBPOL
2008-10-01,Iceland,Iceland hike 250bp to 18.0%,monetary policy,major,hike,250.0,IS,basis points,https://data.bis.org/topics/CBPOL
2008-10-01,Hungary,Hungary hike 300bp to 11.5%,monetary policy,major,hike,300.0,HU,basis points,https://data.bis.org/topics/CBPOL
2008-10-01,Canada,Canada cut 75bp to 2.25%,monetary policy,major,cut,-75.0,CA,basis points,https://data.bis.org/topics/CBPOL
2008-10-01,India,India cut 100bp to 8.0%,monetary policy,major,cut,-100.0,IN,basis points,https://data.bis.org/topics/CBPOL
2008-10-01,United States,United States cut 100bp to 1.0%,monetary policy,major,cut,-100.0,US,basis points,https://data.bis.org/topics/CBPOL
2008-10-01,China,China cut 54bp to 6.66%,monetary policy,standard,cut,-54.0,CN,basis points,https://data.bis.org/topics/CBPOL
2008-10-01,Denmark,Denmark hike 90bp to 5.5%,monetary policy,major,hike,90.00000000000003,DK,basis points,https://data.bis.org/topics/CBPOL
2008-10-01,Croatia,Croatia hike 704bp to 16.88%,monetary policy,major,hike,703.9999999999999,HR,basis points,https://data.bis.org/topics/CBPOL
2008-10-01,Australia,Australia cut 100bp to 6.0%,monetary policy,major,cut,-100.0,AU,basis points,https://data.bis.org/topics/CBPOL
2008-10-01,United Kingdom,United Kingdom cut 50bp to 4.5%,monetary policy,standard,cut,-50.0,GB,basis points,https://data.bis.org/topics/CBPOL
2008-10-01,Norway,Norway cut 100bp to 4.75%,monetary policy,major,cut,-100.0,NO,basis points,https://data.bis.org/topics/CBPOL
2008-10-01,Kuwait,Kuwait cut 150bp to 4.25%,monetary policy,major,cut,-150.0,KW,basis points,https://data.bis.org/topics/CBPOL
2008-10-01,Japan,Japan cut 20bp to 0.3%,monetary policy,minor,cut,-20.0,JP,basis points,https://data.bis.org/topics/CBPOL
2008-10-01,Hong Kong SAR,Hong Kong SAR cut 200bp to 1.5%,monetary policy,major,cut,-200.0,HK,basis points,https://data.bis.org/topics/CBPOL
2008-10-01,Israel,Israel cut 75bp to 3.5%,monetary policy,major,cut,-75.0,IL,basis points,https://data.bis.org/topics/CBPOL
2008-10-01,Argentina,Argentina hike 22bp to 12.48%,monetary policy,minor,hike,22.000000000000064,AR,basis points,https://data.bis.org/topics/CBPOL
2008-10-01,Euro area,Euro area cut 50bp to 3.75%,monetary policy,standard,cut,-50.0,XM,basis points,https://data.bis.org/topics/CBPOL
2008-10-01,Korea,Korea cut 100bp to 4.25%,monetary policy,major,cut,-100.0,KR,basis points,https://data.bis.org/topics/CBPOL
2008-10-01,New Zealand,New Zealand cut 100bp to 6.5%,monetary policy,major,cut,-100.0,NZ,basis points,https://data.bis.org/topics/CBPOL
2008-11-01,Serbia,Serbia hike 200bp to 17.75%,monetary policy,major,hike,200.0,RS,basis points,https://data.bis.org/topics/CBPOL
2008-11-01,China,China cut 108bp to 5.58%,monetary policy,major,cut,-108.0,CN,basis points,https://data.bis.org/topics/CBPOL
2008-11-01,Poland,Poland cut 25bp to 5.75%,monetary policy,standard,cut,-25.0,PL,basis points,https://data.bis.org/topics/CBPOL
2008-11-01,Saudi Arabia,Saudi Arabia cut 200bp to 3.0%,monetary policy,major,cut,-200.0,SA,basis points,https://data.bis.org/topics/CBPOL
2008-11-01,Denmark,Denmark cut 50bp to 5.0%,monetary policy,standard,cut,-50.0,DK,basis points,https://data.bis.org/topics/CBPOL
2008-11-01,Russia,Russia hike 100bp to 12.0%,monetary policy,major,hike,100.0,RU,basis points,https://data.bis.org/topics/CBPOL
2008-11-01,Korea,Korea cut 25bp to 4.0%,monetary policy,standard,cut,-25.0,KR,basis points,https://data.bis.org/topics/CBPOL
2008-11-01,Malaysia,Malaysia cut 25bp to 3.25%,monetary policy,standard,cut,-25.0,MY,basis points,https://data.bis.org/topics/CBPOL
2008-11-01,Switzerland,Switzerland cut 150bp to 1.0%,monetary policy,major,cut,-150.0,CH,basis points,https://data.bis.org/topics/CBPOL
2008-11-01,Israel,Israel cut 100bp to 2.5%,monetary policy,major,cut,-100.0,IL,basis points,https://data.bis.org/topics/CBPOL
2008-11-01,Türkiye,Türkiye cut 50bp to 16.25%,monetary policy,standard,cut,-50.0,TR,basis points,https://data.bis.org/topics/CBPOL
2008-11-01,India,India cut 50bp to 7.5%,monetary policy,standard,cut,-50.0,IN,basis points,https://data.bis.org/topics/CBPOL
2008-11-01,Argentina,Argentina hike 2bp to 12.5%,monetary policy,minor,hike,1.9999999999999574,AR,basis points,https://data.bis.org/topics/CBPOL
2008-11-01,Czechia,Czechia cut 75bp to 2.75%,monetary policy,major,cut,-75.0,CZ,basis points,https://data.bis.org/topics/CBPOL
2008-11-01,Croatia,Croatia hike 58bp to 17.46%,monetary policy,standard,hike,58.000000000000185,HR,basis points,https://data.bis.org/topics/CBPOL
2008-11-01,United Kingdom,United Kingdom cut 150bp to 3.0%,monetary policy,major,cut,-150.0,GB,basis points,https://data.bis.org/topics/CBPOL
2008-11-01,Hungary,Hungary cut 50bp to 11.0%,monetary policy,standard,cut,-50.0,HU,basis points,https://data.bis.org/topics/CBPOL
2008-11-01,Euro area,Euro area cut 50bp to 3.25%,monetary policy,standard,cut,-50.0,XM,basis points,https://data.bis.org/topics/CBPOL
2008-11-01,Australia,Australia cut 75bp to 5.25%,monetary policy,major,cut,-75.0,AU,basis points,https://data.bis.org/topics/CBPOL
2008-12-01,Philippines,Philippines cut 50bp to 5.5%,monetary policy,standard,cut,-50.0,PH,basis points,https://data.bis.org/topics/CBPOL
2008-12-01,Croatia,Croatia cut 1409bp to 3.37%,monetary policy,major,cut,-1409.0,HR,basis points,https://data.bis.org/topics/CBPOL
2008-12-01,Colombia,Colombia cut 50bp to 9.5%,monetary policy,standard,cut,-50.0,CO,basis points,https://data.bis.org/topics/CBPOL
2008-12-01,Türkiye,Türkiye cut 125bp to 15.0%,monetary policy,major,cut,-125.0,TR,basis points,https://data.bis.org/topics/CBPOL
2008-12-01,Hong Kong SAR,Hong Kong SAR cut 100bp to 0.5%,monetary policy,major,cut,-100.0,HK,basis points,https://data.bis.org/topics/CBPOL
2008-12-01,Japan,Japan cut 20bp to 0.1%,monetary policy,minor,cut,-20.0,JP,basis points,https://data.bis.org/topics/CBPOL
2008-12-01,Switzerland,Switzerland cut 50bp to 0.5%,monetary policy,standard,cut,-50.0,CH,basis points,https://data.bis.org/topics/CBPOL
2008-12-01,Kuwait,Kuwait cut 50bp to 3.75%,monetary policy,standard,cut,-50.0,KW,basis points,https://data.bis.org/topics/CBPOL
2008-12-01,Euro area,Euro area cut 75bp to 2.5%,monetary policy,major,cut,-75.0,XM,basis points,https://data.bis.org/topics/CBPOL
2008-12-01,New Zealand,New Zealand cut 150bp to 5.0%,monetary policy,major,cut,-150.0,NZ,basis points,https://data.bis.org/topics/CBPOL
2008-12-01,Sweden,Sweden cut 175bp to 2.0%,monetary policy,major,cut,-175.0,SE,basis points,https://data.bis.org/topics/CBPOL
2008-12-01,Saudi Arabia,Saudi Arabia cut 50bp to 2.5%,monetary policy,standard,cut,-50.0,SA,basis points,https://data.bis.org/topics/CBPOL
2008-12-01,India,India cut 100bp to 6.5%,monetary policy,major,cut,-100.0,IN,basis points,https://data.bis.org/topics/CBPOL
2008-12-01,Korea,Korea cut 100bp to 3.0%,monetary policy,major,cut,-100.0,KR,basis points,https://data.bis.org/topics/CBPOL
2008-12-01,United Kingdom,United Kingdom cut 100bp to 2.0%,monetary policy,major,cut,-100.0,GB,basis points,https://data.bis.org/topics/CBPOL
2008-12-01,Argentina,Argentina cut 45bp to 12.05%,monetary policy,standard,cut,-44.99999999999993,AR,basis points,https://data.bis.org/topics/CBPOL
2008-12-01,Norway,Norway cut 175bp to 3.0%,monetary policy,major,cut,-175.0,NO,basis points,https://data.bis.org/topics/CBPOL
2008-12-01,United States,United States cut 88bp to 0.12%,monetary policy,major,cut,-87.5,US,basis points,https://data.bis.org/topics/CBPOL
2008-12-01,Canada,Canada cut 75bp to 1.5%,monetary policy,major,cut,-75.0,CA,basis points,https://data.bis.org/topics/CBPOL
2008-12-01,Indonesia,Indonesia cut 25bp to 9.25%,monetary policy,standard,cut,-25.0,ID,basis points,https://data.bis.org/topics/CBPOL
2008-12-01,Hungary,Hungary cut 100bp to 10.0%,monetary policy,major,cut,-100.0,HU,basis points,https://data.bis.org/topics/CBPOL
2008-12-01,Czechia,Czechia cut 50bp to 2.25%,monetary policy,standard,cut,-50.0,CZ,basis points,https://data.bis.org/topics/CBPOL
2008-12-01,Australia,Australia cut 100bp to 4.25%,monetary policy,major,cut,-100.0,AU,basis points,https://data.bis.org/topics/CBPOL
2008-12-01,Poland,Poland cut 75bp to 5.0%,monetary policy,major,cut,-75.0,PL,basis points,https://data.bis.org/topics/CBPOL
2008-12-01,China,China cut 27bp to 5.31%,monetary policy,standard,cut,-27.000000000000046,CN,basis points,https://data.bis.org/topics/CBPOL
2008-12-01,Thailand,Thailand cut 100bp to 2.75%,monetary policy,major,cut,-100.0,TH,basis points,https://data.bis.org/topics/CBPOL
2008-12-01,Denmark,Denmark cut 125bp to 3.75%,monetary policy,major,cut,-125.0,DK,basis points,https://data.bis.org/topics/CBPOL
2008-12-01,Russia,Russia hike 100bp to 13.0%,monetary policy,major,hike,100.0,RU,basis points,https://data.bis.org/topics/CBPOL
2008-12-01,South Africa,South Africa cut 50bp to 11.5%,monetary policy,standard,cut,-50.0,ZA,basis points,https://data.bis.org/topics/CBPOL
2009-01-01,Canada,Canada cut 50bp to 1.0%,monetary policy,standard,cut,-50.0,CA,basis points,https://data.bis.org/topics/CBPOL
2009-01-01,United Kingdom,United Kingdom cut 50bp to 1.5%,monetary policy,standard,cut,-50.0,GB,basis points,https://data.bis.org/topics/CBPOL
2009-01-01,Chile,Chile cut 100bp to 7.25%,monetary policy,major,cut,-100.0,CL,basis points,https://data.bis.org/topics/CBPOL
2009-01-01,India,India cut 100bp to 5.5%,monetary policy,major,cut,-100.0,IN,basis points,https://data.bis.org/topics/CBPOL
2009-01-01,Indonesia,Indonesia cut 50bp to 8.75%,monetary policy,standard,cut,-50.0,ID,basis points,https://data.bis.org/topics/CBPOL
2009-01-01,Denmark,Denmark cut 75bp to 3.0%,monetary policy,major,cut,-75.0,DK,basis points,https://data.bis.org/topics/CBPOL
2009-01-01,Argentina,Argentina hike 45bp to 12.5%,monetary policy,standard,hike,44.99999999999993,AR,basis points,https://data.bis.org/topics/CBPOL
2009-01-01,Hungary,Hungary cut 50bp to 9.5%,monetary policy,standard,cut,-50.0,HU,basis points,https://data.bis.org/topics/CBPOL
2009-01-01,Türkiye,Türkiye cut 200bp to 13.0%,monetary policy,major,cut,-200.0,TR,basis points,https://data.bis.org/topics/CBPOL
2009-01-01,Brazil,Brazil cut 100bp to 12.75%,monetary policy,major,cut,-100.0,BR,basis points,https://data.bis.org/topics/CBPOL
2009-01-01,New Zealand,New Zealand cut 150bp to 3.5%,monetary policy,major,cut,-150.0,NZ,basis points,https://data.bis.org/topics/CBPOL
2009-01-01,Thailand,Thailand cut 75bp to 2.0%,monetary policy,major,cut,-75.0,TH,basis points,https://data.bis.org/topics/CBPOL
2009-01-01,Mexico,Mexico cut 50bp to 7.75%,monetary policy,standard,cut,-50.0,MX,basis points,https://data.bis.org/topics/CBPOL
2009-01-01,Malaysia,Malaysia cut 75bp to 2.5%,monetary policy,major,cut,-75.0,MY,basis points,https://data.bis.org/topics/CBPOL
2009-01-01,Philippines,Philippines cut 50bp to 5.0%,monetary policy,standard,cut,-50.0,PH,basis points,https://data.bis.org/topics/CBPOL
2009-01-01,Croatia,Croatia hike 602bp to 9.39%,monetary policy,major,hike,602.0,HR,basis points,https://data.bis.org/topics/CBPOL
2009-01-01,Euro area,Euro area cut 50bp to 2.0%,monetary policy,standard,cut,-50.0,XM,basis points,https://data.bis.org/topics/CBPOL
2009-01-01,Serbia,Serbia cut 125bp to 16.5%,monetary policy,major,cut,-125.0,RS,basis points,https://data.bis.org/topics/CBPOL
2009-01-01,Korea,Korea cut 50bp to 2.5%,monetary policy,standard,cut,-50.0,KR,basis points,https://data.bis.org/topics/CBPOL
2009-01-01,Poland,Poland cut 75bp to 4.25%,monetary policy,major,cut,-75.0,PL,basis points,https://data.bis.org/topics/CBPOL
2009-01-01,Saudi Arabia,Saudi Arabia cut 50bp to 2.0%,monetary policy,standard,cut,-50.0,SA,basis points,https://data.bis.org/topics/CBPOL
2009-01-01,Israel,Israel cut 150bp to 1.0%,monetary policy,major,cut,-150.0,IL,basis points,https://data.bis.org/topics/CBPOL
2009-02-01,Peru,Peru cut 25bp to 6.25%,monetary policy,standard,cut,-25.0,PE,basis points,https://data.bis.org/topics/CBPOL
2009-02-01,Indonesia,Indonesia cut 50bp to 8.25%,monetary policy,standard,cut,-50.0,ID,basis points,https://data.bis.org/topics/CBPOL
2009-02-01,Poland,Poland cut 25bp to 4.0%,monetary policy,standard,cut,-25.0,PL,basis points,https://data.bis.org/topics/CBPOL
2009-02-01,Israel,Israel cut 25bp to 0.75%,monetary policy,standard,cut,-25.0,IL,basis points,https://data.bis.org/topics/CBPOL
2009-02-01,South Africa,South Africa cut 100bp to 10.5%,monetary policy,major,cut,-100.0,ZA,basis points,https://data.bis.org/topics/CBPOL
2009-02-01,Mexico,Mexico cut 25bp to 7.5%,monetary policy,standard,cut,-25.0,MX,basis points,https://data.bis.org/topics/CBPOL
2009-02-01,Croatia,Croatia hike 3051bp to 39.9%,monetary policy,major,hike,3051.0,HR,basis points,https://data.bis.org/topics/CBPOL
2009-02-01,United Kingdom,United Kingdom cut 50bp to 1.0%,monetary policy,standard,cut,-50.0,GB,basis points,https://data.bis.org/topics/CBPOL
2009-02-01,Sweden,Sweden cut 100bp to 1.0%,monetary policy,major,cut,-100.0,SE,basis points,https://data.bis.org/topics/CBPOL
2009-02-01,Romania,Romania cut 25bp to 10.0%,monetary policy,standard,cut,-25.0,RO,basis points,https://data.bis.org/topics/CBPOL
2009-02-01,Australia,Australia cut 100bp to 3.25%,monetary policy,major,cut,-100.0,AU,basis points,https://data.bis.org/topics/CBPOL
2009-02-01,Chile,Chile cut 250bp to 4.75%,monetary policy,major,cut,-250.0,CL,basis points,https://data.bis.org/topics/CBPOL
2009-02-01,Korea,Korea cut 50bp to 2.0%,monetary policy,standard,cut,-50.0,KR,basis points,https://data.bis.org/topics/CBPOL
2009-02-01,Norway,Norway cut 50bp to 2.5%,monetary policy,standard,cut,-50.0,NO,basis points,https://data.bis.org/topics/CBPOL
2009-02-01,Thailand,Thailand cut 50bp to 1.5%,monetary policy,standard,cut,-50.0,TH,basis points,https://data.bis.org/topics/CBPOL
2009-02-01,Türkiye,Türkiye cut 150bp to 11.5%,monetary policy,major,cut,-150.0,TR,basis points,https://data.bis.org/topics/CBPOL
2009-02-01,Czechia,Czechia cut 50bp to 1.75%,monetary policy,standard,cut,-50.0,CZ,basis points,https://data.bis.org/topics/CBPOL
2009-02-01,Colombia,Colombia cut 50bp to 9.0%,monetary policy,standard,cut,-50.0,CO,basis points,https://data.bis.org/topics/CBPOL
2009-02-01,Argentina,Argentina hike 90bp to 13.4%,monetary policy,major,hike,90.00000000000003,AR,basis points,https://data.bis.org/topics/CBPOL
2009-02-01,Malaysia,Malaysia cut 50bp to 2.0%,monetary policy,standard,cut,-50.0,MY,basis points,https://data.bis.org/topics/CBPOL
2009-03-01,Norway,Norway cut 50bp to 2.0%,monetary policy,standard,cut,-50.0,NO,basis points,https://data.bis.org/topics/CBPOL
2009-03-01,Philippines,Philippines cut 25bp to 4.75%,monetary policy,standard,cut,-25.0,PH,basis points,https://data.bis.org/topics/CBPOL
2009-03-01,Switzerland,Switzerland cut 12bp to 0.38%,monetary policy,minor,cut,-12.5,CH,basis points,https://data.bis.org/topics/CBPOL
2009-03-01,Argentina,Argentina hike 60bp to 14.0%,monetary policy,standard,hike,59.999999999999964,AR,basis points,https://data.bis.org/topics/CBPOL
2009-03-01,Chile,Chile cut 250bp to 2.25%,monetary policy,major,cut,-250.0,CL,basis points,https://data.bis.org/topics/CBPOL
2009-03-01,Türkiye,Türkiye cut 100bp to 10.5%,monetary policy,major,cut,-100.0,TR,basis points,https://data.bis.org/topics/CBPOL
2009-03-01,Euro area,Euro area cut 50bp to 1.5%,monetary policy,standard,cut,-50.0,XM,basis points,https://data.bis.org/topics/CBPOL
2009-03-01,Croatia,Croatia cut 3335bp to 6.55%,monetary policy,major,cut,-3335.0,HR,basis points,https://data.bis.org/topics/CBPOL
2009-03-01,Brazil,Brazil cut 150bp to 11.25%,monetary policy,major,cut,-150.0,BR,basis points,https://data.bis.org/topics/CBPOL
2009-03-01,Morocco,Morocco cut 25bp to 3.25%,monetary policy,standard,cut,-25.0,MA,basis points,https://data.bis.org/topics/CBPOL
2009-03-01,Iceland,Iceland cut 100bp to 17.0%,monetary policy,major,cut,-100.0,IS,basis points,https://data.bis.org/topics/CBPOL
2009-03-01,India,India cut 50bp to 5.0%,monetary policy,standard,cut,-50.0,IN,basis points,https://data.bis.org/topics/CBPOL
2009-03-01,United Kingdom,United Kingdom cut 50bp to 0.5%,monetary policy,standard,cut,-50.0,GB,basis points,https://data.bis.org/topics/CBPOL
2009-03-01,Canada,Canada cut 50bp to 0.5%,monetary policy,standard,cut,-50.0,CA,basis points,https://data.bis.org/topics/CBPOL
2009-03-01,Mexico,Mexico cut 75bp to 6.75%,monetary policy,major,cut,-75.0,MX,basis points,https://data.bis.org/topics/CBPOL
2009-03-01,New Zealand,New Zealand cut 50bp to 3.0%,monetary policy,standard,cut,-50.0,NZ,basis points,https://data.bis.org/topics/CBPOL
2009-03-01,Israel,Israel cut 25bp to 0.5%,monetary policy,standard,cut,-25.0,IL,basis points,https://data.bis.org/topics/CBPOL
2009-03-01,Colombia,Colombia cut 200bp to 7.0%,monetary policy,major,cut,-200.0,CO,basis points,https://data.bis.org/topics/CBPOL
2009-03-01,Poland,Poland cut 25bp to 3.75%,monetary policy,standard,cut,-25.0,PL,basis points,https://data.bis.org/topics/CBPOL
2009-03-01,Indonesia,Indonesia cut 50bp to 7.75%,monetary policy,standard,cut,-50.0,ID,basis points,https://data.bis.org/topics/CBPOL
2009-03-01,Peru,Peru cut 25bp to 6.0%,monetary policy,standard,cut,-25.0,PE,basis points,https://data.bis.org/topics/CBPOL
2009-03-01,Denmark,Denmark cut 75bp to 2.25%,monetary policy,major,cut,-75.0,DK,basis points,https://data.bis.org/topics/CBPOL
2009-03-01,South Africa,South Africa cut 100bp to 9.5%,monetary policy,major,cut,-100.0,ZA,basis points,https://data.bis.org/topics/CBPOL
2009-04-01,Croatia,Croatia cut 68bp to 5.87%,monetary policy,standard,cut,-67.99999999999997,HR,basis points,https://data.bis.org/topics/CBPOL
2009-04-01,Chile,Chile cut 50bp to 1.75%,monetary policy,standard,cut,-50.0,CL,basis points,https://data.bis.org/topics/CBPOL
2009-04-01,Brazil,Brazil cut 100bp to 10.25%,monetary policy,major,cut,-100.0,BR,basis points,https://data.bis.org/topics/CBPOL
2009-04-01,Peru,Peru cut 100bp to 5.0%,monetary policy,major,cut,-100.0,PE,basis points,https://data.bis.org/topics/CBPOL
2009-04-01,Iceland,Iceland cut 450bp to 12.5%,monetary policy,major,cut,-450.0,IS,basis points,https://data.bis.org/topics/CBPOL
2009-04-01,Australia,Australia cut 25bp to 3.0%,monetary policy,standard,cut,-25.0,AU,basis points,https://data.bis.org/topics/CBPOL
2009-04-01,Türkiye,Türkiye cut 75bp to 9.75%,monetary policy,major,cut,-75.0,TR,basis points,https://data.bis.org/topics/CBPOL
2009-04-01,Russia,Russia cut 50bp to 12.5%,monetary policy,standard,cut,-50.0,RU,basis points,https://data.bis.org/topics/CBPOL
2009-04-01,Denmark,Denmark cut 25bp to 2.0%,monetary policy,standard,cut,-25.0,DK,basis points,https://data.bis.org/topics/CBPOL
2009-04-01,Serbia,Serbia cut 250bp to 14.0%,monetary policy,major,cut,-250.0,RS,basis points,https://data.bis.org/topics/CBPOL
2009-04-01,Kuwait,Kuwait cut 25bp to 3.5%,monetary policy,standard,cut,-25.0,KW,basis points,https://data.bis.org/topics/CBPOL
2009-04-01,Mexico,Mexico cut 75bp to 6.0%,monetary policy,major,cut,-75.0,MX,basis points,https://data.bis.org/topics/CBPOL
2009-04-01,New Zealand,New Zealand cut 50bp to 2.5%,monetary policy,standard,cut,-50.0,NZ,basis points,https://data.bis.org/topics/CBPOL
2009-04-01,North Macedonia,North Macedonia hike 200bp to 9.0%,monetary policy,major,hike,200.0,MK,basis points,https://data.bis.org/topics/CBPOL
2009-04-01,Canada,Canada cut 25bp to 0.25%,monetary policy,standard,cut,-25.0,CA,basis points,https://data.bis.org/topics/CBPOL
2009-04-01,Euro area,Euro area cut 25bp to 1.25%,monetary policy,standard,cut,-25.0,XM,basis points,https://data.bis.org/topics/CBPOL
2009-04-01,Indonesia,Indonesia cut 25bp to 7.5%,monetary policy,standard,cut,-25.0,ID,basis points,https://data.bis.org/topics/CBPOL
2009-04-01,Sweden,Sweden cut 50bp to 0.5%,monetary policy,standard,cut,-50.0,SE,basis points,https://data.bis.org/topics/CBPOL
2009-04-01,India,India cut 25bp to 4.75%,monetary policy,standard,cut,-25.0,IN,basis points,https://data.bis.org/topics/CBPOL
2009-04-01,Argentina,Argentina hike 35bp to 14.35%,monetary policy,standard,hike,34.999999999999964,AR,basis points,https://data.bis.org/topics/CBPOL
2009-04-01,Thailand,Thailand cut 25bp to 1.25%,monetary policy,standard,cut,-25.0,TH,basis points,https://data.bis.org/topics/CBPOL
2009-04-01,Philippines,Philippines cut 25bp to 4.5%,monetary policy,standard,cut,-25.0,PH,basis points,https://data.bis.org/topics/CBPOL
2009-05-01,Philippines,Philippines cut 25bp to 4.25%,monetary policy,standard,cut,-25.0,PH,basis points,https://data.bis.org/topics/CBPOL
2009-05-01,Peru,Peru cut 100bp to 4.0%,monetary policy,major,cut,-100.0,PE,basis points,https://data.bis.org/topics/CBPOL
2009-05-01,Indonesia,Indonesia cut 25bp to 7.25%,monetary policy,standard,cut,-25.0,ID,basis points,https://data.bis.org/topics/CBPOL
2009-05-01,Chile,Chile cut 50bp to 1.25%,monetary policy,standard,cut,-50.0,CL,basis points,https://data.bis.org/topics/CBPOL
2009-05-01,Türkiye,Türkiye cut 50bp to 9.25%,monetary policy,standard,cut,-50.0,TR,basis points,https://data.bis.org/topics/CBPOL
2009-05-01,Denmark,Denmark cut 35bp to 1.65%,monetary policy,standard,cut,-35.00000000000001,DK,basis points,https://data.bis.org/topics/CBPOL
2009-05-01,Russia,Russia cut 50bp to 12.0%,monetary policy,standard,cut,-50.0,RU,basis points,https://data.bis.org/topics/CBPOL
2009-05-01,Colombia,Colombia cut 100bp to 6.0%,monetary policy,major,cut,-100.0,CO,basis points,https://data.bis.org/topics/CBPOL
2009-05-01,South Africa,South Africa cut 200bp to 7.5%,monetary policy,major,cut,-200.0,ZA,basis points,https://data.bis.org/topics/CBPOL
2009-05-01,Norway,Norway cut 50bp to 1.5%,monetary policy,standard,cut,-50.0,NO,basis points,https://data.bis.org/topics/CBPOL
2009-05-01,Czechia,Czechia cut 25bp to 1.5%,monetary policy,standard,cut,-25.0,CZ,basis points,https://data.bis.org/topics/CBPOL
2009-05-01,Argentina,Argentina hike 20bp to 14.55%,monetary policy,minor,hike,20.000000000000107,AR,basis points,https://data.bis.org/topics/CBPOL
2009-05-01,Mexico,Mexico cut 75bp to 5.25%,monetary policy,major,cut,-75.0,MX,basis points,https://data.bis.org/topics/CBPOL
2009-05-01,Euro area,Euro area cut 25bp to 1.0%,monetary policy,standard,cut,-25.0,XM,basis points,https://data.bis.org/topics/CBPOL
2009-05-01,Romania,Romania cut 50bp to 9.5%,monetary policy,standard,cut,-50.0,RO,basis points,https://data.bis.org/topics/CBPOL
2009-05-01,Kuwait,Kuwait cut 50bp to 3.0%,monetary policy,standard,cut,-50.0,KW,basis points,https://data.bis.org/topics/CBPOL
2009-05-01,Iceland,Iceland cut 300bp to 9.5%,monetary policy,major,cut,-300.0,IS,basis points,https://data.bis.org/topics/CBPOL
2009-05-01,Croatia,Croatia hike 10bp to 5.97%,monetary policy,minor,hike,9.999999999999964,HR,basis points,https://data.bis.org/topics/CBPOL
2009-06-01,Denmark,Denmark cut 20bp to 1.45%,monetary policy,minor,cut,-19.999999999999996,DK,basis points,https://data.bis.org/topics/CBPOL
2009-06-01,Brazil,Brazil cut 100bp to 9.25%,monetary policy,major,cut,-100.0,BR,basis points,https://data.bis.org/topics/CBPOL
2009-06-01,Norway,Norway cut 25bp to 1.25%,monetary policy,standard,cut,-25.0,NO,basis points,https://data.bis.org/topics/CBPOL
2009-06-01,Colombia,Colombia cut 150bp to 4.5%,monetary policy,major,cut,-150.0,CO,basis points,https://data.bis.org/topics/CBPOL
2009-06-01,Russia,Russia cut 50bp to 11.5%,monetary policy,standard,cut,-50.0,RU,basis points,https://data.bis.org/topics/CBPOL
2009-06-01,Mexico,Mexico cut 50bp to 4.75%,monetary policy,standard,cut,-50.0,MX,basis points,https://data.bis.org/topics/CBPOL
2009-06-01,Croatia,Croatia hike 42bp to 6.39%,monetary policy,standard,hike,41.99999999999999,HR,basis points,https://data.bis.org/topics/CBPOL
2009-06-01,Poland,Poland cut 25bp to 3.5%,monetary policy,standard,cut,-25.0,PL,basis points,https://data.bis.org/topics/CBPOL
2009-06-01,Serbia,Serbia cut 100bp to 13.0%,monetary policy,major,cut,-100.0,RS,basis points,https://data.bis.org/topics/CBPOL
2009-06-01,Türkiye,Türkiye cut 50bp to 8.75%,monetary policy,standard,cut,-50.0,TR,basis points,https://data.bis.org/topics/CBPOL
2009-06-01,Indonesia,Indonesia cut 25bp to 7.0%,monetary policy,standard,cut,-25.0,ID,basis points,https://data.bis.org/topics/CBPOL
2009-06-01,Chile,Chile cut 50bp to 0.75%,monetary policy,standard,cut,-50.0,CL,basis points,https://data.bis.org/topics/CBPOL
2009-06-01,Argentina,Argentina hike 170bp to 16.25%,monetary policy,major,hike,169.99999999999994,AR,basis points,https://data.bis.org/topics/CBPOL
2009-06-01,Peru,Peru cut 100bp to 3.0%,monetary policy,major,cut,-100.0,PE,basis points,https://data.bis.org/topics/CBPOL
2009-07-01,Chile,Chile cut 25bp to 0.5%,monetary policy,standard,cut,-25.0,CL,basis points,https://data.bis.org/topics/CBPOL
2009-07-01,Indonesia,Indonesia cut 25bp to 6.75%,monetary policy,standard,cut,-25.0,ID,basis points,https://data.bis.org/topics/CBPOL
2009-07-01,Sweden,Sweden cut 25bp to 0.25%,monetary policy,standard,cut,-25.0,SE,basis points,https://data.bis.org/topics/CBPOL
2009-07-01,Russia,Russia cut 50bp to 11.0%,monetary policy,standard,cut,-50.0,RU,basis points,https://data.bis.org/topics/CBPOL
2009-07-01,Türkiye,Türkiye cut 50bp to 8.25%,monetary policy,standard,cut,-50.0,TR,basis points,https://data.bis.org/topics/CBPOL
2009-07-01,Mexico,Mexico cut 25bp to 4.5%,monetary policy,standard,cut,-25.0,MX,basis points,https://data.bis.org/topics/CBPOL
2009-07-01,Hungary,Hungary cut 100bp to 8.5%,monetary policy,major,cut,-100.0,HU,basis points,https://data.bis.org/topics/CBPOL
2009-07-01,Argentina,Argentina cut 166bp to 14.59%,monetary policy,major,cut,-166.0,AR,basis points,https://data.bis.org/topics/CBPOL
2009-07-01,Serbia,Serbia cut 100bp to 12.0%,monetary policy,major,cut,-100.0,RS,basis points,https://data.bis.org/topics/CBPOL
2009-07-01,Brazil,Brazil cut 50bp to 8.75%,monetary policy,standard,cut,-50.0,BR,basis points,https://data.bis.org/topics/CBPOL
2009-07-01,Romania,Romania cut 50bp to 9.0%,monetary policy,standard,cut,-50.0,RO,basis points,https://data.bis.org/topics/CBPOL
2009-07-01,Croatia,Croatia cut 2bp to 6.37%,monetary policy,minor,cut,-1.9999999999999574,HR,basis points,https://data.bis.org/topics/CBPOL
2009-07-01,Philippines,Philippines cut 25bp to 4.0%,monetary policy,standard,cut,-25.0,PH,basis points,https://data.bis.org/topics/CBPOL
2009-07-01,Peru,Peru cut 100bp to 2.0%,monetary policy,major,cut,-100.0,PE,basis points,https://data.bis.org/topics/CBPOL
2009-08-01,Czechia,Czechia cut 25bp to 1.25%,monetary policy,standard,cut,-25.0,CZ,basis points,https://data.bis.org/topics/CBPOL
2009-08-01,Argentina,Argentina hike 130bp to 15.89%,monetary policy,major,hike,130.00000000000006,AR,basis points,https://data.bis.org/topics/CBPOL
2009-08-01,Türkiye,Türkiye cut 50bp to 7.75%,monetary policy,standard,cut,-50.0,TR,basis points,https://data.bis.org/topics/CBPOL
2009-08-01,Denmark,Denmark cut 20bp to 1.25%,monetary policy,minor,cut,-19.999999999999996,DK,basis points,https://data.bis.org/topics/CBPOL
2009-08-01,Israel,Israel hike 25bp to 0.75%,monetary policy,standard,hike,25.0,IL,basis points,https://data.bis.org/topics/CBPOL
2009-08-01,Indonesia,Indonesia cut 25bp to 6.5%,monetary policy,standard,cut,-25.0,ID,basis points,https://data.bis.org/topics/CBPOL
2009-08-01,Croatia,Croatia cut 168bp to 4.69%,monetary policy,major,cut,-167.99999999999997,HR,basis points,https://data.bis.org/topics/CBPOL
2009-08-01,Hungary,Hungary cut 50bp to 8.0%,monetary policy,standard,cut,-50.0,HU,basis points,https://data.bis.org/topics/CBPOL
2009-08-01,Russia,Russia cut 25bp to 10.75%,monetary policy,standard,cut,-25.0,RU,basis points,https://data.bis.org/topics/CBPOL
2009-08-01,Peru,Peru cut 75bp to 1.25%,monetary policy,major,cut,-75.0,PE,basis points,https://data.bis.org/topics/CBPOL
2009-08-01,Romania,Romania cut 50bp to 8.5%,monetary policy,standard,cut,-50.0,RO,basis points,https://data.bis.org/topics/CBPOL
2009-08-01,South Africa,South Africa cut 50bp to 7.0%,monetary policy,standard,cut,-50.0,ZA,basis points,https://data.bis.org/topics/CBPOL
2009-09-01,Denmark,Denmark cut 25bp to 1.0%,monetary policy,standard,cut,-25.0,DK,basis points,https://data.bis.org/topics/CBPOL
2009-09-01,Colombia,Colombia cut 50bp to 4.0%,monetary policy,standard,cut,-50.0,CO,basis points,https://data.bis.org/topics/CBPOL
2009-09-01,Argentina,Argentina cut 614bp to 9.75%,monetary policy,major,cut,-614.0,AR,basis points,https://data.bis.org/topics/CBPOL
2009-09-01,Hungary,Hungary cut 50bp to 7.5%,monetary policy,standard,cut,-50.0,HU,basis points,https://data.bis.org/topics/CBPOL
2009-09-01,Russia,Russia cut 75bp to 10.0%,monetary policy,major,cut,-75.0,RU,basis points,https://data.bis.org/topics/CBPOL
2009-09-01,Croatia,Croatia hike 214bp to 6.83%,monetary policy,major,hike,213.99999999999997,HR,basis points,https://data.bis.org/topics/CBPOL
2009-09-01,Romania,Romania cut 50bp to 8.0%,monetary policy,standard,cut,-50.0,RO,basis points,https://data.bis.org/topics/CBPOL
2009-09-01,Türkiye,Türkiye cut 50bp to 7.25%,monetary policy,standard,cut,-50.0,TR,basis points,https://data.bis.org/topics/CBPOL
2009-10-01,Serbia,Serbia cut 100bp to 11.0%,monetary policy,major,cut,-100.0,RS,basis points,https://data.bis.org/topics/CBPOL
2009-10-01,Hungary,Hungary cut 50bp to 7.0%,monetary policy,standard,cut,-50.0,HU,basis points,https://data.bis.org/topics/CBPOL
2009-10-01,Norway,Norway hike 25bp to 1.5%,monetary policy,standard,hike,25.0,NO,basis points,https://data.bis.org/topics/CBPOL
2009-10-01,Russia,Russia cut 50bp to 9.5%,monetary policy,standard,cut,-50.0,RU,basis points,https://data.bis.org/topics/CBPOL
2009-10-01,Argentina,Argentina cut 25bp to 9.5%,monetary policy,standard,cut,-25.0,AR,basis points,https://data.bis.org/topics/CBPOL
2009-10-01,Türkiye,Türkiye cut 50bp to 6.75%,monetary policy,standard,cut,-50.0,TR,basis points,https://data.bis.org/topics/CBPOL
2009-10-01,Croatia,Croatia cut 562bp to 1.21%,monetary policy,major,cut,-562.0,HR,basis points,https://data.bis.org/topics/CBPOL
2009-10-01,Australia,Australia hike 25bp to 3.25%,monetary policy,standard,hike,25.0,AU,basis points,https://data.bis.org/topics/CBPOL
2009-10-01,Iceland,Iceland hike 25bp to 9.75%,monetary policy,standard,hike,25.0,IS,basis points,https://data.bis.org/topics/CBPOL
2009-11-01,Türkiye,Türkiye cut 25bp to 6.5%,monetary policy,standard,cut,-25.0,TR,basis points,https://data.bis.org/topics/CBPOL
2009-11-01,Colombia,Colombia cut 50bp to 3.5%,monetary policy,standard,cut,-50.0,CO,basis points,https://data.bis.org/topics/CBPOL
2009-11-01,Israel,Israel hike 25bp to 1.0%,monetary policy,standard,hike,25.0,IL,basis points,https://data.bis.org/topics/CBPOL
2009-11-01,Russia,Russia cut 50bp to 9.0%,monetary policy,standard,cut,-50.0,RU,basis points,https://data.bis.org/topics/CBPOL
2009-11-01,Hungary,Hungary cut 50bp to 6.5%,monetary policy,standard,cut,-50.0,HU,basis points,https://data.bis.org/topics/CBPOL
2009-11-01,Croatia,Croatia cut 41bp to 0.8%,monetary policy,standard,cut,-40.99999999999999,HR,basis points,https://data.bis.org/topics/CBPOL
2009-11-01,Australia,Australia hike 25bp to 3.5%,monetary policy,standard,hike,25.0,AU,basis points,https://data.bis.org/topics/CBPOL
2009-11-01,Serbia,Serbia cut 100bp to 10.0%,monetary policy,major,cut,-100.0,RS,basis points,https://data.bis.org/topics/CBPOL
2009-11-01,Iceland,Iceland cut 12bp to 9.62%,monetary policy,minor,cut,-12.5,IS,basis points,https://data.bis.org/topics/CBPOL
2009-12-01,Hungary,Hungary cut 25bp to 6.25%,monetary policy,standard,cut,-25.0,HU,basis points,https://data.bis.org/topics/CBPOL
2009-12-01,Russia,Russia cut 25bp to 8.75%,monetary policy,standard,cut,-25.0,RU,basis points,https://data.bis.org/topics/CBPOL
2009-12-01,Croatia,Croatia hike 18bp to 0.98%,monetary policy,minor,hike,17.999999999999993,HR,basis points,https://data.bis.org/topics/CBPOL
2009-12-01,North Macedonia,North Macedonia cut 50bp to 8.5%,monetary policy,standard,cut,-50.0,MK,basis points,https://data.bis.org/topics/CBPOL
2009-12-01,Iceland,Iceland cut 50bp to 9.12%,monetary policy,standard,cut,-50.0,IS,basis points,https://data.bis.org/topics/CBPOL
2009-12-01,Serbia,Serbia cut 50bp to 9.5%,monetary policy,standard,cut,-50.0,RS,basis points,https://data.bis.org/topics/CBPOL
2009-12-01,Israel,Israel hike 25bp to 1.25%,monetary policy,standard,hike,25.0,IL,basis points,https://data.bis.org/topics/CBPOL
2009-12-01,Australia,Australia hike 25bp to 3.75%,monetary policy,standard,hike,25.0,AU,basis points,https://data.bis.org/topics/CBPOL
2009-12-01,Norway,Norway hike 25bp to 1.75%,monetary policy,standard,hike,25.0,NO,basis points,https://data.bis.org/topics/CBPOL
2009-12-01,Czechia,Czechia cut 25bp to 1.0%,monetary policy,standard,cut,-25.0,CZ,basis points,https://data.bis.org/topics/CBPOL
2009-12-01,Denmark,Denmark cut 5bp to 0.95%,monetary policy,minor,cut,-5.000000000000004,DK,basis points,https://data.bis.org/topics/CBPOL
2010-01-01,North Macedonia,North Macedonia cut 50bp to 8.0%,monetary policy,standard,cut,-50.0,MK,basis points,https://data.bis.org/topics/CBPOL
2010-01-01,Iceland,Iceland cut 50bp to 8.62%,monetary policy,standard,cut,-50.0,IS,basis points,https://data.bis.org/topics/CBPOL
2010-01-01,Romania,Romania cut 50bp to 7.5%,monetary policy,standard,cut,-50.0,RO,basis points,https://data.bis.org/topics/CBPOL
2010-01-01,Hungary,Hungary cut 25bp to 6.0%,monetary policy,standard,cut,-25.0,HU,basis points,https://data.bis.org/topics/CBPOL
2010-01-01,Croatia,Croatia cut 20bp to 0.78%,monetary policy,minor,cut,-19.999999999999996,HR,basis points,https://data.bis.org/topics/CBPOL
2010-01-01,Denmark,Denmark cut 15bp to 0.8%,monetary policy,minor,cut,-14.999999999999991,DK,basis points,https://data.bis.org/topics/CBPOL
2010-02-01,Hungary,Hungary cut 25bp to 5.75%,monetary policy,standard,cut,-25.0,HU,basis points,https://data.bis.org/topics/CBPOL
2010-02-01,Croatia,Croatia cut 36bp to 0.42%,monetary policy,standard,cut,-36.00000000000001,HR,basis points,https://data.bis.org/topics/CBPOL
2010-02-01,Kuwait,Kuwait cut 50bp to 2.5%,monetary policy,standard,cut,-50.0,KW,basis points,https://data.bis.org/topics/CBPOL
2010-02-01,Romania,Romania cut 50bp to 7.0%,monetary policy,standard,cut,-50.0,RO,basis points,https://data.bis.org/topics/CBPOL
2010-02-01,Russia,Russia cut 25bp to 8.5%,monetary policy,standard,cut,-25.0,RU,basis points,https://data.bis.org/topics/CBPOL
2010-02-01,North Macedonia,North Macedonia cut 50bp to 7.5%,monetary policy,standard,cut,-50.0,MK,basis points,https://data.bis.org/topics/CBPOL
2010-03-01,Iceland,Iceland cut 50bp to 8.12%,monetary policy,standard,cut,-50.0,IS,basis points,https://data.bis.org/topics/CBPOL
2010-03-01,Croatia,Croatia hike 35bp to 0.77%,monetary policy,standard,hike,35.0,HR,basis points,https://data.bis.org/topics/CBPOL
2010-03-01,Romania,Romania cut 50bp to 6.5%,monetary policy,standard,cut,-50.0,RO,basis points,https://data.bis.org/topics/CBPOL
2010-03-01,North Macedonia,North Macedonia cut 100bp to 6.5%,monetary policy,major,cut,-100.0,MK,basis points,https://data.bis.org/topics/CBPOL
2010-03-01,Malaysia,Malaysia hike 25bp to 2.25%,monetary policy,standard,hike,25.0,MY,basis points,https://data.bis.org/topics/CBPOL
2010-03-01,Russia,Russia cut 25bp to 8.25%,monetary policy,standard,cut,-25.0,RU,basis points,https://data.bis.org/topics/CBPOL
2010-03-01,Hungary,Hungary cut 25bp to 5.5%,monetary policy,standard,cut,-25.0,HU,basis points,https://data.bis.org/topics/CBPOL
2010-03-01,India,India hike 25bp to 5.0%,monetary policy,standard,hike,25.0,IN,basis points,https://data.bis.org/topics/CBPOL
2010-03-01,South Africa,South Africa cut 50bp to 6.5%,monetary policy,standard,cut,-50.0,ZA,basis points,https://data.bis.org/topics/CBPOL
2010-03-01,Serbia,Serbia cut 50bp to 9.0%,monetary policy,standard,cut,-50.0,RS,basis points,https://data.bis.org/topics/CBPOL
2010-03-01,Denmark,Denmark cut 10bp to 0.7%,monetary policy,minor,cut,-10.000000000000009,DK,basis points,https://data.bis.org/topics/CBPOL
2010-03-01,Australia,Australia hike 25bp to 4.0%,monetary policy,standard,hike,25.0,AU,basis points,https://data.bis.org/topics/CBPOL
2010-04-01,Brazil,Brazil hike 75bp to 9.5%,monetary policy,major,hike,75.0,BR,basis points,https://data.bis.org/topics/CBPOL
2010-04-01,Hungary,Hungary cut 25bp to 5.25%,monetary policy,standard,cut,-25.0,HU,basis points,https://data.bis.org/topics/CBPOL
2010-04-01,Croatia,Croatia hike 6bp to 0.83%,monetary policy,minor,hike,5.999999999999995,HR,basis points,https://data.bis.org/topics/CBPOL
2010-04-01,Israel,Israel hike 25bp to 1.5%,monetary policy,standard,hike,25.0,IL,basis points,https://data.bis.org/topics/CBPOL
2010-04-01,Australia,Australia hike 25bp to 4.25%,monetary policy,standard,hike,25.0,AU,basis points,https://data.bis.org/topics/CBPOL
2010-04-01,India,India hike 25bp to 5.25%,monetary policy,standard,hike,25.0,IN,basis points,https://data.bis.org/topics/CBPOL
2010-04-01,Serbia,Serbia cut 50bp to 8.5%,monetary policy,standard,cut,-50.0,RS,basis points,https://data.bis.org/topics/CBPOL
2010-04-01,Russia,Russia cut 25bp to 8.0%,monetary policy,standard,cut,-25.0,RU,basis points,https://data.bis.org/topics/CBPOL
2010-05-01,Croatia,Croatia cut 13bp to 0.7%,monetary policy,minor,cut,-13.0,HR,basis points,https://data.bis.org/topics/CBPOL
2010-05-01,North Macedonia,North Macedonia cut 50bp to 6.0%,monetary policy,standard,cut,-50.0,MK,basis points,https://data.bis.org/topics/CBPOL
2010-05-01,Australia,Australia hike 25bp to 4.5%,monetary policy,standard,hike,25.0,AU,basis points,https://data.bis.org/topics/CBPOL
2010-05-01,Colombia,Colombia cut 50bp to 3.0%,monetary policy,standard,cut,-50.0,CO,basis points,https://data.bis.org/topics/CBPOL
2010-05-01,Serbia,Serbia cut 50bp to 8.0%,monetary policy,standard,cut,-50.0,RS,basis points,https://data.bis.org/topics/CBPOL
2010-05-01,Romania,Romania cut 25bp to 6.25%,monetary policy,standard,cut,-25.0,RO,basis points,https://data.bis.org/topics/CBPOL
2010-05-01,Czechia,Czechia cut 25bp to 0.75%,monetary policy,standard,cut,-25.0,CZ,basis points,https://data.bis.org/topics/CBPOL
2010-05-01,Russia,Russia cut 25bp to 7.75%,monetary policy,standard,cut,-25.0,RU,basis points,https://data.bis.org/topics/CBPOL
2010-05-01,Iceland,Iceland cut 50bp to 7.62%,monetary policy,standard,cut,-50.0,IS,basis points,https://data.bis.org/topics/CBPOL
2010-05-01,Malaysia,Malaysia hike 25bp to 2.5%,monetary policy,standard,hike,25.0,MY,basis points,https://data.bis.org/topics/CBPOL
2010-05-01,Denmark,Denmark cut 20bp to 0.5%,monetary policy,minor,cut,-19.999999999999996,DK,basis points,https://data.bis.org/topics/CBPOL
2010-05-01,Türkiye,Türkiye hike 50bp to 7.0%,monetary policy,standard,hike,50.0,TR,basis points,https://data.bis.org/topics/CBPOL
2010-05-01,Norway,Norway hike 25bp to 2.0%,monetary policy,standard,hike,25.0,NO,basis points,https://data.bis.org/topics/CBPOL
2010-05-01,Peru,Peru hike 25bp to 1.5%,monetary policy,standard,hike,25.0,PE,basis points,https://data.bis.org/topics/CBPOL
2010-06-01,Iceland,Iceland cut 50bp to 7.12%,monetary policy,standard,cut,-50.0,IS,basis points,https://data.bis.org/topics/CBPOL
2010-06-01,Brazil,Brazil hike 75bp to 10.25%,monetary policy,major,hike,75.0,BR,basis points,https://data.bis.org/topics/CBPOL
2010-06-01,Peru,Peru hike 25bp to 1.75%,monetary policy,standard,hike,25.0,PE,basis points,https://data.bis.org/topics/CBPOL
2010-06-01,Canada,Canada hike 25bp to 0.5%,monetary policy,standard,hike,25.0,CA,basis points,https://data.bis.org/topics/CBPOL
2010-06-01,Croatia,Croatia hike 33bp to 1.03%,monetary policy,standard,hike,33.00000000000001,HR,basis points,https://data.bis.org/topics/CBPOL
2010-06-01,North Macedonia,North Macedonia cut 100bp to 5.0%,monetary policy,major,cut,-100.0,MK,basis points,https://data.bis.org/topics/CBPOL
2010-06-01,New Zealand,New Zealand hike 25bp to 2.75%,monetary policy,standard,hike,25.0,NZ,basis points,https://data.bis.org/topics/CBPOL
2010-06-01,Chile,Chile hike 50bp to 1.0%,monetary policy,standard,hike,50.0,CL,basis points,https://data.bis.org/topics/CBPOL
2010-07-01,Sweden,Sweden hike 25bp to 0.5%,monetary policy,standard,hike,25.0,SE,basis points,https://data.bis.org/topics/CBPOL
2010-07-01,Thailand,Thailand hike 25bp to 1.5%,monetary policy,standard,hike,25.0,TH,basis points,https://data.bis.org/topics/CBPOL
2010-07-01,Peru,Peru hike 25bp to 2.0%,monetary policy,standard,hike,25.0,PE,basis points,https://data.bis.org/topics/CBPOL
2010-07-01,Croatia,Croatia hike 34bp to 1.37%,monetary policy,standard,hike,34.00000000000001,HR,basis points,https://data.bis.org/topics/CBPOL
2010-07-01,Korea,Korea hike 25bp to 2.25%,monetary policy,standard,hike,25.0,KR,basis points,https://data.bis.org/topics/CBPOL
2010-07-01,Brazil,Brazil hike 50bp to 10.75%,monetary policy,standard,hike,50.0,BR,basis points,https://data.bis.org/topics/CBPOL
2010-07-01,Malaysia,Malaysia hike 25bp to 2.75%,monetary policy,standard,hike,25.0,MY,basis points,https://data.bis.org/topics/CBPOL
2010-07-01,Israel,Israel hike 25bp to 1.75%,monetary policy,standard,hike,25.0,IL,basis points,https://data.bis.org/topics/CBPOL
2010-07-01,India,India hike 50bp to 5.75%,monetary policy,standard,hike,50.0,IN,basis points,https://data.bis.org/topics/CBPOL
2010-07-01,Canada,Canada hike 25bp to 0.75%,monetary policy,standard,hike,25.0,CA,basis points,https://data.bis.org/topics/CBPOL
2010-07-01,Chile,Chile hike 50bp to 1.5%,monetary policy,standard,hike,50.0,CL,basis points,https://data.bis.org/topics/CBPOL
2010-07-01,New Zealand,New Zealand hike 25bp to 3.0%,monetary policy,standard,hike,25.0,NZ,basis points,https://data.bis.org/topics/CBPOL
2010-08-01,Iceland,Iceland cut 100bp to 6.12%,monetary policy,major,cut,-100.0,IS,basis points,https://data.bis.org/topics/CBPOL
2010-08-01,Chile,Chile hike 50bp to 2.0%,monetary policy,standard,hike,50.0,CL,basis points,https://data.bis.org/topics/CBPOL
2010-08-01,Serbia,Serbia hike 50bp to 8.5%,monetary policy,standard,hike,50.0,RS,basis points,https://data.bis.org/topics/CBPOL
2010-08-01,North Macedonia,North Macedonia cut 50bp to 4.5%,monetary policy,standard,cut,-50.0,MK,basis points,https://data.bis.org/topics/CBPOL
2010-08-01,Croatia,Croatia cut 49bp to 0.88%,monetary policy,standard,cut,-49.00000000000001,HR,basis points,https://data.bis.org/topics/CBPOL
2010-08-01,Thailand,Thailand hike 25bp to 1.75%,monetary policy,standard,hike,25.0,TH,basis points,https://data.bis.org/topics/CBPOL
2010-08-01,Peru,Peru hike 50bp to 2.5%,monetary policy,standard,hike,50.0,PE,basis points,https://data.bis.org/topics/CBPOL
2010-09-01,Serbia,Serbia hike 50bp to 9.0%,monetary policy,standard,hike,50.0,RS,basis points,https://data.bis.org/topics/CBPOL
2010-09-01,South Africa,South Africa cut 50bp to 6.0%,monetary policy,standard,cut,-50.0,ZA,basis points,https://data.bis.org/topics/CBPOL
2010-09-01,Israel,Israel hike 25bp to 2.0%,monetary policy,standard,hike,25.0,IL,basis points,https://data.bis.org/topics/CBPOL
2010-09-01,India,India hike 25bp to 6.0%,monetary policy,standard,hike,25.0,IN,basis points,https://data.bis.org/topics/CBPOL
2010-09-01,Croatia,Croatia cut 1bp to 0.87%,monetary policy,minor,cut,-1.0000000000000009,HR,basis points,https://data.bis.org/topics/CBPOL
2010-09-01,Sweden,Sweden hike 25bp to 0.75%,monetary policy,standard,hike,25.0,SE,basis points,https://data.bis.org/topics/CBPOL
2010-09-01,Peru,Peru hike 50bp to 3.0%,monetary policy,standard,hike,50.0,PE,basis points,https://data.bis.org/topics/CBPOL
2010-09-01,Canada,Canada hike 25bp to 1.0%,monetary policy,standard,hike,25.0,CA,basis points,https://data.bis.org/topics/CBPOL
2010-09-01,Chile,Chile hike 50bp to 2.5%,monetary policy,standard,hike,50.0,CL,basis points,https://data.bis.org/topics/CBPOL
2010-09-01,Iceland,Iceland cut 75bp to 5.38%,monetary policy,major,cut,-75.0,IS,basis points,https://data.bis.org/topics/CBPOL
2010-10-01,Chile,Chile hike 25bp to 2.75%,monetary policy,standard,hike,25.0,CL,basis points,https://data.bis.org/topics/CBPOL
2010-10-01,Japan,Japan cut 5bp to 0.05%,monetary policy,minor,cut,-5.0,JP,basis points,https://data.bis.org/topics/CBPOL
2010-10-01,Sweden,Sweden hike 25bp to 1.0%,monetary policy,standard,hike,25.0,SE,basis points,https://data.bis.org/topics/CBPOL
2010-10-01,Denmark,Denmark hike 20bp to 0.7%,monetary policy,minor,hike,19.999999999999996,DK,basis points,https://data.bis.org/topics/CBPOL
2010-10-01,China,China hike 25bp to 5.56%,monetary policy,standard,hike,25.0,CN,basis points,https://data.bis.org/topics/CBPOL
2010-10-01,Serbia,Serbia hike 50bp to 9.5%,monetary policy,standard,hike,50.0,RS,basis points,https://data.bis.org/topics/CBPOL
2010-10-01,Croatia,Croatia cut 13bp to 0.74%,monetary policy,minor,cut,-13.0,HR,basis points,https://data.bis.org/topics/CBPOL
2010-11-01,Croatia,Croatia cut 3bp to 0.71%,monetary policy,minor,cut,-3.0000000000000027,HR,basis points,https://data.bis.org/topics/CBPOL
2010-11-01,Australia,Australia hike 25bp to 4.75%,monetary policy,standard,hike,25.0,AU,basis points,https://data.bis.org/topics/CBPOL
2010-11-01,Iceland,Iceland cut 75bp to 4.62%,monetary policy,major,cut,-75.0,IS,basis points,https://data.bis.org/topics/CBPOL
2010-11-01,South Africa,South Africa cut 50bp to 5.5%,monetary policy,standard,cut,-50.0,ZA,basis points,https://data.bis.org/topics/CBPOL
2010-11-01,Hungary,Hungary hike 25bp to 5.5%,monetary policy,standard,hike,25.0,HU,basis points,https://data.bis.org/topics/CBPOL
2010-11-01,Chile,Chile hike 25bp to 3.0%,monetary policy,standard,hike,25.0,CL,basis points,https://data.bis.org/topics/CBPOL
2010-11-01,Korea,Korea hike 25bp to 2.5%,monetary policy,standard,hike,25.0,KR,basis points,https://data.bis.org/topics/CBPOL
2010-11-01,Serbia,Serbia hike 100bp to 10.5%,monetary policy,major,hike,100.0,RS,basis points,https://data.bis.org/topics/CBPOL
2010-11-01,India,India hike 25bp to 6.25%,monetary policy,standard,hike,25.0,IN,basis points,https://data.bis.org/topics/CBPOL
2010-12-01,Hungary,Hungary hike 25bp to 5.75%,monetary policy,standard,hike,25.0,HU,basis points,https://data.bis.org/topics/CBPOL
2010-12-01,Thailand,Thailand hike 25bp to 2.0%,monetary policy,standard,hike,25.0,TH,basis points,https://data.bis.org/topics/CBPOL
2010-12-01,Iceland,Iceland cut 75bp to 3.88%,monetary policy,major,cut,-75.0,IS,basis points,https://data.bis.org/topics/CBPOL
2010-12-01,Sweden,Sweden hike 25bp to 1.25%,monetary policy,standard,hike,25.0,SE,basis points,https://data.bis.org/topics/CBPOL
2010-12-01,Serbia,Serbia hike 100bp to 11.5%,monetary policy,major,hike,100.0,RS,basis points,https://data.bis.org/topics/CBPOL
2010-12-01,China,China hike 25bp to 5.81%,monetary policy,standard,hike,25.0,CN,basis points,https://data.bis.org/topics/CBPOL
2010-12-01,North Macedonia,North Macedonia cut 50bp to 4.0%,monetary policy,standard,cut,-50.0,MK,basis points,https://data.bis.org/topics/CBPOL
2010-12-01,Türkiye,Türkiye cut 50bp to 6.5%,monetary policy,standard,cut,-50.0,TR,basis points,https://data.bis.org/topics/CBPOL
2010-12-01,Croatia,Croatia hike 10bp to 0.81%,monetary policy,minor,hike,10.000000000000009,HR,basis points,https://data.bis.org/topics/CBPOL
2010-12-01,Chile,Chile hike 25bp to 3.25%,monetary policy,standard,hike,25.0,CL,basis points,https://data.bis.org/topics/CBPOL
2011-01-01,Korea,Korea hike 25bp to 2.75%,monetary policy,standard,hike,25.0,KR,basis points,https://data.bis.org/topics/CBPOL
2011-01-01,Poland,Poland hike 25bp to 3.75%,monetary policy,standard,hike,25.0,PL,basis points,https://data.bis.org/topics/CBPOL
2011-01-01,Serbia,Serbia hike 50bp to 12.0%,monetary policy,standard,hike,50.0,RS,basis points,https://data.bis.org/topics/CBPOL
2011-01-01,Thailand,Thailand hike 25bp to 2.25%,monetary policy,standard,hike,25.0,TH,basis points,https://data.bis.org/topics/CBPOL
2011-01-01,India,India hike 25bp to 6.5%,monetary policy,standard,hike,25.0,IN,basis points,https://data.bis.org/topics/CBPOL
2011-01-01,Türkiye,Türkiye cut 25bp to 6.25%,monetary policy,standard,cut,-25.0,TR,basis points,https://data.bis.org/topics/CBPOL
2011-01-01,Israel,Israel hike 25bp to 2.25%,monetary policy,standard,hike,25.0,IL,basis points,https://data.bis.org/topics/CBPOL
2011-01-01,Brazil,Brazil hike 50bp to 11.25%,monetary policy,standard,hike,50.0,BR,basis points,https://data.bis.org/topics/CBPOL
2011-01-01,Hungary,Hungary hike 25bp to 6.0%,monetary policy,standard,hike,25.0,HU,basis points,https://data.bis.org/topics/CBPOL
2011-01-01,Croatia,Croatia cut 24bp to 0.57%,monetary policy,minor,cut,-24.00000000000001,HR,basis points,https://data.bis.org/topics/CBPOL
2011-01-01,Peru,Peru hike 25bp to 3.25%,monetary policy,standard,hike,25.0,PE,basis points,https://data.bis.org/topics/CBPOL
2011-02-01,Russia,Russia hike 25bp to 8.0%,monetary policy,standard,hike,25.0,RU,basis points,https://data.bis.org/topics/CBPOL
2011-02-01,Chile,Chile hike 25bp to 3.5%,monetary policy,standard,hike,25.0,CL,basis points,https://data.bis.org/topics/CBPOL
2011-02-01,Colombia,Colombia hike 25bp to 3.25%,monetary policy,standard,hike,25.0,CO,basis points,https://data.bis.org/topics/CBPOL
2011-02-01,Iceland,Iceland cut 25bp to 3.62%,monetary policy,standard,cut,-25.0,IS,basis points,https://data.bis.org/topics/CBPOL
2011-02-01,Indonesia,Indonesia hike 25bp to 6.75%,monetary policy,standard,hike,25.0,ID,basis points,https://data.bis.org/topics/CBPOL
2011-02-01,Peru,Peru hike 25bp to 3.5%,monetary policy,standard,hike,25.0,PE,basis points,https://data.bis.org/topics/CBPOL
2011-02-01,Sweden,Sweden hike 25bp to 1.5%,monetary policy,standard,hike,25.0,SE,basis points,https://data.bis.org/topics/CBPOL
2011-02-01,Croatia,Croatia hike 10bp to 0.67%,monetary policy,minor,hike,10.000000000000009,HR,basis points,https://data.bis.org/topics/CBPOL
2011-02-01,Israel,Israel hike 25bp to 2.5%,monetary policy,standard,hike,25.0,IL,basis points,https://data.bis.org/topics/CBPOL
2011-02-01,China,China hike 25bp to 6.06%,monetary policy,standard,hike,25.0,CN,basis points,https://data.bis.org/topics/CBPOL
2011-03-01,Chile,Chile hike 50bp to 4.0%,monetary policy,standard,hike,50.0,CL,basis points,https://data.bis.org/topics/CBPOL
2011-03-01,Thailand,Thailand hike 25bp to 2.5%,monetary policy,standard,hike,25.0,TH,basis points,https://data.bis.org/topics/CBPOL
2011-03-01,Israel,Israel hike 50bp to 3.0%,monetary policy,standard,hike,50.0,IL,basis points,https://data.bis.org/topics/CBPOL
2011-03-01,Philippines,Philippines hike 25bp to 4.25%,monetary policy,standard,hike,25.0,PH,basis points,https://data.bis.org/topics/CBPOL
2011-03-01,Colombia,Colombia hike 25bp to 3.5%,monetary policy,standard,hike,25.0,CO,basis points,https://data.bis.org/topics/CBPOL
2011-03-01,India,India hike 25bp to 6.75%,monetary policy,standard,hike,25.0,IN,basis points,https://data.bis.org/topics/CBPOL
2011-03-01,Croatia,Croatia cut 4bp to 0.63%,monetary policy,minor,cut,-4.0000000000000036,HR,basis points,https://data.bis.org/topics/CBPOL
2011-03-01,Serbia,Serbia hike 25bp to 12.25%,monetary policy,standard,hike,25.0,RS,basis points,https://data.bis.org/topics/CBPOL
2011-03-01,New Zealand,New Zealand cut 50bp to 2.5%,monetary policy,standard,cut,-50.0,NZ,basis points,https://data.bis.org/topics/CBPOL
2011-03-01,Brazil,Brazil hike 50bp to 11.75%,monetary policy,standard,hike,50.0,BR,basis points,https://data.bis.org/topics/CBPOL
2011-03-01,Korea,Korea hike 25bp to 3.0%,monetary policy,standard,hike,25.0,KR,basis points,https://data.bis.org/topics/CBPOL
2011-03-01,Peru,Peru hike 25bp to 3.75%,monetary policy,standard,hike,25.0,PE,basis points,https://data.bis.org/topics/CBPOL
2011-04-01,Denmark,Denmark hike 25bp to 0.95%,monetary policy,standard,hike,25.0,DK,basis points,https://data.bis.org/topics/CBPOL
2011-04-01,Euro area,Euro area hike 25bp to 1.25%,monetary policy,standard,hike,25.0,XM,basis points,https://data.bis.org/topics/CBPOL
2011-04-01,Poland,Poland hike 25bp to 4.0%,monetary policy,standard,hike,25.0,PL,basis points,https://data.bis.org/topics/CBPOL
2011-04-01,Thailand,Thailand hike 25bp to 2.75%,monetary policy,standard,hike,25.0,TH,basis points,https://data.bis.org/topics/CBPOL
2011-04-01,China,China hike 25bp to 6.31%,monetary policy,standard,hike,25.0,CN,basis points,https://data.bis.org/topics/CBPOL
2011-04-01,Croatia,Croatia hike 7bp to 0.7%,monetary policy,minor,hike,6.999999999999995,HR,basis points,https://data.bis.org/topics/CBPOL
2011-04-01,Peru,Peru hike 25bp to 4.0%,monetary policy,standard,hike,25.0,PE,basis points,https://data.bis.org/topics/CBPOL
2011-04-01,Sweden,Sweden hike 25bp to 1.75%,monetary policy,standard,hike,25.0,SE,basis points,https://data.bis.org/topics/CBPOL
2011-04-01,Chile,Chile hike 50bp to 4.5%,monetary policy,standard,hike,50.0,CL,basis points,https://data.bis.org/topics/CBPOL
2011-04-01,Brazil,Brazil hike 25bp to 12.0%,monetary policy,standard,hike,25.0,BR,basis points,https://data.bis.org/topics/CBPOL
2011-04-01,Serbia,Serbia hike 25bp to 12.5%,monetary policy,standard,hike,25.0,RS,basis points,https://data.bis.org/topics/CBPOL
2011-05-01,Colombia,Colombia hike 50bp to 4.0%,monetary policy,standard,hike,50.0,CO,basis points,https://data.bis.org/topics/CBPOL
2011-05-01,Philippines,Philippines hike 25bp to 4.5%,monetary policy,standard,hike,25.0,PH,basis points,https://data.bis.org/topics/CBPOL
2011-05-01,Poland,Poland hike 25bp to 4.25%,monetary policy,standard,hike,25.0,PL,basis points,https://data.bis.org/topics/CBPOL
2011-05-01,Malaysia,Malaysia hike 25bp to 3.0%,monetary policy,standard,hike,25.0,MY,basis points,https://data.bis.org/topics/CBPOL
2011-05-01,Israel,Israel hike 25bp to 3.25%,monetary policy,standard,hike,25.0,IL,basis points,https://data.bis.org/topics/CBPOL
2011-05-01,Peru,Peru hike 25bp to 4.25%,monetary policy,standard,hike,25.0,PE,basis points,https://data.bis.org/topics/CBPOL
2011-05-01,Russia,Russia hike 25bp to 8.25%,monetary policy,standard,hike,25.0,RU,basis points,https://data.bis.org/topics/CBPOL
2011-05-01,Norway,Norway hike 25bp to 2.25%,monetary policy,standard,hike,25.0,NO,basis points,https://data.bis.org/topics/CBPOL
2011-05-01,Chile,Chile hike 50bp to 5.0%,monetary policy,standard,hike,50.0,CL,basis points,https://data.bis.org/topics/CBPOL
2011-05-01,Croatia,Croatia cut 25bp to 0.45%,monetary policy,minor,cut,-24.999999999999993,HR,basis points,https://data.bis.org/topics/CBPOL
2011-05-01,India,India hike 50bp to 7.25%,monetary policy,standard,hike,50.0,IN,basis points,https://data.bis.org/topics/CBPOL
2011-06-01,Colombia,Colombia hike 25bp to 4.25%,monetary policy,standard,hike,25.0,CO,basis points,https://data.bis.org/topics/CBPOL
2011-06-01,Brazil,Brazil hike 25bp to 12.25%,monetary policy,standard,hike,25.0,BR,basis points,https://data.bis.org/topics/CBPOL
2011-06-01,Chile,Chile hike 25bp to 5.25%,monetary policy,standard,hike,25.0,CL,basis points,https://data.bis.org/topics/CBPOL
2011-06-01,Croatia,Croatia cut 7bp to 0.38%,monetary policy,minor,cut,-7.000000000000001,HR,basis points,https://data.bis.org/topics/CBPOL
2011-06-01,Korea,Korea hike 25bp to 3.25%,monetary policy,standard,hike,25.0,KR,basis points,https://data.bis.org/topics/CBPOL
2011-06-01,Thailand,Thailand hike 25bp to 3.0%,monetary policy,standard,hike,25.0,TH,basis points,https://data.bis.org/topics/CBPOL
2011-06-01,Poland,Poland hike 25bp to 4.5%,monetary policy,standard,hike,25.0,PL,basis points,https://data.bis.org/topics/CBPOL
2011-06-01,Serbia,Serbia cut 50bp to 12.0%,monetary policy,standard,cut,-50.0,RS,basis points,https://data.bis.org/topics/CBPOL
2011-06-01,India,India hike 25bp to 7.5%,monetary policy,standard,hike,25.0,IN,basis points,https://data.bis.org/topics/CBPOL
2011-07-01,Sweden,Sweden hike 25bp to 2.0%,monetary policy,standard,hike,25.0,SE,basis points,https://data.bis.org/topics/CBPOL
2011-07-01,Croatia,Croatia hike 9bp to 0.47%,monetary policy,minor,hike,8.999999999999996,HR,basis points,https://data.bis.org/topics/CBPOL
2011-07-01,Serbia,Serbia cut 25bp to 11.75%,monetary policy,standard,cut,-25.0,RS,basis points,https://data.bis.org/topics/CBPOL
2011-07-01,Brazil,Brazil hike 25bp to 12.5%,monetary policy,standard,hike,25.0,BR,basis points,https://data.bis.org/topics/CBPOL
2011-07-01,Euro area,Euro area hike 25bp to 1.5%,monetary policy,standard,hike,25.0,XM,basis points,https://data.bis.org/topics/CBPOL
2011-07-01,Thailand,Thailand hike 25bp to 3.25%,monetary policy,standard,hike,25.0,TH,basis points,https://data.bis.org/topics/CBPOL
2011-07-01,Denmark,Denmark hike 25bp to 1.2%,monetary policy,standard,hike,25.0,DK,basis points,https://data.bis.org/topics/CBPOL
2011-07-01,China,China hike 25bp to 6.56%,monetary policy,standard,hike,25.0,CN,basis points,https://data.bis.org/topics/CBPOL
2011-07-01,India,India hike 50bp to 8.0%,monetary policy,standard,hike,50.0,IN,basis points,https://data.bis.org/topics/CBPOL
2011-08-01,Croatia,Croatia cut 5bp to 0.42%,monetary policy,minor,cut,-4.999999999999999,HR,basis points,https://data.bis.org/topics/CBPOL
2011-08-01,Switzerland,Switzerland cut 25bp to 0.12%,monetary policy,standard,cut,-25.0,CH,basis points,https://data.bis.org/topics/CBPOL
2011-08-01,Thailand,Thailand hike 25bp to 3.5%,monetary policy,standard,hike,25.0,TH,basis points,https://data.bis.org/topics/CBPOL
2011-08-01,Iceland,Iceland hike 25bp to 3.88%,monetary policy,standard,hike,25.0,IS,basis points,https://data.bis.org/topics/CBPOL
2011-08-01,Colombia,Colombia hike 25bp to 4.5%,monetary policy,standard,hike,25.0,CO,basis points,https://data.bis.org/topics/CBPOL
2011-08-01,Denmark,Denmark cut 10bp to 1.1%,monetary policy,minor,cut,-9.999999999999986,DK,basis points,https://data.bis.org/topics/CBPOL
2011-08-01,Türkiye,Türkiye cut 50bp to 5.75%,monetary policy,standard,cut,-50.0,TR,basis points,https://data.bis.org/topics/CBPOL
2011-09-01,Denmark,Denmark cut 10bp to 1.0%,monetary policy,minor,cut,-10.000000000000009,DK,basis points,https://data.bis.org/topics/CBPOL
2011-09-01,Croatia,Croatia hike 83bp to 1.25%,monetary policy,major,hike,83.0,HR,basis points,https://data.bis.org/topics/CBPOL
2011-09-01,Brazil,Brazil cut 50bp to 12.0%,monetary policy,standard,cut,-50.0,BR,basis points,https://data.bis.org/topics/CBPOL
2011-09-01,Serbia,Serbia cut 50bp to 11.25%,monetary policy,standard,cut,-50.0,RS,basis points,https://data.bis.org/topics/CBPOL
2011-09-01,India,India hike 25bp to 8.25%,monetary policy,standard,hike,25.0,IN,basis points,https://data.bis.org/topics/CBPOL
2011-10-01,India,India hike 25bp to 8.5%,monetary policy,standard,hike,25.0,IN,basis points,https://data.bis.org/topics/CBPOL
2011-10-01,Croatia,Croatia cut 49bp to 0.76%,monetary policy,standard,cut,-49.0,HR,basis points,https://data.bis.org/topics/CBPOL
2011-10-01,Serbia,Serbia cut 50bp to 10.75%,monetary policy,standard,cut,-50.0,RS,basis points,https://data.bis.org/topics/CBPOL
2011-10-01,Brazil,Brazil cut 50bp to 11.5%,monetary policy,standard,cut,-50.0,BR,basis points,https://data.bis.org/topics/CBPOL
2011-10-01,Israel,Israel cut 25bp to 3.0%,monetary policy,standard,cut,-25.0,IL,basis points,https://data.bis.org/topics/CBPOL
2011-10-01,Indonesia,Indonesia cut 25bp to 6.5%,monetary policy,standard,cut,-25.0,ID,basis points,https://data.bis.org/topics/CBPOL
2011-11-01,Croatia,Croatia cut 24bp to 0.52%,monetary policy,minor,cut,-24.0,HR,basis points,https://data.bis.org/topics/CBPOL
2011-11-01,Australia,Australia cut 25bp to 4.5%,monetary policy,standard,cut,-25.0,AU,basis points,https://data.bis.org/topics/CBPOL
2011-11-01,Colombia,Colombia hike 25bp to 4.75%,monetary policy,standard,hike,25.0,CO,basis points,https://data.bis.org/topics/CBPOL
2011-11-01,Euro area,Euro area cut 25bp to 1.25%,monetary policy,standard,cut,-25.0,XM,basis points,https://data.bis.org/topics/CBPOL
2011-11-01,Hungary,Hungary hike 50bp to 6.5%,monetary policy,standard,hike,50.0,HU,basis points,https://data.bis.org/topics/CBPOL
2011-11-01,Iceland,Iceland hike 25bp to 4.12%,monetary policy,standard,hike,25.0,IS,basis points,https://data.bis.org/topics/CBPOL
2011-11-01,Indonesia,Indonesia cut 50bp to 6.0%,monetary policy,standard,cut,-50.0,ID,basis points,https://data.bis.org/topics/CBPOL
2011-11-01,Denmark,Denmark cut 35bp to 0.65%,monetary policy,standard,cut,-35.0,DK,basis points,https://data.bis.org/topics/CBPOL
2011-11-01,Thailand,Thailand cut 25bp to 3.25%,monetary policy,standard,cut,-25.0,TH,basis points,https://data.bis.org/topics/CBPOL
2011-11-01,Romania,Romania cut 25bp to 6.0%,monetary policy,standard,cut,-25.0,RO,basis points,https://data.bis.org/topics/CBPOL
2011-11-01,Serbia,Serbia cut 75bp to 10.0%,monetary policy,major,cut,-75.0,RS,basis points,https://data.bis.org/topics/CBPOL
2011-12-01,Australia,Australia cut 25bp to 4.25%,monetary policy,standard,cut,-25.0,AU,basis points,https://data.bis.org/topics/CBPOL
2011-12-01,Croatia,Croatia hike 105bp to 1.57%,monetary policy,major,hike,105.0,HR,basis points,https://data.bis.org/topics/CBPOL
2011-12-01,Denmark,Denmark cut 35bp to 0.3%,monetary policy,standard,cut,-35.0,DK,basis points,https://data.bis.org/topics/CBPOL
2011-12-01,Euro area,Euro area cut 25bp to 1.0%,monetary policy,standard,cut,-25.0,XM,basis points,https://data.bis.org/topics/CBPOL
2011-12-01,Serbia,Serbia cut 25bp to 9.75%,monetary policy,standard,cut,-25.0,RS,basis points,https://data.bis.org/topics/CBPOL
2011-12-01,Russia,Russia cut 25bp to 8.0%,monetary policy,standard,cut,-25.0,RU,basis points,https://data.bis.org/topics/CBPOL
2011-12-01,Brazil,Brazil cut 50bp to 11.0%,monetary policy,standard,cut,-50.0,BR,basis points,https://data.bis.org/topics/CBPOL
2011-12-01,Sweden,Sweden cut 25bp to 1.75%,monetary policy,standard,cut,-25.0,SE,basis points,https://data.bis.org/topics/CBPOL
2011-12-01,Norway,Norway cut 50bp to 1.75%,monetary policy,standard,cut,-50.0,NO,basis points,https://data.bis.org/topics/CBPOL
2011-12-01,Israel,Israel cut 25bp to 2.75%,monetary policy,standard,cut,-25.0,IL,basis points,https://data.bis.org/topics/CBPOL
2011-12-01,Hungary,Hungary hike 50bp to 7.0%,monetary policy,standard,hike,50.0,HU,basis points,https://data.bis.org/topics/CBPOL
2012-01-01,Serbia,Serbia cut 25bp to 9.5%,monetary policy,standard,cut,-25.0,RS,basis points,https://data.bis.org/topics/CBPOL
2012-01-01,Romania,Romania cut 25bp to 5.75%,monetary policy,standard,cut,-25.0,RO,basis points,https://data.bis.org/topics/CBPOL
2012-01-01,Croatia,Croatia cut 32bp to 1.25%,monetary policy,standard,cut,-32.00000000000001,HR,basis points,https://data.bis.org/topics/CBPOL
2012-01-01,Brazil,Brazil cut 50bp to 10.5%,monetary policy,standard,cut,-50.0,BR,basis points,https://data.bis.org/topics/CBPOL
2012-01-01,Philippines,Philippines cut 25bp to 4.25%,monetary policy,standard,cut,-25.0,PH,basis points,https://data.bis.org/topics/CBPOL
2012-01-01,Israel,Israel cut 25bp to 2.5%,monetary policy,standard,cut,-25.0,IL,basis points,https://data.bis.org/topics/CBPOL
2012-01-01,Colombia,Colombia hike 25bp to 5.0%,monetary policy,standard,hike,25.0,CO,basis points,https://data.bis.org/topics/CBPOL
2012-01-01,Thailand,Thailand cut 25bp to 3.0%,monetary policy,standard,cut,-25.0,TH,basis points,https://data.bis.org/topics/CBPOL
2012-01-01,Chile,Chile cut 25bp to 5.0%,monetary policy,standard,cut,-25.0,CL,basis points,https://data.bis.org/topics/CBPOL
2012-02-01,Colombia,Colombia hike 25bp to 5.25%,monetary policy,standard,hike,25.0,CO,basis points,https://data.bis.org/topics/CBPOL
2012-02-01,Sweden,Sweden cut 25bp to 1.5%,monetary policy,standard,cut,-25.0,SE,basis points,https://data.bis.org/topics/CBPOL
2012-02-01,Indonesia,Indonesia cut 25bp to 5.75%,monetary policy,standard,cut,-25.0,ID,basis points,https://data.bis.org/topics/CBPOL
2012-02-01,Croatia,Croatia cut 21bp to 1.04%,monetary policy,minor,cut,-20.999999999999996,HR,basis points,https://data.bis.org/topics/CBPOL
2012-02-01,Romania,Romania cut 25bp to 5.5%,monetary policy,standard,cut,-25.0,RO,basis points,https://data.bis.org/topics/CBPOL
2012-03-01,Norway,Norway cut 25bp to 1.5%,monetary policy,standard,cut,-25.0,NO,basis points,https://data.bis.org/topics/CBPOL
2012-03-01,Romania,Romania cut 25bp to 5.25%,monetary policy,standard,cut,-25.0,RO,basis points,https://data.bis.org/topics/CBPOL
2012-03-01,Croatia,Croatia hike 25bp to 1.29%,monetary policy,standard,hike,25.0,HR,basis points,https://data.bis.org/topics/CBPOL
2012-03-01,Iceland,Iceland hike 25bp to 4.38%,monetary policy,standard,hike,25.0,IS,basis points,https://data.bis.org/topics/CBPOL
2012-03-01,Brazil,Brazil cut 75bp to 9.75%,monetary policy,major,cut,-75.0,BR,basis points,https://data.bis.org/topics/CBPOL
2012-03-01,Philippines,Philippines cut 25bp to 4.0%,monetary policy,standard,cut,-25.0,PH,basis points,https://data.bis.org/topics/CBPOL
2012-03-01,Morocco,Morocco cut 25bp to 3.0%,monetary policy,standard,cut,-25.0,MA,basis points,https://data.bis.org/topics/CBPOL
2012-04-01,Brazil,Brazil cut 75bp to 9.0%,monetary policy,major,cut,-75.0,BR,basis points,https://data.bis.org/topics/CBPOL
2012-04-01,Croatia,Croatia cut 81bp to 0.48%,monetary policy,major,cut,-81.0,HR,basis points,https://data.bis.org/topics/CBPOL
2012-04-01,North Macedonia,North Macedonia cut 6bp to 3.94%,monetary policy,minor,cut,-6.000000000000005,MK,basis points,https://data.bis.org/topics/CBPOL
2012-04-01,India,India cut 50bp to 8.0%,monetary policy,standard,cut,-50.0,IN,basis points,https://data.bis.org/topics/CBPOL
2012-05-01,Iceland,Iceland hike 50bp to 4.88%,monetary policy,standard,hike,50.0,IS,basis points,https://data.bis.org/topics/CBPOL
2012-05-01,Denmark,Denmark cut 10bp to 0.2%,monetary policy,minor,cut,-9.999999999999998,DK,basis points,https://data.bis.org/topics/CBPOL
2012-05-01,Poland,Poland hike 25bp to 4.75%,monetary policy,standard,hike,25.0,PL,basis points,https://data.bis.org/topics/CBPOL
2012-05-01,Brazil,Brazil cut 50bp to 8.5%,monetary policy,standard,cut,-50.0,BR,basis points,https://data.bis.org/topics/CBPOL
2012-05-01,Croatia,Croatia cut 8bp to 0.4%,monetary policy,minor,cut,-7.9999999999999964,HR,basis points,https://data.bis.org/topics/CBPOL
2012-05-01,North Macedonia,North Macedonia cut 23bp to 3.71%,monetary policy,minor,cut,-23.0,MK,basis points,https://data.bis.org/topics/CBPOL
2012-05-01,Australia,Australia cut 50bp to 3.75%,monetary policy,standard,cut,-50.0,AU,basis points,https://data.bis.org/topics/CBPOL
2012-06-01,Israel,Israel cut 25bp to 2.25%,monetary policy,standard,cut,-25.0,IL,basis points,https://data.bis.org/topics/CBPOL
2012-06-01,Russia,Russia hike 25bp to 8.25%,monetary policy,standard,hike,25.0,RU,basis points,https://data.bis.org/topics/CBPOL
2012-06-01,Denmark,Denmark cut 15bp to 0.05%,monetary policy,minor,cut,-15.000000000000002,DK,basis points,https://data.bis.org/topics/CBPOL
2012-06-01,North Macedonia,North Macedonia hike 2bp to 3.73%,monetary policy,minor,hike,2.0000000000000018,MK,basis points,https://data.bis.org/topics/CBPOL
2012-06-01,Australia,Australia cut 25bp to 3.5%,monetary policy,standard,cut,-25.0,AU,basis points,https://data.bis.org/topics/CBPOL
2012-06-01,Czechia,Czechia cut 25bp to 0.5%,monetary policy,standard,cut,-25.0,CZ,basis points,https://data.bis.org/topics/CBPOL
2012-06-01,China,China cut 25bp to 6.31%,monetary policy,standard,cut,-25.0,CN,basis points,https://data.bis.org/topics/CBPOL
2012-06-01,Serbia,Serbia hike 50bp to 10.0%,monetary policy,standard,hike,50.0,RS,basis points,https://data.bis.org/topics/CBPOL
2012-06-01,Croatia,Croatia hike 34bp to 0.74%,monetary policy,standard,hike,34.0,HR,basis points,https://data.bis.org/topics/CBPOL
2012-06-01,Iceland,Iceland hike 25bp to 5.12%,monetary policy,standard,hike,25.0,IS,basis points,https://data.bis.org/topics/CBPOL
2012-07-01,Russia,Russia cut 25bp to 8.0%,monetary policy,standard,cut,-25.0,RU,basis points,https://data.bis.org/topics/CBPOL
2012-07-01,Brazil,Brazil cut 50bp to 8.0%,monetary policy,standard,cut,-50.0,BR,basis points,https://data.bis.org/topics/CBPOL
2012-07-01,Colombia,Colombia cut 25bp to 5.0%,monetary policy,standard,cut,-25.0,CO,basis points,https://data.bis.org/topics/CBPOL
2012-07-01,Croatia,Croatia cut 24bp to 0.5%,monetary policy,minor,cut,-24.0,HR,basis points,https://data.bis.org/topics/CBPOL
2012-07-01,South Africa,South Africa cut 50bp to 5.0%,monetary policy,standard,cut,-50.0,ZA,basis points,https://data.bis.org/topics/CBPOL
2012-07-01,Euro area,Euro area cut 25bp to 0.75%,monetary policy,standard,cut,-25.0,XM,basis points,https://data.bis.org/topics/CBPOL
2012-07-01,China,China cut 31bp to 6.0%,monetary policy,standard,cut,-30.99999999999996,CN,basis points,https://data.bis.org/topics/CBPOL
2012-07-01,Serbia,Serbia hike 25bp to 10.25%,monetary policy,standard,hike,25.0,RS,basis points,https://data.bis.org/topics/CBPOL
2012-07-01,Philippines,Philippines cut 25bp to 3.75%,monetary policy,standard,cut,-25.0,PH,basis points,https://data.bis.org/topics/CBPOL
2012-07-01,Korea,Korea cut 25bp to 3.0%,monetary policy,standard,cut,-25.0,KR,basis points,https://data.bis.org/topics/CBPOL
2012-07-01,Denmark,Denmark cut 25bp to -0.2%,monetary policy,standard,cut,-25.0,DK,basis points,https://data.bis.org/topics/CBPOL
2012-08-01,Colombia,Colombia cut 25bp to 4.75%,monetary policy,standard,cut,-25.0,CO,basis points,https://data.bis.org/topics/CBPOL
2012-08-01,Croatia,Croatia hike 93bp to 1.43%,monetary policy,major,hike,93.0,HR,basis points,https://data.bis.org/topics/CBPOL
2012-08-01,Brazil,Brazil cut 50bp to 7.5%,monetary policy,standard,cut,-50.0,BR,basis points,https://data.bis.org/topics/CBPOL
2012-08-01,Serbia,Serbia hike 25bp to 10.5%,monetary policy,standard,hike,25.0,RS,basis points,https://data.bis.org/topics/CBPOL
2012-08-01,Hungary,Hungary cut 25bp to 6.75%,monetary policy,standard,cut,-25.0,HU,basis points,https://data.bis.org/topics/CBPOL
2012-09-01,Hungary,Hungary cut 25bp to 6.5%,monetary policy,standard,cut,-25.0,HU,basis points,https://data.bis.org/topics/CBPOL
2012-09-01,Russia,Russia hike 25bp to 8.25%,monetary policy,standard,hike,25.0,RU,basis points,https://data.bis.org/topics/CBPOL
2012-09-01,Croatia,Croatia cut 89bp to 0.54%,monetary policy,major,cut,-88.99999999999999,HR,basis points,https://data.bis.org/topics/CBPOL
2012-09-01,Sweden,Sweden cut 25bp to 1.25%,monetary policy,standard,cut,-25.0,SE,basis points,https://data.bis.org/topics/CBPOL
2012-10-01,Australia,Australia cut 25bp to 3.25%,monetary policy,standard,cut,-25.0,AU,basis points,https://data.bis.org/topics/CBPOL
2012-10-01,Hungary,Hungary cut 25bp to 6.25%,monetary policy,standard,cut,-25.0,HU,basis points,https://data.bis.org/topics/CBPOL
2012-10-01,Thailand,Thailand cut 25bp to 2.75%,monetary policy,standard,cut,-25.0,TH,basis points,https://data.bis.org/topics/CBPOL
2012-10-01,Philippines,Philippines cut 25bp to 3.5%,monetary policy,standard,cut,-25.0,PH,basis points,https://data.bis.org/topics/CBPOL
2012-10-01,Czechia,Czechia cut 25bp to 0.25%,monetary policy,standard,cut,-25.0,CZ,basis points,https://data.bis.org/topics/CBPOL
2012-10-01,Korea,Korea cut 25bp to 2.75%,monetary policy,standard,cut,-25.0,KR,basis points,https://data.bis.org/topics/CBPOL
2012-10-01,Brazil,Brazil cut 25bp to 7.25%,monetary policy,standard,cut,-25.0,BR,basis points,https://data.bis.org/topics/CBPOL
2012-10-01,Serbia,Serbia hike 25bp to 10.75%,monetary policy,standard,hike,25.0,RS,basis points,https://data.bis.org/topics/CBPOL
2012-10-01,Kuwait,Kuwait cut 50bp to 2.0%,monetary policy,standard,cut,-50.0,KW,basis points,https://data.bis.org/topics/CBPOL
2012-10-01,Croatia,Croatia cut 5bp to 0.49%,monetary policy,minor,cut,-5.000000000000004,HR,basis points,https://data.bis.org/topics/CBPOL
2012-11-01,Croatia,Croatia cut 7bp to 0.42%,monetary policy,minor,cut,-7.000000000000001,HR,basis points,https://data.bis.org/topics/CBPOL
2012-11-01,Israel,Israel cut 25bp to 2.0%,monetary policy,standard,cut,-25.0,IL,basis points,https://data.bis.org/topics/CBPOL
2012-11-01,Serbia,Serbia hike 20bp to 10.95%,monetary policy,minor,hike,19.99999999999993,RS,basis points,https://data.bis.org/topics/CBPOL
2012-11-01,Czechia,Czechia cut 20bp to 0.05%,monetary policy,minor,cut,-20.0,CZ,basis points,https://data.bis.org/topics/CBPOL
2012-11-01,Colombia,Colombia cut 25bp to 4.5%,monetary policy,standard,cut,-25.0,CO,basis points,https://data.bis.org/topics/CBPOL
2012-11-01,Iceland,Iceland hike 25bp to 5.38%,monetary policy,standard,hike,25.0,IS,basis points,https://data.bis.org/topics/CBPOL
2012-11-01,Poland,Poland cut 25bp to 4.5%,monetary policy,standard,cut,-25.0,PL,basis points,https://data.bis.org/topics/CBPOL
2012-11-01,Hungary,Hungary cut 25bp to 6.0%,monetary policy,standard,cut,-25.0,HU,basis points,https://data.bis.org/topics/CBPOL
2012-12-01,Australia,Australia cut 25bp to 3.0%,monetary policy,standard,cut,-25.0,AU,basis points,https://data.bis.org/topics/CBPOL
2012-12-01,Croatia,Croatia hike 17bp to 0.59%,monetary policy,minor,hike,17.0,HR,basis points,https://data.bis.org/topics/CBPOL
2012-12-01,Türkiye,Türkiye cut 25bp to 5.5%,monetary policy,standard,cut,-25.0,TR,basis points,https://data.bis.org/topics/CBPOL
2012-12-01,Israel,Israel cut 25bp to 1.75%,monetary policy,standard,cut,-25.0,IL,basis points,https://data.bis.org/topics/CBPOL
2012-12-01,Poland,Poland cut 25bp to 4.25%,monetary policy,standard,cut,-25.0,PL,basis points,https://data.bis.org/topics/CBPOL
2012-12-01,Colombia,Colombia cut 25bp to 4.25%,monetary policy,standard,cut,-25.0,CO,basis points,https://data.bis.org/topics/CBPOL
2012-12-01,Sweden,Sweden cut 25bp to 1.0%,monetary policy,standard,cut,-25.0,SE,basis points,https://data.bis.org/topics/CBPOL
2012-12-01,Serbia,Serbia hike 30bp to 11.25%,monetary policy,standard,hike,30.00000000000007,RS,basis points,https://data.bis.org/topics/CBPOL
2012-12-01,Hungary,Hungary cut 25bp to 5.75%,monetary policy,standard,cut,-25.0,HU,basis points,https://data.bis.org/topics/CBPOL
2013-01-01,Croatia,Croatia cut 37bp to 0.22%,monetary policy,standard,cut,-37.0,HR,basis points,https://data.bis.org/topics/CBPOL
2013-01-01,Denmark,Denmark hike 10bp to -0.1%,monetary policy,minor,hike,10.0,DK,basis points,https://data.bis.org/topics/CBPOL
2013-01-01,Poland,Poland cut 25bp to 4.0%,monetary policy,standard,cut,-25.0,PL,basis points,https://data.bis.org/topics/CBPOL
2013-01-01,Hungary,Hungary cut 25bp to 5.5%,monetary policy,standard,cut,-25.0,HU,basis points,https://data.bis.org/topics/CBPOL
2013-01-01,India,India cut 25bp to 7.75%,monetary policy,standard,cut,-25.0,IN,basis points,https://data.bis.org/topics/CBPOL
2013-01-01,Colombia,Colombia cut 25bp to 4.0%,monetary policy,standard,cut,-25.0,CO,basis points,https://data.bis.org/topics/CBPOL
2013-01-01,North Macedonia,North Macedonia cut 24bp to 3.49%,monetary policy,minor,cut,-23.99999999999998,MK,basis points,https://data.bis.org/topics/CBPOL
2013-01-01,Serbia,Serbia hike 25bp to 11.5%,monetary policy,standard,hike,25.0,RS,basis points,https://data.bis.org/topics/CBPOL
2013-02-01,Colombia,Colombia cut 25bp to 3.75%,monetary policy,standard,cut,-25.0,CO,basis points,https://data.bis.org/topics/CBPOL
2013-02-01,North Macedonia,North Macedonia cut 1bp to 3.48%,monetary policy,minor,cut,-1.000000000000023,MK,basis points,https://data.bis.org/topics/CBPOL
2013-02-01,Hungary,Hungary cut 25bp to 5.25%,monetary policy,standard,cut,-25.0,HU,basis points,https://data.bis.org/topics/CBPOL
2013-02-01,Serbia,Serbia hike 25bp to 11.75%,monetary policy,standard,hike,25.0,RS,basis points,https://data.bis.org/topics/CBPOL
2013-02-01,Poland,Poland cut 25bp to 3.75%,monetary policy,standard,cut,-25.0,PL,basis points,https://data.bis.org/topics/CBPOL
2013-03-01,India,India cut 25bp to 7.5%,monetary policy,standard,cut,-25.0,IN,basis points,https://data.bis.org/topics/CBPOL
2013-03-01,North Macedonia,North Macedonia cut 6bp to 3.42%,monetary policy,minor,cut,-6.000000000000005,MK,basis points,https://data.bis.org/topics/CBPOL
2013-03-01,Croatia,Croatia hike 56bp to 0.78%,monetary policy,standard,hike,56.00000000000001,HR,basis points,https://data.bis.org/topics/CBPOL
2013-03-01,Poland,Poland cut 50bp to 3.25%,monetary policy,standard,cut,-50.0,PL,basis points,https://data.bis.org/topics/CBPOL
2013-03-01,Mexico,Mexico cut 50bp to 4.0%,monetary policy,standard,cut,-50.0,MX,basis points,https://data.bis.org/topics/CBPOL
2013-03-01,Hungary,Hungary cut 25bp to 5.0%,monetary policy,standard,cut,-25.0,HU,basis points,https://data.bis.org/topics/CBPOL
2013-03-01,Colombia,Colombia cut 50bp to 3.25%,monetary policy,standard,cut,-50.0,CO,basis points,https://data.bis.org/topics/CBPOL
2013-04-01,Croatia,Croatia cut 52bp to 0.26%,monetary policy,standard,cut,-52.0,HR,basis points,https://data.bis.org/topics/CBPOL
2013-04-01,Hungary,Hungary cut 25bp to 4.75%,monetary policy,standard,cut,-25.0,HU,basis points,https://data.bis.org/topics/CBPOL
2013-04-01,Türkiye,Türkiye cut 50bp to 5.0%,monetary policy,standard,cut,-50.0,TR,basis points,https://data.bis.org/topics/CBPOL
2013-04-01,Brazil,Brazil hike 25bp to 7.5%,monetary policy,standard,hike,25.0,BR,basis points,https://data.bis.org/topics/CBPOL
2013-04-01,North Macedonia,North Macedonia cut 4bp to 3.38%,monetary policy,minor,cut,-4.0000000000000036,MK,basis points,https://data.bis.org/topics/CBPOL
2013-05-01,Brazil,Brazil hike 50bp to 8.0%,monetary policy,standard,hike,50.0,BR,basis points,https://data.bis.org/topics/CBPOL
2013-05-01,Poland,Poland cut 25bp to 3.0%,monetary policy,standard,cut,-25.0,PL,basis points,https://data.bis.org/topics/CBPOL
2013-05-01,Korea,Korea cut 25bp to 2.5%,monetary policy,standard,cut,-25.0,KR,basis points,https://data.bis.org/topics/CBPOL
2013-05-01,Australia,Australia cut 25bp to 2.75%,monetary policy,standard,cut,-25.0,AU,basis points,https://data.bis.org/topics/CBPOL
2013-05-01,Euro area,Euro area cut 25bp to 0.5%,monetary policy,standard,cut,-25.0,XM,basis points,https://data.bis.org/topics/CBPOL
2013-05-01,Israel,Israel cut 50bp to 1.25%,monetary policy,standard,cut,-50.0,IL,basis points,https://data.bis.org/topics/CBPOL
2013-05-01,Türkiye,Türkiye cut 50bp to 4.5%,monetary policy,standard,cut,-50.0,TR,basis points,https://data.bis.org/topics/CBPOL
2013-05-01,Hungary,Hungary cut 25bp to 4.5%,monetary policy,standard,cut,-25.0,HU,basis points,https://data.bis.org/topics/CBPOL
2013-05-01,India,India cut 25bp to 7.25%,monetary policy,standard,cut,-25.0,IN,basis points,https://data.bis.org/topics/CBPOL
2013-05-01,Serbia,Serbia cut 50bp to 11.25%,monetary policy,standard,cut,-50.0,RS,basis points,https://data.bis.org/topics/CBPOL
2013-05-01,Thailand,Thailand cut 25bp to 2.5%,monetary policy,standard,cut,-25.0,TH,basis points,https://data.bis.org/topics/CBPOL
2013-06-01,North Macedonia,North Macedonia cut 16bp to 3.21%,monetary policy,minor,cut,-16.000000000000014,MK,basis points,https://data.bis.org/topics/CBPOL
2013-06-01,Serbia,Serbia cut 25bp to 11.0%,monetary policy,standard,cut,-25.0,RS,basis points,https://data.bis.org/topics/CBPOL
2013-06-01,Poland,Poland cut 25bp to 2.75%,monetary policy,standard,cut,-25.0,PL,basis points,https://data.bis.org/topics/CBPOL
2013-06-01,Hungary,Hungary cut 25bp to 4.25%,monetary policy,standard,cut,-25.0,HU,basis points,https://data.bis.org/topics/CBPOL
2013-06-01,Croatia,Croatia hike 10bp to 0.36%,monetary policy,minor,hike,9.999999999999998,HR,basis points,https://data.bis.org/topics/CBPOL
2013-06-01,Indonesia,Indonesia hike 25bp to 6.0%,monetary policy,standard,hike,25.0,ID,basis points,https://data.bis.org/topics/CBPOL
2013-07-01,Romania,Romania cut 25bp to 5.0%,monetary policy,standard,cut,-25.0,RO,basis points,https://data.bis.org/topics/CBPOL
2013-07-01,North Macedonia,North Macedonia hike 4bp to 3.25%,monetary policy,minor,hike,4.0000000000000036,MK,basis points,https://data.bis.org/topics/CBPOL
2013-07-01,Brazil,Brazil hike 50bp to 8.5%,monetary policy,standard,hike,50.0,BR,basis points,https://data.bis.org/topics/CBPOL
2013-07-01,Indonesia,Indonesia hike 50bp to 6.5%,monetary policy,standard,hike,50.0,ID,basis points,https://data.bis.org/topics/CBPOL
2013-07-01,Poland,Poland cut 25bp to 2.5%,monetary policy,standard,cut,-25.0,PL,basis points,https://data.bis.org/topics/CBPOL
2013-07-01,Hungary,Hungary cut 25bp to 4.0%,monetary policy,standard,cut,-25.0,HU,basis points,https://data.bis.org/topics/CBPOL
2013-07-01,Croatia,Croatia cut 11bp to 0.25%,monetary policy,minor,cut,-10.999999999999998,HR,basis points,https://data.bis.org/topics/CBPOL
2013-08-01,Croatia,Croatia cut 4bp to 0.21%,monetary policy,minor,cut,-4.000000000000001,HR,basis points,https://data.bis.org/topics/CBPOL
2013-08-01,Australia,Australia cut 25bp to 2.5%,monetary policy,standard,cut,-25.0,AU,basis points,https://data.bis.org/topics/CBPOL
2013-08-01,Brazil,Brazil hike 50bp to 9.0%,monetary policy,standard,hike,50.0,BR,basis points,https://data.bis.org/topics/CBPOL
2013-08-01,Indonesia,Indonesia hike 50bp to 7.0%,monetary policy,standard,hike,50.0,ID,basis points,https://data.bis.org/topics/CBPOL
2013-08-01,Hungary,Hungary cut 20bp to 3.8%,monetary policy,minor,cut,-20.000000000000018,HU,basis points,https://data.bis.org/topics/CBPOL
2013-08-01,Romania,Romania cut 50bp to 4.5%,monetary policy,standard,cut,-50.0,RO,basis points,https://data.bis.org/topics/CBPOL
2013-09-01,Indonesia,Indonesia hike 25bp to 7.25%,monetary policy,standard,hike,25.0,ID,basis points,https://data.bis.org/topics/CBPOL
2013-09-01,Hungary,Hungary cut 20bp to 3.6%,monetary policy,minor,cut,-19.99999999999997,HU,basis points,https://data.bis.org/topics/CBPOL
2013-09-01,Mexico,Mexico cut 25bp to 3.75%,monetary policy,standard,cut,-25.0,MX,basis points,https://data.bis.org/topics/CBPOL
2013-09-01,India,India hike 25bp to 7.5%,monetary policy,standard,hike,25.0,IN,basis points,https://data.bis.org/topics/CBPOL
2013-09-01,Israel,Israel cut 25bp to 1.0%,monetary policy,standard,cut,-25.0,IL,basis points,https://data.bis.org/topics/CBPOL
2013-09-01,Croatia,Croatia hike 35bp to 0.56%,monetary policy,standard,hike,35.00000000000001,HR,basis points,https://data.bis.org/topics/CBPOL
2013-09-01,Russia,Russia cut 275bp to 5.5%,monetary policy,major,cut,-275.0,RU,basis points,https://data.bis.org/topics/CBPOL
2013-10-01,Brazil,Brazil hike 50bp to 9.5%,monetary policy,standard,hike,50.0,BR,basis points,https://data.bis.org/topics/CBPOL
2013-10-01,Chile,Chile cut 25bp to 4.75%,monetary policy,standard,cut,-25.0,CL,basis points,https://data.bis.org/topics/CBPOL
2013-10-01,Serbia,Serbia cut 50bp to 10.5%,monetary policy,standard,cut,-50.0,RS,basis points,https://data.bis.org/topics/CBPOL
2013-10-01,Croatia,Croatia cut 31bp to 0.25%,monetary policy,standard,cut,-31.000000000000007,HR,basis points,https://data.bis.org/topics/CBPOL
2013-10-01,Hungary,Hungary cut 20bp to 3.4%,monetary policy,minor,cut,-20.000000000000018,HU,basis points,https://data.bis.org/topics/CBPOL
2013-10-01,Mexico,Mexico cut 25bp to 3.5%,monetary policy,standard,cut,-25.0,MX,basis points,https://data.bis.org/topics/CBPOL
2013-10-01,India,India hike 25bp to 7.75%,monetary policy,standard,hike,25.0,IN,basis points,https://data.bis.org/topics/CBPOL
2013-10-01,Romania,Romania cut 25bp to 4.25%,monetary policy,standard,cut,-25.0,RO,basis points,https://data.bis.org/topics/CBPOL
2013-11-01,Serbia,Serbia cut 50bp to 10.0%,monetary policy,standard,cut,-50.0,RS,basis points,https://data.bis.org/topics/CBPOL
2013-11-01,Brazil,Brazil hike 50bp to 10.0%,monetary policy,standard,hike,50.0,BR,basis points,https://data.bis.org/topics/CBPOL
2013-11-01,Euro area,Euro area cut 25bp to 0.25%,monetary policy,standard,cut,-25.0,XM,basis points,https://data.bis.org/topics/CBPOL
2013-11-01,Indonesia,Indonesia hike 25bp to 7.5%,monetary policy,standard,hike,25.0,ID,basis points,https://data.bis.org/topics/CBPOL
2013-11-01,Romania,Romania cut 25bp to 4.0%,monetary policy,standard,cut,-25.0,RO,basis points,https://data.bis.org/topics/CBPOL
2013-11-01,Thailand,Thailand cut 25bp to 2.25%,monetary policy,standard,cut,-25.0,TH,basis points,https://data.bis.org/topics/CBPOL
2013-11-01,Peru,Peru cut 25bp to 4.0%,monetary policy,standard,cut,-25.0,PE,basis points,https://data.bis.org/topics/CBPOL
2013-11-01,Hungary,Hungary cut 20bp to 3.2%,monetary policy,minor,cut,-19.99999999999997,HU,basis points,https://data.bis.org/topics/CBPOL
2013-11-01,Chile,Chile cut 25bp to 4.5%,monetary policy,standard,cut,-25.0,CL,basis points,https://data.bis.org/topics/CBPOL
2013-12-01,Sweden,Sweden cut 25bp to 0.75%,monetary policy,standard,cut,-25.0,SE,basis points,https://data.bis.org/topics/CBPOL
2013-12-01,Serbia,Serbia cut 50bp to 9.5%,monetary policy,standard,cut,-50.0,RS,basis points,https://data.bis.org/topics/CBPOL
2013-12-01,Croatia,Croatia hike 6bp to 0.31%,monetary policy,minor,hike,6.0,HR,basis points,https://data.bis.org/topics/CBPOL
2013-12-01,Hungary,Hungary cut 20bp to 3.0%,monetary policy,minor,cut,-20.000000000000018,HU,basis points,https://data.bis.org/topics/CBPOL
2014-01-01,Croatia,Croatia hike 19bp to 0.5%,monetary policy,minor,hike,19.0,HR,basis points,https://data.bis.org/topics/CBPOL
2014-01-01,Romania,Romania cut 25bp to 3.75%,monetary policy,standard,cut,-25.0,RO,basis points,https://data.bis.org/topics/CBPOL
2014-01-01,India,India hike 25bp to 8.0%,monetary policy,standard,hike,25.0,IN,basis points,https://data.bis.org/topics/CBPOL
2014-01-01,Brazil,Brazil hike 50bp to 10.5%,monetary policy,standard,hike,50.0,BR,basis points,https://data.bis.org/topics/CBPOL
2014-01-01,Argentina,Argentina hike 1602bp to 25.52%,monetary policy,major,hike,1602.01,AR,basis points,https://data.bis.org/topics/CBPOL
2014-01-01,Hungary,Hungary cut 15bp to 2.85%,monetary policy,minor,cut,-14.999999999999991,HU,basis points,https://data.bis.org/topics/CBPOL
2014-01-01,Türkiye,Türkiye hike 550bp to 10.0%,monetary policy,major,hike,550.0,TR,basis points,https://data.bis.org/topics/CBPOL
2014-01-01,South Africa,South Africa hike 50bp to 5.5%,monetary policy,standard,hike,50.0,ZA,basis points,https://data.bis.org/topics/CBPOL
2014-02-01,Brazil,Brazil hike 25bp to 10.75%,monetary policy,standard,hike,25.0,BR,basis points,https://data.bis.org/topics/CBPOL
2014-02-01,Israel,Israel cut 25bp to 0.75%,monetary policy,standard,cut,-25.0,IL,basis points,https://data.bis.org/topics/CBPOL
2014-02-01,Argentina,Argentina hike 319bp to 28.71%,monetary policy,major,hike,318.9700000000002,AR,basis points,https://data.bis.org/topics/CBPOL
2014-02-01,Hungary,Hungary cut 15bp to 2.7%,monetary policy,minor,cut,-14.999999999999991,HU,basis points,https://data.bis.org/topics/CBPOL
2014-02-01,Croatia,Croatia cut 10bp to 0.4%,monetary policy,minor,cut,-9.999999999999998,HR,basis points,https://data.bis.org/topics/CBPOL
2014-02-01,Chile,Chile cut 25bp to 4.25%,monetary policy,standard,cut,-25.0,CL,basis points,https://data.bis.org/topics/CBPOL
2014-02-01,Romania,Romania cut 25bp to 3.5%,monetary policy,standard,cut,-25.0,RO,basis points,https://data.bis.org/topics/CBPOL
2014-03-01,Hungary,Hungary cut 10bp to 2.6%,monetary policy,minor,cut,-10.000000000000009,HU,basis points,https://data.bis.org/topics/CBPOL
2014-03-01,Argentina,Argentina cut 8bp to 28.63%,monetary policy,minor,cut,-8.000000000000185,AR,basis points,https://data.bis.org/topics/CBPOL
2014-03-01,Russia,Russia hike 150bp to 7.0%,monetary policy,major,hike,150.0,RU,basis points,https://data.bis.org/topics/CBPOL
2014-03-01,New Zealand,New Zealand hike 25bp to 2.75%,monetary policy,standard,hike,25.0,NZ,basis points,https://data.bis.org/topics/CBPOL
2014-03-01,Chile,Chile cut 25bp to 4.0%,monetary policy,standard,cut,-25.0,CL,basis points,https://data.bis.org/topics/CBPOL
2014-03-01,Croatia,Croatia hike 3bp to 0.43%,monetary policy,minor,hike,2.9999999999999973,HR,basis points,https://data.bis.org/topics/CBPOL
2014-03-01,Thailand,Thailand cut 25bp to 2.0%,monetary policy,standard,cut,-25.0,TH,basis points,https://data.bis.org/topics/CBPOL
2014-04-01,Argentina,Argentina cut 83bp to 27.8%,monetary policy,major,cut,-82.98999999999985,AR,basis points,https://data.bis.org/topics/CBPOL
2014-04-01,Colombia,Colombia hike 25bp to 3.5%,monetary policy,standard,hike,25.0,CO,basis points,https://data.bis.org/topics/CBPOL
2014-04-01,Denmark,Denmark hike 15bp to 0.05%,monetary policy,minor,hike,15.000000000000002,DK,basis points,https://data.bis.org/topics/CBPOL
2014-04-01,Russia,Russia hike 50bp to 7.5%,monetary policy,standard,hike,50.0,RU,basis points,https://data.bis.org/topics/CBPOL
2014-04-01,Croatia,Croatia cut 15bp to 0.28%,monetary policy,minor,cut,-14.999999999999996,HR,basis points,https://data.bis.org/topics/CBPOL
2014-04-01,Hungary,Hungary cut 10bp to 2.5%,monetary policy,minor,cut,-10.000000000000009,HU,basis points,https://data.bis.org/topics/CBPOL
2014-04-01,New Zealand,New Zealand hike 25bp to 3.0%,monetary policy,standard,hike,25.0,NZ,basis points,https://data.bis.org/topics/CBPOL
2014-04-01,Brazil,Brazil hike 25bp to 11.0%,monetary policy,standard,hike,25.0,BR,basis points,https://data.bis.org/topics/CBPOL
2014-05-01,Hungary,Hungary cut 10bp to 2.4%,monetary policy,minor,cut,-10.000000000000009,HU,basis points,https://data.bis.org/topics/CBPOL
2014-05-01,Argentina,Argentina cut 107bp to 26.73%,monetary policy,major,cut,-106.98000000000008,AR,basis points,https://data.bis.org/topics/CBPOL
2014-05-01,Serbia,Serbia cut 50bp to 9.0%,monetary policy,standard,cut,-50.0,RS,basis points,https://data.bis.org/topics/CBPOL
2014-05-01,Türkiye,Türkiye cut 50bp to 9.5%,monetary policy,standard,cut,-50.0,TR,basis points,https://data.bis.org/topics/CBPOL
2014-05-01,Iceland,Iceland cut 12bp to 5.25%,monetary policy,minor,cut,-12.5,IS,basis points,https://data.bis.org/topics/CBPOL
2014-05-01,Croatia,Croatia cut 7bp to 0.21%,monetary policy,minor,cut,-7.0000000000000036,HR,basis points,https://data.bis.org/topics/CBPOL
2014-06-01,Argentina,Argentina hike 7bp to 26.8%,monetary policy,minor,hike,7.010000000000005,AR,basis points,https://data.bis.org/topics/CBPOL
2014-06-01,Serbia,Serbia cut 50bp to 8.5%,monetary policy,standard,cut,-50.0,RS,basis points,https://data.bis.org/topics/CBPOL
2014-06-01,Croatia,Croatia hike 3bp to 0.24%,monetary policy,minor,hike,3.0,HR,basis points,https://data.bis.org/topics/CBPOL
2014-06-01,Euro area,Euro area cut 10bp to 0.15%,monetary policy,minor,cut,-10.0,XM,basis points,https://data.bis.org/topics/CBPOL
2014-06-01,Türkiye,Türkiye cut 75bp to 8.75%,monetary policy,major,cut,-75.0,TR,basis points,https://data.bis.org/topics/CBPOL
2014-06-01,Hungary,Hungary cut 10bp to 2.3%,monetary policy,minor,cut,-10.000000000000009,HU,basis points,https://data.bis.org/topics/CBPOL
2014-06-01,Mexico,Mexico cut 50bp to 3.0%,monetary policy,standard,cut,-50.0,MX,basis points,https://data.bis.org/topics/CBPOL
2014-06-01,Colombia,Colombia hike 50bp to 4.0%,monetary policy,standard,hike,50.0,CO,basis points,https://data.bis.org/topics/CBPOL
2014-06-01,New Zealand,New Zealand hike 25bp to 3.25%,monetary policy,standard,hike,25.0,NZ,basis points,https://data.bis.org/topics/CBPOL
2014-07-01,Peru,Peru cut 25bp to 3.75%,monetary policy,standard,cut,-25.0,PE,basis points,https://data.bis.org/topics/CBPOL
2014-07-01,Hungary,Hungary cut 20bp to 2.1%,monetary policy,minor,cut,-19.99999999999997,HU,basis points,https://data.bis.org/topics/CBPOL
2014-07-01,Sweden,Sweden cut 50bp to 0.25%,monetary policy,standard,cut,-50.0,SE,basis points,https://data.bis.org/topics/CBPOL
2014-07-01,Argentina,Argentina cut 2bp to 26.78%,monetary policy,minor,cut,-2.009999999999934,AR,basis points,https://data.bis.org/topics/CBPOL
2014-07-01,New Zealand,New Zealand hike 25bp to 3.5%,monetary policy,standard,hike,25.0,NZ,basis points,https://data.bis.org/topics/CBPOL
2014-07-01,Philippines,Philippines hike 25bp to 3.75%,monetary policy,standard,hike,25.0,PH,basis points,https://data.bis.org/topics/CBPOL
2014-07-01,Malaysia,Malaysia hike 25bp to 3.25%,monetary policy,standard,hike,25.0,MY,basis points,https://data.bis.org/topics/CBPOL
2014-07-01,Chile,Chile cut 25bp to 3.75%,monetary policy,standard,cut,-25.0,CL,basis points,https://data.bis.org/topics/CBPOL
2014-07-01,Russia,Russia hike 50bp to 8.0%,monetary policy,standard,hike,50.0,RU,basis points,https://data.bis.org/topics/CBPOL
2014-07-01,South Africa,South Africa hike 25bp to 5.75%,monetary policy,standard,hike,25.0,ZA,basis points,https://data.bis.org/topics/CBPOL
2014-07-01,Türkiye,Türkiye cut 50bp to 8.25%,monetary policy,standard,cut,-50.0,TR,basis points,https://data.bis.org/topics/CBPOL
2014-07-01,Croatia,Croatia cut 2bp to 0.22%,monetary policy,minor,cut,-1.9999999999999991,HR,basis points,https://data.bis.org/topics/CBPOL
2014-07-01,Israel,Israel cut 25bp to 0.5%,monetary policy,standard,cut,-25.0,IL,basis points,https://data.bis.org/topics/CBPOL
2014-08-01,Israel,Israel cut 25bp to 0.25%,monetary policy,standard,cut,-25.0,IL,basis points,https://data.bis.org/topics/CBPOL
2014-08-01,Korea,Korea cut 25bp to 2.25%,monetary policy,standard,cut,-25.0,KR,basis points,https://data.bis.org/topics/CBPOL
2014-08-01,Romania,Romania cut 25bp to 3.25%,monetary policy,standard,cut,-25.0,RO,basis points,https://data.bis.org/topics/CBPOL
2014-08-01,Croatia,Croatia hike 25bp to 0.47%,monetary policy,minor,hike,24.999999999999996,HR,basis points,https://data.bis.org/topics/CBPOL
2014-08-01,Chile,Chile cut 25bp to 3.5%,monetary policy,standard,cut,-25.0,CL,basis points,https://data.bis.org/topics/CBPOL
2014-08-01,Argentina,Argentina hike 8bp to 26.86%,monetary policy,minor,hike,7.979999999999876,AR,basis points,https://data.bis.org/topics/CBPOL
2014-08-01,Colombia,Colombia hike 25bp to 4.25%,monetary policy,standard,hike,25.0,CO,basis points,https://data.bis.org/topics/CBPOL
2014-09-01,Denmark,Denmark cut 10bp to -0.05%,monetary policy,minor,cut,-10.0,DK,basis points,https://data.bis.org/topics/CBPOL
2014-09-01,Philippines,Philippines hike 25bp to 4.0%,monetary policy,standard,hike,25.0,PH,basis points,https://data.bis.org/topics/CBPOL
2014-09-01,Morocco,Morocco cut 25bp to 2.75%,monetary policy,standard,cut,-25.0,MA,basis points,https://data.bis.org/topics/CBPOL
2014-09-01,Croatia,Croatia cut 8bp to 0.39%,monetary policy,minor,cut,-7.9999999999999964,HR,basis points,https://data.bis.org/topics/CBPOL
2014-09-01,Peru,Peru cut 25bp to 3.5%,monetary policy,standard,cut,-25.0,PE,basis points,https://data.bis.org/topics/CBPOL
2014-09-01,Colombia,Colombia hike 25bp to 4.5%,monetary policy,standard,hike,25.0,CO,basis points,https://data.bis.org/topics/CBPOL
2014-09-01,Euro area,Euro area cut 10bp to 0.05%,monetary policy,minor,cut,-10.0,XM,basis points,https://data.bis.org/topics/CBPOL
2014-09-01,Chile,Chile cut 25bp to 3.25%,monetary policy,standard,cut,-25.0,CL,basis points,https://data.bis.org/topics/CBPOL
2014-10-01,Croatia,Croatia hike 3bp to 0.42%,monetary policy,minor,hike,2.9999999999999973,HR,basis points,https://data.bis.org/topics/CBPOL
2014-10-01,Romania,Romania cut 25bp to 3.0%,monetary policy,standard,cut,-25.0,RO,basis points,https://data.bis.org/topics/CBPOL
2014-10-01,Sweden,Sweden cut 25bp to 0.0%,monetary policy,standard,cut,-25.0,SE,basis points,https://data.bis.org/topics/CBPOL
2014-10-01,Chile,Chile cut 25bp to 3.0%,monetary policy,standard,cut,-25.0,CL,basis points,https://data.bis.org/topics/CBPOL
2014-10-01,Brazil,Brazil hike 25bp to 11.25%,monetary policy,standard,hike,25.0,BR,basis points,https://data.bis.org/topics/CBPOL
2014-10-01,Korea,Korea cut 25bp to 2.0%,monetary policy,standard,cut,-25.0,KR,basis points,https://data.bis.org/topics/CBPOL
2014-10-01,Poland,Poland cut 50bp to 2.0%,monetary policy,standard,cut,-50.0,PL,basis points,https://data.bis.org/topics/CBPOL
2014-11-01,Serbia,Serbia cut 50bp to 8.0%,monetary policy,standard,cut,-50.0,RS,basis points,https://data.bis.org/topics/CBPOL
2014-11-01,China,China cut 40bp to 5.6%,monetary policy,standard,cut,-40.000000000000036,CN,basis points,https://data.bis.org/topics/CBPOL
2014-11-01,Russia,Russia hike 150bp to 9.5%,monetary policy,major,hike,150.0,RU,basis points,https://data.bis.org/topics/CBPOL
2014-11-01,Croatia,Croatia cut 2bp to 0.4%,monetary policy,minor,cut,-1.9999999999999962,HR,basis points,https://data.bis.org/topics/CBPOL
2014-11-01,Iceland,Iceland cut 25bp to 5.0%,monetary policy,standard,cut,-25.0,IS,basis points,https://data.bis.org/topics/CBPOL
2014-11-01,Romania,Romania cut 25bp to 2.75%,monetary policy,standard,cut,-25.0,RO,basis points,https://data.bis.org/topics/CBPOL
2014-12-01,Indonesia,Indonesia hike 25bp to 7.75%,monetary policy,standard,hike,25.0,ID,basis points,https://data.bis.org/topics/CBPOL
2014-12-01,Croatia,Croatia cut 11bp to 0.29%,monetary policy,minor,cut,-11.000000000000004,HR,basis points,https://data.bis.org/topics/CBPOL
2014-12-01,Morocco,Morocco cut 25bp to 2.5%,monetary policy,standard,cut,-25.0,MA,basis points,https://data.bis.org/topics/CBPOL
2014-12-01,Iceland,Iceland cut 50bp to 4.5%,monetary policy,standard,cut,-50.0,IS,basis points,https://data.bis.org/topics/CBPOL
2014-12-01,Russia,Russia hike 750bp to 17.0%,monetary policy,major,hike,750.0,RU,basis points,https://data.bis.org/topics/CBPOL
2014-12-01,Brazil,Brazil hike 50bp to 11.75%,monetary policy,standard,hike,50.0,BR,basis points,https://data.bis.org/topics/CBPOL
2014-12-01,Switzerland,Switzerland cut 38bp to -0.25%,monetary policy,standard,cut,-37.5,CH,basis points,https://data.bis.org/topics/CBPOL
2014-12-01,Norway,Norway cut 25bp to 1.25%,monetary policy,standard,cut,-25.0,NO,basis points,https://data.bis.org/topics/CBPOL
2015-01-01,Romania,Romania cut 25bp to 2.5%,monetary policy,standard,cut,-25.0,RO,basis points,https://data.bis.org/topics/CBPOL
2015-01-01,Brazil,Brazil hike 50bp to 12.25%,monetary policy,standard,hike,50.0,BR,basis points,https://data.bis.org/topics/CBPOL
2015-01-01,Denmark,Denmark cut 45bp to -0.5%,monetary policy,standard,cut,-45.0,DK,basis points,https://data.bis.org/topics/CBPOL
2015-01-01,India,India cut 25bp to 7.75%,monetary policy,standard,cut,-25.0,IN,basis points,https://data.bis.org/topics/CBPOL
2015-01-01,Türkiye,Türkiye cut 50bp to 7.75%,monetary policy,standard,cut,-50.0,TR,basis points,https://data.bis.org/topics/CBPOL
2015-01-01,Croatia,Croatia hike 11bp to 0.4%,monetary policy,minor,hike,11.000000000000004,HR,basis points,https://data.bis.org/topics/CBPOL
2015-01-01,Canada,Canada cut 25bp to 0.75%,monetary policy,standard,cut,-25.0,CA,basis points,https://data.bis.org/topics/CBPOL
2015-01-01,Argentina,Argentina cut 30bp to 26.56%,monetary policy,standard,cut,-29.990000000000094,AR,basis points,https://data.bis.org/topics/CBPOL
2015-01-01,Peru,Peru cut 25bp to 3.25%,monetary policy,standard,cut,-25.0,PE,basis points,https://data.bis.org/topics/CBPOL
2015-01-01,Switzerland,Switzerland cut 50bp to -0.75%,monetary policy,standard,cut,-50.0,CH,basis points,https://data.bis.org/topics/CBPOL
2015-02-01,Indonesia,Indonesia cut 25bp to 7.5%,monetary policy,standard,cut,-25.0,ID,basis points,https://data.bis.org/topics/CBPOL
2015-02-01,Croatia,Croatia cut 13bp to 0.27%,monetary policy,minor,cut,-13.0,HR,basis points,https://data.bis.org/topics/CBPOL
2015-02-01,Türkiye,Türkiye cut 25bp to 7.5%,monetary policy,standard,cut,-25.0,TR,basis points,https://data.bis.org/topics/CBPOL
2015-02-01,Australia,Australia cut 25bp to 2.25%,monetary policy,standard,cut,-25.0,AU,basis points,https://data.bis.org/topics/CBPOL
2015-02-01,Romania,Romania cut 25bp to 2.25%,monetary policy,standard,cut,-25.0,RO,basis points,https://data.bis.org/topics/CBPOL
2015-02-01,Denmark,Denmark cut 25bp to -0.75%,monetary policy,standard,cut,-25.0,DK,basis points,https://data.bis.org/topics/CBPOL
2015-02-01,Israel,Israel cut 15bp to 0.1%,monetary policy,minor,cut,-15.0,IL,basis points,https://data.bis.org/topics/CBPOL
2015-02-01,Argentina,Argentina cut 23bp to 26.33%,monetary policy,minor,cut,-22.98999999999971,AR,basis points,https://data.bis.org/topics/CBPOL
2015-02-01,Russia,Russia cut 200bp to 15.0%,monetary policy,major,cut,-200.0,RU,basis points,https://data.bis.org/topics/CBPOL
2015-02-01,Sweden,Sweden cut 10bp to -0.1%,monetary policy,minor,cut,-10.0,SE,basis points,https://data.bis.org/topics/CBPOL
2015-03-01,China,China cut 25bp to 5.35%,monetary policy,standard,cut,-25.0,CN,basis points,https://data.bis.org/topics/CBPOL
2015-03-01,Sweden,Sweden cut 15bp to -0.25%,monetary policy,minor,cut,-15.0,SE,basis points,https://data.bis.org/topics/CBPOL
2015-03-01,Korea,Korea cut 25bp to 1.75%,monetary policy,standard,cut,-25.0,KR,basis points,https://data.bis.org/topics/CBPOL
2015-03-01,India,India cut 25bp to 7.5%,monetary policy,standard,cut,-25.0,IN,basis points,https://data.bis.org/topics/CBPOL
2015-03-01,Hungary,Hungary cut 15bp to 1.95%,monetary policy,minor,cut,-15.000000000000014,HU,basis points,https://data.bis.org/topics/CBPOL
2015-03-01,Poland,Poland cut 50bp to 1.5%,monetary policy,standard,cut,-50.0,PL,basis points,https://data.bis.org/topics/CBPOL
2015-03-01,Thailand,Thailand cut 25bp to 1.75%,monetary policy,standard,cut,-25.0,TH,basis points,https://data.bis.org/topics/CBPOL
2015-03-01,Argentina,Argentina cut 11bp to 26.22%,monetary policy,minor,cut,-11.020000000000252,AR,basis points,https://data.bis.org/topics/CBPOL
2015-03-01,Russia,Russia cut 100bp to 14.0%,monetary policy,major,cut,-100.0,RU,basis points,https://data.bis.org/topics/CBPOL
2015-03-01,Serbia,Serbia cut 50bp to 7.5%,monetary policy,standard,cut,-50.0,RS,basis points,https://data.bis.org/topics/CBPOL
2015-03-01,Croatia,Croatia hike 53bp to 0.8%,monetary policy,standard,hike,53.0,HR,basis points,https://data.bis.org/topics/CBPOL
2015-03-01,Brazil,Brazil hike 50bp to 12.75%,monetary policy,standard,hike,50.0,BR,basis points,https://data.bis.org/topics/CBPOL
2015-04-01,Hungary,Hungary cut 15bp to 1.8%,monetary policy,minor,cut,-14.999999999999991,HU,basis points,https://data.bis.org/topics/CBPOL
2015-04-01,Romania,Romania cut 25bp to 2.0%,monetary policy,standard,cut,-25.0,RO,basis points,https://data.bis.org/topics/CBPOL
2015-04-01,Argentina,Argentina cut 25bp to 25.97%,monetary policy,minor,cut,-24.980000000000047,AR,basis points,https://data.bis.org/topics/CBPOL
2015-04-01,Croatia,Croatia cut 67bp to 0.13%,monetary policy,standard,cut,-67.0,HR,basis points,https://data.bis.org/topics/CBPOL
2015-04-01,Brazil,Brazil hike 50bp to 13.25%,monetary policy,standard,hike,50.0,BR,basis points,https://data.bis.org/topics/CBPOL
2015-04-01,Serbia,Serbia cut 50bp to 7.0%,monetary policy,standard,cut,-50.0,RS,basis points,https://data.bis.org/topics/CBPOL
2015-04-01,Thailand,Thailand cut 25bp to 1.5%,monetary policy,standard,cut,-25.0,TH,basis points,https://data.bis.org/topics/CBPOL
2015-05-01,Serbia,Serbia cut 50bp to 6.5%,monetary policy,standard,cut,-50.0,RS,basis points,https://data.bis.org/topics/CBPOL
2015-05-01,Australia,Australia cut 25bp to 2.0%,monetary policy,standard,cut,-25.0,AU,basis points,https://data.bis.org/topics/CBPOL
2015-05-01,Argentina,Argentina hike 7bp to 26.04%,monetary policy,minor,hike,7.000000000000028,AR,basis points,https://data.bis.org/topics/CBPOL
2015-05-01,Hungary,Hungary cut 15bp to 1.65%,monetary policy,minor,cut,-15.000000000000014,HU,basis points,https://data.bis.org/topics/CBPOL
2015-05-01,China,China cut 25bp to 5.1%,monetary policy,standard,cut,-25.0,CN,basis points,https://data.bis.org/topics/CBPOL
2015-05-01,Russia,Russia cut 150bp to 12.5%,monetary policy,major,cut,-150.0,RU,basis points,https://data.bis.org/topics/CBPOL
2015-05-01,Romania,Romania cut 25bp to 1.75%,monetary policy,standard,cut,-25.0,RO,basis points,https://data.bis.org/topics/CBPOL
2015-05-01,Croatia,Croatia hike 1bp to 0.14%,monetary policy,minor,hike,1.0000000000000009,HR,basis points,https://data.bis.org/topics/CBPOL
2015-06-01,Brazil,Brazil hike 50bp to 13.75%,monetary policy,standard,hike,50.0,BR,basis points,https://data.bis.org/topics/CBPOL
2015-06-01,Croatia,Croatia hike 11bp to 0.25%,monetary policy,minor,hike,10.999999999999998,HR,basis points,https://data.bis.org/topics/CBPOL
2015-06-01,China,China cut 25bp to 4.85%,monetary policy,standard,cut,-25.0,CN,basis points,https://data.bis.org/topics/CBPOL
2015-06-01,Russia,Russia cut 100bp to 11.5%,monetary policy,major,cut,-100.0,RU,basis points,https://data.bis.org/topics/CBPOL
2015-06-01,Iceland,Iceland hike 50bp to 5.0%,monetary policy,standard,hike,50.0,IS,basis points,https://data.bis.org/topics/CBPOL
2015-06-01,New Zealand,New Zealand cut 25bp to 3.25%,monetary policy,standard,cut,-25.0,NZ,basis points,https://data.bis.org/topics/CBPOL
2015-06-01,Korea,Korea cut 25bp to 1.5%,monetary policy,standard,cut,-25.0,KR,basis points,https://data.bis.org/topics/CBPOL
2015-06-01,Norway,Norway cut 25bp to 1.0%,monetary policy,standard,cut,-25.0,NO,basis points,https://data.bis.org/topics/CBPOL
2015-06-01,Hungary,Hungary cut 15bp to 1.5%,monetary policy,minor,cut,-14.999999999999991,HU,basis points,https://data.bis.org/topics/CBPOL
2015-06-01,India,India cut 25bp to 7.25%,monetary policy,standard,cut,-25.0,IN,basis points,https://data.bis.org/topics/CBPOL
2015-06-01,Serbia,Serbia cut 50bp to 6.0%,monetary policy,standard,cut,-50.0,RS,basis points,https://data.bis.org/topics/CBPOL
2015-07-01,Croatia,Croatia hike 21bp to 0.46%,monetary policy,minor,hike,21.000000000000004,HR,basis points,https://data.bis.org/topics/CBPOL
2015-07-01,South Africa,South Africa hike 25bp to 6.0%,monetary policy,standard,hike,25.0,ZA,basis points,https://data.bis.org/topics/CBPOL
2015-07-01,Brazil,Brazil hike 50bp to 14.25%,monetary policy,standard,hike,50.0,BR,basis points,https://data.bis.org/topics/CBPOL
2015-07-01,Argentina,Argentina cut 12bp to 25.92%,monetary policy,minor,cut,-11.639999999999873,AR,basis points,https://data.bis.org/topics/CBPOL
2015-07-01,Hungary,Hungary cut 15bp to 1.35%,monetary policy,minor,cut,-14.999999999999991,HU,basis points,https://data.bis.org/topics/CBPOL
2015-07-01,Sweden,Sweden cut 10bp to -0.35%,monetary policy,minor,cut,-9.999999999999998,SE,basis points,https://data.bis.org/topics/CBPOL
2015-07-01,New Zealand,New Zealand cut 25bp to 3.0%,monetary policy,standard,cut,-25.0,NZ,basis points,https://data.bis.org/topics/CBPOL
2015-07-01,Canada,Canada cut 25bp to 0.5%,monetary policy,standard,cut,-25.0,CA,basis points,https://data.bis.org/topics/CBPOL
2015-08-01,Serbia,Serbia cut 50bp to 5.5%,monetary policy,standard,cut,-50.0,RS,basis points,https://data.bis.org/topics/CBPOL
2015-08-01,Argentina,Argentina cut 10bp to 25.82%,monetary policy,minor,cut,-10.490000000000066,AR,basis points,https://data.bis.org/topics/CBPOL
2015-08-01,Croatia,Croatia hike 10bp to 0.56%,monetary policy,minor,hike,10.000000000000004,HR,basis points,https://data.bis.org/topics/CBPOL
2015-08-01,China,China cut 25bp to 4.6%,monetary policy,standard,cut,-25.0,CN,basis points,https://data.bis.org/topics/CBPOL
2015-08-01,Russia,Russia cut 50bp to 11.0%,monetary policy,standard,cut,-50.0,RU,basis points,https://data.bis.org/topics/CBPOL
2015-08-01,Iceland,Iceland hike 50bp to 5.5%,monetary policy,standard,hike,50.0,IS,basis points,https://data.bis.org/topics/CBPOL
2015-09-01,Argentina,Argentina hike 22bp to 26.04%,monetary policy,minor,hike,21.79000000000002,AR,basis points,https://data.bis.org/topics/CBPOL
2015-09-01,Colombia,Colombia hike 25bp to 4.75%,monetary policy,standard,hike,25.0,CO,basis points,https://data.bis.org/topics/CBPOL
2015-09-01,Croatia,Croatia hike 25bp to 0.81%,monetary policy,standard,hike,25.0,HR,basis points,https://data.bis.org/topics/CBPOL
2015-09-01,Peru,Peru hike 25bp to 3.5%,monetary policy,standard,hike,25.0,PE,basis points,https://data.bis.org/topics/CBPOL
2015-09-01,India,India cut 50bp to 6.75%,monetary policy,standard,cut,-50.0,IN,basis points,https://data.bis.org/topics/CBPOL
2015-09-01,New Zealand,New Zealand cut 25bp to 2.75%,monetary policy,standard,cut,-25.0,NZ,basis points,https://data.bis.org/topics/CBPOL
2015-09-01,Norway,Norway cut 25bp to 0.75%,monetary policy,standard,cut,-25.0,NO,basis points,https://data.bis.org/topics/CBPOL
2015-09-01,Serbia,Serbia cut 50bp to 5.0%,monetary policy,standard,cut,-50.0,RS,basis points,https://data.bis.org/topics/CBPOL
2015-10-01,Croatia,Croatia cut 18bp to 0.63%,monetary policy,minor,cut,-18.000000000000004,HR,basis points,https://data.bis.org/topics/CBPOL
2015-10-01,Argentina,Argentina hike 289bp to 28.93%,monetary policy,major,hike,289.4000000000002,AR,basis points,https://data.bis.org/topics/CBPOL
2015-10-01,Serbia,Serbia cut 50bp to 4.5%,monetary policy,standard,cut,-50.0,RS,basis points,https://data.bis.org/topics/CBPOL
2015-10-01,Chile,Chile hike 25bp to 3.25%,monetary policy,standard,hike,25.0,CL,basis points,https://data.bis.org/topics/CBPOL
2015-10-01,China,China cut 25bp to 4.35%,monetary policy,standard,cut,-25.0,CN,basis points,https://data.bis.org/topics/CBPOL
2015-11-01,Croatia,Croatia hike 7bp to 0.7%,monetary policy,minor,hike,6.999999999999995,HR,basis points,https://data.bis.org/topics/CBPOL
2015-11-01,Argentina,Argentina hike 11bp to 29.04%,monetary policy,minor,hike,10.589999999999833,AR,basis points,https://data.bis.org/topics/CBPOL
2015-11-01,South Africa,South Africa hike 25bp to 6.25%,monetary policy,standard,hike,25.0,ZA,basis points,https://data.bis.org/topics/CBPOL
2015-11-01,Colombia,Colombia hike 75bp to 5.5%,monetary policy,major,hike,75.0,CO,basis points,https://data.bis.org/topics/CBPOL
2015-11-01,Iceland,Iceland hike 25bp to 5.75%,monetary policy,standard,hike,25.0,IS,basis points,https://data.bis.org/topics/CBPOL
2015-12-01,Croatia,Croatia cut 32bp to 0.38%,monetary policy,standard,cut,-31.999999999999996,HR,basis points,https://data.bis.org/topics/CBPOL
2015-12-01,Kuwait,Kuwait hike 25bp to 2.25%,monetary policy,standard,hike,25.0,KW,basis points,https://data.bis.org/topics/CBPOL
2015-12-01,Peru,Peru hike 25bp to 3.75%,monetary policy,standard,hike,25.0,PE,basis points,https://data.bis.org/topics/CBPOL
2015-12-01,Hong Kong SAR,Hong Kong SAR hike 25bp to 0.75%,monetary policy,standard,hike,25.0,HK,basis points,https://data.bis.org/topics/CBPOL
2015-12-01,Mexico,Mexico hike 25bp to 3.25%,monetary policy,standard,hike,25.0,MX,basis points,https://data.bis.org/topics/CBPOL
2015-12-01,Colombia,Colombia hike 25bp to 5.75%,monetary policy,standard,hike,25.0,CO,basis points,https://data.bis.org/topics/CBPOL
2015-12-01,Argentina,Argentina hike 396bp to 33.0%,monetary policy,major,hike,396.4300000000002,AR,basis points,https://data.bis.org/topics/CBPOL
2015-12-01,United States,United States hike 25bp to 0.38%,monetary policy,standard,hike,25.0,US,basis points,https://data.bis.org/topics/CBPOL
2015-12-01,New Zealand,New Zealand cut 25bp to 2.5%,monetary policy,standard,cut,-25.0,NZ,basis points,https://data.bis.org/topics/CBPOL
2015-12-01,Chile,Chile hike 25bp to 3.5%,monetary policy,standard,hike,25.0,CL,basis points,https://data.bis.org/topics/CBPOL
2016-01-01,Denmark,Denmark hike 10bp to -0.65%,monetary policy,minor,hike,9.999999999999998,DK,basis points,https://data.bis.org/topics/CBPOL
2016-01-01,Indonesia,Indonesia cut 25bp to 7.25%,monetary policy,standard,cut,-25.0,ID,basis points,https://data.bis.org/topics/CBPOL
2016-01-01,Argentina,Argentina cut 225bp to 30.75%,monetary policy,major,cut,-225.06000000000023,AR,basis points,https://data.bis.org/topics/CBPOL
2016-01-01,South Africa,South Africa hike 50bp to 6.75%,monetary policy,standard,hike,50.0,ZA,basis points,https://data.bis.org/topics/CBPOL
2016-01-01,Peru,Peru hike 25bp to 4.0%,monetary policy,standard,hike,25.0,PE,basis points,https://data.bis.org/topics/CBPOL
2016-01-01,Croatia,Croatia hike 20bp to 0.58%,monetary policy,minor,hike,19.999999999999996,HR,basis points,https://data.bis.org/topics/CBPOL
2016-02-01,Indonesia,Indonesia cut 25bp to 7.0%,monetary policy,standard,cut,-25.0,ID,basis points,https://data.bis.org/topics/CBPOL
2016-02-01,Mexico,Mexico hike 50bp to 3.75%,monetary policy,standard,hike,50.0,MX,basis points,https://data.bis.org/topics/CBPOL
2016-02-01,Colombia,Colombia hike 50bp to 6.25%,monetary policy,standard,hike,50.0,CO,basis points,https://data.bis.org/topics/CBPOL
2016-02-01,Serbia,Serbia cut 25bp to 4.25%,monetary policy,standard,cut,-25.0,RS,basis points,https://data.bis.org/topics/CBPOL
2016-02-01,Sweden,Sweden cut 15bp to -0.5%,monetary policy,minor,cut,-15.000000000000002,SE,basis points,https://data.bis.org/topics/CBPOL
2016-02-01,Croatia,Croatia cut 8bp to 0.5%,monetary policy,minor,cut,-7.9999999999999964,HR,basis points,https://data.bis.org/topics/CBPOL
2016-02-01,Argentina,Argentina hike 40bp to 31.15%,monetary policy,standard,hike,39.580000000000126,AR,basis points,https://data.bis.org/topics/CBPOL
2016-02-01,Peru,Peru hike 25bp to 4.25%,monetary policy,standard,hike,25.0,PE,basis points,https://data.bis.org/topics/CBPOL
2016-03-01,Euro area,Euro area cut 5bp to 0.0%,monetary policy,minor,cut,-5.0,XM,basis points,https://data.bis.org/topics/CBPOL
2016-03-01,Hungary,Hungary cut 15bp to 1.2%,monetary policy,minor,cut,-15.000000000000014,HU,basis points,https://data.bis.org/topics/CBPOL
2016-03-01,Indonesia,Indonesia cut 25bp to 6.75%,monetary policy,standard,cut,-25.0,ID,basis points,https://data.bis.org/topics/CBPOL
2016-03-01,New Zealand,New Zealand cut 25bp to 2.25%,monetary policy,standard,cut,-25.0,NZ,basis points,https://data.bis.org/topics/CBPOL
2016-03-01,Colombia,Colombia hike 25bp to 6.5%,monetary policy,standard,hike,25.0,CO,basis points,https://data.bis.org/topics/CBPOL
2016-03-01,Norway,Norway cut 25bp to 0.5%,monetary policy,standard,cut,-25.0,NO,basis points,https://data.bis.org/topics/CBPOL
2016-03-01,Morocco,Morocco cut 25bp to 2.25%,monetary policy,standard,cut,-25.0,MA,basis points,https://data.bis.org/topics/CBPOL
2016-03-01,South Africa,South Africa hike 25bp to 7.0%,monetary policy,standard,hike,25.0,ZA,basis points,https://data.bis.org/topics/CBPOL
2016-03-01,Argentina,Argentina hike 685bp to 38.0%,monetary policy,major,hike,685.4699999999998,AR,basis points,https://data.bis.org/topics/CBPOL
2016-04-01,Croatia,Croatia cut 20bp to 0.3%,monetary policy,minor,cut,-20.0,HR,basis points,https://data.bis.org/topics/CBPOL
2016-04-01,Hungary,Hungary cut 15bp to 1.05%,monetary policy,minor,cut,-14.999999999999991,HU,basis points,https://data.bis.org/topics/CBPOL
2016-04-01,India,India cut 25bp to 6.5%,monetary policy,standard,cut,-25.0,IN,basis points,https://data.bis.org/topics/CBPOL
2016-05-01,Croatia,Croatia cut 30bp to 0.0%,monetary policy,standard,cut,-30.0,HR,basis points,https://data.bis.org/topics/CBPOL
2016-05-01,Hungary,Hungary cut 15bp to 0.9%,monetary policy,minor,cut,-15.000000000000002,HU,basis points,https://data.bis.org/topics/CBPOL
2016-05-01,North Macedonia,North Macedonia hike 75bp to 4.0%,monetary policy,major,hike,75.0,MK,basis points,https://data.bis.org/topics/CBPOL
2016-05-01,Australia,Australia cut 25bp to 1.75%,monetary policy,standard,cut,-25.0,AU,basis points,https://data.bis.org/topics/CBPOL
2016-05-01,Colombia,Colombia hike 75bp to 7.25%,monetary policy,major,hike,75.0,CO,basis points,https://data.bis.org/topics/CBPOL
2016-05-01,Argentina,Argentina cut 275bp to 35.25%,monetary policy,major,cut,-274.93999999999943,AR,basis points,https://data.bis.org/topics/CBPOL
2016-06-01,Russia,Russia cut 50bp to 10.5%,monetary policy,standard,cut,-50.0,RU,basis points,https://data.bis.org/topics/CBPOL
2016-06-01,Korea,Korea cut 25bp to 1.25%,monetary policy,standard,cut,-25.0,KR,basis points,https://data.bis.org/topics/CBPOL
2016-06-01,Philippines,Philippines cut 100bp to 3.0%,monetary policy,major,cut,-100.0,PH,basis points,https://data.bis.org/topics/CBPOL
2016-06-01,Indonesia,Indonesia cut 25bp to 6.5%,monetary policy,standard,cut,-25.0,ID,basis points,https://data.bis.org/topics/CBPOL
2016-06-01,Mexico,Mexico hike 50bp to 4.25%,monetary policy,standard,hike,50.0,MX,basis points,https://data.bis.org/topics/CBPOL
2016-06-01,Argentina,Argentina cut 450bp to 30.75%,monetary policy,major,cut,-450.00000000000034,AR,basis points,https://data.bis.org/topics/CBPOL
2016-06-01,Colombia,Colombia hike 25bp to 7.5%,monetary policy,standard,hike,25.0,CO,basis points,https://data.bis.org/topics/CBPOL
2016-07-01,Serbia,Serbia cut 25bp to 4.0%,monetary policy,standard,cut,-25.0,RS,basis points,https://data.bis.org/topics/CBPOL
2016-07-01,Malaysia,Malaysia cut 25bp to 3.0%,monetary policy,standard,cut,-25.0,MY,basis points,https://data.bis.org/topics/CBPOL
2016-07-01,Argentina,Argentina cut 50bp to 30.25%,monetary policy,standard,cut,-50.04999999999988,AR,basis points,https://data.bis.org/topics/CBPOL
2016-08-01,New Zealand,New Zealand cut 25bp to 2.0%,monetary policy,standard,cut,-25.0,NZ,basis points,https://data.bis.org/topics/CBPOL
2016-08-01,Iceland,Iceland cut 50bp to 5.25%,monetary policy,standard,cut,-50.0,IS,basis points,https://data.bis.org/topics/CBPOL
2016-08-01,Australia,Australia cut 25bp to 1.5%,monetary policy,standard,cut,-25.0,AU,basis points,https://data.bis.org/topics/CBPOL
2016-08-01,Croatia,Croatia hike 20bp to 0.2%,monetary policy,minor,hike,20.0,HR,basis points,https://data.bis.org/topics/CBPOL
2016-08-01,United Kingdom,United Kingdom cut 25bp to 0.25%,monetary policy,standard,cut,-25.0,GB,basis points,https://data.bis.org/topics/CBPOL
2016-08-01,Indonesia,Indonesia cut 125bp to 5.25%,monetary policy,major,cut,-125.0,ID,basis points,https://data.bis.org/topics/CBPOL
2016-08-01,Colombia,Colombia hike 25bp to 7.75%,monetary policy,standard,hike,25.0,CO,basis points,https://data.bis.org/topics/CBPOL
2016-08-01,Argentina,Argentina cut 200bp to 28.25%,monetary policy,major,cut,-199.93000000000018,AR,basis points,https://data.bis.org/topics/CBPOL
2016-09-01,Russia,Russia cut 50bp to 10.0%,monetary policy,standard,cut,-50.0,RU,basis points,https://data.bis.org/topics/CBPOL
2016-09-01,Croatia,Croatia hike 32bp to 0.52%,monetary policy,standard,hike,32.0,HR,basis points,https://data.bis.org/topics/CBPOL
2016-09-01,Indonesia,Indonesia cut 25bp to 5.0%,monetary policy,standard,cut,-25.0,ID,basis points,https://data.bis.org/topics/CBPOL
2016-09-01,Argentina,Argentina cut 150bp to 26.75%,monetary policy,major,cut,-150.06999999999982,AR,basis points,https://data.bis.org/topics/CBPOL
2016-09-01,Mexico,Mexico hike 50bp to 4.75%,monetary policy,standard,hike,50.0,MX,basis points,https://data.bis.org/topics/CBPOL
2016-09-01,Japan,Japan cut 15bp to -0.1%,monetary policy,minor,cut,-15.000000000000002,JP,basis points,https://data.bis.org/topics/CBPOL
2016-10-01,Croatia,Croatia hike 6bp to 0.58%,monetary policy,minor,hike,5.999999999999995,HR,basis points,https://data.bis.org/topics/CBPOL
2016-10-01,Brazil,Brazil cut 25bp to 14.0%,monetary policy,standard,cut,-25.0,BR,basis points,https://data.bis.org/topics/CBPOL
2016-10-01,Indonesia,Indonesia cut 25bp to 4.75%,monetary policy,standard,cut,-25.0,ID,basis points,https://data.bis.org/topics/CBPOL
2016-10-01,India,India cut 25bp to 6.25%,monetary policy,standard,cut,-25.0,IN,basis points,https://data.bis.org/topics/CBPOL
2016-11-01,New Zealand,New Zealand cut 25bp to 1.75%,monetary policy,standard,cut,-25.0,NZ,basis points,https://data.bis.org/topics/CBPOL
2016-11-01,Argentina,Argentina cut 200bp to 24.75%,monetary policy,major,cut,-199.9500000000001,AR,basis points,https://data.bis.org/topics/CBPOL
2016-11-01,Türkiye,Türkiye hike 50bp to 8.0%,monetary policy,standard,hike,50.0,TR,basis points,https://data.bis.org/topics/CBPOL
2016-11-01,Croatia,Croatia cut 28bp to 0.3%,monetary policy,standard,cut,-27.999999999999996,HR,basis points,https://data.bis.org/topics/CBPOL
2016-11-01,Mexico,Mexico hike 50bp to 5.25%,monetary policy,standard,hike,50.0,MX,basis points,https://data.bis.org/topics/CBPOL
2016-12-01,Colombia,Colombia cut 25bp to 7.5%,monetary policy,standard,cut,-25.0,CO,basis points,https://data.bis.org/topics/CBPOL
2016-12-01,Hong Kong SAR,Hong Kong SAR hike 25bp to 1.0%,monetary policy,standard,hike,25.0,HK,basis points,https://data.bis.org/topics/CBPOL
2016-12-01,North Macedonia,North Macedonia cut 25bp to 3.75%,monetary policy,standard,cut,-25.0,MK,basis points,https://data.bis.org/topics/CBPOL
2016-12-01,United States,United States hike 25bp to 0.62%,monetary policy,standard,hike,25.0,US,basis points,https://data.bis.org/topics/CBPOL
2016-12-01,Croatia,Croatia cut 22bp to 0.08%,monetary policy,minor,cut,-21.999999999999996,HR,basis points,https://data.bis.org/topics/CBPOL
2016-12-01,Brazil,Brazil cut 25bp to 13.75%,monetary policy,standard,cut,-25.0,BR,basis points,https://data.bis.org/topics/CBPOL
2016-12-01,Mexico,Mexico hike 50bp to 5.75%,monetary policy,standard,hike,50.0,MX,basis points,https://data.bis.org/topics/CBPOL
2016-12-01,Iceland,Iceland cut 25bp to 5.0%,monetary policy,standard,cut,-25.0,IS,basis points,https://data.bis.org/topics/CBPOL
2016-12-01,Kuwait,Kuwait hike 25bp to 2.5%,monetary policy,standard,hike,25.0,KW,basis points,https://data.bis.org/topics/CBPOL
2017-01-01,North Macedonia,North Macedonia cut 25bp to 3.5%,monetary policy,standard,cut,-25.0,MK,basis points,https://data.bis.org/topics/CBPOL
2017-01-01,Chile,Chile cut 25bp to 3.25%,monetary policy,standard,cut,-25.0,CL,basis points,https://data.bis.org/topics/CBPOL
2017-01-01,Croatia,Croatia cut 8bp to 0.0%,monetary policy,minor,cut,-8.0,HR,basis points,https://data.bis.org/topics/CBPOL
2017-01-01,Brazil,Brazil cut 75bp to 13.0%,monetary policy,major,cut,-75.0,BR,basis points,https://data.bis.org/topics/CBPOL
2017-02-01,North Macedonia,North Macedonia cut 25bp to 3.25%,monetary policy,standard,cut,-25.0,MK,basis points,https://data.bis.org/topics/CBPOL
2017-02-01,Mexico,Mexico hike 50bp to 6.25%,monetary policy,standard,hike,50.0,MX,basis points,https://data.bis.org/topics/CBPOL
2017-02-01,Brazil,Brazil cut 75bp to 12.25%,monetary policy,major,cut,-75.0,BR,basis points,https://data.bis.org/topics/CBPOL
2017-02-01,Colombia,Colombia cut 25bp to 7.25%,monetary policy,standard,cut,-25.0,CO,basis points,https://data.bis.org/topics/CBPOL
2017-03-01,Hong Kong SAR,Hong Kong SAR hike 25bp to 1.25%,monetary policy,standard,hike,25.0,HK,basis points,https://data.bis.org/topics/CBPOL
2017-03-01,Kuwait,Kuwait hike 25bp to 2.75%,monetary policy,standard,hike,25.0,KW,basis points,https://data.bis.org/topics/CBPOL
2017-03-01,Russia,Russia cut 25bp to 9.75%,monetary policy,standard,cut,-25.0,RU,basis points,https://data.bis.org/topics/CBPOL
2017-03-01,Colombia,Colombia cut 25bp to 7.0%,monetary policy,standard,cut,-25.0,CO,basis points,https://data.bis.org/topics/CBPOL
2017-03-01,United States,United States hike 25bp to 0.88%,monetary policy,standard,hike,25.0,US,basis points,https://data.bis.org/topics/CBPOL
2017-03-01,Chile,Chile cut 25bp to 3.0%,monetary policy,standard,cut,-25.0,CL,basis points,https://data.bis.org/topics/CBPOL
2017-03-01,Mexico,Mexico hike 25bp to 6.5%,monetary policy,standard,hike,25.0,MX,basis points,https://data.bis.org/topics/CBPOL
2017-04-01,Chile,Chile cut 25bp to 2.75%,monetary policy,standard,cut,-25.0,CL,basis points,https://data.bis.org/topics/CBPOL
2017-04-01,Croatia,Croatia hike 6bp to 0.06%,monetary policy,minor,hike,6.0,HR,basis points,https://data.bis.org/topics/CBPOL
2017-04-01,Argentina,Argentina hike 150bp to 26.25%,monetary policy,major,hike,150.0,AR,basis points,https://data.bis.org/topics/CBPOL
2017-04-01,Brazil,Brazil cut 100bp to 11.25%,monetary policy,major,cut,-100.0,BR,basis points,https://data.bis.org/topics/CBPOL
2017-05-01,Peru,Peru cut 25bp to 4.0%,monetary policy,standard,cut,-25.0,PE,basis points,https://data.bis.org/topics/CBPOL
2017-05-01,Iceland,Iceland cut 25bp to 4.75%,monetary policy,standard,cut,-25.0,IS,basis points,https://data.bis.org/topics/CBPOL
2017-05-01,Mexico,Mexico hike 25bp to 6.75%,monetary policy,standard,hike,25.0,MX,basis points,https://data.bis.org/topics/CBPOL
2017-05-01,Russia,Russia cut 50bp to 9.25%,monetary policy,standard,cut,-50.0,RU,basis points,https://data.bis.org/topics/CBPOL
2017-05-01,Colombia,Colombia cut 75bp to 6.25%,monetary policy,major,cut,-75.0,CO,basis points,https://data.bis.org/topics/CBPOL
2017-05-01,Chile,Chile cut 25bp to 2.5%,monetary policy,standard,cut,-25.0,CL,basis points,https://data.bis.org/topics/CBPOL
2017-05-01,Croatia,Croatia hike 34bp to 0.4%,monetary policy,standard,hike,34.0,HR,basis points,https://data.bis.org/topics/CBPOL
2017-06-01,Hong Kong SAR,Hong Kong SAR hike 25bp to 1.5%,monetary policy,standard,hike,25.0,HK,basis points,https://data.bis.org/topics/CBPOL
2017-06-01,United States,United States hike 25bp to 1.12%,monetary policy,standard,hike,25.0,US,basis points,https://data.bis.org/topics/CBPOL
2017-06-01,Mexico,Mexico hike 25bp to 7.0%,monetary policy,standard,hike,25.0,MX,basis points,https://data.bis.org/topics/CBPOL
2017-06-01,Croatia,Croatia cut 1bp to 0.39%,monetary policy,minor,cut,-1.0000000000000009,HR,basis points,https://data.bis.org/topics/CBPOL
2017-06-01,Iceland,Iceland cut 25bp to 4.5%,monetary policy,standard,cut,-25.0,IS,basis points,https://data.bis.org/topics/CBPOL
2017-06-01,Russia,Russia cut 25bp to 9.0%,monetary policy,standard,cut,-25.0,RU,basis points,https://data.bis.org/topics/CBPOL
2017-06-01,Brazil,Brazil cut 100bp to 10.25%,monetary policy,major,cut,-100.0,BR,basis points,https://data.bis.org/topics/CBPOL
2017-07-01,Brazil,Brazil cut 100bp to 9.25%,monetary policy,major,cut,-100.0,BR,basis points,https://data.bis.org/topics/CBPOL
2017-07-01,Canada,Canada hike 25bp to 0.75%,monetary policy,standard,hike,25.0,CA,basis points,https://data.bis.org/topics/CBPOL
2017-07-01,South Africa,South Africa cut 25bp to 6.75%,monetary policy,standard,cut,-25.0,ZA,basis points,https://data.bis.org/topics/CBPOL
2017-07-01,Peru,Peru cut 25bp to 3.75%,monetary policy,standard,cut,-25.0,PE,basis points,https://data.bis.org/topics/CBPOL
2017-07-01,Colombia,Colombia cut 75bp to 5.5%,monetary policy,major,cut,-75.0,CO,basis points,https://data.bis.org/topics/CBPOL
2017-08-01,Indonesia,Indonesia cut 25bp to 4.5%,monetary policy,standard,cut,-25.0,ID,basis points,https://data.bis.org/topics/CBPOL
2017-08-01,Czechia,Czechia hike 20bp to 0.25%,monetary policy,minor,hike,20.0,CZ,basis points,https://data.bis.org/topics/CBPOL
2017-08-01,India,India cut 25bp to 6.0%,monetary policy,standard,cut,-25.0,IN,basis points,https://data.bis.org/topics/CBPOL
2017-09-01,Indonesia,Indonesia cut 25bp to 4.25%,monetary policy,standard,cut,-25.0,ID,basis points,https://data.bis.org/topics/CBPOL
2017-09-01,Serbia,Serbia cut 25bp to 3.75%,monetary policy,standard,cut,-25.0,RS,basis points,https://data.bis.org/topics/CBPOL
2017-09-01,Colombia,Colombia cut 25bp to 5.25%,monetary policy,standard,cut,-25.0,CO,basis points,https://data.bis.org/topics/CBPOL
2017-09-01,Croatia,Croatia hike 11bp to 0.5%,monetary policy,minor,hike,10.999999999999998,HR,basis points,https://data.bis.org/topics/CBPOL
2017-09-01,Canada,Canada hike 25bp to 1.0%,monetary policy,standard,hike,25.0,CA,basis points,https://data.bis.org/topics/CBPOL
2017-09-01,Russia,Russia cut 50bp to 8.5%,monetary policy,standard,cut,-50.0,RU,basis points,https://data.bis.org/topics/CBPOL
2017-09-01,Brazil,Brazil cut 100bp to 8.25%,monetary policy,major,cut,-100.0,BR,basis points,https://data.bis.org/topics/CBPOL
2017-09-01,Peru,Peru cut 25bp to 3.5%,monetary policy,standard,cut,-25.0,PE,basis points,https://data.bis.org/topics/CBPOL
2017-10-01,Iceland,Iceland cut 25bp to 4.25%,monetary policy,standard,cut,-25.0,IS,basis points,https://data.bis.org/topics/CBPOL
2017-10-01,Russia,Russia cut 25bp to 8.25%,monetary policy,standard,cut,-25.0,RU,basis points,https://data.bis.org/topics/CBPOL
2017-10-01,Croatia,Croatia cut 40bp to 0.1%,monetary policy,standard,cut,-40.0,HR,basis points,https://data.bis.org/topics/CBPOL
2017-10-01,Serbia,Serbia cut 25bp to 3.5%,monetary policy,standard,cut,-25.0,RS,basis points,https://data.bis.org/topics/CBPOL
2017-10-01,Brazil,Brazil cut 75bp to 7.5%,monetary policy,major,cut,-75.0,BR,basis points,https://data.bis.org/topics/CBPOL
2017-10-01,Colombia,Colombia cut 25bp to 5.0%,monetary policy,standard,cut,-25.0,CO,basis points,https://data.bis.org/topics/CBPOL
2017-10-01,Argentina,Argentina hike 150bp to 27.75%,monetary policy,major,hike,150.0,AR,basis points,https://data.bis.org/topics/CBPOL
2017-11-01,Colombia,Colombia cut 25bp to 4.75%,monetary policy,standard,cut,-25.0,CO,basis points,https://data.bis.org/topics/CBPOL
2017-11-01,United Kingdom,United Kingdom hike 25bp to 0.5%,monetary policy,standard,hike,25.0,GB,basis points,https://data.bis.org/topics/CBPOL
2017-11-01,Czechia,Czechia hike 25bp to 0.5%,monetary policy,standard,hike,25.0,CZ,basis points,https://data.bis.org/topics/CBPOL
2017-11-01,Peru,Peru cut 25bp to 3.25%,monetary policy,standard,cut,-25.0,PE,basis points,https://data.bis.org/topics/CBPOL
2017-11-01,Korea,Korea hike 25bp to 1.5%,monetary policy,standard,hike,25.0,KR,basis points,https://data.bis.org/topics/CBPOL
2017-11-01,Argentina,Argentina hike 100bp to 28.75%,monetary policy,major,hike,100.0,AR,basis points,https://data.bis.org/topics/CBPOL
2017-12-01,Brazil,Brazil cut 50bp to 7.0%,monetary policy,standard,cut,-50.0,BR,basis points,https://data.bis.org/topics/CBPOL
2017-12-01,Mexico,Mexico hike 25bp to 7.25%,monetary policy,standard,hike,25.0,MX,basis points,https://data.bis.org/topics/CBPOL
2017-12-01,Russia,Russia cut 50bp to 7.75%,monetary policy,standard,cut,-50.0,RU,basis points,https://data.bis.org/topics/CBPOL
2017-12-01,United States,United States hike 25bp to 1.38%,monetary policy,standard,hike,25.0,US,basis points,https://data.bis.org/topics/CBPOL
2017-12-01,Hong Kong SAR,Hong Kong SAR hike 25bp to 1.75%,monetary policy,standard,hike,25.0,HK,basis points,https://data.bis.org/topics/CBPOL
2018-01-01,Malaysia,Malaysia hike 25bp to 3.25%,monetary policy,standard,hike,25.0,MY,basis points,https://data.bis.org/topics/CBPOL
2018-01-01,Argentina,Argentina cut 150bp to 27.25%,monetary policy,major,cut,-150.0,AR,basis points,https://data.bis.org/topics/CBPOL
2018-01-01,Canada,Canada hike 25bp to 1.25%,monetary policy,standard,hike,25.0,CA,basis points,https://data.bis.org/topics/CBPOL
2018-01-01,Peru,Peru cut 25bp to 3.0%,monetary policy,standard,cut,-25.0,PE,basis points,https://data.bis.org/topics/CBPOL
2018-01-01,Romania,Romania hike 25bp to 2.0%,monetary policy,standard,hike,25.0,RO,basis points,https://data.bis.org/topics/CBPOL
2018-01-01,Colombia,Colombia cut 25bp to 4.5%,monetary policy,standard,cut,-25.0,CO,basis points,https://data.bis.org/topics/CBPOL
2018-02-01,Mexico,Mexico hike 25bp to 7.5%,monetary policy,standard,hike,25.0,MX,basis points,https://data.bis.org/topics/CBPOL
2018-02-01,Romania,Romania hike 25bp to 2.25%,monetary policy,standard,hike,25.0,RO,basis points,https://data.bis.org/topics/CBPOL
2018-02-01,Russia,Russia cut 25bp to 7.5%,monetary policy,standard,cut,-25.0,RU,basis points,https://data.bis.org/topics/CBPOL
2018-02-01,Brazil,Brazil cut 25bp to 6.75%,monetary policy,standard,cut,-25.0,BR,basis points,https://data.bis.org/topics/CBPOL
2018-02-01,Czechia,Czechia hike 25bp to 0.75%,monetary policy,standard,hike,25.0,CZ,basis points,https://data.bis.org/topics/CBPOL
2018-03-01,Saudi Arabia,Saudi Arabia hike 25bp to 2.25%,monetary policy,standard,hike,25.0,SA,basis points,https://data.bis.org/topics/CBPOL
2018-03-01,United States,United States hike 25bp to 1.62%,monetary policy,standard,hike,25.0,US,basis points,https://data.bis.org/topics/CBPOL
2018-03-01,Brazil,Brazil cut 25bp to 6.5%,monetary policy,standard,cut,-25.0,BR,basis points,https://data.bis.org/topics/CBPOL
2018-03-01,Hong Kong SAR,Hong Kong SAR hike 25bp to 2.0%,monetary policy,standard,hike,25.0,HK,basis points,https://data.bis.org/topics/CBPOL
2018-03-01,North Macedonia,North Macedonia cut 25bp to 3.0%,monetary policy,standard,cut,-25.0,MK,basis points,https://data.bis.org/topics/CBPOL
2018-03-01,Kuwait,Kuwait hike 25bp to 3.0%,monetary policy,standard,hike,25.0,KW,basis points,https://data.bis.org/topics/CBPOL
2018-03-01,Serbia,Serbia cut 25bp to 3.25%,monetary policy,standard,cut,-25.0,RS,basis points,https://data.bis.org/topics/CBPOL
2018-03-01,Russia,Russia cut 25bp to 7.25%,monetary policy,standard,cut,-25.0,RU,basis points,https://data.bis.org/topics/CBPOL
2018-03-01,South Africa,South Africa cut 25bp to 6.5%,monetary policy,standard,cut,-25.0,ZA,basis points,https://data.bis.org/topics/CBPOL
2018-03-01,Peru,Peru cut 25bp to 2.75%,monetary policy,standard,cut,-25.0,PE,basis points,https://data.bis.org/topics/CBPOL
2018-04-01,Colombia,Colombia cut 25bp to 4.25%,monetary policy,standard,cut,-25.0,CO,basis points,https://data.bis.org/topics/CBPOL
2018-04-01,Argentina,Argentina hike 300bp to 30.25%,monetary policy,major,hike,300.0,AR,basis points,https://data.bis.org/topics/CBPOL
2018-04-01,Croatia,Croatia hike 15bp to 0.25%,monetary policy,minor,hike,15.0,HR,basis points,https://data.bis.org/topics/CBPOL
2018-04-01,Serbia,Serbia cut 25bp to 3.0%,monetary policy,standard,cut,-25.0,RS,basis points,https://data.bis.org/topics/CBPOL
2018-05-01,Indonesia,Indonesia hike 50bp to 4.75%,monetary policy,standard,hike,50.0,ID,basis points,https://data.bis.org/topics/CBPOL
2018-05-01,Argentina,Argentina hike 975bp to 40.0%,monetary policy,major,hike,975.0,AR,basis points,https://data.bis.org/topics/CBPOL
2018-05-01,Romania,Romania hike 25bp to 2.5%,monetary policy,standard,hike,25.0,RO,basis points,https://data.bis.org/topics/CBPOL
2018-05-01,Philippines,Philippines hike 25bp to 3.25%,monetary policy,standard,hike,25.0,PH,basis points,https://data.bis.org/topics/CBPOL
2018-06-01,Philippines,Philippines hike 25bp to 3.5%,monetary policy,standard,hike,25.0,PH,basis points,https://data.bis.org/topics/CBPOL
2018-06-01,Mexico,Mexico hike 25bp to 7.75%,monetary policy,standard,hike,25.0,MX,basis points,https://data.bis.org/topics/CBPOL
2018-06-01,United States,United States hike 25bp to 1.88%,monetary policy,standard,hike,25.0,US,basis points,https://data.bis.org/topics/CBPOL
2018-06-01,Türkiye,Türkiye hike 975bp to 17.75%,monetary policy,major,hike,975.0,TR,basis points,https://data.bis.org/topics/CBPOL
2018-06-01,Hong Kong SAR,Hong Kong SAR hike 25bp to 2.25%,monetary policy,standard,hike,25.0,HK,basis points,https://data.bis.org/topics/CBPOL
2018-06-01,Indonesia,Indonesia hike 50bp to 5.25%,monetary policy,standard,hike,50.0,ID,basis points,https://data.bis.org/topics/CBPOL
2018-06-01,Saudi Arabia,Saudi Arabia hike 25bp to 2.5%,monetary policy,standard,hike,25.0,SA,basis points,https://data.bis.org/topics/CBPOL
2018-06-01,India,India hike 25bp to 6.25%,monetary policy,standard,hike,25.0,IN,basis points,https://data.bis.org/topics/CBPOL
2018-06-01,Czechia,Czechia hike 25bp to 1.0%,monetary policy,standard,hike,25.0,CZ,basis points,https://data.bis.org/topics/CBPOL
2018-07-01,Croatia,Croatia cut 25bp to 0.0%,monetary policy,standard,cut,-25.0,HR,basis points,https://data.bis.org/topics/CBPOL
2018-07-01,Canada,Canada hike 25bp to 1.5%,monetary policy,standard,hike,25.0,CA,basis points,https://data.bis.org/topics/CBPOL
2018-08-01,Indonesia,Indonesia hike 25bp to 5.5%,monetary policy,standard,hike,25.0,ID,basis points,https://data.bis.org/topics/CBPOL
2018-08-01,India,India hike 25bp to 6.5%,monetary policy,standard,hike,25.0,IN,basis points,https://data.bis.org/topics/CBPOL
2018-08-01,Argentina,Argentina hike 2000bp to 60.0%,monetary policy,major,hike,2000.0,AR,basis points,https://data.bis.org/topics/CBPOL
2018-08-01,North Macedonia,North Macedonia cut 25bp to 2.75%,monetary policy,standard,cut,-25.0,MK,basis points,https://data.bis.org/topics/CBPOL
2018-08-01,United Kingdom,United Kingdom hike 25bp to 0.75%,monetary policy,standard,hike,25.0,GB,basis points,https://data.bis.org/topics/CBPOL
2018-08-01,Philippines,Philippines hike 50bp to 4.0%,monetary policy,standard,hike,50.0,PH,basis points,https://data.bis.org/topics/CBPOL
2018-08-01,Czechia,Czechia hike 25bp to 1.25%,monetary policy,standard,hike,25.0,CZ,basis points,https://data.bis.org/topics/CBPOL
2018-09-01,United States,United States hike 25bp to 2.12%,monetary policy,standard,hike,25.0,US,basis points,https://data.bis.org/topics/CBPOL
2018-09-01,Saudi Arabia,Saudi Arabia hike 25bp to 2.75%,monetary policy,standard,hike,25.0,SA,basis points,https://data.bis.org/topics/CBPOL
2018-09-01,Norway,Norway hike 25bp to 0.75%,monetary policy,standard,hike,25.0,NO,basis points,https://data.bis.org/topics/CBPOL
2018-09-01,Indonesia,Indonesia hike 25bp to 5.75%,monetary policy,standard,hike,25.0,ID,basis points,https://data.bis.org/topics/CBPOL
2018-09-01,Türkiye,Türkiye hike 625bp to 24.0%,monetary policy,major,hike,625.0,TR,basis points,https://data.bis.org/topics/CBPOL
2018-09-01,Philippines,Philippines hike 50bp to 4.5%,monetary policy,standard,hike,50.0,PH,basis points,https://data.bis.org/topics/CBPOL
2018-09-01,Hong Kong SAR,Hong Kong SAR hike 25bp to 2.5%,monetary policy,standard,hike,25.0,HK,basis points,https://data.bis.org/topics/CBPOL
2018-09-01,Czechia,Czechia hike 25bp to 1.5%,monetary policy,standard,hike,25.0,CZ,basis points,https://data.bis.org/topics/CBPOL
2018-09-01,Russia,Russia hike 25bp to 7.5%,monetary policy,standard,hike,25.0,RU,basis points,https://data.bis.org/topics/CBPOL
2018-09-01,Argentina,Argentina hike 500bp to 65.0%,monetary policy,major,hike,500.0,AR,basis points,https://data.bis.org/topics/CBPOL
2018-10-01,Chile,Chile hike 25bp to 2.75%,monetary policy,standard,hike,25.0,CL,basis points,https://data.bis.org/topics/CBPOL
2018-10-01,Argentina,Argentina hike 305bp to 68.05%,monetary policy,major,hike,304.8000000000002,AR,basis points,https://data.bis.org/topics/CBPOL
2018-10-01,Canada,Canada hike 25bp to 1.75%,monetary policy,standard,hike,25.0,CA,basis points,https://data.bis.org/topics/CBPOL
2018-11-01,South Africa,South Africa hike 25bp to 6.75%,monetary policy,standard,hike,25.0,ZA,basis points,https://data.bis.org/topics/CBPOL
2018-11-01,Mexico,Mexico hike 25bp to 8.0%,monetary policy,standard,hike,25.0,MX,basis points,https://data.bis.org/topics/CBPOL
2018-11-01,Iceland,Iceland hike 25bp to 4.5%,monetary policy,standard,hike,25.0,IS,basis points,https://data.bis.org/topics/CBPOL
2018-11-01,Korea,Korea hike 25bp to 1.75%,monetary policy,standard,hike,25.0,KR,basis points,https://data.bis.org/topics/CBPOL
2018-11-01,Czechia,Czechia hike 25bp to 1.75%,monetary policy,standard,hike,25.0,CZ,basis points,https://data.bis.org/topics/CBPOL
2018-11-01,Israel,Israel hike 15bp to 0.25%,monetary policy,minor,hike,15.0,IL,basis points,https://data.bis.org/topics/CBPOL
2018-11-01,Indonesia,Indonesia hike 25bp to 6.0%,monetary policy,standard,hike,25.0,ID,basis points,https://data.bis.org/topics/CBPOL
2018-11-01,Philippines,Philippines hike 25bp to 4.75%,monetary policy,standard,hike,25.0,PH,basis points,https://data.bis.org/topics/CBPOL
2018-11-01,Argentina,Argentina cut 730bp to 60.75%,monetary policy,major,cut,-729.5000000000002,AR,basis points,https://data.bis.org/topics/CBPOL
2018-12-01,Saudi Arabia,Saudi Arabia hike 25bp to 3.0%,monetary policy,standard,hike,25.0,SA,basis points,https://data.bis.org/topics/CBPOL
2018-12-01,Hong Kong SAR,Hong Kong SAR hike 25bp to 2.75%,monetary policy,standard,hike,25.0,HK,basis points,https://data.bis.org/topics/CBPOL
2018-12-01,Mexico,Mexico hike 25bp to 8.25%,monetary policy,standard,hike,25.0,MX,basis points,https://data.bis.org/topics/CBPOL
2018-12-01,United States,United States hike 25bp to 2.38%,monetary policy,standard,hike,25.0,US,basis points,https://data.bis.org/topics/CBPOL
2018-12-01,Thailand,Thailand hike 25bp to 1.75%,monetary policy,standard,hike,25.0,TH,basis points,https://data.bis.org/topics/CBPOL
2018-12-01,Argentina,Argentina cut 150bp to 59.25%,monetary policy,major,cut,-150.09999999999977,AR,basis points,https://data.bis.org/topics/CBPOL
2018-12-01,Russia,Russia hike 25bp to 7.75%,monetary policy,standard,hike,25.0,RU,basis points,https://data.bis.org/topics/CBPOL
2018-12-01,North Macedonia,North Macedonia cut 25bp to 2.5%,monetary policy,standard,cut,-25.0,MK,basis points,https://data.bis.org/topics/CBPOL
2019-01-01,Chile,Chile hike 25bp to 3.0%,monetary policy,standard,hike,25.0,CL,basis points,https://data.bis.org/topics/CBPOL
2019-01-01,Argentina,Argentina cut 557bp to 53.69%,monetary policy,major,cut,-556.5000000000005,AR,basis points,https://data.bis.org/topics/CBPOL
2019-01-01,Sweden,Sweden hike 25bp to -0.25%,monetary policy,standard,hike,25.0,SE,basis points,https://data.bis.org/topics/CBPOL
2019-02-01,India,India cut 25bp to 6.25%,monetary policy,standard,cut,-25.0,IN,basis points,https://data.bis.org/topics/CBPOL
2019-02-01,Argentina,Argentina cut 356bp to 50.13%,monetary policy,major,cut,-355.99999999999955,AR,basis points,https://data.bis.org/topics/CBPOL
2019-03-01,Argentina,Argentina hike 1803bp to 68.16%,monetary policy,major,hike,1802.8,AR,basis points,https://data.bis.org/topics/CBPOL
2019-03-01,Norway,Norway hike 25bp to 1.0%,monetary policy,standard,hike,25.0,NO,basis points,https://data.bis.org/topics/CBPOL
2019-03-01,North Macedonia,North Macedonia cut 25bp to 2.25%,monetary policy,standard,cut,-25.0,MK,basis points,https://data.bis.org/topics/CBPOL
2019-04-01,Croatia,Croatia cut 40bp to -0.4%,monetary policy,standard,cut,-40.0,HR,basis points,https://data.bis.org/topics/CBPOL
2019-04-01,Argentina,Argentina hike 578bp to 73.93%,monetary policy,major,hike,577.5000000000006,AR,basis points,https://data.bis.org/topics/CBPOL
2019-04-01,India,India cut 25bp to 6.0%,monetary policy,standard,cut,-25.0,IN,basis points,https://data.bis.org/topics/CBPOL
2019-05-01,Croatia,Croatia hike 70bp to 0.3%,monetary policy,standard,hike,70.0,HR,basis points,https://data.bis.org/topics/CBPOL
2019-05-01,Argentina,Argentina cut 320bp to 70.73%,monetary policy,major,cut,-320.0000000000003,AR,basis points,https://data.bis.org/topics/CBPOL
2019-05-01,Iceland,Iceland cut 50bp to 4.0%,monetary policy,standard,cut,-50.0,IS,basis points,https://data.bis.org/topics/CBPOL
2019-05-01,Malaysia,Malaysia cut 25bp to 3.0%,monetary policy,standard,cut,-25.0,MY,basis points,https://data.bis.org/topics/CBPOL
2019-05-01,Philippines,Philippines cut 25bp to 4.5%,monetary policy,standard,cut,-25.0,PH,basis points,https://data.bis.org/topics/CBPOL
2019-05-01,New Zealand,New Zealand cut 25bp to 1.5%,monetary policy,standard,cut,-25.0,NZ,basis points,https://data.bis.org/topics/CBPOL
2019-05-01,Czechia,Czechia hike 25bp to 2.0%,monetary policy,standard,hike,25.0,CZ,basis points,https://data.bis.org/topics/CBPOL
2019-06-01,Chile,Chile cut 50bp to 2.5%,monetary policy,standard,cut,-50.0,CL,basis points,https://data.bis.org/topics/CBPOL
2019-06-01,Russia,Russia cut 25bp to 7.5%,monetary policy,standard,cut,-25.0,RU,basis points,https://data.bis.org/topics/CBPOL
2019-06-01,Australia,Australia cut 25bp to 1.25%,monetary policy,standard,cut,-25.0,AU,basis points,https://data.bis.org/topics/CBPOL
2019-06-01,Norway,Norway hike 25bp to 1.25%,monetary policy,standard,hike,25.0,NO,basis points,https://data.bis.org/topics/CBPOL
2019-06-01,Iceland,Iceland cut 25bp to 3.75%,monetary policy,standard,cut,-25.0,IS,basis points,https://data.bis.org/topics/CBPOL
2019-06-01,Argentina,Argentina cut 804bp to 62.69%,monetary policy,major,cut,-804.2000000000002,AR,basis points,https://data.bis.org/topics/CBPOL
2019-06-01,India,India cut 25bp to 5.75%,monetary policy,standard,cut,-25.0,IN,basis points,https://data.bis.org/topics/CBPOL
2019-07-01,South Africa,South Africa cut 25bp to 6.5%,monetary policy,standard,cut,-25.0,ZA,basis points,https://data.bis.org/topics/CBPOL
2019-07-01,Türkiye,Türkiye cut 425bp to 19.75%,monetary policy,major,cut,-425.0,TR,basis points,https://data.bis.org/topics/CBPOL
2019-07-01,Indonesia,Indonesia cut 25bp to 5.75%,monetary policy,standard,cut,-25.0,ID,basis points,https://data.bis.org/topics/CBPOL
2019-07-01,Serbia,Serbia cut 25bp to 2.75%,monetary policy,standard,cut,-25.0,RS,basis points,https://data.bis.org/topics/CBPOL
2019-07-01,Australia,Australia cut 25bp to 1.0%,monetary policy,standard,cut,-25.0,AU,basis points,https://data.bis.org/topics/CBPOL
2019-07-01,Russia,Russia cut 25bp to 7.25%,monetary policy,standard,cut,-25.0,RU,basis points,https://data.bis.org/topics/CBPOL
2019-07-01,Saudi Arabia,Saudi Arabia cut 25bp to 2.75%,monetary policy,standard,cut,-25.0,SA,basis points,https://data.bis.org/topics/CBPOL
2019-07-01,Korea,Korea cut 25bp to 1.5%,monetary policy,standard,cut,-25.0,KR,basis points,https://data.bis.org/topics/CBPOL
2019-07-01,Argentina,Argentina cut 229bp to 60.4%,monetary policy,major,cut,-229.20000000000016,AR,basis points,https://data.bis.org/topics/CBPOL
2019-08-01,Argentina,Argentina hike 2287bp to 83.26%,monetary policy,major,hike,2286.7999999999993,AR,basis points,https://data.bis.org/topics/CBPOL
2019-08-01,Mexico,Mexico cut 25bp to 8.0%,monetary policy,standard,cut,-25.0,MX,basis points,https://data.bis.org/topics/CBPOL
2019-08-01,Peru,Peru cut 25bp to 2.5%,monetary policy,standard,cut,-25.0,PE,basis points,https://data.bis.org/topics/CBPOL
2019-08-01,United States,United States cut 25bp to 2.12%,monetary policy,standard,cut,-25.0,US,basis points,https://data.bis.org/topics/CBPOL
2019-08-01,Philippines,Philippines cut 25bp to 4.25%,monetary policy,standard,cut,-25.0,PH,basis points,https://data.bis.org/topics/CBPOL
2019-08-01,Indonesia,Indonesia cut 25bp to 5.5%,monetary policy,standard,cut,-25.0,ID,basis points,https://data.bis.org/topics/CBPOL
2019-08-01,China,China cut 10bp to 4.25%,monetary policy,minor,cut,-9.999999999999964,CN,basis points,https://data.bis.org/topics/CBPOL
2019-08-01,India,India cut 35bp to 5.4%,monetary policy,standard,cut,-34.999999999999964,IN,basis points,https://data.bis.org/topics/CBPOL
2019-08-01,Serbia,Serbia cut 25bp to 2.5%,monetary policy,standard,cut,-25.0,RS,basis points,https://data.bis.org/topics/CBPOL
2019-08-01,Hong Kong SAR,Hong Kong SAR cut 25bp to 2.5%,monetary policy,standard,cut,-25.0,HK,basis points,https://data.bis.org/topics/CBPOL
2019-08-01,Brazil,Brazil cut 50bp to 6.0%,monetary policy,standard,cut,-50.0,BR,basis points,https://data.bis.org/topics/CBPOL
2019-08-01,Iceland,Iceland cut 25bp to 3.5%,monetary policy,standard,cut,-25.0,IS,basis points,https://data.bis.org/topics/CBPOL
2019-08-01,New Zealand,New Zealand cut 50bp to 1.0%,monetary policy,standard,cut,-50.0,NZ,basis points,https://data.bis.org/topics/CBPOL
2019-08-01,Thailand,Thailand cut 25bp to 1.5%,monetary policy,standard,cut,-25.0,TH,basis points,https://data.bis.org/topics/CBPOL
2019-09-01,Türkiye,Türkiye cut 325bp to 16.5%,monetary policy,major,cut,-325.0,TR,basis points,https://data.bis.org/topics/CBPOL
2019-09-01,Philippines,Philippines cut 25bp to 4.0%,monetary policy,standard,cut,-25.0,PH,basis points,https://data.bis.org/topics/CBPOL
2019-09-01,Brazil,Brazil cut 50bp to 5.5%,monetary policy,standard,cut,-50.0,BR,basis points,https://data.bis.org/topics/CBPOL
2019-09-01,Saudi Arabia,Saudi Arabia cut 25bp to 2.5%,monetary policy,standard,cut,-25.0,SA,basis points,https://data.bis.org/topics/CBPOL
2019-09-01,United States,United States cut 25bp to 1.88%,monetary policy,standard,cut,-25.0,US,basis points,https://data.bis.org/topics/CBPOL
2019-09-01,Indonesia,Indonesia cut 25bp to 5.25%,monetary policy,standard,cut,-25.0,ID,basis points,https://data.bis.org/topics/CBPOL
2019-09-01,Mexico,Mexico cut 25bp to 7.75%,monetary policy,standard,cut,-25.0,MX,basis points,https://data.bis.org/topics/CBPOL
2019-09-01,Denmark,Denmark cut 10bp to -0.75%,monetary policy,minor,cut,-9.999999999999998,DK,basis points,https://data.bis.org/topics/CBPOL
2019-09-01,Argentina,Argentina cut 489bp to 78.37%,monetary policy,major,cut,-489.1999999999996,AR,basis points,https://data.bis.org/topics/CBPOL
2019-09-01,Chile,Chile cut 50bp to 2.0%,monetary policy,standard,cut,-50.0,CL,basis points,https://data.bis.org/topics/CBPOL
2019-09-01,Norway,Norway hike 25bp to 1.5%,monetary policy,standard,hike,25.0,NO,basis points,https://data.bis.org/topics/CBPOL
2019-09-01,China,China cut 5bp to 4.2%,monetary policy,minor,cut,-4.999999999999982,CN,basis points,https://data.bis.org/topics/CBPOL
2019-09-01,Russia,Russia cut 25bp to 7.0%,monetary policy,standard,cut,-25.0,RU,basis points,https://data.bis.org/topics/CBPOL
2019-09-01,Hong Kong SAR,Hong Kong SAR cut 25bp to 2.25%,monetary policy,standard,cut,-25.0,HK,basis points,https://data.bis.org/topics/CBPOL
2019-10-01,United States,United States cut 25bp to 1.62%,monetary policy,standard,cut,-25.0,US,basis points,https://data.bis.org/topics/CBPOL
2019-10-01,Kuwait,Kuwait cut 25bp to 2.75%,monetary policy,standard,cut,-25.0,KW,basis points,https://data.bis.org/topics/CBPOL
2019-10-01,India,India cut 25bp to 5.15%,monetary policy,standard,cut,-25.0,IN,basis points,https://data.bis.org/topics/CBPOL
2019-10-01,Australia,Australia cut 25bp to 0.75%,monetary policy,standard,cut,-25.0,AU,basis points,https://data.bis.org/topics/CBPOL
2019-10-01,Türkiye,Türkiye cut 250bp to 14.0%,monetary policy,major,cut,-250.0,TR,basis points,https://data.bis.org/topics/CBPOL
2019-10-01,Iceland,Iceland cut 25bp to 3.25%,monetary policy,standard,cut,-25.0,IS,basis points,https://data.bis.org/topics/CBPOL
2019-10-01,Argentina,Argentina cut 1037bp to 68.0%,monetary policy,major,cut,-1037.0000000000005,AR,basis points,https://data.bis.org/topics/CBPOL
2019-10-01,Brazil,Brazil cut 50bp to 5.0%,monetary policy,standard,cut,-50.0,BR,basis points,https://data.bis.org/topics/CBPOL
2019-10-01,Chile,Chile cut 25bp to 1.75%,monetary policy,standard,cut,-25.0,CL,basis points,https://data.bis.org/topics/CBPOL
2019-10-01,Hong Kong SAR,Hong Kong SAR cut 25bp to 2.0%,monetary policy,standard,cut,-25.0,HK,basis points,https://data.bis.org/topics/CBPOL
2019-10-01,Indonesia,Indonesia cut 25bp to 5.0%,monetary policy,standard,cut,-25.0,ID,basis points,https://data.bis.org/topics/CBPOL
2019-10-01,Saudi Arabia,Saudi Arabia cut 25bp to 2.25%,monetary policy,standard,cut,-25.0,SA,basis points,https://data.bis.org/topics/CBPOL
2019-10-01,Korea,Korea cut 25bp to 1.25%,monetary policy,standard,cut,-25.0,KR,basis points,https://data.bis.org/topics/CBPOL
2019-10-01,Russia,Russia cut 50bp to 6.5%,monetary policy,standard,cut,-50.0,RU,basis points,https://data.bis.org/topics/CBPOL
2019-11-01,Thailand,Thailand cut 25bp to 1.25%,monetary policy,standard,cut,-25.0,TH,basis points,https://data.bis.org/topics/CBPOL
2019-11-01,China,China cut 5bp to 4.15%,monetary policy,minor,cut,-4.999999999999982,CN,basis points,https://data.bis.org/topics/CBPOL
2019-11-01,Peru,Peru cut 25bp to 2.25%,monetary policy,standard,cut,-25.0,PE,basis points,https://data.bis.org/topics/CBPOL
2019-11-01,Argentina,Argentina cut 500bp to 63.0%,monetary policy,major,cut,-499.9999999999993,AR,basis points,https://data.bis.org/topics/CBPOL
2019-11-01,Iceland,Iceland cut 25bp to 3.0%,monetary policy,standard,cut,-25.0,IS,basis points,https://data.bis.org/topics/CBPOL
2019-11-01,Mexico,Mexico cut 25bp to 7.5%,monetary policy,standard,cut,-25.0,MX,basis points,https://data.bis.org/topics/CBPOL
2019-11-01,Serbia,Serbia cut 25bp to 2.25%,monetary policy,standard,cut,-25.0,RS,basis points,https://data.bis.org/topics/CBPOL
2019-12-01,Russia,Russia cut 25bp to 6.25%,monetary policy,standard,cut,-25.0,RU,basis points,https://data.bis.org/topics/CBPOL
2019-12-01,Türkiye,Türkiye cut 200bp to 12.0%,monetary policy,major,cut,-200.0,TR,basis points,https://data.bis.org/topics/CBPOL
2019-12-01,Mexico,Mexico cut 25bp to 7.25%,monetary policy,standard,cut,-25.0,MX,basis points,https://data.bis.org/topics/CBPOL
2019-12-01,Hong Kong SAR,Hong Kong SAR hike 49bp to 2.49%,monetary policy,standard,hike,49.00000000000002,HK,basis points,https://data.bis.org/topics/CBPOL
2019-12-01,Brazil,Brazil cut 50bp to 4.5%,monetary policy,standard,cut,-50.0,BR,basis points,https://data.bis.org/topics/CBPOL
2019-12-01,Argentina,Argentina cut 800bp to 55.0%,monetary policy,major,cut,-800.2000000000003,AR,basis points,https://data.bis.org/topics/CBPOL
2020-01-01,Türkiye,Türkiye cut 75bp to 11.25%,monetary policy,major,cut,-75.0,TR,basis points,https://data.bis.org/topics/CBPOL
2020-01-01,Sweden,Sweden hike 25bp to 0.0%,monetary policy,standard,hike,25.0,SE,basis points,https://data.bis.org/topics/CBPOL
2020-01-01,Hong Kong SAR,Hong Kong SAR cut 49bp to 2.0%,monetary policy,standard,cut,-49.00000000000002,HK,basis points,https://data.bis.org/topics/CBPOL
2020-01-01,Argentina,Argentina cut 500bp to 50.0%,monetary policy,major,cut,-500.0,AR,basis points,https://data.bis.org/topics/CBPOL
2020-01-01,Malaysia,Malaysia cut 25bp to 2.75%,monetary policy,standard,cut,-25.0,MY,basis points,https://data.bis.org/topics/CBPOL
2020-01-01,North Macedonia,North Macedonia cut 25bp to 2.0%,monetary policy,standard,cut,-25.0,MK,basis points,https://data.bis.org/topics/CBPOL
2020-01-01,South Africa,South Africa cut 25bp to 6.25%,monetary policy,standard,cut,-25.0,ZA,basis points,https://data.bis.org/topics/CBPOL
2020-02-01,Thailand,Thailand cut 25bp to 1.0%,monetary policy,standard,cut,-25.0,TH,basis points,https://data.bis.org/topics/CBPOL
2020-02-01,Indonesia,Indonesia cut 25bp to 4.75%,monetary policy,standard,cut,-25.0,ID,basis points,https://data.bis.org/topics/CBPOL
2020-02-01,Czechia,Czechia hike 25bp to 2.25%,monetary policy,standard,hike,25.0,CZ,basis points,https://data.bis.org/topics/CBPOL
2020-02-01,China,China cut 10bp to 4.05%,monetary policy,minor,cut,-10.000000000000053,CN,basis points,https://data.bis.org/topics/CBPOL
2020-02-01,Philippines,Philippines cut 25bp to 3.75%,monetary policy,standard,cut,-25.0,PH,basis points,https://data.bis.org/topics/CBPOL
2020-02-01,Türkiye,Türkiye cut 50bp to 10.75%,monetary policy,standard,cut,-50.0,TR,basis points,https://data.bis.org/topics/CBPOL
2020-02-01,Mexico,Mexico cut 25bp to 7.0%,monetary policy,standard,cut,-25.0,MX,basis points,https://data.bis.org/topics/CBPOL
2020-02-01,Brazil,Brazil cut 25bp to 4.25%,monetary policy,standard,cut,-25.0,BR,basis points,https://data.bis.org/topics/CBPOL
2020-02-01,Argentina,Argentina cut 1000bp to 40.0%,monetary policy,major,cut,-1000.0,AR,basis points,https://data.bis.org/topics/CBPOL
2020-02-01,Iceland,Iceland cut 25bp to 2.75%,monetary policy,standard,cut,-25.0,IS,basis points,https://data.bis.org/topics/CBPOL
2020-02-01,Russia,Russia cut 25bp to 6.0%,monetary policy,standard,cut,-25.0,RU,basis points,https://data.bis.org/topics/CBPOL
2020-03-01,Norway,Norway cut 125bp to 0.25%,monetary policy,major,cut,-125.0,NO,basis points,https://data.bis.org/topics/CBPOL
2020-03-01,Thailand,Thailand cut 25bp to 0.75%,monetary policy,standard,cut,-25.0,TH,basis points,https://data.bis.org/topics/CBPOL
2020-03-01,India,India cut 75bp to 4.4%,monetary policy,major,cut,-75.0,IN,basis points,https://data.bis.org/topics/CBPOL
2020-03-01,United Kingdom,United Kingdom cut 65bp to 0.1%,monetary policy,standard,cut,-65.0,GB,basis points,https://data.bis.org/topics/CBPOL
2020-03-01,Peru,Peru cut 100bp to 1.25%,monetary policy,major,cut,-100.0,PE,basis points,https://data.bis.org/topics/CBPOL
2020-03-01,Australia,Australia cut 50bp to 0.25%,monetary policy,standard,cut,-50.0,AU,basis points,https://data.bis.org/topics/CBPOL
2020-03-01,Czechia,Czechia cut 125bp to 1.0%,monetary policy,major,cut,-125.0,CZ,basis points,https://data.bis.org/topics/CBPOL
2020-03-01,North Macedonia,North Macedonia cut 25bp to 1.75%,monetary policy,standard,cut,-25.0,MK,basis points,https://data.bis.org/topics/CBPOL
2020-03-01,New Zealand,New Zealand cut 75bp to 0.25%,monetary policy,major,cut,-75.0,NZ,basis points,https://data.bis.org/topics/CBPOL
2020-03-01,United States,United States cut 150bp to 0.12%,monetary policy,major,cut,-150.0,US,basis points,https://data.bis.org/topics/CBPOL
2020-03-01,Philippines,Philippines cut 50bp to 3.25%,monetary policy,standard,cut,-50.0,PH,basis points,https://data.bis.org/topics/CBPOL
2020-03-01,Indonesia,Indonesia cut 25bp to 4.5%,monetary policy,standard,cut,-25.0,ID,basis points,https://data.bis.org/topics/CBPOL
2020-03-01,Türkiye,Türkiye cut 100bp to 9.75%,monetary policy,major,cut,-100.0,TR,basis points,https://data.bis.org/topics/CBPOL
2020-03-01,Hong Kong SAR,Hong Kong SAR cut 35bp to 1.65%,monetary policy,standard,cut,-35.00000000000001,HK,basis points,https://data.bis.org/topics/CBPOL
2020-03-01,Romania,Romania cut 50bp to 2.0%,monetary policy,standard,cut,-50.0,RO,basis points,https://data.bis.org/topics/CBPOL
2020-03-01,Denmark,Denmark hike 15bp to -0.6%,monetary policy,minor,hike,15.000000000000002,DK,basis points,https://data.bis.org/topics/CBPOL
2020-03-01,Argentina,Argentina cut 200bp to 38.0%,monetary policy,major,cut,-200.0,AR,basis points,https://data.bis.org/topics/CBPOL
2020-03-01,Colombia,Colombia cut 50bp to 3.75%,monetary policy,standard,cut,-50.0,CO,basis points,https://data.bis.org/topics/CBPOL
2020-03-01,Poland,Poland cut 50bp to 1.0%,monetary policy,standard,cut,-50.0,PL,basis points,https://data.bis.org/topics/CBPOL
2020-03-01,Brazil,Brazil cut 50bp to 3.75%,monetary policy,standard,cut,-50.0,BR,basis points,https://data.bis.org/topics/CBPOL
2020-03-01,Morocco,Morocco cut 25bp to 2.0%,monetary policy,standard,cut,-25.0,MA,basis points,https://data.bis.org/topics/CBPOL
2020-03-01,Serbia,Serbia cut 50bp to 1.75%,monetary policy,standard,cut,-50.0,RS,basis points,https://data.bis.org/topics/CBPOL
2020-03-01,Mexico,Mexico cut 50bp to 6.5%,monetary policy,standard,cut,-50.0,MX,basis points,https://data.bis.org/topics/CBPOL
2020-03-01,Iceland,Iceland cut 100bp to 1.75%,monetary policy,major,cut,-100.0,IS,basis points,https://data.bis.org/topics/CBPOL
2020-03-01,Chile,Chile cut 75bp to 1.0%,monetary policy,major,cut,-75.0,CL,basis points,https://data.bis.org/topics/CBPOL
2020-03-01,South Africa,South Africa cut 100bp to 5.25%,monetary policy,major,cut,-100.0,ZA,basis points,https://data.bis.org/topics/CBPOL
2020-03-01,Kuwait,Kuwait cut 125bp to 1.5%,monetary policy,major,cut,-125.0,KW,basis points,https://data.bis.org/topics/CBPOL
2020-03-01,Malaysia,Malaysia cut 25bp to 2.5%,monetary policy,standard,cut,-25.0,MY,basis points,https://data.bis.org/topics/CBPOL
2020-03-01,Korea,Korea cut 50bp to 0.75%,monetary policy,standard,cut,-50.0,KR,basis points,https://data.bis.org/topics/CBPOL
2020-03-01,Saudi Arabia,Saudi Arabia cut 125bp to 1.0%,monetary policy,major,cut,-125.0,SA,basis points,https://data.bis.org/topics/CBPOL
2020-03-01,Canada,Canada cut 150bp to 0.25%,monetary policy,major,cut,-150.0,CA,basis points,https://data.bis.org/topics/CBPOL
2020-04-01,Hong Kong SAR,Hong Kong SAR cut 54bp to 1.11%,monetary policy,standard,cut,-53.99999999999998,HK,basis points,https://data.bis.org/topics/CBPOL
2020-04-01,Russia,Russia cut 50bp to 5.5%,monetary policy,standard,cut,-50.0,RU,basis points,https://data.bis.org/topics/CBPOL
2020-04-01,Israel,Israel cut 15bp to 0.1%,monetary policy,minor,cut,-15.0,IL,basis points,https://data.bis.org/topics/CBPOL
2020-04-01,Poland,Poland cut 50bp to 0.5%,monetary policy,standard,cut,-50.0,PL,basis points,https://data.bis.org/topics/CBPOL
2020-04-01,China,China cut 20bp to 3.85%,monetary policy,minor,cut,-19.99999999999997,CN,basis points,https://data.bis.org/topics/CBPOL
2020-04-01,Peru,Peru cut 100bp to 0.25%,monetary policy,major,cut,-100.0,PE,basis points,https://data.bis.org/topics/CBPOL
2020-04-01,Serbia,Serbia cut 25bp to 1.5%,monetary policy,standard,cut,-25.0,RS,basis points,https://data.bis.org/topics/CBPOL
2020-04-01,Türkiye,Türkiye cut 100bp to 8.75%,monetary policy,major,cut,-100.0,TR,basis points,https://data.bis.org/topics/CBPOL
2020-04-01,South Africa,South Africa cut 100bp to 4.25%,monetary policy,major,cut,-100.0,ZA,basis points,https://data.bis.org/topics/CBPOL
2020-04-01,Croatia,Croatia cut 20bp to 0.1%,monetary policy,minor,cut,-20.0,HR,basis points,https://data.bis.org/topics/CBPOL
2020-04-01,Philippines,Philippines cut 50bp to 2.75%,monetary policy,standard,cut,-50.0,PH,basis points,https://data.bis.org/topics/CBPOL
2020-04-01,Mexico,Mexico cut 50bp to 6.0%,monetary policy,standard,cut,-50.0,MX,basis points,https://data.bis.org/topics/CBPOL
2020-04-01,Chile,Chile cut 50bp to 0.5%,monetary policy,standard,cut,-50.0,CL,basis points,https://data.bis.org/topics/CBPOL
2020-05-01,Colombia,Colombia cut 50bp to 3.25%,monetary policy,standard,cut,-50.0,CO,basis points,https://data.bis.org/topics/CBPOL
2020-05-01,Poland,Poland cut 40bp to 0.1%,monetary policy,standard,cut,-40.0,PL,basis points,https://data.bis.org/topics/CBPOL
2020-05-01,Hong Kong SAR,Hong Kong SAR cut 49bp to 0.62%,monetary policy,standard,cut,-49.00000000000001,HK,basis points,https://data.bis.org/topics/CBPOL
2020-05-01,Korea,Korea cut 25bp to 0.5%,monetary policy,standard,cut,-25.0,KR,basis points,https://data.bis.org/topics/CBPOL
2020-05-01,Malaysia,Malaysia cut 50bp to 2.0%,monetary policy,standard,cut,-50.0,MY,basis points,https://data.bis.org/topics/CBPOL
2020-05-01,India,India cut 40bp to 4.0%,monetary policy,standard,cut,-40.000000000000036,IN,basis points,https://data.bis.org/topics/CBPOL
2020-05-01,Norway,Norway cut 25bp to 0.0%,monetary policy,standard,cut,-25.0,NO,basis points,https://data.bis.org/topics/CBPOL
2020-05-01,Czechia,Czechia cut 75bp to 0.25%,monetary policy,major,cut,-75.0,CZ,basis points,https://data.bis.org/topics/CBPOL
2020-05-01,Thailand,Thailand cut 25bp to 0.5%,monetary policy,standard,cut,-25.0,TH,basis points,https://data.bis.org/topics/CBPOL
2020-05-01,South Africa,South Africa cut 50bp to 3.75%,monetary policy,standard,cut,-50.0,ZA,basis points,https://data.bis.org/topics/CBPOL
2020-05-01,Brazil,Brazil cut 75bp to 3.0%,monetary policy,major,cut,-75.0,BR,basis points,https://data.bis.org/topics/CBPOL
2020-05-01,Iceland,Iceland cut 75bp to 1.0%,monetary policy,major,cut,-75.0,IS,basis points,https://data.bis.org/topics/CBPOL
2020-05-01,North Macedonia,North Macedonia cut 25bp to 1.5%,monetary policy,standard,cut,-25.0,MK,basis points,https://data.bis.org/topics/CBPOL
2020-05-01,Türkiye,Türkiye cut 50bp to 8.25%,monetary policy,standard,cut,-50.0,TR,basis points,https://data.bis.org/topics/CBPOL
2020-05-01,Mexico,Mexico cut 50bp to 5.5%,monetary policy,standard,cut,-50.0,MX,basis points,https://data.bis.org/topics/CBPOL
2020-06-01,Indonesia,Indonesia cut 25bp to 4.25%,monetary policy,standard,cut,-25.0,ID,basis points,https://data.bis.org/topics/CBPOL
2020-06-01,Romania,Romania cut 25bp to 1.75%,monetary policy,standard,cut,-25.0,RO,basis points,https://data.bis.org/topics/CBPOL
2020-06-01,Colombia,Colombia cut 50bp to 2.75%,monetary policy,standard,cut,-50.0,CO,basis points,https://data.bis.org/topics/CBPOL
2020-06-01,Hungary,Hungary cut 15bp to 0.75%,monetary policy,minor,cut,-15.000000000000002,HU,basis points,https://data.bis.org/topics/CBPOL
2020-06-01,Mexico,Mexico cut 50bp to 5.0%,monetary policy,standard,cut,-50.0,MX,basis points,https://data.bis.org/topics/CBPOL
2020-06-01,Brazil,Brazil cut 75bp to 2.25%,monetary policy,major,cut,-75.0,BR,basis points,https://data.bis.org/topics/CBPOL
2020-06-01,Morocco,Morocco cut 50bp to 1.5%,monetary policy,standard,cut,-50.0,MA,basis points,https://data.bis.org/topics/CBPOL
2020-06-01,Russia,Russia cut 100bp to 4.5%,monetary policy,major,cut,-100.0,RU,basis points,https://data.bis.org/topics/CBPOL
2020-06-01,Philippines,Philippines cut 50bp to 2.25%,monetary policy,standard,cut,-50.0,PH,basis points,https://data.bis.org/topics/CBPOL
2020-06-01,Hong Kong SAR,Hong Kong SAR cut 12bp to 0.5%,monetary policy,minor,cut,-12.0,HK,basis points,https://data.bis.org/topics/CBPOL
2020-06-01,Serbia,Serbia cut 25bp to 1.25%,monetary policy,standard,cut,-25.0,RS,basis points,https://data.bis.org/topics/CBPOL
2020-07-01,Indonesia,Indonesia cut 25bp to 4.0%,monetary policy,standard,cut,-25.0,ID,basis points,https://data.bis.org/topics/CBPOL
2020-07-01,Malaysia,Malaysia cut 25bp to 1.75%,monetary policy,standard,cut,-25.0,MY,basis points,https://data.bis.org/topics/CBPOL
2020-07-01,Hungary,Hungary cut 15bp to 0.6%,monetary policy,minor,cut,-15.000000000000002,HU,basis points,https://data.bis.org/topics/CBPOL
2020-07-01,South Africa,South Africa cut 25bp to 3.5%,monetary policy,standard,cut,-25.0,ZA,basis points,https://data.bis.org/topics/CBPOL
2020-07-01,Colombia,Colombia cut 25bp to 2.5%,monetary policy,standard,cut,-25.0,CO,basis points,https://data.bis.org/topics/CBPOL
2020-07-01,Russia,Russia cut 25bp to 4.25%,monetary policy,standard,cut,-25.0,RU,basis points,https://data.bis.org/topics/CBPOL
2020-08-01,Colombia,Colombia cut 25bp to 2.25%,monetary policy,standard,cut,-25.0,CO,basis points,https://data.bis.org/topics/CBPOL
2020-08-01,Romania,Romania cut 25bp to 1.5%,monetary policy,standard,cut,-25.0,RO,basis points,https://data.bis.org/topics/CBPOL
2020-08-01,Mexico,Mexico cut 50bp to 4.5%,monetary policy,standard,cut,-50.0,MX,basis points,https://data.bis.org/topics/CBPOL
2020-08-01,Brazil,Brazil cut 25bp to 2.0%,monetary policy,standard,cut,-25.0,BR,basis points,https://data.bis.org/topics/CBPOL
2020-09-01,Mexico,Mexico cut 25bp to 4.25%,monetary policy,standard,cut,-25.0,MX,basis points,https://data.bis.org/topics/CBPOL
2020-09-01,Colombia,Colombia cut 50bp to 1.75%,monetary policy,standard,cut,-50.0,CO,basis points,https://data.bis.org/topics/CBPOL
2020-09-01,Türkiye,Türkiye hike 200bp to 10.25%,monetary policy,major,hike,200.0,TR,basis points,https://data.bis.org/topics/CBPOL
2020-10-01,Argentina,Argentina cut 200bp to 36.0%,monetary policy,major,cut,-200.0,AR,basis points,https://data.bis.org/topics/CBPOL
2020-11-01,Iceland,Iceland cut 25bp to 0.75%,monetary policy,standard,cut,-25.0,IS,basis points,https://data.bis.org/topics/CBPOL
2020-11-01,Indonesia,Indonesia cut 25bp to 3.75%,monetary policy,standard,cut,-25.0,ID,basis points,https://data.bis.org/topics/CBPOL
2020-11-01,Türkiye,Türkiye hike 475bp to 15.0%,monetary policy,major,hike,475.0,TR,basis points,https://data.bis.org/topics/CBPOL
2020-11-01,Argentina,Argentina hike 200bp to 38.0%,monetary policy,major,hike,200.0,AR,basis points,https://data.bis.org/topics/CBPOL
2020-11-01,Philippines,Philippines cut 25bp to 2.0%,monetary policy,standard,cut,-25.0,PH,basis points,https://data.bis.org/topics/CBPOL
2020-11-01,Australia,Australia cut 15bp to 0.1%,monetary policy,minor,cut,-15.0,AU,basis points,https://data.bis.org/topics/CBPOL
2020-12-01,Türkiye,Türkiye hike 200bp to 17.0%,monetary policy,major,hike,200.0,TR,basis points,https://data.bis.org/topics/CBPOL
2020-12-01,Serbia,Serbia cut 25bp to 1.0%,monetary policy,standard,cut,-25.0,RS,basis points,https://data.bis.org/topics/CBPOL
2021-01-01,Romania,Romania cut 25bp to 1.25%,monetary policy,standard,cut,-25.0,RO,basis points,https://data.bis.org/topics/CBPOL
2021-02-01,Indonesia,Indonesia cut 25bp to 3.5%,monetary policy,standard,cut,-25.0,ID,basis points,https://data.bis.org/topics/CBPOL
2021-02-01,Mexico,Mexico cut 25bp to 4.0%,monetary policy,standard,cut,-25.0,MX,basis points,https://data.bis.org/topics/CBPOL
2021-03-01,Russia,Russia hike 25bp to 4.5%,monetary policy,standard,hike,25.0,RU,basis points,https://data.bis.org/topics/CBPOL
2021-03-01,North Macedonia,North Macedonia cut 25bp to 1.25%,monetary policy,standard,cut,-25.0,MK,basis points,https://data.bis.org/topics/CBPOL
2021-03-01,Denmark,Denmark hike 10bp to -0.5%,monetary policy,minor,hike,9.999999999999998,DK,basis points,https://data.bis.org/topics/CBPOL
2021-03-01,Türkiye,Türkiye hike 200bp to 19.0%,monetary policy,major,hike,200.0,TR,basis points,https://data.bis.org/topics/CBPOL
2021-03-01,Brazil,Brazil hike 75bp to 2.75%,monetary policy,major,hike,75.0,BR,basis points,https://data.bis.org/topics/CBPOL
2021-04-01,Russia,Russia hike 50bp to 5.0%,monetary policy,standard,hike,50.0,RU,basis points,https://data.bis.org/topics/CBPOL
2021-05-01,Brazil,Brazil hike 75bp to 3.5%,monetary policy,major,hike,75.0,BR,basis points,https://data.bis.org/topics/CBPOL
2021-05-01,Iceland,Iceland hike 25bp to 1.0%,monetary policy,standard,hike,25.0,IS,basis points,https://data.bis.org/topics/CBPOL
2021-06-01,Mexico,Mexico hike 25bp to 4.25%,monetary policy,standard,hike,25.0,MX,basis points,https://data.bis.org/topics/CBPOL
2021-06-01,Hungary,Hungary hike 30bp to 0.9%,monetary policy,standard,hike,30.000000000000004,HU,basis points,https://data.bis.org/topics/CBPOL
2021-06-01,Brazil,Brazil hike 75bp to 4.25%,monetary policy,major,hike,75.0,BR,basis points,https://data.bis.org/topics/CBPOL
2021-06-01,Czechia,Czechia hike 25bp to 0.5%,monetary policy,standard,hike,25.0,CZ,basis points,https://data.bis.org/topics/CBPOL
2021-06-01,Russia,Russia hike 50bp to 5.5%,monetary policy,standard,hike,50.0,RU,basis points,https://data.bis.org/topics/CBPOL
2021-07-01,Russia,Russia hike 100bp to 6.5%,monetary policy,major,hike,100.0,RU,basis points,https://data.bis.org/topics/CBPOL
2021-07-01,Hungary,Hungary hike 30bp to 1.2%,monetary policy,standard,hike,29.999999999999993,HU,basis points,https://data.bis.org/topics/CBPOL
2021-07-01,Chile,Chile hike 25bp to 0.75%,monetary policy,standard,hike,25.0,CL,basis points,https://data.bis.org/topics/CBPOL
2021-08-01,Hungary,Hungary hike 30bp to 1.5%,monetary policy,standard,hike,30.000000000000004,HU,basis points,https://data.bis.org/topics/CBPOL
2021-08-01,Mexico,Mexico hike 25bp to 4.5%,monetary policy,standard,hike,25.0,MX,basis points,https://data.bis.org/topics/CBPOL
2021-08-01,Iceland,Iceland hike 25bp to 1.25%,monetary policy,standard,hike,25.0,IS,basis points,https://data.bis.org/topics/CBPOL
2021-08-01,Brazil,Brazil hike 100bp to 5.25%,monetary policy,major,hike,100.0,BR,basis points,https://data.bis.org/topics/CBPOL
2021-08-01,Czechia,Czechia hike 25bp to 0.75%,monetary policy,standard,hike,25.0,CZ,basis points,https://data.bis.org/topics/CBPOL
2021-08-01,Peru,Peru hike 25bp to 0.5%,monetary policy,standard,hike,25.0,PE,basis points,https://data.bis.org/topics/CBPOL
2021-08-01,Korea,Korea hike 25bp to 0.75%,monetary policy,standard,hike,25.0,KR,basis points,https://data.bis.org/topics/CBPOL
2021-09-01,Türkiye,Türkiye cut 100bp to 18.0%,monetary policy,major,cut,-100.0,TR,basis points,https://data.bis.org/topics/CBPOL
2021-09-01,Chile,Chile hike 75bp to 1.5%,monetary policy,major,hike,75.0,CL,basis points,https://data.bis.org/topics/CBPOL
2021-09-01,Norway,Norway hike 25bp to 0.25%,monetary policy,standard,hike,25.0,NO,basis points,https://data.bis.org/topics/CBPOL
2021-09-01,Brazil,Brazil hike 100bp to 6.25%,monetary policy,major,hike,100.0,BR,basis points,https://data.bis.org/topics/CBPOL
2021-09-01,Peru,Peru hike 50bp to 1.0%,monetary policy,standard,hike,50.0,PE,basis points,https://data.bis.org/topics/CBPOL
2021-09-01,Russia,Russia hike 25bp to 6.75%,monetary policy,standard,hike,25.0,RU,basis points,https://data.bis.org/topics/CBPOL
2021-09-01,Hungary,Hungary hike 15bp to 1.65%,monetary policy,minor,hike,14.999999999999991,HU,basis points,https://data.bis.org/topics/CBPOL
2021-10-01,Romania,Romania hike 25bp to 1.5%,monetary policy,standard,hike,25.0,RO,basis points,https://data.bis.org/topics/CBPOL
2021-10-01,Czechia,Czechia hike 75bp to 1.5%,monetary policy,major,hike,75.0,CZ,basis points,https://data.bis.org/topics/CBPOL
2021-10-01,Brazil,Brazil hike 150bp to 7.75%,monetary policy,major,hike,150.0,BR,basis points,https://data.bis.org/topics/CBPOL
2021-10-01,New Zealand,New Zealand hike 25bp to 0.5%,monetary policy,standard,hike,25.0,NZ,basis points,https://data.bis.org/topics/CBPOL
2021-10-01,Chile,Chile hike 125bp to 2.75%,monetary policy,major,hike,125.0,CL,basis points,https://data.bis.org/topics/CBPOL
2021-10-01,Peru,Peru hike 50bp to 1.5%,monetary policy,standard,hike,50.0,PE,basis points,https://data.bis.org/topics/CBPOL
2021-10-01,Colombia,Colombia hike 25bp to 2.0%,monetary policy,standard,hike,25.0,CO,basis points,https://data.bis.org/topics/CBPOL
2021-10-01,Poland,Poland hike 40bp to 0.5%,monetary policy,standard,hike,40.0,PL,basis points,https://data.bis.org/topics/CBPOL
2021-10-01,Russia,Russia hike 75bp to 7.5%,monetary policy,major,hike,75.0,RU,basis points,https://data.bis.org/topics/CBPOL
2021-10-01,Denmark,Denmark cut 10bp to -0.6%,monetary policy,minor,cut,-9.999999999999998,DK,basis points,https://data.bis.org/topics/CBPOL
2021-10-01,Iceland,Iceland hike 25bp to 1.5%,monetary policy,standard,hike,25.0,IS,basis points,https://data.bis.org/topics/CBPOL
2021-10-01,Türkiye,Türkiye cut 200bp to 16.0%,monetary policy,major,cut,-200.0,TR,basis points,https://data.bis.org/topics/CBPOL
2021-10-01,Hungary,Hungary hike 15bp to 1.8%,monetary policy,minor,hike,15.000000000000014,HU,basis points,https://data.bis.org/topics/CBPOL
2021-10-01,Mexico,Mexico hike 25bp to 4.75%,monetary policy,standard,hike,25.0,MX,basis points,https://data.bis.org/topics/CBPOL
2021-11-01,Korea,Korea hike 25bp to 1.0%,monetary policy,standard,hike,25.0,KR,basis points,https://data.bis.org/topics/CBPOL
2021-11-01,Mexico,Mexico hike 25bp to 5.0%,monetary policy,standard,hike,25.0,MX,basis points,https://data.bis.org/topics/CBPOL
2021-11-01,Poland,Poland hike 75bp to 1.25%,monetary policy,major,hike,75.0,PL,basis points,https://data.bis.org/topics/CBPOL
2021-11-01,Colombia,Colombia hike 50bp to 2.5%,monetary policy,standard,hike,50.0,CO,basis points,https://data.bis.org/topics/CBPOL
2021-11-01,Peru,Peru hike 50bp to 2.0%,monetary policy,standard,hike,50.0,PE,basis points,https://data.bis.org/topics/CBPOL
2021-11-01,New Zealand,New Zealand hike 25bp to 0.75%,monetary policy,standard,hike,25.0,NZ,basis points,https://data.bis.org/topics/CBPOL
2021-11-01,Czechia,Czechia hike 125bp to 2.75%,monetary policy,major,hike,125.0,CZ,basis points,https://data.bis.org/topics/CBPOL
2021-11-01,Iceland,Iceland hike 50bp to 2.0%,monetary policy,standard,hike,50.0,IS,basis points,https://data.bis.org/topics/CBPOL
2021-11-01,Hungary,Hungary hike 30bp to 2.1%,monetary policy,standard,hike,30.000000000000004,HU,basis points,https://data.bis.org/topics/CBPOL
2021-11-01,Türkiye,Türkiye cut 100bp to 15.0%,monetary policy,major,cut,-100.0,TR,basis points,https://data.bis.org/topics/CBPOL
2021-11-01,Romania,Romania hike 25bp to 1.75%,monetary policy,standard,hike,25.0,RO,basis points,https://data.bis.org/topics/CBPOL
2021-11-01,South Africa,South Africa hike 25bp to 3.75%,monetary policy,standard,hike,25.0,ZA,basis points,https://data.bis.org/topics/CBPOL
2021-12-01,Poland,Poland hike 50bp to 1.75%,monetary policy,standard,hike,50.0,PL,basis points,https://data.bis.org/topics/CBPOL
2021-12-01,Mexico,Mexico hike 50bp to 5.5%,monetary policy,standard,hike,50.0,MX,basis points,https://data.bis.org/topics/CBPOL
2021-12-01,Hungary,Hungary hike 30bp to 2.4%,monetary policy,standard,hike,29.999999999999982,HU,basis points,https://data.bis.org/topics/CBPOL
2021-12-01,Peru,Peru hike 50bp to 2.5%,monetary policy,standard,hike,50.0,PE,basis points,https://data.bis.org/topics/CBPOL
2021-12-01,Russia,Russia hike 100bp to 8.5%,monetary policy,major,hike,100.0,RU,basis points,https://data.bis.org/topics/CBPOL
2021-12-01,Czechia,Czechia hike 100bp to 3.75%,monetary policy,major,hike,100.0,CZ,basis points,https://data.bis.org/topics/CBPOL
2021-12-01,United Kingdom,United Kingdom hike 15bp to 0.25%,monetary policy,minor,hike,15.0,GB,basis points,https://data.bis.org/topics/CBPOL
2021-12-01,Colombia,Colombia hike 50bp to 3.0%,monetary policy,standard,hike,50.0,CO,basis points,https://data.bis.org/topics/CBPOL
2021-12-01,China,China cut 5bp to 3.8%,monetary policy,minor,cut,-5.000000000000027,CN,basis points,https://data.bis.org/topics/CBPOL
2021-12-01,Brazil,Brazil hike 150bp to 9.25%,monetary policy,major,hike,150.0,BR,basis points,https://data.bis.org/topics/CBPOL
2021-12-01,Norway,Norway hike 25bp to 0.5%,monetary policy,standard,hike,25.0,NO,basis points,https://data.bis.org/topics/CBPOL
2021-12-01,Chile,Chile hike 125bp to 4.0%,monetary policy,major,hike,125.0,CL,basis points,https://data.bis.org/topics/CBPOL
2021-12-01,Türkiye,Türkiye cut 100bp to 14.0%,monetary policy,major,cut,-100.0,TR,basis points,https://data.bis.org/topics/CBPOL
2022-01-01,South Africa,South Africa hike 25bp to 4.0%,monetary policy,standard,hike,25.0,ZA,basis points,https://data.bis.org/topics/CBPOL
2022-01-01,Colombia,Colombia hike 100bp to 4.0%,monetary policy,major,hike,100.0,CO,basis points,https://data.bis.org/topics/CBPOL
2022-01-01,China,China cut 10bp to 3.7%,monetary policy,minor,cut,-9.999999999999964,CN,basis points,https://data.bis.org/topics/CBPOL
2022-01-01,Chile,Chile hike 150bp to 5.5%,monetary policy,major,hike,150.0,CL,basis points,https://data.bis.org/topics/CBPOL
2022-01-01,Poland,Poland hike 50bp to 2.25%,monetary policy,standard,hike,50.0,PL,basis points,https://data.bis.org/topics/CBPOL
2022-01-01,Peru,Peru hike 50bp to 3.0%,monetary policy,standard,hike,50.0,PE,basis points,https://data.bis.org/topics/CBPOL
2022-01-01,Romania,Romania hike 25bp to 2.0%,monetary policy,standard,hike,25.0,RO,basis points,https://data.bis.org/topics/CBPOL
2022-01-01,Argentina,Argentina hike 200bp to 40.0%,monetary policy,major,hike,200.0,AR,basis points,https://data.bis.org/topics/CBPOL
2022-01-01,Korea,Korea hike 25bp to 1.25%,monetary policy,standard,hike,25.0,KR,basis points,https://data.bis.org/topics/CBPOL
2022-01-01,Hungary,Hungary hike 50bp to 2.9%,monetary policy,standard,hike,50.0,HU,basis points,https://data.bis.org/topics/CBPOL
2022-02-01,New Zealand,New Zealand hike 25bp to 1.0%,monetary policy,standard,hike,25.0,NZ,basis points,https://data.bis.org/topics/CBPOL
2022-02-01,Poland,Poland hike 50bp to 2.75%,monetary policy,standard,hike,50.0,PL,basis points,https://data.bis.org/topics/CBPOL
2022-02-01,United Kingdom,United Kingdom hike 25bp to 0.5%,monetary policy,standard,hike,25.0,GB,basis points,https://data.bis.org/topics/CBPOL
2022-02-01,Mexico,Mexico hike 50bp to 6.0%,monetary policy,standard,hike,50.0,MX,basis points,https://data.bis.org/topics/CBPOL
2022-02-01,Russia,Russia hike 1150bp to 20.0%,monetary policy,major,hike,1150.0,RU,basis points,https://data.bis.org/topics/CBPOL
2022-02-01,Argentina,Argentina hike 250bp to 42.5%,monetary policy,major,hike,250.0,AR,basis points,https://data.bis.org/topics/CBPOL
2022-02-01,Peru,Peru hike 50bp to 3.5%,monetary policy,standard,hike,50.0,PE,basis points,https://data.bis.org/topics/CBPOL
2022-02-01,Czechia,Czechia hike 75bp to 4.5%,monetary policy,major,hike,75.0,CZ,basis points,https://data.bis.org/topics/CBPOL
2022-02-01,Hungary,Hungary hike 50bp to 3.4%,monetary policy,standard,hike,50.0,HU,basis points,https://data.bis.org/topics/CBPOL
2022-02-01,Romania,Romania hike 50bp to 2.5%,monetary policy,standard,hike,50.0,RO,basis points,https://data.bis.org/topics/CBPOL
2022-02-01,Iceland,Iceland hike 75bp to 2.75%,monetary policy,major,hike,75.0,IS,basis points,https://data.bis.org/topics/CBPOL
2022-02-01,Brazil,Brazil hike 150bp to 10.75%,monetary policy,major,hike,150.0,BR,basis points,https://data.bis.org/topics/CBPOL
2022-03-01,South Africa,South Africa hike 25bp to 4.25%,monetary policy,standard,hike,25.0,ZA,basis points,https://data.bis.org/topics/CBPOL
2022-03-01,Saudi Arabia,Saudi Arabia hike 25bp to 1.25%,monetary policy,standard,hike,25.0,SA,basis points,https://data.bis.org/topics/CBPOL
2022-03-01,Hong Kong SAR,Hong Kong SAR hike 25bp to 0.75%,monetary policy,standard,hike,25.0,HK,basis points,https://data.bis.org/topics/CBPOL
2022-03-01,Argentina,Argentina hike 200bp to 44.5%,monetary policy,major,hike,200.0,AR,basis points,https://data.bis.org/topics/CBPOL
2022-03-01,Norway,Norway hike 25bp to 0.75%,monetary policy,standard,hike,25.0,NO,basis points,https://data.bis.org/topics/CBPOL
2022-03-01,United Kingdom,United Kingdom hike 25bp to 0.75%,monetary policy,standard,hike,25.0,GB,basis points,https://data.bis.org/topics/CBPOL
2022-03-01,Brazil,Brazil hike 100bp to 11.75%,monetary policy,major,hike,100.0,BR,basis points,https://data.bis.org/topics/CBPOL
2022-03-01,Peru,Peru hike 50bp to 4.0%,monetary policy,standard,hike,50.0,PE,basis points,https://data.bis.org/topics/CBPOL
2022-03-01,Poland,Poland hike 75bp to 3.5%,monetary policy,major,hike,75.0,PL,basis points,https://data.bis.org/topics/CBPOL
2022-03-01,Hungary,Hungary hike 100bp to 4.4%,monetary policy,major,hike,100.00000000000004,HU,basis points,https://data.bis.org/topics/CBPOL
2022-03-01,United States,United States hike 25bp to 0.38%,monetary policy,standard,hike,25.0,US,basis points,https://data.bis.org/topics/CBPOL
2022-03-01,Kuwait,Kuwait hike 25bp to 1.75%,monetary policy,standard,hike,25.0,KW,basis points,https://data.bis.org/topics/CBPOL
2022-03-01,Chile,Chile hike 150bp to 7.0%,monetary policy,major,hike,150.0,CL,basis points,https://data.bis.org/topics/CBPOL
2022-03-01,Canada,Canada hike 25bp to 0.5%,monetary policy,standard,hike,25.0,CA,basis points,https://data.bis.org/topics/CBPOL
2022-03-01,Mexico,Mexico hike 50bp to 6.5%,monetary policy,standard,hike,50.0,MX,basis points,https://data.bis.org/topics/CBPOL
2022-03-01,Croatia,Croatia cut 5bp to 0.05%,monetary policy,minor,cut,-5.0,HR,basis points,https://data.bis.org/topics/CBPOL
2022-04-01,Czechia,Czechia hike 50bp to 5.0%,monetary policy,standard,hike,50.0,CZ,basis points,https://data.bis.org/topics/CBPOL
2022-04-01,Israel,Israel hike 25bp to 0.35%,monetary policy,minor,hike,24.999999999999996,IL,basis points,https://data.bis.org/topics/CBPOL
2022-04-01,Peru,Peru hike 50bp to 4.5%,monetary policy,standard,hike,50.0,PE,basis points,https://data.bis.org/topics/CBPOL
2022-04-01,Canada,Canada hike 50bp to 1.0%,monetary policy,standard,hike,50.0,CA,basis points,https://data.bis.org/topics/CBPOL
2022-04-01,North Macedonia,North Macedonia hike 25bp to 1.5%,monetary policy,standard,hike,25.0,MK,basis points,https://data.bis.org/topics/CBPOL
2022-04-01,Hungary,Hungary hike 100bp to 5.4%,monetary policy,major,hike,100.0,HU,basis points,https://data.bis.org/topics/CBPOL
2022-04-01,New Zealand,New Zealand hike 50bp to 1.5%,monetary policy,standard,hike,50.0,NZ,basis points,https://data.bis.org/topics/CBPOL
2022-04-01,Colombia,Colombia hike 100bp to 5.0%,monetary policy,major,hike,100.0,CO,basis points,https://data.bis.org/topics/CBPOL
2022-04-01,Korea,Korea hike 25bp to 1.5%,monetary policy,standard,hike,25.0,KR,basis points,https://data.bis.org/topics/CBPOL
2022-04-01,Poland,Poland hike 100bp to 4.5%,monetary policy,major,hike,100.0,PL,basis points,https://data.bis.org/topics/CBPOL
2022-04-01,Romania,Romania hike 50bp to 3.0%,monetary policy,standard,hike,50.0,RO,basis points,https://data.bis.org/topics/CBPOL
2022-04-01,Croatia,Croatia cut 5bp to 0.0%,monetary policy,minor,cut,-5.0,HR,basis points,https://data.bis.org/topics/CBPOL
2022-04-01,Argentina,Argentina hike 250bp to 47.0%,monetary policy,major,hike,250.0,AR,basis points,https://data.bis.org/topics/CBPOL
2022-04-01,Russia,Russia cut 300bp to 17.0%,monetary policy,major,cut,-300.0,RU,basis points,https://data.bis.org/topics/CBPOL
2022-04-01,Serbia,Serbia hike 50bp to 1.5%,monetary policy,standard,hike,50.0,RS,basis points,https://data.bis.org/topics/CBPOL
2022-05-01,Czechia,Czechia hike 75bp to 5.75%,monetary policy,major,hike,75.0,CZ,basis points,https://data.bis.org/topics/CBPOL
2022-05-01,Russia,Russia cut 600bp to 11.0%,monetary policy,major,cut,-600.0,RU,basis points,https://data.bis.org/topics/CBPOL
2022-05-01,United Kingdom,United Kingdom hike 25bp to 1.0%,monetary policy,standard,hike,25.0,GB,basis points,https://data.bis.org/topics/CBPOL
2022-05-01,Colombia,Colombia hike 100bp to 6.0%,monetary policy,major,hike,100.0,CO,basis points,https://data.bis.org/topics/CBPOL
2022-05-01,Saudi Arabia,Saudi Arabia hike 50bp to 1.75%,monetary policy,standard,hike,50.0,SA,basis points,https://data.bis.org/topics/CBPOL
2022-05-01,Brazil,Brazil hike 100bp to 12.75%,monetary policy,major,hike,100.0,BR,basis points,https://data.bis.org/topics/CBPOL
2022-05-01,Romania,Romania hike 75bp to 3.75%,monetary policy,major,hike,75.0,RO,basis points,https://data.bis.org/topics/CBPOL
2022-05-01,New Zealand,New Zealand hike 50bp to 2.0%,monetary policy,standard,hike,50.0,NZ,basis points,https://data.bis.org/topics/CBPOL
2022-05-01,Iceland,Iceland hike 100bp to 3.75%,monetary policy,major,hike,100.0,IS,basis points,https://data.bis.org/topics/CBPOL
2022-05-01,Kuwait,Kuwait hike 25bp to 2.0%,monetary policy,standard,hike,25.0,KW,basis points,https://data.bis.org/topics/CBPOL
2022-05-01,Hong Kong SAR,Hong Kong SAR hike 50bp to 1.25%,monetary policy,standard,hike,50.0,HK,basis points,https://data.bis.org/topics/CBPOL
2022-05-01,Serbia,Serbia hike 50bp to 2.0%,monetary policy,standard,hike,50.0,RS,basis points,https://data.bis.org/topics/CBPOL
2022-05-01,Israel,Israel hike 40bp to 0.75%,monetary policy,standard,hike,40.0,IL,basis points,https://data.bis.org/topics/CBPOL
2022-05-01,India,India hike 40bp to 4.4%,monetary policy,standard,hike,40.000000000000036,IN,basis points,https://data.bis.org/topics/CBPOL
2022-05-01,United States,United States hike 50bp to 0.88%,monetary policy,standard,hike,50.0,US,basis points,https://data.bis.org/topics/CBPOL
2022-05-01,Mexico,Mexico hike 50bp to 7.0%,monetary policy,standard,hike,50.0,MX,basis points,https://data.bis.org/topics/CBPOL
2022-05-01,Australia,Australia hike 25bp to 0.35%,monetary policy,minor,hike,24.999999999999996,AU,basis points,https://data.bis.org/topics/CBPOL
2022-05-01,Malaysia,Malaysia hike 25bp to 2.0%,monetary policy,standard,hike,25.0,MY,basis points,https://data.bis.org/topics/CBPOL
2022-05-01,South Africa,South Africa hike 50bp to 4.75%,monetary policy,standard,hike,50.0,ZA,basis points,https://data.bis.org/topics/CBPOL
2022-05-01,Peru,Peru hike 50bp to 5.0%,monetary policy,standard,hike,50.0,PE,basis points,https://data.bis.org/topics/CBPOL
2022-05-01,Sweden,Sweden hike 25bp to 0.25%,monetary policy,standard,hike,25.0,SE,basis points,https://data.bis.org/topics/CBPOL
2022-05-01,Chile,Chile hike 125bp to 8.25%,monetary policy,major,hike,125.0,CL,basis points,https://data.bis.org/topics/CBPOL
2022-05-01,Korea,Korea hike 25bp to 1.75%,monetary policy,standard,hike,25.0,KR,basis points,https://data.bis.org/topics/CBPOL
2022-05-01,Philippines,Philippines hike 25bp to 2.25%,monetary policy,standard,hike,25.0,PH,basis points,https://data.bis.org/topics/CBPOL
2022-05-01,Argentina,Argentina hike 200bp to 49.0%,monetary policy,major,hike,200.0,AR,basis points,https://data.bis.org/topics/CBPOL
2022-05-01,Poland,Poland hike 75bp to 5.25%,monetary policy,major,hike,75.0,PL,basis points,https://data.bis.org/topics/CBPOL
2022-05-01,North Macedonia,North Macedonia hike 25bp to 1.75%,monetary policy,standard,hike,25.0,MK,basis points,https://data.bis.org/topics/CBPOL
2022-06-01,Russia,Russia cut 150bp to 9.5%,monetary policy,major,cut,-150.0,RU,basis points,https://data.bis.org/topics/CBPOL
2022-06-01,Canada,Canada hike 50bp to 1.5%,monetary policy,standard,hike,50.0,CA,basis points,https://data.bis.org/topics/CBPOL
2022-06-01,North Macedonia,North Macedonia hike 25bp to 2.0%,monetary policy,standard,hike,25.0,MK,basis points,https://data.bis.org/topics/CBPOL
2022-06-01,Brazil,Brazil hike 50bp to 13.25%,monetary policy,standard,hike,50.0,BR,basis points,https://data.bis.org/topics/CBPOL
2022-06-01,Kuwait,Kuwait hike 25bp to 2.25%,monetary policy,standard,hike,25.0,KW,basis points,https://data.bis.org/topics/CBPOL
2022-06-01,Chile,Chile hike 75bp to 9.0%,monetary policy,major,hike,75.0,CL,basis points,https://data.bis.org/topics/CBPOL
2022-06-01,United States,United States hike 75bp to 1.62%,monetary policy,major,hike,75.0,US,basis points,https://data.bis.org/topics/CBPOL
2022-06-01,Mexico,Mexico hike 75bp to 7.75%,monetary policy,major,hike,75.0,MX,basis points,https://data.bis.org/topics/CBPOL
2022-06-01,United Kingdom,United Kingdom hike 25bp to 1.25%,monetary policy,standard,hike,25.0,GB,basis points,https://data.bis.org/topics/CBPOL
2022-06-01,Hong Kong SAR,Hong Kong SAR hike 75bp to 2.0%,monetary policy,major,hike,75.0,HK,basis points,https://data.bis.org/topics/CBPOL
2022-06-01,Philippines,Philippines hike 25bp to 2.5%,monetary policy,standard,hike,25.0,PH,basis points,https://data.bis.org/topics/CBPOL
2022-06-01,Czechia,Czechia hike 125bp to 7.0%,monetary policy,major,hike,125.0,CZ,basis points,https://data.bis.org/topics/CBPOL
2022-06-01,Hungary,Hungary hike 235bp to 7.75%,monetary policy,major,hike,234.99999999999997,HU,basis points,https://data.bis.org/topics/CBPOL
2022-06-01,Peru,Peru hike 50bp to 5.5%,monetary policy,standard,hike,50.0,PE,basis points,https://data.bis.org/topics/CBPOL
2022-06-01,Argentina,Argentina hike 300bp to 52.0%,monetary policy,major,hike,300.0,AR,basis points,https://data.bis.org/topics/CBPOL
2022-06-01,Serbia,Serbia hike 50bp to 2.5%,monetary policy,standard,hike,50.0,RS,basis points,https://data.bis.org/topics/CBPOL
2022-06-01,Iceland,Iceland hike 100bp to 4.75%,monetary policy,major,hike,100.0,IS,basis points,https://data.bis.org/topics/CBPOL
2022-06-01,Saudi Arabia,Saudi Arabia hike 50bp to 2.25%,monetary policy,standard,hike,50.0,SA,basis points,https://data.bis.org/topics/CBPOL
2022-06-01,Switzerland,Switzerland hike 50bp to -0.25%,monetary policy,standard,hike,50.0,CH,basis points,https://data.bis.org/topics/CBPOL
2022-06-01,Australia,Australia hike 50bp to 0.85%,monetary policy,standard,hike,50.0,AU,basis points,https://data.bis.org/topics/CBPOL
2022-06-01,Norway,Norway hike 50bp to 1.25%,monetary policy,standard,hike,50.0,NO,basis points,https://data.bis.org/topics/CBPOL
2022-06-01,India,India hike 50bp to 4.9%,monetary policy,standard,hike,50.0,IN,basis points,https://data.bis.org/topics/CBPOL
2022-06-01,Poland,Poland hike 75bp to 6.0%,monetary policy,major,hike,75.0,PL,basis points,https://data.bis.org/topics/CBPOL
2022-07-01,Peru,Peru hike 50bp to 6.0%,monetary policy,standard,hike,50.0,PE,basis points,https://data.bis.org/topics/CBPOL
2022-07-01,Australia,Australia hike 50bp to 1.35%,monetary policy,standard,hike,50.000000000000014,AU,basis points,https://data.bis.org/topics/CBPOL
2022-07-01,Euro area,Euro area hike 50bp to 0.5%,monetary policy,standard,hike,50.0,XM,basis points,https://data.bis.org/topics/CBPOL
2022-07-01,United States,United States hike 75bp to 2.38%,monetary policy,major,hike,75.0,US,basis points,https://data.bis.org/topics/CBPOL
2022-07-01,North Macedonia,North Macedonia hike 50bp to 2.5%,monetary policy,standard,hike,50.0,MK,basis points,https://data.bis.org/topics/CBPOL
2022-07-01,Romania,Romania hike 100bp to 4.75%,monetary policy,major,hike,100.0,RO,basis points,https://data.bis.org/topics/CBPOL
2022-07-01,Russia,Russia cut 150bp to 8.0%,monetary policy,major,cut,-150.0,RU,basis points,https://data.bis.org/topics/CBPOL
2022-07-01,Kuwait,Kuwait hike 25bp to 2.5%,monetary policy,standard,hike,25.0,KW,basis points,https://data.bis.org/topics/CBPOL
2022-07-01,Hong Kong SAR,Hong Kong SAR hike 75bp to 2.75%,monetary policy,major,hike,75.0,HK,basis points,https://data.bis.org/topics/CBPOL
2022-07-01,Chile,Chile hike 75bp to 9.75%,monetary policy,major,hike,75.0,CL,basis points,https://data.bis.org/topics/CBPOL
2022-07-01,Serbia,Serbia hike 25bp to 2.75%,monetary policy,standard,hike,25.0,RS,basis points,https://data.bis.org/topics/CBPOL
2022-07-01,Korea,Korea hike 50bp to 2.25%,monetary policy,standard,hike,50.0,KR,basis points,https://data.bis.org/topics/CBPOL
2022-07-01,Israel,Israel hike 50bp to 1.25%,monetary policy,standard,hike,50.0,IL,basis points,https://data.bis.org/topics/CBPOL
2022-07-01,Hungary,Hungary hike 300bp to 10.75%,monetary policy,major,hike,300.0,HU,basis points,https://data.bis.org/topics/CBPOL
2022-07-01,Malaysia,Malaysia hike 25bp to 2.25%,monetary policy,standard,hike,25.0,MY,basis points,https://data.bis.org/topics/CBPOL
2022-07-01,New Zealand,New Zealand hike 50bp to 2.5%,monetary policy,standard,hike,50.0,NZ,basis points,https://data.bis.org/topics/CBPOL
2022-07-01,Philippines,Philippines hike 75bp to 3.25%,monetary policy,major,hike,75.0,PH,basis points,https://data.bis.org/topics/CBPOL
2022-07-01,Saudi Arabia,Saudi Arabia hike 75bp to 3.0%,monetary policy,major,hike,75.0,SA,basis points,https://data.bis.org/topics/CBPOL
2022-07-01,Colombia,Colombia hike 150bp to 7.5%,monetary policy,major,hike,150.0,CO,basis points,https://data.bis.org/topics/CBPOL
2022-07-01,Denmark,Denmark hike 50bp to -0.1%,monetary policy,standard,hike,50.0,DK,basis points,https://data.bis.org/topics/CBPOL
2022-07-01,Poland,Poland hike 50bp to 6.5%,monetary policy,standard,hike,50.0,PL,basis points,https://data.bis.org/topics/CBPOL
2022-07-01,Canada,Canada hike 100bp to 2.5%,monetary policy,major,hike,100.0,CA,basis points,https://data.bis.org/topics/CBPOL
2022-07-01,Sweden,Sweden hike 50bp to 0.75%,monetary policy,standard,hike,50.0,SE,basis points,https://data.bis.org/topics/CBPOL
2022-07-01,Argentina,Argentina hike 800bp to 60.0%,monetary policy,major,hike,800.0,AR,basis points,https://data.bis.org/topics/CBPOL
2022-07-01,South Africa,South Africa hike 75bp to 5.5%,monetary policy,major,hike,75.0,ZA,basis points,https://data.bis.org/topics/CBPOL
2022-08-01,Australia,Australia hike 50bp to 1.85%,monetary policy,standard,hike,50.0,AU,basis points,https://data.bis.org/topics/CBPOL
2022-08-01,Norway,Norway hike 50bp to 1.75%,monetary policy,standard,hike,50.0,NO,basis points,https://data.bis.org/topics/CBPOL
2022-08-01,Israel,Israel hike 75bp to 2.0%,monetary policy,major,hike,75.0,IL,basis points,https://data.bis.org/topics/CBPOL
2022-08-01,Brazil,Brazil hike 50bp to 13.75%,monetary policy,standard,hike,50.0,BR,basis points,https://data.bis.org/topics/CBPOL
2022-08-01,Kuwait,Kuwait hike 25bp to 2.75%,monetary policy,standard,hike,25.0,KW,basis points,https://data.bis.org/topics/CBPOL
2022-08-01,New Zealand,New Zealand hike 50bp to 3.0%,monetary policy,standard,hike,50.0,NZ,basis points,https://data.bis.org/topics/CBPOL
2022-08-01,Philippines,Philippines hike 50bp to 3.75%,monetary policy,standard,hike,50.0,PH,basis points,https://data.bis.org/topics/CBPOL
2022-08-01,Argentina,Argentina hike 950bp to 69.5%,monetary policy,major,hike,950.0,AR,basis points,https://data.bis.org/topics/CBPOL
2022-08-01,Hungary,Hungary hike 100bp to 11.75%,monetary policy,major,hike,100.0,HU,basis points,https://data.bis.org/topics/CBPOL
2022-08-01,United Kingdom,United Kingdom hike 50bp to 1.75%,monetary policy,standard,hike,50.0,GB,basis points,https://data.bis.org/topics/CBPOL
2022-08-01,India,India hike 50bp to 5.4%,monetary policy,standard,hike,50.0,IN,basis points,https://data.bis.org/topics/CBPOL
2022-08-01,Serbia,Serbia hike 25bp to 3.0%,monetary policy,standard,hike,25.0,RS,basis points,https://data.bis.org/topics/CBPOL
2022-08-01,Iceland,Iceland hike 75bp to 5.5%,monetary policy,major,hike,75.0,IS,basis points,https://data.bis.org/topics/CBPOL
2022-08-01,Peru,Peru hike 50bp to 6.5%,monetary policy,standard,hike,50.0,PE,basis points,https://data.bis.org/topics/CBPOL
2022-08-01,Colombia,Colombia hike 150bp to 9.0%,monetary policy,major,hike,150.0,CO,basis points,https://data.bis.org/topics/CBPOL
2022-08-01,China,China cut 5bp to 3.65%,monetary policy,minor,cut,-5.000000000000027,CN,basis points,https://data.bis.org/topics/CBPOL
2022-08-01,Korea,Korea hike 25bp to 2.5%,monetary policy,standard,hike,25.0,KR,basis points,https://data.bis.org/topics/CBPOL
2022-08-01,Türkiye,Türkiye cut 100bp to 13.0%,monetary policy,major,cut,-100.0,TR,basis points,https://data.bis.org/topics/CBPOL
2022-08-01,Thailand,Thailand hike 25bp to 0.75%,monetary policy,standard,hike,25.0,TH,basis points,https://data.bis.org/topics/CBPOL
2022-08-01,Indonesia,Indonesia hike 25bp to 3.75%,monetary policy,standard,hike,25.0,ID,basis points,https://data.bis.org/topics/CBPOL
2022-08-01,Mexico,Mexico hike 75bp to 8.5%,monetary policy,major,hike,75.0,MX,basis points,https://data.bis.org/topics/CBPOL
2022-08-01,Romania,Romania hike 75bp to 5.5%,monetary policy,major,hike,75.0,RO,basis points,https://data.bis.org/topics/CBPOL
2022-09-01,Euro area,Euro area hike 75bp to 1.25%,monetary policy,major,hike,75.0,XM,basis points,https://data.bis.org/topics/CBPOL
2022-09-01,Malaysia,Malaysia hike 25bp to 2.5%,monetary policy,standard,hike,25.0,MY,basis points,https://data.bis.org/topics/CBPOL
2022-09-01,South Africa,South Africa hike 75bp to 6.25%,monetary policy,major,hike,75.0,ZA,basis points,https://data.bis.org/topics/CBPOL
2022-09-01,Peru,Peru hike 25bp to 6.75%,monetary policy,standard,hike,25.0,PE,basis points,https://data.bis.org/topics/CBPOL
2022-09-01,Canada,Canada hike 75bp to 3.25%,monetary policy,major,hike,75.0,CA,basis points,https://data.bis.org/topics/CBPOL
2022-09-01,Switzerland,Switzerland hike 75bp to 0.5%,monetary policy,major,hike,75.0,CH,basis points,https://data.bis.org/topics/CBPOL
2022-09-01,Colombia,Colombia hike 100bp to 10.0%,monetary policy,major,hike,100.0,CO,basis points,https://data.bis.org/topics/CBPOL
2022-09-01,Morocco,Morocco hike 50bp to 2.0%,monetary policy,standard,hike,50.0,MA,basis points,https://data.bis.org/topics/CBPOL
2022-09-01,Argentina,Argentina hike 550bp to 75.0%,monetary policy,major,hike,550.0,AR,basis points,https://data.bis.org/topics/CBPOL
2022-09-01,Norway,Norway hike 50bp to 2.25%,monetary policy,standard,hike,50.0,NO,basis points,https://data.bis.org/topics/CBPOL
2022-09-01,Hong Kong SAR,Hong Kong SAR hike 75bp to 3.5%,monetary policy,major,hike,75.0,HK,basis points,https://data.bis.org/topics/CBPOL
2022-09-01,Australia,Australia hike 50bp to 2.35%,monetary policy,standard,hike,50.0,AU,basis points,https://data.bis.org/topics/CBPOL
2022-09-01,Sweden,Sweden hike 100bp to 1.75%,monetary policy,major,hike,100.0,SE,basis points,https://data.bis.org/topics/CBPOL
2022-09-01,Kuwait,Kuwait hike 25bp to 3.0%,monetary policy,standard,hike,25.0,KW,basis points,https://data.bis.org/topics/CBPOL
2022-09-01,Poland,Poland hike 25bp to 6.75%,monetary policy,standard,hike,25.0,PL,basis points,https://data.bis.org/topics/CBPOL
2022-09-01,Serbia,Serbia hike 50bp to 3.5%,monetary policy,standard,hike,50.0,RS,basis points,https://data.bis.org/topics/CBPOL
2022-09-01,Chile,Chile hike 100bp to 10.75%,monetary policy,major,hike,100.0,CL,basis points,https://data.bis.org/topics/CBPOL
2022-09-01,India,India hike 50bp to 5.9%,monetary policy,standard,hike,50.0,IN,basis points,https://data.bis.org/topics/CBPOL
2022-09-01,Mexico,Mexico hike 75bp to 9.25%,monetary policy,major,hike,75.0,MX,basis points,https://data.bis.org/topics/CBPOL
2022-09-01,United Kingdom,United Kingdom hike 50bp to 2.25%,monetary policy,standard,hike,50.0,GB,basis points,https://data.bis.org/topics/CBPOL
2022-09-01,Denmark,Denmark hike 75bp to 0.65%,monetary policy,major,hike,75.0,DK,basis points,https://data.bis.org/topics/CBPOL
2022-09-01,Türkiye,Türkiye cut 100bp to 12.0%,monetary policy,major,cut,-100.0,TR,basis points,https://data.bis.org/topics/CBPOL
2022-09-01,Saudi Arabia,Saudi Arabia hike 75bp to 3.75%,monetary policy,major,hike,75.0,SA,basis points,https://data.bis.org/topics/CBPOL
2022-09-01,Indonesia,Indonesia hike 50bp to 4.25%,monetary policy,standard,hike,50.0,ID,basis points,https://data.bis.org/topics/CBPOL
2022-09-01,Thailand,Thailand hike 25bp to 1.0%,monetary policy,standard,hike,25.0,TH,basis points,https://data.bis.org/topics/CBPOL
2022-09-01,Russia,Russia cut 50bp to 7.5%,monetary policy,standard,cut,-50.0,RU,basis points,https://data.bis.org/topics/CBPOL
2022-09-01,United States,United States hike 75bp to 3.12%,monetary policy,major,hike,75.0,US,basis points,https://data.bis.org/topics/CBPOL
2022-09-01,North Macedonia,North Macedonia hike 50bp to 3.0%,monetary policy,standard,hike,50.0,MK,basis points,https://data.bis.org/topics/CBPOL
2022-09-01,Philippines,Philippines hike 50bp to 4.25%,monetary policy,standard,hike,50.0,PH,basis points,https://data.bis.org/topics/CBPOL
2022-09-01,Hungary,Hungary hike 125bp to 13.0%,monetary policy,major,hike,125.0,HU,basis points,https://data.bis.org/topics/CBPOL
2022-10-01,Colombia,Colombia hike 100bp to 11.0%,monetary policy,major,hike,100.0,CO,basis points,https://data.bis.org/topics/CBPOL
2022-10-01,Korea,Korea hike 50bp to 3.0%,monetary policy,standard,hike,50.0,KR,basis points,https://data.bis.org/topics/CBPOL
2022-10-01,Peru,Peru hike 25bp to 7.0%,monetary policy,standard,hike,25.0,PE,basis points,https://data.bis.org/topics/CBPOL
2022-10-01,Türkiye,Türkiye cut 150bp to 10.5%,monetary policy,major,cut,-150.0,TR,basis points,https://data.bis.org/topics/CBPOL
2022-10-01,New Zealand,New Zealand hike 50bp to 3.5%,monetary policy,standard,hike,50.0,NZ,basis points,https://data.bis.org/topics/CBPOL
2022-10-01,Australia,Australia hike 25bp to 2.6%,monetary policy,standard,hike,25.0,AU,basis points,https://data.bis.org/topics/CBPOL
2022-10-01,Israel,Israel hike 75bp to 2.75%,monetary policy,major,hike,75.0,IL,basis points,https://data.bis.org/topics/CBPOL
2022-10-01,Denmark,Denmark hike 60bp to 1.25%,monetary policy,standard,hike,60.0,DK,basis points,https://data.bis.org/topics/CBPOL
2022-10-01,Canada,Canada hike 50bp to 3.75%,monetary policy,standard,hike,50.0,CA,basis points,https://data.bis.org/topics/CBPOL
2022-10-01,North Macedonia,North Macedonia hike 50bp to 3.5%,monetary policy,standard,hike,50.0,MK,basis points,https://data.bis.org/topics/CBPOL
2022-10-01,Serbia,Serbia hike 50bp to 4.0%,monetary policy,standard,hike,50.0,RS,basis points,https://data.bis.org/topics/CBPOL
2022-10-01,Indonesia,Indonesia hike 50bp to 4.75%,monetary policy,standard,hike,50.0,ID,basis points,https://data.bis.org/topics/CBPOL
2022-10-01,Iceland,Iceland hike 25bp to 5.75%,monetary policy,standard,hike,25.0,IS,basis points,https://data.bis.org/topics/CBPOL
2022-10-01,Chile,Chile hike 50bp to 11.25%,monetary policy,standard,hike,50.0,CL,basis points,https://data.bis.org/topics/CBPOL
2022-10-01,Romania,Romania hike 75bp to 6.25%,monetary policy,major,hike,75.0,RO,basis points,https://data.bis.org/topics/CBPOL
2022-11-01,Peru,Peru hike 25bp to 7.25%,monetary policy,standard,hike,25.0,PE,basis points,https://data.bis.org/topics/CBPOL
2022-11-01,Türkiye,Türkiye cut 150bp to 9.0%,monetary policy,major,cut,-150.0,TR,basis points,https://data.bis.org/topics/CBPOL
2022-11-01,United States,United States hike 75bp to 3.88%,monetary policy,major,hike,75.0,US,basis points,https://data.bis.org/topics/CBPOL
2022-11-01,United Kingdom,United Kingdom hike 75bp to 3.0%,monetary policy,major,hike,75.0,GB,basis points,https://data.bis.org/topics/CBPOL
2022-11-01,Philippines,Philippines hike 75bp to 5.0%,monetary policy,major,hike,75.0,PH,basis points,https://data.bis.org/topics/CBPOL
2022-11-01,Saudi Arabia,Saudi Arabia hike 75bp to 4.5%,monetary policy,major,hike,75.0,SA,basis points,https://data.bis.org/topics/CBPOL
2022-11-01,New Zealand,New Zealand hike 75bp to 4.25%,monetary policy,major,hike,75.0,NZ,basis points,https://data.bis.org/topics/CBPOL
2022-11-01,South Africa,South Africa hike 75bp to 7.0%,monetary policy,major,hike,75.0,ZA,basis points,https://data.bis.org/topics/CBPOL
2022-11-01,Sweden,Sweden hike 75bp to 2.5%,monetary policy,major,hike,75.0,SE,basis points,https://data.bis.org/topics/CBPOL
2022-11-01,Hong Kong SAR,Hong Kong SAR hike 75bp to 4.25%,monetary policy,major,hike,75.0,HK,basis points,https://data.bis.org/topics/CBPOL
2022-11-01,Iceland,Iceland hike 25bp to 6.0%,monetary policy,standard,hike,25.0,IS,basis points,https://data.bis.org/topics/CBPOL
2022-11-01,Thailand,Thailand hike 25bp to 1.25%,monetary policy,standard,hike,25.0,TH,basis points,https://data.bis.org/topics/CBPOL
2022-11-01,Mexico,Mexico hike 75bp to 10.0%,monetary policy,major,hike,75.0,MX,basis points,https://data.bis.org/topics/CBPOL
2022-11-01,Malaysia,Malaysia hike 25bp to 2.75%,monetary policy,standard,hike,25.0,MY,basis points,https://data.bis.org/topics/CBPOL
2022-11-01,Euro area,Euro area hike 75bp to 2.0%,monetary policy,major,hike,75.0,XM,basis points,https://data.bis.org/topics/CBPOL
2022-11-01,Norway,Norway hike 25bp to 2.5%,monetary policy,standard,hike,25.0,NO,basis points,https://data.bis.org/topics/CBPOL
2022-11-01,Korea,Korea hike 25bp to 3.25%,monetary policy,standard,hike,25.0,KR,basis points,https://data.bis.org/topics/CBPOL
2022-11-01,Romania,Romania hike 50bp to 6.75%,monetary policy,standard,hike,50.0,RO,basis points,https://data.bis.org/topics/CBPOL
2022-11-01,Serbia,Serbia hike 50bp to 4.5%,monetary policy,standard,hike,50.0,RS,basis points,https://data.bis.org/topics/CBPOL
2022-11-01,Australia,Australia hike 25bp to 2.85%,monetary policy,standard,hike,25.0,AU,basis points,https://data.bis.org/topics/CBPOL
2022-11-01,North Macedonia,North Macedonia hike 75bp to 4.25%,monetary policy,major,hike,75.0,MK,basis points,https://data.bis.org/topics/CBPOL
2022-11-01,Indonesia,Indonesia hike 50bp to 5.25%,monetary policy,standard,hike,50.0,ID,basis points,https://data.bis.org/topics/CBPOL
2022-11-01,Israel,Israel hike 50bp to 3.25%,monetary policy,standard,hike,50.0,IL,basis points,https://data.bis.org/topics/CBPOL
2022-12-01,Australia,Australia hike 25bp to 3.1%,monetary policy,standard,hike,25.0,AU,basis points,https://data.bis.org/topics/CBPOL
2022-12-01,Kuwait,Kuwait hike 50bp to 3.5%,monetary policy,standard,hike,50.0,KW,basis points,https://data.bis.org/topics/CBPOL
2022-12-01,North Macedonia,North Macedonia hike 50bp to 4.75%,monetary policy,standard,hike,50.0,MK,basis points,https://data.bis.org/topics/CBPOL
2022-12-01,Euro area,Euro area hike 50bp to 2.5%,monetary policy,standard,hike,50.0,XM,basis points,https://data.bis.org/topics/CBPOL
2022-12-01,Morocco,Morocco hike 50bp to 2.5%,monetary policy,standard,hike,50.0,MA,basis points,https://data.bis.org/topics/CBPOL
2022-12-01,Colombia,Colombia hike 100bp to 12.0%,monetary policy,major,hike,100.0,CO,basis points,https://data.bis.org/topics/CBPOL
2022-12-01,Mexico,Mexico hike 50bp to 10.5%,monetary policy,standard,hike,50.0,MX,basis points,https://data.bis.org/topics/CBPOL
2022-12-01,Denmark,Denmark hike 50bp to 1.75%,monetary policy,standard,hike,50.0,DK,basis points,https://data.bis.org/topics/CBPOL
2022-12-01,Norway,Norway hike 25bp to 2.75%,monetary policy,standard,hike,25.0,NO,basis points,https://data.bis.org/topics/CBPOL
2022-12-01,Saudi Arabia,Saudi Arabia hike 50bp to 5.0%,monetary policy,standard,hike,50.0,SA,basis points,https://data.bis.org/topics/CBPOL
2022-12-01,United Kingdom,United Kingdom hike 50bp to 3.5%,monetary policy,standard,hike,50.0,GB,basis points,https://data.bis.org/topics/CBPOL
2022-12-01,Hong Kong SAR,Hong Kong SAR hike 50bp to 4.75%,monetary policy,standard,hike,50.0,HK,basis points,https://data.bis.org/topics/CBPOL
2022-12-01,Switzerland,Switzerland hike 50bp to 1.0%,monetary policy,standard,hike,50.0,CH,basis points,https://data.bis.org/topics/CBPOL
2022-12-01,United States,United States hike 50bp to 4.38%,monetary policy,standard,hike,50.0,US,basis points,https://data.bis.org/topics/CBPOL
2022-12-01,Canada,Canada hike 50bp to 4.25%,monetary policy,standard,hike,50.0,CA,basis points,https://data.bis.org/topics/CBPOL
2022-12-01,Indonesia,Indonesia hike 25bp to 5.5%,monetary policy,standard,hike,25.0,ID,basis points,https://data.bis.org/topics/CBPOL
2022-12-01,India,India hike 35bp to 6.25%,monetary policy,standard,hike,34.999999999999964,IN,basis points,https://data.bis.org/topics/CBPOL
2022-12-01,Philippines,Philippines hike 50bp to 5.5%,monetary policy,standard,hike,50.0,PH,basis points,https://data.bis.org/topics/CBPOL
2022-12-01,Serbia,Serbia hike 50bp to 5.0%,monetary policy,standard,hike,50.0,RS,basis points,https://data.bis.org/topics/CBPOL
2022-12-01,Peru,Peru hike 25bp to 7.5%,monetary policy,standard,hike,25.0,PE,basis points,https://data.bis.org/topics/CBPOL
2023-01-01,Korea,Korea hike 25bp to 3.5%,monetary policy,standard,hike,25.0,KR,basis points,https://data.bis.org/topics/CBPOL
2023-01-01,Israel,Israel hike 50bp to 3.75%,monetary policy,standard,hike,50.0,IL,basis points,https://data.bis.org/topics/CBPOL
2023-01-01,Colombia,Colombia hike 75bp to 12.75%,monetary policy,major,hike,75.0,CO,basis points,https://data.bis.org/topics/CBPOL
2023-01-01,Peru,Peru hike 25bp to 7.75%,monetary policy,standard,hike,25.0,PE,basis points,https://data.bis.org/topics/CBPOL
2023-01-01,Serbia,Serbia hike 25bp to 5.25%,monetary policy,standard,hike,25.0,RS,basis points,https://data.bis.org/topics/CBPOL
2023-01-01,South Africa,South Africa hike 25bp to 7.25%,monetary policy,standard,hike,25.0,ZA,basis points,https://data.bis.org/topics/CBPOL
2023-01-01,Thailand,Thailand hike 25bp to 1.5%,monetary policy,standard,hike,25.0,TH,basis points,https://data.bis.org/topics/CBPOL
2023-01-01,Canada,Canada hike 25bp to 4.5%,monetary policy,standard,hike,25.0,CA,basis points,https://data.bis.org/topics/CBPOL
2023-01-01,Kuwait,Kuwait hike 50bp to 4.0%,monetary policy,standard,hike,50.0,KW,basis points,https://data.bis.org/topics/CBPOL
2023-01-01,Romania,Romania hike 25bp to 7.0%,monetary policy,standard,hike,25.0,RO,basis points,https://data.bis.org/topics/CBPOL
2023-01-01,Indonesia,Indonesia hike 25bp to 5.75%,monetary policy,standard,hike,25.0,ID,basis points,https://data.bis.org/topics/CBPOL
2023-02-01,India,India hike 25bp to 6.5%,monetary policy,standard,hike,25.0,IN,basis points,https://data.bis.org/topics/CBPOL
2023-02-01,Israel,Israel hike 50bp to 4.25%,monetary policy,standard,hike,50.0,IL,basis points,https://data.bis.org/topics/CBPOL
2023-02-01,Saudi Arabia,Saudi Arabia hike 25bp to 5.25%,monetary policy,standard,hike,25.0,SA,basis points,https://data.bis.org/topics/CBPOL
2023-02-01,North Macedonia,North Macedonia hike 50bp to 5.25%,monetary policy,standard,hike,50.0,MK,basis points,https://data.bis.org/topics/CBPOL
2023-02-01,Mexico,Mexico hike 50bp to 11.0%,monetary policy,standard,hike,50.0,MX,basis points,https://data.bis.org/topics/CBPOL
2023-02-01,Australia,Australia hike 25bp to 3.35%,monetary policy,standard,hike,25.0,AU,basis points,https://data.bis.org/topics/CBPOL
2023-02-01,Hong Kong SAR,Hong Kong SAR hike 25bp to 5.0%,monetary policy,standard,hike,25.0,HK,basis points,https://data.bis.org/topics/CBPOL
2023-02-01,New Zealand,New Zealand hike 50bp to 4.75%,monetary policy,standard,hike,50.0,NZ,basis points,https://data.bis.org/topics/CBPOL
2023-02-01,Türkiye,Türkiye cut 50bp to 8.5%,monetary policy,standard,cut,-50.0,TR,basis points,https://data.bis.org/topics/CBPOL
2023-02-01,Philippines,Philippines hike 50bp to 6.0%,monetary policy,standard,hike,50.0,PH,basis points,https://data.bis.org/topics/CBPOL
2023-02-01,Iceland,Iceland hike 50bp to 6.5%,monetary policy,standard,hike,50.0,IS,basis points,https://data.bis.org/topics/CBPOL
2023-02-01,Sweden,Sweden hike 50bp to 3.0%,monetary policy,standard,hike,50.0,SE,basis points,https://data.bis.org/topics/CBPOL
2023-02-01,United Kingdom,United Kingdom hike 50bp to 4.0%,monetary policy,standard,hike,50.0,GB,basis points,https://data.bis.org/topics/CBPOL
2023-02-01,Denmark,Denmark hike 35bp to 2.1%,monetary policy,standard,hike,35.00000000000001,DK,basis points,https://data.bis.org/topics/CBPOL
2023-02-01,United States,United States hike 25bp to 4.62%,monetary policy,standard,hike,25.0,US,basis points,https://data.bis.org/topics/CBPOL
2023-02-01,Euro area,Euro area hike 50bp to 3.0%,monetary policy,standard,hike,50.0,XM,basis points,https://data.bis.org/topics/CBPOL
2023-02-01,Serbia,Serbia hike 25bp to 5.5%,monetary policy,standard,hike,25.0,RS,basis points,https://data.bis.org/topics/CBPOL
2023-03-01,Hong Kong SAR,Hong Kong SAR hike 25bp to 5.25%,monetary policy,standard,hike,25.0,HK,basis points,https://data.bis.org/topics/CBPOL
2023-03-01,Argentina,Argentina hike 300bp to 78.0%,monetary policy,major,hike,300.0,AR,basis points,https://data.bis.org/topics/CBPOL
2023-03-01,Thailand,Thailand hike 25bp to 1.75%,monetary policy,standard,hike,25.0,TH,basis points,https://data.bis.org/topics/CBPOL
2023-03-01,Saudi Arabia,Saudi Arabia hike 25bp to 5.5%,monetary policy,standard,hike,25.0,SA,basis points,https://data.bis.org/topics/CBPOL
2023-03-01,Colombia,Colombia hike 25bp to 13.0%,monetary policy,standard,hike,25.0,CO,basis points,https://data.bis.org/topics/CBPOL
2023-03-01,Switzerland,Switzerland hike 50bp to 1.5%,monetary policy,standard,hike,50.0,CH,basis points,https://data.bis.org/topics/CBPOL
2023-03-01,Serbia,Serbia hike 25bp to 5.75%,monetary policy,standard,hike,25.0,RS,basis points,https://data.bis.org/topics/CBPOL
2023-03-01,Morocco,Morocco hike 50bp to 3.0%,monetary policy,standard,hike,50.0,MA,basis points,https://data.bis.org/topics/CBPOL
2023-03-01,Mexico,Mexico hike 25bp to 11.25%,monetary policy,standard,hike,25.0,MX,basis points,https://data.bis.org/topics/CBPOL
2023-03-01,Iceland,Iceland hike 100bp to 7.5%,monetary policy,major,hike,100.0,IS,basis points,https://data.bis.org/topics/CBPOL
2023-03-01,South Africa,South Africa hike 50bp to 7.75%,monetary policy,standard,hike,50.0,ZA,basis points,https://data.bis.org/topics/CBPOL
2023-03-01,Denmark,Denmark hike 50bp to 2.6%,monetary policy,standard,hike,50.0,DK,basis points,https://data.bis.org/topics/CBPOL
2023-03-01,Euro area,Euro area hike 50bp to 3.5%,monetary policy,standard,hike,50.0,XM,basis points,https://data.bis.org/topics/CBPOL
2023-03-01,United States,United States hike 25bp to 4.88%,monetary policy,standard,hike,25.0,US,basis points,https://data.bis.org/topics/CBPOL
2023-03-01,North Macedonia,North Macedonia hike 25bp to 5.5%,monetary policy,standard,hike,25.0,MK,basis points,https://data.bis.org/topics/CBPOL
2023-03-01,Philippines,Philippines hike 25bp to 6.25%,monetary policy,standard,hike,25.0,PH,basis points,https://data.bis.org/topics/CBPOL
2023-03-01,Australia,Australia hike 25bp to 3.6%,monetary policy,standard,hike,25.0,AU,basis points,https://data.bis.org/topics/CBPOL
2023-03-01,United Kingdom,United Kingdom hike 25bp to 4.25%,monetary policy,standard,hike,25.0,GB,basis points,https://data.bis.org/topics/CBPOL
2023-03-01,Norway,Norway hike 25bp to 3.0%,monetary policy,standard,hike,25.0,NO,basis points,https://data.bis.org/topics/CBPOL
2023-04-01,Israel,Israel hike 25bp to 4.5%,monetary policy,standard,hike,25.0,IL,basis points,https://data.bis.org/topics/CBPOL
2023-04-01,Serbia,Serbia hike 25bp to 6.0%,monetary policy,standard,hike,25.0,RS,basis points,https://data.bis.org/topics/CBPOL
2023-04-01,Argentina,Argentina hike 1300bp to 91.0%,monetary policy,major,hike,1300.0,AR,basis points,https://data.bis.org/topics/CBPOL
2023-04-01,New Zealand,New Zealand hike 50bp to 5.25%,monetary policy,standard,hike,50.0,NZ,basis points,https://data.bis.org/topics/CBPOL
2023-05-01,Norway,Norway hike 25bp to 3.25%,monetary policy,standard,hike,25.0,NO,basis points,https://data.bis.org/topics/CBPOL
2023-05-01,Iceland,Iceland hike 125bp to 8.75%,monetary policy,major,hike,125.0,IS,basis points,https://data.bis.org/topics/CBPOL
2023-05-01,Israel,Israel hike 25bp to 4.75%,monetary policy,standard,hike,25.0,IL,basis points,https://data.bis.org/topics/CBPOL
2023-05-01,Sweden,Sweden hike 50bp to 3.5%,monetary policy,standard,hike,50.0,SE,basis points,https://data.bis.org/topics/CBPOL
2023-05-01,Hong Kong SAR,Hong Kong SAR hike 25bp to 5.5%,monetary policy,standard,hike,25.0,HK,basis points,https://data.bis.org/topics/CBPOL
2023-05-01,Colombia,Colombia hike 25bp to 13.25%,monetary policy,standard,hike,25.0,CO,basis points,https://data.bis.org/topics/CBPOL
2023-05-01,Australia,Australia hike 25bp to 3.85%,monetary policy,standard,hike,25.0,AU,basis points,https://data.bis.org/topics/CBPOL
2023-05-01,Euro area,Euro area hike 25bp to 3.75%,monetary policy,standard,hike,25.0,XM,basis points,https://data.bis.org/topics/CBPOL
2023-05-01,South Africa,South Africa hike 50bp to 8.25%,monetary policy,standard,hike,50.0,ZA,basis points,https://data.bis.org/topics/CBPOL
2023-05-01,Saudi Arabia,Saudi Arabia hike 25bp to 5.75%,monetary policy,standard,hike,25.0,SA,basis points,https://data.bis.org/topics/CBPOL
2023-05-01,United States,United States hike 25bp to 5.12%,monetary policy,standard,hike,25.0,US,basis points,https://data.bis.org/topics/CBPOL
2023-05-01,Malaysia,Malaysia hike 25bp to 3.0%,monetary policy,standard,hike,25.0,MY,basis points,https://data.bis.org/topics/CBPOL
2023-05-01,Thailand,Thailand hike 25bp to 2.0%,monetary policy,standard,hike,25.0,TH,basis points,https://data.bis.org/topics/CBPOL
2023-05-01,United Kingdom,United Kingdom hike 25bp to 4.5%,monetary policy,standard,hike,25.0,GB,basis points,https://data.bis.org/topics/CBPOL
2023-05-01,North Macedonia,North Macedonia hike 25bp to 5.75%,monetary policy,standard,hike,25.0,MK,basis points,https://data.bis.org/topics/CBPOL
2023-05-01,Denmark,Denmark hike 25bp to 2.85%,monetary policy,standard,hike,25.0,DK,basis points,https://data.bis.org/topics/CBPOL
2023-05-01,Argentina,Argentina hike 600bp to 97.0%,monetary policy,major,hike,600.0,AR,basis points,https://data.bis.org/topics/CBPOL
2023-05-01,New Zealand,New Zealand hike 25bp to 5.5%,monetary policy,standard,hike,25.0,NZ,basis points,https://data.bis.org/topics/CBPOL
2023-06-01,Norway,Norway hike 50bp to 3.75%,monetary policy,standard,hike,50.0,NO,basis points,https://data.bis.org/topics/CBPOL
2023-06-01,Türkiye,Türkiye hike 650bp to 15.0%,monetary policy,major,hike,650.0,TR,basis points,https://data.bis.org/topics/CBPOL
2023-06-01,United Kingdom,United Kingdom hike 50bp to 5.0%,monetary policy,standard,hike,50.0,GB,basis points,https://data.bis.org/topics/CBPOL
2023-06-01,Denmark,Denmark hike 25bp to 3.1%,monetary policy,standard,hike,25.0,DK,basis points,https://data.bis.org/topics/CBPOL
2023-06-01,Canada,Canada hike 25bp to 4.75%,monetary policy,standard,hike,25.0,CA,basis points,https://data.bis.org/topics/CBPOL
2023-06-01,Switzerland,Switzerland hike 25bp to 1.75%,monetary policy,standard,hike,25.0,CH,basis points,https://data.bis.org/topics/CBPOL
2023-06-01,Euro area,Euro area hike 25bp to 4.0%,monetary policy,standard,hike,25.0,XM,basis points,https://data.bis.org/topics/CBPOL
2023-06-01,Australia,Australia hike 25bp to 4.1%,monetary policy,minor,hike,24.999999999999957,AU,basis points,https://data.bis.org/topics/CBPOL
2023-06-01,Serbia,Serbia hike 25bp to 6.25%,monetary policy,standard,hike,25.0,RS,basis points,https://data.bis.org/topics/CBPOL
2023-06-01,North Macedonia,North Macedonia hike 25bp to 6.0%,monetary policy,standard,hike,25.0,MK,basis points,https://data.bis.org/topics/CBPOL
2023-06-01,China,China cut 10bp to 3.55%,monetary policy,minor,cut,-10.000000000000009,CN,basis points,https://data.bis.org/topics/CBPOL
2023-07-01,Canada,Canada hike 25bp to 5.0%,monetary policy,standard,hike,25.0,CA,basis points,https://data.bis.org/topics/CBPOL
2023-07-01,United States,United States hike 25bp to 5.38%,monetary policy,standard,hike,25.0,US,basis points,https://data.bis.org/topics/CBPOL
2023-07-01,Serbia,Serbia hike 25bp to 6.5%,monetary policy,standard,hike,25.0,RS,basis points,https://data.bis.org/topics/CBPOL
2023-07-01,Hong Kong SAR,Hong Kong SAR hike 25bp to 5.75%,monetary policy,standard,hike,25.0,HK,basis points,https://data.bis.org/topics/CBPOL
2023-07-01,Russia,Russia hike 100bp to 8.5%,monetary policy,major,hike,100.0,RU,basis points,https://data.bis.org/topics/CBPOL
2023-07-01,Sweden,Sweden hike 25bp to 3.75%,monetary policy,standard,hike,25.0,SE,basis points,https://data.bis.org/topics/CBPOL
2023-07-01,Kuwait,Kuwait hike 25bp to 4.25%,monetary policy,standard,hike,25.0,KW,basis points,https://data.bis.org/topics/CBPOL
2023-07-01,Denmark,Denmark hike 25bp to 3.35%,monetary policy,standard,hike,25.0,DK,basis points,https://data.bis.org/topics/CBPOL
2023-07-01,Türkiye,Türkiye hike 250bp to 17.5%,monetary policy,major,hike,250.0,TR,basis points,https://data.bis.org/topics/CBPOL
2023-07-01,Chile,Chile cut 100bp to 10.25%,monetary policy,major,cut,-100.0,CL,basis points,https://data.bis.org/topics/CBPOL
2023-07-01,Saudi Arabia,Saudi Arabia hike 25bp to 6.0%,monetary policy,standard,hike,25.0,SA,basis points,https://data.bis.org/topics/CBPOL
2023-08-01,North Macedonia,North Macedonia hike 15bp to 6.15%,monetary policy,minor,hike,15.000000000000036,MK,basis points,https://data.bis.org/topics/CBPOL
2023-08-01,Russia,Russia hike 350bp to 12.0%,monetary policy,major,hike,350.0,RU,basis points,https://data.bis.org/topics/CBPOL
2023-08-01,Thailand,Thailand hike 25bp to 2.25%,monetary policy,standard,hike,25.0,TH,basis points,https://data.bis.org/topics/CBPOL
2023-08-01,United Kingdom,United Kingdom hike 25bp to 5.25%,monetary policy,standard,hike,25.0,GB,basis points,https://data.bis.org/topics/CBPOL
2023-08-01,Iceland,Iceland hike 50bp to 9.25%,monetary policy,standard,hike,50.0,IS,basis points,https://data.bis.org/topics/CBPOL
2023-08-01,Türkiye,Türkiye hike 750bp to 25.0%,monetary policy,major,hike,750.0,TR,basis points,https://data.bis.org/topics/CBPOL
2023-08-01,Euro area,Euro area hike 25bp to 4.25%,monetary policy,standard,hike,25.0,XM,basis points,https://data.bis.org/topics/CBPOL
2023-08-01,China,China cut 10bp to 3.45%,monetary policy,minor,cut,-9.999999999999964,CN,basis points,https://data.bis.org/topics/CBPOL
2023-08-01,Argentina,Argentina hike 2100bp to 118.0%,monetary policy,major,hike,2100.0,AR,basis points,https://data.bis.org/topics/CBPOL
2023-08-01,Brazil,Brazil cut 50bp to 13.25%,monetary policy,standard,cut,-50.0,BR,basis points,https://data.bis.org/topics/CBPOL
2023-08-01,Norway,Norway hike 25bp to 4.0%,monetary policy,standard,hike,25.0,NO,basis points,https://data.bis.org/topics/CBPOL
2023-09-01,Türkiye,Türkiye hike 500bp to 30.0%,monetary policy,major,hike,500.0,TR,basis points,https://data.bis.org/topics/CBPOL
2023-09-01,Denmark,Denmark hike 25bp to 3.6%,monetary policy,standard,hike,25.0,DK,basis points,https://data.bis.org/topics/CBPOL
2023-09-01,Peru,Peru cut 25bp to 7.5%,monetary policy,standard,cut,-25.0,PE,basis points,https://data.bis.org/topics/CBPOL
2023-09-01,North Macedonia,North Macedonia hike 15bp to 6.3%,monetary policy,minor,hike,14.999999999999947,MK,basis points,https://data.bis.org/topics/CBPOL
2023-09-01,Sweden,Sweden hike 25bp to 4.0%,monetary policy,standard,hike,25.0,SE,basis points,https://data.bis.org/topics/CBPOL
2023-09-01,Brazil,Brazil cut 50bp to 12.75%,monetary policy,standard,cut,-50.0,BR,basis points,https://data.bis.org/topics/CBPOL
2023-09-01,Russia,Russia hike 100bp to 13.0%,monetary policy,major,hike,100.0,RU,basis points,https://data.bis.org/topics/CBPOL
2023-09-01,Chile,Chile cut 75bp to 9.5%,monetary policy,major,cut,-75.0,CL,basis points,https://data.bis.org/topics/CBPOL
2023-09-01,Norway,Norway hike 25bp to 4.25%,monetary policy,standard,hike,25.0,NO,basis points,https://data.bis.org/topics/CBPOL
2023-09-01,Poland,Poland cut 75bp to 6.0%,monetary policy,major,cut,-75.0,PL,basis points,https://data.bis.org/topics/CBPOL
2023-09-01,Thailand,Thailand hike 25bp to 2.5%,monetary policy,standard,hike,25.0,TH,basis points,https://data.bis.org/topics/CBPOL
2023-09-01,Euro area,Euro area hike 25bp to 4.5%,monetary policy,standard,hike,25.0,XM,basis points,https://data.bis.org/topics/CBPOL
2023-10-01,Philippines,Philippines hike 25bp to 6.5%,monetary policy,standard,hike,25.0,PH,basis points,https://data.bis.org/topics/CBPOL
2023-10-01,Türkiye,Türkiye hike 500bp to 35.0%,monetary policy,major,hike,500.0,TR,basis points,https://data.bis.org/topics/CBPOL
2023-10-01,Argentina,Argentina hike 1500bp to 133.0%,monetary policy,major,hike,1500.0,AR,basis points,https://data.bis.org/topics/CBPOL
2023-10-01,Indonesia,Indonesia hike 25bp to 6.0%,monetary policy,standard,hike,25.0,ID,basis points,https://data.bis.org/topics/CBPOL
2023-10-01,Poland,Poland cut 25bp to 5.75%,monetary policy,standard,cut,-25.0,PL,basis points,https://data.bis.org/topics/CBPOL
2023-10-01,Russia,Russia hike 200bp to 15.0%,monetary policy,major,hike,200.0,RU,basis points,https://data.bis.org/topics/CBPOL
2023-10-01,Hungary,Hungary cut 75bp to 12.25%,monetary policy,major,cut,-75.0,HU,basis points,https://data.bis.org/topics/CBPOL
2023-10-01,Chile,Chile cut 50bp to 9.0%,monetary policy,standard,cut,-50.0,CL,basis points,https://data.bis.org/topics/CBPOL
2023-10-01,Peru,Peru cut 25bp to 7.25%,monetary policy,standard,cut,-25.0,PE,basis points,https://data.bis.org/topics/CBPOL
2023-11-01,Peru,Peru cut 25bp to 7.0%,monetary policy,standard,cut,-25.0,PE,basis points,https://data.bis.org/topics/CBPOL
2023-11-01,Hungary,Hungary cut 75bp to 11.5%,monetary policy,major,cut,-75.0,HU,basis points,https://data.bis.org/topics/CBPOL
2023-11-01,Türkiye,Türkiye hike 500bp to 40.0%,monetary policy,major,hike,500.0,TR,basis points,https://data.bis.org/topics/CBPOL
2023-11-01,Australia,Australia hike 25bp to 4.35%,monetary policy,standard,hike,25.0,AU,basis points,https://data.bis.org/topics/CBPOL
2023-11-01,Brazil,Brazil cut 50bp to 12.25%,monetary policy,standard,cut,-50.0,BR,basis points,https://data.bis.org/topics/CBPOL
2023-12-01,Colombia,Colombia cut 25bp to 13.0%,monetary policy,standard,cut,-25.0,CO,basis points,https://data.bis.org/topics/CBPOL
2023-12-01,Russia,Russia hike 100bp to 16.0%,monetary policy,major,hike,100.0,RU,basis points,https://data.bis.org/topics/CBPOL
2023-12-01,Peru,Peru cut 25bp to 6.75%,monetary policy,standard,cut,-25.0,PE,basis points,https://data.bis.org/topics/CBPOL
2023-12-01,Norway,Norway hike 25bp to 4.5%,monetary policy,standard,hike,25.0,NO,basis points,https://data.bis.org/topics/CBPOL
2023-12-01,Türkiye,Türkiye hike 250bp to 42.5%,monetary policy,major,hike,250.0,TR,basis points,https://data.bis.org/topics/CBPOL
2023-12-01,Hungary,Hungary cut 75bp to 10.75%,monetary policy,major,cut,-75.0,HU,basis points,https://data.bis.org/topics/CBPOL
2023-12-01,Argentina,Argentina cut 3300bp to 100.0%,monetary policy,major,cut,-3300.0,AR,basis points,https://data.bis.org/topics/CBPOL
2023-12-01,Brazil,Brazil cut 50bp to 11.75%,monetary policy,standard,cut,-50.0,BR,basis points,https://data.bis.org/topics/CBPOL
2023-12-01,Chile,Chile cut 75bp to 8.25%,monetary policy,major,cut,-75.0,CL,basis points,https://data.bis.org/topics/CBPOL
2023-12-01,Czechia,Czechia cut 25bp to 6.75%,monetary policy,standard,cut,-25.0,CZ,basis points,https://data.bis.org/topics/CBPOL
2024-01-01,Peru,Peru cut 25bp to 6.5%,monetary policy,standard,cut,-25.0,PE,basis points,https://data.bis.org/topics/CBPOL
2024-01-01,Hungary,Hungary cut 75bp to 10.0%,monetary policy,major,cut,-75.0,HU,basis points,https://data.bis.org/topics/CBPOL
2024-01-01,Israel,Israel cut 25bp to 4.5%,monetary policy,standard,cut,-25.0,IL,basis points,https://data.bis.org/topics/CBPOL
2024-01-01,Türkiye,Türkiye hike 250bp to 45.0%,monetary policy,major,hike,250.0,TR,basis points,https://data.bis.org/topics/CBPOL
2024-02-01,Colombia,Colombia cut 25bp to 12.75%,monetary policy,standard,cut,-25.0,CO,basis points,https://data.bis.org/topics/CBPOL
2024-02-01,Chile,Chile cut 100bp to 7.25%,monetary policy,major,cut,-100.0,CL,basis points,https://data.bis.org/topics/CBPOL
2024-02-01,Brazil,Brazil cut 50bp to 11.25%,monetary policy,standard,cut,-50.0,BR,basis points,https://data.bis.org/topics/CBPOL
2024-02-01,Peru,Peru cut 25bp to 6.25%,monetary policy,standard,cut,-25.0,PE,basis points,https://data.bis.org/topics/CBPOL
2024-02-01,Czechia,Czechia cut 50bp to 6.25%,monetary policy,standard,cut,-50.0,CZ,basis points,https://data.bis.org/topics/CBPOL
2024-02-01,Hungary,Hungary cut 100bp to 9.0%,monetary policy,major,cut,-100.0,HU,basis points,https://data.bis.org/topics/CBPOL
2024-03-01,Czechia,Czechia cut 50bp to 5.75%,monetary policy,standard,cut,-50.0,CZ,basis points,https://data.bis.org/topics/CBPOL
2024-03-01,Mexico,Mexico cut 25bp to 11.0%,monetary policy,standard,cut,-25.0,MX,basis points,https://data.bis.org/topics/CBPOL
2024-03-01,Argentina,Argentina cut 2000bp to 80.0%,monetary policy,major,cut,-2000.0,AR,basis points,https://data.bis.org/topics/CBPOL
2024-03-01,Japan,Japan hike 15bp to 0.05%,monetary policy,minor,hike,15.000000000000002,JP,basis points,https://data.bis.org/topics/CBPOL
2024-03-01,Colombia,Colombia cut 50bp to 12.25%,monetary policy,standard,cut,-50.0,CO,basis points,https://data.bis.org/topics/CBPOL
2024-03-01,Switzerland,Switzerland cut 25bp to 1.5%,monetary policy,standard,cut,-25.0,CH,basis points,https://data.bis.org/topics/CBPOL
2024-03-01,Türkiye,Türkiye hike 500bp to 50.0%,monetary policy,major,hike,500.0,TR,basis points,https://data.bis.org/topics/CBPOL
2024-03-01,Hungary,Hungary cut 75bp to 8.25%,monetary policy,major,cut,-75.0,HU,basis points,https://data.bis.org/topics/CBPOL
2024-03-01,Brazil,Brazil cut 50bp to 10.75%,monetary policy,standard,cut,-50.0,BR,basis points,https://data.bis.org/topics/CBPOL
2024-04-01,Argentina,Argentina cut 2000bp to 60.0%,monetary policy,major,cut,-2000.0,AR,basis points,https://data.bis.org/topics/CBPOL
2024-04-01,Peru,Peru cut 25bp to 6.0%,monetary policy,standard,cut,-25.0,PE,basis points,https://data.bis.org/topics/CBPOL
2024-04-01,Indonesia,Indonesia hike 25bp to 6.25%,monetary policy,standard,hike,25.0,ID,basis points,https://data.bis.org/topics/CBPOL
2024-04-01,Hungary,Hungary cut 50bp to 7.75%,monetary policy,standard,cut,-50.0,HU,basis points,https://data.bis.org/topics/CBPOL
2024-04-01,Chile,Chile cut 75bp to 6.5%,monetary policy,major,cut,-75.0,CL,basis points,https://data.bis.org/topics/CBPOL
2024-05-01,Colombia,Colombia cut 50bp to 11.75%,monetary policy,standard,cut,-50.0,CO,basis points,https://data.bis.org/topics/CBPOL
2024-05-01,Sweden,Sweden cut 25bp to 3.75%,monetary policy,standard,cut,-25.0,SE,basis points,https://data.bis.org/topics/CBPOL
2024-05-01,Peru,Peru cut 25bp to 5.75%,monetary policy,standard,cut,-25.0,PE,basis points,https://data.bis.org/topics/CBPOL
2024-05-01,Argentina,Argentina cut 2000bp to 40.0%,monetary policy,major,cut,-2000.0,AR,basis points,https://data.bis.org/topics/CBPOL
2024-05-01,Hungary,Hungary cut 50bp to 7.25%,monetary policy,standard,cut,-50.0,HU,basis points,https://data.bis.org/topics/CBPOL
2024-05-01,Czechia,Czechia cut 50bp to 5.25%,monetary policy,standard,cut,-50.0,CZ,basis points,https://data.bis.org/topics/CBPOL
2024-05-01,Chile,Chile cut 50bp to 6.0%,monetary policy,standard,cut,-50.0,CL,basis points,https://data.bis.org/topics/CBPOL
2024-05-01,Brazil,Brazil cut 25bp to 10.5%,monetary policy,standard,cut,-25.0,BR,basis points,https://data.bis.org/topics/CBPOL
2024-06-01,Denmark,Denmark cut 25bp to 3.35%,monetary policy,standard,cut,-25.0,DK,basis points,https://data.bis.org/topics/CBPOL
2024-06-01,Serbia,Serbia cut 25bp to 6.25%,monetary policy,standard,cut,-25.0,RS,basis points,https://data.bis.org/topics/CBPOL
2024-06-01,Euro area,Euro area cut 25bp to 4.25%,monetary policy,standard,cut,-25.0,XM,basis points,https://data.bis.org/topics/CBPOL
2024-06-01,Hungary,Hungary cut 25bp to 7.0%,monetary policy,standard,cut,-25.0,HU,basis points,https://data.bis.org/topics/CBPOL
2024-06-01,Switzerland,Switzerland cut 25bp to 1.25%,monetary policy,standard,cut,-25.0,CH,basis points,https://data.bis.org/topics/CBPOL
2024-06-01,Czechia,Czechia cut 50bp to 4.75%,monetary policy,standard,cut,-50.0,CZ,basis points,https://data.bis.org/topics/CBPOL
2024-06-01,Morocco,Morocco cut 25bp to 2.75%,monetary policy,standard,cut,-25.0,MA,basis points,https://data.bis.org/topics/CBPOL
2024-06-01,Canada,Canada cut 25bp to 4.75%,monetary policy,standard,cut,-25.0,CA,basis points,https://data.bis.org/topics/CBPOL
2024-06-01,Chile,Chile cut 25bp to 5.75%,monetary policy,standard,cut,-25.0,CL,basis points,https://data.bis.org/topics/CBPOL
2024-07-01,China,China cut 10bp to 3.35%,monetary policy,minor,cut,-10.000000000000009,CN,basis points,https://data.bis.org/topics/CBPOL
2024-07-01,Serbia,Serbia cut 25bp to 6.0%,monetary policy,standard,cut,-25.0,RS,basis points,https://data.bis.org/topics/CBPOL
2024-07-01,Romania,Romania cut 25bp to 6.75%,monetary policy,standard,cut,-25.0,RO,basis points,https://data.bis.org/topics/CBPOL
2024-07-01,Hungary,Hungary cut 25bp to 6.75%,monetary policy,standard,cut,-25.0,HU,basis points,https://data.bis.org/topics/CBPOL
2024-07-01,Russia,Russia hike 200bp to 18.0%,monetary policy,major,hike,200.0,RU,basis points,https://data.bis.org/topics/CBPOL
2024-07-01,Canada,Canada cut 25bp to 4.5%,monetary policy,standard,cut,-25.0,CA,basis points,https://data.bis.org/topics/CBPOL
2024-07-01,Colombia,Colombia cut 50bp to 11.25%,monetary policy,standard,cut,-50.0,CO,basis points,https://data.bis.org/topics/CBPOL
2024-08-01,New Zealand,New Zealand cut 25bp to 5.25%,monetary policy,standard,cut,-25.0,NZ,basis points,https://data.bis.org/topics/CBPOL
2024-08-01,Romania,Romania cut 25bp to 6.5%,monetary policy,standard,cut,-25.0,RO,basis points,https://data.bis.org/topics/CBPOL
2024-08-01,Mexico,Mexico cut 25bp to 10.75%,monetary policy,standard,cut,-25.0,MX,basis points,https://data.bis.org/topics/CBPOL
2024-08-01,United Kingdom,United Kingdom cut 25bp to 5.0%,monetary policy,standard,cut,-25.0,GB,basis points,https://data.bis.org/topics/CBPOL
2024-08-01,Philippines,Philippines cut 25bp to 6.25%,monetary policy,standard,cut,-25.0,PH,basis points,https://data.bis.org/topics/CBPOL
2024-08-01,Peru,Peru cut 25bp to 5.5%,monetary policy,standard,cut,-25.0,PE,basis points,https://data.bis.org/topics/CBPOL
2024-08-01,Czechia,Czechia cut 25bp to 4.5%,monetary policy,standard,cut,-25.0,CZ,basis points,https://data.bis.org/topics/CBPOL
2024-08-01,Colombia,Colombia cut 50bp to 10.75%,monetary policy,standard,cut,-50.0,CO,basis points,https://data.bis.org/topics/CBPOL
2024-08-01,Japan,Japan hike 20bp to 0.25%,monetary policy,minor,hike,20.0,JP,basis points,https://data.bis.org/topics/CBPOL
2024-08-01,Sweden,Sweden cut 25bp to 3.5%,monetary policy,standard,cut,-25.0,SE,basis points,https://data.bis.org/topics/CBPOL
2024-09-01,South Africa,South Africa cut 25bp to 8.0%,monetary policy,standard,cut,-25.0,ZA,basis points,https://data.bis.org/topics/CBPOL
2024-09-01,Canada,Canada cut 25bp to 4.25%,monetary policy,standard,cut,-25.0,CA,basis points,https://data.bis.org/topics/CBPOL
2024-09-01,Brazil,Brazil hike 25bp to 10.75%,monetary policy,standard,hike,25.0,BR,basis points,https://data.bis.org/topics/CBPOL
2024-09-01,Hungary,Hungary cut 25bp to 6.5%,monetary policy,standard,cut,-25.0,HU,basis points,https://data.bis.org/topics/CBPOL
2024-09-01,Kuwait,Kuwait cut 25bp to 4.0%,monetary policy,standard,cut,-25.0,KW,basis points,https://data.bis.org/topics/CBPOL
2024-09-01,Euro area,Euro area cut 75bp to 3.5%,monetary policy,major,cut,-75.0,XM,basis points,https://data.bis.org/topics/CBPOL
2024-09-01,Serbia,Serbia cut 25bp to 5.75%,monetary policy,standard,cut,-25.0,RS,basis points,https://data.bis.org/topics/CBPOL
2024-09-01,Denmark,Denmark cut 25bp to 3.1%,monetary policy,standard,cut,-25.0,DK,basis points,https://data.bis.org/topics/CBPOL
2024-09-01,Mexico,Mexico cut 25bp to 10.5%,monetary policy,standard,cut,-25.0,MX,basis points,https://data.bis.org/topics/CBPOL
2024-09-01,North Macedonia,North Macedonia cut 25bp to 6.05%,monetary policy,standard,cut,-25.0,MK,basis points,https://data.bis.org/topics/CBPOL
2024-09-01,Saudi Arabia,Saudi Arabia cut 50bp to 5.5%,monetary policy,standard,cut,-50.0,SA,basis points,https://data.bis.org/topics/CBPOL
2024-09-01,Russia,Russia hike 100bp to 19.0%,monetary policy,major,hike,100.0,RU,basis points,https://data.bis.org/topics/CBPOL
2024-09-01,Peru,Peru cut 25bp to 5.25%,monetary policy,standard,cut,-25.0,PE,basis points,https://data.bis.org/topics/CBPOL
2024-09-01,Hong Kong SAR,Hong Kong SAR cut 50bp to 5.25%,monetary policy,standard,cut,-50.0,HK,basis points,https://data.bis.org/topics/CBPOL
2024-09-01,United States,United States cut 50bp to 4.88%,monetary policy,standard,cut,-50.0,US,basis points,https://data.bis.org/topics/CBPOL
2024-09-01,Indonesia,Indonesia cut 25bp to 6.0%,monetary policy,standard,cut,-25.0,ID,basis points,https://data.bis.org/topics/CBPOL
2024-09-01,Chile,Chile cut 25bp to 5.5%,monetary policy,standard,cut,-25.0,CL,basis points,https://data.bis.org/topics/CBPOL
2024-09-01,Switzerland,Switzerland cut 25bp to 1.0%,monetary policy,standard,cut,-25.0,CH,basis points,https://data.bis.org/topics/CBPOL
2024-09-01,Czechia,Czechia cut 25bp to 4.25%,monetary policy,standard,cut,-25.0,CZ,basis points,https://data.bis.org/topics/CBPOL
2024-10-01,Colombia,Colombia cut 50bp to 10.25%,monetary policy,standard,cut,-50.0,CO,basis points,https://data.bis.org/topics/CBPOL
2024-10-01,China,China cut 25bp to 3.1%,monetary policy,standard,cut,-25.0,CN,basis points,https://data.bis.org/topics/CBPOL
2024-10-01,Euro area,Euro area cut 25bp to 3.25%,monetary policy,standard,cut,-25.0,XM,basis points,https://data.bis.org/topics/CBPOL
2024-10-01,Korea,Korea cut 25bp to 3.25%,monetary policy,standard,cut,-25.0,KR,basis points,https://data.bis.org/topics/CBPOL
2024-10-01,Denmark,Denmark cut 25bp to 2.85%,monetary policy,standard,cut,-25.0,DK,basis points,https://data.bis.org/topics/CBPOL
2024-10-01,North Macedonia,North Macedonia cut 25bp to 5.8%,monetary policy,standard,cut,-25.0,MK,basis points,https://data.bis.org/topics/CBPOL
2024-10-01,Thailand,Thailand cut 25bp to 2.25%,monetary policy,standard,cut,-25.0,TH,basis points,https://data.bis.org/topics/CBPOL
2024-10-01,Canada,Canada cut 50bp to 3.75%,monetary policy,standard,cut,-50.0,CA,basis points,https://data.bis.org/topics/CBPOL
2024-10-01,Sweden,Sweden cut 25bp to 3.25%,monetary policy,standard,cut,-25.0,SE,basis points,https://data.bis.org/topics/CBPOL
2024-10-01,New Zealand,New Zealand cut 50bp to 4.75%,monetary policy,standard,cut,-50.0,NZ,basis points,https://data.bis.org/topics/CBPOL
2024-10-01,Russia,Russia hike 200bp to 21.0%,monetary policy,major,hike,200.0,RU,basis points,https://data.bis.org/topics/CBPOL
2024-10-01,Chile,Chile cut 25bp to 5.25%,monetary policy,standard,cut,-25.0,CL,basis points,https://data.bis.org/topics/CBPOL
2024-10-01,Iceland,Iceland cut 25bp to 9.0%,monetary policy,standard,cut,-25.0,IS,basis points,https://data.bis.org/topics/CBPOL
2024-10-01,Philippines,Philippines cut 25bp to 6.0%,monetary policy,standard,cut,-25.0,PH,basis points,https://data.bis.org/topics/CBPOL
2024-11-01,Brazil,Brazil hike 50bp to 11.25%,monetary policy,standard,hike,50.0,BR,basis points,https://data.bis.org/topics/CBPOL
2024-11-01,Czechia,Czechia cut 25bp to 4.0%,monetary policy,standard,cut,-25.0,CZ,basis points,https://data.bis.org/topics/CBPOL
2024-11-01,Mexico,Mexico cut 25bp to 10.25%,monetary policy,standard,cut,-25.0,MX,basis points,https://data.bis.org/topics/CBPOL
2024-11-01,Peru,Peru cut 25bp to 5.0%,monetary policy,standard,cut,-25.0,PE,basis points,https://data.bis.org/topics/CBPOL
2024-11-01,Hong Kong SAR,Hong Kong SAR cut 25bp to 5.0%,monetary policy,standard,cut,-25.0,HK,basis points,https://data.bis.org/topics/CBPOL
2024-11-01,South Africa,South Africa cut 25bp to 7.75%,monetary policy,standard,cut,-25.0,ZA,basis points,https://data.bis.org/topics/CBPOL
2024-11-01,Iceland,Iceland cut 50bp to 8.5%,monetary policy,standard,cut,-50.0,IS,basis points,https://data.bis.org/topics/CBPOL
2024-11-01,Saudi Arabia,Saudi Arabia cut 25bp to 5.25%,monetary policy,standard,cut,-25.0,SA,basis points,https://data.bis.org/topics/CBPOL
2024-11-01,Colombia,Colombia cut 50bp to 9.75%,monetary policy,standard,cut,-50.0,CO,basis points,https://data.bis.org/topics/CBPOL
2024-11-01,Sweden,Sweden cut 50bp to 2.75%,monetary policy,standard,cut,-50.0,SE,basis points,https://data.bis.org/topics/CBPOL
2024-11-01,New Zealand,New Zealand cut 50bp to 4.25%,monetary policy,standard,cut,-50.0,NZ,basis points,https://data.bis.org/topics/CBPOL
2024-11-01,United States,United States cut 25bp to 4.62%,monetary policy,standard,cut,-25.0,US,basis points,https://data.bis.org/topics/CBPOL
2024-11-01,Korea,Korea cut 25bp to 3.0%,monetary policy,standard,cut,-25.0,KR,basis points,https://data.bis.org/topics/CBPOL
2024-11-01,United Kingdom,United Kingdom cut 25bp to 4.75%,monetary policy,standard,cut,-25.0,GB,basis points,https://data.bis.org/topics/CBPOL
2024-11-01,Argentina,Argentina cut 500bp to 35.0%,monetary policy,major,cut,-500.0,AR,basis points,https://data.bis.org/topics/CBPOL
2024-12-01,Hong Kong SAR,Hong Kong SAR cut 25bp to 4.75%,monetary policy,standard,cut,-25.0,HK,basis points,https://data.bis.org/topics/CBPOL
2024-12-01,Chile,Chile cut 25bp to 5.0%,monetary policy,standard,cut,-25.0,CL,basis points,https://data.bis.org/topics/CBPOL
2024-12-01,Denmark,Denmark cut 25bp to 2.6%,monetary policy,standard,cut,-25.0,DK,basis points,https://data.bis.org/topics/CBPOL
2024-12-01,United States,United States cut 25bp to 4.38%,monetary policy,standard,cut,-25.0,US,basis points,https://data.bis.org/topics/CBPOL
2024-12-01,Mexico,Mexico cut 25bp to 10.0%,monetary policy,standard,cut,-25.0,MX,basis points,https://data.bis.org/topics/CBPOL
2024-12-01,Brazil,Brazil hike 100bp to 12.25%,monetary policy,major,hike,100.0,BR,basis points,https://data.bis.org/topics/CBPOL
2024-12-01,Argentina,Argentina cut 300bp to 32.0%,monetary policy,major,cut,-300.0,AR,basis points,https://data.bis.org/topics/CBPOL
2024-12-01,Saudi Arabia,Saudi Arabia cut 25bp to 5.0%,monetary policy,standard,cut,-25.0,SA,basis points,https://data.bis.org/topics/CBPOL
2024-12-01,Colombia,Colombia cut 25bp to 9.5%,monetary policy,standard,cut,-25.0,CO,basis points,https://data.bis.org/topics/CBPOL
2024-12-01,Philippines,Philippines cut 25bp to 5.75%,monetary policy,standard,cut,-25.0,PH,basis points,https://data.bis.org/topics/CBPOL
2024-12-01,Switzerland,Switzerland cut 50bp to 0.5%,monetary policy,standard,cut,-50.0,CH,basis points,https://data.bis.org/topics/CBPOL
2024-12-01,North Macedonia,North Macedonia cut 25bp to 5.55%,monetary policy,standard,cut,-25.0,MK,basis points,https://data.bis.org/topics/CBPOL
2024-12-01,Morocco,Morocco cut 25bp to 2.5%,monetary policy,standard,cut,-25.0,MA,basis points,https://data.bis.org/topics/CBPOL
2024-12-01,Euro area,Euro area cut 25bp to 3.0%,monetary policy,standard,cut,-25.0,XM,basis points,https://data.bis.org/topics/CBPOL
2024-12-01,Canada,Canada cut 50bp to 3.25%,monetary policy,standard,cut,-50.0,CA,basis points,https://data.bis.org/topics/CBPOL
2024-12-01,Türkiye,Türkiye cut 250bp to 47.5%,monetary policy,major,cut,-250.0,TR,basis points,https://data.bis.org/topics/CBPOL
2025-01-01,Brazil,Brazil hike 100bp to 13.25%,monetary policy,major,hike,100.0,BR,basis points,https://data.bis.org/topics/CBPOL
2025-01-01,Argentina,Argentina cut 300bp to 29.0%,monetary policy,major,cut,-300.0,AR,basis points,https://data.bis.org/topics/CBPOL
2025-01-01,Indonesia,Indonesia cut 25bp to 5.75%,monetary policy,standard,cut,-25.0,ID,basis points,https://data.bis.org/topics/CBPOL
2025-01-01,Japan,Japan hike 25bp to 0.5%,monetary policy,standard,hike,25.0,JP,basis points,https://data.bis.org/topics/CBPOL
2025-01-01,Canada,Canada cut 25bp to 3.0%,monetary policy,standard,cut,-25.0,CA,basis points,https://data.bis.org/topics/CBPOL
2025-01-01,Peru,Peru cut 25bp to 4.75%,monetary policy,standard,cut,-25.0,PE,basis points,https://data.bis.org/topics/CBPOL
2025-01-01,South Africa,South Africa cut 25bp to 7.5%,monetary policy,standard,cut,-25.0,ZA,basis points,https://data.bis.org/topics/CBPOL
2025-01-01,Sweden,Sweden cut 25bp to 2.5%,monetary policy,standard,cut,-25.0,SE,basis points,https://data.bis.org/topics/CBPOL
2025-01-01,Denmark,Denmark cut 25bp to 2.35%,monetary policy,standard,cut,-25.0,DK,basis points,https://data.bis.org/topics/CBPOL
2025-01-01,Türkiye,Türkiye cut 250bp to 45.0%,monetary policy,major,cut,-250.0,TR,basis points,https://data.bis.org/topics/CBPOL
2025-02-01,Iceland,Iceland cut 50bp to 8.0%,monetary policy,standard,cut,-50.0,IS,basis points,https://data.bis.org/topics/CBPOL
2025-02-01,Sweden,Sweden cut 25bp to 2.25%,monetary policy,standard,cut,-25.0,SE,basis points,https://data.bis.org/topics/CBPOL
2025-02-01,Korea,Korea cut 25bp to 2.75%,monetary policy,standard,cut,-25.0,KR,basis points,https://data.bis.org/topics/CBPOL
2025-02-01,Thailand,Thailand cut 25bp to 2.0%,monetary policy,standard,cut,-25.0,TH,basis points,https://data.bis.org/topics/CBPOL
2025-02-01,Mexico,Mexico cut 50bp to 9.5%,monetary policy,standard,cut,-50.0,MX,basis points,https://data.bis.org/topics/CBPOL
2025-02-01,North Macedonia,North Macedonia cut 20bp to 5.35%,monetary policy,minor,cut,-20.000000000000018,MK,basis points,https://data.bis.org/topics/CBPOL
2025-02-01,Czechia,Czechia cut 25bp to 3.75%,monetary policy,standard,cut,-25.0,CZ,basis points,https://data.bis.org/topics/CBPOL
2025-02-01,India,India cut 25bp to 6.25%,monetary policy,standard,cut,-25.0,IN,basis points,https://data.bis.org/topics/CBPOL
2025-02-01,Euro area,Euro area cut 25bp to 2.75%,monetary policy,standard,cut,-25.0,XM,basis points,https://data.bis.org/topics/CBPOL
2025-02-01,United Kingdom,United Kingdom cut 25bp to 4.5%,monetary policy,standard,cut,-25.0,GB,basis points,https://data.bis.org/topics/CBPOL
2025-02-01,Australia,Australia cut 25bp to 4.1%,monetary policy,standard,cut,-25.0,AU,basis points,https://data.bis.org/topics/CBPOL
2025-02-01,New Zealand,New Zealand cut 50bp to 3.75%,monetary policy,standard,cut,-50.0,NZ,basis points,https://data.bis.org/topics/CBPOL
2025-03-01,Mexico,Mexico cut 50bp to 9.0%,monetary policy,standard,cut,-50.0,MX,basis points,https://data.bis.org/topics/CBPOL
2025-03-01,Iceland,Iceland cut 25bp to 7.75%,monetary policy,standard,cut,-25.0,IS,basis points,https://data.bis.org/topics/CBPOL
2025-03-01,Switzerland,Switzerland cut 25bp to 0.25%,monetary policy,standard,cut,-25.0,CH,basis points,https://data.bis.org/topics/CBPOL
2025-03-01,Brazil,Brazil hike 100bp to 14.25%,monetary policy,major,hike,100.0,BR,basis points,https://data.bis.org/topics/CBPOL
2025-03-01,Morocco,Morocco cut 25bp to 2.25%,monetary policy,standard,cut,-25.0,MA,basis points,https://data.bis.org/topics/CBPOL
2025-03-01,Euro area,Euro area cut 25bp to 2.5%,monetary policy,standard,cut,-25.0,XM,basis points,https://data.bis.org/topics/CBPOL
2025-03-01,Denmark,Denmark cut 25bp to 2.1%,monetary policy,standard,cut,-25.0,DK,basis points,https://data.bis.org/topics/CBPOL
2025-03-01,Türkiye,Türkiye cut 250bp to 42.5%,monetary policy,major,cut,-250.0,TR,basis points,https://data.bis.org/topics/CBPOL
2025-03-01,Canada,Canada cut 25bp to 2.75%,monetary policy,standard,cut,-25.0,CA,basis points,https://data.bis.org/topics/CBPOL
2025-04-01,Thailand,Thailand cut 25bp to 1.75%,monetary policy,standard,cut,-25.0,TH,basis points,https://data.bis.org/topics/CBPOL
2025-04-01,Philippines,Philippines cut 25bp to 5.5%,monetary policy,standard,cut,-25.0,PH,basis points,https://data.bis.org/topics/CBPOL
2025-04-01,India,India cut 25bp to 6.0%,monetary policy,standard,cut,-25.0,IN,basis points,https://data.bis.org/topics/CBPOL
2025-04-01,Türkiye,Türkiye hike 350bp to 46.0%,monetary policy,major,hike,350.0,TR,basis points,https://data.bis.org/topics/CBPOL
2025-04-01,Euro area,Euro area cut 25bp to 2.25%,monetary policy,standard,cut,-25.0,XM,basis points,https://data.bis.org/topics/CBPOL
2025-04-01,New Zealand,New Zealand cut 25bp to 3.5%,monetary policy,standard,cut,-25.0,NZ,basis points,https://data.bis.org/topics/CBPOL
2025-04-01,Denmark,Denmark cut 25bp to 1.85%,monetary policy,standard,cut,-25.0,DK,basis points,https://data.bis.org/topics/CBPOL
2025-05-01,Mexico,Mexico cut 50bp to 8.5%,monetary policy,standard,cut,-50.0,MX,basis points,https://data.bis.org/topics/CBPOL
2025-05-01,China,China cut 10bp to 3.0%,monetary policy,minor,cut,-10.000000000000009,CN,basis points,https://data.bis.org/topics/CBPOL
2025-05-01,Czechia,Czechia cut 25bp to 3.5%,monetary policy,standard,cut,-25.0,CZ,basis points,https://data.bis.org/topics/CBPOL
2025-05-01,Australia,Australia cut 25bp to 3.85%,monetary policy,minor,cut,-24.999999999999957,AU,basis points,https://data.bis.org/topics/CBPOL
2025-05-01,New Zealand,New Zealand cut 25bp to 3.25%,monetary policy,standard,cut,-25.0,NZ,basis points,https://data.bis.org/topics/CBPOL
2025-05-01,United Kingdom,United Kingdom cut 25bp to 4.25%,monetary policy,standard,cut,-25.0,GB,basis points,https://data.bis.org/topics/CBPOL
2025-05-01,Iceland,Iceland cut 25bp to 7.5%,monetary policy,standard,cut,-25.0,IS,basis points,https://data.bis.org/topics/CBPOL
2025-05-01,South Africa,South Africa cut 25bp to 7.25%,monetary policy,standard,cut,-25.0,ZA,basis points,https://data.bis.org/topics/CBPOL
2025-05-01,Brazil,Brazil hike 50bp to 14.75%,monetary policy,standard,hike,50.0,BR,basis points,https://data.bis.org/topics/CBPOL
2025-05-01,Peru,Peru cut 25bp to 4.5%,monetary policy,standard,cut,-25.0,PE,basis points,https://data.bis.org/topics/CBPOL
2025-05-01,Poland,Poland cut 50bp to 5.25%,monetary policy,standard,cut,-50.0,PL,basis points,https://data.bis.org/topics/CBPOL
2025-05-01,Korea,Korea cut 25bp to 2.5%,monetary policy,standard,cut,-25.0,KR,basis points,https://data.bis.org/topics/CBPOL
2025-05-01,Indonesia,Indonesia cut 25bp to 5.5%,monetary policy,standard,cut,-25.0,ID,basis points,https://data.bis.org/topics/CBPOL
2025-05-01,Colombia,Colombia cut 25bp to 9.25%,monetary policy,standard,cut,-25.0,CO,basis points,https://data.bis.org/topics/CBPOL
2025-06-01,Euro area,Euro area cut 25bp to 2.0%,monetary policy,standard,cut,-25.0,XM,basis points,https://data.bis.org/topics/CBPOL
2025-06-01,Philippines,Philippines cut 25bp to 5.25%,monetary policy,standard,cut,-25.0,PH,basis points,https://data.bis.org/topics/CBPOL
2025-06-01,Mexico,Mexico cut 50bp to 8.0%,monetary policy,standard,cut,-50.0,MX,basis points,https://data.bis.org/topics/CBPOL
2025-06-01,Russia,Russia cut 100bp to 20.0%,monetary policy,major,cut,-100.0,RU,basis points,https://data.bis.org/topics/CBPOL
2025-06-01,Brazil,Brazil hike 25bp to 15.0%,monetary policy,standard,hike,25.0,BR,basis points,https://data.bis.org/topics/CBPOL
2025-06-01,Sweden,Sweden cut 25bp to 2.0%,monetary policy,standard,cut,-25.0,SE,basis points,https://data.bis.org/topics/CBPOL
2025-06-01,India,India cut 50bp to 5.5%,monetary policy,standard,cut,-50.0,IN,basis points,https://data.bis.org/topics/CBPOL
2025-06-01,Switzerland,Switzerland cut 25bp to 0.0%,monetary policy,standard,cut,-25.0,CH,basis points,https://data.bis.org/topics/CBPOL
2025-06-01,Denmark,Denmark cut 25bp to 1.6%,monetary policy,standard,cut,-25.0,DK,basis points,https://data.bis.org/topics/CBPOL
2025-06-01,Norway,Norway cut 25bp to 4.25%,monetary policy,standard,cut,-25.0,NO,basis points,https://data.bis.org/topics/CBPOL
2025-07-01,Malaysia,Malaysia cut 25bp to 2.75%,monetary policy,standard,cut,-25.0,MY,basis points,https://data.bis.org/topics/CBPOL
2025-07-01,Russia,Russia cut 200bp to 18.0%,monetary policy,major,cut,-200.0,RU,basis points,https://data.bis.org/topics/CBPOL
2025-07-01,Indonesia,Indonesia cut 25bp to 5.25%,monetary policy,standard,cut,-25.0,ID,basis points,https://data.bis.org/topics/CBPOL
2025-07-01,Chile,Chile cut 25bp to 4.75%,monetary policy,standard,cut,-25.0,CL,basis points,https://data.bis.org/topics/CBPOL
2025-07-01,Poland,Poland cut 25bp to 5.0%,monetary policy,standard,cut,-25.0,PL,basis points,https://data.bis.org/topics/CBPOL
2025-07-01,Türkiye,Türkiye cut 300bp to 43.0%,monetary policy,major,cut,-300.0,TR,basis points,https://data.bis.org/topics/CBPOL
2025-08-01,Thailand,Thailand cut 25bp to 1.5%,monetary policy,standard,cut,-25.0,TH,basis points,https://data.bis.org/topics/CBPOL
2025-08-01,United Kingdom,United Kingdom cut 25bp to 4.0%,monetary policy,standard,cut,-25.0,GB,basis points,https://data.bis.org/topics/CBPOL
2025-08-01,Philippines,Philippines cut 25bp to 5.0%,monetary policy,standard,cut,-25.0,PH,basis points,https://data.bis.org/topics/CBPOL
2025-08-01,New Zealand,New Zealand cut 25bp to 3.0%,monetary policy,standard,cut,-25.0,NZ,basis points,https://data.bis.org/topics/CBPOL
2025-08-01,Indonesia,Indonesia cut 25bp to 5.0%,monetary policy,standard,cut,-25.0,ID,basis points,https://data.bis.org/topics/CBPOL
2025-08-01,Mexico,Mexico cut 25bp to 7.75%,monetary policy,standard,cut,-25.0,MX,basis points,https://data.bis.org/topics/CBPOL
2025-08-01,Australia,Australia cut 25bp to 3.6%,monetary policy,standard,cut,-25.0,AU,basis points,https://data.bis.org/topics/CBPOL
2025-08-01,South Africa,South Africa cut 25bp to 7.0%,monetary policy,standard,cut,-25.0,ZA,basis points,https://data.bis.org/topics/CBPOL
2025-09-01,Mexico,Mexico cut 25bp to 7.5%,monetary policy,standard,cut,-25.0,MX,basis points,https://data.bis.org/topics/CBPOL
2025-09-01,Russia,Russia cut 100bp to 17.0%,monetary policy,major,cut,-100.0,RU,basis points,https://data.bis.org/topics/CBPOL
2025-09-01,Poland,Poland cut 25bp to 4.75%,monetary policy,standard,cut,-25.0,PL,basis points,https://data.bis.org/topics/CBPOL
2025-09-01,Kuwait,Kuwait cut 25bp to 3.75%,monetary policy,standard,cut,-25.0,KW,basis points,https://data.bis.org/topics/CBPOL
2025-09-01,Norway,Norway cut 25bp to 4.0%,monetary policy,standard,cut,-25.0,NO,basis points,https://data.bis.org/topics/CBPOL
2025-09-01,Saudi Arabia,Saudi Arabia cut 25bp to 4.75%,monetary policy,standard,cut,-25.0,SA,basis points,https://data.bis.org/topics/CBPOL
2025-09-01,Peru,Peru cut 25bp to 4.25%,monetary policy,standard,cut,-25.0,PE,basis points,https://data.bis.org/topics/CBPOL
2025-09-01,United States,United States cut 25bp to 4.12%,monetary policy,standard,cut,-25.0,US,basis points,https://data.bis.org/topics/CBPOL
2025-09-01,Türkiye,Türkiye cut 250bp to 40.5%,monetary policy,major,cut,-250.0,TR,basis points,https://data.bis.org/topics/CBPOL
2025-09-01,Canada,Canada cut 25bp to 2.5%,monetary policy,standard,cut,-25.0,CA,basis points,https://data.bis.org/topics/CBPOL
2025-09-01,Indonesia,Indonesia cut 25bp to 4.75%,monetary policy,standard,cut,-25.0,ID,basis points,https://data.bis.org/topics/CBPOL
2025-09-01,Hong Kong SAR,Hong Kong SAR cut 25bp to 4.5%,monetary policy,standard,cut,-25.0,HK,basis points,https://data.bis.org/topics/CBPOL
2025-10-01,New Zealand,New Zealand cut 50bp to 2.5%,monetary policy,standard,cut,-50.0,NZ,basis points,https://data.bis.org/topics/CBPOL
2025-10-01,Philippines,Philippines cut 25bp to 4.75%,monetary policy,standard,cut,-25.0,PH,basis points,https://data.bis.org/topics/CBPOL
2025-10-01,Türkiye,Türkiye cut 100bp to 39.5%,monetary policy,major,cut,-100.0,TR,basis points,https://data.bis.org/topics/CBPOL
2025-10-01,Poland,Poland cut 25bp to 4.5%,monetary policy,standard,cut,-25.0,PL,basis points,https://data.bis.org/topics/CBPOL
2025-10-01,Saudi Arabia,Saudi Arabia cut 25bp to 4.5%,monetary policy,standard,cut,-25.0,SA,basis points,https://data.bis.org/topics/CBPOL
2025-10-01,Sweden,Sweden cut 25bp to 1.75%,monetary policy,standard,cut,-25.0,SE,basis points,https://data.bis.org/topics/CBPOL
2025-10-01,Russia,Russia cut 50bp to 16.5%,monetary policy,standard,cut,-50.0,RU,basis points,https://data.bis.org/topics/CBPOL
2025-10-01,Canada,Canada cut 25bp to 2.25%,monetary policy,standard,cut,-25.0,CA,basis points,https://data.bis.org/topics/CBPOL
2025-10-01,United States,United States cut 25bp to 3.88%,monetary policy,standard,cut,-25.0,US,basis points,https://data.bis.org/topics/CBPOL
2025-10-01,Hong Kong SAR,Hong Kong SAR cut 25bp to 4.25%,monetary policy,standard,cut,-25.0,HK,basis points,https://data.bis.org/topics/CBPOL
2025-11-01,Mexico,Mexico cut 25bp to 7.25%,monetary policy,standard,cut,-25.0,MX,basis points,https://data.bis.org/topics/CBPOL
2025-11-01,New Zealand,New Zealand cut 25bp to 2.25%,monetary policy,standard,cut,-25.0,NZ,basis points,https://data.bis.org/topics/CBPOL
2025-11-01,Poland,Poland cut 25bp to 4.25%,monetary policy,standard,cut,-25.0,PL,basis points,https://data.bis.org/topics/CBPOL
2025-11-01,Israel,Israel cut 25bp to 4.25%,monetary policy,standard,cut,-25.0,IL,basis points,https://data.bis.org/topics/CBPOL
2025-11-01,South Africa,South Africa cut 25bp to 6.75%,monetary policy,standard,cut,-25.0,ZA,basis points,https://data.bis.org/topics/CBPOL
2025-11-01,Iceland,Iceland cut 25bp to 7.25%,monetary policy,standard,cut,-25.0,IS,basis points,https://data.bis.org/topics/CBPOL
2025-12-01,Japan,Japan hike 25bp to 0.75%,monetary policy,standard,hike,25.0,JP,basis points,https://data.bis.org/topics/CBPOL
2025-12-01,Hong Kong SAR,Hong Kong SAR cut 25bp to 4.0%,monetary policy,standard,cut,-25.0,HK,basis points,https://data.bis.org/topics/CBPOL
2025-12-01,India,India cut 25bp to 5.25%,monetary policy,standard,cut,-25.0,IN,basis points,https://data.bis.org/topics/CBPOL
2025-12-01,Kuwait,Kuwait cut 25bp to 3.5%,monetary policy,standard,cut,-25.0,KW,basis points,https://data.bis.org/topics/CBPOL
2025-12-01,North Macedonia,North Macedonia cut 135bp to 4.0%,monetary policy,major,cut,-134.99999999999997,MK,basis points,https://data.bis.org/topics/CBPOL
2025-12-01,Mexico,Mexico cut 25bp to 7.0%,monetary policy,standard,cut,-25.0,MX,basis points,https://data.bis.org/topics/CBPOL
2025-12-01,United States,United States cut 25bp to 3.62%,monetary policy,standard,cut,-25.0,US,basis points,https://data.bis.org/topics/CBPOL
2025-12-01,Philippines,Philippines cut 25bp to 4.5%,monetary policy,standard,cut,-25.0,PH,basis points,https://data.bis.org/topics/CBPOL
2025-12-01,Thailand,Thailand cut 25bp to 1.25%,monetary policy,standard,cut,-25.0,TH,basis points,https://data.bis.org/topics/CBPOL
2025-12-01,Saudi Arabia,Saudi Arabia cut 25bp to 4.25%,monetary policy,standard,cut,-25.0,SA,basis points,https://data.bis.org/topics/CBPOL
2025-12-01,Türkiye,Türkiye cut 150bp to 38.0%,monetary policy,major,cut,-150.0,TR,basis points,https://data.bis.org/topics/CBPOL
2025-12-01,Russia,Russia cut 50bp to 16.0%,monetary policy,standard,cut,-50.0,RU,basis points,https://data.bis.org/topics/CBPOL
2025-12-01,United Kingdom,United Kingdom cut 25bp to 3.75%,monetary policy,standard,cut,-25.0,GB,basis points,https://data.bis.org/topics/CBPOL
2025-12-01,Chile,Chile cut 25bp to 4.5%,monetary policy,standard,cut,-25.0,CL,basis points,https://data.bis.org/topics/CBPOL
2025-12-01,Poland,Poland cut 25bp to 4.0%,monetary policy,standard,cut,-25.0,PL,basis points,https://data.bis.org/topics/CBPOL
2026-01-01,Israel,Israel cut 25bp to 4.0%,monetary policy,standard,cut,-25.0,IL,basis points,https://data.bis.org/topics/CBPOL
2026-01-01,Türkiye,Türkiye cut 100bp to 37.0%,monetary policy,major,cut,-100.0,TR,basis points,https://data.bis.org/topics/CBPOL
2026-02-01,Australia,Australia hike 25bp to 3.85%,monetary policy,standard,hike,25.0,AU,basis points,https://data.bis.org/topics/CBPOL
2026-02-01,Thailand,Thailand cut 25bp to 1.0%,monetary policy,standard,cut,-25.0,TH,basis points,https://data.bis.org/topics/CBPOL
2026-02-01,Hungary,Hungary cut 25bp to 6.25%,monetary policy,standard,cut,-25.0,HU,basis points,https://data.bis.org/topics/CBPOL
2026-02-01,Russia,Russia cut 50bp to 15.5%,monetary policy,standard,cut,-50.0,RU,basis points,https://data.bis.org/topics/CBPOL
2026-02-01,Philippines,Philippines cut 25bp to 4.25%,monetary policy,standard,cut,-25.0,PH,basis points,https://data.bis.org/topics/CBPOL
2026-02-01,Colombia,Colombia hike 100bp to 10.25%,monetary policy,major,hike,100.0,CO,basis points,https://data.bis.org/topics/CBPOL
2026-03-01,Poland,Poland cut 25bp to 3.75%,monetary policy,standard,cut,-25.0,PL,basis points,https://data.bis.org/topics/CBPOL
2026-03-01,Australia,Australia hike 25bp to 4.1%,monetary policy,minor,hike,24.999999999999957,AU,basis points,https://data.bis.org/topics/CBPOL
2026-03-01,Iceland,Iceland hike 25bp to 7.5%,monetary policy,standard,hike,25.0,IS,basis points,https://data.bis.org/topics/CBPOL
2026-03-01,Mexico,Mexico cut 25bp to 6.75%,monetary policy,standard,cut,-25.0,MX,basis points,https://data.bis.org/topics/CBPOL
2026-03-01,Brazil,Brazil cut 25bp to 14.75%,monetary policy,standard,cut,-25.0,BR,basis points,https://data.bis.org/topics/CBPOL
2026-03-01,Russia,Russia cut 50bp to 15.0%,monetary policy,standard,cut,-50.0,RU,basis points,https://data.bis.org/topics/CBPOL
2026-04-01,Philippines,Philippines hike 25bp to 4.5%,monetary policy,standard,hike,25.0,PH,basis points,https://data.bis.org/topics/CBPOL
2026-04-01,Brazil,Brazil cut 25bp to 14.5%,monetary policy,standard,cut,-25.0,BR,basis points,https://data.bis.org/topics/CBPOL
2026-04-01,Colombia,Colombia hike 100bp to 11.25%,monetary policy,major,hike,100.0,CO,basis points,https://data.bis.org/topics/CBPOL
2026-04-01,Russia,Russia cut 50bp to 14.5%,monetary policy,standard,cut,-50.0,RU,basis points,https://data.bis.org/topics/CBPOL
2026-05-01,Australia,Australia hike 25bp to 4.35%,monetary policy,standard,hike,25.0,AU,basis points,https://data.bis.org/topics/CBPOL
2026-05-01,Norway,Norway hike 25bp to 4.25%,monetary policy,standard,hike,25.0,NO,basis points,https://data.bis.org/topics/CBPOL
2026-05-01,Israel,Israel cut 25bp to 3.75%,monetary policy,standard,cut,-25.0,IL,basis points,https://data.bis.org/topics/CBPOL
2026-05-01,South Africa,South Africa hike 25bp to 7.0%,monetary policy,standard,hike,25.0,ZA,basis points,https://data.bis.org/topics/CBPOL
2026-05-01,Indonesia,Indonesia hike 50bp to 5.25%,monetary policy,standard,hike,50.0,ID,basis points,https://data.bis.org/topics/CBPOL
2026-05-01,Iceland,Iceland hike 25bp to 7.75%,monetary policy,standard,hike,25.0,IS,basis points,https://data.bis.org/topics/CBPOL
2026-05-01,Mexico,Mexico cut 25bp to 6.5%,monetary policy,standard,cut,-25.0,MX,basis points,https://data.bis.org/topics/CBPOL
2026-06-01,Czechia,Czechia hike 25bp to 3.75%,monetary policy,standard,hike,25.0,CZ,basis points,https://data.bis.org/topics/CBPOL
2026-06-01,Denmark,Denmark hike 25bp to 1.85%,monetary policy,standard,hike,25.0,DK,basis points,https://data.bis.org/topics/CBPOL
2026-06-01,Euro area,Euro area hike 25bp to 2.25%,monetary policy,standard,hike,25.0,XM,basis points,https://data.bis.org/topics/CBPOL
2026-06-01,Indonesia,Indonesia hike 50bp to 5.75%,monetary policy,standard,hike,50.0,ID,basis points,https://data.bis.org/topics/CBPOL
2026-06-01,Japan,Japan hike 25bp to 1.0%,monetary policy,standard,hike,25.0,JP,basis points,https://data.bis.org/topics/CBPOL
2026-06-01,Russia,Russia cut 25bp to 14.25%,monetary policy,standard,cut,-25.0,RU,basis points,https://data.bis.org/topics/CBPOL
2026-06-01,Philippines,Philippines hike 25bp to 4.75%,monetary policy,standard,hike,25.0,PH,basis points,https://data.bis.org/topics/CBPOL
2026-06-01,North Macedonia,North Macedonia hike 25bp to 4.25%,monetary policy,standard,hike,25.0,MK,basis points,https://data.bis.org/topics/CBPOL
2026-06-01,Brazil,Brazil cut 25bp to 14.25%,monetary policy,standard,cut,-25.0,BR,basis points,https://data.bis.org/topics/CBPOL
2026-07-01,Russia,Russia cut 25bp to 14.0%,monetary policy,standard,cut,-25.0,RU,basis points,https://data.bis.org/topics/CBPOL
2026-07-01,Hungary,Hungary cut 50bp to 5.75%,monetary policy,standard,cut,-50.0,HU,basis points,https://data.bis.org/topics/CBPOL
2026-07-01,Korea,Korea hike 25bp to 2.75%,monetary policy,standard,hike,25.0,KR,basis points,https://data.bis.org/topics/CBPOL
2026-07-01,Colombia,Colombia hike 75bp to 12.0%,monetary policy,major,hike,75.0,CO,basis points,https://data.bis.org/topics/CBPOL
2026-07-01,New Zealand,New Zealand hike 25bp to 2.5%,monetary policy,standard,hike,25.0,NZ,basis points,https://data.bis.org/topics/CBPOL
2026-07-01,Israel,Israel cut 25bp to 3.5%,monetary policy,standard,cut,-25.0,IL,basis points,https://data.bis.org/topics/CBPOL
2026-08-01,Iceland,Iceland hike 25bp to 8.0%,monetary policy,standard,hike,25.0,IS,basis points,https://data.bis.org/topics/CBPOL
2026-08-01,Brazil,Brazil cut 25bp to 14.0%,monetary policy,standard,cut,-25.0,BR,basis points,https://data.bis.org/topics/CBPOL
2026-08-01,Hungary,Hungary cut 25bp to 5.5%,monetary policy,standard,cut,-25.0,HU,basis points,https://data.bis.org/topics/CBPOL
2026-08-01,Philippines,Philippines hike 25bp to 5.0%,monetary policy,standard,hike,25.0,PH,basis points,https://data.bis.org/topics/CBPOL
