date,series,value,unit,source_repo
1990-01-02,vix_close,17.24,index,github.com/datasets/finance-vix
1990-01-03,vix_close,18.19,index,github.com/datasets/finance-vix
1990-01-04,vix_close,19.22,index,github.com/datasets/finance-vix
1990-01-05,vix_close,20.11,index,github.com/datasets/finance-vix
1990-01-08,vix_close,20.26,index,github.com/datasets/finance-vix
1990-01-09,vix_close,22.2,index,github.com/datasets/finance-vix
1990-01-10,vix_close,22.44,index,github.com/datasets/finance-vix
1990-01-11,vix_close,20.05,index,github.com/datasets/finance-vix
1990-01-12,vix_close,24.64,index,github.com/datasets/finance-vix
1990-01-15,vix_close,26.34,index,github.com/datasets/finance-vix
1990-01-16,vix_close,24.18,index,github.com/datasets/finance-vix
1990-01-17,vix_close,24.16,index,github.com/datasets/finance-vix
1990-01-18,vix_close,24.34,index,github.com/datasets/finance-vix
1990-01-19,vix_close,22.5,index,github.com/datasets/finance-vix
1990-01-22,vix_close,26.7,index,github.com/datasets/finance-vix
1990-01-23,vix_close,24.72,index,github.com/datasets/finance-vix
1990-01-24,vix_close,25.39,index,github.com/datasets/finance-vix
1990-01-25,vix_close,25.63,index,github.com/datasets/finance-vix
1990-01-26,vix_close,26.28,index,github.com/datasets/finance-vix
1990-01-29,vix_close,26.44,index,github.com/datasets/finance-vix
1990-01-30,vix_close,27.25,index,github.com/datasets/finance-vix
1990-01-31,vix_close,25.36,index,github.com/datasets/finance-vix
1990-02-01,vix_close,24.87,index,github.com/datasets/finance-vix
1990-02-02,vix_close,24.32,index,github.com/datasets/finance-vix
1990-02-05,vix_close,24.54,index,github.com/datasets/finance-vix
1990-02-06,vix_close,24.69,index,github.com/datasets/finance-vix
1990-02-07,vix_close,24.29,index,github.com/datasets/finance-vix
1990-02-08,vix_close,23.77,index,github.com/datasets/finance-vix
1990-02-09,vix_close,23.69,index,github.com/datasets/finance-vix
1990-02-12,vix_close,24.38,index,github.com/datasets/finance-vix
1990-02-13,vix_close,23.76,index,github.com/datasets/finance-vix
1990-02-14,vix_close,22.05,index,github.com/datasets/finance-vix
1990-02-15,vix_close,19.71,index,github.com/datasets/finance-vix
1990-02-16,vix_close,20.78,index,github.com/datasets/finance-vix
1990-02-20,vix_close,22.78,index,github.com/datasets/finance-vix
1990-02-21,vix_close,23.89,index,github.com/datasets/finance-vix
1990-02-22,vix_close,22.54,index,github.com/datasets/finance-vix
1990-02-23,vix_close,23.69,index,github.com/datasets/finance-vix
1990-02-26,vix_close,23.56,index,github.com/datasets/finance-vix
1990-02-27,vix_close,22.69,index,github.com/datasets/finance-vix
1990-02-28,vix_close,21.99,index,github.com/datasets/finance-vix
1990-03-01,vix_close,21.9,index,github.com/datasets/finance-vix
1990-03-02,vix_close,21.34,index,github.com/datasets/finance-vix
1990-03-05,vix_close,22.03,index,github.com/datasets/finance-vix
1990-03-06,vix_close,20.55,index,github.com/datasets/finance-vix
1990-03-07,vix_close,19.1,index,github.com/datasets/finance-vix
1990-03-08,vix_close,19.74,index,github.com/datasets/finance-vix
1990-03-09,vix_close,20.3,index,github.com/datasets/finance-vix
1990-03-12,vix_close,20.07,index,github.com/datasets/finance-vix
1990-03-13,vix_close,21.05,index,github.com/datasets/finance-vix
1990-03-14,vix_close,19.65,index,github.com/datasets/finance-vix
1990-03-15,vix_close,18.81,index,github.com/datasets/finance-vix
1990-03-16,vix_close,17.62,index,github.com/datasets/finance-vix
1990-03-19,vix_close,18.29,index,github.com/datasets/finance-vix
1990-03-20,vix_close,19.06,index,github.com/datasets/finance-vix
1990-03-21,vix_close,20.1,index,github.com/datasets/finance-vix
1990-03-22,vix_close,22.74,index,github.com/datasets/finance-vix
1990-03-23,vix_close,20.46,index,github.com/datasets/finance-vix
1990-03-26,vix_close,19.59,index,github.com/datasets/finance-vix
1990-03-27,vix_close,21.01,index,github.com/datasets/finance-vix
1990-03-28,vix_close,19.77,index,github.com/datasets/finance-vix
1990-03-29,vix_close,18.46,index,github.com/datasets/finance-vix
1990-03-30,vix_close,19.73,index,github.com/datasets/finance-vix
1990-04-02,vix_close,22.84,index,github.com/datasets/finance-vix
1990-04-03,vix_close,20.44,index,github.com/datasets/finance-vix
1990-04-04,vix_close,22.03,index,github.com/datasets/finance-vix
1990-04-05,vix_close,21.21,index,github.com/datasets/finance-vix
1990-04-06,vix_close,21.76,index,github.com/datasets/finance-vix
1990-04-09,vix_close,22.3,index,github.com/datasets/finance-vix
1990-04-10,vix_close,21.69,index,github.com/datasets/finance-vix
1990-04-11,vix_close,17.73,index,github.com/datasets/finance-vix
1990-04-12,vix_close,19.8,index,github.com/datasets/finance-vix
1990-04-16,vix_close,20.75,index,github.com/datasets/finance-vix
1990-04-17,vix_close,20.38,index,github.com/datasets/finance-vix
1990-04-18,vix_close,22.67,index,github.com/datasets/finance-vix
1990-04-19,vix_close,22.46,index,github.com/datasets/finance-vix
1990-04-20,vix_close,23.33,index,github.com/datasets/finance-vix
1990-04-23,vix_close,24.16,index,github.com/datasets/finance-vix
1990-04-24,vix_close,21.7,index,github.com/datasets/finance-vix
1990-04-25,vix_close,20.86,index,github.com/datasets/finance-vix
1990-04-26,vix_close,20.25,index,github.com/datasets/finance-vix
1990-04-27,vix_close,22.19,index,github.com/datasets/finance-vix
1990-04-30,vix_close,19.52,index,github.com/datasets/finance-vix
1990-05-01,vix_close,18.43,index,github.com/datasets/finance-vix
1990-05-02,vix_close,19.32,index,github.com/datasets/finance-vix
1990-05-03,vix_close,17.81,index,github.com/datasets/finance-vix
1990-05-04,vix_close,17.28,index,github.com/datasets/finance-vix
1990-05-07,vix_close,17.65,index,github.com/datasets/finance-vix
1990-05-08,vix_close,18.49,index,github.com/datasets/finance-vix
1990-05-09,vix_close,18.64,index,github.com/datasets/finance-vix
1990-05-10,vix_close,18.59,index,github.com/datasets/finance-vix
1990-05-11,vix_close,19.81,index,github.com/datasets/finance-vix
1990-05-14,vix_close,20.14,index,github.com/datasets/finance-vix
1990-05-15,vix_close,19.49,index,github.com/datasets/finance-vix
1990-05-16,vix_close,17.71,index,github.com/datasets/finance-vix
1990-05-17,vix_close,17.27,index,github.com/datasets/finance-vix
1990-05-18,vix_close,17.2,index,github.com/datasets/finance-vix
1990-05-21,vix_close,16.72,index,github.com/datasets/finance-vix
1990-05-22,vix_close,17.84,index,github.com/datasets/finance-vix
1990-05-23,vix_close,17.18,index,github.com/datasets/finance-vix
1990-05-24,vix_close,17.7,index,github.com/datasets/finance-vix
1990-05-25,vix_close,17.32,index,github.com/datasets/finance-vix
1990-05-29,vix_close,18.75,index,github.com/datasets/finance-vix
1990-05-30,vix_close,17.44,index,github.com/datasets/finance-vix
1990-05-31,vix_close,17.37,index,github.com/datasets/finance-vix
1990-06-01,vix_close,17.09,index,github.com/datasets/finance-vix
1990-06-04,vix_close,18.39,index,github.com/datasets/finance-vix
1990-06-05,vix_close,18.97,index,github.com/datasets/finance-vix
1990-06-06,vix_close,17.42,index,github.com/datasets/finance-vix
1990-06-07,vix_close,16.88,index,github.com/datasets/finance-vix
1990-06-08,vix_close,17.58,index,github.com/datasets/finance-vix
1990-06-11,vix_close,16.34,index,github.com/datasets/finance-vix
1990-06-12,vix_close,16.6,index,github.com/datasets/finance-vix
1990-06-13,vix_close,17.38,index,github.com/datasets/finance-vix
1990-06-14,vix_close,17.4,index,github.com/datasets/finance-vix
1990-06-15,vix_close,15.9,index,github.com/datasets/finance-vix
1990-06-18,vix_close,17.71,index,github.com/datasets/finance-vix
1990-06-19,vix_close,15.23,index,github.com/datasets/finance-vix
1990-06-20,vix_close,15.27,index,github.com/datasets/finance-vix
1990-06-21,vix_close,14.72,index,github.com/datasets/finance-vix
1990-06-22,vix_close,19.36,index,github.com/datasets/finance-vix
1990-06-25,vix_close,17.06,index,github.com/datasets/finance-vix
1990-06-26,vix_close,16.29,index,github.com/datasets/finance-vix
1990-06-27,vix_close,16.0,index,github.com/datasets/finance-vix
1990-06-28,vix_close,16.18,index,github.com/datasets/finance-vix
1990-06-29,vix_close,15.5,index,github.com/datasets/finance-vix
1990-07-02,vix_close,16.26,index,github.com/datasets/finance-vix
1990-07-03,vix_close,16.11,index,github.com/datasets/finance-vix
1990-07-05,vix_close,17.25,index,github.com/datasets/finance-vix
1990-07-06,vix_close,16.41,index,github.com/datasets/finance-vix
1990-07-09,vix_close,16.66,index,github.com/datasets/finance-vix
1990-07-10,vix_close,16.92,index,github.com/datasets/finance-vix
1990-07-11,vix_close,16.68,index,github.com/datasets/finance-vix
1990-07-12,vix_close,17.06,index,github.com/datasets/finance-vix
1990-07-13,vix_close,17.09,index,github.com/datasets/finance-vix
1990-07-16,vix_close,16.75,index,github.com/datasets/finance-vix
1990-07-17,vix_close,16.66,index,github.com/datasets/finance-vix
1990-07-18,vix_close,18.9,index,github.com/datasets/finance-vix
1990-07-19,vix_close,18.56,index,github.com/datasets/finance-vix
1990-07-20,vix_close,15.63,index,github.com/datasets/finance-vix
1990-07-23,vix_close,23.68,index,github.com/datasets/finance-vix
1990-07-24,vix_close,21.79,index,github.com/datasets/finance-vix
1990-07-25,vix_close,20.19,index,github.com/datasets/finance-vix
1990-07-26,vix_close,20.26,index,github.com/datasets/finance-vix
1990-07-27,vix_close,21.12,index,github.com/datasets/finance-vix
1990-07-30,vix_close,21.16,index,github.com/datasets/finance-vix
1990-07-31,vix_close,21.11,index,github.com/datasets/finance-vix
1990-08-01,vix_close,21.64,index,github.com/datasets/finance-vix
1990-08-02,vix_close,20.43,index,github.com/datasets/finance-vix
1990-08-03,vix_close,28.74,index,github.com/datasets/finance-vix
1990-08-06,vix_close,35.91,index,github.com/datasets/finance-vix
1990-08-07,vix_close,32.75,index,github.com/datasets/finance-vix
1990-08-08,vix_close,28.27,index,github.com/datasets/finance-vix
1990-08-09,vix_close,24.39,index,github.com/datasets/finance-vix
1990-08-10,vix_close,25.75,index,github.com/datasets/finance-vix
1990-08-13,vix_close,25.74,index,github.com/datasets/finance-vix
1990-08-14,vix_close,24.18,index,github.com/datasets/finance-vix
1990-08-15,vix_close,23.31,index,github.com/datasets/finance-vix
1990-08-16,vix_close,27.16,index,github.com/datasets/finance-vix
1990-08-17,vix_close,27.53,index,github.com/datasets/finance-vix
1990-08-20,vix_close,26.46,index,github.com/datasets/finance-vix
1990-08-21,vix_close,28.9,index,github.com/datasets/finance-vix
1990-08-22,vix_close,30.55,index,github.com/datasets/finance-vix
1990-08-23,vix_close,36.47,index,github.com/datasets/finance-vix
1990-08-24,vix_close,33.93,index,github.com/datasets/finance-vix
1990-08-27,vix_close,29.63,index,github.com/datasets/finance-vix
1990-08-28,vix_close,29.12,index,github.com/datasets/finance-vix
1990-08-29,vix_close,27.38,index,github.com/datasets/finance-vix
1990-08-30,vix_close,29.89,index,github.com/datasets/finance-vix
1990-08-31,vix_close,29.9,index,github.com/datasets/finance-vix
1990-09-04,vix_close,29.58,index,github.com/datasets/finance-vix
1990-09-05,vix_close,28.52,index,github.com/datasets/finance-vix
1990-09-06,vix_close,30.19,index,github.com/datasets/finance-vix
1990-09-07,vix_close,28.73,index,github.com/datasets/finance-vix
1990-09-10,vix_close,29.34,index,github.com/datasets/finance-vix
1990-09-11,vix_close,28.38,index,github.com/datasets/finance-vix
1990-09-12,vix_close,28.12,index,github.com/datasets/finance-vix
1990-09-13,vix_close,29.33,index,github.com/datasets/finance-vix
1990-09-14,vix_close,30.56,index,github.com/datasets/finance-vix
1990-09-17,vix_close,29.55,index,github.com/datasets/finance-vix
1990-09-18,vix_close,28.82,index,github.com/datasets/finance-vix
1990-09-19,vix_close,27.88,index,github.com/datasets/finance-vix
1990-09-20,vix_close,28.66,index,github.com/datasets/finance-vix
1990-09-21,vix_close,30.04,index,github.com/datasets/finance-vix
1990-09-24,vix_close,30.56,index,github.com/datasets/finance-vix
1990-09-25,vix_close,28.81,index,github.com/datasets/finance-vix
1990-09-26,vix_close,28.19,index,github.com/datasets/finance-vix
1990-09-27,vix_close,28.67,index,github.com/datasets/finance-vix
1990-09-28,vix_close,29.11,index,github.com/datasets/finance-vix
1990-10-01,vix_close,28.06,index,github.com/datasets/finance-vix
1990-10-02,vix_close,27.28,index,github.com/datasets/finance-vix
1990-10-03,vix_close,27.9,index,github.com/datasets/finance-vix
1990-10-04,vix_close,27.51,index,github.com/datasets/finance-vix
1990-10-05,vix_close,27.85,index,github.com/datasets/finance-vix
1990-10-08,vix_close,28.04,index,github.com/datasets/finance-vix
1990-10-09,vix_close,30.71,index,github.com/datasets/finance-vix
1990-10-10,vix_close,31.19,index,github.com/datasets/finance-vix
1990-10-11,vix_close,33.98,index,github.com/datasets/finance-vix
1990-10-12,vix_close,31.94,index,github.com/datasets/finance-vix
1990-10-15,vix_close,31.64,index,github.com/datasets/finance-vix
1990-10-16,vix_close,31.45,index,github.com/datasets/finance-vix
1990-10-17,vix_close,31.37,index,github.com/datasets/finance-vix
1990-10-18,vix_close,29.6,index,github.com/datasets/finance-vix
1990-10-19,vix_close,27.86,index,github.com/datasets/finance-vix
1990-10-22,vix_close,27.27,index,github.com/datasets/finance-vix
1990-10-23,vix_close,27.57,index,github.com/datasets/finance-vix
1990-10-24,vix_close,28.28,index,github.com/datasets/finance-vix
1990-10-25,vix_close,29.04,index,github.com/datasets/finance-vix
1990-10-26,vix_close,30.75,index,github.com/datasets/finance-vix
1990-10-29,vix_close,31.54,index,github.com/datasets/finance-vix
1990-10-30,vix_close,30.52,index,github.com/datasets/finance-vix
1990-10-31,vix_close,30.04,index,github.com/datasets/finance-vix
1990-11-01,vix_close,30.25,index,github.com/datasets/finance-vix
1990-11-02,vix_close,30.03,index,github.com/datasets/finance-vix
1990-11-05,vix_close,29.85,index,github.com/datasets/finance-vix
1990-11-06,vix_close,29.11,index,github.com/datasets/finance-vix
1990-11-07,vix_close,30.87,index,github.com/datasets/finance-vix
1990-11-08,vix_close,30.79,index,github.com/datasets/finance-vix
1990-11-09,vix_close,26.96,index,github.com/datasets/finance-vix
1990-11-12,vix_close,25.6,index,github.com/datasets/finance-vix
1990-11-13,vix_close,24.58,index,github.com/datasets/finance-vix
1990-11-14,vix_close,22.89,index,github.com/datasets/finance-vix
1990-11-15,vix_close,22.57,index,github.com/datasets/finance-vix
1990-11-16,vix_close,21.34,index,github.com/datasets/finance-vix
1990-11-19,vix_close,20.95,index,github.com/datasets/finance-vix
1990-11-20,vix_close,20.09,index,github.com/datasets/finance-vix
1990-11-21,vix_close,21.09,index,github.com/datasets/finance-vix
1990-11-23,vix_close,20.98,index,github.com/datasets/finance-vix
1990-11-26,vix_close,22.76,index,github.com/datasets/finance-vix
1990-11-27,vix_close,22.86,index,github.com/datasets/finance-vix
1990-11-28,vix_close,22.96,index,github.com/datasets/finance-vix
1990-11-29,vix_close,23.91,index,github.com/datasets/finance-vix
1990-11-30,vix_close,22.16,index,github.com/datasets/finance-vix
1990-12-03,vix_close,22.29,index,github.com/datasets/finance-vix
1990-12-04,vix_close,22.03,index,github.com/datasets/finance-vix
1990-12-05,vix_close,20.94,index,github.com/datasets/finance-vix
1990-12-06,vix_close,22.62,index,github.com/datasets/finance-vix
1990-12-07,vix_close,22.59,index,github.com/datasets/finance-vix
1990-12-10,vix_close,23.58,index,github.com/datasets/finance-vix
1990-12-11,vix_close,23.75,index,github.com/datasets/finance-vix
1990-12-12,vix_close,21.28,index,github.com/datasets/finance-vix
1990-12-13,vix_close,23.05,index,github.com/datasets/finance-vix
1990-12-14,vix_close,23.85,index,github.com/datasets/finance-vix
1990-12-17,vix_close,24.85,index,github.com/datasets/finance-vix
1990-12-18,vix_close,23.11,index,github.com/datasets/finance-vix
1990-12-19,vix_close,23.08,index,github.com/datasets/finance-vix
1990-12-20,vix_close,23.13,index,github.com/datasets/finance-vix
1990-12-21,vix_close,22.66,index,github.com/datasets/finance-vix
1990-12-24,vix_close,24.03,index,github.com/datasets/finance-vix
1990-12-26,vix_close,24.18,index,github.com/datasets/finance-vix
1990-12-27,vix_close,24.81,index,github.com/datasets/finance-vix
1990-12-28,vix_close,25.05,index,github.com/datasets/finance-vix
1990-12-31,vix_close,26.38,index,github.com/datasets/finance-vix
1991-01-02,vix_close,26.62,index,github.com/datasets/finance-vix
1991-01-03,vix_close,27.93,index,github.com/datasets/finance-vix
1991-01-04,vix_close,27.19,index,github.com/datasets/finance-vix
1991-01-07,vix_close,28.95,index,github.com/datasets/finance-vix
1991-01-08,vix_close,30.38,index,github.com/datasets/finance-vix
1991-01-09,vix_close,33.3,index,github.com/datasets/finance-vix
1991-01-10,vix_close,31.33,index,github.com/datasets/finance-vix
1991-01-11,vix_close,32.63,index,github.com/datasets/finance-vix
1991-01-14,vix_close,36.2,index,github.com/datasets/finance-vix
1991-01-15,vix_close,36.16,index,github.com/datasets/finance-vix
1991-01-16,vix_close,33.2,index,github.com/datasets/finance-vix
1991-01-17,vix_close,27.45,index,github.com/datasets/finance-vix
1991-01-18,vix_close,25.39,index,github.com/datasets/finance-vix
1991-01-21,vix_close,24.33,index,github.com/datasets/finance-vix
1991-01-22,vix_close,24.9,index,github.com/datasets/finance-vix
1991-01-23,vix_close,23.92,index,github.com/datasets/finance-vix
1991-01-24,vix_close,22.86,index,github.com/datasets/finance-vix
1991-01-25,vix_close,22.2,index,github.com/datasets/finance-vix
1991-01-28,vix_close,23.05,index,github.com/datasets/finance-vix
1991-01-29,vix_close,23.17,index,github.com/datasets/finance-vix
1991-01-30,vix_close,21.37,index,github.com/datasets/finance-vix
1991-01-31,vix_close,20.91,index,github.com/datasets/finance-vix
1991-02-01,vix_close,21.04,index,github.com/datasets/finance-vix
1991-02-04,vix_close,21.86,index,github.com/datasets/finance-vix
1991-02-05,vix_close,21.46,index,github.com/datasets/finance-vix
1991-02-06,vix_close,22.68,index,github.com/datasets/finance-vix
1991-02-07,vix_close,23.6,index,github.com/datasets/finance-vix
1991-02-08,vix_close,23.38,index,github.com/datasets/finance-vix
1991-02-11,vix_close,22.56,index,github.com/datasets/finance-vix
1991-02-12,vix_close,22.26,index,github.com/datasets/finance-vix
1991-02-13,vix_close,20.86,index,github.com/datasets/finance-vix
1991-02-14,vix_close,21.48,index,github.com/datasets/finance-vix
1991-02-15,vix_close,19.57,index,github.com/datasets/finance-vix
1991-02-19,vix_close,19.84,index,github.com/datasets/finance-vix
1991-02-20,vix_close,22.26,index,github.com/datasets/finance-vix
1991-02-21,vix_close,20.78,index,github.com/datasets/finance-vix
1991-02-22,vix_close,21.01,index,github.com/datasets/finance-vix
1991-02-25,vix_close,22.86,index,github.com/datasets/finance-vix
1991-02-26,vix_close,20.38,index,github.com/datasets/finance-vix
1991-02-27,vix_close,21.26,index,github.com/datasets/finance-vix
1991-02-28,vix_close,21.23,index,github.com/datasets/finance-vix
1991-03-04,vix_close,20.86,index,github.com/datasets/finance-vix
1991-03-05,vix_close,20.45,index,github.com/datasets/finance-vix
1991-03-06,vix_close,20.55,index,github.com/datasets/finance-vix
1991-03-07,vix_close,21.05,index,github.com/datasets/finance-vix
1991-03-08,vix_close,20.81,index,github.com/datasets/finance-vix
1991-03-11,vix_close,20.88,index,github.com/datasets/finance-vix
1991-03-12,vix_close,18.82,index,github.com/datasets/finance-vix
1991-03-13,vix_close,16.09,index,github.com/datasets/finance-vix
1991-03-14,vix_close,14.94,index,github.com/datasets/finance-vix
1991-03-15,vix_close,14.9,index,github.com/datasets/finance-vix
1991-03-18,vix_close,15.79,index,github.com/datasets/finance-vix
1991-03-19,vix_close,16.11,index,github.com/datasets/finance-vix
1991-03-20,vix_close,16.04,index,github.com/datasets/finance-vix
1991-03-21,vix_close,16.86,index,github.com/datasets/finance-vix
1991-03-22,vix_close,16.49,index,github.com/datasets/finance-vix
1991-03-25,vix_close,16.76,index,github.com/datasets/finance-vix
1991-03-26,vix_close,16.31,index,github.com/datasets/finance-vix
1991-03-27,vix_close,16.55,index,github.com/datasets/finance-vix
1991-03-28,vix_close,16.88,index,github.com/datasets/finance-vix
1991-04-01,vix_close,17.42,index,github.com/datasets/finance-vix
1991-04-02,vix_close,17.4,index,github.com/datasets/finance-vix
1991-04-03,vix_close,17.61,index,github.com/datasets/finance-vix
1991-04-04,vix_close,18.01,index,github.com/datasets/finance-vix
1991-04-05,vix_close,17.63,index,github.com/datasets/finance-vix
1991-04-08,vix_close,17.41,index,github.com/datasets/finance-vix
1991-04-09,vix_close,20.12,index,github.com/datasets/finance-vix
1991-04-10,vix_close,19.73,index,github.com/datasets/finance-vix
1991-04-11,vix_close,17.24,index,github.com/datasets/finance-vix
1991-04-12,vix_close,18.45,index,github.com/datasets/finance-vix
1991-04-15,vix_close,16.5,index,github.com/datasets/finance-vix
1991-04-16,vix_close,15.82,index,github.com/datasets/finance-vix
1991-04-17,vix_close,15.47,index,github.com/datasets/finance-vix
1991-04-18,vix_close,16.26,index,github.com/datasets/finance-vix
1991-04-19,vix_close,15.68,index,github.com/datasets/finance-vix
1991-04-22,vix_close,16.78,index,github.com/datasets/finance-vix
1991-04-23,vix_close,17.02,index,github.com/datasets/finance-vix
1991-04-24,vix_close,16.72,index,github.com/datasets/finance-vix
1991-04-25,vix_close,17.15,index,github.com/datasets/finance-vix
1991-04-26,vix_close,17.27,index,github.com/datasets/finance-vix
1991-04-29,vix_close,18.27,index,github.com/datasets/finance-vix
1991-04-30,vix_close,18.24,index,github.com/datasets/finance-vix
1991-05-01,vix_close,17.77,index,github.com/datasets/finance-vix
1991-05-02,vix_close,17.52,index,github.com/datasets/finance-vix
1991-05-03,vix_close,17.24,index,github.com/datasets/finance-vix
1991-05-06,vix_close,17.92,index,github.com/datasets/finance-vix
1991-05-07,vix_close,17.46,index,github.com/datasets/finance-vix
1991-05-08,vix_close,17.78,index,github.com/datasets/finance-vix
1991-05-09,vix_close,17.17,index,github.com/datasets/finance-vix
1991-05-10,vix_close,17.54,index,github.com/datasets/finance-vix
1991-05-13,vix_close,17.66,index,github.com/datasets/finance-vix
1991-05-14,vix_close,18.0,index,github.com/datasets/finance-vix
1991-05-15,vix_close,18.38,index,github.com/datasets/finance-vix
1991-05-16,vix_close,17.24,index,github.com/datasets/finance-vix
1991-05-17,vix_close,16.64,index,github.com/datasets/finance-vix
1991-05-20,vix_close,17.1,index,github.com/datasets/finance-vix
1991-05-21,vix_close,16.07,index,github.com/datasets/finance-vix
1991-05-22,vix_close,16.16,index,github.com/datasets/finance-vix
1991-05-23,vix_close,16.11,index,github.com/datasets/finance-vix
1991-05-24,vix_close,15.23,index,github.com/datasets/finance-vix
1991-05-28,vix_close,15.67,index,github.com/datasets/finance-vix
1991-05-29,vix_close,15.9,index,github.com/datasets/finance-vix
1991-05-30,vix_close,16.02,index,github.com/datasets/finance-vix
1991-05-31,vix_close,15.93,index,github.com/datasets/finance-vix
1991-06-03,vix_close,16.87,index,github.com/datasets/finance-vix
1991-06-04,vix_close,16.17,index,github.com/datasets/finance-vix
1991-06-05,vix_close,16.4,index,github.com/datasets/finance-vix
1991-06-06,vix_close,16.93,index,github.com/datasets/finance-vix
1991-06-07,vix_close,16.98,index,github.com/datasets/finance-vix
1991-06-10,vix_close,17.47,index,github.com/datasets/finance-vix
1991-06-11,vix_close,17.32,index,github.com/datasets/finance-vix
1991-06-12,vix_close,17.72,index,github.com/datasets/finance-vix
1991-06-13,vix_close,16.99,index,github.com/datasets/finance-vix
1991-06-14,vix_close,15.98,index,github.com/datasets/finance-vix
1991-06-17,vix_close,15.5,index,github.com/datasets/finance-vix
1991-06-18,vix_close,16.14,index,github.com/datasets/finance-vix
1991-06-19,vix_close,17.44,index,github.com/datasets/finance-vix
1991-06-20,vix_close,16.75,index,github.com/datasets/finance-vix
1991-06-21,vix_close,16.51,index,github.com/datasets/finance-vix
1991-06-24,vix_close,18.28,index,github.com/datasets/finance-vix
1991-06-25,vix_close,17.85,index,github.com/datasets/finance-vix
1991-06-26,vix_close,17.98,index,github.com/datasets/finance-vix
1991-06-27,vix_close,17.87,index,github.com/datasets/finance-vix
1991-06-28,vix_close,19.55,index,github.com/datasets/finance-vix
1991-07-01,vix_close,18.64,index,github.com/datasets/finance-vix
1991-07-02,vix_close,17.63,index,github.com/datasets/finance-vix
1991-07-03,vix_close,19.47,index,github.com/datasets/finance-vix
1991-07-05,vix_close,18.35,index,github.com/datasets/finance-vix
1991-07-08,vix_close,20.29,index,github.com/datasets/finance-vix
1991-07-09,vix_close,19.76,index,github.com/datasets/finance-vix
1991-07-10,vix_close,19.19,index,github.com/datasets/finance-vix
1991-07-11,vix_close,17.39,index,github.com/datasets/finance-vix
1991-07-12,vix_close,18.29,index,github.com/datasets/finance-vix
1991-07-15,vix_close,17.78,index,github.com/datasets/finance-vix
1991-07-16,vix_close,17.49,index,github.com/datasets/finance-vix
1991-07-17,vix_close,17.52,index,github.com/datasets/finance-vix
1991-07-18,vix_close,15.77,index,github.com/datasets/finance-vix
1991-07-19,vix_close,15.5,index,github.com/datasets/finance-vix
1991-07-22,vix_close,16.9,index,github.com/datasets/finance-vix
1991-07-23,vix_close,16.58,index,github.com/datasets/finance-vix
1991-07-24,vix_close,16.41,index,github.com/datasets/finance-vix
1991-07-25,vix_close,15.74,index,github.com/datasets/finance-vix
1991-07-26,vix_close,15.45,index,github.com/datasets/finance-vix
1991-07-29,vix_close,15.67,index,github.com/datasets/finance-vix
1991-07-30,vix_close,15.47,index,github.com/datasets/finance-vix
1991-07-31,vix_close,15.18,index,github.com/datasets/finance-vix
1991-08-01,vix_close,15.47,index,github.com/datasets/finance-vix
1991-08-02,vix_close,15.26,index,github.com/datasets/finance-vix
1991-08-05,vix_close,15.92,index,github.com/datasets/finance-vix
1991-08-06,vix_close,15.54,index,github.com/datasets/finance-vix
1991-08-07,vix_close,15.56,index,github.com/datasets/finance-vix
1991-08-08,vix_close,15.98,index,github.com/datasets/finance-vix
1991-08-09,vix_close,15.45,index,github.com/datasets/finance-vix
1991-08-12,vix_close,15.26,index,github.com/datasets/finance-vix
1991-08-13,vix_close,14.73,index,github.com/datasets/finance-vix
1991-08-14,vix_close,15.09,index,github.com/datasets/finance-vix
1991-08-15,vix_close,15.19,index,github.com/datasets/finance-vix
1991-08-16,vix_close,16.01,index,github.com/datasets/finance-vix
1991-08-19,vix_close,21.19,index,github.com/datasets/finance-vix
1991-08-20,vix_close,18.86,index,github.com/datasets/finance-vix
1991-08-21,vix_close,15.62,index,github.com/datasets/finance-vix
1991-08-22,vix_close,14.59,index,github.com/datasets/finance-vix
1991-08-23,vix_close,14.41,index,github.com/datasets/finance-vix
1991-08-26,vix_close,14.81,index,github.com/datasets/finance-vix
1991-08-27,vix_close,15.46,index,github.com/datasets/finance-vix
1991-08-28,vix_close,15.31,index,github.com/datasets/finance-vix
1991-08-29,vix_close,14.82,index,github.com/datasets/finance-vix
1991-08-30,vix_close,14.46,index,github.com/datasets/finance-vix
1991-09-03,vix_close,16.57,index,github.com/datasets/finance-vix
1991-09-04,vix_close,17.18,index,github.com/datasets/finance-vix
1991-09-05,vix_close,17.31,index,github.com/datasets/finance-vix
1991-09-06,vix_close,16.76,index,github.com/datasets/finance-vix
1991-09-09,vix_close,17.73,index,github.com/datasets/finance-vix
1991-09-10,vix_close,18.22,index,github.com/datasets/finance-vix
1991-09-11,vix_close,17.96,index,github.com/datasets/finance-vix
1991-09-12,vix_close,16.21,index,github.com/datasets/finance-vix
1991-09-13,vix_close,17.88,index,github.com/datasets/finance-vix
1991-09-16,vix_close,17.82,index,github.com/datasets/finance-vix
1991-09-17,vix_close,17.68,index,github.com/datasets/finance-vix
1991-09-18,vix_close,17.56,index,github.com/datasets/finance-vix
1991-09-19,vix_close,17.56,index,github.com/datasets/finance-vix
1991-09-20,vix_close,17.08,index,github.com/datasets/finance-vix
1991-09-23,vix_close,16.38,index,github.com/datasets/finance-vix
1991-09-24,vix_close,16.04,index,github.com/datasets/finance-vix
1991-09-25,vix_close,15.68,index,github.com/datasets/finance-vix
1991-09-26,vix_close,15.35,index,github.com/datasets/finance-vix
1991-09-27,vix_close,16.31,index,github.com/datasets/finance-vix
1991-09-30,vix_close,15.85,index,github.com/datasets/finance-vix
1991-10-01,vix_close,14.81,index,github.com/datasets/finance-vix
1991-10-02,vix_close,15.81,index,github.com/datasets/finance-vix
1991-10-03,vix_close,17.04,index,github.com/datasets/finance-vix
1991-10-04,vix_close,15.63,index,github.com/datasets/finance-vix
1991-10-07,vix_close,18.58,index,github.com/datasets/finance-vix
1991-10-08,vix_close,17.81,index,github.com/datasets/finance-vix
1991-10-09,vix_close,18.54,index,github.com/datasets/finance-vix
1991-10-10,vix_close,17.8,index,github.com/datasets/finance-vix
1991-10-11,vix_close,17.6,index,github.com/datasets/finance-vix
1991-10-14,vix_close,16.71,index,github.com/datasets/finance-vix
1991-10-15,vix_close,16.22,index,github.com/datasets/finance-vix
1991-10-16,vix_close,14.85,index,github.com/datasets/finance-vix
1991-10-17,vix_close,16.32,index,github.com/datasets/finance-vix
1991-10-18,vix_close,15.87,index,github.com/datasets/finance-vix
1991-10-21,vix_close,16.66,index,github.com/datasets/finance-vix
1991-10-22,vix_close,16.55,index,github.com/datasets/finance-vix
1991-10-23,vix_close,16.26,index,github.com/datasets/finance-vix
1991-10-24,vix_close,15.62,index,github.com/datasets/finance-vix
1991-10-25,vix_close,15.75,index,github.com/datasets/finance-vix
1991-10-28,vix_close,15.45,index,github.com/datasets/finance-vix
1991-10-29,vix_close,15.55,index,github.com/datasets/finance-vix
1991-10-30,vix_close,15.46,index,github.com/datasets/finance-vix
1991-10-31,vix_close,15.48,index,github.com/datasets/finance-vix
1991-11-01,vix_close,15.6,index,github.com/datasets/finance-vix
1991-11-04,vix_close,16.35,index,github.com/datasets/finance-vix
1991-11-05,vix_close,16.48,index,github.com/datasets/finance-vix
1991-11-06,vix_close,16.47,index,github.com/datasets/finance-vix
1991-11-07,vix_close,15.97,index,github.com/datasets/finance-vix
1991-11-08,vix_close,15.43,index,github.com/datasets/finance-vix
1991-11-11,vix_close,14.89,index,github.com/datasets/finance-vix
1991-11-12,vix_close,14.04,index,github.com/datasets/finance-vix
1991-11-13,vix_close,13.95,index,github.com/datasets/finance-vix
1991-11-14,vix_close,13.96,index,github.com/datasets/finance-vix
1991-11-15,vix_close,21.18,index,github.com/datasets/finance-vix
1991-11-18,vix_close,18.28,index,github.com/datasets/finance-vix
1991-11-19,vix_close,20.34,index,github.com/datasets/finance-vix
1991-11-20,vix_close,20.4,index,github.com/datasets/finance-vix
1991-11-21,vix_close,19.11,index,github.com/datasets/finance-vix
1991-11-22,vix_close,21.2,index,github.com/datasets/finance-vix
1991-11-25,vix_close,21.92,index,github.com/datasets/finance-vix
1991-11-26,vix_close,19.8,index,github.com/datasets/finance-vix
1991-11-27,vix_close,19.84,index,github.com/datasets/finance-vix
1991-11-29,vix_close,20.26,index,github.com/datasets/finance-vix
1991-12-02,vix_close,20.18,index,github.com/datasets/finance-vix
1991-12-03,vix_close,19.7,index,github.com/datasets/finance-vix
1991-12-04,vix_close,19.54,index,github.com/datasets/finance-vix
1991-12-05,vix_close,20.19,index,github.com/datasets/finance-vix
1991-12-06,vix_close,19.04,index,github.com/datasets/finance-vix
1991-12-09,vix_close,19.74,index,github.com/datasets/finance-vix
1991-12-10,vix_close,19.89,index,github.com/datasets/finance-vix
1991-12-11,vix_close,20.57,index,github.com/datasets/finance-vix
1991-12-12,vix_close,19.08,index,github.com/datasets/finance-vix
1991-12-13,vix_close,17.88,index,github.com/datasets/finance-vix
1991-12-16,vix_close,17.62,index,github.com/datasets/finance-vix
1991-12-17,vix_close,18.12,index,github.com/datasets/finance-vix
1991-12-18,vix_close,17.78,index,github.com/datasets/finance-vix
1991-12-19,vix_close,17.96,index,github.com/datasets/finance-vix
1991-12-20,vix_close,17.65,index,github.com/datasets/finance-vix
1991-12-23,vix_close,16.61,index,github.com/datasets/finance-vix
1991-12-24,vix_close,15.67,index,github.com/datasets/finance-vix
1991-12-26,vix_close,15.44,index,github.com/datasets/finance-vix
1991-12-27,vix_close,15.7,index,github.com/datasets/finance-vix
1991-12-30,vix_close,17.63,index,github.com/datasets/finance-vix
1991-12-31,vix_close,19.31,index,github.com/datasets/finance-vix
1992-01-02,vix_close,18.95,index,github.com/datasets/finance-vix
1992-01-03,vix_close,18.75,index,github.com/datasets/finance-vix
1992-01-06,vix_close,18.96,index,github.com/datasets/finance-vix
1992-01-07,vix_close,19.23,index,github.com/datasets/finance-vix
1992-01-08,vix_close,18.72,index,github.com/datasets/finance-vix
1992-01-09,vix_close,18.96,index,github.com/datasets/finance-vix
1992-01-10,vix_close,18.45,index,github.com/datasets/finance-vix
1992-01-13,vix_close,18.01,index,github.com/datasets/finance-vix
1992-01-14,vix_close,17.01,index,github.com/datasets/finance-vix
1992-01-15,vix_close,17.39,index,github.com/datasets/finance-vix
1992-01-16,vix_close,17.64,index,github.com/datasets/finance-vix
1992-01-17,vix_close,16.32,index,github.com/datasets/finance-vix
1992-01-20,vix_close,16.42,index,github.com/datasets/finance-vix
1992-01-21,vix_close,17.92,index,github.com/datasets/finance-vix
1992-01-22,vix_close,16.75,index,github.com/datasets/finance-vix
1992-01-23,vix_close,16.46,index,github.com/datasets/finance-vix
1992-01-24,vix_close,16.24,index,github.com/datasets/finance-vix
1992-01-27,vix_close,16.67,index,github.com/datasets/finance-vix
1992-01-28,vix_close,17.67,index,github.com/datasets/finance-vix
1992-01-29,vix_close,17.62,index,github.com/datasets/finance-vix
1992-01-30,vix_close,17.49,index,github.com/datasets/finance-vix
1992-01-31,vix_close,17.4,index,github.com/datasets/finance-vix
1992-02-03,vix_close,18.2,index,github.com/datasets/finance-vix
1992-02-04,vix_close,17.96,index,github.com/datasets/finance-vix
1992-02-05,vix_close,18.22,index,github.com/datasets/finance-vix
1992-02-06,vix_close,18.79,index,github.com/datasets/finance-vix
1992-02-07,vix_close,18.51,index,github.com/datasets/finance-vix
1992-02-10,vix_close,18.56,index,github.com/datasets/finance-vix
1992-02-11,vix_close,17.7,index,github.com/datasets/finance-vix
1992-02-12,vix_close,17.37,index,github.com/datasets/finance-vix
1992-02-13,vix_close,17.45,index,github.com/datasets/finance-vix
1992-02-14,vix_close,17.03,index,github.com/datasets/finance-vix
1992-02-18,vix_close,18.22,index,github.com/datasets/finance-vix
1992-02-19,vix_close,17.16,index,github.com/datasets/finance-vix
1992-02-20,vix_close,16.72,index,github.com/datasets/finance-vix
1992-02-21,vix_close,16.87,index,github.com/datasets/finance-vix
1992-02-24,vix_close,17.13,index,github.com/datasets/finance-vix
1992-02-25,vix_close,16.35,index,github.com/datasets/finance-vix
1992-02-26,vix_close,16.64,index,github.com/datasets/finance-vix
1992-02-27,vix_close,16.51,index,github.com/datasets/finance-vix
1992-02-28,vix_close,16.68,index,github.com/datasets/finance-vix
1992-03-02,vix_close,16.88,index,github.com/datasets/finance-vix
1992-03-03,vix_close,17.26,index,github.com/datasets/finance-vix
1992-03-04,vix_close,17.89,index,github.com/datasets/finance-vix
1992-03-05,vix_close,18.47,index,github.com/datasets/finance-vix
1992-03-06,vix_close,19.75,index,github.com/datasets/finance-vix
1992-03-09,vix_close,19.68,index,github.com/datasets/finance-vix
1992-03-10,vix_close,18.68,index,github.com/datasets/finance-vix
1992-03-11,vix_close,19.79,index,github.com/datasets/finance-vix
1992-03-12,vix_close,19.72,index,github.com/datasets/finance-vix
1992-03-13,vix_close,18.35,index,github.com/datasets/finance-vix
1992-03-16,vix_close,18.46,index,github.com/datasets/finance-vix
1992-03-17,vix_close,16.79,index,github.com/datasets/finance-vix
1992-03-18,vix_close,16.69,index,github.com/datasets/finance-vix
1992-03-19,vix_close,16.52,index,github.com/datasets/finance-vix
1992-03-20,vix_close,16.82,index,github.com/datasets/finance-vix
1992-03-23,vix_close,16.73,index,github.com/datasets/finance-vix
1992-03-24,vix_close,16.32,index,github.com/datasets/finance-vix
1992-03-25,vix_close,16.19,index,github.com/datasets/finance-vix
1992-03-26,vix_close,16.29,index,github.com/datasets/finance-vix
1992-03-27,vix_close,16.02,index,github.com/datasets/finance-vix
1992-03-30,vix_close,15.97,index,github.com/datasets/finance-vix
1992-03-31,vix_close,16.18,index,github.com/datasets/finance-vix
1992-04-01,vix_close,16.48,index,github.com/datasets/finance-vix
1992-04-02,vix_close,17.06,index,github.com/datasets/finance-vix
1992-04-03,vix_close,16.72,index,github.com/datasets/finance-vix
1992-04-06,vix_close,16.72,index,github.com/datasets/finance-vix
1992-04-07,vix_close,18.81,index,github.com/datasets/finance-vix
1992-04-08,vix_close,20.15,index,github.com/datasets/finance-vix
1992-04-09,vix_close,17.89,index,github.com/datasets/finance-vix
1992-04-10,vix_close,16.85,index,github.com/datasets/finance-vix
1992-04-13,vix_close,16.99,index,github.com/datasets/finance-vix
1992-04-14,vix_close,15.98,index,github.com/datasets/finance-vix
1992-04-15,vix_close,15.15,index,github.com/datasets/finance-vix
1992-04-16,vix_close,14.85,index,github.com/datasets/finance-vix
1992-04-20,vix_close,15.93,index,github.com/datasets/finance-vix
1992-04-21,vix_close,16.53,index,github.com/datasets/finance-vix
1992-04-22,vix_close,15.96,index,github.com/datasets/finance-vix
1992-04-23,vix_close,15.83,index,github.com/datasets/finance-vix
1992-04-24,vix_close,15.71,index,github.com/datasets/finance-vix
1992-04-27,vix_close,16.49,index,github.com/datasets/finance-vix
1992-04-28,vix_close,16.24,index,github.com/datasets/finance-vix
1992-04-29,vix_close,15.95,index,github.com/datasets/finance-vix
1992-04-30,vix_close,15.53,index,github.com/datasets/finance-vix
1992-05-01,vix_close,16.61,index,github.com/datasets/finance-vix
1992-05-04,vix_close,16.92,index,github.com/datasets/finance-vix
1992-05-05,vix_close,16.66,index,github.com/datasets/finance-vix
1992-05-06,vix_close,16.81,index,github.com/datasets/finance-vix
1992-05-07,vix_close,16.54,index,github.com/datasets/finance-vix
1992-05-08,vix_close,15.65,index,github.com/datasets/finance-vix
1992-05-11,vix_close,15.17,index,github.com/datasets/finance-vix
1992-05-12,vix_close,15.68,index,github.com/datasets/finance-vix
1992-05-13,vix_close,15.19,index,github.com/datasets/finance-vix
1992-05-14,vix_close,15.49,index,github.com/datasets/finance-vix
1992-05-15,vix_close,14.82,index,github.com/datasets/finance-vix
1992-05-18,vix_close,14.62,index,github.com/datasets/finance-vix
1992-05-19,vix_close,13.57,index,github.com/datasets/finance-vix
1992-05-20,vix_close,13.62,index,github.com/datasets/finance-vix
1992-05-21,vix_close,13.92,index,github.com/datasets/finance-vix
1992-05-22,vix_close,13.73,index,github.com/datasets/finance-vix
1992-05-26,vix_close,14.92,index,github.com/datasets/finance-vix
1992-05-27,vix_close,13.99,index,github.com/datasets/finance-vix
1992-05-28,vix_close,13.77,index,github.com/datasets/finance-vix
1992-05-29,vix_close,13.86,index,github.com/datasets/finance-vix
1992-06-01,vix_close,14.43,index,github.com/datasets/finance-vix
1992-06-02,vix_close,14.57,index,github.com/datasets/finance-vix
1992-06-03,vix_close,14.35,index,github.com/datasets/finance-vix
1992-06-04,vix_close,13.66,index,github.com/datasets/finance-vix
1992-06-05,vix_close,14.65,index,github.com/datasets/finance-vix
1992-06-08,vix_close,15.19,index,github.com/datasets/finance-vix
1992-06-09,vix_close,15.97,index,github.com/datasets/finance-vix
1992-06-10,vix_close,16.62,index,github.com/datasets/finance-vix
1992-06-11,vix_close,16.29,index,github.com/datasets/finance-vix
1992-06-12,vix_close,14.95,index,github.com/datasets/finance-vix
1992-06-15,vix_close,14.76,index,github.com/datasets/finance-vix
1992-06-16,vix_close,15.22,index,github.com/datasets/finance-vix
1992-06-17,vix_close,18.08,index,github.com/datasets/finance-vix
1992-06-18,vix_close,18.2,index,github.com/datasets/finance-vix
1992-06-19,vix_close,16.31,index,github.com/datasets/finance-vix
1992-06-22,vix_close,16.66,index,github.com/datasets/finance-vix
1992-06-23,vix_close,14.53,index,github.com/datasets/finance-vix
1992-06-24,vix_close,14.4,index,github.com/datasets/finance-vix
1992-06-25,vix_close,14.4,index,github.com/datasets/finance-vix
1992-06-26,vix_close,14.67,index,github.com/datasets/finance-vix
1992-06-29,vix_close,13.21,index,github.com/datasets/finance-vix
1992-06-30,vix_close,13.35,index,github.com/datasets/finance-vix
1992-07-01,vix_close,13.34,index,github.com/datasets/finance-vix
1992-07-02,vix_close,13.88,index,github.com/datasets/finance-vix
1992-07-06,vix_close,14.87,index,github.com/datasets/finance-vix
1992-07-07,vix_close,15.83,index,github.com/datasets/finance-vix
1992-07-08,vix_close,15.53,index,github.com/datasets/finance-vix
1992-07-09,vix_close,14.6,index,github.com/datasets/finance-vix
1992-07-10,vix_close,13.7,index,github.com/datasets/finance-vix
1992-07-13,vix_close,14.01,index,github.com/datasets/finance-vix
1992-07-14,vix_close,13.5,index,github.com/datasets/finance-vix
1992-07-15,vix_close,12.52,index,github.com/datasets/finance-vix
1992-07-16,vix_close,12.27,index,github.com/datasets/finance-vix
1992-07-17,vix_close,12.6,index,github.com/datasets/finance-vix
1992-07-20,vix_close,12.66,index,github.com/datasets/finance-vix
1992-07-21,vix_close,12.6,index,github.com/datasets/finance-vix
1992-07-22,vix_close,13.57,index,github.com/datasets/finance-vix
1992-07-23,vix_close,13.33,index,github.com/datasets/finance-vix
1992-07-24,vix_close,13.37,index,github.com/datasets/finance-vix
1992-07-27,vix_close,13.9,index,github.com/datasets/finance-vix
1992-07-28,vix_close,13.05,index,github.com/datasets/finance-vix
1992-07-29,vix_close,13.44,index,github.com/datasets/finance-vix
1992-07-30,vix_close,13.5,index,github.com/datasets/finance-vix
1992-07-31,vix_close,13.17,index,github.com/datasets/finance-vix
1992-08-03,vix_close,13.83,index,github.com/datasets/finance-vix
1992-08-04,vix_close,13.58,index,github.com/datasets/finance-vix
1992-08-05,vix_close,13.82,index,github.com/datasets/finance-vix
1992-08-06,vix_close,14.23,index,github.com/datasets/finance-vix
1992-08-07,vix_close,13.94,index,github.com/datasets/finance-vix
1992-08-10,vix_close,14.51,index,github.com/datasets/finance-vix
1992-08-11,vix_close,15.09,index,github.com/datasets/finance-vix
1992-08-12,vix_close,14.88,index,github.com/datasets/finance-vix
1992-08-13,vix_close,15.34,index,github.com/datasets/finance-vix
1992-08-14,vix_close,14.66,index,github.com/datasets/finance-vix
1992-08-17,vix_close,14.61,index,github.com/datasets/finance-vix
1992-08-18,vix_close,13.84,index,github.com/datasets/finance-vix
1992-08-19,vix_close,14.35,index,github.com/datasets/finance-vix
1992-08-20,vix_close,14.48,index,github.com/datasets/finance-vix
1992-08-21,vix_close,15.01,index,github.com/datasets/finance-vix
1992-08-24,vix_close,16.19,index,github.com/datasets/finance-vix
1992-08-25,vix_close,15.62,index,github.com/datasets/finance-vix
1992-08-26,vix_close,14.5,index,github.com/datasets/finance-vix
1992-08-27,vix_close,13.66,index,github.com/datasets/finance-vix
1992-08-28,vix_close,13.14,index,github.com/datasets/finance-vix
1992-08-31,vix_close,13.58,index,github.com/datasets/finance-vix
1992-09-01,vix_close,13.4,index,github.com/datasets/finance-vix
1992-09-02,vix_close,12.73,index,github.com/datasets/finance-vix
1992-09-03,vix_close,12.88,index,github.com/datasets/finance-vix
1992-09-04,vix_close,12.98,index,github.com/datasets/finance-vix
1992-09-08,vix_close,13.65,index,github.com/datasets/finance-vix
1992-09-09,vix_close,13.36,index,github.com/datasets/finance-vix
1992-09-10,vix_close,12.92,index,github.com/datasets/finance-vix
1992-09-11,vix_close,12.47,index,github.com/datasets/finance-vix
1992-09-14,vix_close,13.0,index,github.com/datasets/finance-vix
1992-09-15,vix_close,13.63,index,github.com/datasets/finance-vix
1992-09-16,vix_close,14.72,index,github.com/datasets/finance-vix
1992-09-17,vix_close,14.31,index,github.com/datasets/finance-vix
1992-09-18,vix_close,13.74,index,github.com/datasets/finance-vix
1992-09-21,vix_close,13.45,index,github.com/datasets/finance-vix
1992-09-22,vix_close,13.88,index,github.com/datasets/finance-vix
1992-09-23,vix_close,13.83,index,github.com/datasets/finance-vix
1992-09-24,vix_close,13.44,index,github.com/datasets/finance-vix
1992-09-25,vix_close,14.8,index,github.com/datasets/finance-vix
1992-09-28,vix_close,15.19,index,github.com/datasets/finance-vix
1992-09-29,vix_close,14.97,index,github.com/datasets/finance-vix
1992-09-30,vix_close,14.28,index,github.com/datasets/finance-vix
1992-10-01,vix_close,16.31,index,github.com/datasets/finance-vix
1992-10-02,vix_close,17.79,index,github.com/datasets/finance-vix
1992-10-05,vix_close,20.01,index,github.com/datasets/finance-vix
1992-10-06,vix_close,19.95,index,github.com/datasets/finance-vix
1992-10-07,vix_close,21.02,index,github.com/datasets/finance-vix
1992-10-08,vix_close,19.26,index,github.com/datasets/finance-vix
1992-10-09,vix_close,20.51,index,github.com/datasets/finance-vix
1992-10-12,vix_close,19.49,index,github.com/datasets/finance-vix
1992-10-13,vix_close,17.9,index,github.com/datasets/finance-vix
1992-10-14,vix_close,18.42,index,github.com/datasets/finance-vix
1992-10-15,vix_close,17.11,index,github.com/datasets/finance-vix
1992-10-16,vix_close,17.01,index,github.com/datasets/finance-vix
1992-10-19,vix_close,17.31,index,github.com/datasets/finance-vix
1992-10-20,vix_close,16.87,index,github.com/datasets/finance-vix
1992-10-21,vix_close,16.62,index,github.com/datasets/finance-vix
1992-10-22,vix_close,15.84,index,github.com/datasets/finance-vix
1992-10-23,vix_close,16.46,index,github.com/datasets/finance-vix
1992-10-26,vix_close,16.32,index,github.com/datasets/finance-vix
1992-10-27,vix_close,16.24,index,github.com/datasets/finance-vix
1992-10-28,vix_close,15.95,index,github.com/datasets/finance-vix
1992-10-29,vix_close,15.47,index,github.com/datasets/finance-vix
1992-10-30,vix_close,16.15,index,github.com/datasets/finance-vix
1992-11-02,vix_close,16.67,index,github.com/datasets/finance-vix
1992-11-03,vix_close,17.33,index,github.com/datasets/finance-vix
1992-11-04,vix_close,16.28,index,github.com/datasets/finance-vix
1992-11-05,vix_close,15.38,index,github.com/datasets/finance-vix
1992-11-06,vix_close,14.69,index,github.com/datasets/finance-vix
1992-11-09,vix_close,14.23,index,github.com/datasets/finance-vix
1992-11-10,vix_close,14.37,index,github.com/datasets/finance-vix
1992-11-11,vix_close,13.99,index,github.com/datasets/finance-vix
1992-11-12,vix_close,14.37,index,github.com/datasets/finance-vix
1992-11-13,vix_close,14.61,index,github.com/datasets/finance-vix
1992-11-16,vix_close,14.86,index,github.com/datasets/finance-vix
1992-11-17,vix_close,15.01,index,github.com/datasets/finance-vix
1992-11-18,vix_close,14.55,index,github.com/datasets/finance-vix
1992-11-19,vix_close,14.33,index,github.com/datasets/finance-vix
1992-11-20,vix_close,13.67,index,github.com/datasets/finance-vix
1992-11-23,vix_close,13.4,index,github.com/datasets/finance-vix
1992-11-24,vix_close,12.66,index,github.com/datasets/finance-vix
1992-11-25,vix_close,12.5,index,github.com/datasets/finance-vix
1992-11-27,vix_close,12.58,index,github.com/datasets/finance-vix
1992-11-30,vix_close,13.01,index,github.com/datasets/finance-vix
1992-12-01,vix_close,12.8,index,github.com/datasets/finance-vix
1992-12-02,vix_close,12.56,index,github.com/datasets/finance-vix
1992-12-03,vix_close,12.03,index,github.com/datasets/finance-vix
1992-12-04,vix_close,11.81,index,github.com/datasets/finance-vix
1992-12-07,vix_close,12.0,index,github.com/datasets/finance-vix
1992-12-08,vix_close,11.73,index,github.com/datasets/finance-vix
1992-12-09,vix_close,12.58,index,github.com/datasets/finance-vix
1992-12-10,vix_close,12.75,index,github.com/datasets/finance-vix
1992-12-11,vix_close,12.34,index,github.com/datasets/finance-vix
1992-12-14,vix_close,12.66,index,github.com/datasets/finance-vix
1992-12-15,vix_close,12.41,index,github.com/datasets/finance-vix
1992-12-16,vix_close,12.58,index,github.com/datasets/finance-vix
1992-12-17,vix_close,12.14,index,github.com/datasets/finance-vix
1992-12-18,vix_close,11.66,index,github.com/datasets/finance-vix
1992-12-21,vix_close,11.65,index,github.com/datasets/finance-vix
1992-12-22,vix_close,11.75,index,github.com/datasets/finance-vix
1992-12-23,vix_close,11.51,index,github.com/datasets/finance-vix
1992-12-24,vix_close,11.57,index,github.com/datasets/finance-vix
1992-12-28,vix_close,12.22,index,github.com/datasets/finance-vix
1992-12-29,vix_close,12.29,index,github.com/datasets/finance-vix
1992-12-30,vix_close,12.6,index,github.com/datasets/finance-vix
1992-12-31,vix_close,12.57,index,github.com/datasets/finance-vix
1993-01-04,vix_close,13.36,index,github.com/datasets/finance-vix
1993-01-05,vix_close,13.35,index,github.com/datasets/finance-vix
1993-01-06,vix_close,13.37,index,github.com/datasets/finance-vix
1993-01-07,vix_close,14.72,index,github.com/datasets/finance-vix
1993-01-08,vix_close,13.77,index,github.com/datasets/finance-vix
1993-01-11,vix_close,12.86,index,github.com/datasets/finance-vix
1993-01-12,vix_close,12.78,index,github.com/datasets/finance-vix
1993-01-13,vix_close,12.42,index,github.com/datasets/finance-vix
1993-01-14,vix_close,11.99,index,github.com/datasets/finance-vix
1993-01-15,vix_close,11.57,index,github.com/datasets/finance-vix
1993-01-18,vix_close,11.49,index,github.com/datasets/finance-vix
1993-01-19,vix_close,12.06,index,github.com/datasets/finance-vix
1993-01-20,vix_close,12.15,index,github.com/datasets/finance-vix
1993-01-21,vix_close,11.69,index,github.com/datasets/finance-vix
1993-01-22,vix_close,11.3,index,github.com/datasets/finance-vix
1993-01-25,vix_close,11.38,index,github.com/datasets/finance-vix
1993-01-26,vix_close,11.45,index,github.com/datasets/finance-vix
1993-01-27,vix_close,12.01,index,github.com/datasets/finance-vix
1993-01-28,vix_close,12.04,index,github.com/datasets/finance-vix
1993-01-29,vix_close,12.42,index,github.com/datasets/finance-vix
1993-02-01,vix_close,12.33,index,github.com/datasets/finance-vix
1993-02-02,vix_close,12.25,index,github.com/datasets/finance-vix
1993-02-03,vix_close,12.12,index,github.com/datasets/finance-vix
1993-02-04,vix_close,12.29,index,github.com/datasets/finance-vix
1993-02-05,vix_close,12.9,index,github.com/datasets/finance-vix
1993-02-08,vix_close,13.22,index,github.com/datasets/finance-vix
1993-02-09,vix_close,13.48,index,github.com/datasets/finance-vix
1993-02-10,vix_close,13.43,index,github.com/datasets/finance-vix
1993-02-11,vix_close,12.69,index,github.com/datasets/finance-vix
1993-02-12,vix_close,12.38,index,github.com/datasets/finance-vix
1993-02-16,vix_close,15.76,index,github.com/datasets/finance-vix
1993-02-17,vix_close,15.9,index,github.com/datasets/finance-vix
1993-02-18,vix_close,15.56,index,github.com/datasets/finance-vix
1993-02-19,vix_close,15.02,index,github.com/datasets/finance-vix
1993-02-22,vix_close,14.7,index,github.com/datasets/finance-vix
1993-02-23,vix_close,15.04,index,github.com/datasets/finance-vix
1993-02-24,vix_close,14.72,index,github.com/datasets/finance-vix
1993-02-25,vix_close,13.76,index,github.com/datasets/finance-vix
1993-02-26,vix_close,13.16,index,github.com/datasets/finance-vix
1993-03-01,vix_close,13.6,index,github.com/datasets/finance-vix
1993-03-02,vix_close,12.49,index,github.com/datasets/finance-vix
1993-03-03,vix_close,13.13,index,github.com/datasets/finance-vix
1993-03-04,vix_close,13.44,index,github.com/datasets/finance-vix
1993-03-05,vix_close,14.08,index,github.com/datasets/finance-vix
1993-03-08,vix_close,16.22,index,github.com/datasets/finance-vix
1993-03-09,vix_close,14.17,index,github.com/datasets/finance-vix
1993-03-10,vix_close,13.91,index,github.com/datasets/finance-vix
1993-03-11,vix_close,14.26,index,github.com/datasets/finance-vix
1993-03-12,vix_close,15.66,index,github.com/datasets/finance-vix
1993-03-15,vix_close,14.74,index,github.com/datasets/finance-vix
1993-03-16,vix_close,14.51,index,github.com/datasets/finance-vix
1993-03-17,vix_close,14.53,index,github.com/datasets/finance-vix
1993-03-18,vix_close,14.17,index,github.com/datasets/finance-vix
1993-03-19,vix_close,13.23,index,github.com/datasets/finance-vix
1993-03-22,vix_close,13.66,index,github.com/datasets/finance-vix
1993-03-23,vix_close,13.02,index,github.com/datasets/finance-vix
1993-03-24,vix_close,12.44,index,github.com/datasets/finance-vix
1993-03-25,vix_close,12.08,index,github.com/datasets/finance-vix
1993-03-26,vix_close,12.21,index,github.com/datasets/finance-vix
1993-03-29,vix_close,12.63,index,github.com/datasets/finance-vix
1993-03-30,vix_close,12.23,index,github.com/datasets/finance-vix
1993-03-31,vix_close,12.53,index,github.com/datasets/finance-vix
1993-04-01,vix_close,13.02,index,github.com/datasets/finance-vix
1993-04-02,vix_close,14.5,index,github.com/datasets/finance-vix
1993-04-05,vix_close,14.12,index,github.com/datasets/finance-vix
1993-04-06,vix_close,14.24,index,github.com/datasets/finance-vix
1993-04-07,vix_close,13.64,index,github.com/datasets/finance-vix
1993-04-08,vix_close,12.83,index,github.com/datasets/finance-vix
1993-04-12,vix_close,11.93,index,github.com/datasets/finance-vix
1993-04-13,vix_close,11.7,index,github.com/datasets/finance-vix
1993-04-14,vix_close,11.76,index,github.com/datasets/finance-vix
1993-04-15,vix_close,10.96,index,github.com/datasets/finance-vix
1993-04-16,vix_close,11.29,index,github.com/datasets/finance-vix
1993-04-19,vix_close,12.06,index,github.com/datasets/finance-vix
1993-04-20,vix_close,11.94,index,github.com/datasets/finance-vix
1993-04-21,vix_close,12.11,index,github.com/datasets/finance-vix
1993-04-22,vix_close,12.68,index,github.com/datasets/finance-vix
1993-04-23,vix_close,13.36,index,github.com/datasets/finance-vix
1993-04-26,vix_close,15.25,index,github.com/datasets/finance-vix
1993-04-27,vix_close,13.93,index,github.com/datasets/finance-vix
1993-04-28,vix_close,13.12,index,github.com/datasets/finance-vix
1993-04-29,vix_close,12.8,index,github.com/datasets/finance-vix
1993-04-30,vix_close,12.42,index,github.com/datasets/finance-vix
1993-05-03,vix_close,12.9,index,github.com/datasets/finance-vix
1993-05-04,vix_close,12.14,index,github.com/datasets/finance-vix
1993-05-05,vix_close,12.38,index,github.com/datasets/finance-vix
1993-05-06,vix_close,13.22,index,github.com/datasets/finance-vix
1993-05-07,vix_close,13.01,index,github.com/datasets/finance-vix
1993-05-10,vix_close,13.72,index,github.com/datasets/finance-vix
1993-05-11,vix_close,13.35,index,github.com/datasets/finance-vix
1993-05-12,vix_close,13.56,index,github.com/datasets/finance-vix
1993-05-13,vix_close,14.76,index,github.com/datasets/finance-vix
1993-05-14,vix_close,14.39,index,github.com/datasets/finance-vix
1993-05-17,vix_close,14.13,index,github.com/datasets/finance-vix
1993-05-18,vix_close,14.19,index,github.com/datasets/finance-vix
1993-05-19,vix_close,14.29,index,github.com/datasets/finance-vix
1993-05-20,vix_close,13.98,index,github.com/datasets/finance-vix
1993-05-21,vix_close,14.51,index,github.com/datasets/finance-vix
1993-05-24,vix_close,14.1,index,github.com/datasets/finance-vix
1993-05-25,vix_close,14.04,index,github.com/datasets/finance-vix
1993-05-26,vix_close,12.88,index,github.com/datasets/finance-vix
1993-05-27,vix_close,13.1,index,github.com/datasets/finance-vix
1993-05-28,vix_close,13.47,index,github.com/datasets/finance-vix
1993-06-01,vix_close,13.67,index,github.com/datasets/finance-vix
1993-06-02,vix_close,13.48,index,github.com/datasets/finance-vix
1993-06-03,vix_close,13.54,index,github.com/datasets/finance-vix
1993-06-04,vix_close,12.86,index,github.com/datasets/finance-vix
1993-06-07,vix_close,14.07,index,github.com/datasets/finance-vix
1993-06-08,vix_close,14.74,index,github.com/datasets/finance-vix
1993-06-09,vix_close,13.96,index,github.com/datasets/finance-vix
1993-06-10,vix_close,13.31,index,github.com/datasets/finance-vix
1993-06-11,vix_close,12.71,index,github.com/datasets/finance-vix
1993-06-14,vix_close,12.33,index,github.com/datasets/finance-vix
1993-06-15,vix_close,11.99,index,github.com/datasets/finance-vix
1993-06-16,vix_close,11.87,index,github.com/datasets/finance-vix
1993-06-17,vix_close,11.66,index,github.com/datasets/finance-vix
1993-06-18,vix_close,12.24,index,github.com/datasets/finance-vix
1993-06-21,vix_close,12.25,index,github.com/datasets/finance-vix
1993-06-22,vix_close,11.65,index,github.com/datasets/finance-vix
1993-06-23,vix_close,12.04,index,github.com/datasets/finance-vix
1993-06-24,vix_close,12.25,index,github.com/datasets/finance-vix
1993-06-25,vix_close,11.25,index,github.com/datasets/finance-vix
1993-06-28,vix_close,11.11,index,github.com/datasets/finance-vix
1993-06-29,vix_close,11.29,index,github.com/datasets/finance-vix
1993-06-30,vix_close,11.26,index,github.com/datasets/finance-vix
1993-07-01,vix_close,11.51,index,github.com/datasets/finance-vix
1993-07-02,vix_close,11.33,index,github.com/datasets/finance-vix
1993-07-06,vix_close,13.87,index,github.com/datasets/finance-vix
1993-07-07,vix_close,13.05,index,github.com/datasets/finance-vix
1993-07-08,vix_close,12.24,index,github.com/datasets/finance-vix
1993-07-09,vix_close,10.8,index,github.com/datasets/finance-vix
1993-07-12,vix_close,10.85,index,github.com/datasets/finance-vix
1993-07-13,vix_close,11.02,index,github.com/datasets/finance-vix
1993-07-14,vix_close,10.78,index,github.com/datasets/finance-vix
1993-07-15,vix_close,10.6,index,github.com/datasets/finance-vix
1993-07-16,vix_close,10.96,index,github.com/datasets/finance-vix
1993-07-19,vix_close,11.46,index,github.com/datasets/finance-vix
1993-07-20,vix_close,11.05,index,github.com/datasets/finance-vix
1993-07-21,vix_close,11.97,index,github.com/datasets/finance-vix
1993-07-22,vix_close,11.69,index,github.com/datasets/finance-vix
1993-07-23,vix_close,11.32,index,github.com/datasets/finance-vix
1993-07-26,vix_close,11.32,index,github.com/datasets/finance-vix
1993-07-27,vix_close,11.34,index,github.com/datasets/finance-vix
1993-07-28,vix_close,11.37,index,github.com/datasets/finance-vix
1993-07-29,vix_close,11.25,index,github.com/datasets/finance-vix
1993-07-30,vix_close,11.73,index,github.com/datasets/finance-vix
1993-08-02,vix_close,11.47,index,github.com/datasets/finance-vix
1993-08-03,vix_close,11.49,index,github.com/datasets/finance-vix
1993-08-04,vix_close,11.71,index,github.com/datasets/finance-vix
1993-08-05,vix_close,12.03,index,github.com/datasets/finance-vix
1993-08-06,vix_close,12.33,index,github.com/datasets/finance-vix
1993-08-09,vix_close,12.39,index,github.com/datasets/finance-vix
1993-08-10,vix_close,12.31,index,github.com/datasets/finance-vix
1993-08-11,vix_close,12.07,index,github.com/datasets/finance-vix
1993-08-12,vix_close,12.38,index,github.com/datasets/finance-vix
1993-08-13,vix_close,12.19,index,github.com/datasets/finance-vix
1993-08-16,vix_close,12.01,index,github.com/datasets/finance-vix
1993-08-17,vix_close,11.59,index,github.com/datasets/finance-vix
1993-08-18,vix_close,11.52,index,github.com/datasets/finance-vix
1993-08-19,vix_close,11.63,index,github.com/datasets/finance-vix
1993-08-20,vix_close,11.62,index,github.com/datasets/finance-vix
1993-08-23,vix_close,12.15,index,github.com/datasets/finance-vix
1993-08-24,vix_close,11.8,index,github.com/datasets/finance-vix
1993-08-25,vix_close,12.1,index,github.com/datasets/finance-vix
1993-08-26,vix_close,12.14,index,github.com/datasets/finance-vix
1993-08-27,vix_close,11.91,index,github.com/datasets/finance-vix
1993-08-30,vix_close,11.74,index,github.com/datasets/finance-vix
1993-08-31,vix_close,11.85,index,github.com/datasets/finance-vix
1993-09-01,vix_close,11.48,index,github.com/datasets/finance-vix
1993-09-02,vix_close,11.87,index,github.com/datasets/finance-vix
1993-09-03,vix_close,11.16,index,github.com/datasets/finance-vix
1993-09-07,vix_close,12.9,index,github.com/datasets/finance-vix
1993-09-08,vix_close,13.24,index,github.com/datasets/finance-vix
1993-09-09,vix_close,12.67,index,github.com/datasets/finance-vix
1993-09-10,vix_close,11.7,index,github.com/datasets/finance-vix
1993-09-13,vix_close,12.16,index,github.com/datasets/finance-vix
1993-09-14,vix_close,13.15,index,github.com/datasets/finance-vix
1993-09-15,vix_close,12.7,index,github.com/datasets/finance-vix
1993-09-16,vix_close,13.36,index,github.com/datasets/finance-vix
1993-09-17,vix_close,13.39,index,github.com/datasets/finance-vix
1993-09-20,vix_close,14.6,index,github.com/datasets/finance-vix
1993-09-21,vix_close,17.3,index,github.com/datasets/finance-vix
1993-09-22,vix_close,13.75,index,github.com/datasets/finance-vix
1993-09-23,vix_close,13.36,index,github.com/datasets/finance-vix
1993-09-24,vix_close,12.47,index,github.com/datasets/finance-vix
1993-09-27,vix_close,12.49,index,github.com/datasets/finance-vix
1993-09-28,vix_close,12.19,index,github.com/datasets/finance-vix
1993-09-29,vix_close,12.63,index,github.com/datasets/finance-vix
1993-09-30,vix_close,12.99,index,github.com/datasets/finance-vix
1993-10-01,vix_close,11.83,index,github.com/datasets/finance-vix
1993-10-04,vix_close,12.85,index,github.com/datasets/finance-vix
1993-10-05,vix_close,12.97,index,github.com/datasets/finance-vix
1993-10-06,vix_close,12.68,index,github.com/datasets/finance-vix
1993-10-07,vix_close,13.14,index,github.com/datasets/finance-vix
1993-10-08,vix_close,12.04,index,github.com/datasets/finance-vix
1993-10-11,vix_close,12.26,index,github.com/datasets/finance-vix
1993-10-12,vix_close,12.41,index,github.com/datasets/finance-vix
1993-10-13,vix_close,11.38,index,github.com/datasets/finance-vix
1993-10-14,vix_close,11.0,index,github.com/datasets/finance-vix
1993-10-15,vix_close,10.87,index,github.com/datasets/finance-vix
1993-10-18,vix_close,11.33,index,github.com/datasets/finance-vix
1993-10-19,vix_close,11.61,index,github.com/datasets/finance-vix
1993-10-20,vix_close,11.32,index,github.com/datasets/finance-vix
1993-10-21,vix_close,11.2,index,github.com/datasets/finance-vix
1993-10-22,vix_close,11.48,index,github.com/datasets/finance-vix
1993-10-25,vix_close,11.83,index,github.com/datasets/finance-vix
1993-10-26,vix_close,11.83,index,github.com/datasets/finance-vix
1993-10-27,vix_close,12.01,index,github.com/datasets/finance-vix
1993-10-28,vix_close,11.88,index,github.com/datasets/finance-vix
1993-10-29,vix_close,11.46,index,github.com/datasets/finance-vix
1993-11-01,vix_close,11.78,index,github.com/datasets/finance-vix
1993-11-02,vix_close,11.74,index,github.com/datasets/finance-vix
1993-11-03,vix_close,13.26,index,github.com/datasets/finance-vix
1993-11-04,vix_close,14.68,index,github.com/datasets/finance-vix
1993-11-05,vix_close,14.97,index,github.com/datasets/finance-vix
1993-11-08,vix_close,14.31,index,github.com/datasets/finance-vix
1993-11-09,vix_close,13.94,index,github.com/datasets/finance-vix
1993-11-10,vix_close,13.72,index,github.com/datasets/finance-vix
1993-11-11,vix_close,13.88,index,github.com/datasets/finance-vix
1993-11-12,vix_close,13.33,index,github.com/datasets/finance-vix
1993-11-15,vix_close,14.46,index,github.com/datasets/finance-vix
1993-11-16,vix_close,15.11,index,github.com/datasets/finance-vix
1993-11-17,vix_close,15.57,index,github.com/datasets/finance-vix
1993-11-18,vix_close,14.65,index,github.com/datasets/finance-vix
1993-11-19,vix_close,15.03,index,github.com/datasets/finance-vix
1993-11-22,vix_close,15.9,index,github.com/datasets/finance-vix
1993-11-23,vix_close,14.27,index,github.com/datasets/finance-vix
1993-11-24,vix_close,13.51,index,github.com/datasets/finance-vix
1993-11-26,vix_close,13.77,index,github.com/datasets/finance-vix
1993-11-29,vix_close,14.12,index,github.com/datasets/finance-vix
1993-11-30,vix_close,13.76,index,github.com/datasets/finance-vix
1993-12-01,vix_close,13.83,index,github.com/datasets/finance-vix
1993-12-02,vix_close,13.51,index,github.com/datasets/finance-vix
1993-12-03,vix_close,12.69,index,github.com/datasets/finance-vix
1993-12-06,vix_close,12.84,index,github.com/datasets/finance-vix
1993-12-07,vix_close,12.41,index,github.com/datasets/finance-vix
1993-12-08,vix_close,12.46,index,github.com/datasets/finance-vix
1993-12-09,vix_close,12.43,index,github.com/datasets/finance-vix
1993-12-10,vix_close,12.6,index,github.com/datasets/finance-vix
1993-12-13,vix_close,10.98,index,github.com/datasets/finance-vix
1993-12-14,vix_close,11.13,index,github.com/datasets/finance-vix
1993-12-15,vix_close,11.03,index,github.com/datasets/finance-vix
1993-12-16,vix_close,10.9,index,github.com/datasets/finance-vix
1993-12-17,vix_close,11.08,index,github.com/datasets/finance-vix
1993-12-20,vix_close,10.75,index,github.com/datasets/finance-vix
1993-12-21,vix_close,10.08,index,github.com/datasets/finance-vix
1993-12-22,vix_close,9.31,index,github.com/datasets/finance-vix
1993-12-23,vix_close,9.48,index,github.com/datasets/finance-vix
1993-12-27,vix_close,9.7,index,github.com/datasets/finance-vix
1993-12-28,vix_close,9.82,index,github.com/datasets/finance-vix
1993-12-29,vix_close,10.46,index,github.com/datasets/finance-vix
1993-12-30,vix_close,10.69,index,github.com/datasets/finance-vix
1993-12-31,vix_close,11.66,index,github.com/datasets/finance-vix
1994-01-03,vix_close,12.57,index,github.com/datasets/finance-vix
1994-01-04,vix_close,11.91,index,github.com/datasets/finance-vix
1994-01-05,vix_close,10.94,index,github.com/datasets/finance-vix
1994-01-06,vix_close,11.27,index,github.com/datasets/finance-vix
1994-01-07,vix_close,10.96,index,github.com/datasets/finance-vix
1994-01-10,vix_close,10.74,index,github.com/datasets/finance-vix
1994-01-11,vix_close,11.29,index,github.com/datasets/finance-vix
1994-01-12,vix_close,11.65,index,github.com/datasets/finance-vix
1994-01-13,vix_close,12.08,index,github.com/datasets/finance-vix
1994-01-14,vix_close,11.15,index,github.com/datasets/finance-vix
1994-01-17,vix_close,11.88,index,github.com/datasets/finance-vix
1994-01-18,vix_close,11.63,index,github.com/datasets/finance-vix
1994-01-19,vix_close,11.76,index,github.com/datasets/finance-vix
1994-01-20,vix_close,11.16,index,github.com/datasets/finance-vix
1994-01-21,vix_close,11.09,index,github.com/datasets/finance-vix
1994-01-24,vix_close,11.6,index,github.com/datasets/finance-vix
1994-01-25,vix_close,11.38,index,github.com/datasets/finance-vix
1994-01-26,vix_close,11.17,index,github.com/datasets/finance-vix
1994-01-27,vix_close,10.3,index,github.com/datasets/finance-vix
1994-01-28,vix_close,9.94,index,github.com/datasets/finance-vix
1994-01-31,vix_close,10.63,index,github.com/datasets/finance-vix
1994-02-01,vix_close,10.65,index,github.com/datasets/finance-vix
1994-02-02,vix_close,10.61,index,github.com/datasets/finance-vix
1994-02-03,vix_close,10.75,index,github.com/datasets/finance-vix
1994-02-04,vix_close,15.25,index,github.com/datasets/finance-vix
1994-02-07,vix_close,13.96,index,github.com/datasets/finance-vix
1994-02-08,vix_close,13.66,index,github.com/datasets/finance-vix
1994-02-09,vix_close,13.3,index,github.com/datasets/finance-vix
1994-02-10,vix_close,14.24,index,github.com/datasets/finance-vix
1994-02-11,vix_close,14.46,index,github.com/datasets/finance-vix
1994-02-14,vix_close,14.28,index,github.com/datasets/finance-vix
1994-02-15,vix_close,13.4,index,github.com/datasets/finance-vix
1994-02-16,vix_close,13.13,index,github.com/datasets/finance-vix
1994-02-17,vix_close,13.79,index,github.com/datasets/finance-vix
1994-02-18,vix_close,14.7,index,github.com/datasets/finance-vix
1994-02-22,vix_close,13.52,index,github.com/datasets/finance-vix
1994-02-23,vix_close,13.91,index,github.com/datasets/finance-vix
1994-02-24,vix_close,15.96,index,github.com/datasets/finance-vix
1994-02-25,vix_close,14.8,index,github.com/datasets/finance-vix
1994-02-28,vix_close,14.87,index,github.com/datasets/finance-vix
1994-03-01,vix_close,15.83,index,github.com/datasets/finance-vix
1994-03-02,vix_close,16.08,index,github.com/datasets/finance-vix
1994-03-03,vix_close,16.36,index,github.com/datasets/finance-vix
1994-03-04,vix_close,16.0,index,github.com/datasets/finance-vix
1994-03-07,vix_close,14.26,index,github.com/datasets/finance-vix
1994-03-08,vix_close,16.23,index,github.com/datasets/finance-vix
1994-03-09,vix_close,14.41,index,github.com/datasets/finance-vix
1994-03-10,vix_close,16.55,index,github.com/datasets/finance-vix
1994-03-11,vix_close,14.87,index,github.com/datasets/finance-vix
1994-03-14,vix_close,16.61,index,github.com/datasets/finance-vix
1994-03-15,vix_close,14.78,index,github.com/datasets/finance-vix
1994-03-16,vix_close,14.51,index,github.com/datasets/finance-vix
1994-03-17,vix_close,12.76,index,github.com/datasets/finance-vix
1994-03-18,vix_close,13.32,index,github.com/datasets/finance-vix
1994-03-21,vix_close,14.34,index,github.com/datasets/finance-vix
1994-03-22,vix_close,13.39,index,github.com/datasets/finance-vix
1994-03-23,vix_close,12.31,index,github.com/datasets/finance-vix
1994-03-24,vix_close,13.43,index,github.com/datasets/finance-vix
1994-03-25,vix_close,13.67,index,github.com/datasets/finance-vix
1994-03-28,vix_close,14.9,index,github.com/datasets/finance-vix
1994-03-29,vix_close,16.49,index,github.com/datasets/finance-vix
1994-03-30,vix_close,18.59,index,github.com/datasets/finance-vix
1994-03-31,vix_close,20.45,index,github.com/datasets/finance-vix
1994-04-04,vix_close,23.87,index,github.com/datasets/finance-vix
1994-04-05,vix_close,18.13,index,github.com/datasets/finance-vix
1994-04-06,vix_close,17.38,index,github.com/datasets/finance-vix
1994-04-07,vix_close,16.98,index,github.com/datasets/finance-vix
1994-04-08,vix_close,16.92,index,github.com/datasets/finance-vix
1994-04-11,vix_close,16.61,index,github.com/datasets/finance-vix
1994-04-12,vix_close,16.42,index,github.com/datasets/finance-vix
1994-04-13,vix_close,17.02,index,github.com/datasets/finance-vix
1994-04-14,vix_close,16.27,index,github.com/datasets/finance-vix
1994-04-15,vix_close,15.98,index,github.com/datasets/finance-vix
1994-04-18,vix_close,17.22,index,github.com/datasets/finance-vix
1994-04-19,vix_close,16.93,index,github.com/datasets/finance-vix
1994-04-20,vix_close,17.01,index,github.com/datasets/finance-vix
1994-04-21,vix_close,14.93,index,github.com/datasets/finance-vix
1994-04-22,vix_close,14.94,index,github.com/datasets/finance-vix
1994-04-25,vix_close,14.26,index,github.com/datasets/finance-vix
1994-04-26,vix_close,13.8,index,github.com/datasets/finance-vix
1994-04-28,vix_close,14.51,index,github.com/datasets/finance-vix
1994-04-29,vix_close,13.77,index,github.com/datasets/finance-vix
1994-05-02,vix_close,14.11,index,github.com/datasets/finance-vix
1994-05-03,vix_close,13.81,index,github.com/datasets/finance-vix
1994-05-04,vix_close,14.29,index,github.com/datasets/finance-vix
1994-05-05,vix_close,14.56,index,github.com/datasets/finance-vix
1994-05-06,vix_close,15.08,index,github.com/datasets/finance-vix
1994-05-09,vix_close,16.16,index,github.com/datasets/finance-vix
1994-05-10,vix_close,15.19,index,github.com/datasets/finance-vix
1994-05-11,vix_close,15.55,index,github.com/datasets/finance-vix
1994-05-12,vix_close,15.46,index,github.com/datasets/finance-vix
1994-05-13,vix_close,14.54,index,github.com/datasets/finance-vix
1994-05-16,vix_close,14.67,index,github.com/datasets/finance-vix
1994-05-17,vix_close,14.08,index,github.com/datasets/finance-vix
1994-05-18,vix_close,12.55,index,github.com/datasets/finance-vix
1994-05-19,vix_close,12.33,index,github.com/datasets/finance-vix
1994-05-20,vix_close,12.79,index,github.com/datasets/finance-vix
1994-05-23,vix_close,13.49,index,github.com/datasets/finance-vix
1994-05-24,vix_close,12.73,index,github.com/datasets/finance-vix
1994-05-25,vix_close,12.43,index,github.com/datasets/finance-vix
1994-05-26,vix_close,12.5,index,github.com/datasets/finance-vix
1994-05-27,vix_close,12.49,index,github.com/datasets/finance-vix
1994-05-31,vix_close,13.03,index,github.com/datasets/finance-vix
1994-06-01,vix_close,12.72,index,github.com/datasets/finance-vix
1994-06-02,vix_close,12.73,index,github.com/datasets/finance-vix
1994-06-03,vix_close,12.19,index,github.com/datasets/finance-vix
1994-06-06,vix_close,13.03,index,github.com/datasets/finance-vix
1994-06-07,vix_close,13.05,index,github.com/datasets/finance-vix
1994-06-08,vix_close,13.32,index,github.com/datasets/finance-vix
1994-06-09,vix_close,13.21,index,github.com/datasets/finance-vix
1994-06-10,vix_close,12.69,index,github.com/datasets/finance-vix
1994-06-13,vix_close,11.92,index,github.com/datasets/finance-vix
1994-06-14,vix_close,11.6,index,github.com/datasets/finance-vix
1994-06-15,vix_close,11.52,index,github.com/datasets/finance-vix
1994-06-16,vix_close,11.22,index,github.com/datasets/finance-vix
1994-06-17,vix_close,12.31,index,github.com/datasets/finance-vix
1994-06-20,vix_close,13.96,index,github.com/datasets/finance-vix
1994-06-21,vix_close,14.7,index,github.com/datasets/finance-vix
1994-06-22,vix_close,14.02,index,github.com/datasets/finance-vix
1994-06-23,vix_close,14.12,index,github.com/datasets/finance-vix
1994-06-24,vix_close,16.72,index,github.com/datasets/finance-vix
1994-06-27,vix_close,15.53,index,github.com/datasets/finance-vix
1994-06-28,vix_close,15.04,index,github.com/datasets/finance-vix
1994-06-29,vix_close,14.42,index,github.com/datasets/finance-vix
1994-06-30,vix_close,14.97,index,github.com/datasets/finance-vix
1994-07-01,vix_close,14.36,index,github.com/datasets/finance-vix
1994-07-05,vix_close,14.92,index,github.com/datasets/finance-vix
1994-07-06,vix_close,14.7,index,github.com/datasets/finance-vix
1994-07-07,vix_close,14.01,index,github.com/datasets/finance-vix
1994-07-08,vix_close,13.26,index,github.com/datasets/finance-vix
1994-07-11,vix_close,13.83,index,github.com/datasets/finance-vix
1994-07-12,vix_close,13.4,index,github.com/datasets/finance-vix
1994-07-13,vix_close,12.42,index,github.com/datasets/finance-vix
1994-07-14,vix_close,11.64,index,github.com/datasets/finance-vix
1994-07-15,vix_close,11.28,index,github.com/datasets/finance-vix
1994-07-18,vix_close,11.44,index,github.com/datasets/finance-vix
1994-07-19,vix_close,11.65,index,github.com/datasets/finance-vix
1994-07-20,vix_close,11.7,index,github.com/datasets/finance-vix
1994-07-21,vix_close,11.65,index,github.com/datasets/finance-vix
1994-07-22,vix_close,11.22,index,github.com/datasets/finance-vix
1994-07-25,vix_close,11.46,index,github.com/datasets/finance-vix
1994-07-26,vix_close,11.66,index,github.com/datasets/finance-vix
1994-07-27,vix_close,11.93,index,github.com/datasets/finance-vix
1994-07-28,vix_close,12.03,index,github.com/datasets/finance-vix
1994-07-29,vix_close,11.13,index,github.com/datasets/finance-vix
1994-08-01,vix_close,11.17,index,github.com/datasets/finance-vix
1994-08-02,vix_close,11.27,index,github.com/datasets/finance-vix
1994-08-03,vix_close,11.35,index,github.com/datasets/finance-vix
1994-08-04,vix_close,12.18,index,github.com/datasets/finance-vix
1994-08-05,vix_close,12.34,index,github.com/datasets/finance-vix
1994-08-08,vix_close,12.41,index,github.com/datasets/finance-vix
1994-08-09,vix_close,12.54,index,github.com/datasets/finance-vix
1994-08-10,vix_close,11.91,index,github.com/datasets/finance-vix
1994-08-11,vix_close,12.13,index,github.com/datasets/finance-vix
1994-08-12,vix_close,11.09,index,github.com/datasets/finance-vix
1994-08-15,vix_close,12.06,index,github.com/datasets/finance-vix
1994-08-16,vix_close,11.39,index,github.com/datasets/finance-vix
1994-08-17,vix_close,11.54,index,github.com/datasets/finance-vix
1994-08-18,vix_close,12.07,index,github.com/datasets/finance-vix
1994-08-19,vix_close,12.83,index,github.com/datasets/finance-vix
1994-08-22,vix_close,12.62,index,github.com/datasets/finance-vix
1994-08-23,vix_close,11.75,index,github.com/datasets/finance-vix
1994-08-24,vix_close,11.57,index,github.com/datasets/finance-vix
1994-08-25,vix_close,12.02,index,github.com/datasets/finance-vix
1994-08-26,vix_close,12.19,index,github.com/datasets/finance-vix
1994-08-29,vix_close,11.82,index,github.com/datasets/finance-vix
1994-08-30,vix_close,11.23,index,github.com/datasets/finance-vix
1994-08-31,vix_close,11.97,index,github.com/datasets/finance-vix
1994-09-01,vix_close,11.86,index,github.com/datasets/finance-vix
1994-09-02,vix_close,11.4,index,github.com/datasets/finance-vix
1994-09-06,vix_close,11.69,index,github.com/datasets/finance-vix
1994-09-07,vix_close,11.81,index,github.com/datasets/finance-vix
1994-09-08,vix_close,11.86,index,github.com/datasets/finance-vix
1994-09-09,vix_close,13.12,index,github.com/datasets/finance-vix
1994-09-12,vix_close,14.01,index,github.com/datasets/finance-vix
1994-09-13,vix_close,13.77,index,github.com/datasets/finance-vix
1994-09-14,vix_close,13.09,index,github.com/datasets/finance-vix
1994-09-15,vix_close,11.88,index,github.com/datasets/finance-vix
1994-09-16,vix_close,12.8,index,github.com/datasets/finance-vix
1994-09-19,vix_close,13.06,index,github.com/datasets/finance-vix
1994-09-20,vix_close,14.45,index,github.com/datasets/finance-vix
1994-09-21,vix_close,14.49,index,github.com/datasets/finance-vix
1994-09-22,vix_close,13.89,index,github.com/datasets/finance-vix
1994-09-23,vix_close,14.53,index,github.com/datasets/finance-vix
1994-09-26,vix_close,14.56,index,github.com/datasets/finance-vix
1994-09-27,vix_close,14.13,index,github.com/datasets/finance-vix
1994-09-28,vix_close,13.25,index,github.com/datasets/finance-vix
1994-09-29,vix_close,13.97,index,github.com/datasets/finance-vix
1994-09-30,vix_close,14.28,index,github.com/datasets/finance-vix
1994-10-03,vix_close,15.44,index,github.com/datasets/finance-vix
1994-10-04,vix_close,16.66,index,github.com/datasets/finance-vix
1994-10-05,vix_close,15.92,index,github.com/datasets/finance-vix
1994-10-06,vix_close,16.24,index,github.com/datasets/finance-vix
1994-10-07,vix_close,14.92,index,github.com/datasets/finance-vix
1994-10-10,vix_close,14.72,index,github.com/datasets/finance-vix
1994-10-11,vix_close,13.55,index,github.com/datasets/finance-vix
1994-10-12,vix_close,14.51,index,github.com/datasets/finance-vix
1994-10-13,vix_close,14.9,index,github.com/datasets/finance-vix
1994-10-14,vix_close,13.32,index,github.com/datasets/finance-vix
1994-10-17,vix_close,14.76,index,github.com/datasets/finance-vix
1994-10-18,vix_close,14.59,index,github.com/datasets/finance-vix
1994-10-19,vix_close,15.13,index,github.com/datasets/finance-vix
1994-10-20,vix_close,15.99,index,github.com/datasets/finance-vix
1994-10-21,vix_close,15.91,index,github.com/datasets/finance-vix
1994-10-24,vix_close,16.97,index,github.com/datasets/finance-vix
1994-10-25,vix_close,16.13,index,github.com/datasets/finance-vix
1994-10-26,vix_close,15.7,index,github.com/datasets/finance-vix
1994-10-27,vix_close,15.67,index,github.com/datasets/finance-vix
1994-10-28,vix_close,14.56,index,github.com/datasets/finance-vix
1994-10-31,vix_close,14.56,index,github.com/datasets/finance-vix
1994-11-01,vix_close,14.84,index,github.com/datasets/finance-vix
1994-11-02,vix_close,15.34,index,github.com/datasets/finance-vix
1994-11-03,vix_close,15.58,index,github.com/datasets/finance-vix
1994-11-04,vix_close,16.75,index,github.com/datasets/finance-vix
1994-11-07,vix_close,17.37,index,github.com/datasets/finance-vix
1994-11-08,vix_close,16.3,index,github.com/datasets/finance-vix
1994-11-09,vix_close,16.42,index,github.com/datasets/finance-vix
1994-11-10,vix_close,16.0,index,github.com/datasets/finance-vix
1994-11-11,vix_close,16.5,index,github.com/datasets/finance-vix
1994-11-14,vix_close,16.68,index,github.com/datasets/finance-vix
1994-11-15,vix_close,16.66,index,github.com/datasets/finance-vix
1994-11-16,vix_close,15.56,index,github.com/datasets/finance-vix
1994-11-17,vix_close,15.91,index,github.com/datasets/finance-vix
1994-11-18,vix_close,16.0,index,github.com/datasets/finance-vix
1994-11-21,vix_close,16.13,index,github.com/datasets/finance-vix
1994-11-22,vix_close,17.24,index,github.com/datasets/finance-vix
1994-11-23,vix_close,18.41,index,github.com/datasets/finance-vix
1994-11-25,vix_close,17.44,index,github.com/datasets/finance-vix
1994-11-28,vix_close,16.83,index,github.com/datasets/finance-vix
1994-11-29,vix_close,16.15,index,github.com/datasets/finance-vix
1994-11-30,vix_close,15.95,index,github.com/datasets/finance-vix
1994-12-01,vix_close,16.69,index,github.com/datasets/finance-vix
1994-12-02,vix_close,16.55,index,github.com/datasets/finance-vix
1994-12-05,vix_close,16.1,index,github.com/datasets/finance-vix
1994-12-06,vix_close,16.05,index,github.com/datasets/finance-vix
1994-12-07,vix_close,16.28,index,github.com/datasets/finance-vix
1994-12-08,vix_close,18.15,index,github.com/datasets/finance-vix
1994-12-09,vix_close,16.04,index,github.com/datasets/finance-vix
1994-12-12,vix_close,15.46,index,github.com/datasets/finance-vix
1994-12-13,vix_close,14.48,index,github.com/datasets/finance-vix
1994-12-14,vix_close,13.03,index,github.com/datasets/finance-vix
1994-12-15,vix_close,12.87,index,github.com/datasets/finance-vix
1994-12-16,vix_close,12.79,index,github.com/datasets/finance-vix
1994-12-19,vix_close,13.02,index,github.com/datasets/finance-vix
1994-12-20,vix_close,12.98,index,github.com/datasets/finance-vix
1994-12-21,vix_close,12.05,index,github.com/datasets/finance-vix
1994-12-22,vix_close,12.42,index,github.com/datasets/finance-vix
1994-12-23,vix_close,11.82,index,github.com/datasets/finance-vix
1994-12-27,vix_close,12.07,index,github.com/datasets/finance-vix
1994-12-28,vix_close,12.81,index,github.com/datasets/finance-vix
1994-12-29,vix_close,12.86,index,github.com/datasets/finance-vix
1994-12-30,vix_close,13.2,index,github.com/datasets/finance-vix
1995-01-03,vix_close,14.25,index,github.com/datasets/finance-vix
1995-01-04,vix_close,13.53,index,github.com/datasets/finance-vix
1995-01-05,vix_close,13.5,index,github.com/datasets/finance-vix
1995-01-06,vix_close,13.13,index,github.com/datasets/finance-vix
1995-01-09,vix_close,13.33,index,github.com/datasets/finance-vix
1995-01-10,vix_close,12.52,index,github.com/datasets/finance-vix
1995-01-11,vix_close,12.15,index,github.com/datasets/finance-vix
1995-01-12,vix_close,12.83,index,github.com/datasets/finance-vix
1995-01-13,vix_close,11.1,index,github.com/datasets/finance-vix
1995-01-16,vix_close,11.14,index,github.com/datasets/finance-vix
1995-01-17,vix_close,11.79,index,github.com/datasets/finance-vix
1995-01-18,vix_close,11.57,index,github.com/datasets/finance-vix
1995-01-19,vix_close,11.86,index,github.com/datasets/finance-vix
1995-01-20,vix_close,12.15,index,github.com/datasets/finance-vix
1995-01-23,vix_close,12.79,index,github.com/datasets/finance-vix
1995-01-24,vix_close,11.94,index,github.com/datasets/finance-vix
1995-01-25,vix_close,11.46,index,github.com/datasets/finance-vix
1995-01-26,vix_close,11.25,index,github.com/datasets/finance-vix
1995-01-27,vix_close,11.25,index,github.com/datasets/finance-vix
1995-01-30,vix_close,12.26,index,github.com/datasets/finance-vix
1995-01-31,vix_close,11.96,index,github.com/datasets/finance-vix
1995-02-01,vix_close,11.73,index,github.com/datasets/finance-vix
1995-02-02,vix_close,11.13,index,github.com/datasets/finance-vix
1995-02-03,vix_close,10.98,index,github.com/datasets/finance-vix
1995-02-06,vix_close,11.22,index,github.com/datasets/finance-vix
1995-02-07,vix_close,11.17,index,github.com/datasets/finance-vix
1995-02-08,vix_close,11.42,index,github.com/datasets/finance-vix
1995-02-09,vix_close,11.63,index,github.com/datasets/finance-vix
1995-02-10,vix_close,11.28,index,github.com/datasets/finance-vix
1995-02-13,vix_close,11.41,index,github.com/datasets/finance-vix
1995-02-14,vix_close,11.43,index,github.com/datasets/finance-vix
1995-02-15,vix_close,11.52,index,github.com/datasets/finance-vix
1995-02-16,vix_close,11.61,index,github.com/datasets/finance-vix
1995-02-17,vix_close,11.71,index,github.com/datasets/finance-vix
1995-02-21,vix_close,12.05,index,github.com/datasets/finance-vix
1995-02-22,vix_close,11.39,index,github.com/datasets/finance-vix
1995-02-23,vix_close,11.15,index,github.com/datasets/finance-vix
1995-02-24,vix_close,10.84,index,github.com/datasets/finance-vix
1995-02-27,vix_close,12.51,index,github.com/datasets/finance-vix
1995-02-28,vix_close,11.75,index,github.com/datasets/finance-vix
1995-03-01,vix_close,11.65,index,github.com/datasets/finance-vix
1995-03-02,vix_close,12.02,index,github.com/datasets/finance-vix
1995-03-03,vix_close,11.45,index,github.com/datasets/finance-vix
1995-03-06,vix_close,12.17,index,github.com/datasets/finance-vix
1995-03-07,vix_close,14.22,index,github.com/datasets/finance-vix
1995-03-08,vix_close,13.72,index,github.com/datasets/finance-vix
1995-03-09,vix_close,13.36,index,github.com/datasets/finance-vix
1995-03-10,vix_close,12.38,index,github.com/datasets/finance-vix
1995-03-13,vix_close,12.15,index,github.com/datasets/finance-vix
1995-03-14,vix_close,12.1,index,github.com/datasets/finance-vix
1995-03-15,vix_close,12.42,index,github.com/datasets/finance-vix
1995-03-16,vix_close,11.95,index,github.com/datasets/finance-vix
1995-03-17,vix_close,11.8,index,github.com/datasets/finance-vix
1995-03-20,vix_close,11.34,index,github.com/datasets/finance-vix
1995-03-21,vix_close,11.53,index,github.com/datasets/finance-vix
1995-03-22,vix_close,11.29,index,github.com/datasets/finance-vix
1995-03-23,vix_close,11.43,index,github.com/datasets/finance-vix
1995-03-24,vix_close,11.19,index,github.com/datasets/finance-vix
1995-03-27,vix_close,11.83,index,github.com/datasets/finance-vix
1995-03-28,vix_close,11.33,index,github.com/datasets/finance-vix
1995-03-29,vix_close,12.51,index,github.com/datasets/finance-vix
1995-03-30,vix_close,12.62,index,github.com/datasets/finance-vix
1995-03-31,vix_close,13.37,index,github.com/datasets/finance-vix
1995-04-03,vix_close,13.5,index,github.com/datasets/finance-vix
1995-04-04,vix_close,12.62,index,github.com/datasets/finance-vix
1995-04-05,vix_close,12.96,index,github.com/datasets/finance-vix
1995-04-06,vix_close,12.81,index,github.com/datasets/finance-vix
1995-04-07,vix_close,12.85,index,github.com/datasets/finance-vix
1995-04-10,vix_close,12.79,index,github.com/datasets/finance-vix
1995-04-11,vix_close,12.73,index,github.com/datasets/finance-vix
1995-04-12,vix_close,12.04,index,github.com/datasets/finance-vix
1995-04-13,vix_close,11.48,index,github.com/datasets/finance-vix
1995-04-17,vix_close,12.33,index,github.com/datasets/finance-vix
1995-04-18,vix_close,12.96,index,github.com/datasets/finance-vix
1995-04-19,vix_close,13.09,index,github.com/datasets/finance-vix
1995-04-20,vix_close,12.1,index,github.com/datasets/finance-vix
1995-04-21,vix_close,11.86,index,github.com/datasets/finance-vix
1995-04-24,vix_close,11.92,index,github.com/datasets/finance-vix
1995-04-25,vix_close,12.41,index,github.com/datasets/finance-vix
1995-04-26,vix_close,12.28,index,github.com/datasets/finance-vix
1995-04-27,vix_close,11.93,index,github.com/datasets/finance-vix
1995-04-28,vix_close,11.75,index,github.com/datasets/finance-vix
1995-05-01,vix_close,12.14,index,github.com/datasets/finance-vix
1995-05-02,vix_close,11.88,index,github.com/datasets/finance-vix
1995-05-03,vix_close,11.69,index,github.com/datasets/finance-vix
1995-05-04,vix_close,12.64,index,github.com/datasets/finance-vix
1995-05-05,vix_close,12.06,index,github.com/datasets/finance-vix
1995-05-08,vix_close,12.22,index,github.com/datasets/finance-vix
1995-05-09,vix_close,12.75,index,github.com/datasets/finance-vix
1995-05-10,vix_close,13.08,index,github.com/datasets/finance-vix
1995-05-11,vix_close,12.98,index,github.com/datasets/finance-vix
1995-05-12,vix_close,11.84,index,github.com/datasets/finance-vix
1995-05-15,vix_close,12.38,index,github.com/datasets/finance-vix
1995-05-16,vix_close,12.2,index,github.com/datasets/finance-vix
1995-05-17,vix_close,12.36,index,github.com/datasets/finance-vix
1995-05-18,vix_close,13.13,index,github.com/datasets/finance-vix
1995-05-19,vix_close,12.81,index,github.com/datasets/finance-vix
1995-05-22,vix_close,11.68,index,github.com/datasets/finance-vix
1995-05-23,vix_close,11.55,index,github.com/datasets/finance-vix
1995-05-24,vix_close,11.26,index,github.com/datasets/finance-vix
1995-05-25,vix_close,11.63,index,github.com/datasets/finance-vix
1995-05-26,vix_close,12.2,index,github.com/datasets/finance-vix
1995-05-30,vix_close,12.52,index,github.com/datasets/finance-vix
1995-05-31,vix_close,12.85,index,github.com/datasets/finance-vix
1995-06-01,vix_close,12.21,index,github.com/datasets/finance-vix
1995-06-02,vix_close,12.98,index,github.com/datasets/finance-vix
1995-06-05,vix_close,13.45,index,github.com/datasets/finance-vix
1995-06-06,vix_close,13.0,index,github.com/datasets/finance-vix
1995-06-07,vix_close,12.84,index,github.com/datasets/finance-vix
1995-06-08,vix_close,12.89,index,github.com/datasets/finance-vix
1995-06-09,vix_close,12.76,index,github.com/datasets/finance-vix
1995-06-12,vix_close,11.91,index,github.com/datasets/finance-vix
1995-06-13,vix_close,11.29,index,github.com/datasets/finance-vix
1995-06-14,vix_close,11.29,index,github.com/datasets/finance-vix
1995-06-15,vix_close,11.23,index,github.com/datasets/finance-vix
1995-06-16,vix_close,10.75,index,github.com/datasets/finance-vix
1995-06-19,vix_close,11.21,index,github.com/datasets/finance-vix
1995-06-20,vix_close,11.16,index,github.com/datasets/finance-vix
1995-06-21,vix_close,11.32,index,github.com/datasets/finance-vix
1995-06-22,vix_close,11.44,index,github.com/datasets/finance-vix
1995-06-23,vix_close,11.12,index,github.com/datasets/finance-vix
1995-06-26,vix_close,11.8,index,github.com/datasets/finance-vix
1995-06-27,vix_close,12.37,index,github.com/datasets/finance-vix
1995-06-28,vix_close,11.74,index,github.com/datasets/finance-vix
1995-06-29,vix_close,11.59,index,github.com/datasets/finance-vix
1995-06-30,vix_close,11.38,index,github.com/datasets/finance-vix
1995-07-03,vix_close,11.57,index,github.com/datasets/finance-vix
1995-07-05,vix_close,12.1,index,github.com/datasets/finance-vix
1995-07-06,vix_close,11.52,index,github.com/datasets/finance-vix
1995-07-07,vix_close,11.77,index,github.com/datasets/finance-vix
1995-07-10,vix_close,12.19,index,github.com/datasets/finance-vix
1995-07-11,vix_close,12.25,index,github.com/datasets/finance-vix
1995-07-12,vix_close,12.31,index,github.com/datasets/finance-vix
1995-07-13,vix_close,12.56,index,github.com/datasets/finance-vix
1995-07-14,vix_close,12.08,index,github.com/datasets/finance-vix
1995-07-17,vix_close,12.26,index,github.com/datasets/finance-vix
1995-07-18,vix_close,12.68,index,github.com/datasets/finance-vix
1995-07-19,vix_close,13.49,index,github.com/datasets/finance-vix
1995-07-20,vix_close,12.78,index,github.com/datasets/finance-vix
1995-07-21,vix_close,12.37,index,github.com/datasets/finance-vix
1995-07-24,vix_close,12.55,index,github.com/datasets/finance-vix
1995-07-25,vix_close,12.77,index,github.com/datasets/finance-vix
1995-07-26,vix_close,13.18,index,github.com/datasets/finance-vix
1995-07-27,vix_close,13.18,index,github.com/datasets/finance-vix
1995-07-28,vix_close,13.18,index,github.com/datasets/finance-vix
1995-07-31,vix_close,13.49,index,github.com/datasets/finance-vix
1995-08-01,vix_close,13.56,index,github.com/datasets/finance-vix
1995-08-02,vix_close,13.66,index,github.com/datasets/finance-vix
1995-08-03,vix_close,13.78,index,github.com/datasets/finance-vix
1995-08-04,vix_close,13.21,index,github.com/datasets/finance-vix
1995-08-07,vix_close,13.1,index,github.com/datasets/finance-vix
1995-08-08,vix_close,13.06,index,github.com/datasets/finance-vix
1995-08-09,vix_close,12.75,index,github.com/datasets/finance-vix
1995-08-10,vix_close,13.0,index,github.com/datasets/finance-vix
1995-08-11,vix_close,12.9,index,github.com/datasets/finance-vix
1995-08-14,vix_close,13.24,index,github.com/datasets/finance-vix
1995-08-15,vix_close,12.35,index,github.com/datasets/finance-vix
1995-08-16,vix_close,12.45,index,github.com/datasets/finance-vix
1995-08-17,vix_close,12.13,index,github.com/datasets/finance-vix
1995-08-18,vix_close,12.03,index,github.com/datasets/finance-vix
1995-08-21,vix_close,13.42,index,github.com/datasets/finance-vix
1995-08-22,vix_close,12.6,index,github.com/datasets/finance-vix
1995-08-23,vix_close,13.17,index,github.com/datasets/finance-vix
1995-08-24,vix_close,12.94,index,github.com/datasets/finance-vix
1995-08-25,vix_close,12.33,index,github.com/datasets/finance-vix
1995-08-28,vix_close,12.48,index,github.com/datasets/finance-vix
1995-08-29,vix_close,12.65,index,github.com/datasets/finance-vix
1995-08-30,vix_close,12.03,index,github.com/datasets/finance-vix
1995-08-31,vix_close,11.52,index,github.com/datasets/finance-vix
1995-09-01,vix_close,11.29,index,github.com/datasets/finance-vix
1995-09-05,vix_close,11.65,index,github.com/datasets/finance-vix
1995-09-06,vix_close,11.65,index,github.com/datasets/finance-vix
1995-09-07,vix_close,11.85,index,github.com/datasets/finance-vix
1995-09-08,vix_close,11.16,index,github.com/datasets/finance-vix
1995-09-11,vix_close,11.51,index,github.com/datasets/finance-vix
1995-09-12,vix_close,11.46,index,github.com/datasets/finance-vix
1995-09-13,vix_close,11.35,index,github.com/datasets/finance-vix
1995-09-14,vix_close,11.1,index,github.com/datasets/finance-vix
1995-09-15,vix_close,11.58,index,github.com/datasets/finance-vix
1995-09-18,vix_close,12.34,index,github.com/datasets/finance-vix
1995-09-19,vix_close,12.67,index,github.com/datasets/finance-vix
1995-09-20,vix_close,12.35,index,github.com/datasets/finance-vix
1995-09-21,vix_close,12.5,index,github.com/datasets/finance-vix
1995-09-22,vix_close,12.46,index,github.com/datasets/finance-vix
1995-09-25,vix_close,13.22,index,github.com/datasets/finance-vix
1995-09-26,vix_close,12.9,index,github.com/datasets/finance-vix
1995-09-27,vix_close,12.9,index,github.com/datasets/finance-vix
1995-09-28,vix_close,12.46,index,github.com/datasets/finance-vix
1995-09-29,vix_close,12.74,index,github.com/datasets/finance-vix
1995-10-02,vix_close,13.95,index,github.com/datasets/finance-vix
1995-10-03,vix_close,14.5,index,github.com/datasets/finance-vix
1995-10-04,vix_close,14.86,index,github.com/datasets/finance-vix
1995-10-05,vix_close,15.74,index,github.com/datasets/finance-vix
1995-10-06,vix_close,13.98,index,github.com/datasets/finance-vix
1995-10-09,vix_close,14.85,index,github.com/datasets/finance-vix
1995-10-10,vix_close,14.97,index,github.com/datasets/finance-vix
1995-10-11,vix_close,14.57,index,github.com/datasets/finance-vix
1995-10-12,vix_close,14.24,index,github.com/datasets/finance-vix
1995-10-13,vix_close,13.67,index,github.com/datasets/finance-vix
1995-10-16,vix_close,14.62,index,github.com/datasets/finance-vix
1995-10-17,vix_close,14.03,index,github.com/datasets/finance-vix
1995-10-18,vix_close,14.05,index,github.com/datasets/finance-vix
1995-10-19,vix_close,13.55,index,github.com/datasets/finance-vix
1995-10-20,vix_close,13.46,index,github.com/datasets/finance-vix
1995-10-23,vix_close,14.17,index,github.com/datasets/finance-vix
1995-10-24,vix_close,13.85,index,github.com/datasets/finance-vix
1995-10-25,vix_close,14.49,index,github.com/datasets/finance-vix
1995-10-26,vix_close,15.59,index,github.com/datasets/finance-vix
1995-10-27,vix_close,14.63,index,github.com/datasets/finance-vix
1995-10-30,vix_close,14.26,index,github.com/datasets/finance-vix
1995-10-31,vix_close,13.83,index,github.com/datasets/finance-vix
1995-11-01,vix_close,13.41,index,github.com/datasets/finance-vix
1995-11-02,vix_close,13.19,index,github.com/datasets/finance-vix
1995-11-03,vix_close,12.26,index,github.com/datasets/finance-vix
1995-11-06,vix_close,12.74,index,github.com/datasets/finance-vix
1995-11-07,vix_close,13.05,index,github.com/datasets/finance-vix
1995-11-08,vix_close,12.16,index,github.com/datasets/finance-vix
1995-11-09,vix_close,12.46,index,github.com/datasets/finance-vix
1995-11-10,vix_close,12.97,index,github.com/datasets/finance-vix
1995-11-13,vix_close,13.2,index,github.com/datasets/finance-vix
1995-11-14,vix_close,13.38,index,github.com/datasets/finance-vix
1995-11-15,vix_close,12.95,index,github.com/datasets/finance-vix
1995-11-16,vix_close,12.57,index,github.com/datasets/finance-vix
1995-11-17,vix_close,12.49,index,github.com/datasets/finance-vix
1995-11-20,vix_close,12.37,index,github.com/datasets/finance-vix
1995-11-21,vix_close,11.74,index,github.com/datasets/finance-vix
1995-11-22,vix_close,11.81,index,github.com/datasets/finance-vix
1995-11-24,vix_close,11.87,index,github.com/datasets/finance-vix
1995-11-27,vix_close,12.43,index,github.com/datasets/finance-vix
1995-11-28,vix_close,11.57,index,github.com/datasets/finance-vix
1995-11-29,vix_close,11.65,index,github.com/datasets/finance-vix
1995-11-30,vix_close,11.58,index,github.com/datasets/finance-vix
1995-12-01,vix_close,11.11,index,github.com/datasets/finance-vix
1995-12-04,vix_close,10.66,index,github.com/datasets/finance-vix
1995-12-05,vix_close,11.65,index,github.com/datasets/finance-vix
1995-12-06,vix_close,12.7,index,github.com/datasets/finance-vix
1995-12-07,vix_close,12.74,index,github.com/datasets/finance-vix
1995-12-08,vix_close,11.12,index,github.com/datasets/finance-vix
1995-12-11,vix_close,11.06,index,github.com/datasets/finance-vix
1995-12-12,vix_close,10.63,index,github.com/datasets/finance-vix
1995-12-13,vix_close,10.36,index,github.com/datasets/finance-vix
1995-12-14,vix_close,11.07,index,github.com/datasets/finance-vix
1995-12-15,vix_close,11.44,index,github.com/datasets/finance-vix
1995-12-18,vix_close,14.55,index,github.com/datasets/finance-vix
1995-12-19,vix_close,13.16,index,github.com/datasets/finance-vix
1995-12-20,vix_close,12.2,index,github.com/datasets/finance-vix
1995-12-21,vix_close,10.77,index,github.com/datasets/finance-vix
1995-12-22,vix_close,11.51,index,github.com/datasets/finance-vix
1995-12-26,vix_close,11.49,index,github.com/datasets/finance-vix
1995-12-27,vix_close,11.98,index,github.com/datasets/finance-vix
1995-12-28,vix_close,12.25,index,github.com/datasets/finance-vix
1995-12-29,vix_close,12.52,index,github.com/datasets/finance-vix
1996-01-02,vix_close,12.19,index,github.com/datasets/finance-vix
1996-01-03,vix_close,12.1,index,github.com/datasets/finance-vix
1996-01-04,vix_close,13.78,index,github.com/datasets/finance-vix
1996-01-05,vix_close,13.58,index,github.com/datasets/finance-vix
1996-01-08,vix_close,13.11,index,github.com/datasets/finance-vix
1996-01-09,vix_close,15.21,index,github.com/datasets/finance-vix
1996-01-10,vix_close,16.4,index,github.com/datasets/finance-vix
1996-01-11,vix_close,14.69,index,github.com/datasets/finance-vix
1996-01-12,vix_close,14.23,index,github.com/datasets/finance-vix
1996-01-15,vix_close,14.99,index,github.com/datasets/finance-vix
1996-01-16,vix_close,14.09,index,github.com/datasets/finance-vix
1996-01-17,vix_close,14.25,index,github.com/datasets/finance-vix
1996-01-18,vix_close,13.58,index,github.com/datasets/finance-vix
1996-01-19,vix_close,12.7,index,github.com/datasets/finance-vix
1996-01-22,vix_close,13.34,index,github.com/datasets/finance-vix
1996-01-23,vix_close,13.56,index,github.com/datasets/finance-vix
1996-01-24,vix_close,12.54,index,github.com/datasets/finance-vix
1996-01-25,vix_close,12.94,index,github.com/datasets/finance-vix
1996-01-26,vix_close,12.0,index,github.com/datasets/finance-vix
1996-01-29,vix_close,12.19,index,github.com/datasets/finance-vix
1996-01-30,vix_close,12.42,index,github.com/datasets/finance-vix
1996-01-31,vix_close,12.53,index,github.com/datasets/finance-vix
1996-02-01,vix_close,12.65,index,github.com/datasets/finance-vix
1996-02-02,vix_close,13.23,index,github.com/datasets/finance-vix
1996-02-05,vix_close,13.46,index,github.com/datasets/finance-vix
1996-02-06,vix_close,14.59,index,github.com/datasets/finance-vix
1996-02-07,vix_close,14.11,index,github.com/datasets/finance-vix
1996-02-08,vix_close,13.89,index,github.com/datasets/finance-vix
1996-02-09,vix_close,14.63,index,github.com/datasets/finance-vix
1996-02-12,vix_close,14.69,index,github.com/datasets/finance-vix
1996-02-13,vix_close,14.94,index,github.com/datasets/finance-vix
1996-02-14,vix_close,15.59,index,github.com/datasets/finance-vix
1996-02-15,vix_close,16.13,index,github.com/datasets/finance-vix
1996-02-16,vix_close,15.37,index,github.com/datasets/finance-vix
1996-02-20,vix_close,16.8,index,github.com/datasets/finance-vix
1996-02-21,vix_close,14.47,index,github.com/datasets/finance-vix
1996-02-22,vix_close,14.56,index,github.com/datasets/finance-vix
1996-02-23,vix_close,14.78,index,github.com/datasets/finance-vix
1996-02-26,vix_close,16.38,index,github.com/datasets/finance-vix
1996-02-27,vix_close,16.63,index,github.com/datasets/finance-vix
1996-02-28,vix_close,16.72,index,github.com/datasets/finance-vix
1996-02-29,vix_close,17.04,index,github.com/datasets/finance-vix
1996-03-01,vix_close,16.72,index,github.com/datasets/finance-vix
1996-03-04,vix_close,16.67,index,github.com/datasets/finance-vix
1996-03-05,vix_close,16.1,index,github.com/datasets/finance-vix
1996-03-06,vix_close,16.56,index,github.com/datasets/finance-vix
1996-03-07,vix_close,16.49,index,github.com/datasets/finance-vix
1996-03-08,vix_close,20.7,index,github.com/datasets/finance-vix
1996-03-11,vix_close,19.4,index,github.com/datasets/finance-vix
1996-03-12,vix_close,19.09,index,github.com/datasets/finance-vix
1996-03-13,vix_close,18.13,index,github.com/datasets/finance-vix
1996-03-14,vix_close,16.93,index,github.com/datasets/finance-vix
1996-03-15,vix_close,16.54,index,github.com/datasets/finance-vix
1996-03-18,vix_close,17.31,index,github.com/datasets/finance-vix
1996-03-19,vix_close,18.35,index,github.com/datasets/finance-vix
1996-03-20,vix_close,18.66,index,github.com/datasets/finance-vix
1996-03-21,vix_close,17.74,index,github.com/datasets/finance-vix
1996-03-22,vix_close,17.05,index,github.com/datasets/finance-vix
1996-03-25,vix_close,17.84,index,github.com/datasets/finance-vix
1996-03-26,vix_close,17.8,index,github.com/datasets/finance-vix
1996-03-27,vix_close,17.89,index,github.com/datasets/finance-vix
1996-03-28,vix_close,18.16,index,github.com/datasets/finance-vix
1996-03-29,vix_close,18.88,index,github.com/datasets/finance-vix
1996-04-01,vix_close,17.9,index,github.com/datasets/finance-vix
1996-04-02,vix_close,16.45,index,github.com/datasets/finance-vix
1996-04-03,vix_close,16.33,index,github.com/datasets/finance-vix
1996-04-04,vix_close,16.18,index,github.com/datasets/finance-vix
1996-04-08,vix_close,18.72,index,github.com/datasets/finance-vix
1996-04-09,vix_close,17.32,index,github.com/datasets/finance-vix
1996-04-10,vix_close,20.22,index,github.com/datasets/finance-vix
1996-04-11,vix_close,19.65,index,github.com/datasets/finance-vix
1996-04-12,vix_close,17.38,index,github.com/datasets/finance-vix
1996-04-15,vix_close,16.83,index,github.com/datasets/finance-vix
1996-04-16,vix_close,16.45,index,github.com/datasets/finance-vix
1996-04-17,vix_close,17.07,index,github.com/datasets/finance-vix
1996-04-18,vix_close,16.41,index,github.com/datasets/finance-vix
1996-04-19,vix_close,15.12,index,github.com/datasets/finance-vix
1996-04-22,vix_close,15.38,index,github.com/datasets/finance-vix
1996-04-23,vix_close,15.01,index,github.com/datasets/finance-vix
1996-04-24,vix_close,14.91,index,github.com/datasets/finance-vix
1996-04-25,vix_close,14.72,index,github.com/datasets/finance-vix
1996-04-26,vix_close,14.75,index,github.com/datasets/finance-vix
1996-04-29,vix_close,15.45,index,github.com/datasets/finance-vix
1996-04-30,vix_close,15.83,index,github.com/datasets/finance-vix
1996-05-01,vix_close,16.07,index,github.com/datasets/finance-vix
1996-05-02,vix_close,18.62,index,github.com/datasets/finance-vix
1996-05-03,vix_close,16.7,index,github.com/datasets/finance-vix
1996-05-06,vix_close,16.92,index,github.com/datasets/finance-vix
1996-05-07,vix_close,16.87,index,github.com/datasets/finance-vix
1996-05-08,vix_close,15.78,index,github.com/datasets/finance-vix
1996-05-09,vix_close,16.99,index,github.com/datasets/finance-vix
1996-05-10,vix_close,15.61,index,github.com/datasets/finance-vix
1996-05-13,vix_close,15.16,index,github.com/datasets/finance-vix
1996-05-14,vix_close,14.9,index,github.com/datasets/finance-vix
1996-05-15,vix_close,15.59,index,github.com/datasets/finance-vix
1996-05-16,vix_close,15.71,index,github.com/datasets/finance-vix
1996-05-17,vix_close,15.13,index,github.com/datasets/finance-vix
1996-05-20,vix_close,15.8,index,github.com/datasets/finance-vix
1996-05-21,vix_close,16.0,index,github.com/datasets/finance-vix
1996-05-22,vix_close,15.5,index,github.com/datasets/finance-vix
1996-05-23,vix_close,16.17,index,github.com/datasets/finance-vix
1996-05-24,vix_close,15.54,index,github.com/datasets/finance-vix
1996-05-28,vix_close,16.92,index,github.com/datasets/finance-vix
1996-05-29,vix_close,17.15,index,github.com/datasets/finance-vix
1996-05-30,vix_close,16.02,index,github.com/datasets/finance-vix
1996-05-31,vix_close,16.07,index,github.com/datasets/finance-vix
1996-06-03,vix_close,16.86,index,github.com/datasets/finance-vix
1996-06-04,vix_close,16.18,index,github.com/datasets/finance-vix
1996-06-05,vix_close,16.04,index,github.com/datasets/finance-vix
1996-06-06,vix_close,16.84,index,github.com/datasets/finance-vix
1996-06-07,vix_close,16.1,index,github.com/datasets/finance-vix
1996-06-10,vix_close,16.78,index,github.com/datasets/finance-vix
1996-06-11,vix_close,16.68,index,github.com/datasets/finance-vix
1996-06-12,vix_close,17.0,index,github.com/datasets/finance-vix
1996-06-13,vix_close,17.12,index,github.com/datasets/finance-vix
1996-06-14,vix_close,18.64,index,github.com/datasets/finance-vix
1996-06-17,vix_close,17.46,index,github.com/datasets/finance-vix
1996-06-18,vix_close,17.45,index,github.com/datasets/finance-vix
1996-06-19,vix_close,17.54,index,github.com/datasets/finance-vix
1996-06-20,vix_close,16.97,index,github.com/datasets/finance-vix
1996-06-21,vix_close,15.8,index,github.com/datasets/finance-vix
1996-06-24,vix_close,15.91,index,github.com/datasets/finance-vix
1996-06-25,vix_close,15.43,index,github.com/datasets/finance-vix
1996-06-26,vix_close,15.23,index,github.com/datasets/finance-vix
1996-06-27,vix_close,14.19,index,github.com/datasets/finance-vix
1996-06-28,vix_close,13.68,index,github.com/datasets/finance-vix
1996-07-01,vix_close,13.78,index,github.com/datasets/finance-vix
1996-07-02,vix_close,14.19,index,github.com/datasets/finance-vix
1996-07-03,vix_close,14.21,index,github.com/datasets/finance-vix
1996-07-05,vix_close,16.09,index,github.com/datasets/finance-vix
1996-07-08,vix_close,16.42,index,github.com/datasets/finance-vix
1996-07-09,vix_close,15.49,index,github.com/datasets/finance-vix
1996-07-10,vix_close,15.51,index,github.com/datasets/finance-vix
1996-07-11,vix_close,17.81,index,github.com/datasets/finance-vix
1996-07-12,vix_close,17.09,index,github.com/datasets/finance-vix
1996-07-15,vix_close,20.11,index,github.com/datasets/finance-vix
1996-07-16,vix_close,20.1,index,github.com/datasets/finance-vix
1996-07-17,vix_close,19.22,index,github.com/datasets/finance-vix
1996-07-18,vix_close,17.93,index,github.com/datasets/finance-vix
1996-07-19,vix_close,17.26,index,github.com/datasets/finance-vix
1996-07-22,vix_close,20.41,index,github.com/datasets/finance-vix
1996-07-23,vix_close,21.55,index,github.com/datasets/finance-vix
1996-07-24,vix_close,21.44,index,github.com/datasets/finance-vix
1996-07-25,vix_close,19.39,index,github.com/datasets/finance-vix
1996-07-26,vix_close,17.45,index,github.com/datasets/finance-vix
1996-07-29,vix_close,20.09,index,github.com/datasets/finance-vix
1996-07-30,vix_close,20.53,index,github.com/datasets/finance-vix
1996-07-31,vix_close,19.46,index,github.com/datasets/finance-vix
1996-08-01,vix_close,18.76,index,github.com/datasets/finance-vix
1996-08-02,vix_close,16.19,index,github.com/datasets/finance-vix
1996-08-05,vix_close,17.36,index,github.com/datasets/finance-vix
1996-08-06,vix_close,16.93,index,github.com/datasets/finance-vix
1996-08-07,vix_close,16.24,index,github.com/datasets/finance-vix
1996-08-08,vix_close,16.04,index,github.com/datasets/finance-vix
1996-08-09,vix_close,15.77,index,github.com/datasets/finance-vix
1996-08-12,vix_close,15.57,index,github.com/datasets/finance-vix
1996-08-13,vix_close,16.41,index,github.com/datasets/finance-vix
1996-08-14,vix_close,15.96,index,github.com/datasets/finance-vix
1996-08-15,vix_close,15.46,index,github.com/datasets/finance-vix
1996-08-16,vix_close,14.81,index,github.com/datasets/finance-vix
1996-08-19,vix_close,15.27,index,github.com/datasets/finance-vix
1996-08-20,vix_close,14.73,index,github.com/datasets/finance-vix
1996-08-21,vix_close,14.52,index,github.com/datasets/finance-vix
1996-08-22,vix_close,13.71,index,github.com/datasets/finance-vix
1996-08-23,vix_close,14.18,index,github.com/datasets/finance-vix
1996-08-26,vix_close,15.38,index,github.com/datasets/finance-vix
1996-08-27,vix_close,15.11,index,github.com/datasets/finance-vix
1996-08-28,vix_close,15.1,index,github.com/datasets/finance-vix
1996-08-29,vix_close,16.22,index,github.com/datasets/finance-vix
1996-08-30,vix_close,17.01,index,github.com/datasets/finance-vix
1996-09-03,vix_close,18.47,index,github.com/datasets/finance-vix
1996-09-04,vix_close,18.64,index,github.com/datasets/finance-vix
1996-09-05,vix_close,20.51,index,github.com/datasets/finance-vix
1996-09-06,vix_close,17.1,index,github.com/datasets/finance-vix
1996-09-09,vix_close,16.36,index,github.com/datasets/finance-vix
1996-09-10,vix_close,16.25,index,github.com/datasets/finance-vix
1996-09-11,vix_close,16.06,index,github.com/datasets/finance-vix
1996-09-12,vix_close,15.97,index,github.com/datasets/finance-vix
1996-09-13,vix_close,15.2,index,github.com/datasets/finance-vix
1996-09-16,vix_close,15.43,index,github.com/datasets/finance-vix
1996-09-17,vix_close,15.74,index,github.com/datasets/finance-vix
1996-09-18,vix_close,15.86,index,github.com/datasets/finance-vix
1996-09-19,vix_close,16.03,index,github.com/datasets/finance-vix
1996-09-20,vix_close,15.65,index,github.com/datasets/finance-vix
1996-09-23,vix_close,16.46,index,github.com/datasets/finance-vix
1996-09-24,vix_close,16.45,index,github.com/datasets/finance-vix
1996-09-25,vix_close,16.22,index,github.com/datasets/finance-vix
1996-09-26,vix_close,16.11,index,github.com/datasets/finance-vix
1996-09-27,vix_close,16.1,index,github.com/datasets/finance-vix
1996-09-30,vix_close,16.95,index,github.com/datasets/finance-vix
1996-10-01,vix_close,17.05,index,github.com/datasets/finance-vix
1996-10-02,vix_close,16.78,index,github.com/datasets/finance-vix
1996-10-03,vix_close,16.77,index,github.com/datasets/finance-vix
1996-10-04,vix_close,14.8,index,github.com/datasets/finance-vix
1996-10-07,vix_close,15.11,index,github.com/datasets/finance-vix
1996-10-08,vix_close,15.58,index,github.com/datasets/finance-vix
1996-10-09,vix_close,16.09,index,github.com/datasets/finance-vix
1996-10-10,vix_close,16.26,index,github.com/datasets/finance-vix
1996-10-11,vix_close,15.07,index,github.com/datasets/finance-vix
1996-10-14,vix_close,15.13,index,github.com/datasets/finance-vix
1996-10-15,vix_close,15.83,index,github.com/datasets/finance-vix
1996-10-16,vix_close,15.6,index,github.com/datasets/finance-vix
1996-10-17,vix_close,15.41,index,github.com/datasets/finance-vix
1996-10-18,vix_close,15.08,index,github.com/datasets/finance-vix
1996-10-21,vix_close,15.98,index,github.com/datasets/finance-vix
1996-10-22,vix_close,16.4,index,github.com/datasets/finance-vix
1996-10-23,vix_close,16.45,index,github.com/datasets/finance-vix
1996-10-24,vix_close,16.89,index,github.com/datasets/finance-vix
1996-10-25,vix_close,17.29,index,github.com/datasets/finance-vix
1996-10-28,vix_close,18.34,index,github.com/datasets/finance-vix
1996-10-29,vix_close,18.28,index,github.com/datasets/finance-vix
1996-10-30,vix_close,18.48,index,github.com/datasets/finance-vix
1996-10-31,vix_close,18.11,index,github.com/datasets/finance-vix
1996-11-01,vix_close,17.89,index,github.com/datasets/finance-vix
1996-11-04,vix_close,18.04,index,github.com/datasets/finance-vix
1996-11-05,vix_close,17.65,index,github.com/datasets/finance-vix
1996-11-06,vix_close,16.97,index,github.com/datasets/finance-vix
1996-11-07,vix_close,17.21,index,github.com/datasets/finance-vix
1996-11-08,vix_close,15.78,index,github.com/datasets/finance-vix
1996-11-11,vix_close,14.04,index,github.com/datasets/finance-vix
1996-11-12,vix_close,15.36,index,github.com/datasets/finance-vix
1996-11-13,vix_close,14.89,index,github.com/datasets/finance-vix
1996-11-14,vix_close,13.79,index,github.com/datasets/finance-vix
1996-11-15,vix_close,14.36,index,github.com/datasets/finance-vix
1996-11-18,vix_close,15.12,index,github.com/datasets/finance-vix
1996-11-19,vix_close,15.23,index,github.com/datasets/finance-vix
1996-11-20,vix_close,15.94,index,github.com/datasets/finance-vix
1996-11-21,vix_close,15.77,index,github.com/datasets/finance-vix
1996-11-22,vix_close,14.92,index,github.com/datasets/finance-vix
1996-11-25,vix_close,15.91,index,github.com/datasets/finance-vix
1996-11-26,vix_close,16.97,index,github.com/datasets/finance-vix
1996-11-27,vix_close,16.96,index,github.com/datasets/finance-vix
1996-11-29,vix_close,17.14,index,github.com/datasets/finance-vix
1996-12-02,vix_close,17.93,index,github.com/datasets/finance-vix
1996-12-03,vix_close,18.68,index,github.com/datasets/finance-vix
1996-12-04,vix_close,17.93,index,github.com/datasets/finance-vix
1996-12-05,vix_close,18.14,index,github.com/datasets/finance-vix
1996-12-06,vix_close,18.82,index,github.com/datasets/finance-vix
1996-12-09,vix_close,17.75,index,github.com/datasets/finance-vix
1996-12-10,vix_close,17.88,index,github.com/datasets/finance-vix
1996-12-11,vix_close,19.68,index,github.com/datasets/finance-vix
1996-12-12,vix_close,20.45,index,github.com/datasets/finance-vix
1996-12-13,vix_close,21.09,index,github.com/datasets/finance-vix
1996-12-16,vix_close,21.99,index,github.com/datasets/finance-vix
1996-12-17,vix_close,20.77,index,github.com/datasets/finance-vix
1996-12-18,vix_close,19.42,index,github.com/datasets/finance-vix
1996-12-19,vix_close,18.77,index,github.com/datasets/finance-vix
1996-12-20,vix_close,18.85,index,github.com/datasets/finance-vix
1996-12-23,vix_close,19.5,index,github.com/datasets/finance-vix
1996-12-24,vix_close,18.68,index,github.com/datasets/finance-vix
1996-12-26,vix_close,18.59,index,github.com/datasets/finance-vix
1996-12-27,vix_close,19.13,index,github.com/datasets/finance-vix
1996-12-30,vix_close,19.51,index,github.com/datasets/finance-vix
1996-12-31,vix_close,20.92,index,github.com/datasets/finance-vix
1997-01-02,vix_close,21.14,index,github.com/datasets/finance-vix
1997-01-03,vix_close,19.13,index,github.com/datasets/finance-vix
1997-01-06,vix_close,19.89,index,github.com/datasets/finance-vix
1997-01-07,vix_close,19.35,index,github.com/datasets/finance-vix
1997-01-08,vix_close,20.24,index,github.com/datasets/finance-vix
1997-01-09,vix_close,20.91,index,github.com/datasets/finance-vix
1997-01-10,vix_close,19.63,index,github.com/datasets/finance-vix
1997-01-13,vix_close,19.84,index,github.com/datasets/finance-vix
1997-01-14,vix_close,19.27,index,github.com/datasets/finance-vix
1997-01-15,vix_close,19.4,index,github.com/datasets/finance-vix
1997-01-16,vix_close,19.61,index,github.com/datasets/finance-vix
1997-01-17,vix_close,18.63,index,github.com/datasets/finance-vix
1997-01-20,vix_close,18.6,index,github.com/datasets/finance-vix
1997-01-21,vix_close,17.81,index,github.com/datasets/finance-vix
1997-01-22,vix_close,17.09,index,github.com/datasets/finance-vix
1997-01-23,vix_close,18.47,index,github.com/datasets/finance-vix
1997-01-24,vix_close,19.33,index,github.com/datasets/finance-vix
1997-01-27,vix_close,20.16,index,github.com/datasets/finance-vix
1997-01-28,vix_close,20.74,index,github.com/datasets/finance-vix
1997-01-29,vix_close,20.23,index,github.com/datasets/finance-vix
1997-01-30,vix_close,19.47,index,github.com/datasets/finance-vix
1997-02-03,vix_close,19.58,index,github.com/datasets/finance-vix
1997-02-04,vix_close,19.43,index,github.com/datasets/finance-vix
1997-02-05,vix_close,21.06,index,github.com/datasets/finance-vix
1997-02-06,vix_close,20.16,index,github.com/datasets/finance-vix
1997-02-07,vix_close,18.9,index,github.com/datasets/finance-vix
1997-02-10,vix_close,20.65,index,github.com/datasets/finance-vix
1997-02-11,vix_close,19.97,index,github.com/datasets/finance-vix
1997-02-12,vix_close,19.48,index,github.com/datasets/finance-vix
1997-02-13,vix_close,19.23,index,github.com/datasets/finance-vix
1997-02-14,vix_close,19.18,index,github.com/datasets/finance-vix
1997-02-18,vix_close,19.7,index,github.com/datasets/finance-vix
1997-02-19,vix_close,20.61,index,github.com/datasets/finance-vix
1997-02-20,vix_close,21.41,index,github.com/datasets/finance-vix
1997-02-21,vix_close,20.55,index,github.com/datasets/finance-vix
1997-02-24,vix_close,19.84,index,github.com/datasets/finance-vix
1997-02-25,vix_close,19.98,index,github.com/datasets/finance-vix
1997-02-26,vix_close,20.74,index,github.com/datasets/finance-vix
1997-02-27,vix_close,21.08,index,github.com/datasets/finance-vix
1997-02-28,vix_close,21.1,index,github.com/datasets/finance-vix
1997-03-03,vix_close,20.89,index,github.com/datasets/finance-vix
1997-03-04,vix_close,20.62,index,github.com/datasets/finance-vix
1997-03-05,vix_close,19.49,index,github.com/datasets/finance-vix
1997-03-06,vix_close,20.48,index,github.com/datasets/finance-vix
1997-03-07,vix_close,19.32,index,github.com/datasets/finance-vix
1997-03-10,vix_close,19.0,index,github.com/datasets/finance-vix
1997-03-11,vix_close,19.25,index,github.com/datasets/finance-vix
1997-03-12,vix_close,19.61,index,github.com/datasets/finance-vix
1997-03-13,vix_close,19.79,index,github.com/datasets/finance-vix
1997-03-14,vix_close,19.81,index,github.com/datasets/finance-vix
1997-03-17,vix_close,20.95,index,github.com/datasets/finance-vix
1997-03-18,vix_close,21.26,index,github.com/datasets/finance-vix
1997-03-19,vix_close,21.74,index,github.com/datasets/finance-vix
1997-03-20,vix_close,21.22,index,github.com/datasets/finance-vix
1997-03-21,vix_close,19.69,index,github.com/datasets/finance-vix
1997-03-24,vix_close,20.06,index,github.com/datasets/finance-vix
1997-03-25,vix_close,19.26,index,github.com/datasets/finance-vix
1997-03-26,vix_close,18.32,index,github.com/datasets/finance-vix
1997-03-27,vix_close,20.5,index,github.com/datasets/finance-vix
1997-03-31,vix_close,22.14,index,github.com/datasets/finance-vix
1997-04-01,vix_close,20.84,index,github.com/datasets/finance-vix
1997-04-02,vix_close,21.3,index,github.com/datasets/finance-vix
1997-04-03,vix_close,21.19,index,github.com/datasets/finance-vix
1997-04-04,vix_close,19.23,index,github.com/datasets/finance-vix
1997-04-07,vix_close,18.51,index,github.com/datasets/finance-vix
1997-04-08,vix_close,18.44,index,github.com/datasets/finance-vix
1997-04-09,vix_close,18.56,index,github.com/datasets/finance-vix
1997-04-10,vix_close,19.01,index,github.com/datasets/finance-vix
1997-04-11,vix_close,19.76,index,github.com/datasets/finance-vix
1997-04-14,vix_close,19.09,index,github.com/datasets/finance-vix
1997-04-15,vix_close,18.25,index,github.com/datasets/finance-vix
1997-04-16,vix_close,17.64,index,github.com/datasets/finance-vix
1997-04-17,vix_close,18.71,index,github.com/datasets/finance-vix
1997-04-18,vix_close,18.75,index,github.com/datasets/finance-vix
1997-04-21,vix_close,20.1,index,github.com/datasets/finance-vix
1997-04-22,vix_close,19.52,index,github.com/datasets/finance-vix
1997-04-23,vix_close,20.48,index,github.com/datasets/finance-vix
1997-04-24,vix_close,20.83,index,github.com/datasets/finance-vix
1997-04-25,vix_close,21.15,index,github.com/datasets/finance-vix
1997-04-28,vix_close,21.34,index,github.com/datasets/finance-vix
1997-04-29,vix_close,19.81,index,github.com/datasets/finance-vix
1997-04-30,vix_close,20.06,index,github.com/datasets/finance-vix
1997-05-01,vix_close,19.87,index,github.com/datasets/finance-vix
1997-05-02,vix_close,17.51,index,github.com/datasets/finance-vix
1997-05-05,vix_close,20.13,index,github.com/datasets/finance-vix
1997-05-06,vix_close,20.85,index,github.com/datasets/finance-vix
1997-05-07,vix_close,21.34,index,github.com/datasets/finance-vix
1997-05-08,vix_close,21.26,index,github.com/datasets/finance-vix
1997-05-09,vix_close,20.11,index,github.com/datasets/finance-vix
1997-05-12,vix_close,20.25,index,github.com/datasets/finance-vix
1997-05-13,vix_close,20.81,index,github.com/datasets/finance-vix
1997-05-14,vix_close,21.09,index,github.com/datasets/finance-vix
1997-05-15,vix_close,19.91,index,github.com/datasets/finance-vix
1997-05-16,vix_close,21.57,index,github.com/datasets/finance-vix
1997-05-19,vix_close,21.48,index,github.com/datasets/finance-vix
1997-05-20,vix_close,19.26,index,github.com/datasets/finance-vix
1997-05-21,vix_close,19.28,index,github.com/datasets/finance-vix
1997-05-22,vix_close,18.77,index,github.com/datasets/finance-vix
1997-05-23,vix_close,18.08,index,github.com/datasets/finance-vix
1997-05-27,vix_close,19.36,index,github.com/datasets/finance-vix
1997-05-28,vix_close,19.28,index,github.com/datasets/finance-vix
1997-05-29,vix_close,19.02,index,github.com/datasets/finance-vix
1997-05-30,vix_close,19.19,index,github.com/datasets/finance-vix
1997-06-02,vix_close,20.85,index,github.com/datasets/finance-vix
1997-06-03,vix_close,20.01,index,github.com/datasets/finance-vix
1997-06-04,vix_close,20.1,index,github.com/datasets/finance-vix
1997-06-05,vix_close,20.36,index,github.com/datasets/finance-vix
1997-06-06,vix_close,18.94,index,github.com/datasets/finance-vix
1997-06-09,vix_close,19.46,index,github.com/datasets/finance-vix
1997-06-10,vix_close,19.04,index,github.com/datasets/finance-vix
1997-06-11,vix_close,18.85,index,github.com/datasets/finance-vix
1997-06-12,vix_close,18.51,index,github.com/datasets/finance-vix
1997-06-13,vix_close,19.27,index,github.com/datasets/finance-vix
1997-06-16,vix_close,19.77,index,github.com/datasets/finance-vix
1997-06-17,vix_close,20.17,index,github.com/datasets/finance-vix
1997-06-18,vix_close,20.45,index,github.com/datasets/finance-vix
1997-06-19,vix_close,20.1,index,github.com/datasets/finance-vix
1997-06-20,vix_close,20.2,index,github.com/datasets/finance-vix
1997-06-23,vix_close,21.19,index,github.com/datasets/finance-vix
1997-06-24,vix_close,20.74,index,github.com/datasets/finance-vix
1997-06-25,vix_close,21.5,index,github.com/datasets/finance-vix
1997-06-26,vix_close,21.82,index,github.com/datasets/finance-vix
1997-06-27,vix_close,21.22,index,github.com/datasets/finance-vix
1997-06-30,vix_close,21.53,index,github.com/datasets/finance-vix
1997-07-01,vix_close,21.0,index,github.com/datasets/finance-vix
1997-07-02,vix_close,19.7,index,github.com/datasets/finance-vix
1997-07-03,vix_close,17.82,index,github.com/datasets/finance-vix
1997-07-07,vix_close,19.13,index,github.com/datasets/finance-vix
1997-07-08,vix_close,18.76,index,github.com/datasets/finance-vix
1997-07-09,vix_close,20.4,index,github.com/datasets/finance-vix
1997-07-10,vix_close,19.92,index,github.com/datasets/finance-vix
1997-07-11,vix_close,19.06,index,github.com/datasets/finance-vix
1997-07-14,vix_close,19.58,index,github.com/datasets/finance-vix
1997-07-15,vix_close,19.0,index,github.com/datasets/finance-vix
1997-07-16,vix_close,19.36,index,github.com/datasets/finance-vix
1997-07-17,vix_close,20.54,index,github.com/datasets/finance-vix
1997-07-18,vix_close,22.28,index,github.com/datasets/finance-vix
1997-07-21,vix_close,23.51,index,github.com/datasets/finance-vix
1997-07-22,vix_close,21.77,index,github.com/datasets/finance-vix
1997-07-23,vix_close,21.3,index,github.com/datasets/finance-vix
1997-07-24,vix_close,20.96,index,github.com/datasets/finance-vix
1997-07-25,vix_close,20.82,index,github.com/datasets/finance-vix
1997-07-28,vix_close,21.84,index,github.com/datasets/finance-vix
1997-07-29,vix_close,22.02,index,github.com/datasets/finance-vix
1997-07-30,vix_close,21.39,index,github.com/datasets/finance-vix
1997-07-31,vix_close,21.48,index,github.com/datasets/finance-vix
1997-08-01,vix_close,22.29,index,github.com/datasets/finance-vix
1997-08-04,vix_close,21.94,index,github.com/datasets/finance-vix
1997-08-05,vix_close,20.64,index,github.com/datasets/finance-vix
1997-08-06,vix_close,20.05,index,github.com/datasets/finance-vix
1997-08-07,vix_close,19.77,index,github.com/datasets/finance-vix
1997-08-08,vix_close,22.46,index,github.com/datasets/finance-vix
1997-08-11,vix_close,22.77,index,github.com/datasets/finance-vix
1997-08-12,vix_close,23.75,index,github.com/datasets/finance-vix
1997-08-13,vix_close,24.52,index,github.com/datasets/finance-vix
1997-08-14,vix_close,23.11,index,github.com/datasets/finance-vix
1997-08-15,vix_close,24.45,index,github.com/datasets/finance-vix
1997-08-18,vix_close,24.37,index,github.com/datasets/finance-vix
1997-08-19,vix_close,22.64,index,github.com/datasets/finance-vix
1997-08-20,vix_close,21.09,index,github.com/datasets/finance-vix
1997-08-21,vix_close,23.83,index,github.com/datasets/finance-vix
1997-08-22,vix_close,24.74,index,github.com/datasets/finance-vix
1997-08-25,vix_close,24.1,index,github.com/datasets/finance-vix
1997-08-26,vix_close,24.73,index,github.com/datasets/finance-vix
1997-08-27,vix_close,24.26,index,github.com/datasets/finance-vix
1997-08-28,vix_close,24.51,index,github.com/datasets/finance-vix
1997-08-29,vix_close,24.76,index,github.com/datasets/finance-vix
1997-09-02,vix_close,24.53,index,github.com/datasets/finance-vix
1997-09-03,vix_close,24.95,index,github.com/datasets/finance-vix
1997-09-04,vix_close,25.27,index,github.com/datasets/finance-vix
1997-09-05,vix_close,24.31,index,github.com/datasets/finance-vix
1997-09-08,vix_close,24.4,index,github.com/datasets/finance-vix
1997-09-09,vix_close,23.89,index,github.com/datasets/finance-vix
1997-09-10,vix_close,24.64,index,github.com/datasets/finance-vix
1997-09-11,vix_close,25.99,index,github.com/datasets/finance-vix
1997-09-12,vix_close,25.17,index,github.com/datasets/finance-vix
1997-09-15,vix_close,25.74,index,github.com/datasets/finance-vix
1997-09-16,vix_close,23.77,index,github.com/datasets/finance-vix
1997-09-17,vix_close,24.1,index,github.com/datasets/finance-vix
1997-09-18,vix_close,23.48,index,github.com/datasets/finance-vix
1997-09-19,vix_close,22.74,index,github.com/datasets/finance-vix
1997-09-22,vix_close,22.08,index,github.com/datasets/finance-vix
1997-09-23,vix_close,22.0,index,github.com/datasets/finance-vix
1997-09-24,vix_close,22.64,index,github.com/datasets/finance-vix
1997-09-25,vix_close,22.96,index,github.com/datasets/finance-vix
1997-09-26,vix_close,22.26,index,github.com/datasets/finance-vix
1997-09-29,vix_close,22.23,index,github.com/datasets/finance-vix
1997-09-30,vix_close,22.91,index,github.com/datasets/finance-vix
1997-10-01,vix_close,22.32,index,github.com/datasets/finance-vix
1997-10-02,vix_close,22.27,index,github.com/datasets/finance-vix
1997-10-03,vix_close,21.54,index,github.com/datasets/finance-vix
1997-10-06,vix_close,21.61,index,github.com/datasets/finance-vix
1997-10-07,vix_close,20.29,index,github.com/datasets/finance-vix
1997-10-08,vix_close,20.77,index,github.com/datasets/finance-vix
1997-10-09,vix_close,22.31,index,github.com/datasets/finance-vix
1997-10-10,vix_close,19.75,index,github.com/datasets/finance-vix
1997-10-13,vix_close,20.26,index,github.com/datasets/finance-vix
1997-10-14,vix_close,19.99,index,github.com/datasets/finance-vix
1997-10-15,vix_close,20.05,index,github.com/datasets/finance-vix
1997-10-16,vix_close,20.53,index,github.com/datasets/finance-vix
1997-10-17,vix_close,21.69,index,github.com/datasets/finance-vix
1997-10-20,vix_close,20.72,index,github.com/datasets/finance-vix
1997-10-21,vix_close,19.53,index,github.com/datasets/finance-vix
1997-10-22,vix_close,19.86,index,github.com/datasets/finance-vix
1997-10-23,vix_close,22.99,index,github.com/datasets/finance-vix
1997-10-24,vix_close,23.17,index,github.com/datasets/finance-vix
1997-10-27,vix_close,31.12,index,github.com/datasets/finance-vix
1997-10-28,vix_close,31.22,index,github.com/datasets/finance-vix
1997-10-29,vix_close,33.75,index,github.com/datasets/finance-vix
1997-10-30,vix_close,38.2,index,github.com/datasets/finance-vix
1997-10-31,vix_close,35.09,index,github.com/datasets/finance-vix
1997-11-03,vix_close,32.09,index,github.com/datasets/finance-vix
1997-11-04,vix_close,32.24,index,github.com/datasets/finance-vix
1997-11-05,vix_close,32.18,index,github.com/datasets/finance-vix
1997-11-06,vix_close,32.57,index,github.com/datasets/finance-vix
1997-11-07,vix_close,36.27,index,github.com/datasets/finance-vix
1997-11-10,vix_close,36.63,index,github.com/datasets/finance-vix
1997-11-11,vix_close,36.38,index,github.com/datasets/finance-vix
1997-11-12,vix_close,37.84,index,github.com/datasets/finance-vix
1997-11-13,vix_close,36.64,index,github.com/datasets/finance-vix
1997-11-14,vix_close,33.66,index,github.com/datasets/finance-vix
1997-11-17,vix_close,31.58,index,github.com/datasets/finance-vix
1997-11-18,vix_close,31.55,index,github.com/datasets/finance-vix
1997-11-19,vix_close,29.93,index,github.com/datasets/finance-vix
1997-11-20,vix_close,27.32,index,github.com/datasets/finance-vix
1997-11-21,vix_close,26.65,index,github.com/datasets/finance-vix
1997-11-24,vix_close,29.8,index,github.com/datasets/finance-vix
1997-11-25,vix_close,28.95,index,github.com/datasets/finance-vix
1997-11-28,vix_close,27.43,index,github.com/datasets/finance-vix
1997-12-01,vix_close,26.01,index,github.com/datasets/finance-vix
1997-12-02,vix_close,25.66,index,github.com/datasets/finance-vix
1997-12-03,vix_close,23.92,index,github.com/datasets/finance-vix
1997-12-04,vix_close,23.84,index,github.com/datasets/finance-vix
1997-12-05,vix_close,22.65,index,github.com/datasets/finance-vix
1997-12-08,vix_close,23.22,index,github.com/datasets/finance-vix
1997-12-09,vix_close,23.36,index,github.com/datasets/finance-vix
1997-12-10,vix_close,24.55,index,github.com/datasets/finance-vix
1997-12-11,vix_close,27.63,index,github.com/datasets/finance-vix
1997-12-12,vix_close,27.92,index,github.com/datasets/finance-vix
1997-12-15,vix_close,27.37,index,github.com/datasets/finance-vix
1997-12-16,vix_close,26.11,index,github.com/datasets/finance-vix
1997-12-17,vix_close,26.33,index,github.com/datasets/finance-vix
1997-12-18,vix_close,27.19,index,github.com/datasets/finance-vix
1997-12-19,vix_close,29.18,index,github.com/datasets/finance-vix
1997-12-22,vix_close,28.56,index,github.com/datasets/finance-vix
1997-12-23,vix_close,29.86,index,github.com/datasets/finance-vix
1997-12-24,vix_close,30.27,index,github.com/datasets/finance-vix
1997-12-26,vix_close,29.27,index,github.com/datasets/finance-vix
1997-12-29,vix_close,26.79,index,github.com/datasets/finance-vix
1997-12-30,vix_close,24.38,index,github.com/datasets/finance-vix
1997-12-31,vix_close,24.01,index,github.com/datasets/finance-vix
1998-01-02,vix_close,23.42,index,github.com/datasets/finance-vix
1998-01-05,vix_close,24.36,index,github.com/datasets/finance-vix
1998-01-06,vix_close,25.66,index,github.com/datasets/finance-vix
1998-01-07,vix_close,25.07,index,github.com/datasets/finance-vix
1998-01-08,vix_close,26.01,index,github.com/datasets/finance-vix
1998-01-09,vix_close,28.69,index,github.com/datasets/finance-vix
1998-01-12,vix_close,28.02,index,github.com/datasets/finance-vix
1998-01-13,vix_close,25.17,index,github.com/datasets/finance-vix
1998-01-14,vix_close,23.75,index,github.com/datasets/finance-vix
1998-01-15,vix_close,23.45,index,github.com/datasets/finance-vix
1998-01-16,vix_close,21.65,index,github.com/datasets/finance-vix
1998-01-20,vix_close,21.65,index,github.com/datasets/finance-vix
1998-01-21,vix_close,22.53,index,github.com/datasets/finance-vix
1998-01-22,vix_close,23.16,index,github.com/datasets/finance-vix
1998-01-23,vix_close,23.32,index,github.com/datasets/finance-vix
1998-01-26,vix_close,23.97,index,github.com/datasets/finance-vix
1998-01-27,vix_close,22.27,index,github.com/datasets/finance-vix
1998-01-28,vix_close,22.06,index,github.com/datasets/finance-vix
1998-01-29,vix_close,21.65,index,github.com/datasets/finance-vix
1998-01-30,vix_close,21.47,index,github.com/datasets/finance-vix
1998-02-02,vix_close,21.36,index,github.com/datasets/finance-vix
1998-02-03,vix_close,20.67,index,github.com/datasets/finance-vix
1998-02-04,vix_close,20.55,index,github.com/datasets/finance-vix
1998-02-05,vix_close,21.29,index,github.com/datasets/finance-vix
1998-02-06,vix_close,20.51,index,github.com/datasets/finance-vix
1998-02-09,vix_close,21.55,index,github.com/datasets/finance-vix
1998-02-10,vix_close,20.66,index,github.com/datasets/finance-vix
1998-02-11,vix_close,20.38,index,github.com/datasets/finance-vix
1998-02-12,vix_close,19.73,index,github.com/datasets/finance-vix
1998-02-13,vix_close,19.84,index,github.com/datasets/finance-vix
1998-02-17,vix_close,20.76,index,github.com/datasets/finance-vix
1998-02-18,vix_close,19.66,index,github.com/datasets/finance-vix
1998-02-19,vix_close,19.88,index,github.com/datasets/finance-vix
1998-02-20,vix_close,19.0,index,github.com/datasets/finance-vix
1998-02-23,vix_close,18.99,index,github.com/datasets/finance-vix
1998-02-24,vix_close,19.35,index,github.com/datasets/finance-vix
1998-02-25,vix_close,18.62,index,github.com/datasets/finance-vix
1998-02-26,vix_close,18.63,index,github.com/datasets/finance-vix
1998-02-27,vix_close,18.55,index,github.com/datasets/finance-vix
1998-03-02,vix_close,19.19,index,github.com/datasets/finance-vix
1998-03-03,vix_close,19.04,index,github.com/datasets/finance-vix
1998-03-04,vix_close,19.58,index,github.com/datasets/finance-vix
1998-03-05,vix_close,20.93,index,github.com/datasets/finance-vix
1998-03-06,vix_close,19.14,index,github.com/datasets/finance-vix
1998-03-09,vix_close,20.23,index,github.com/datasets/finance-vix
1998-03-10,vix_close,19.43,index,github.com/datasets/finance-vix
1998-03-11,vix_close,18.89,index,github.com/datasets/finance-vix
1998-03-12,vix_close,18.25,index,github.com/datasets/finance-vix
1998-03-13,vix_close,18.71,index,github.com/datasets/finance-vix
1998-03-16,vix_close,18.51,index,github.com/datasets/finance-vix
1998-03-17,vix_close,18.66,index,github.com/datasets/finance-vix
1998-03-18,vix_close,18.29,index,github.com/datasets/finance-vix
1998-03-19,vix_close,17.76,index,github.com/datasets/finance-vix
1998-03-20,vix_close,18.69,index,github.com/datasets/finance-vix
1998-03-23,vix_close,19.98,index,github.com/datasets/finance-vix
1998-03-24,vix_close,20.51,index,github.com/datasets/finance-vix
1998-03-25,vix_close,22.54,index,github.com/datasets/finance-vix
1998-03-26,vix_close,22.81,index,github.com/datasets/finance-vix
1998-03-27,vix_close,23.47,index,github.com/datasets/finance-vix
1998-03-30,vix_close,24.66,index,github.com/datasets/finance-vix
1998-03-31,vix_close,24.22,index,github.com/datasets/finance-vix
1998-04-01,vix_close,23.37,index,github.com/datasets/finance-vix
1998-04-02,vix_close,21.98,index,github.com/datasets/finance-vix
1998-04-03,vix_close,21.82,index,github.com/datasets/finance-vix
1998-04-06,vix_close,22.47,index,github.com/datasets/finance-vix
1998-04-07,vix_close,23.66,index,github.com/datasets/finance-vix
1998-04-08,vix_close,23.17,index,github.com/datasets/finance-vix
1998-04-09,vix_close,21.51,index,github.com/datasets/finance-vix
1998-04-13,vix_close,22.77,index,github.com/datasets/finance-vix
1998-04-14,vix_close,21.61,index,github.com/datasets/finance-vix
1998-04-15,vix_close,20.89,index,github.com/datasets/finance-vix
1998-04-16,vix_close,22.06,index,github.com/datasets/finance-vix
1998-04-17,vix_close,20.76,index,github.com/datasets/finance-vix
1998-04-20,vix_close,20.39,index,github.com/datasets/finance-vix
1998-04-21,vix_close,19.91,index,github.com/datasets/finance-vix
1998-04-22,vix_close,19.44,index,github.com/datasets/finance-vix
1998-04-23,vix_close,20.6,index,github.com/datasets/finance-vix
1998-04-24,vix_close,21.97,index,github.com/datasets/finance-vix
1998-04-27,vix_close,26.09,index,github.com/datasets/finance-vix
1998-04-28,vix_close,24.17,index,github.com/datasets/finance-vix
1998-04-29,vix_close,22.78,index,github.com/datasets/finance-vix
1998-04-30,vix_close,21.18,index,github.com/datasets/finance-vix
1998-05-01,vix_close,19.34,index,github.com/datasets/finance-vix
1998-05-04,vix_close,20.32,index,github.com/datasets/finance-vix
1998-05-05,vix_close,21.46,index,github.com/datasets/finance-vix
1998-05-06,vix_close,22.79,index,github.com/datasets/finance-vix
1998-05-07,vix_close,23.39,index,github.com/datasets/finance-vix
1998-05-08,vix_close,20.57,index,github.com/datasets/finance-vix
1998-05-11,vix_close,21.05,index,github.com/datasets/finance-vix
1998-05-12,vix_close,20.98,index,github.com/datasets/finance-vix
1998-05-13,vix_close,20.44,index,github.com/datasets/finance-vix
1998-05-14,vix_close,19.64,index,github.com/datasets/finance-vix
1998-05-15,vix_close,20.44,index,github.com/datasets/finance-vix
1998-05-18,vix_close,21.69,index,github.com/datasets/finance-vix
1998-05-19,vix_close,20.39,index,github.com/datasets/finance-vix
1998-05-20,vix_close,19.89,index,github.com/datasets/finance-vix
1998-05-21,vix_close,19.38,index,github.com/datasets/finance-vix
1998-05-22,vix_close,18.99,index,github.com/datasets/finance-vix
1998-05-26,vix_close,22.07,index,github.com/datasets/finance-vix
1998-05-27,vix_close,22.59,index,github.com/datasets/finance-vix
1998-05-28,vix_close,20.74,index,github.com/datasets/finance-vix
1998-05-29,vix_close,21.32,index,github.com/datasets/finance-vix
1998-06-01,vix_close,22.83,index,github.com/datasets/finance-vix
1998-06-02,vix_close,22.0,index,github.com/datasets/finance-vix
1998-06-03,vix_close,22.85,index,github.com/datasets/finance-vix
1998-06-04,vix_close,21.22,index,github.com/datasets/finance-vix
1998-06-05,vix_close,19.78,index,github.com/datasets/finance-vix
1998-06-08,vix_close,20.58,index,github.com/datasets/finance-vix
1998-06-09,vix_close,20.52,index,github.com/datasets/finance-vix
1998-06-10,vix_close,21.48,index,github.com/datasets/finance-vix
1998-06-11,vix_close,23.57,index,github.com/datasets/finance-vix
1998-06-12,vix_close,22.78,index,github.com/datasets/finance-vix
1998-06-15,vix_close,25.94,index,github.com/datasets/finance-vix
1998-06-16,vix_close,24.8,index,github.com/datasets/finance-vix
1998-06-17,vix_close,22.89,index,github.com/datasets/finance-vix
1998-06-18,vix_close,22.4,index,github.com/datasets/finance-vix
1998-06-19,vix_close,21.92,index,github.com/datasets/finance-vix
1998-06-22,vix_close,21.94,index,github.com/datasets/finance-vix
1998-06-23,vix_close,20.17,index,github.com/datasets/finance-vix
1998-06-24,vix_close,20.02,index,github.com/datasets/finance-vix
1998-06-25,vix_close,20.25,index,github.com/datasets/finance-vix
1998-06-26,vix_close,19.36,index,github.com/datasets/finance-vix
1998-06-29,vix_close,19.57,index,github.com/datasets/finance-vix
1998-06-30,vix_close,19.71,index,github.com/datasets/finance-vix
1998-07-01,vix_close,18.0,index,github.com/datasets/finance-vix
1998-07-02,vix_close,17.67,index,github.com/datasets/finance-vix
1998-07-06,vix_close,18.63,index,github.com/datasets/finance-vix
1998-07-07,vix_close,18.62,index,github.com/datasets/finance-vix
1998-07-08,vix_close,17.82,index,github.com/datasets/finance-vix
1998-07-09,vix_close,18.16,index,github.com/datasets/finance-vix
1998-07-10,vix_close,17.92,index,github.com/datasets/finance-vix
1998-07-13,vix_close,18.26,index,github.com/datasets/finance-vix
1998-07-14,vix_close,17.88,index,github.com/datasets/finance-vix
1998-07-15,vix_close,17.89,index,github.com/datasets/finance-vix
1998-07-16,vix_close,16.97,index,github.com/datasets/finance-vix
1998-07-17,vix_close,16.23,index,github.com/datasets/finance-vix
1998-07-20,vix_close,17.34,index,github.com/datasets/finance-vix
1998-07-21,vix_close,20.1,index,github.com/datasets/finance-vix
1998-07-22,vix_close,20.32,index,github.com/datasets/finance-vix
1998-07-23,vix_close,23.01,index,github.com/datasets/finance-vix
1998-07-24,vix_close,23.01,index,github.com/datasets/finance-vix
1998-07-27,vix_close,23.13,index,github.com/datasets/finance-vix
1998-07-28,vix_close,25.25,index,github.com/datasets/finance-vix
1998-07-29,vix_close,24.79,index,github.com/datasets/finance-vix
1998-07-30,vix_close,22.66,index,github.com/datasets/finance-vix
1998-07-31,vix_close,24.8,index,github.com/datasets/finance-vix
1998-08-03,vix_close,25.98,index,github.com/datasets/finance-vix
1998-08-04,vix_close,31.06,index,github.com/datasets/finance-vix
1998-08-05,vix_close,29.83,index,github.com/datasets/finance-vix
1998-08-06,vix_close,28.2,index,github.com/datasets/finance-vix
1998-08-07,vix_close,27.02,index,github.com/datasets/finance-vix
1998-08-10,vix_close,28.75,index,github.com/datasets/finance-vix
1998-08-11,vix_close,31.91,index,github.com/datasets/finance-vix
1998-08-12,vix_close,28.55,index,github.com/datasets/finance-vix
1998-08-13,vix_close,29.92,index,github.com/datasets/finance-vix
1998-08-14,vix_close,34.34,index,github.com/datasets/finance-vix
1998-08-17,vix_close,31.86,index,github.com/datasets/finance-vix
1998-08-18,vix_close,28.4,index,github.com/datasets/finance-vix
1998-08-19,vix_close,28.69,index,github.com/datasets/finance-vix
1998-08-20,vix_close,30.0,index,github.com/datasets/finance-vix
1998-08-21,vix_close,33.14,index,github.com/datasets/finance-vix
1998-08-24,vix_close,31.8,index,github.com/datasets/finance-vix
1998-08-25,vix_close,30.33,index,github.com/datasets/finance-vix
1998-08-26,vix_close,31.14,index,github.com/datasets/finance-vix
1998-08-27,vix_close,38.55,index,github.com/datasets/finance-vix
1998-08-28,vix_close,39.6,index,github.com/datasets/finance-vix
1998-08-31,vix_close,44.28,index,github.com/datasets/finance-vix
1998-09-01,vix_close,36.48,index,github.com/datasets/finance-vix
1998-09-02,vix_close,36.76,index,github.com/datasets/finance-vix
1998-09-03,vix_close,41.43,index,github.com/datasets/finance-vix
1998-09-04,vix_close,43.31,index,github.com/datasets/finance-vix
1998-09-08,vix_close,37.9,index,github.com/datasets/finance-vix
1998-09-09,vix_close,39.66,index,github.com/datasets/finance-vix
1998-09-10,vix_close,45.29,index,github.com/datasets/finance-vix
1998-09-11,vix_close,43.74,index,github.com/datasets/finance-vix
1998-09-14,vix_close,38.57,index,github.com/datasets/finance-vix
1998-09-15,vix_close,36.58,index,github.com/datasets/finance-vix
1998-09-16,vix_close,35.94,index,github.com/datasets/finance-vix
1998-09-17,vix_close,39.23,index,github.com/datasets/finance-vix
1998-09-18,vix_close,38.63,index,github.com/datasets/finance-vix
1998-09-21,vix_close,38.58,index,github.com/datasets/finance-vix
1998-09-22,vix_close,36.62,index,github.com/datasets/finance-vix
1998-09-23,vix_close,32.47,index,github.com/datasets/finance-vix
1998-09-24,vix_close,34.66,index,github.com/datasets/finance-vix
1998-09-25,vix_close,34.55,index,github.com/datasets/finance-vix
1998-09-28,vix_close,34.87,index,github.com/datasets/finance-vix
1998-09-29,vix_close,36.08,index,github.com/datasets/finance-vix
1998-09-30,vix_close,40.95,index,github.com/datasets/finance-vix
1998-10-01,vix_close,43.48,index,github.com/datasets/finance-vix
1998-10-02,vix_close,40.47,index,github.com/datasets/finance-vix
1998-10-05,vix_close,42.81,index,github.com/datasets/finance-vix
1998-10-06,vix_close,41.2,index,github.com/datasets/finance-vix
1998-10-07,vix_close,43.51,index,github.com/datasets/finance-vix
1998-10-08,vix_close,45.74,index,github.com/datasets/finance-vix
1998-10-09,vix_close,42.2,index,github.com/datasets/finance-vix
1998-10-12,vix_close,40.07,index,github.com/datasets/finance-vix
1998-10-13,vix_close,40.23,index,github.com/datasets/finance-vix
1998-10-14,vix_close,38.96,index,github.com/datasets/finance-vix
1998-10-15,vix_close,33.34,index,github.com/datasets/finance-vix
1998-10-16,vix_close,34.82,index,github.com/datasets/finance-vix
1998-10-19,vix_close,33.13,index,github.com/datasets/finance-vix
1998-10-20,vix_close,33.11,index,github.com/datasets/finance-vix
1998-10-21,vix_close,33.21,index,github.com/datasets/finance-vix
1998-10-22,vix_close,31.53,index,github.com/datasets/finance-vix
1998-10-23,vix_close,32.27,index,github.com/datasets/finance-vix
1998-10-26,vix_close,32.38,index,github.com/datasets/finance-vix
1998-10-27,vix_close,32.95,index,github.com/datasets/finance-vix
1998-10-28,vix_close,32.42,index,github.com/datasets/finance-vix
1998-10-29,vix_close,29.5,index,github.com/datasets/finance-vix
1998-10-30,vix_close,28.05,index,github.com/datasets/finance-vix
1998-11-02,vix_close,27.26,index,github.com/datasets/finance-vix
1998-11-03,vix_close,27.76,index,github.com/datasets/finance-vix
1998-11-04,vix_close,27.37,index,github.com/datasets/finance-vix
1998-11-05,vix_close,26.01,index,github.com/datasets/finance-vix
1998-11-06,vix_close,25.7,index,github.com/datasets/finance-vix
1998-11-09,vix_close,28.09,index,github.com/datasets/finance-vix
1998-11-10,vix_close,28.17,index,github.com/datasets/finance-vix
1998-11-11,vix_close,28.47,index,github.com/datasets/finance-vix
1998-11-12,vix_close,29.28,index,github.com/datasets/finance-vix
1998-11-13,vix_close,29.03,index,github.com/datasets/finance-vix
1998-11-16,vix_close,28.9,index,github.com/datasets/finance-vix
1998-11-17,vix_close,27.95,index,github.com/datasets/finance-vix
1998-11-18,vix_close,27.13,index,github.com/datasets/finance-vix
1998-11-19,vix_close,25.5,index,github.com/datasets/finance-vix
1998-11-20,vix_close,22.47,index,github.com/datasets/finance-vix
1998-11-23,vix_close,21.84,index,github.com/datasets/finance-vix
1998-11-24,vix_close,23.28,index,github.com/datasets/finance-vix
1998-11-25,vix_close,22.15,index,github.com/datasets/finance-vix
1998-11-27,vix_close,22.09,index,github.com/datasets/finance-vix
1998-11-30,vix_close,26.01,index,github.com/datasets/finance-vix
1998-12-01,vix_close,24.97,index,github.com/datasets/finance-vix
1998-12-02,vix_close,25.43,index,github.com/datasets/finance-vix
1998-12-03,vix_close,28.7,index,github.com/datasets/finance-vix
1998-12-04,vix_close,25.31,index,github.com/datasets/finance-vix
1998-12-07,vix_close,24.9,index,github.com/datasets/finance-vix
1998-12-08,vix_close,25.58,index,github.com/datasets/finance-vix
1998-12-09,vix_close,25.66,index,github.com/datasets/finance-vix
1998-12-10,vix_close,26.81,index,github.com/datasets/finance-vix
1998-12-11,vix_close,27.72,index,github.com/datasets/finance-vix
1998-12-14,vix_close,31.31,index,github.com/datasets/finance-vix
1998-12-15,vix_close,29.42,index,github.com/datasets/finance-vix
1998-12-16,vix_close,29.96,index,github.com/datasets/finance-vix
1998-12-17,vix_close,27.96,index,github.com/datasets/finance-vix
1998-12-18,vix_close,25.04,index,github.com/datasets/finance-vix
1998-12-21,vix_close,23.86,index,github.com/datasets/finance-vix
1998-12-22,vix_close,22.78,index,github.com/datasets/finance-vix
1998-12-23,vix_close,20.21,index,github.com/datasets/finance-vix
1998-12-24,vix_close,21.48,index,github.com/datasets/finance-vix
1998-12-28,vix_close,23.5,index,github.com/datasets/finance-vix
1998-12-29,vix_close,22.18,index,github.com/datasets/finance-vix
1998-12-30,vix_close,23.34,index,github.com/datasets/finance-vix
1998-12-31,vix_close,24.42,index,github.com/datasets/finance-vix
1999-01-04,vix_close,26.17,index,github.com/datasets/finance-vix
1999-01-05,vix_close,24.46,index,github.com/datasets/finance-vix
1999-01-06,vix_close,23.34,index,github.com/datasets/finance-vix
1999-01-07,vix_close,24.37,index,github.com/datasets/finance-vix
1999-01-08,vix_close,23.28,index,github.com/datasets/finance-vix
1999-01-11,vix_close,25.46,index,github.com/datasets/finance-vix
1999-01-12,vix_close,28.1,index,github.com/datasets/finance-vix
1999-01-13,vix_close,30.11,index,github.com/datasets/finance-vix
1999-01-14,vix_close,32.98,index,github.com/datasets/finance-vix
1999-01-15,vix_close,29.24,index,github.com/datasets/finance-vix
1999-01-19,vix_close,29.24,index,github.com/datasets/finance-vix
1999-01-20,vix_close,28.6,index,github.com/datasets/finance-vix
1999-01-21,vix_close,30.92,index,github.com/datasets/finance-vix
1999-01-22,vix_close,31.95,index,github.com/datasets/finance-vix
1999-01-25,vix_close,31.13,index,github.com/datasets/finance-vix
1999-01-26,vix_close,29.23,index,github.com/datasets/finance-vix
1999-01-27,vix_close,29.73,index,github.com/datasets/finance-vix
1999-01-28,vix_close,28.11,index,github.com/datasets/finance-vix
1999-01-29,vix_close,26.25,index,github.com/datasets/finance-vix
1999-02-01,vix_close,27.67,index,github.com/datasets/finance-vix
1999-02-02,vix_close,28.16,index,github.com/datasets/finance-vix
1999-02-03,vix_close,27.88,index,github.com/datasets/finance-vix
1999-02-04,vix_close,29.48,index,github.com/datasets/finance-vix
1999-02-05,vix_close,29.67,index,github.com/datasets/finance-vix
1999-02-08,vix_close,30.27,index,github.com/datasets/finance-vix
1999-02-09,vix_close,31.36,index,github.com/datasets/finance-vix
1999-02-10,vix_close,30.45,index,github.com/datasets/finance-vix
1999-02-11,vix_close,27.42,index,github.com/datasets/finance-vix
1999-02-12,vix_close,29.76,index,github.com/datasets/finance-vix
1999-02-16,vix_close,29.65,index,github.com/datasets/finance-vix
1999-02-17,vix_close,30.65,index,github.com/datasets/finance-vix
1999-02-18,vix_close,30.45,index,github.com/datasets/finance-vix
1999-02-19,vix_close,29.3,index,github.com/datasets/finance-vix
1999-02-22,vix_close,25.87,index,github.com/datasets/finance-vix
1999-02-23,vix_close,26.49,index,github.com/datasets/finance-vix
1999-02-24,vix_close,27.21,index,github.com/datasets/finance-vix
1999-02-25,vix_close,28.01,index,github.com/datasets/finance-vix
1999-02-26,vix_close,27.88,index,github.com/datasets/finance-vix
1999-03-01,vix_close,28.37,index,github.com/datasets/finance-vix
1999-03-02,vix_close,29.22,index,github.com/datasets/finance-vix
1999-03-03,vix_close,29.04,index,github.com/datasets/finance-vix
1999-03-04,vix_close,26.67,index,github.com/datasets/finance-vix
1999-03-05,vix_close,24.08,index,github.com/datasets/finance-vix
1999-03-08,vix_close,24.54,index,github.com/datasets/finance-vix
1999-03-09,vix_close,25.02,index,github.com/datasets/finance-vix
1999-03-10,vix_close,24.79,index,github.com/datasets/finance-vix
1999-03-11,vix_close,24.37,index,github.com/datasets/finance-vix
1999-03-12,vix_close,24.84,index,github.com/datasets/finance-vix
1999-03-15,vix_close,25.24,index,github.com/datasets/finance-vix
1999-03-16,vix_close,25.15,index,github.com/datasets/finance-vix
1999-03-17,vix_close,25.57,index,github.com/datasets/finance-vix
1999-03-18,vix_close,24.13,index,github.com/datasets/finance-vix
1999-03-19,vix_close,24.32,index,github.com/datasets/finance-vix
1999-03-22,vix_close,25.0,index,github.com/datasets/finance-vix
1999-03-23,vix_close,27.27,index,github.com/datasets/finance-vix
1999-03-24,vix_close,26.6,index,github.com/datasets/finance-vix
1999-03-25,vix_close,24.33,index,github.com/datasets/finance-vix
1999-03-26,vix_close,24.04,index,github.com/datasets/finance-vix
1999-03-29,vix_close,23.54,index,github.com/datasets/finance-vix
1999-03-30,vix_close,22.73,index,github.com/datasets/finance-vix
1999-03-31,vix_close,23.26,index,github.com/datasets/finance-vix
1999-04-01,vix_close,22.06,index,github.com/datasets/finance-vix
1999-04-05,vix_close,22.19,index,github.com/datasets/finance-vix
1999-04-06,vix_close,22.65,index,github.com/datasets/finance-vix
1999-04-07,vix_close,22.81,index,github.com/datasets/finance-vix
1999-04-08,vix_close,22.59,index,github.com/datasets/finance-vix
1999-04-09,vix_close,21.77,index,github.com/datasets/finance-vix
1999-04-12,vix_close,21.93,index,github.com/datasets/finance-vix
1999-04-13,vix_close,22.73,index,github.com/datasets/finance-vix
1999-04-14,vix_close,24.94,index,github.com/datasets/finance-vix
1999-04-15,vix_close,23.93,index,github.com/datasets/finance-vix
1999-04-16,vix_close,23.9,index,github.com/datasets/finance-vix
1999-04-19,vix_close,26.42,index,github.com/datasets/finance-vix
1999-04-20,vix_close,25.02,index,github.com/datasets/finance-vix
1999-04-21,vix_close,23.31,index,github.com/datasets/finance-vix
1999-04-22,vix_close,22.62,index,github.com/datasets/finance-vix
1999-04-23,vix_close,22.76,index,github.com/datasets/finance-vix
1999-04-26,vix_close,23.53,index,github.com/datasets/finance-vix
1999-04-27,vix_close,23.36,index,github.com/datasets/finance-vix
1999-04-28,vix_close,24.4,index,github.com/datasets/finance-vix
1999-04-29,vix_close,25.06,index,github.com/datasets/finance-vix
1999-04-30,vix_close,25.07,index,github.com/datasets/finance-vix
1999-05-03,vix_close,24.15,index,github.com/datasets/finance-vix
1999-05-04,vix_close,25.62,index,github.com/datasets/finance-vix
1999-05-05,vix_close,25.19,index,github.com/datasets/finance-vix
1999-05-06,vix_close,27.44,index,github.com/datasets/finance-vix
1999-05-07,vix_close,25.36,index,github.com/datasets/finance-vix
1999-05-10,vix_close,26.62,index,github.com/datasets/finance-vix
1999-05-11,vix_close,25.62,index,github.com/datasets/finance-vix
1999-05-12,vix_close,26.13,index,github.com/datasets/finance-vix
1999-05-13,vix_close,25.02,index,github.com/datasets/finance-vix
1999-05-14,vix_close,26.86,index,github.com/datasets/finance-vix
1999-05-17,vix_close,27.28,index,github.com/datasets/finance-vix
1999-05-18,vix_close,27.26,index,github.com/datasets/finance-vix
1999-05-19,vix_close,25.08,index,github.com/datasets/finance-vix
1999-05-20,vix_close,24.46,index,github.com/datasets/finance-vix
1999-05-21,vix_close,24.4,index,github.com/datasets/finance-vix
1999-05-24,vix_close,27.62,index,github.com/datasets/finance-vix
1999-05-25,vix_close,28.9,index,github.com/datasets/finance-vix
1999-05-26,vix_close,27.57,index,github.com/datasets/finance-vix
1999-05-27,vix_close,28.12,index,github.com/datasets/finance-vix
1999-05-28,vix_close,25.39,index,github.com/datasets/finance-vix
1999-06-01,vix_close,26.62,index,github.com/datasets/finance-vix
1999-06-02,vix_close,26.21,index,github.com/datasets/finance-vix
1999-06-03,vix_close,26.2,index,github.com/datasets/finance-vix
1999-06-04,vix_close,23.43,index,github.com/datasets/finance-vix
1999-06-07,vix_close,23.78,index,github.com/datasets/finance-vix
1999-06-08,vix_close,24.02,index,github.com/datasets/finance-vix
1999-06-09,vix_close,23.9,index,github.com/datasets/finance-vix
1999-06-10,vix_close,25.32,index,github.com/datasets/finance-vix
1999-06-11,vix_close,25.9,index,github.com/datasets/finance-vix
1999-06-14,vix_close,26.51,index,github.com/datasets/finance-vix
1999-06-15,vix_close,25.91,index,github.com/datasets/finance-vix
1999-06-16,vix_close,22.4,index,github.com/datasets/finance-vix
1999-06-17,vix_close,21.95,index,github.com/datasets/finance-vix
1999-06-18,vix_close,21.75,index,github.com/datasets/finance-vix
1999-06-21,vix_close,21.81,index,github.com/datasets/finance-vix
1999-06-22,vix_close,21.7,index,github.com/datasets/finance-vix
1999-06-23,vix_close,21.32,index,github.com/datasets/finance-vix
1999-06-24,vix_close,23.06,index,github.com/datasets/finance-vix
1999-06-25,vix_close,21.76,index,github.com/datasets/finance-vix
1999-06-28,vix_close,22.63,index,github.com/datasets/finance-vix
1999-06-29,vix_close,22.51,index,github.com/datasets/finance-vix
1999-06-30,vix_close,21.09,index,github.com/datasets/finance-vix
1999-07-01,vix_close,19.69,index,github.com/datasets/finance-vix
1999-07-02,vix_close,18.66,index,github.com/datasets/finance-vix
1999-07-06,vix_close,20.73,index,github.com/datasets/finance-vix
1999-07-07,vix_close,20.35,index,github.com/datasets/finance-vix
1999-07-08,vix_close,20.24,index,github.com/datasets/finance-vix
1999-07-09,vix_close,17.96,index,github.com/datasets/finance-vix
1999-07-12,vix_close,19.73,index,github.com/datasets/finance-vix
1999-07-13,vix_close,19.95,index,github.com/datasets/finance-vix
1999-07-14,vix_close,19.71,index,github.com/datasets/finance-vix
1999-07-15,vix_close,18.68,index,github.com/datasets/finance-vix
1999-07-16,vix_close,17.42,index,github.com/datasets/finance-vix
1999-07-19,vix_close,19.07,index,github.com/datasets/finance-vix
1999-07-20,vix_close,21.79,index,github.com/datasets/finance-vix
1999-07-21,vix_close,21.46,index,github.com/datasets/finance-vix
1999-07-22,vix_close,23.05,index,github.com/datasets/finance-vix
1999-07-23,vix_close,23.32,index,github.com/datasets/finance-vix
1999-07-26,vix_close,24.98,index,github.com/datasets/finance-vix
1999-07-27,vix_close,23.23,index,github.com/datasets/finance-vix
1999-07-28,vix_close,22.85,index,github.com/datasets/finance-vix
1999-07-29,vix_close,24.52,index,github.com/datasets/finance-vix
1999-07-30,vix_close,24.64,index,github.com/datasets/finance-vix
1999-08-02,vix_close,25.59,index,github.com/datasets/finance-vix
1999-08-03,vix_close,26.27,index,github.com/datasets/finance-vix
1999-08-04,vix_close,27.4,index,github.com/datasets/finance-vix
1999-08-05,vix_close,27.01,index,github.com/datasets/finance-vix
1999-08-06,vix_close,26.6,index,github.com/datasets/finance-vix
1999-08-09,vix_close,27.66,index,github.com/datasets/finance-vix
1999-08-10,vix_close,28.45,index,github.com/datasets/finance-vix
1999-08-11,vix_close,25.39,index,github.com/datasets/finance-vix
1999-08-12,vix_close,25.03,index,github.com/datasets/finance-vix
1999-08-13,vix_close,22.31,index,github.com/datasets/finance-vix
1999-08-16,vix_close,23.07,index,github.com/datasets/finance-vix
1999-08-17,vix_close,21.67,index,github.com/datasets/finance-vix
1999-08-18,vix_close,23.3,index,github.com/datasets/finance-vix
1999-08-19,vix_close,24.39,index,github.com/datasets/finance-vix
1999-08-20,vix_close,22.95,index,github.com/datasets/finance-vix
1999-08-23,vix_close,22.55,index,github.com/datasets/finance-vix
1999-08-24,vix_close,22.4,index,github.com/datasets/finance-vix
1999-08-25,vix_close,20.96,index,github.com/datasets/finance-vix
1999-08-26,vix_close,21.21,index,github.com/datasets/finance-vix
1999-08-27,vix_close,21.83,index,github.com/datasets/finance-vix
1999-08-30,vix_close,24.63,index,github.com/datasets/finance-vix
1999-08-31,vix_close,24.45,index,github.com/datasets/finance-vix
1999-09-01,vix_close,22.93,index,github.com/datasets/finance-vix
1999-09-02,vix_close,24.53,index,github.com/datasets/finance-vix
1999-09-03,vix_close,20.98,index,github.com/datasets/finance-vix
1999-09-07,vix_close,23.44,index,github.com/datasets/finance-vix
1999-09-08,vix_close,23.82,index,github.com/datasets/finance-vix
1999-09-09,vix_close,23.01,index,github.com/datasets/finance-vix
1999-09-10,vix_close,22.03,index,github.com/datasets/finance-vix
1999-09-13,vix_close,22.89,index,github.com/datasets/finance-vix
1999-09-14,vix_close,23.77,index,github.com/datasets/finance-vix
1999-09-15,vix_close,24.56,index,github.com/datasets/finance-vix
1999-09-16,vix_close,25.25,index,github.com/datasets/finance-vix
1999-09-17,vix_close,23.3,index,github.com/datasets/finance-vix
1999-09-20,vix_close,24.03,index,github.com/datasets/finance-vix
1999-09-21,vix_close,25.65,index,github.com/datasets/finance-vix
1999-09-22,vix_close,25.19,index,github.com/datasets/finance-vix
1999-09-23,vix_close,27.84,index,github.com/datasets/finance-vix
1999-09-24,vix_close,27.79,index,github.com/datasets/finance-vix
1999-09-27,vix_close,26.4,index,github.com/datasets/finance-vix
1999-09-28,vix_close,26.06,index,github.com/datasets/finance-vix
1999-09-29,vix_close,26.49,index,github.com/datasets/finance-vix
1999-09-30,vix_close,25.41,index,github.com/datasets/finance-vix
1999-10-01,vix_close,24.93,index,github.com/datasets/finance-vix
1999-10-04,vix_close,24.46,index,github.com/datasets/finance-vix
1999-10-05,vix_close,24.79,index,github.com/datasets/finance-vix
1999-10-06,vix_close,22.06,index,github.com/datasets/finance-vix
1999-10-07,vix_close,23.58,index,github.com/datasets/finance-vix
1999-10-08,vix_close,20.49,index,github.com/datasets/finance-vix
1999-10-11,vix_close,20.63,index,github.com/datasets/finance-vix
1999-10-12,vix_close,22.84,index,github.com/datasets/finance-vix
1999-10-13,vix_close,25.96,index,github.com/datasets/finance-vix
1999-10-14,vix_close,26.05,index,github.com/datasets/finance-vix
1999-10-15,vix_close,28.75,index,github.com/datasets/finance-vix
1999-10-18,vix_close,28.19,index,github.com/datasets/finance-vix
1999-10-19,vix_close,26.56,index,github.com/datasets/finance-vix
1999-10-20,vix_close,23.9,index,github.com/datasets/finance-vix
1999-10-21,vix_close,24.02,index,github.com/datasets/finance-vix
1999-10-22,vix_close,21.64,index,github.com/datasets/finance-vix
1999-10-25,vix_close,23.6,index,github.com/datasets/finance-vix
1999-10-26,vix_close,24.26,index,github.com/datasets/finance-vix
1999-10-27,vix_close,24.2,index,github.com/datasets/finance-vix
1999-10-28,vix_close,21.34,index,github.com/datasets/finance-vix
1999-10-29,vix_close,22.2,index,github.com/datasets/finance-vix
1999-11-01,vix_close,22.09,index,github.com/datasets/finance-vix
1999-11-02,vix_close,23.1,index,github.com/datasets/finance-vix
1999-11-03,vix_close,23.16,index,github.com/datasets/finance-vix
1999-11-04,vix_close,23.0,index,github.com/datasets/finance-vix
1999-11-05,vix_close,21.66,index,github.com/datasets/finance-vix
1999-11-08,vix_close,21.87,index,github.com/datasets/finance-vix
1999-11-09,vix_close,22.7,index,github.com/datasets/finance-vix
1999-11-10,vix_close,22.26,index,github.com/datasets/finance-vix
1999-11-11,vix_close,22.07,index,github.com/datasets/finance-vix
1999-11-12,vix_close,21.65,index,github.com/datasets/finance-vix
1999-11-15,vix_close,22.74,index,github.com/datasets/finance-vix
1999-11-16,vix_close,20.73,index,github.com/datasets/finance-vix
1999-11-17,vix_close,20.96,index,github.com/datasets/finance-vix
1999-11-18,vix_close,19.76,index,github.com/datasets/finance-vix
1999-11-19,vix_close,19.11,index,github.com/datasets/finance-vix
1999-11-22,vix_close,19.98,index,github.com/datasets/finance-vix
1999-11-23,vix_close,21.0,index,github.com/datasets/finance-vix
1999-11-24,vix_close,20.26,index,github.com/datasets/finance-vix
1999-11-26,vix_close,22.33,index,github.com/datasets/finance-vix
1999-11-29,vix_close,23.57,index,github.com/datasets/finance-vix
1999-11-30,vix_close,24.18,index,github.com/datasets/finance-vix
1999-12-01,vix_close,22.23,index,github.com/datasets/finance-vix
1999-12-02,vix_close,21.77,index,github.com/datasets/finance-vix
1999-12-03,vix_close,19.32,index,github.com/datasets/finance-vix
1999-12-06,vix_close,20.58,index,github.com/datasets/finance-vix
1999-12-07,vix_close,21.09,index,github.com/datasets/finance-vix
1999-12-08,vix_close,21.25,index,github.com/datasets/finance-vix
1999-12-09,vix_close,21.19,index,github.com/datasets/finance-vix
1999-12-10,vix_close,21.48,index,github.com/datasets/finance-vix
1999-12-13,vix_close,21.72,index,github.com/datasets/finance-vix
1999-12-14,vix_close,23.06,index,github.com/datasets/finance-vix
1999-12-15,vix_close,22.03,index,github.com/datasets/finance-vix
1999-12-16,vix_close,21.91,index,github.com/datasets/finance-vix
1999-12-17,vix_close,21.35,index,github.com/datasets/finance-vix
1999-12-20,vix_close,23.78,index,github.com/datasets/finance-vix
1999-12-21,vix_close,22.66,index,github.com/datasets/finance-vix
1999-12-22,vix_close,22.43,index,github.com/datasets/finance-vix
1999-12-23,vix_close,21.12,index,github.com/datasets/finance-vix
1999-12-27,vix_close,23.07,index,github.com/datasets/finance-vix
1999-12-28,vix_close,22.97,index,github.com/datasets/finance-vix
1999-12-29,vix_close,23.09,index,github.com/datasets/finance-vix
1999-12-30,vix_close,24.76,index,github.com/datasets/finance-vix
2000-01-03,vix_close,24.21,index,github.com/datasets/finance-vix
2000-01-04,vix_close,27.01,index,github.com/datasets/finance-vix
2000-01-05,vix_close,26.41,index,github.com/datasets/finance-vix
2000-01-06,vix_close,25.73,index,github.com/datasets/finance-vix
2000-01-07,vix_close,21.72,index,github.com/datasets/finance-vix
2000-01-10,vix_close,21.71,index,github.com/datasets/finance-vix
2000-01-11,vix_close,22.5,index,github.com/datasets/finance-vix
2000-01-12,vix_close,22.84,index,github.com/datasets/finance-vix
2000-01-13,vix_close,21.71,index,github.com/datasets/finance-vix
2000-01-14,vix_close,19.66,index,github.com/datasets/finance-vix
2000-01-18,vix_close,21.5,index,github.com/datasets/finance-vix
2000-01-19,vix_close,21.72,index,github.com/datasets/finance-vix
2000-01-20,vix_close,21.75,index,github.com/datasets/finance-vix
2000-01-21,vix_close,20.82,index,github.com/datasets/finance-vix
2000-01-24,vix_close,24.07,index,github.com/datasets/finance-vix
2000-01-25,vix_close,23.02,index,github.com/datasets/finance-vix
2000-01-26,vix_close,23.03,index,github.com/datasets/finance-vix
2000-01-27,vix_close,23.54,index,github.com/datasets/finance-vix
2000-01-28,vix_close,26.14,index,github.com/datasets/finance-vix
2000-01-31,vix_close,24.95,index,github.com/datasets/finance-vix
2000-02-01,vix_close,23.45,index,github.com/datasets/finance-vix
2000-02-02,vix_close,23.12,index,github.com/datasets/finance-vix
2000-02-03,vix_close,22.01,index,github.com/datasets/finance-vix
2000-02-04,vix_close,21.54,index,github.com/datasets/finance-vix
2000-02-07,vix_close,22.79,index,github.com/datasets/finance-vix
2000-02-08,vix_close,21.25,index,github.com/datasets/finance-vix
2000-02-09,vix_close,22.9,index,github.com/datasets/finance-vix
2000-02-10,vix_close,23.07,index,github.com/datasets/finance-vix
2000-02-11,vix_close,24.42,index,github.com/datasets/finance-vix
2000-02-14,vix_close,24.38,index,github.com/datasets/finance-vix
2000-02-15,vix_close,22.92,index,github.com/datasets/finance-vix
2000-02-16,vix_close,23.51,index,github.com/datasets/finance-vix
2000-02-17,vix_close,23.17,index,github.com/datasets/finance-vix
2000-02-18,vix_close,26.0,index,github.com/datasets/finance-vix
2000-02-22,vix_close,25.86,index,github.com/datasets/finance-vix
2000-02-23,vix_close,23.89,index,github.com/datasets/finance-vix
2000-02-24,vix_close,24.38,index,github.com/datasets/finance-vix
2000-02-25,vix_close,25.2,index,github.com/datasets/finance-vix
2000-02-28,vix_close,24.68,index,github.com/datasets/finance-vix
2000-02-29,vix_close,23.37,index,github.com/datasets/finance-vix
2000-03-01,vix_close,21.64,index,github.com/datasets/finance-vix
2000-03-02,vix_close,21.06,index,github.com/datasets/finance-vix
2000-03-03,vix_close,19.21,index,github.com/datasets/finance-vix
2000-03-06,vix_close,21.5,index,github.com/datasets/finance-vix
2000-03-07,vix_close,24.31,index,github.com/datasets/finance-vix
2000-03-08,vix_close,23.82,index,github.com/datasets/finance-vix
2000-03-09,vix_close,22.21,index,github.com/datasets/finance-vix
2000-03-10,vix_close,21.24,index,github.com/datasets/finance-vix
2000-03-13,vix_close,22.85,index,github.com/datasets/finance-vix
2000-03-14,vix_close,24.41,index,github.com/datasets/finance-vix
2000-03-15,vix_close,22.34,index,github.com/datasets/finance-vix
2000-03-16,vix_close,20.77,index,github.com/datasets/finance-vix
2000-03-17,vix_close,22.37,index,github.com/datasets/finance-vix
2000-03-20,vix_close,22.96,index,github.com/datasets/finance-vix
2000-03-21,vix_close,21.7,index,github.com/datasets/finance-vix
2000-03-22,vix_close,21.49,index,github.com/datasets/finance-vix
2000-03-23,vix_close,22.26,index,github.com/datasets/finance-vix
2000-03-24,vix_close,23.31,index,github.com/datasets/finance-vix
2000-03-27,vix_close,24.53,index,github.com/datasets/finance-vix
2000-03-28,vix_close,24.86,index,github.com/datasets/finance-vix
2000-03-29,vix_close,24.1,index,github.com/datasets/finance-vix
2000-03-30,vix_close,25.47,index,github.com/datasets/finance-vix
2000-03-31,vix_close,24.11,index,github.com/datasets/finance-vix
2000-04-03,vix_close,24.03,index,github.com/datasets/finance-vix
2000-04-04,vix_close,27.12,index,github.com/datasets/finance-vix
2000-04-05,vix_close,28.41,index,github.com/datasets/finance-vix
2000-04-06,vix_close,27.15,index,github.com/datasets/finance-vix
2000-04-07,vix_close,24.39,index,github.com/datasets/finance-vix
2000-04-10,vix_close,25.99,index,github.com/datasets/finance-vix
2000-04-11,vix_close,27.25,index,github.com/datasets/finance-vix
2000-04-12,vix_close,28.98,index,github.com/datasets/finance-vix
2000-04-13,vix_close,29.4,index,github.com/datasets/finance-vix
2000-04-14,vix_close,33.49,index,github.com/datasets/finance-vix
2000-04-17,vix_close,28.95,index,github.com/datasets/finance-vix
2000-04-18,vix_close,26.12,index,github.com/datasets/finance-vix
2000-04-19,vix_close,27.02,index,github.com/datasets/finance-vix
2000-04-20,vix_close,25.85,index,github.com/datasets/finance-vix
2000-04-24,vix_close,27.37,index,github.com/datasets/finance-vix
2000-04-25,vix_close,25.24,index,github.com/datasets/finance-vix
2000-04-26,vix_close,26.97,index,github.com/datasets/finance-vix
2000-04-27,vix_close,26.19,index,github.com/datasets/finance-vix
2000-04-28,vix_close,26.2,index,github.com/datasets/finance-vix
2000-05-01,vix_close,25.88,index,github.com/datasets/finance-vix
2000-05-02,vix_close,28.5,index,github.com/datasets/finance-vix
2000-05-03,vix_close,31.63,index,github.com/datasets/finance-vix
2000-05-04,vix_close,30.77,index,github.com/datasets/finance-vix
2000-05-05,vix_close,27.53,index,github.com/datasets/finance-vix
2000-05-08,vix_close,28.2,index,github.com/datasets/finance-vix
2000-05-09,vix_close,28.93,index,github.com/datasets/finance-vix
2000-05-10,vix_close,29.87,index,github.com/datasets/finance-vix
2000-05-11,vix_close,27.76,index,github.com/datasets/finance-vix
2000-05-12,vix_close,26.05,index,github.com/datasets/finance-vix
2000-05-15,vix_close,24.86,index,github.com/datasets/finance-vix
2000-05-16,vix_close,24.34,index,github.com/datasets/finance-vix
2000-05-17,vix_close,23.98,index,github.com/datasets/finance-vix
2000-05-18,vix_close,23.96,index,github.com/datasets/finance-vix
2000-05-19,vix_close,25.44,index,github.com/datasets/finance-vix
2000-05-22,vix_close,26.0,index,github.com/datasets/finance-vix
2000-05-23,vix_close,25.87,index,github.com/datasets/finance-vix
2000-05-24,vix_close,24.32,index,github.com/datasets/finance-vix
2000-05-25,vix_close,24.58,index,github.com/datasets/finance-vix
2000-05-26,vix_close,24.47,index,github.com/datasets/finance-vix
2000-05-30,vix_close,23.62,index,github.com/datasets/finance-vix
2000-05-31,vix_close,23.65,index,github.com/datasets/finance-vix
2000-06-01,vix_close,22.36,index,github.com/datasets/finance-vix
2000-06-02,vix_close,21.48,index,github.com/datasets/finance-vix
2000-06-05,vix_close,22.71,index,github.com/datasets/finance-vix
2000-06-06,vix_close,23.05,index,github.com/datasets/finance-vix
2000-06-07,vix_close,22.48,index,github.com/datasets/finance-vix
2000-06-08,vix_close,22.77,index,github.com/datasets/finance-vix
2000-06-09,vix_close,22.14,index,github.com/datasets/finance-vix
2000-06-12,vix_close,22.32,index,github.com/datasets/finance-vix
2000-06-13,vix_close,21.67,index,github.com/datasets/finance-vix
2000-06-14,vix_close,21.48,index,github.com/datasets/finance-vix
2000-06-15,vix_close,20.68,index,github.com/datasets/finance-vix
2000-06-16,vix_close,20.5,index,github.com/datasets/finance-vix
2000-06-19,vix_close,20.63,index,github.com/datasets/finance-vix
2000-06-20,vix_close,20.88,index,github.com/datasets/finance-vix
2000-06-21,vix_close,20.61,index,github.com/datasets/finance-vix
2000-06-22,vix_close,22.0,index,github.com/datasets/finance-vix
2000-06-23,vix_close,22.34,index,github.com/datasets/finance-vix
2000-06-26,vix_close,22.45,index,github.com/datasets/finance-vix
2000-06-27,vix_close,21.8,index,github.com/datasets/finance-vix
2000-06-28,vix_close,20.29,index,github.com/datasets/finance-vix
2000-06-29,vix_close,19.7,index,github.com/datasets/finance-vix
2000-06-30,vix_close,19.54,index,github.com/datasets/finance-vix
2000-07-03,vix_close,19.83,index,github.com/datasets/finance-vix
2000-07-05,vix_close,21.16,index,github.com/datasets/finance-vix
2000-07-06,vix_close,20.94,index,github.com/datasets/finance-vix
2000-07-07,vix_close,19.22,index,github.com/datasets/finance-vix
2000-07-10,vix_close,20.33,index,github.com/datasets/finance-vix
2000-07-11,vix_close,20.11,index,github.com/datasets/finance-vix
2000-07-12,vix_close,20.03,index,github.com/datasets/finance-vix
2000-07-13,vix_close,20.03,index,github.com/datasets/finance-vix
2000-07-14,vix_close,19.32,index,github.com/datasets/finance-vix
2000-07-17,vix_close,19.45,index,github.com/datasets/finance-vix
2000-07-18,vix_close,19.75,index,github.com/datasets/finance-vix
2000-07-19,vix_close,19.65,index,github.com/datasets/finance-vix
2000-07-20,vix_close,18.94,index,github.com/datasets/finance-vix
2000-07-21,vix_close,18.94,index,github.com/datasets/finance-vix
2000-07-24,vix_close,19.92,index,github.com/datasets/finance-vix
2000-07-25,vix_close,19.39,index,github.com/datasets/finance-vix
2000-07-26,vix_close,19.67,index,github.com/datasets/finance-vix
2000-07-27,vix_close,19.6,index,github.com/datasets/finance-vix
2000-07-28,vix_close,20.84,index,github.com/datasets/finance-vix
2000-07-31,vix_close,20.74,index,github.com/datasets/finance-vix
2000-08-01,vix_close,20.55,index,github.com/datasets/finance-vix
2000-08-02,vix_close,20.0,index,github.com/datasets/finance-vix
2000-08-03,vix_close,19.99,index,github.com/datasets/finance-vix
2000-08-04,vix_close,18.62,index,github.com/datasets/finance-vix
2000-08-07,vix_close,19.03,index,github.com/datasets/finance-vix
2000-08-08,vix_close,18.79,index,github.com/datasets/finance-vix
2000-08-09,vix_close,19.18,index,github.com/datasets/finance-vix
2000-08-10,vix_close,19.19,index,github.com/datasets/finance-vix
2000-08-11,vix_close,18.55,index,github.com/datasets/finance-vix
2000-08-14,vix_close,17.88,index,github.com/datasets/finance-vix
2000-08-15,vix_close,17.98,index,github.com/datasets/finance-vix
2000-08-16,vix_close,18.02,index,github.com/datasets/finance-vix
2000-08-17,vix_close,17.48,index,github.com/datasets/finance-vix
2000-08-18,vix_close,17.05,index,github.com/datasets/finance-vix
2000-08-21,vix_close,17.35,index,github.com/datasets/finance-vix
2000-08-22,vix_close,17.47,index,github.com/datasets/finance-vix
2000-08-23,vix_close,17.38,index,github.com/datasets/finance-vix
2000-08-24,vix_close,17.04,index,github.com/datasets/finance-vix
2000-08-25,vix_close,16.53,index,github.com/datasets/finance-vix
2000-08-28,vix_close,16.54,index,github.com/datasets/finance-vix
2000-08-29,vix_close,16.89,index,github.com/datasets/finance-vix
2000-08-30,vix_close,17.69,index,github.com/datasets/finance-vix
2000-08-31,vix_close,16.84,index,github.com/datasets/finance-vix
2000-09-01,vix_close,17.53,index,github.com/datasets/finance-vix
2000-09-05,vix_close,19.82,index,github.com/datasets/finance-vix
2000-09-06,vix_close,20.79,index,github.com/datasets/finance-vix
2000-09-07,vix_close,19.42,index,github.com/datasets/finance-vix
2000-09-08,vix_close,18.46,index,github.com/datasets/finance-vix
2000-09-11,vix_close,18.4,index,github.com/datasets/finance-vix
2000-09-12,vix_close,18.59,index,github.com/datasets/finance-vix
2000-09-13,vix_close,18.32,index,github.com/datasets/finance-vix
2000-09-14,vix_close,18.26,index,github.com/datasets/finance-vix
2000-09-15,vix_close,18.52,index,github.com/datasets/finance-vix
2000-09-18,vix_close,20.25,index,github.com/datasets/finance-vix
2000-09-19,vix_close,19.54,index,github.com/datasets/finance-vix
2000-09-20,vix_close,19.93,index,github.com/datasets/finance-vix
2000-09-21,vix_close,20.18,index,github.com/datasets/finance-vix
2000-09-22,vix_close,20.74,index,github.com/datasets/finance-vix
2000-09-25,vix_close,21.41,index,github.com/datasets/finance-vix
2000-09-26,vix_close,21.88,index,github.com/datasets/finance-vix
2000-09-27,vix_close,21.67,index,github.com/datasets/finance-vix
2000-09-28,vix_close,19.47,index,github.com/datasets/finance-vix
2000-09-29,vix_close,20.57,index,github.com/datasets/finance-vix
2000-10-02,vix_close,21.23,index,github.com/datasets/finance-vix
2000-10-03,vix_close,21.85,index,github.com/datasets/finance-vix
2000-10-04,vix_close,21.54,index,github.com/datasets/finance-vix
2000-10-05,vix_close,21.03,index,github.com/datasets/finance-vix
2000-10-06,vix_close,22.71,index,github.com/datasets/finance-vix
2000-10-09,vix_close,24.02,index,github.com/datasets/finance-vix
2000-10-10,vix_close,24.86,index,github.com/datasets/finance-vix
2000-10-11,vix_close,26.57,index,github.com/datasets/finance-vix
2000-10-12,vix_close,30.51,index,github.com/datasets/finance-vix
2000-10-13,vix_close,27.6,index,github.com/datasets/finance-vix
2000-10-16,vix_close,26.79,index,github.com/datasets/finance-vix
2000-10-17,vix_close,27.84,index,github.com/datasets/finance-vix
2000-10-18,vix_close,28.72,index,github.com/datasets/finance-vix
2000-10-19,vix_close,25.09,index,github.com/datasets/finance-vix
2000-10-20,vix_close,24.24,index,github.com/datasets/finance-vix
2000-10-23,vix_close,24.69,index,github.com/datasets/finance-vix
2000-10-24,vix_close,24.28,index,github.com/datasets/finance-vix
2000-10-25,vix_close,26.65,index,github.com/datasets/finance-vix
2000-10-26,vix_close,28.62,index,github.com/datasets/finance-vix
2000-10-27,vix_close,26.47,index,github.com/datasets/finance-vix
2000-10-30,vix_close,25.46,index,github.com/datasets/finance-vix
2000-10-31,vix_close,23.63,index,github.com/datasets/finance-vix
2000-11-01,vix_close,24.28,index,github.com/datasets/finance-vix
2000-11-02,vix_close,23.92,index,github.com/datasets/finance-vix
2000-11-03,vix_close,23.67,index,github.com/datasets/finance-vix
2000-11-06,vix_close,24.52,index,github.com/datasets/finance-vix
2000-11-07,vix_close,24.91,index,github.com/datasets/finance-vix
2000-11-08,vix_close,25.66,index,github.com/datasets/finance-vix
2000-11-09,vix_close,27.2,index,github.com/datasets/finance-vix
2000-11-10,vix_close,28.53,index,github.com/datasets/finance-vix
2000-11-13,vix_close,29.06,index,github.com/datasets/finance-vix
2000-11-14,vix_close,26.81,index,github.com/datasets/finance-vix
2000-11-15,vix_close,26.15,index,github.com/datasets/finance-vix
2000-11-16,vix_close,25.05,index,github.com/datasets/finance-vix
2000-11-17,vix_close,24.81,index,github.com/datasets/finance-vix
2000-11-20,vix_close,27.43,index,github.com/datasets/finance-vix
2000-11-21,vix_close,26.62,index,github.com/datasets/finance-vix
2000-11-22,vix_close,27.71,index,github.com/datasets/finance-vix
2000-11-24,vix_close,26.0,index,github.com/datasets/finance-vix
2000-11-27,vix_close,26.93,index,github.com/datasets/finance-vix
2000-11-28,vix_close,27.64,index,github.com/datasets/finance-vix
2000-11-29,vix_close,27.49,index,github.com/datasets/finance-vix
2000-11-30,vix_close,29.65,index,github.com/datasets/finance-vix
2000-12-01,vix_close,27.48,index,github.com/datasets/finance-vix
2000-12-04,vix_close,27.78,index,github.com/datasets/finance-vix
2000-12-05,vix_close,24.99,index,github.com/datasets/finance-vix
2000-12-06,vix_close,25.07,index,github.com/datasets/finance-vix
2000-12-07,vix_close,25.34,index,github.com/datasets/finance-vix
2000-12-08,vix_close,22.41,index,github.com/datasets/finance-vix
2000-12-11,vix_close,23.51,index,github.com/datasets/finance-vix
2000-12-12,vix_close,24.88,index,github.com/datasets/finance-vix
2000-12-13,vix_close,23.63,index,github.com/datasets/finance-vix
2000-12-14,vix_close,24.86,index,github.com/datasets/finance-vix
2000-12-15,vix_close,26.55,index,github.com/datasets/finance-vix
2000-12-18,vix_close,27.7,index,github.com/datasets/finance-vix
2000-12-19,vix_close,27.17,index,github.com/datasets/finance-vix
2000-12-20,vix_close,31.74,index,github.com/datasets/finance-vix
2000-12-21,vix_close,29.66,index,github.com/datasets/finance-vix
2000-12-22,vix_close,27.55,index,github.com/datasets/finance-vix
2000-12-26,vix_close,28.73,index,github.com/datasets/finance-vix
2000-12-27,vix_close,28.14,index,github.com/datasets/finance-vix
2000-12-28,vix_close,26.57,index,github.com/datasets/finance-vix
2000-12-29,vix_close,26.85,index,github.com/datasets/finance-vix
2001-01-02,vix_close,29.99,index,github.com/datasets/finance-vix
2001-01-03,vix_close,26.6,index,github.com/datasets/finance-vix
2001-01-04,vix_close,26.97,index,github.com/datasets/finance-vix
2001-01-05,vix_close,28.67,index,github.com/datasets/finance-vix
2001-01-08,vix_close,29.84,index,github.com/datasets/finance-vix
2001-01-09,vix_close,27.99,index,github.com/datasets/finance-vix
2001-01-10,vix_close,26.8,index,github.com/datasets/finance-vix
2001-01-11,vix_close,25.79,index,github.com/datasets/finance-vix
2001-01-12,vix_close,24.56,index,github.com/datasets/finance-vix
2001-01-16,vix_close,25.28,index,github.com/datasets/finance-vix
2001-01-17,vix_close,24.93,index,github.com/datasets/finance-vix
2001-01-18,vix_close,23.37,index,github.com/datasets/finance-vix
2001-01-19,vix_close,23.24,index,github.com/datasets/finance-vix
2001-01-22,vix_close,23.25,index,github.com/datasets/finance-vix
2001-01-23,vix_close,21.57,index,github.com/datasets/finance-vix
2001-01-24,vix_close,22.03,index,github.com/datasets/finance-vix
2001-01-25,vix_close,22.64,index,github.com/datasets/finance-vix
2001-01-26,vix_close,22.57,index,github.com/datasets/finance-vix
2001-01-29,vix_close,22.61,index,github.com/datasets/finance-vix
2001-01-30,vix_close,22.57,index,github.com/datasets/finance-vix
2001-01-31,vix_close,22.02,index,github.com/datasets/finance-vix
2001-02-01,vix_close,21.66,index,github.com/datasets/finance-vix
2001-02-02,vix_close,21.95,index,github.com/datasets/finance-vix
2001-02-05,vix_close,22.19,index,github.com/datasets/finance-vix
2001-02-06,vix_close,21.98,index,github.com/datasets/finance-vix
2001-02-07,vix_close,21.67,index,github.com/datasets/finance-vix
2001-02-08,vix_close,21.46,index,github.com/datasets/finance-vix
2001-02-09,vix_close,22.03,index,github.com/datasets/finance-vix
2001-02-12,vix_close,21.92,index,github.com/datasets/finance-vix
2001-02-13,vix_close,21.37,index,github.com/datasets/finance-vix
2001-02-14,vix_close,21.52,index,github.com/datasets/finance-vix
2001-02-15,vix_close,20.27,index,github.com/datasets/finance-vix
2001-02-16,vix_close,22.12,index,github.com/datasets/finance-vix
2001-02-20,vix_close,24.69,index,github.com/datasets/finance-vix
2001-02-21,vix_close,25.75,index,github.com/datasets/finance-vix
2001-02-22,vix_close,26.76,index,github.com/datasets/finance-vix
2001-02-23,vix_close,27.21,index,github.com/datasets/finance-vix
2001-02-26,vix_close,25.43,index,github.com/datasets/finance-vix
2001-02-27,vix_close,26.49,index,github.com/datasets/finance-vix
2001-02-28,vix_close,28.35,index,github.com/datasets/finance-vix
2001-03-01,vix_close,28.08,index,github.com/datasets/finance-vix
2001-03-02,vix_close,27.43,index,github.com/datasets/finance-vix
2001-03-05,vix_close,27.12,index,github.com/datasets/finance-vix
2001-03-06,vix_close,25.89,index,github.com/datasets/finance-vix
2001-03-07,vix_close,24.12,index,github.com/datasets/finance-vix
2001-03-08,vix_close,24.29,index,github.com/datasets/finance-vix
2001-03-09,vix_close,25.62,index,github.com/datasets/finance-vix
2001-03-12,vix_close,30.32,index,github.com/datasets/finance-vix
2001-03-13,vix_close,27.55,index,github.com/datasets/finance-vix
2001-03-14,vix_close,29.61,index,github.com/datasets/finance-vix
2001-03-15,vix_close,28.56,index,github.com/datasets/finance-vix
2001-03-16,vix_close,29.91,index,github.com/datasets/finance-vix
2001-03-19,vix_close,29.78,index,github.com/datasets/finance-vix
2001-03-20,vix_close,30.96,index,github.com/datasets/finance-vix
2001-03-21,vix_close,31.93,index,github.com/datasets/finance-vix
2001-03-22,vix_close,32.84,index,github.com/datasets/finance-vix
2001-03-23,vix_close,30.45,index,github.com/datasets/finance-vix
2001-03-26,vix_close,29.04,index,github.com/datasets/finance-vix
2001-03-27,vix_close,27.04,index,github.com/datasets/finance-vix
2001-03-28,vix_close,28.58,index,github.com/datasets/finance-vix
2001-03-29,vix_close,29.17,index,github.com/datasets/finance-vix
2001-03-30,vix_close,28.64,index,github.com/datasets/finance-vix
2001-04-02,vix_close,31.21,index,github.com/datasets/finance-vix
2001-04-03,vix_close,34.72,index,github.com/datasets/finance-vix
2001-04-04,vix_close,34.07,index,github.com/datasets/finance-vix
2001-04-05,vix_close,29.94,index,github.com/datasets/finance-vix
2001-04-06,vix_close,31.69,index,github.com/datasets/finance-vix
2001-04-09,vix_close,31.91,index,github.com/datasets/finance-vix
2001-04-10,vix_close,29.44,index,github.com/datasets/finance-vix
2001-04-11,vix_close,28.46,index,github.com/datasets/finance-vix
2001-04-12,vix_close,26.12,index,github.com/datasets/finance-vix
2001-04-16,vix_close,26.33,index,github.com/datasets/finance-vix
2001-04-17,vix_close,25.61,index,github.com/datasets/finance-vix
2001-04-18,vix_close,24.13,index,github.com/datasets/finance-vix
2001-04-19,vix_close,24.16,index,github.com/datasets/finance-vix
2001-04-20,vix_close,25.38,index,github.com/datasets/finance-vix
2001-04-23,vix_close,28.16,index,github.com/datasets/finance-vix
2001-04-24,vix_close,28.49,index,github.com/datasets/finance-vix
2001-04-25,vix_close,27.4,index,github.com/datasets/finance-vix
2001-04-26,vix_close,25.96,index,github.com/datasets/finance-vix
2001-04-27,vix_close,24.02,index,github.com/datasets/finance-vix
2001-04-30,vix_close,25.48,index,github.com/datasets/finance-vix
2001-05-01,vix_close,24.2,index,github.com/datasets/finance-vix
2001-05-02,vix_close,24.23,index,github.com/datasets/finance-vix
2001-05-03,vix_close,25.78,index,github.com/datasets/finance-vix
2001-05-04,vix_close,23.91,index,github.com/datasets/finance-vix
2001-05-07,vix_close,24.86,index,github.com/datasets/finance-vix
2001-05-08,vix_close,24.44,index,github.com/datasets/finance-vix
2001-05-09,vix_close,24.35,index,github.com/datasets/finance-vix
2001-05-10,vix_close,24.0,index,github.com/datasets/finance-vix
2001-05-11,vix_close,23.54,index,github.com/datasets/finance-vix
2001-05-14,vix_close,24.26,index,github.com/datasets/finance-vix
2001-05-15,vix_close,23.71,index,github.com/datasets/finance-vix
2001-05-16,vix_close,21.89,index,github.com/datasets/finance-vix
2001-05-17,vix_close,21.47,index,github.com/datasets/finance-vix
2001-05-18,vix_close,21.23,index,github.com/datasets/finance-vix
2001-05-21,vix_close,20.76,index,github.com/datasets/finance-vix
2001-05-22,vix_close,21.35,index,github.com/datasets/finance-vix
2001-05-23,vix_close,22.08,index,github.com/datasets/finance-vix
2001-05-24,vix_close,20.57,index,github.com/datasets/finance-vix
2001-05-25,vix_close,20.6,index,github.com/datasets/finance-vix
2001-05-29,vix_close,22.14,index,github.com/datasets/finance-vix
2001-05-30,vix_close,22.76,index,github.com/datasets/finance-vix
2001-05-31,vix_close,22.64,index,github.com/datasets/finance-vix
2001-06-01,vix_close,21.59,index,github.com/datasets/finance-vix
2001-06-04,vix_close,21.38,index,github.com/datasets/finance-vix
2001-06-05,vix_close,19.58,index,github.com/datasets/finance-vix
2001-06-06,vix_close,20.39,index,github.com/datasets/finance-vix
2001-06-07,vix_close,19.67,index,github.com/datasets/finance-vix
2001-06-08,vix_close,19.92,index,github.com/datasets/finance-vix
2001-06-11,vix_close,20.7,index,github.com/datasets/finance-vix
2001-06-12,vix_close,20.7,index,github.com/datasets/finance-vix
2001-06-13,vix_close,21.45,index,github.com/datasets/finance-vix
2001-06-14,vix_close,23.12,index,github.com/datasets/finance-vix
2001-06-15,vix_close,22.81,index,github.com/datasets/finance-vix
2001-06-18,vix_close,23.17,index,github.com/datasets/finance-vix
2001-06-19,vix_close,22.34,index,github.com/datasets/finance-vix
2001-06-20,vix_close,21.71,index,github.com/datasets/finance-vix
2001-06-21,vix_close,19.38,index,github.com/datasets/finance-vix
2001-06-22,vix_close,20.02,index,github.com/datasets/finance-vix
2001-06-25,vix_close,20.67,index,github.com/datasets/finance-vix
2001-06-26,vix_close,21.2,index,github.com/datasets/finance-vix
2001-06-27,vix_close,20.88,index,github.com/datasets/finance-vix
2001-06-28,vix_close,20.01,index,github.com/datasets/finance-vix
2001-06-29,vix_close,19.06,index,github.com/datasets/finance-vix
2001-07-02,vix_close,18.76,index,github.com/datasets/finance-vix
2001-07-03,vix_close,18.92,index,github.com/datasets/finance-vix
2001-07-05,vix_close,20.09,index,github.com/datasets/finance-vix
2001-07-06,vix_close,21.63,index,github.com/datasets/finance-vix
2001-07-09,vix_close,22.48,index,github.com/datasets/finance-vix
2001-07-10,vix_close,23.25,index,github.com/datasets/finance-vix
2001-07-11,vix_close,24.01,index,github.com/datasets/finance-vix
2001-07-12,vix_close,22.09,index,github.com/datasets/finance-vix
2001-07-13,vix_close,21.14,index,github.com/datasets/finance-vix
2001-07-16,vix_close,22.91,index,github.com/datasets/finance-vix
2001-07-17,vix_close,22.61,index,github.com/datasets/finance-vix
2001-07-18,vix_close,23.6,index,github.com/datasets/finance-vix
2001-07-19,vix_close,22.51,index,github.com/datasets/finance-vix
2001-07-20,vix_close,22.34,index,github.com/datasets/finance-vix
2001-07-23,vix_close,23.74,index,github.com/datasets/finance-vix
2001-07-24,vix_close,25.24,index,github.com/datasets/finance-vix
2001-07-25,vix_close,24.0,index,github.com/datasets/finance-vix
2001-07-26,vix_close,23.01,index,github.com/datasets/finance-vix
2001-07-27,vix_close,22.0,index,github.com/datasets/finance-vix
2001-07-30,vix_close,22.69,index,github.com/datasets/finance-vix
2001-07-31,vix_close,21.62,index,github.com/datasets/finance-vix
2001-08-01,vix_close,20.56,index,github.com/datasets/finance-vix
2001-08-02,vix_close,20.09,index,github.com/datasets/finance-vix
2001-08-03,vix_close,19.89,index,github.com/datasets/finance-vix
2001-08-06,vix_close,21.89,index,github.com/datasets/finance-vix
2001-08-07,vix_close,21.01,index,github.com/datasets/finance-vix
2001-08-08,vix_close,22.32,index,github.com/datasets/finance-vix
2001-08-09,vix_close,21.75,index,github.com/datasets/finance-vix
2001-08-10,vix_close,20.55,index,github.com/datasets/finance-vix
2001-08-13,vix_close,20.42,index,github.com/datasets/finance-vix
2001-08-14,vix_close,20.48,index,github.com/datasets/finance-vix
2001-08-15,vix_close,20.91,index,github.com/datasets/finance-vix
2001-08-16,vix_close,21.54,index,github.com/datasets/finance-vix
2001-08-17,vix_close,23.84,index,github.com/datasets/finance-vix
2001-08-20,vix_close,22.87,index,github.com/datasets/finance-vix
2001-08-21,vix_close,24.4,index,github.com/datasets/finance-vix
2001-08-22,vix_close,22.44,index,github.com/datasets/finance-vix
2001-08-23,vix_close,22.23,index,github.com/datasets/finance-vix
2001-08-24,vix_close,19.71,index,github.com/datasets/finance-vix
2001-08-27,vix_close,20.56,index,github.com/datasets/finance-vix
2001-08-28,vix_close,22.0,index,github.com/datasets/finance-vix
2001-08-29,vix_close,23.03,index,github.com/datasets/finance-vix
2001-08-30,vix_close,25.41,index,github.com/datasets/finance-vix
2001-08-31,vix_close,24.92,index,github.com/datasets/finance-vix
2001-09-04,vix_close,25.85,index,github.com/datasets/finance-vix
2001-09-05,vix_close,26.35,index,github.com/datasets/finance-vix
2001-09-06,vix_close,28.61,index,github.com/datasets/finance-vix
2001-09-07,vix_close,30.99,index,github.com/datasets/finance-vix
2001-09-10,vix_close,31.84,index,github.com/datasets/finance-vix
2001-09-17,vix_close,41.76,index,github.com/datasets/finance-vix
2001-09-18,vix_close,38.87,index,github.com/datasets/finance-vix
2001-09-19,vix_close,40.56,index,github.com/datasets/finance-vix
2001-09-20,vix_close,43.74,index,github.com/datasets/finance-vix
2001-09-21,vix_close,42.66,index,github.com/datasets/finance-vix
2001-09-24,vix_close,37.75,index,github.com/datasets/finance-vix
2001-09-25,vix_close,35.81,index,github.com/datasets/finance-vix
2001-09-26,vix_close,35.26,index,github.com/datasets/finance-vix
2001-09-27,vix_close,34.0,index,github.com/datasets/finance-vix
2001-09-28,vix_close,31.93,index,github.com/datasets/finance-vix
2001-10-01,vix_close,32.32,index,github.com/datasets/finance-vix
2001-10-02,vix_close,31.18,index,github.com/datasets/finance-vix
2001-10-03,vix_close,31.34,index,github.com/datasets/finance-vix
2001-10-04,vix_close,31.97,index,github.com/datasets/finance-vix
2001-10-05,vix_close,33.39,index,github.com/datasets/finance-vix
2001-10-08,vix_close,35.12,index,github.com/datasets/finance-vix
2001-10-09,vix_close,34.83,index,github.com/datasets/finance-vix
2001-10-10,vix_close,31.6,index,github.com/datasets/finance-vix
2001-10-11,vix_close,31.5,index,github.com/datasets/finance-vix
2001-10-12,vix_close,35.27,index,github.com/datasets/finance-vix
2001-10-15,vix_close,35.31,index,github.com/datasets/finance-vix
2001-10-16,vix_close,32.88,index,github.com/datasets/finance-vix
2001-10-17,vix_close,35.08,index,github.com/datasets/finance-vix
2001-10-18,vix_close,34.95,index,github.com/datasets/finance-vix
2001-10-19,vix_close,34.11,index,github.com/datasets/finance-vix
2001-10-22,vix_close,32.25,index,github.com/datasets/finance-vix
2001-10-23,vix_close,32.0,index,github.com/datasets/finance-vix
2001-10-24,vix_close,30.95,index,github.com/datasets/finance-vix
2001-10-25,vix_close,29.46,index,github.com/datasets/finance-vix
2001-10-26,vix_close,28.42,index,github.com/datasets/finance-vix
2001-10-29,vix_close,31.64,index,github.com/datasets/finance-vix
2001-10-30,vix_close,33.46,index,github.com/datasets/finance-vix
2001-10-31,vix_close,33.56,index,github.com/datasets/finance-vix
2001-11-01,vix_close,32.31,index,github.com/datasets/finance-vix
2001-11-02,vix_close,30.71,index,github.com/datasets/finance-vix
2001-11-05,vix_close,30.5,index,github.com/datasets/finance-vix
2001-11-06,vix_close,28.8,index,github.com/datasets/finance-vix
2001-11-07,vix_close,29.13,index,github.com/datasets/finance-vix
2001-11-08,vix_close,28.62,index,github.com/datasets/finance-vix
2001-11-09,vix_close,27.44,index,github.com/datasets/finance-vix
2001-11-12,vix_close,29.35,index,github.com/datasets/finance-vix
2001-11-13,vix_close,26.47,index,github.com/datasets/finance-vix
2001-11-14,vix_close,26.56,index,github.com/datasets/finance-vix
2001-11-15,vix_close,25.56,index,github.com/datasets/finance-vix
2001-11-16,vix_close,25.07,index,github.com/datasets/finance-vix
2001-11-19,vix_close,24.46,index,github.com/datasets/finance-vix
2001-11-20,vix_close,24.12,index,github.com/datasets/finance-vix
2001-11-21,vix_close,24.19,index,github.com/datasets/finance-vix
2001-11-23,vix_close,23.25,index,github.com/datasets/finance-vix
2001-11-26,vix_close,23.79,index,github.com/datasets/finance-vix
2001-11-27,vix_close,24.0,index,github.com/datasets/finance-vix
2001-11-28,vix_close,25.9,index,github.com/datasets/finance-vix
2001-11-29,vix_close,25.18,index,github.com/datasets/finance-vix
2001-11-30,vix_close,23.84,index,github.com/datasets/finance-vix
2001-12-03,vix_close,25.77,index,github.com/datasets/finance-vix
2001-12-04,vix_close,24.08,index,github.com/datasets/finance-vix
2001-12-05,vix_close,23.02,index,github.com/datasets/finance-vix
2001-12-06,vix_close,23.71,index,github.com/datasets/finance-vix
2001-12-07,vix_close,23.49,index,github.com/datasets/finance-vix
2001-12-10,vix_close,25.62,index,github.com/datasets/finance-vix
2001-12-11,vix_close,25.3,index,github.com/datasets/finance-vix
2001-12-12,vix_close,24.87,index,github.com/datasets/finance-vix
2001-12-13,vix_close,25.91,index,github.com/datasets/finance-vix
2001-12-14,vix_close,24.63,index,github.com/datasets/finance-vix
2001-12-17,vix_close,24.26,index,github.com/datasets/finance-vix
2001-12-18,vix_close,23.29,index,github.com/datasets/finance-vix
2001-12-19,vix_close,22.58,index,github.com/datasets/finance-vix
2001-12-20,vix_close,23.67,index,github.com/datasets/finance-vix
2001-12-21,vix_close,22.5,index,github.com/datasets/finance-vix
2001-12-24,vix_close,22.62,index,github.com/datasets/finance-vix
2001-12-26,vix_close,22.29,index,github.com/datasets/finance-vix
2001-12-27,vix_close,21.59,index,github.com/datasets/finance-vix
2001-12-28,vix_close,21.4,index,github.com/datasets/finance-vix
2001-12-31,vix_close,23.8,index,github.com/datasets/finance-vix
2002-01-02,vix_close,22.71,index,github.com/datasets/finance-vix
2002-01-03,vix_close,21.34,index,github.com/datasets/finance-vix
2002-01-04,vix_close,20.45,index,github.com/datasets/finance-vix
2002-01-07,vix_close,21.94,index,github.com/datasets/finance-vix
2002-01-08,vix_close,21.83,index,github.com/datasets/finance-vix
2002-01-09,vix_close,22.13,index,github.com/datasets/finance-vix
2002-01-10,vix_close,22.36,index,github.com/datasets/finance-vix
2002-01-11,vix_close,22.6,index,github.com/datasets/finance-vix
2002-01-14,vix_close,23.58,index,github.com/datasets/finance-vix
2002-01-15,vix_close,22.7,index,github.com/datasets/finance-vix
2002-01-16,vix_close,23.45,index,github.com/datasets/finance-vix
2002-01-17,vix_close,22.25,index,github.com/datasets/finance-vix
2002-01-18,vix_close,22.52,index,github.com/datasets/finance-vix
2002-01-22,vix_close,23.61,index,github.com/datasets/finance-vix
2002-01-23,vix_close,21.88,index,github.com/datasets/finance-vix
2002-01-24,vix_close,21.15,index,github.com/datasets/finance-vix
2002-01-25,vix_close,21.01,index,github.com/datasets/finance-vix
2002-01-28,vix_close,21.14,index,github.com/datasets/finance-vix
2002-01-29,vix_close,24.35,index,github.com/datasets/finance-vix
2002-01-30,vix_close,23.22,index,github.com/datasets/finance-vix
2002-01-31,vix_close,21.09,index,github.com/datasets/finance-vix
2002-02-01,vix_close,21.12,index,github.com/datasets/finance-vix
2002-02-04,vix_close,24.87,index,github.com/datasets/finance-vix
2002-02-05,vix_close,25.45,index,github.com/datasets/finance-vix
2002-02-06,vix_close,26.09,index,github.com/datasets/finance-vix
2002-02-07,vix_close,25.11,index,github.com/datasets/finance-vix
2002-02-08,vix_close,23.26,index,github.com/datasets/finance-vix
2002-02-11,vix_close,21.78,index,github.com/datasets/finance-vix
2002-02-12,vix_close,21.62,index,github.com/datasets/finance-vix
2002-02-13,vix_close,20.85,index,github.com/datasets/finance-vix
2002-02-14,vix_close,21.77,index,github.com/datasets/finance-vix
2002-02-15,vix_close,22.37,index,github.com/datasets/finance-vix
2002-02-19,vix_close,24.43,index,github.com/datasets/finance-vix
2002-02-20,vix_close,22.66,index,github.com/datasets/finance-vix
2002-02-21,vix_close,23.8,index,github.com/datasets/finance-vix
2002-02-22,vix_close,22.86,index,github.com/datasets/finance-vix
2002-02-25,vix_close,21.84,index,github.com/datasets/finance-vix
2002-02-26,vix_close,21.68,index,github.com/datasets/finance-vix
2002-02-27,vix_close,21.49,index,github.com/datasets/finance-vix
2002-02-28,vix_close,21.59,index,github.com/datasets/finance-vix
2002-03-01,vix_close,19.96,index,github.com/datasets/finance-vix
2002-03-04,vix_close,20.5,index,github.com/datasets/finance-vix
2002-03-05,vix_close,20.3,index,github.com/datasets/finance-vix
2002-03-06,vix_close,19.94,index,github.com/datasets/finance-vix
2002-03-07,vix_close,20.04,index,github.com/datasets/finance-vix
2002-03-08,vix_close,19.27,index,github.com/datasets/finance-vix
2002-03-11,vix_close,19.84,index,github.com/datasets/finance-vix
2002-03-12,vix_close,19.59,index,github.com/datasets/finance-vix
2002-03-13,vix_close,19.46,index,github.com/datasets/finance-vix
2002-03-14,vix_close,19.2,index,github.com/datasets/finance-vix
2002-03-15,vix_close,18.42,index,github.com/datasets/finance-vix
2002-03-18,vix_close,18.93,index,github.com/datasets/finance-vix
2002-03-19,vix_close,18.16,index,github.com/datasets/finance-vix
2002-03-20,vix_close,18.46,index,github.com/datasets/finance-vix
2002-03-21,vix_close,18.15,index,github.com/datasets/finance-vix
2002-03-22,vix_close,17.77,index,github.com/datasets/finance-vix
2002-03-25,vix_close,18.48,index,github.com/datasets/finance-vix
2002-03-26,vix_close,18.13,index,github.com/datasets/finance-vix
2002-03-27,vix_close,17.7,index,github.com/datasets/finance-vix
2002-03-28,vix_close,17.4,index,github.com/datasets/finance-vix
2002-04-01,vix_close,18.73,index,github.com/datasets/finance-vix
2002-04-02,vix_close,19.16,index,github.com/datasets/finance-vix
2002-04-03,vix_close,20.2,index,github.com/datasets/finance-vix
2002-04-04,vix_close,19.78,index,github.com/datasets/finance-vix
2002-04-05,vix_close,19.13,index,github.com/datasets/finance-vix
2002-04-08,vix_close,19.61,index,github.com/datasets/finance-vix
2002-04-09,vix_close,19.47,index,github.com/datasets/finance-vix
2002-04-10,vix_close,18.19,index,github.com/datasets/finance-vix
2002-04-11,vix_close,20.3,index,github.com/datasets/finance-vix
2002-04-12,vix_close,19.42,index,github.com/datasets/finance-vix
2002-04-15,vix_close,19.82,index,github.com/datasets/finance-vix
2002-04-16,vix_close,18.11,index,github.com/datasets/finance-vix
2002-04-17,vix_close,18.43,index,github.com/datasets/finance-vix
2002-04-18,vix_close,19.29,index,github.com/datasets/finance-vix
2002-04-19,vix_close,18.3,index,github.com/datasets/finance-vix
2002-04-22,vix_close,19.77,index,github.com/datasets/finance-vix
2002-04-23,vix_close,20.28,index,github.com/datasets/finance-vix
2002-04-24,vix_close,20.77,index,github.com/datasets/finance-vix
2002-04-25,vix_close,20.95,index,github.com/datasets/finance-vix
2002-04-26,vix_close,22.14,index,github.com/datasets/finance-vix
2002-04-29,vix_close,24.05,index,github.com/datasets/finance-vix
2002-04-30,vix_close,21.91,index,github.com/datasets/finance-vix
2002-05-01,vix_close,20.06,index,github.com/datasets/finance-vix
2002-05-02,vix_close,20.07,index,github.com/datasets/finance-vix
2002-05-03,vix_close,20.19,index,github.com/datasets/finance-vix
2002-05-06,vix_close,22.56,index,github.com/datasets/finance-vix
2002-05-07,vix_close,21.94,index,github.com/datasets/finance-vix
2002-05-08,vix_close,20.39,index,github.com/datasets/finance-vix
2002-05-09,vix_close,21.56,index,github.com/datasets/finance-vix
2002-05-10,vix_close,22.41,index,github.com/datasets/finance-vix
2002-05-13,vix_close,20.72,index,github.com/datasets/finance-vix
2002-05-14,vix_close,19.35,index,github.com/datasets/finance-vix
2002-05-15,vix_close,19.19,index,github.com/datasets/finance-vix
2002-05-16,vix_close,18.5,index,github.com/datasets/finance-vix
2002-05-17,vix_close,17.7,index,github.com/datasets/finance-vix
2002-05-20,vix_close,19.24,index,github.com/datasets/finance-vix
2002-05-21,vix_close,20.05,index,github.com/datasets/finance-vix
2002-05-22,vix_close,19.58,index,github.com/datasets/finance-vix
2002-05-23,vix_close,18.23,index,github.com/datasets/finance-vix
2002-05-24,vix_close,18.9,index,github.com/datasets/finance-vix
2002-05-28,vix_close,20.31,index,github.com/datasets/finance-vix
2002-05-29,vix_close,20.39,index,github.com/datasets/finance-vix
2002-05-30,vix_close,20.61,index,github.com/datasets/finance-vix
2002-05-31,vix_close,19.98,index,github.com/datasets/finance-vix
2002-06-03,vix_close,23.37,index,github.com/datasets/finance-vix
2002-06-04,vix_close,23.89,index,github.com/datasets/finance-vix
2002-06-05,vix_close,22.61,index,github.com/datasets/finance-vix
2002-06-06,vix_close,24.16,index,github.com/datasets/finance-vix
2002-06-07,vix_close,23.51,index,github.com/datasets/finance-vix
2002-06-10,vix_close,23.72,index,github.com/datasets/finance-vix
2002-06-11,vix_close,24.45,index,github.com/datasets/finance-vix
2002-06-12,vix_close,24.15,index,github.com/datasets/finance-vix
2002-06-13,vix_close,25.02,index,github.com/datasets/finance-vix
2002-06-14,vix_close,25.96,index,github.com/datasets/finance-vix
2002-06-17,vix_close,24.64,index,github.com/datasets/finance-vix
2002-06-18,vix_close,24.24,index,github.com/datasets/finance-vix
2002-06-19,vix_close,26.06,index,github.com/datasets/finance-vix
2002-06-20,vix_close,27.48,index,github.com/datasets/finance-vix
2002-06-21,vix_close,27.23,index,github.com/datasets/finance-vix
2002-06-24,vix_close,26.98,index,github.com/datasets/finance-vix
2002-06-25,vix_close,27.84,index,github.com/datasets/finance-vix
2002-06-26,vix_close,28.42,index,github.com/datasets/finance-vix
2002-06-27,vix_close,26.29,index,github.com/datasets/finance-vix
2002-06-28,vix_close,25.4,index,github.com/datasets/finance-vix
2002-07-01,vix_close,27.11,index,github.com/datasets/finance-vix
2002-07-02,vix_close,28.96,index,github.com/datasets/finance-vix
2002-07-03,vix_close,29.42,index,github.com/datasets/finance-vix
2002-07-05,vix_close,27.11,index,github.com/datasets/finance-vix
2002-07-08,vix_close,28.25,index,github.com/datasets/finance-vix
2002-07-09,vix_close,30.22,index,github.com/datasets/finance-vix
2002-07-10,vix_close,34.1,index,github.com/datasets/finance-vix
2002-07-11,vix_close,33.85,index,github.com/datasets/finance-vix
2002-07-12,vix_close,32.94,index,github.com/datasets/finance-vix
2002-07-15,vix_close,35.03,index,github.com/datasets/finance-vix
2002-07-16,vix_close,36.65,index,github.com/datasets/finance-vix
2002-07-17,vix_close,35.45,index,github.com/datasets/finance-vix
2002-07-18,vix_close,35.12,index,github.com/datasets/finance-vix
2002-07-19,vix_close,38.17,index,github.com/datasets/finance-vix
2002-07-22,vix_close,41.87,index,github.com/datasets/finance-vix
2002-07-23,vix_close,44.92,index,github.com/datasets/finance-vix
2002-07-24,vix_close,39.86,index,github.com/datasets/finance-vix
2002-07-25,vix_close,39.27,index,github.com/datasets/finance-vix
2002-07-26,vix_close,35.51,index,github.com/datasets/finance-vix
2002-07-29,vix_close,31.33,index,github.com/datasets/finance-vix
2002-07-30,vix_close,31.92,index,github.com/datasets/finance-vix
2002-07-31,vix_close,32.03,index,github.com/datasets/finance-vix
2002-08-01,vix_close,36.95,index,github.com/datasets/finance-vix
2002-08-02,vix_close,41.29,index,github.com/datasets/finance-vix
2002-08-05,vix_close,45.08,index,github.com/datasets/finance-vix
2002-08-06,vix_close,42.03,index,github.com/datasets/finance-vix
2002-08-07,vix_close,38.73,index,github.com/datasets/finance-vix
2002-08-08,vix_close,36.33,index,github.com/datasets/finance-vix
2002-08-09,vix_close,35.33,index,github.com/datasets/finance-vix
2002-08-12,vix_close,37.05,index,github.com/datasets/finance-vix
2002-08-13,vix_close,35.82,index,github.com/datasets/finance-vix
2002-08-14,vix_close,32.36,index,github.com/datasets/finance-vix
2002-08-15,vix_close,29.43,index,github.com/datasets/finance-vix
2002-08-16,vix_close,28.81,index,github.com/datasets/finance-vix
2002-08-19,vix_close,28.61,index,github.com/datasets/finance-vix
2002-08-20,vix_close,29.59,index,github.com/datasets/finance-vix
2002-08-21,vix_close,28.23,index,github.com/datasets/finance-vix
2002-08-22,vix_close,27.75,index,github.com/datasets/finance-vix
2002-08-23,vix_close,29.32,index,github.com/datasets/finance-vix
2002-08-26,vix_close,29.89,index,github.com/datasets/finance-vix
2002-08-27,vix_close,30.11,index,github.com/datasets/finance-vix
2002-08-28,vix_close,33.32,index,github.com/datasets/finance-vix
2002-08-29,vix_close,33.67,index,github.com/datasets/finance-vix
2002-08-30,vix_close,32.64,index,github.com/datasets/finance-vix
2002-09-03,vix_close,39.97,index,github.com/datasets/finance-vix
2002-09-04,vix_close,37.44,index,github.com/datasets/finance-vix
2002-09-05,vix_close,38.86,index,github.com/datasets/finance-vix
2002-09-06,vix_close,36.33,index,github.com/datasets/finance-vix
2002-09-09,vix_close,36.45,index,github.com/datasets/finance-vix
2002-09-10,vix_close,35.08,index,github.com/datasets/finance-vix
2002-09-11,vix_close,34.81,index,github.com/datasets/finance-vix
2002-09-12,vix_close,37.5,index,github.com/datasets/finance-vix
2002-09-13,vix_close,35.82,index,github.com/datasets/finance-vix
2002-09-16,vix_close,36.74,index,github.com/datasets/finance-vix
2002-09-17,vix_close,38.01,index,github.com/datasets/finance-vix
2002-09-18,vix_close,37.52,index,github.com/datasets/finance-vix
2002-09-19,vix_close,40.65,index,github.com/datasets/finance-vix
2002-09-20,vix_close,38.98,index,github.com/datasets/finance-vix
2002-09-23,vix_close,39.68,index,github.com/datasets/finance-vix
2002-09-24,vix_close,40.52,index,github.com/datasets/finance-vix
2002-09-25,vix_close,37.33,index,github.com/datasets/finance-vix
2002-09-26,vix_close,34.6,index,github.com/datasets/finance-vix
2002-09-27,vix_close,36.97,index,github.com/datasets/finance-vix
2002-09-30,vix_close,39.69,index,github.com/datasets/finance-vix
2002-10-01,vix_close,34.12,index,github.com/datasets/finance-vix
2002-10-02,vix_close,36.83,index,github.com/datasets/finance-vix
2002-10-03,vix_close,37.31,index,github.com/datasets/finance-vix
2002-10-04,vix_close,39.46,index,github.com/datasets/finance-vix
2002-10-07,vix_close,42.64,index,github.com/datasets/finance-vix
2002-10-08,vix_close,41.02,index,github.com/datasets/finance-vix
2002-10-09,vix_close,42.13,index,github.com/datasets/finance-vix
2002-10-10,vix_close,37.55,index,github.com/datasets/finance-vix
2002-10-11,vix_close,35.7,index,github.com/datasets/finance-vix
2002-10-14,vix_close,36.04,index,github.com/datasets/finance-vix
2002-10-15,vix_close,34.02,index,github.com/datasets/finance-vix
2002-10-16,vix_close,36.0,index,github.com/datasets/finance-vix
2002-10-17,vix_close,34.1,index,github.com/datasets/finance-vix
2002-10-18,vix_close,33.53,index,github.com/datasets/finance-vix
2002-10-21,vix_close,33.11,index,github.com/datasets/finance-vix
2002-10-22,vix_close,34.09,index,github.com/datasets/finance-vix
2002-10-23,vix_close,33.2,index,github.com/datasets/finance-vix
2002-10-24,vix_close,34.03,index,github.com/datasets/finance-vix
2002-10-25,vix_close,30.0,index,github.com/datasets/finance-vix
2002-10-28,vix_close,31.07,index,github.com/datasets/finance-vix
2002-10-29,vix_close,32.27,index,github.com/datasets/finance-vix
2002-10-30,vix_close,31.23,index,github.com/datasets/finance-vix
2002-10-31,vix_close,31.14,index,github.com/datasets/finance-vix
2002-11-01,vix_close,29.3,index,github.com/datasets/finance-vix
2002-11-04,vix_close,30.82,index,github.com/datasets/finance-vix
2002-11-05,vix_close,31.23,index,github.com/datasets/finance-vix
2002-11-06,vix_close,30.73,index,github.com/datasets/finance-vix
2002-11-07,vix_close,31.42,index,github.com/datasets/finance-vix
2002-11-08,vix_close,29.41,index,github.com/datasets/finance-vix
2002-11-11,vix_close,31.3,index,github.com/datasets/finance-vix
2002-11-12,vix_close,30.58,index,github.com/datasets/finance-vix
2002-11-13,vix_close,31.24,index,github.com/datasets/finance-vix
2002-11-14,vix_close,28.67,index,github.com/datasets/finance-vix
2002-11-15,vix_close,26.65,index,github.com/datasets/finance-vix
2002-11-18,vix_close,27.66,index,github.com/datasets/finance-vix
2002-11-19,vix_close,27.41,index,github.com/datasets/finance-vix
2002-11-20,vix_close,25.32,index,github.com/datasets/finance-vix
2002-11-21,vix_close,23.81,index,github.com/datasets/finance-vix
2002-11-22,vix_close,23.16,index,github.com/datasets/finance-vix
2002-11-25,vix_close,24.07,index,github.com/datasets/finance-vix
2002-11-26,vix_close,25.97,index,github.com/datasets/finance-vix
2002-11-27,vix_close,27.25,index,github.com/datasets/finance-vix
2002-11-29,vix_close,27.5,index,github.com/datasets/finance-vix
2002-12-02,vix_close,27.46,index,github.com/datasets/finance-vix
2002-12-03,vix_close,28.33,index,github.com/datasets/finance-vix
2002-12-04,vix_close,28.92,index,github.com/datasets/finance-vix
2002-12-05,vix_close,30.1,index,github.com/datasets/finance-vix
2002-12-06,vix_close,28.88,index,github.com/datasets/finance-vix
2002-12-09,vix_close,30.78,index,github.com/datasets/finance-vix
2002-12-10,vix_close,28.76,index,github.com/datasets/finance-vix
2002-12-11,vix_close,27.76,index,github.com/datasets/finance-vix
2002-12-12,vix_close,27.29,index,github.com/datasets/finance-vix
2002-12-13,vix_close,28.18,index,github.com/datasets/finance-vix
2002-12-16,vix_close,26.24,index,github.com/datasets/finance-vix
2002-12-17,vix_close,26.66,index,github.com/datasets/finance-vix
2002-12-18,vix_close,28.29,index,github.com/datasets/finance-vix
2002-12-19,vix_close,30.21,index,github.com/datasets/finance-vix
2002-12-20,vix_close,26.71,index,github.com/datasets/finance-vix
2002-12-23,vix_close,26.2,index,github.com/datasets/finance-vix
2002-12-24,vix_close,26.49,index,github.com/datasets/finance-vix
2002-12-26,vix_close,27.37,index,github.com/datasets/finance-vix
2002-12-27,vix_close,29.55,index,github.com/datasets/finance-vix
2002-12-30,vix_close,29.62,index,github.com/datasets/finance-vix
2002-12-31,vix_close,28.62,index,github.com/datasets/finance-vix
2003-01-02,vix_close,25.39,index,github.com/datasets/finance-vix
2003-01-03,vix_close,24.68,index,github.com/datasets/finance-vix
2003-01-06,vix_close,24.91,index,github.com/datasets/finance-vix
2003-01-07,vix_close,25.13,index,github.com/datasets/finance-vix
2003-01-08,vix_close,25.53,index,github.com/datasets/finance-vix
2003-01-09,vix_close,24.25,index,github.com/datasets/finance-vix
2003-01-10,vix_close,24.32,index,github.com/datasets/finance-vix
2003-01-13,vix_close,24.9,index,github.com/datasets/finance-vix
2003-01-14,vix_close,24.57,index,github.com/datasets/finance-vix
2003-01-15,vix_close,25.51,index,github.com/datasets/finance-vix
2003-01-16,vix_close,25.01,index,github.com/datasets/finance-vix
2003-01-17,vix_close,25.7,index,github.com/datasets/finance-vix
2003-01-21,vix_close,27.59,index,github.com/datasets/finance-vix
2003-01-22,vix_close,29.01,index,github.com/datasets/finance-vix
2003-01-23,vix_close,27.53,index,github.com/datasets/finance-vix
2003-01-24,vix_close,31.51,index,github.com/datasets/finance-vix
2003-01-27,vix_close,34.69,index,github.com/datasets/finance-vix
2003-01-28,vix_close,31.93,index,github.com/datasets/finance-vix
2003-01-29,vix_close,31.26,index,github.com/datasets/finance-vix
2003-01-30,vix_close,31.32,index,github.com/datasets/finance-vix
2003-01-31,vix_close,31.17,index,github.com/datasets/finance-vix
2003-02-03,vix_close,31.02,index,github.com/datasets/finance-vix
2003-02-04,vix_close,32.76,index,github.com/datasets/finance-vix
2003-02-05,vix_close,33.04,index,github.com/datasets/finance-vix
2003-02-06,vix_close,33.35,index,github.com/datasets/finance-vix
2003-02-07,vix_close,34.01,index,github.com/datasets/finance-vix
2003-02-10,vix_close,33.99,index,github.com/datasets/finance-vix
2003-02-11,vix_close,33.68,index,github.com/datasets/finance-vix
2003-02-12,vix_close,34.33,index,github.com/datasets/finance-vix
2003-02-13,vix_close,33.7,index,github.com/datasets/finance-vix
2003-02-14,vix_close,32.62,index,github.com/datasets/finance-vix
2003-02-18,vix_close,31.11,index,github.com/datasets/finance-vix
2003-02-19,vix_close,31.31,index,github.com/datasets/finance-vix
2003-02-20,vix_close,31.16,index,github.com/datasets/finance-vix
2003-02-21,vix_close,30.25,index,github.com/datasets/finance-vix
2003-02-24,vix_close,31.98,index,github.com/datasets/finance-vix
2003-02-25,vix_close,31.74,index,github.com/datasets/finance-vix
2003-02-26,vix_close,31.94,index,github.com/datasets/finance-vix
2003-02-27,vix_close,30.53,index,github.com/datasets/finance-vix
2003-02-28,vix_close,29.63,index,github.com/datasets/finance-vix
2003-03-03,vix_close,30.43,index,github.com/datasets/finance-vix
2003-03-04,vix_close,31.83,index,github.com/datasets/finance-vix
2003-03-05,vix_close,30.38,index,github.com/datasets/finance-vix
2003-03-06,vix_close,31.37,index,github.com/datasets/finance-vix
2003-03-07,vix_close,31.08,index,github.com/datasets/finance-vix
2003-03-10,vix_close,33.31,index,github.com/datasets/finance-vix
2003-03-11,vix_close,33.61,index,github.com/datasets/finance-vix
2003-03-12,vix_close,33.51,index,github.com/datasets/finance-vix
2003-03-13,vix_close,31.76,index,github.com/datasets/finance-vix
2003-03-14,vix_close,30.98,index,github.com/datasets/finance-vix
2003-03-17,vix_close,31.75,index,github.com/datasets/finance-vix
2003-03-18,vix_close,30.43,index,github.com/datasets/finance-vix
2003-03-19,vix_close,31.54,index,github.com/datasets/finance-vix
2003-03-20,vix_close,30.44,index,github.com/datasets/finance-vix
2003-03-21,vix_close,28.67,index,github.com/datasets/finance-vix
2003-03-24,vix_close,30.39,index,github.com/datasets/finance-vix
2003-03-25,vix_close,28.75,index,github.com/datasets/finance-vix
2003-03-26,vix_close,28.23,index,github.com/datasets/finance-vix
2003-03-27,vix_close,27.96,index,github.com/datasets/finance-vix
2003-03-28,vix_close,27.75,index,github.com/datasets/finance-vix
2003-03-31,vix_close,29.15,index,github.com/datasets/finance-vix
2003-04-01,vix_close,28.36,index,github.com/datasets/finance-vix
2003-04-02,vix_close,28.02,index,github.com/datasets/finance-vix
2003-04-03,vix_close,28.21,index,github.com/datasets/finance-vix
2003-04-04,vix_close,29.13,index,github.com/datasets/finance-vix
2003-04-07,vix_close,28.45,index,github.com/datasets/finance-vix
2003-04-08,vix_close,27.13,index,github.com/datasets/finance-vix
2003-04-09,vix_close,27.11,index,github.com/datasets/finance-vix
2003-04-10,vix_close,25.6,index,github.com/datasets/finance-vix
2003-04-11,vix_close,24.44,index,github.com/datasets/finance-vix
2003-04-14,vix_close,23.41,index,github.com/datasets/finance-vix
2003-04-15,vix_close,22.56,index,github.com/datasets/finance-vix
2003-04-16,vix_close,22.52,index,github.com/datasets/finance-vix
2003-04-17,vix_close,21.5,index,github.com/datasets/finance-vix
2003-04-21,vix_close,21.95,index,github.com/datasets/finance-vix
2003-04-22,vix_close,20.7,index,github.com/datasets/finance-vix
2003-04-23,vix_close,20.8,index,github.com/datasets/finance-vix
2003-04-24,vix_close,20.33,index,github.com/datasets/finance-vix
2003-04-25,vix_close,20.8,index,github.com/datasets/finance-vix
2003-04-28,vix_close,20.84,index,github.com/datasets/finance-vix
2003-04-29,vix_close,20.76,index,github.com/datasets/finance-vix
2003-04-30,vix_close,21.21,index,github.com/datasets/finance-vix
2003-05-01,vix_close,21.59,index,github.com/datasets/finance-vix
2003-05-02,vix_close,20.63,index,github.com/datasets/finance-vix
2003-05-05,vix_close,21.13,index,github.com/datasets/finance-vix
2003-05-06,vix_close,20.8,index,github.com/datasets/finance-vix
2003-05-07,vix_close,21.0,index,github.com/datasets/finance-vix
2003-05-08,vix_close,21.24,index,github.com/datasets/finance-vix
2003-05-09,vix_close,19.69,index,github.com/datasets/finance-vix
2003-05-12,vix_close,19.52,index,github.com/datasets/finance-vix
2003-05-13,vix_close,19.91,index,github.com/datasets/finance-vix
2003-05-14,vix_close,20.0,index,github.com/datasets/finance-vix
2003-05-15,vix_close,19.24,index,github.com/datasets/finance-vix
2003-05-16,vix_close,18.4,index,github.com/datasets/finance-vix
2003-05-19,vix_close,20.51,index,github.com/datasets/finance-vix
2003-05-20,vix_close,21.29,index,github.com/datasets/finance-vix
2003-05-21,vix_close,21.21,index,github.com/datasets/finance-vix
2003-05-22,vix_close,19.78,index,github.com/datasets/finance-vix
2003-05-23,vix_close,19.17,index,github.com/datasets/finance-vix
2003-05-27,vix_close,19.99,index,github.com/datasets/finance-vix
2003-05-28,vix_close,20.03,index,github.com/datasets/finance-vix
2003-05-29,vix_close,20.43,index,github.com/datasets/finance-vix
2003-05-30,vix_close,19.47,index,github.com/datasets/finance-vix
2003-06-02,vix_close,20.85,index,github.com/datasets/finance-vix
2003-06-03,vix_close,20.84,index,github.com/datasets/finance-vix
2003-06-04,vix_close,20.62,index,github.com/datasets/finance-vix
2003-06-05,vix_close,20.83,index,github.com/datasets/finance-vix
2003-06-06,vix_close,21.25,index,github.com/datasets/finance-vix
2003-06-09,vix_close,22.15,index,github.com/datasets/finance-vix
2003-06-10,vix_close,20.64,index,github.com/datasets/finance-vix
2003-06-11,vix_close,20.21,index,github.com/datasets/finance-vix
2003-06-12,vix_close,20.41,index,github.com/datasets/finance-vix
2003-06-13,vix_close,20.66,index,github.com/datasets/finance-vix
2003-06-16,vix_close,20.22,index,github.com/datasets/finance-vix
2003-06-17,vix_close,20.01,index,github.com/datasets/finance-vix
2003-06-18,vix_close,19.76,index,github.com/datasets/finance-vix
2003-06-19,vix_close,19.8,index,github.com/datasets/finance-vix
2003-06-20,vix_close,19.14,index,github.com/datasets/finance-vix
2003-06-23,vix_close,20.58,index,github.com/datasets/finance-vix
2003-06-24,vix_close,20.75,index,github.com/datasets/finance-vix
2003-06-25,vix_close,20.81,index,github.com/datasets/finance-vix
2003-06-26,vix_close,19.4,index,github.com/datasets/finance-vix
2003-06-27,vix_close,19.16,index,github.com/datasets/finance-vix
2003-06-30,vix_close,19.52,index,github.com/datasets/finance-vix
2003-07-01,vix_close,19.46,index,github.com/datasets/finance-vix
2003-07-02,vix_close,19.03,index,github.com/datasets/finance-vix
2003-07-03,vix_close,19.39,index,github.com/datasets/finance-vix
2003-07-07,vix_close,20.06,index,github.com/datasets/finance-vix
2003-07-08,vix_close,19.48,index,github.com/datasets/finance-vix
2003-07-09,vix_close,18.93,index,github.com/datasets/finance-vix
2003-07-10,vix_close,19.19,index,github.com/datasets/finance-vix
2003-07-11,vix_close,18.47,index,github.com/datasets/finance-vix
2003-07-14,vix_close,19.59,index,github.com/datasets/finance-vix
2003-07-15,vix_close,19.55,index,github.com/datasets/finance-vix
2003-07-16,vix_close,19.76,index,github.com/datasets/finance-vix
2003-07-17,vix_close,20.22,index,github.com/datasets/finance-vix
2003-07-18,vix_close,19.11,index,github.com/datasets/finance-vix
2003-07-21,vix_close,19.78,index,github.com/datasets/finance-vix
2003-07-22,vix_close,19.17,index,github.com/datasets/finance-vix
2003-07-23,vix_close,18.64,index,github.com/datasets/finance-vix
2003-07-24,vix_close,18.6,index,github.com/datasets/finance-vix
2003-07-25,vix_close,17.75,index,github.com/datasets/finance-vix
2003-07-28,vix_close,18.36,index,github.com/datasets/finance-vix
2003-07-29,vix_close,18.67,index,github.com/datasets/finance-vix
2003-07-30,vix_close,18.85,index,github.com/datasets/finance-vix
2003-07-31,vix_close,19.49,index,github.com/datasets/finance-vix
2003-08-01,vix_close,20.75,index,github.com/datasets/finance-vix
2003-08-04,vix_close,21.27,index,github.com/datasets/finance-vix
2003-08-05,vix_close,22.68,index,github.com/datasets/finance-vix
2003-08-06,vix_close,21.5,index,github.com/datasets/finance-vix
2003-08-07,vix_close,20.26,index,github.com/datasets/finance-vix
2003-08-08,vix_close,19.59,index,github.com/datasets/finance-vix
2003-08-11,vix_close,19.75,index,github.com/datasets/finance-vix
2003-08-12,vix_close,17.94,index,github.com/datasets/finance-vix
2003-08-13,vix_close,18.77,index,github.com/datasets/finance-vix
2003-08-14,vix_close,18.47,index,github.com/datasets/finance-vix
2003-08-15,vix_close,18.27,index,github.com/datasets/finance-vix
2003-08-18,vix_close,18.18,index,github.com/datasets/finance-vix
2003-08-19,vix_close,17.86,index,github.com/datasets/finance-vix
2003-08-20,vix_close,17.82,index,github.com/datasets/finance-vix
2003-08-21,vix_close,17.84,index,github.com/datasets/finance-vix
2003-08-22,vix_close,18.55,index,github.com/datasets/finance-vix
2003-08-25,vix_close,19.53,index,github.com/datasets/finance-vix
2003-08-26,vix_close,19.49,index,github.com/datasets/finance-vix
2003-08-27,vix_close,19.13,index,github.com/datasets/finance-vix
2003-08-28,vix_close,18.48,index,github.com/datasets/finance-vix
2003-08-29,vix_close,18.63,index,github.com/datasets/finance-vix
2003-09-02,vix_close,19.02,index,github.com/datasets/finance-vix
2003-09-03,vix_close,19.44,index,github.com/datasets/finance-vix
2003-09-04,vix_close,18.71,index,github.com/datasets/finance-vix
2003-09-05,vix_close,18.17,index,github.com/datasets/finance-vix
2003-09-08,vix_close,18.26,index,github.com/datasets/finance-vix
2003-09-09,vix_close,18.85,index,github.com/datasets/finance-vix
2003-09-10,vix_close,20.01,index,github.com/datasets/finance-vix
2003-09-11,vix_close,19.25,index,github.com/datasets/finance-vix
2003-09-12,vix_close,18.68,index,github.com/datasets/finance-vix
2003-09-15,vix_close,19.28,index,github.com/datasets/finance-vix
2003-09-16,vix_close,18.03,index,github.com/datasets/finance-vix
2003-09-17,vix_close,18.15,index,github.com/datasets/finance-vix
2003-09-18,vix_close,17.57,index,github.com/datasets/finance-vix
2003-09-19,vix_close,17.54,index,github.com/datasets/finance-vix
2003-09-22,vix_close,19.65,index,github.com/datasets/finance-vix
2003-09-23,vix_close,19.47,index,github.com/datasets/finance-vix
2003-09-24,vix_close,21.22,index,github.com/datasets/finance-vix
2003-09-25,vix_close,22.26,index,github.com/datasets/finance-vix
2003-09-26,vix_close,22.23,index,github.com/datasets/finance-vix
2003-09-29,vix_close,21.67,index,github.com/datasets/finance-vix
2003-09-30,vix_close,22.72,index,github.com/datasets/finance-vix
2003-10-01,vix_close,21.07,index,github.com/datasets/finance-vix
2003-10-02,vix_close,20.8,index,github.com/datasets/finance-vix
2003-10-03,vix_close,19.5,index,github.com/datasets/finance-vix
2003-10-06,vix_close,19.51,index,github.com/datasets/finance-vix
2003-10-07,vix_close,19.41,index,github.com/datasets/finance-vix
2003-10-08,vix_close,19.18,index,github.com/datasets/finance-vix
2003-10-09,vix_close,18.82,index,github.com/datasets/finance-vix
2003-10-10,vix_close,18.45,index,github.com/datasets/finance-vix
2003-10-13,vix_close,17.55,index,github.com/datasets/finance-vix
2003-10-14,vix_close,17.37,index,github.com/datasets/finance-vix
2003-10-15,vix_close,17.69,index,github.com/datasets/finance-vix
2003-10-16,vix_close,17.19,index,github.com/datasets/finance-vix
2003-10-17,vix_close,17.62,index,github.com/datasets/finance-vix
2003-10-20,vix_close,17.04,index,github.com/datasets/finance-vix
2003-10-21,vix_close,16.55,index,github.com/datasets/finance-vix
2003-10-22,vix_close,17.67,index,github.com/datasets/finance-vix
2003-10-23,vix_close,17.68,index,github.com/datasets/finance-vix
2003-10-24,vix_close,17.71,index,github.com/datasets/finance-vix
2003-10-27,vix_close,18.05,index,github.com/datasets/finance-vix
2003-10-28,vix_close,16.82,index,github.com/datasets/finance-vix
2003-10-29,vix_close,16.43,index,github.com/datasets/finance-vix
2003-10-30,vix_close,16.33,index,github.com/datasets/finance-vix
2003-10-31,vix_close,16.1,index,github.com/datasets/finance-vix
2003-11-03,vix_close,16.55,index,github.com/datasets/finance-vix
2003-11-04,vix_close,16.55,index,github.com/datasets/finance-vix
2003-11-05,vix_close,16.86,index,github.com/datasets/finance-vix
2003-11-06,vix_close,16.74,index,github.com/datasets/finance-vix
2003-11-07,vix_close,16.93,index,github.com/datasets/finance-vix
2003-11-10,vix_close,17.62,index,github.com/datasets/finance-vix
2003-11-11,vix_close,17.54,index,github.com/datasets/finance-vix
2003-11-12,vix_close,16.75,index,github.com/datasets/finance-vix
2003-11-13,vix_close,16.47,index,github.com/datasets/finance-vix
2003-11-14,vix_close,16.94,index,github.com/datasets/finance-vix
2003-11-17,vix_close,18.6,index,github.com/datasets/finance-vix
2003-11-18,vix_close,19.11,index,github.com/datasets/finance-vix
2003-11-19,vix_close,18.8,index,github.com/datasets/finance-vix
2003-11-20,vix_close,19.48,index,github.com/datasets/finance-vix
2003-11-21,vix_close,18.98,index,github.com/datasets/finance-vix
2003-11-24,vix_close,17.44,index,github.com/datasets/finance-vix
2003-11-25,vix_close,16.71,index,github.com/datasets/finance-vix
2003-11-26,vix_close,16.23,index,github.com/datasets/finance-vix
2003-11-28,vix_close,16.32,index,github.com/datasets/finance-vix
2003-12-01,vix_close,16.77,index,github.com/datasets/finance-vix
2003-12-02,vix_close,16.27,index,github.com/datasets/finance-vix
2003-12-03,vix_close,16.63,index,github.com/datasets/finance-vix
2003-12-04,vix_close,16.3,index,github.com/datasets/finance-vix
2003-12-05,vix_close,17.09,index,github.com/datasets/finance-vix
2003-12-08,vix_close,16.54,index,github.com/datasets/finance-vix
2003-12-09,vix_close,17.63,index,github.com/datasets/finance-vix
2003-12-10,vix_close,17.87,index,github.com/datasets/finance-vix
2003-12-11,vix_close,16.73,index,github.com/datasets/finance-vix
2003-12-12,vix_close,16.41,index,github.com/datasets/finance-vix
2003-12-15,vix_close,17.23,index,github.com/datasets/finance-vix
2003-12-16,vix_close,15.93,index,github.com/datasets/finance-vix
2003-12-17,vix_close,15.58,index,github.com/datasets/finance-vix
2003-12-18,vix_close,16.16,index,github.com/datasets/finance-vix
2003-12-19,vix_close,16.42,index,github.com/datasets/finance-vix
2003-12-22,vix_close,16.94,index,github.com/datasets/finance-vix
2003-12-23,vix_close,16.49,index,github.com/datasets/finance-vix
2003-12-24,vix_close,16.66,index,github.com/datasets/finance-vix
2003-12-26,vix_close,17.45,index,github.com/datasets/finance-vix
2003-12-29,vix_close,17.09,index,github.com/datasets/finance-vix
2003-12-30,vix_close,17.68,index,github.com/datasets/finance-vix
2003-12-31,vix_close,18.31,index,github.com/datasets/finance-vix
2004-01-02,vix_close,18.22,index,github.com/datasets/finance-vix
2004-01-05,vix_close,17.49,index,github.com/datasets/finance-vix
2004-01-06,vix_close,16.73,index,github.com/datasets/finance-vix
2004-01-07,vix_close,15.5,index,github.com/datasets/finance-vix
2004-01-08,vix_close,15.61,index,github.com/datasets/finance-vix
2004-01-09,vix_close,16.75,index,github.com/datasets/finance-vix
2004-01-12,vix_close,16.82,index,github.com/datasets/finance-vix
2004-01-13,vix_close,18.04,index,github.com/datasets/finance-vix
2004-01-14,vix_close,16.75,index,github.com/datasets/finance-vix
2004-01-15,vix_close,15.56,index,github.com/datasets/finance-vix
2004-01-16,vix_close,15.0,index,github.com/datasets/finance-vix
2004-01-20,vix_close,15.21,index,github.com/datasets/finance-vix
2004-01-21,vix_close,14.34,index,github.com/datasets/finance-vix
2004-01-22,vix_close,14.71,index,github.com/datasets/finance-vix
2004-01-23,vix_close,14.84,index,github.com/datasets/finance-vix
2004-01-26,vix_close,14.55,index,github.com/datasets/finance-vix
2004-01-27,vix_close,15.35,index,github.com/datasets/finance-vix
2004-01-28,vix_close,16.78,index,github.com/datasets/finance-vix
2004-01-29,vix_close,17.14,index,github.com/datasets/finance-vix
2004-01-30,vix_close,16.63,index,github.com/datasets/finance-vix
2004-02-02,vix_close,17.11,index,github.com/datasets/finance-vix
2004-02-03,vix_close,17.34,index,github.com/datasets/finance-vix
2004-02-04,vix_close,17.87,index,github.com/datasets/finance-vix
2004-02-05,vix_close,17.71,index,github.com/datasets/finance-vix
2004-02-06,vix_close,16.0,index,github.com/datasets/finance-vix
2004-02-09,vix_close,16.39,index,github.com/datasets/finance-vix
2004-02-10,vix_close,15.94,index,github.com/datasets/finance-vix
2004-02-11,vix_close,15.39,index,github.com/datasets/finance-vix
2004-02-12,vix_close,15.31,index,github.com/datasets/finance-vix
2004-02-13,vix_close,15.58,index,github.com/datasets/finance-vix
2004-02-17,vix_close,15.4,index,github.com/datasets/finance-vix
2004-02-18,vix_close,15.59,index,github.com/datasets/finance-vix
2004-02-19,vix_close,15.8,index,github.com/datasets/finance-vix
2004-02-20,vix_close,16.04,index,github.com/datasets/finance-vix
2004-02-23,vix_close,16.29,index,github.com/datasets/finance-vix
2004-02-24,vix_close,15.9,index,github.com/datasets/finance-vix
2004-02-25,vix_close,14.93,index,github.com/datasets/finance-vix
2004-02-26,vix_close,14.83,index,github.com/datasets/finance-vix
2004-02-27,vix_close,14.55,index,github.com/datasets/finance-vix
2004-03-01,vix_close,14.44,index,github.com/datasets/finance-vix
2004-03-02,vix_close,14.86,index,github.com/datasets/finance-vix
2004-03-03,vix_close,14.55,index,github.com/datasets/finance-vix
2004-03-04,vix_close,14.4,index,github.com/datasets/finance-vix
2004-03-05,vix_close,14.48,index,github.com/datasets/finance-vix
2004-03-08,vix_close,15.79,index,github.com/datasets/finance-vix
2004-03-09,vix_close,16.6,index,github.com/datasets/finance-vix
2004-03-10,vix_close,18.67,index,github.com/datasets/finance-vix
2004-03-11,vix_close,20.67,index,github.com/datasets/finance-vix
2004-03-12,vix_close,18.3,index,github.com/datasets/finance-vix
2004-03-15,vix_close,21.13,index,github.com/datasets/finance-vix
2004-03-16,vix_close,20.34,index,github.com/datasets/finance-vix
2004-03-17,vix_close,18.11,index,github.com/datasets/finance-vix
2004-03-18,vix_close,18.53,index,github.com/datasets/finance-vix
2004-03-19,vix_close,19.15,index,github.com/datasets/finance-vix
2004-03-22,vix_close,21.58,index,github.com/datasets/finance-vix
2004-03-23,vix_close,20.67,index,github.com/datasets/finance-vix
2004-03-24,vix_close,19.81,index,github.com/datasets/finance-vix
2004-03-25,vix_close,17.88,index,github.com/datasets/finance-vix
2004-03-26,vix_close,17.33,index,github.com/datasets/finance-vix
2004-03-29,vix_close,16.5,index,github.com/datasets/finance-vix
2004-03-30,vix_close,16.28,index,github.com/datasets/finance-vix
2004-03-31,vix_close,16.74,index,github.com/datasets/finance-vix
2004-04-01,vix_close,16.65,index,github.com/datasets/finance-vix
2004-04-02,vix_close,15.64,index,github.com/datasets/finance-vix
2004-04-05,vix_close,14.97,index,github.com/datasets/finance-vix
2004-04-06,vix_close,15.32,index,github.com/datasets/finance-vix
2004-04-07,vix_close,15.76,index,github.com/datasets/finance-vix
2004-04-08,vix_close,16.26,index,github.com/datasets/finance-vix
2004-04-12,vix_close,15.28,index,github.com/datasets/finance-vix
2004-04-13,vix_close,17.26,index,github.com/datasets/finance-vix
2004-04-14,vix_close,15.62,index,github.com/datasets/finance-vix
2004-04-15,vix_close,15.74,index,github.com/datasets/finance-vix
2004-04-16,vix_close,14.94,index,github.com/datasets/finance-vix
2004-04-19,vix_close,15.42,index,github.com/datasets/finance-vix
2004-04-20,vix_close,16.67,index,github.com/datasets/finance-vix
2004-04-21,vix_close,15.6,index,github.com/datasets/finance-vix
2004-04-22,vix_close,14.61,index,github.com/datasets/finance-vix
2004-04-23,vix_close,14.01,index,github.com/datasets/finance-vix
2004-04-26,vix_close,14.77,index,github.com/datasets/finance-vix
2004-04-27,vix_close,15.07,index,github.com/datasets/finance-vix
2004-04-28,vix_close,16.29,index,github.com/datasets/finance-vix
2004-04-29,vix_close,16.6,index,github.com/datasets/finance-vix
2004-04-30,vix_close,17.19,index,github.com/datasets/finance-vix
2004-05-03,vix_close,16.62,index,github.com/datasets/finance-vix
2004-05-04,vix_close,16.55,index,github.com/datasets/finance-vix
2004-05-05,vix_close,15.77,index,github.com/datasets/finance-vix
2004-05-06,vix_close,17.05,index,github.com/datasets/finance-vix
2004-05-07,vix_close,18.13,index,github.com/datasets/finance-vix
2004-05-10,vix_close,19.77,index,github.com/datasets/finance-vix
2004-05-11,vix_close,18.57,index,github.com/datasets/finance-vix
2004-05-12,vix_close,18.14,index,github.com/datasets/finance-vix
2004-05-13,vix_close,18.86,index,github.com/datasets/finance-vix
2004-05-14,vix_close,18.47,index,github.com/datasets/finance-vix
2004-05-17,vix_close,19.96,index,github.com/datasets/finance-vix
2004-05-18,vix_close,19.33,index,github.com/datasets/finance-vix
2004-05-19,vix_close,18.93,index,github.com/datasets/finance-vix
2004-05-20,vix_close,18.67,index,github.com/datasets/finance-vix
2004-05-21,vix_close,18.49,index,github.com/datasets/finance-vix
2004-05-24,vix_close,18.08,index,github.com/datasets/finance-vix
2004-05-25,vix_close,15.96,index,github.com/datasets/finance-vix
2004-05-26,vix_close,15.97,index,github.com/datasets/finance-vix
2004-05-27,vix_close,15.28,index,github.com/datasets/finance-vix
2004-05-28,vix_close,15.5,index,github.com/datasets/finance-vix
2004-06-01,vix_close,16.3,index,github.com/datasets/finance-vix
2004-06-02,vix_close,16.08,index,github.com/datasets/finance-vix
2004-06-03,vix_close,17.03,index,github.com/datasets/finance-vix
2004-06-04,vix_close,16.78,index,github.com/datasets/finance-vix
2004-06-07,vix_close,15.39,index,github.com/datasets/finance-vix
2004-06-08,vix_close,15.01,index,github.com/datasets/finance-vix
2004-06-09,vix_close,15.39,index,github.com/datasets/finance-vix
2004-06-10,vix_close,15.04,index,github.com/datasets/finance-vix
2004-06-11,vix_close,15.04,index,github.com/datasets/finance-vix
2004-06-14,vix_close,16.07,index,github.com/datasets/finance-vix
2004-06-15,vix_close,15.05,index,github.com/datasets/finance-vix
2004-06-16,vix_close,14.79,index,github.com/datasets/finance-vix
2004-06-17,vix_close,15.15,index,github.com/datasets/finance-vix
2004-06-18,vix_close,14.99,index,github.com/datasets/finance-vix
2004-06-21,vix_close,15.26,index,github.com/datasets/finance-vix
2004-06-22,vix_close,14.31,index,github.com/datasets/finance-vix
2004-06-23,vix_close,13.98,index,github.com/datasets/finance-vix
2004-06-24,vix_close,14.81,index,github.com/datasets/finance-vix
2004-06-25,vix_close,15.19,index,github.com/datasets/finance-vix
2004-06-28,vix_close,16.07,index,github.com/datasets/finance-vix
2004-06-29,vix_close,15.47,index,github.com/datasets/finance-vix
2004-06-30,vix_close,14.34,index,github.com/datasets/finance-vix
2004-07-01,vix_close,15.2,index,github.com/datasets/finance-vix
2004-07-02,vix_close,15.08,index,github.com/datasets/finance-vix
2004-07-06,vix_close,16.25,index,github.com/datasets/finance-vix
2004-07-07,vix_close,15.81,index,github.com/datasets/finance-vix
2004-07-08,vix_close,16.2,index,github.com/datasets/finance-vix
2004-07-09,vix_close,15.78,index,github.com/datasets/finance-vix
2004-07-12,vix_close,14.96,index,github.com/datasets/finance-vix
2004-07-13,vix_close,14.46,index,github.com/datasets/finance-vix
2004-07-14,vix_close,13.76,index,github.com/datasets/finance-vix
2004-07-15,vix_close,14.71,index,github.com/datasets/finance-vix
2004-07-16,vix_close,14.34,index,github.com/datasets/finance-vix
2004-07-19,vix_close,15.17,index,github.com/datasets/finance-vix
2004-07-20,vix_close,14.17,index,github.com/datasets/finance-vix
2004-07-21,vix_close,16.41,index,github.com/datasets/finance-vix
2004-07-22,vix_close,15.75,index,github.com/datasets/finance-vix
2004-07-23,vix_close,16.5,index,github.com/datasets/finance-vix
2004-07-26,vix_close,17.3,index,github.com/datasets/finance-vix
2004-07-27,vix_close,16.55,index,github.com/datasets/finance-vix
2004-07-28,vix_close,16.15,index,github.com/datasets/finance-vix
2004-07-29,vix_close,15.68,index,github.com/datasets/finance-vix
2004-07-30,vix_close,15.32,index,github.com/datasets/finance-vix
2004-08-02,vix_close,15.37,index,github.com/datasets/finance-vix
2004-08-03,vix_close,16.03,index,github.com/datasets/finance-vix
2004-08-04,vix_close,16.21,index,github.com/datasets/finance-vix
2004-08-05,vix_close,18.32,index,github.com/datasets/finance-vix
2004-08-06,vix_close,19.34,index,github.com/datasets/finance-vix
2004-08-09,vix_close,18.89,index,github.com/datasets/finance-vix
2004-08-10,vix_close,17.47,index,github.com/datasets/finance-vix
2004-08-11,vix_close,18.04,index,github.com/datasets/finance-vix
2004-08-12,vix_close,19.08,index,github.com/datasets/finance-vix
2004-08-13,vix_close,17.98,index,github.com/datasets/finance-vix
2004-08-16,vix_close,17.57,index,github.com/datasets/finance-vix
2004-08-17,vix_close,17.02,index,github.com/datasets/finance-vix
2004-08-18,vix_close,16.23,index,github.com/datasets/finance-vix
2004-08-19,vix_close,16.96,index,github.com/datasets/finance-vix
2004-08-20,vix_close,16.0,index,github.com/datasets/finance-vix
2004-08-23,vix_close,15.88,index,github.com/datasets/finance-vix
2004-08-24,vix_close,15.33,index,github.com/datasets/finance-vix
2004-08-25,vix_close,14.98,index,github.com/datasets/finance-vix
2004-08-26,vix_close,14.91,index,github.com/datasets/finance-vix
2004-08-27,vix_close,14.71,index,github.com/datasets/finance-vix
2004-08-30,vix_close,15.44,index,github.com/datasets/finance-vix
2004-08-31,vix_close,15.29,index,github.com/datasets/finance-vix
2004-09-01,vix_close,14.91,index,github.com/datasets/finance-vix
2004-09-02,vix_close,14.28,index,github.com/datasets/finance-vix
2004-09-03,vix_close,13.91,index,github.com/datasets/finance-vix
2004-09-07,vix_close,14.07,index,github.com/datasets/finance-vix
2004-09-08,vix_close,14.06,index,github.com/datasets/finance-vix
2004-09-09,vix_close,14.01,index,github.com/datasets/finance-vix
2004-09-10,vix_close,13.76,index,github.com/datasets/finance-vix
2004-09-13,vix_close,13.17,index,github.com/datasets/finance-vix
2004-09-14,vix_close,13.56,index,github.com/datasets/finance-vix
2004-09-15,vix_close,14.64,index,github.com/datasets/finance-vix
2004-09-16,vix_close,14.39,index,github.com/datasets/finance-vix
2004-09-17,vix_close,14.03,index,github.com/datasets/finance-vix
2004-09-20,vix_close,14.43,index,github.com/datasets/finance-vix
2004-09-21,vix_close,13.66,index,github.com/datasets/finance-vix
2004-09-22,vix_close,14.74,index,github.com/datasets/finance-vix
2004-09-23,vix_close,14.8,index,github.com/datasets/finance-vix
2004-09-24,vix_close,14.28,index,github.com/datasets/finance-vix
2004-09-27,vix_close,14.62,index,github.com/datasets/finance-vix
2004-09-28,vix_close,13.83,index,github.com/datasets/finance-vix
2004-09-29,vix_close,13.21,index,github.com/datasets/finance-vix
2004-09-30,vix_close,13.34,index,github.com/datasets/finance-vix
2004-10-01,vix_close,12.75,index,github.com/datasets/finance-vix
2004-10-04,vix_close,13.41,index,github.com/datasets/finance-vix
2004-10-05,vix_close,13.95,index,github.com/datasets/finance-vix
2004-10-06,vix_close,13.28,index,github.com/datasets/finance-vix
2004-10-07,vix_close,14.5,index,github.com/datasets/finance-vix
2004-10-08,vix_close,15.05,index,github.com/datasets/finance-vix
2004-10-11,vix_close,14.71,index,github.com/datasets/finance-vix
2004-10-12,vix_close,15.05,index,github.com/datasets/finance-vix
2004-10-13,vix_close,15.42,index,github.com/datasets/finance-vix
2004-10-14,vix_close,16.43,index,github.com/datasets/finance-vix
2004-10-15,vix_close,15.04,index,github.com/datasets/finance-vix
2004-10-18,vix_close,14.71,index,github.com/datasets/finance-vix
2004-10-19,vix_close,15.13,index,github.com/datasets/finance-vix
2004-10-20,vix_close,14.85,index,github.com/datasets/finance-vix
2004-10-21,vix_close,14.54,index,github.com/datasets/finance-vix
2004-10-22,vix_close,15.28,index,github.com/datasets/finance-vix
2004-10-25,vix_close,16.58,index,github.com/datasets/finance-vix
2004-10-26,vix_close,16.39,index,github.com/datasets/finance-vix
2004-10-27,vix_close,15.72,index,github.com/datasets/finance-vix
2004-10-28,vix_close,15.39,index,github.com/datasets/finance-vix
2004-10-29,vix_close,16.27,index,github.com/datasets/finance-vix
2004-11-01,vix_close,16.27,index,github.com/datasets/finance-vix
2004-11-02,vix_close,16.18,index,github.com/datasets/finance-vix
2004-11-03,vix_close,14.04,index,github.com/datasets/finance-vix
2004-11-04,vix_close,13.97,index,github.com/datasets/finance-vix
2004-11-05,vix_close,13.84,index,github.com/datasets/finance-vix
2004-11-08,vix_close,13.8,index,github.com/datasets/finance-vix
2004-11-09,vix_close,13.61,index,github.com/datasets/finance-vix
2004-11-10,vix_close,13.08,index,github.com/datasets/finance-vix
2004-11-11,vix_close,13.04,index,github.com/datasets/finance-vix
2004-11-12,vix_close,13.33,index,github.com/datasets/finance-vix
2004-11-15,vix_close,13.38,index,github.com/datasets/finance-vix
2004-11-16,vix_close,13.21,index,github.com/datasets/finance-vix
2004-11-17,vix_close,13.21,index,github.com/datasets/finance-vix
2004-11-18,vix_close,12.98,index,github.com/datasets/finance-vix
2004-11-19,vix_close,13.5,index,github.com/datasets/finance-vix
2004-11-22,vix_close,12.97,index,github.com/datasets/finance-vix
2004-11-23,vix_close,12.67,index,github.com/datasets/finance-vix
2004-11-24,vix_close,12.72,index,github.com/datasets/finance-vix
2004-11-26,vix_close,12.79,index,github.com/datasets/finance-vix
2004-11-29,vix_close,13.3,index,github.com/datasets/finance-vix
2004-11-30,vix_close,13.24,index,github.com/datasets/finance-vix
2004-12-01,vix_close,12.97,index,github.com/datasets/finance-vix
2004-12-02,vix_close,12.98,index,github.com/datasets/finance-vix
2004-12-03,vix_close,12.96,index,github.com/datasets/finance-vix
2004-12-06,vix_close,13.19,index,github.com/datasets/finance-vix
2004-12-07,vix_close,13.67,index,github.com/datasets/finance-vix
2004-12-08,vix_close,13.19,index,github.com/datasets/finance-vix
2004-12-09,vix_close,12.88,index,github.com/datasets/finance-vix
2004-12-10,vix_close,12.76,index,github.com/datasets/finance-vix
2004-12-13,vix_close,12.54,index,github.com/datasets/finance-vix
2004-12-14,vix_close,12.73,index,github.com/datasets/finance-vix
2004-12-15,vix_close,12.35,index,github.com/datasets/finance-vix
2004-12-16,vix_close,12.27,index,github.com/datasets/finance-vix
2004-12-17,vix_close,11.95,index,github.com/datasets/finance-vix
2004-12-20,vix_close,11.83,index,github.com/datasets/finance-vix
2004-12-21,vix_close,11.55,index,github.com/datasets/finance-vix
2004-12-22,vix_close,11.45,index,github.com/datasets/finance-vix
2004-12-23,vix_close,11.23,index,github.com/datasets/finance-vix
2004-12-27,vix_close,12.14,index,github.com/datasets/finance-vix
2004-12-28,vix_close,12.0,index,github.com/datasets/finance-vix
2004-12-29,vix_close,11.62,index,github.com/datasets/finance-vix
2004-12-30,vix_close,12.56,index,github.com/datasets/finance-vix
2004-12-31,vix_close,13.29,index,github.com/datasets/finance-vix
2005-01-03,vix_close,14.08,index,github.com/datasets/finance-vix
2005-01-04,vix_close,13.98,index,github.com/datasets/finance-vix
2005-01-05,vix_close,14.09,index,github.com/datasets/finance-vix
2005-01-06,vix_close,13.58,index,github.com/datasets/finance-vix
2005-01-07,vix_close,13.49,index,github.com/datasets/finance-vix
2005-01-10,vix_close,13.23,index,github.com/datasets/finance-vix
2005-01-11,vix_close,13.19,index,github.com/datasets/finance-vix
2005-01-12,vix_close,12.56,index,github.com/datasets/finance-vix
2005-01-13,vix_close,12.84,index,github.com/datasets/finance-vix
2005-01-14,vix_close,12.43,index,github.com/datasets/finance-vix
2005-01-18,vix_close,12.47,index,github.com/datasets/finance-vix
2005-01-19,vix_close,13.18,index,github.com/datasets/finance-vix
2005-01-20,vix_close,13.83,index,github.com/datasets/finance-vix
2005-01-21,vix_close,14.36,index,github.com/datasets/finance-vix
2005-01-24,vix_close,14.65,index,github.com/datasets/finance-vix
2005-01-25,vix_close,14.06,index,github.com/datasets/finance-vix
2005-01-26,vix_close,13.44,index,github.com/datasets/finance-vix
2005-01-27,vix_close,13.24,index,github.com/datasets/finance-vix
2005-01-28,vix_close,13.24,index,github.com/datasets/finance-vix
2005-01-31,vix_close,12.82,index,github.com/datasets/finance-vix
2005-02-01,vix_close,12.03,index,github.com/datasets/finance-vix
2005-02-02,vix_close,11.66,index,github.com/datasets/finance-vix
2005-02-03,vix_close,11.79,index,github.com/datasets/finance-vix
2005-02-04,vix_close,11.21,index,github.com/datasets/finance-vix
2005-02-07,vix_close,11.73,index,github.com/datasets/finance-vix
2005-02-08,vix_close,11.6,index,github.com/datasets/finance-vix
2005-02-09,vix_close,12.0,index,github.com/datasets/finance-vix
2005-02-10,vix_close,11.51,index,github.com/datasets/finance-vix
2005-02-11,vix_close,11.43,index,github.com/datasets/finance-vix
2005-02-14,vix_close,11.52,index,github.com/datasets/finance-vix
2005-02-15,vix_close,11.27,index,github.com/datasets/finance-vix
2005-02-16,vix_close,11.1,index,github.com/datasets/finance-vix
2005-02-17,vix_close,11.77,index,github.com/datasets/finance-vix
2005-02-18,vix_close,11.18,index,github.com/datasets/finance-vix
2005-02-22,vix_close,13.14,index,github.com/datasets/finance-vix
2005-02-23,vix_close,12.39,index,github.com/datasets/finance-vix
2005-02-24,vix_close,11.57,index,github.com/datasets/finance-vix
2005-02-25,vix_close,11.49,index,github.com/datasets/finance-vix
2005-02-28,vix_close,12.08,index,github.com/datasets/finance-vix
2005-03-01,vix_close,12.04,index,github.com/datasets/finance-vix
2005-03-02,vix_close,12.5,index,github.com/datasets/finance-vix
2005-03-03,vix_close,12.93,index,github.com/datasets/finance-vix
2005-03-04,vix_close,11.94,index,github.com/datasets/finance-vix
2005-03-07,vix_close,12.26,index,github.com/datasets/finance-vix
2005-03-08,vix_close,12.4,index,github.com/datasets/finance-vix
2005-03-09,vix_close,12.7,index,github.com/datasets/finance-vix
2005-03-10,vix_close,12.49,index,github.com/datasets/finance-vix
2005-03-11,vix_close,12.8,index,github.com/datasets/finance-vix
2005-03-14,vix_close,12.39,index,github.com/datasets/finance-vix
2005-03-15,vix_close,13.15,index,github.com/datasets/finance-vix
2005-03-16,vix_close,13.49,index,github.com/datasets/finance-vix
2005-03-17,vix_close,13.29,index,github.com/datasets/finance-vix
2005-03-18,vix_close,13.14,index,github.com/datasets/finance-vix
2005-03-21,vix_close,13.61,index,github.com/datasets/finance-vix
2005-03-22,vix_close,14.27,index,github.com/datasets/finance-vix
2005-03-23,vix_close,14.06,index,github.com/datasets/finance-vix
2005-03-24,vix_close,13.42,index,github.com/datasets/finance-vix
2005-03-28,vix_close,13.75,index,github.com/datasets/finance-vix
2005-03-29,vix_close,14.49,index,github.com/datasets/finance-vix
2005-03-30,vix_close,13.64,index,github.com/datasets/finance-vix
2005-03-31,vix_close,14.02,index,github.com/datasets/finance-vix
2005-04-01,vix_close,14.09,index,github.com/datasets/finance-vix
2005-04-04,vix_close,14.11,index,github.com/datasets/finance-vix
2005-04-05,vix_close,13.68,index,github.com/datasets/finance-vix
2005-04-06,vix_close,13.15,index,github.com/datasets/finance-vix
2005-04-07,vix_close,12.33,index,github.com/datasets/finance-vix
2005-04-08,vix_close,12.62,index,github.com/datasets/finance-vix
2005-04-11,vix_close,11.98,index,github.com/datasets/finance-vix
2005-04-12,vix_close,11.3,index,github.com/datasets/finance-vix
2005-04-13,vix_close,13.31,index,github.com/datasets/finance-vix
2005-04-14,vix_close,14.53,index,github.com/datasets/finance-vix
2005-04-15,vix_close,17.74,index,github.com/datasets/finance-vix
2005-04-18,vix_close,16.56,index,github.com/datasets/finance-vix
2005-04-19,vix_close,14.96,index,github.com/datasets/finance-vix
2005-04-20,vix_close,16.92,index,github.com/datasets/finance-vix
2005-04-21,vix_close,14.41,index,github.com/datasets/finance-vix
2005-04-22,vix_close,15.38,index,github.com/datasets/finance-vix
2005-04-25,vix_close,14.62,index,github.com/datasets/finance-vix
2005-04-26,vix_close,14.91,index,github.com/datasets/finance-vix
2005-04-27,vix_close,14.87,index,github.com/datasets/finance-vix
2005-04-28,vix_close,16.86,index,github.com/datasets/finance-vix
2005-04-29,vix_close,15.31,index,github.com/datasets/finance-vix
2005-05-02,vix_close,15.12,index,github.com/datasets/finance-vix
2005-05-03,vix_close,14.53,index,github.com/datasets/finance-vix
2005-05-04,vix_close,13.85,index,github.com/datasets/finance-vix
2005-05-05,vix_close,13.98,index,github.com/datasets/finance-vix
2005-05-06,vix_close,14.05,index,github.com/datasets/finance-vix
2005-05-09,vix_close,13.75,index,github.com/datasets/finance-vix
2005-05-10,vix_close,14.91,index,github.com/datasets/finance-vix
2005-05-11,vix_close,14.45,index,github.com/datasets/finance-vix
2005-05-12,vix_close,16.12,index,github.com/datasets/finance-vix
2005-05-13,vix_close,16.32,index,github.com/datasets/finance-vix
2005-05-16,vix_close,15.68,index,github.com/datasets/finance-vix
2005-05-17,vix_close,14.57,index,github.com/datasets/finance-vix
2005-05-18,vix_close,13.63,index,github.com/datasets/finance-vix
2005-05-19,vix_close,13.32,index,github.com/datasets/finance-vix
2005-05-20,vix_close,13.14,index,github.com/datasets/finance-vix
2005-05-23,vix_close,12.95,index,github.com/datasets/finance-vix
2005-05-24,vix_close,12.69,index,github.com/datasets/finance-vix
2005-05-25,vix_close,12.58,index,github.com/datasets/finance-vix
2005-05-26,vix_close,12.24,index,github.com/datasets/finance-vix
2005-05-27,vix_close,12.15,index,github.com/datasets/finance-vix
2005-05-31,vix_close,13.29,index,github.com/datasets/finance-vix
2005-06-01,vix_close,12.36,index,github.com/datasets/finance-vix
2005-06-02,vix_close,11.84,index,github.com/datasets/finance-vix
2005-06-03,vix_close,12.15,index,github.com/datasets/finance-vix
2005-06-06,vix_close,12.28,index,github.com/datasets/finance-vix
2005-06-07,vix_close,12.39,index,github.com/datasets/finance-vix
2005-06-08,vix_close,12.7,index,github.com/datasets/finance-vix
2005-06-09,vix_close,12.08,index,github.com/datasets/finance-vix
2005-06-10,vix_close,11.96,index,github.com/datasets/finance-vix
2005-06-13,vix_close,11.65,index,github.com/datasets/finance-vix
2005-06-14,vix_close,11.79,index,github.com/datasets/finance-vix
2005-06-15,vix_close,11.46,index,github.com/datasets/finance-vix
2005-06-16,vix_close,11.15,index,github.com/datasets/finance-vix
2005-06-17,vix_close,11.48,index,github.com/datasets/finance-vix
2005-06-20,vix_close,11.47,index,github.com/datasets/finance-vix
2005-06-21,vix_close,11.08,index,github.com/datasets/finance-vix
2005-06-22,vix_close,11.05,index,github.com/datasets/finance-vix
2005-06-23,vix_close,12.13,index,github.com/datasets/finance-vix
2005-06-24,vix_close,12.18,index,github.com/datasets/finance-vix
2005-06-27,vix_close,12.52,index,github.com/datasets/finance-vix
2005-06-28,vix_close,11.58,index,github.com/datasets/finance-vix
2005-06-29,vix_close,11.77,index,github.com/datasets/finance-vix
2005-06-30,vix_close,12.04,index,github.com/datasets/finance-vix
2005-07-01,vix_close,11.4,index,github.com/datasets/finance-vix
2005-07-05,vix_close,11.68,index,github.com/datasets/finance-vix
2005-07-06,vix_close,12.27,index,github.com/datasets/finance-vix
2005-07-07,vix_close,12.49,index,github.com/datasets/finance-vix
2005-07-08,vix_close,11.45,index,github.com/datasets/finance-vix
2005-07-11,vix_close,11.28,index,github.com/datasets/finance-vix
2005-07-12,vix_close,10.95,index,github.com/datasets/finance-vix
2005-07-13,vix_close,10.84,index,github.com/datasets/finance-vix
2005-07-14,vix_close,10.81,index,github.com/datasets/finance-vix
2005-07-15,vix_close,10.33,index,github.com/datasets/finance-vix
2005-07-18,vix_close,10.77,index,github.com/datasets/finance-vix
2005-07-19,vix_close,10.45,index,github.com/datasets/finance-vix
2005-07-20,vix_close,10.23,index,github.com/datasets/finance-vix
2005-07-21,vix_close,10.97,index,github.com/datasets/finance-vix
2005-07-22,vix_close,10.52,index,github.com/datasets/finance-vix
2005-07-25,vix_close,11.1,index,github.com/datasets/finance-vix
2005-07-26,vix_close,10.99,index,github.com/datasets/finance-vix
2005-07-27,vix_close,10.36,index,github.com/datasets/finance-vix
2005-07-28,vix_close,10.52,index,github.com/datasets/finance-vix
2005-07-29,vix_close,11.57,index,github.com/datasets/finance-vix
2005-08-01,vix_close,12.08,index,github.com/datasets/finance-vix
2005-08-02,vix_close,11.75,index,github.com/datasets/finance-vix
2005-08-03,vix_close,11.83,index,github.com/datasets/finance-vix
2005-08-04,vix_close,12.52,index,github.com/datasets/finance-vix
2005-08-05,vix_close,12.48,index,github.com/datasets/finance-vix
2005-08-08,vix_close,13.21,index,github.com/datasets/finance-vix
2005-08-09,vix_close,12.4,index,github.com/datasets/finance-vix
2005-08-10,vix_close,12.38,index,github.com/datasets/finance-vix
2005-08-11,vix_close,12.42,index,github.com/datasets/finance-vix
2005-08-12,vix_close,12.74,index,github.com/datasets/finance-vix
2005-08-15,vix_close,12.26,index,github.com/datasets/finance-vix
2005-08-16,vix_close,13.52,index,github.com/datasets/finance-vix
2005-08-17,vix_close,13.3,index,github.com/datasets/finance-vix
2005-08-18,vix_close,13.42,index,github.com/datasets/finance-vix
2005-08-19,vix_close,13.42,index,github.com/datasets/finance-vix
2005-08-22,vix_close,13.42,index,github.com/datasets/finance-vix
2005-08-23,vix_close,13.34,index,github.com/datasets/finance-vix
2005-08-24,vix_close,14.17,index,github.com/datasets/finance-vix
2005-08-25,vix_close,13.73,index,github.com/datasets/finance-vix
2005-08-26,vix_close,13.72,index,github.com/datasets/finance-vix
2005-08-29,vix_close,13.52,index,github.com/datasets/finance-vix
2005-08-30,vix_close,13.65,index,github.com/datasets/finance-vix
2005-08-31,vix_close,12.6,index,github.com/datasets/finance-vix
2005-09-01,vix_close,13.15,index,github.com/datasets/finance-vix
2005-09-02,vix_close,13.57,index,github.com/datasets/finance-vix
2005-09-06,vix_close,12.93,index,github.com/datasets/finance-vix
2005-09-07,vix_close,12.52,index,github.com/datasets/finance-vix
2005-09-08,vix_close,12.93,index,github.com/datasets/finance-vix
2005-09-09,vix_close,11.98,index,github.com/datasets/finance-vix
2005-09-12,vix_close,11.65,index,github.com/datasets/finance-vix
2005-09-13,vix_close,12.39,index,github.com/datasets/finance-vix
2005-09-14,vix_close,12.91,index,github.com/datasets/finance-vix
2005-09-15,vix_close,12.49,index,github.com/datasets/finance-vix
2005-09-16,vix_close,11.22,index,github.com/datasets/finance-vix
2005-09-19,vix_close,12.14,index,github.com/datasets/finance-vix
2005-09-20,vix_close,12.64,index,github.com/datasets/finance-vix
2005-09-21,vix_close,13.79,index,github.com/datasets/finance-vix
2005-09-22,vix_close,13.33,index,github.com/datasets/finance-vix
2005-09-23,vix_close,12.96,index,github.com/datasets/finance-vix
2005-09-26,vix_close,13.04,index,github.com/datasets/finance-vix
2005-09-27,vix_close,12.76,index,github.com/datasets/finance-vix
2005-09-28,vix_close,12.63,index,github.com/datasets/finance-vix
2005-09-29,vix_close,12.24,index,github.com/datasets/finance-vix
2005-09-30,vix_close,11.92,index,github.com/datasets/finance-vix
2005-10-03,vix_close,12.46,index,github.com/datasets/finance-vix
2005-10-04,vix_close,13.2,index,github.com/datasets/finance-vix
2005-10-05,vix_close,14.55,index,github.com/datasets/finance-vix
2005-10-06,vix_close,14.96,index,github.com/datasets/finance-vix
2005-10-07,vix_close,14.59,index,github.com/datasets/finance-vix
2005-10-10,vix_close,15.55,index,github.com/datasets/finance-vix
2005-10-11,vix_close,15.63,index,github.com/datasets/finance-vix
2005-10-12,vix_close,16.22,index,github.com/datasets/finance-vix
2005-10-13,vix_close,16.47,index,github.com/datasets/finance-vix
2005-10-14,vix_close,14.87,index,github.com/datasets/finance-vix
2005-10-17,vix_close,14.67,index,github.com/datasets/finance-vix
2005-10-18,vix_close,15.33,index,github.com/datasets/finance-vix
2005-10-19,vix_close,13.5,index,github.com/datasets/finance-vix
2005-10-20,vix_close,16.11,index,github.com/datasets/finance-vix
2005-10-21,vix_close,16.13,index,github.com/datasets/finance-vix
2005-10-24,vix_close,14.74,index,github.com/datasets/finance-vix
2005-10-25,vix_close,14.53,index,github.com/datasets/finance-vix
2005-10-26,vix_close,14.59,index,github.com/datasets/finance-vix
2005-10-27,vix_close,16.02,index,github.com/datasets/finance-vix
2005-10-28,vix_close,14.25,index,github.com/datasets/finance-vix
2005-10-31,vix_close,15.32,index,github.com/datasets/finance-vix
2005-11-01,vix_close,14.85,index,github.com/datasets/finance-vix
2005-11-02,vix_close,13.48,index,github.com/datasets/finance-vix
2005-11-03,vix_close,13.0,index,github.com/datasets/finance-vix
2005-11-04,vix_close,13.17,index,github.com/datasets/finance-vix
2005-11-07,vix_close,13.1,index,github.com/datasets/finance-vix
2005-11-08,vix_close,13.08,index,github.com/datasets/finance-vix
2005-11-09,vix_close,12.8,index,github.com/datasets/finance-vix
2005-11-10,vix_close,11.9,index,github.com/datasets/finance-vix
2005-11-11,vix_close,11.63,index,github.com/datasets/finance-vix
2005-11-14,vix_close,12.18,index,github.com/datasets/finance-vix
2005-11-15,vix_close,12.23,index,github.com/datasets/finance-vix
2005-11-16,vix_close,12.26,index,github.com/datasets/finance-vix
2005-11-17,vix_close,11.25,index,github.com/datasets/finance-vix
2005-11-18,vix_close,11.12,index,github.com/datasets/finance-vix
2005-11-21,vix_close,10.82,index,github.com/datasets/finance-vix
2005-11-22,vix_close,10.6,index,github.com/datasets/finance-vix
2005-11-23,vix_close,10.96,index,github.com/datasets/finance-vix
2005-11-25,vix_close,10.88,index,github.com/datasets/finance-vix
2005-11-28,vix_close,11.84,index,github.com/datasets/finance-vix
2005-11-29,vix_close,11.89,index,github.com/datasets/finance-vix
2005-11-30,vix_close,12.06,index,github.com/datasets/finance-vix
2005-12-01,vix_close,11.24,index,github.com/datasets/finance-vix
2005-12-02,vix_close,11.01,index,github.com/datasets/finance-vix
2005-12-05,vix_close,11.6,index,github.com/datasets/finance-vix
2005-12-06,vix_close,11.52,index,github.com/datasets/finance-vix
2005-12-07,vix_close,12.18,index,github.com/datasets/finance-vix
2005-12-08,vix_close,12.21,index,github.com/datasets/finance-vix
2005-12-09,vix_close,11.69,index,github.com/datasets/finance-vix
2005-12-12,vix_close,11.47,index,github.com/datasets/finance-vix
2005-12-13,vix_close,11.11,index,github.com/datasets/finance-vix
2005-12-14,vix_close,10.48,index,github.com/datasets/finance-vix
2005-12-15,vix_close,10.73,index,github.com/datasets/finance-vix
2005-12-16,vix_close,10.68,index,github.com/datasets/finance-vix
2005-12-19,vix_close,11.38,index,github.com/datasets/finance-vix
2005-12-20,vix_close,11.19,index,github.com/datasets/finance-vix
2005-12-21,vix_close,10.81,index,github.com/datasets/finance-vix
2005-12-22,vix_close,10.29,index,github.com/datasets/finance-vix
2005-12-23,vix_close,10.27,index,github.com/datasets/finance-vix
2005-12-27,vix_close,11.57,index,github.com/datasets/finance-vix
2005-12-28,vix_close,11.35,index,github.com/datasets/finance-vix
2005-12-29,vix_close,11.61,index,github.com/datasets/finance-vix
2005-12-30,vix_close,12.07,index,github.com/datasets/finance-vix
2006-01-03,vix_close,11.14,index,github.com/datasets/finance-vix
2006-01-04,vix_close,11.37,index,github.com/datasets/finance-vix
2006-01-05,vix_close,11.31,index,github.com/datasets/finance-vix
2006-01-06,vix_close,11.0,index,github.com/datasets/finance-vix
2006-01-09,vix_close,11.13,index,github.com/datasets/finance-vix
2006-01-10,vix_close,10.86,index,github.com/datasets/finance-vix
2006-01-11,vix_close,10.94,index,github.com/datasets/finance-vix
2006-01-12,vix_close,11.2,index,github.com/datasets/finance-vix
2006-01-13,vix_close,11.23,index,github.com/datasets/finance-vix
2006-01-17,vix_close,11.91,index,github.com/datasets/finance-vix
2006-01-18,vix_close,12.25,index,github.com/datasets/finance-vix
2006-01-19,vix_close,11.98,index,github.com/datasets/finance-vix
2006-01-20,vix_close,14.56,index,github.com/datasets/finance-vix
2006-01-23,vix_close,13.93,index,github.com/datasets/finance-vix
2006-01-24,vix_close,13.31,index,github.com/datasets/finance-vix
2006-01-25,vix_close,12.87,index,github.com/datasets/finance-vix
2006-01-26,vix_close,12.42,index,github.com/datasets/finance-vix
2006-01-27,vix_close,11.97,index,github.com/datasets/finance-vix
2006-01-30,vix_close,12.39,index,github.com/datasets/finance-vix
2006-01-31,vix_close,12.95,index,github.com/datasets/finance-vix
2006-02-01,vix_close,12.36,index,github.com/datasets/finance-vix
2006-02-02,vix_close,13.23,index,github.com/datasets/finance-vix
2006-02-03,vix_close,12.96,index,github.com/datasets/finance-vix
2006-02-06,vix_close,13.04,index,github.com/datasets/finance-vix
2006-02-07,vix_close,13.59,index,github.com/datasets/finance-vix
2006-02-08,vix_close,12.83,index,github.com/datasets/finance-vix
2006-02-09,vix_close,13.12,index,github.com/datasets/finance-vix
2006-02-10,vix_close,12.87,index,github.com/datasets/finance-vix
2006-02-13,vix_close,13.35,index,github.com/datasets/finance-vix
2006-02-14,vix_close,12.25,index,github.com/datasets/finance-vix
2006-02-15,vix_close,12.31,index,github.com/datasets/finance-vix
2006-02-16,vix_close,11.48,index,github.com/datasets/finance-vix
2006-02-17,vix_close,12.01,index,github.com/datasets/finance-vix
2006-02-21,vix_close,12.41,index,github.com/datasets/finance-vix
2006-02-22,vix_close,11.88,index,github.com/datasets/finance-vix
2006-02-23,vix_close,11.87,index,github.com/datasets/finance-vix
2006-02-24,vix_close,11.46,index,github.com/datasets/finance-vix
2006-02-27,vix_close,11.59,index,github.com/datasets/finance-vix
2006-02-28,vix_close,12.34,index,github.com/datasets/finance-vix
2006-03-01,vix_close,11.54,index,github.com/datasets/finance-vix
2006-03-02,vix_close,11.72,index,github.com/datasets/finance-vix
2006-03-03,vix_close,11.96,index,github.com/datasets/finance-vix
2006-03-06,vix_close,12.74,index,github.com/datasets/finance-vix
2006-03-07,vix_close,12.66,index,github.com/datasets/finance-vix
2006-03-08,vix_close,12.32,index,github.com/datasets/finance-vix
2006-03-09,vix_close,12.68,index,github.com/datasets/finance-vix
2006-03-10,vix_close,11.85,index,github.com/datasets/finance-vix
2006-03-13,vix_close,11.37,index,github.com/datasets/finance-vix
2006-03-14,vix_close,10.74,index,github.com/datasets/finance-vix
2006-03-15,vix_close,11.35,index,github.com/datasets/finance-vix
2006-03-16,vix_close,11.98,index,github.com/datasets/finance-vix
2006-03-17,vix_close,12.12,index,github.com/datasets/finance-vix
2006-03-20,vix_close,11.79,index,github.com/datasets/finance-vix
2006-03-21,vix_close,11.62,index,github.com/datasets/finance-vix
2006-03-22,vix_close,11.21,index,github.com/datasets/finance-vix
2006-03-23,vix_close,11.17,index,github.com/datasets/finance-vix
2006-03-24,vix_close,11.19,index,github.com/datasets/finance-vix
2006-03-27,vix_close,11.46,index,github.com/datasets/finance-vix
2006-03-28,vix_close,11.58,index,github.com/datasets/finance-vix
2006-03-29,vix_close,10.95,index,github.com/datasets/finance-vix
2006-03-30,vix_close,11.57,index,github.com/datasets/finance-vix
2006-03-31,vix_close,11.39,index,github.com/datasets/finance-vix
2006-04-03,vix_close,11.57,index,github.com/datasets/finance-vix
2006-04-04,vix_close,11.14,index,github.com/datasets/finance-vix
2006-04-05,vix_close,11.13,index,github.com/datasets/finance-vix
2006-04-06,vix_close,11.45,index,github.com/datasets/finance-vix
2006-04-07,vix_close,12.26,index,github.com/datasets/finance-vix
2006-04-10,vix_close,12.19,index,github.com/datasets/finance-vix
2006-04-11,vix_close,13.0,index,github.com/datasets/finance-vix
2006-04-12,vix_close,12.76,index,github.com/datasets/finance-vix
2006-04-13,vix_close,12.38,index,github.com/datasets/finance-vix
2006-04-17,vix_close,12.58,index,github.com/datasets/finance-vix
2006-04-18,vix_close,11.4,index,github.com/datasets/finance-vix
2006-04-19,vix_close,11.32,index,github.com/datasets/finance-vix
2006-04-20,vix_close,11.64,index,github.com/datasets/finance-vix
2006-04-21,vix_close,11.59,index,github.com/datasets/finance-vix
2006-04-24,vix_close,11.75,index,github.com/datasets/finance-vix
2006-04-25,vix_close,11.75,index,github.com/datasets/finance-vix
2006-04-26,vix_close,11.76,index,github.com/datasets/finance-vix
2006-04-27,vix_close,11.84,index,github.com/datasets/finance-vix
2006-04-28,vix_close,11.59,index,github.com/datasets/finance-vix
2006-05-01,vix_close,12.54,index,github.com/datasets/finance-vix
2006-05-02,vix_close,11.99,index,github.com/datasets/finance-vix
2006-05-03,vix_close,11.99,index,github.com/datasets/finance-vix
2006-05-04,vix_close,11.86,index,github.com/datasets/finance-vix
2006-05-05,vix_close,11.62,index,github.com/datasets/finance-vix
2006-05-08,vix_close,12.0,index,github.com/datasets/finance-vix
2006-05-09,vix_close,11.99,index,github.com/datasets/finance-vix
2006-05-10,vix_close,11.78,index,github.com/datasets/finance-vix
2006-05-11,vix_close,12.49,index,github.com/datasets/finance-vix
2006-05-12,vix_close,14.19,index,github.com/datasets/finance-vix
2006-05-15,vix_close,13.57,index,github.com/datasets/finance-vix
2006-05-16,vix_close,13.35,index,github.com/datasets/finance-vix
2006-05-17,vix_close,16.26,index,github.com/datasets/finance-vix
2006-05-18,vix_close,16.99,index,github.com/datasets/finance-vix
2006-05-19,vix_close,17.18,index,github.com/datasets/finance-vix
2006-05-22,vix_close,17.72,index,github.com/datasets/finance-vix
2006-05-23,vix_close,18.26,index,github.com/datasets/finance-vix
2006-05-24,vix_close,17.36,index,github.com/datasets/finance-vix
2006-05-25,vix_close,15.5,index,github.com/datasets/finance-vix
2006-05-26,vix_close,14.26,index,github.com/datasets/finance-vix
2006-05-30,vix_close,18.66,index,github.com/datasets/finance-vix
2006-05-31,vix_close,16.44,index,github.com/datasets/finance-vix
2006-06-01,vix_close,14.52,index,github.com/datasets/finance-vix
2006-06-02,vix_close,14.32,index,github.com/datasets/finance-vix
2006-06-05,vix_close,16.65,index,github.com/datasets/finance-vix
2006-06-06,vix_close,17.34,index,github.com/datasets/finance-vix
2006-06-07,vix_close,17.8,index,github.com/datasets/finance-vix
2006-06-08,vix_close,18.35,index,github.com/datasets/finance-vix
2006-06-09,vix_close,18.12,index,github.com/datasets/finance-vix
2006-06-12,vix_close,20.96,index,github.com/datasets/finance-vix
2006-06-13,vix_close,23.81,index,github.com/datasets/finance-vix
2006-06-14,vix_close,21.46,index,github.com/datasets/finance-vix
2006-06-15,vix_close,15.9,index,github.com/datasets/finance-vix
2006-06-16,vix_close,17.25,index,github.com/datasets/finance-vix
2006-06-19,vix_close,17.83,index,github.com/datasets/finance-vix
2006-06-20,vix_close,16.69,index,github.com/datasets/finance-vix
2006-06-21,vix_close,15.52,index,github.com/datasets/finance-vix
2006-06-22,vix_close,15.88,index,github.com/datasets/finance-vix
2006-06-23,vix_close,15.89,index,github.com/datasets/finance-vix
2006-06-26,vix_close,15.62,index,github.com/datasets/finance-vix
2006-06-27,vix_close,16.4,index,github.com/datasets/finance-vix
2006-06-28,vix_close,15.79,index,github.com/datasets/finance-vix
2006-06-29,vix_close,13.03,index,github.com/datasets/finance-vix
2006-06-30,vix_close,13.08,index,github.com/datasets/finance-vix
2006-07-03,vix_close,13.05,index,github.com/datasets/finance-vix
2006-07-05,vix_close,14.15,index,github.com/datasets/finance-vix
2006-07-06,vix_close,13.65,index,github.com/datasets/finance-vix
2006-07-07,vix_close,13.97,index,github.com/datasets/finance-vix
2006-07-10,vix_close,14.02,index,github.com/datasets/finance-vix
2006-07-11,vix_close,13.14,index,github.com/datasets/finance-vix
2006-07-12,vix_close,14.49,index,github.com/datasets/finance-vix
2006-07-13,vix_close,17.79,index,github.com/datasets/finance-vix
2006-07-14,vix_close,18.05,index,github.com/datasets/finance-vix
2006-07-17,vix_close,18.64,index,github.com/datasets/finance-vix
2006-07-18,vix_close,17.74,index,github.com/datasets/finance-vix
2006-07-19,vix_close,15.55,index,github.com/datasets/finance-vix
2006-07-20,vix_close,16.21,index,github.com/datasets/finance-vix
2006-07-21,vix_close,17.4,index,github.com/datasets/finance-vix
2006-07-24,vix_close,14.98,index,github.com/datasets/finance-vix
2006-07-25,vix_close,14.85,index,github.com/datasets/finance-vix
2006-07-26,vix_close,14.62,index,github.com/datasets/finance-vix
2006-07-27,vix_close,14.94,index,github.com/datasets/finance-vix
2006-07-28,vix_close,14.33,index,github.com/datasets/finance-vix
2006-07-31,vix_close,14.95,index,github.com/datasets/finance-vix
2006-08-01,vix_close,15.05,index,github.com/datasets/finance-vix
2006-08-02,vix_close,14.34,index,github.com/datasets/finance-vix
2006-08-03,vix_close,14.46,index,github.com/datasets/finance-vix
2006-08-04,vix_close,14.34,index,github.com/datasets/finance-vix
2006-08-07,vix_close,15.23,index,github.com/datasets/finance-vix
2006-08-08,vix_close,15.23,index,github.com/datasets/finance-vix
2006-08-09,vix_close,15.2,index,github.com/datasets/finance-vix
2006-08-10,vix_close,14.46,index,github.com/datasets/finance-vix
2006-08-11,vix_close,14.3,index,github.com/datasets/finance-vix
2006-08-14,vix_close,14.26,index,github.com/datasets/finance-vix
2006-08-15,vix_close,13.42,index,github.com/datasets/finance-vix
2006-08-16,vix_close,12.41,index,github.com/datasets/finance-vix
2006-08-17,vix_close,12.24,index,github.com/datasets/finance-vix
2006-08-18,vix_close,11.64,index,github.com/datasets/finance-vix
2006-08-21,vix_close,12.22,index,github.com/datasets/finance-vix
2006-08-22,vix_close,12.19,index,github.com/datasets/finance-vix
2006-08-23,vix_close,12.4,index,github.com/datasets/finance-vix
2006-08-24,vix_close,12.4,index,github.com/datasets/finance-vix
2006-08-25,vix_close,12.31,index,github.com/datasets/finance-vix
2006-08-28,vix_close,12.18,index,github.com/datasets/finance-vix
2006-08-29,vix_close,12.28,index,github.com/datasets/finance-vix
2006-08-30,vix_close,12.22,index,github.com/datasets/finance-vix
2006-08-31,vix_close,12.31,index,github.com/datasets/finance-vix
2006-09-01,vix_close,11.96,index,github.com/datasets/finance-vix
2006-09-05,vix_close,12.63,index,github.com/datasets/finance-vix
2006-09-06,vix_close,13.74,index,github.com/datasets/finance-vix
2006-09-07,vix_close,13.88,index,github.com/datasets/finance-vix
2006-09-08,vix_close,13.16,index,github.com/datasets/finance-vix
2006-09-11,vix_close,12.99,index,github.com/datasets/finance-vix
2006-09-12,vix_close,11.92,index,github.com/datasets/finance-vix
2006-09-13,vix_close,11.18,index,github.com/datasets/finance-vix
2006-09-14,vix_close,11.55,index,github.com/datasets/finance-vix
2006-09-15,vix_close,11.76,index,github.com/datasets/finance-vix
2006-09-18,vix_close,11.78,index,github.com/datasets/finance-vix
2006-09-19,vix_close,11.98,index,github.com/datasets/finance-vix
2006-09-20,vix_close,11.39,index,github.com/datasets/finance-vix
2006-09-21,vix_close,12.25,index,github.com/datasets/finance-vix
2006-09-22,vix_close,12.59,index,github.com/datasets/finance-vix
2006-09-25,vix_close,12.12,index,github.com/datasets/finance-vix
2006-09-26,vix_close,11.53,index,github.com/datasets/finance-vix
2006-09-27,vix_close,11.58,index,github.com/datasets/finance-vix
2006-09-28,vix_close,11.72,index,github.com/datasets/finance-vix
2006-09-29,vix_close,11.98,index,github.com/datasets/finance-vix
2006-10-02,vix_close,12.57,index,github.com/datasets/finance-vix
2006-10-03,vix_close,12.24,index,github.com/datasets/finance-vix
2006-10-04,vix_close,11.86,index,github.com/datasets/finance-vix
2006-10-05,vix_close,11.98,index,github.com/datasets/finance-vix
2006-10-06,vix_close,11.56,index,github.com/datasets/finance-vix
2006-10-09,vix_close,11.68,index,github.com/datasets/finance-vix
2006-10-10,vix_close,11.52,index,github.com/datasets/finance-vix
2006-10-11,vix_close,11.62,index,github.com/datasets/finance-vix
2006-10-12,vix_close,11.09,index,github.com/datasets/finance-vix
2006-10-13,vix_close,10.75,index,github.com/datasets/finance-vix
2006-10-16,vix_close,11.09,index,github.com/datasets/finance-vix
2006-10-17,vix_close,11.73,index,github.com/datasets/finance-vix
2006-10-18,vix_close,11.34,index,github.com/datasets/finance-vix
2006-10-19,vix_close,10.9,index,github.com/datasets/finance-vix
2006-10-20,vix_close,10.63,index,github.com/datasets/finance-vix
2006-10-23,vix_close,11.08,index,github.com/datasets/finance-vix
2006-10-24,vix_close,10.78,index,github.com/datasets/finance-vix
2006-10-25,vix_close,10.66,index,github.com/datasets/finance-vix
2006-10-26,vix_close,10.56,index,github.com/datasets/finance-vix
2006-10-27,vix_close,10.8,index,github.com/datasets/finance-vix
2006-10-30,vix_close,11.2,index,github.com/datasets/finance-vix
2006-10-31,vix_close,11.1,index,github.com/datasets/finance-vix
2006-11-01,vix_close,11.51,index,github.com/datasets/finance-vix
2006-11-02,vix_close,11.42,index,github.com/datasets/finance-vix
2006-11-03,vix_close,11.16,index,github.com/datasets/finance-vix
2006-11-06,vix_close,11.16,index,github.com/datasets/finance-vix
2006-11-07,vix_close,11.09,index,github.com/datasets/finance-vix
2006-11-08,vix_close,10.75,index,github.com/datasets/finance-vix
2006-11-09,vix_close,11.01,index,github.com/datasets/finance-vix
2006-11-10,vix_close,10.79,index,github.com/datasets/finance-vix
2006-11-13,vix_close,10.86,index,github.com/datasets/finance-vix
2006-11-14,vix_close,10.5,index,github.com/datasets/finance-vix
2006-11-15,vix_close,10.31,index,github.com/datasets/finance-vix
2006-11-16,vix_close,10.16,index,github.com/datasets/finance-vix
2006-11-17,vix_close,10.05,index,github.com/datasets/finance-vix
2006-11-20,vix_close,9.97,index,github.com/datasets/finance-vix
2006-11-21,vix_close,9.9,index,github.com/datasets/finance-vix
2006-11-22,vix_close,10.14,index,github.com/datasets/finance-vix
2006-11-24,vix_close,10.73,index,github.com/datasets/finance-vix
2006-11-27,vix_close,12.3,index,github.com/datasets/finance-vix
2006-11-28,vix_close,11.62,index,github.com/datasets/finance-vix
2006-11-29,vix_close,10.83,index,github.com/datasets/finance-vix
2006-11-30,vix_close,10.91,index,github.com/datasets/finance-vix
2006-12-01,vix_close,11.66,index,github.com/datasets/finance-vix
2006-12-04,vix_close,11.23,index,github.com/datasets/finance-vix
2006-12-05,vix_close,11.27,index,github.com/datasets/finance-vix
2006-12-06,vix_close,11.33,index,github.com/datasets/finance-vix
2006-12-07,vix_close,12.67,index,github.com/datasets/finance-vix
2006-12-08,vix_close,12.07,index,github.com/datasets/finance-vix
2006-12-11,vix_close,10.71,index,github.com/datasets/finance-vix
2006-12-12,vix_close,10.65,index,github.com/datasets/finance-vix
2006-12-13,vix_close,10.18,index,github.com/datasets/finance-vix
2006-12-14,vix_close,9.97,index,github.com/datasets/finance-vix
2006-12-15,vix_close,10.05,index,github.com/datasets/finance-vix
2006-12-18,vix_close,10.6,index,github.com/datasets/finance-vix
2006-12-19,vix_close,10.3,index,github.com/datasets/finance-vix
2006-12-20,vix_close,10.26,index,github.com/datasets/finance-vix
2006-12-21,vix_close,10.53,index,github.com/datasets/finance-vix
2006-12-22,vix_close,11.36,index,github.com/datasets/finance-vix
2006-12-26,vix_close,11.26,index,github.com/datasets/finance-vix
2006-12-27,vix_close,10.64,index,github.com/datasets/finance-vix
2006-12-28,vix_close,10.99,index,github.com/datasets/finance-vix
2006-12-29,vix_close,11.56,index,github.com/datasets/finance-vix
2007-01-03,vix_close,12.04,index,github.com/datasets/finance-vix
2007-01-04,vix_close,11.51,index,github.com/datasets/finance-vix
2007-01-05,vix_close,12.14,index,github.com/datasets/finance-vix
2007-01-08,vix_close,12.0,index,github.com/datasets/finance-vix
2007-01-09,vix_close,11.91,index,github.com/datasets/finance-vix
2007-01-10,vix_close,11.47,index,github.com/datasets/finance-vix
2007-01-11,vix_close,10.87,index,github.com/datasets/finance-vix
2007-01-12,vix_close,10.15,index,github.com/datasets/finance-vix
2007-01-16,vix_close,10.74,index,github.com/datasets/finance-vix
2007-01-17,vix_close,10.59,index,github.com/datasets/finance-vix
2007-01-18,vix_close,10.85,index,github.com/datasets/finance-vix
2007-01-19,vix_close,10.4,index,github.com/datasets/finance-vix
2007-01-22,vix_close,10.77,index,github.com/datasets/finance-vix
2007-01-23,vix_close,10.34,index,github.com/datasets/finance-vix
2007-01-24,vix_close,9.89,index,github.com/datasets/finance-vix
2007-01-25,vix_close,11.22,index,github.com/datasets/finance-vix
2007-01-26,vix_close,11.13,index,github.com/datasets/finance-vix
2007-01-29,vix_close,11.45,index,github.com/datasets/finance-vix
2007-01-30,vix_close,10.96,index,github.com/datasets/finance-vix
2007-01-31,vix_close,10.42,index,github.com/datasets/finance-vix
2007-02-01,vix_close,10.31,index,github.com/datasets/finance-vix
2007-02-02,vix_close,10.08,index,github.com/datasets/finance-vix
2007-02-05,vix_close,10.55,index,github.com/datasets/finance-vix
2007-02-06,vix_close,10.65,index,github.com/datasets/finance-vix
2007-02-07,vix_close,10.32,index,github.com/datasets/finance-vix
2007-02-08,vix_close,10.44,index,github.com/datasets/finance-vix
2007-02-09,vix_close,11.1,index,github.com/datasets/finance-vix
2007-02-12,vix_close,11.61,index,github.com/datasets/finance-vix
2007-02-13,vix_close,10.34,index,github.com/datasets/finance-vix
2007-02-14,vix_close,10.23,index,github.com/datasets/finance-vix
2007-02-15,vix_close,10.22,index,github.com/datasets/finance-vix
2007-02-16,vix_close,10.02,index,github.com/datasets/finance-vix
2007-02-20,vix_close,10.24,index,github.com/datasets/finance-vix
2007-02-21,vix_close,10.2,index,github.com/datasets/finance-vix
2007-02-22,vix_close,10.18,index,github.com/datasets/finance-vix
2007-02-23,vix_close,10.58,index,github.com/datasets/finance-vix
2007-02-26,vix_close,11.15,index,github.com/datasets/finance-vix
2007-02-27,vix_close,18.31,index,github.com/datasets/finance-vix
2007-02-28,vix_close,15.42,index,github.com/datasets/finance-vix
2007-03-01,vix_close,15.82,index,github.com/datasets/finance-vix
2007-03-02,vix_close,18.61,index,github.com/datasets/finance-vix
2007-03-05,vix_close,19.63,index,github.com/datasets/finance-vix
2007-03-06,vix_close,15.96,index,github.com/datasets/finance-vix
2007-03-07,vix_close,15.24,index,github.com/datasets/finance-vix
2007-03-08,vix_close,14.29,index,github.com/datasets/finance-vix
2007-03-09,vix_close,14.09,index,github.com/datasets/finance-vix
2007-03-12,vix_close,13.99,index,github.com/datasets/finance-vix
2007-03-13,vix_close,18.13,index,github.com/datasets/finance-vix
2007-03-14,vix_close,17.27,index,github.com/datasets/finance-vix
2007-03-15,vix_close,16.43,index,github.com/datasets/finance-vix
2007-03-16,vix_close,16.79,index,github.com/datasets/finance-vix
2007-03-19,vix_close,14.59,index,github.com/datasets/finance-vix
2007-03-20,vix_close,13.27,index,github.com/datasets/finance-vix
2007-03-21,vix_close,12.19,index,github.com/datasets/finance-vix
2007-03-22,vix_close,12.93,index,github.com/datasets/finance-vix
2007-03-23,vix_close,12.95,index,github.com/datasets/finance-vix
2007-03-26,vix_close,13.16,index,github.com/datasets/finance-vix
2007-03-27,vix_close,13.48,index,github.com/datasets/finance-vix
2007-03-28,vix_close,14.98,index,github.com/datasets/finance-vix
2007-03-29,vix_close,15.14,index,github.com/datasets/finance-vix
2007-03-30,vix_close,14.64,index,github.com/datasets/finance-vix
2007-04-02,vix_close,14.53,index,github.com/datasets/finance-vix
2007-04-03,vix_close,13.46,index,github.com/datasets/finance-vix
2007-04-04,vix_close,13.24,index,github.com/datasets/finance-vix
2007-04-05,vix_close,13.23,index,github.com/datasets/finance-vix
2007-04-09,vix_close,13.14,index,github.com/datasets/finance-vix
2007-04-10,vix_close,12.68,index,github.com/datasets/finance-vix
2007-04-11,vix_close,13.49,index,github.com/datasets/finance-vix
2007-04-12,vix_close,12.71,index,github.com/datasets/finance-vix
2007-04-13,vix_close,12.2,index,github.com/datasets/finance-vix
2007-04-16,vix_close,11.98,index,github.com/datasets/finance-vix
2007-04-17,vix_close,12.14,index,github.com/datasets/finance-vix
2007-04-18,vix_close,12.42,index,github.com/datasets/finance-vix
2007-04-19,vix_close,12.54,index,github.com/datasets/finance-vix
2007-04-20,vix_close,12.07,index,github.com/datasets/finance-vix
2007-04-23,vix_close,13.04,index,github.com/datasets/finance-vix
2007-04-24,vix_close,13.12,index,github.com/datasets/finance-vix
2007-04-25,vix_close,13.21,index,github.com/datasets/finance-vix
2007-04-26,vix_close,12.79,index,github.com/datasets/finance-vix
2007-04-27,vix_close,12.45,index,github.com/datasets/finance-vix
2007-04-30,vix_close,14.22,index,github.com/datasets/finance-vix
2007-05-01,vix_close,13.51,index,github.com/datasets/finance-vix
2007-05-02,vix_close,13.08,index,github.com/datasets/finance-vix
2007-05-03,vix_close,13.09,index,github.com/datasets/finance-vix
2007-05-04,vix_close,12.91,index,github.com/datasets/finance-vix
2007-05-07,vix_close,13.15,index,github.com/datasets/finance-vix
2007-05-08,vix_close,13.21,index,github.com/datasets/finance-vix
2007-05-09,vix_close,12.88,index,github.com/datasets/finance-vix
2007-05-10,vix_close,13.6,index,github.com/datasets/finance-vix
2007-05-11,vix_close,12.95,index,github.com/datasets/finance-vix
2007-05-14,vix_close,13.96,index,github.com/datasets/finance-vix
2007-05-15,vix_close,14.01,index,github.com/datasets/finance-vix
2007-05-16,vix_close,13.5,index,github.com/datasets/finance-vix
2007-05-17,vix_close,13.51,index,github.com/datasets/finance-vix
2007-05-18,vix_close,12.76,index,github.com/datasets/finance-vix
2007-05-21,vix_close,13.3,index,github.com/datasets/finance-vix
2007-05-22,vix_close,13.06,index,github.com/datasets/finance-vix
2007-05-23,vix_close,13.24,index,github.com/datasets/finance-vix
2007-05-24,vix_close,14.08,index,github.com/datasets/finance-vix
2007-05-25,vix_close,13.34,index,github.com/datasets/finance-vix
2007-05-29,vix_close,13.53,index,github.com/datasets/finance-vix
2007-05-30,vix_close,12.83,index,github.com/datasets/finance-vix
2007-05-31,vix_close,13.05,index,github.com/datasets/finance-vix
2007-06-01,vix_close,12.78,index,github.com/datasets/finance-vix
2007-06-04,vix_close,13.29,index,github.com/datasets/finance-vix
2007-06-05,vix_close,13.63,index,github.com/datasets/finance-vix
2007-06-06,vix_close,14.87,index,github.com/datasets/finance-vix
2007-06-07,vix_close,17.06,index,github.com/datasets/finance-vix
2007-06-08,vix_close,14.84,index,github.com/datasets/finance-vix
2007-06-11,vix_close,14.71,index,github.com/datasets/finance-vix
2007-06-12,vix_close,16.67,index,github.com/datasets/finance-vix
2007-06-13,vix_close,14.73,index,github.com/datasets/finance-vix
2007-06-14,vix_close,13.64,index,github.com/datasets/finance-vix
2007-06-15,vix_close,13.94,index,github.com/datasets/finance-vix
2007-06-18,vix_close,13.42,index,github.com/datasets/finance-vix
2007-06-19,vix_close,12.85,index,github.com/datasets/finance-vix
2007-06-20,vix_close,14.67,index,github.com/datasets/finance-vix
2007-06-21,vix_close,14.21,index,github.com/datasets/finance-vix
2007-06-22,vix_close,15.75,index,github.com/datasets/finance-vix
2007-06-25,vix_close,16.65,index,github.com/datasets/finance-vix
2007-06-26,vix_close,18.89,index,github.com/datasets/finance-vix
2007-06-27,vix_close,15.53,index,github.com/datasets/finance-vix
2007-06-28,vix_close,15.54,index,github.com/datasets/finance-vix
2007-06-29,vix_close,16.23,index,github.com/datasets/finance-vix
2007-07-02,vix_close,15.4,index,github.com/datasets/finance-vix
2007-07-03,vix_close,14.92,index,github.com/datasets/finance-vix
2007-07-05,vix_close,15.48,index,github.com/datasets/finance-vix
2007-07-06,vix_close,14.72,index,github.com/datasets/finance-vix
2007-07-09,vix_close,15.16,index,github.com/datasets/finance-vix
2007-07-10,vix_close,17.57,index,github.com/datasets/finance-vix
2007-07-11,vix_close,16.64,index,github.com/datasets/finance-vix
2007-07-12,vix_close,15.54,index,github.com/datasets/finance-vix
2007-07-13,vix_close,15.15,index,github.com/datasets/finance-vix
2007-07-16,vix_close,15.59,index,github.com/datasets/finance-vix
2007-07-17,vix_close,15.63,index,github.com/datasets/finance-vix
2007-07-18,vix_close,16.0,index,github.com/datasets/finance-vix
2007-07-19,vix_close,15.23,index,github.com/datasets/finance-vix
2007-07-20,vix_close,16.95,index,github.com/datasets/finance-vix
2007-07-23,vix_close,16.81,index,github.com/datasets/finance-vix
2007-07-24,vix_close,18.55,index,github.com/datasets/finance-vix
2007-07-25,vix_close,18.1,index,github.com/datasets/finance-vix
2007-07-26,vix_close,20.74,index,github.com/datasets/finance-vix
2007-07-27,vix_close,24.17,index,github.com/datasets/finance-vix
2007-07-30,vix_close,20.87,index,github.com/datasets/finance-vix
2007-07-31,vix_close,23.52,index,github.com/datasets/finance-vix
2007-08-01,vix_close,23.67,index,github.com/datasets/finance-vix
2007-08-02,vix_close,21.22,index,github.com/datasets/finance-vix
2007-08-03,vix_close,25.16,index,github.com/datasets/finance-vix
2007-08-06,vix_close,22.94,index,github.com/datasets/finance-vix
2007-08-07,vix_close,21.56,index,github.com/datasets/finance-vix
2007-08-08,vix_close,21.45,index,github.com/datasets/finance-vix
2007-08-09,vix_close,26.48,index,github.com/datasets/finance-vix
2007-08-10,vix_close,28.3,index,github.com/datasets/finance-vix
2007-08-13,vix_close,26.57,index,github.com/datasets/finance-vix
2007-08-14,vix_close,27.68,index,github.com/datasets/finance-vix
2007-08-15,vix_close,30.67,index,github.com/datasets/finance-vix
2007-08-16,vix_close,30.83,index,github.com/datasets/finance-vix
2007-08-17,vix_close,29.99,index,github.com/datasets/finance-vix
2007-08-20,vix_close,26.33,index,github.com/datasets/finance-vix
2007-08-21,vix_close,25.25,index,github.com/datasets/finance-vix
2007-08-22,vix_close,22.89,index,github.com/datasets/finance-vix
2007-08-23,vix_close,22.62,index,github.com/datasets/finance-vix
2007-08-24,vix_close,20.72,index,github.com/datasets/finance-vix
2007-08-27,vix_close,22.72,index,github.com/datasets/finance-vix
2007-08-28,vix_close,26.3,index,github.com/datasets/finance-vix
2007-08-29,vix_close,23.81,index,github.com/datasets/finance-vix
2007-08-30,vix_close,25.06,index,github.com/datasets/finance-vix
2007-08-31,vix_close,23.38,index,github.com/datasets/finance-vix
2007-09-04,vix_close,22.78,index,github.com/datasets/finance-vix
2007-09-05,vix_close,24.58,index,github.com/datasets/finance-vix
2007-09-06,vix_close,23.99,index,github.com/datasets/finance-vix
2007-09-07,vix_close,26.23,index,github.com/datasets/finance-vix
2007-09-10,vix_close,27.38,index,github.com/datasets/finance-vix
2007-09-11,vix_close,25.27,index,github.com/datasets/finance-vix
2007-09-12,vix_close,24.96,index,github.com/datasets/finance-vix
2007-09-13,vix_close,24.76,index,github.com/datasets/finance-vix
2007-09-14,vix_close,24.92,index,github.com/datasets/finance-vix
2007-09-17,vix_close,26.48,index,github.com/datasets/finance-vix
2007-09-18,vix_close,20.35,index,github.com/datasets/finance-vix
2007-09-19,vix_close,20.03,index,github.com/datasets/finance-vix
2007-09-20,vix_close,20.45,index,github.com/datasets/finance-vix
2007-09-21,vix_close,19.0,index,github.com/datasets/finance-vix
2007-09-24,vix_close,19.37,index,github.com/datasets/finance-vix
2007-09-25,vix_close,18.6,index,github.com/datasets/finance-vix
2007-09-26,vix_close,17.63,index,github.com/datasets/finance-vix
2007-09-27,vix_close,17.0,index,github.com/datasets/finance-vix
2007-09-28,vix_close,18.0,index,github.com/datasets/finance-vix
2007-10-01,vix_close,17.84,index,github.com/datasets/finance-vix
2007-10-02,vix_close,18.49,index,github.com/datasets/finance-vix
2007-10-03,vix_close,18.8,index,github.com/datasets/finance-vix
2007-10-04,vix_close,18.44,index,github.com/datasets/finance-vix
2007-10-05,vix_close,16.91,index,github.com/datasets/finance-vix
2007-10-08,vix_close,17.46,index,github.com/datasets/finance-vix
2007-10-09,vix_close,16.12,index,github.com/datasets/finance-vix
2007-10-10,vix_close,16.67,index,github.com/datasets/finance-vix
2007-10-11,vix_close,18.88,index,github.com/datasets/finance-vix
2007-10-12,vix_close,17.73,index,github.com/datasets/finance-vix
2007-10-15,vix_close,19.25,index,github.com/datasets/finance-vix
2007-10-16,vix_close,20.02,index,github.com/datasets/finance-vix
2007-10-17,vix_close,18.54,index,github.com/datasets/finance-vix
2007-10-18,vix_close,18.5,index,github.com/datasets/finance-vix
2007-10-19,vix_close,22.96,index,github.com/datasets/finance-vix
2007-10-22,vix_close,21.64,index,github.com/datasets/finance-vix
2007-10-23,vix_close,20.41,index,github.com/datasets/finance-vix
2007-10-24,vix_close,20.8,index,github.com/datasets/finance-vix
2007-10-25,vix_close,21.17,index,github.com/datasets/finance-vix
2007-10-26,vix_close,19.56,index,github.com/datasets/finance-vix
2007-10-29,vix_close,19.87,index,github.com/datasets/finance-vix
2007-10-30,vix_close,21.07,index,github.com/datasets/finance-vix
2007-10-31,vix_close,18.53,index,github.com/datasets/finance-vix
2007-11-01,vix_close,23.21,index,github.com/datasets/finance-vix
2007-11-02,vix_close,23.01,index,github.com/datasets/finance-vix
2007-11-05,vix_close,24.31,index,github.com/datasets/finance-vix
2007-11-06,vix_close,21.39,index,github.com/datasets/finance-vix
2007-11-07,vix_close,26.49,index,github.com/datasets/finance-vix
2007-11-08,vix_close,26.16,index,github.com/datasets/finance-vix
2007-11-09,vix_close,28.5,index,github.com/datasets/finance-vix
2007-11-12,vix_close,31.09,index,github.com/datasets/finance-vix
2007-11-13,vix_close,24.1,index,github.com/datasets/finance-vix
2007-11-14,vix_close,25.94,index,github.com/datasets/finance-vix
2007-11-15,vix_close,28.06,index,github.com/datasets/finance-vix
2007-11-16,vix_close,25.49,index,github.com/datasets/finance-vix
2007-11-19,vix_close,26.01,index,github.com/datasets/finance-vix
2007-11-20,vix_close,24.88,index,github.com/datasets/finance-vix
2007-11-21,vix_close,26.84,index,github.com/datasets/finance-vix
2007-11-23,vix_close,25.61,index,github.com/datasets/finance-vix
2007-11-26,vix_close,28.91,index,github.com/datasets/finance-vix
2007-11-27,vix_close,26.28,index,github.com/datasets/finance-vix
2007-11-28,vix_close,24.11,index,github.com/datasets/finance-vix
2007-11-29,vix_close,23.97,index,github.com/datasets/finance-vix
2007-11-30,vix_close,22.87,index,github.com/datasets/finance-vix
2007-12-03,vix_close,23.61,index,github.com/datasets/finance-vix
2007-12-04,vix_close,23.79,index,github.com/datasets/finance-vix
2007-12-05,vix_close,22.53,index,github.com/datasets/finance-vix
2007-12-06,vix_close,20.96,index,github.com/datasets/finance-vix
2007-12-07,vix_close,20.85,index,github.com/datasets/finance-vix
2007-12-10,vix_close,20.74,index,github.com/datasets/finance-vix
2007-12-11,vix_close,23.59,index,github.com/datasets/finance-vix
2007-12-12,vix_close,22.47,index,github.com/datasets/finance-vix
2007-12-13,vix_close,22.56,index,github.com/datasets/finance-vix
2007-12-14,vix_close,23.27,index,github.com/datasets/finance-vix
2007-12-17,vix_close,24.52,index,github.com/datasets/finance-vix
2007-12-18,vix_close,22.64,index,github.com/datasets/finance-vix
2007-12-19,vix_close,21.68,index,github.com/datasets/finance-vix
2007-12-20,vix_close,20.58,index,github.com/datasets/finance-vix
2007-12-21,vix_close,18.47,index,github.com/datasets/finance-vix
2007-12-24,vix_close,18.6,index,github.com/datasets/finance-vix
2007-12-26,vix_close,18.66,index,github.com/datasets/finance-vix
2007-12-27,vix_close,20.26,index,github.com/datasets/finance-vix
2007-12-28,vix_close,20.74,index,github.com/datasets/finance-vix
2007-12-31,vix_close,22.5,index,github.com/datasets/finance-vix
2008-01-02,vix_close,23.17,index,github.com/datasets/finance-vix
2008-01-03,vix_close,22.49,index,github.com/datasets/finance-vix
2008-01-04,vix_close,23.94,index,github.com/datasets/finance-vix
2008-01-07,vix_close,23.79,index,github.com/datasets/finance-vix
2008-01-08,vix_close,25.43,index,github.com/datasets/finance-vix
2008-01-09,vix_close,24.12,index,github.com/datasets/finance-vix
2008-01-10,vix_close,23.45,index,github.com/datasets/finance-vix
2008-01-11,vix_close,23.68,index,github.com/datasets/finance-vix
2008-01-14,vix_close,22.9,index,github.com/datasets/finance-vix
2008-01-15,vix_close,23.34,index,github.com/datasets/finance-vix
2008-01-16,vix_close,24.38,index,github.com/datasets/finance-vix
2008-01-17,vix_close,28.46,index,github.com/datasets/finance-vix
2008-01-18,vix_close,27.18,index,github.com/datasets/finance-vix
2008-01-22,vix_close,31.01,index,github.com/datasets/finance-vix
2008-01-23,vix_close,29.02,index,github.com/datasets/finance-vix
2008-01-24,vix_close,27.78,index,github.com/datasets/finance-vix
2008-01-25,vix_close,29.08,index,github.com/datasets/finance-vix
2008-01-28,vix_close,27.78,index,github.com/datasets/finance-vix
2008-01-29,vix_close,27.32,index,github.com/datasets/finance-vix
2008-01-30,vix_close,27.62,index,github.com/datasets/finance-vix
2008-01-31,vix_close,26.2,index,github.com/datasets/finance-vix
2008-02-01,vix_close,24.02,index,github.com/datasets/finance-vix
2008-02-04,vix_close,25.99,index,github.com/datasets/finance-vix
2008-02-05,vix_close,28.24,index,github.com/datasets/finance-vix
2008-02-06,vix_close,28.97,index,github.com/datasets/finance-vix
2008-02-07,vix_close,27.66,index,github.com/datasets/finance-vix
2008-02-08,vix_close,28.01,index,github.com/datasets/finance-vix
2008-02-11,vix_close,27.6,index,github.com/datasets/finance-vix
2008-02-12,vix_close,26.33,index,github.com/datasets/finance-vix
2008-02-13,vix_close,24.88,index,github.com/datasets/finance-vix
2008-02-14,vix_close,25.54,index,github.com/datasets/finance-vix
2008-02-15,vix_close,25.02,index,github.com/datasets/finance-vix
2008-02-19,vix_close,25.59,index,github.com/datasets/finance-vix
2008-02-20,vix_close,24.4,index,github.com/datasets/finance-vix
2008-02-21,vix_close,25.12,index,github.com/datasets/finance-vix
2008-02-22,vix_close,24.06,index,github.com/datasets/finance-vix
2008-02-25,vix_close,23.03,index,github.com/datasets/finance-vix
2008-02-26,vix_close,21.9,index,github.com/datasets/finance-vix
2008-02-27,vix_close,22.69,index,github.com/datasets/finance-vix
2008-02-28,vix_close,23.53,index,github.com/datasets/finance-vix
2008-02-29,vix_close,26.54,index,github.com/datasets/finance-vix
2008-03-03,vix_close,26.28,index,github.com/datasets/finance-vix
2008-03-04,vix_close,25.52,index,github.com/datasets/finance-vix
2008-03-05,vix_close,24.6,index,github.com/datasets/finance-vix
2008-03-06,vix_close,27.55,index,github.com/datasets/finance-vix
2008-03-07,vix_close,27.49,index,github.com/datasets/finance-vix
2008-03-10,vix_close,29.38,index,github.com/datasets/finance-vix
2008-03-11,vix_close,26.36,index,github.com/datasets/finance-vix
2008-03-12,vix_close,27.22,index,github.com/datasets/finance-vix
2008-03-13,vix_close,27.29,index,github.com/datasets/finance-vix
2008-03-14,vix_close,31.16,index,github.com/datasets/finance-vix
2008-03-17,vix_close,32.24,index,github.com/datasets/finance-vix
2008-03-18,vix_close,25.79,index,github.com/datasets/finance-vix
2008-03-19,vix_close,29.84,index,github.com/datasets/finance-vix
2008-03-20,vix_close,26.62,index,github.com/datasets/finance-vix
2008-03-24,vix_close,25.73,index,github.com/datasets/finance-vix
2008-03-25,vix_close,25.72,index,github.com/datasets/finance-vix
2008-03-26,vix_close,26.08,index,github.com/datasets/finance-vix
2008-03-27,vix_close,25.88,index,github.com/datasets/finance-vix
2008-03-28,vix_close,25.71,index,github.com/datasets/finance-vix
2008-03-31,vix_close,25.61,index,github.com/datasets/finance-vix
2008-04-01,vix_close,22.68,index,github.com/datasets/finance-vix
2008-04-02,vix_close,23.43,index,github.com/datasets/finance-vix
2008-04-03,vix_close,23.21,index,github.com/datasets/finance-vix
2008-04-04,vix_close,22.45,index,github.com/datasets/finance-vix
2008-04-07,vix_close,22.42,index,github.com/datasets/finance-vix
2008-04-08,vix_close,22.36,index,github.com/datasets/finance-vix
2008-04-09,vix_close,22.81,index,github.com/datasets/finance-vix
2008-04-10,vix_close,21.98,index,github.com/datasets/finance-vix
2008-04-11,vix_close,23.46,index,github.com/datasets/finance-vix
2008-04-14,vix_close,23.82,index,github.com/datasets/finance-vix
2008-04-15,vix_close,22.78,index,github.com/datasets/finance-vix
2008-04-16,vix_close,20.53,index,github.com/datasets/finance-vix
2008-04-17,vix_close,20.37,index,github.com/datasets/finance-vix
2008-04-18,vix_close,20.13,index,github.com/datasets/finance-vix
2008-04-21,vix_close,20.5,index,github.com/datasets/finance-vix
2008-04-22,vix_close,20.87,index,github.com/datasets/finance-vix
2008-04-23,vix_close,20.26,index,github.com/datasets/finance-vix
2008-04-24,vix_close,20.06,index,github.com/datasets/finance-vix
2008-04-25,vix_close,19.59,index,github.com/datasets/finance-vix
2008-04-28,vix_close,19.64,index,github.com/datasets/finance-vix
2008-04-29,vix_close,20.24,index,github.com/datasets/finance-vix
2008-04-30,vix_close,20.79,index,github.com/datasets/finance-vix
2008-05-01,vix_close,18.88,index,github.com/datasets/finance-vix
2008-05-02,vix_close,18.18,index,github.com/datasets/finance-vix
2008-05-05,vix_close,18.9,index,github.com/datasets/finance-vix
2008-05-06,vix_close,18.21,index,github.com/datasets/finance-vix
2008-05-07,vix_close,19.73,index,github.com/datasets/finance-vix
2008-05-08,vix_close,19.4,index,github.com/datasets/finance-vix
2008-05-09,vix_close,19.41,index,github.com/datasets/finance-vix
2008-05-12,vix_close,17.79,index,github.com/datasets/finance-vix
2008-05-13,vix_close,17.98,index,github.com/datasets/finance-vix
2008-05-14,vix_close,17.66,index,github.com/datasets/finance-vix
2008-05-15,vix_close,16.3,index,github.com/datasets/finance-vix
2008-05-16,vix_close,16.47,index,github.com/datasets/finance-vix
2008-05-19,vix_close,17.01,index,github.com/datasets/finance-vix
2008-05-20,vix_close,17.58,index,github.com/datasets/finance-vix
2008-05-21,vix_close,18.59,index,github.com/datasets/finance-vix
2008-05-22,vix_close,18.05,index,github.com/datasets/finance-vix
2008-05-23,vix_close,19.55,index,github.com/datasets/finance-vix
2008-05-27,vix_close,19.64,index,github.com/datasets/finance-vix
2008-05-28,vix_close,19.07,index,github.com/datasets/finance-vix
2008-05-29,vix_close,18.14,index,github.com/datasets/finance-vix
2008-05-30,vix_close,17.83,index,github.com/datasets/finance-vix
2008-06-02,vix_close,19.83,index,github.com/datasets/finance-vix
2008-06-03,vix_close,20.24,index,github.com/datasets/finance-vix
2008-06-04,vix_close,20.8,index,github.com/datasets/finance-vix
2008-06-05,vix_close,18.63,index,github.com/datasets/finance-vix
2008-06-06,vix_close,23.56,index,github.com/datasets/finance-vix
2008-06-09,vix_close,23.12,index,github.com/datasets/finance-vix
2008-06-10,vix_close,23.18,index,github.com/datasets/finance-vix
2008-06-11,vix_close,24.12,index,github.com/datasets/finance-vix
2008-06-12,vix_close,23.33,index,github.com/datasets/finance-vix
2008-06-13,vix_close,21.22,index,github.com/datasets/finance-vix
2008-06-16,vix_close,20.95,index,github.com/datasets/finance-vix
2008-06-17,vix_close,21.13,index,github.com/datasets/finance-vix
2008-06-18,vix_close,22.24,index,github.com/datasets/finance-vix
2008-06-19,vix_close,21.58,index,github.com/datasets/finance-vix
2008-06-20,vix_close,22.87,index,github.com/datasets/finance-vix
2008-06-23,vix_close,22.64,index,github.com/datasets/finance-vix
2008-06-24,vix_close,22.42,index,github.com/datasets/finance-vix
2008-06-25,vix_close,21.14,index,github.com/datasets/finance-vix
2008-06-26,vix_close,23.93,index,github.com/datasets/finance-vix
2008-06-27,vix_close,23.44,index,github.com/datasets/finance-vix
2008-06-30,vix_close,23.95,index,github.com/datasets/finance-vix
2008-07-01,vix_close,23.65,index,github.com/datasets/finance-vix
2008-07-02,vix_close,25.92,index,github.com/datasets/finance-vix
2008-07-03,vix_close,24.79,index,github.com/datasets/finance-vix
2008-07-07,vix_close,25.78,index,github.com/datasets/finance-vix
2008-07-08,vix_close,23.15,index,github.com/datasets/finance-vix
2008-07-09,vix_close,25.23,index,github.com/datasets/finance-vix
2008-07-10,vix_close,25.59,index,github.com/datasets/finance-vix
2008-07-11,vix_close,27.49,index,github.com/datasets/finance-vix
2008-07-14,vix_close,28.48,index,github.com/datasets/finance-vix
2008-07-15,vix_close,28.54,index,github.com/datasets/finance-vix
2008-07-16,vix_close,25.1,index,github.com/datasets/finance-vix
2008-07-17,vix_close,25.01,index,github.com/datasets/finance-vix
2008-07-18,vix_close,24.05,index,github.com/datasets/finance-vix
2008-07-21,vix_close,23.05,index,github.com/datasets/finance-vix
2008-07-22,vix_close,21.18,index,github.com/datasets/finance-vix
2008-07-23,vix_close,21.31,index,github.com/datasets/finance-vix
2008-07-24,vix_close,23.44,index,github.com/datasets/finance-vix
2008-07-25,vix_close,22.91,index,github.com/datasets/finance-vix
2008-07-28,vix_close,24.23,index,github.com/datasets/finance-vix
2008-07-29,vix_close,22.03,index,github.com/datasets/finance-vix
2008-07-30,vix_close,21.21,index,github.com/datasets/finance-vix
2008-07-31,vix_close,22.94,index,github.com/datasets/finance-vix
2008-08-01,vix_close,22.57,index,github.com/datasets/finance-vix
2008-08-04,vix_close,23.49,index,github.com/datasets/finance-vix
2008-08-05,vix_close,21.14,index,github.com/datasets/finance-vix
2008-08-06,vix_close,20.23,index,github.com/datasets/finance-vix
2008-08-07,vix_close,21.15,index,github.com/datasets/finance-vix
2008-08-08,vix_close,20.66,index,github.com/datasets/finance-vix
2008-08-11,vix_close,20.12,index,github.com/datasets/finance-vix
2008-08-12,vix_close,21.17,index,github.com/datasets/finance-vix
2008-08-13,vix_close,21.55,index,github.com/datasets/finance-vix
2008-08-14,vix_close,20.34,index,github.com/datasets/finance-vix
2008-08-15,vix_close,19.58,index,github.com/datasets/finance-vix
2008-08-18,vix_close,20.98,index,github.com/datasets/finance-vix
2008-08-19,vix_close,21.28,index,github.com/datasets/finance-vix
2008-08-20,vix_close,20.42,index,github.com/datasets/finance-vix
2008-08-21,vix_close,19.82,index,github.com/datasets/finance-vix
2008-08-22,vix_close,18.81,index,github.com/datasets/finance-vix
2008-08-25,vix_close,20.97,index,github.com/datasets/finance-vix
2008-08-26,vix_close,20.49,index,github.com/datasets/finance-vix
2008-08-27,vix_close,19.76,index,github.com/datasets/finance-vix
2008-08-28,vix_close,19.43,index,github.com/datasets/finance-vix
2008-08-29,vix_close,20.65,index,github.com/datasets/finance-vix
2008-09-02,vix_close,21.99,index,github.com/datasets/finance-vix
2008-09-03,vix_close,21.43,index,github.com/datasets/finance-vix
2008-09-04,vix_close,24.03,index,github.com/datasets/finance-vix
2008-09-05,vix_close,23.06,index,github.com/datasets/finance-vix
2008-09-08,vix_close,22.64,index,github.com/datasets/finance-vix
2008-09-09,vix_close,25.47,index,github.com/datasets/finance-vix
2008-09-10,vix_close,24.52,index,github.com/datasets/finance-vix
2008-09-11,vix_close,24.39,index,github.com/datasets/finance-vix
2008-09-12,vix_close,25.66,index,github.com/datasets/finance-vix
2008-09-15,vix_close,31.7,index,github.com/datasets/finance-vix
2008-09-16,vix_close,30.3,index,github.com/datasets/finance-vix
2008-09-17,vix_close,36.22,index,github.com/datasets/finance-vix
2008-09-18,vix_close,33.1,index,github.com/datasets/finance-vix
2008-09-19,vix_close,32.07,index,github.com/datasets/finance-vix
2008-09-22,vix_close,33.85,index,github.com/datasets/finance-vix
2008-09-23,vix_close,35.72,index,github.com/datasets/finance-vix
2008-09-24,vix_close,35.19,index,github.com/datasets/finance-vix
2008-09-25,vix_close,32.82,index,github.com/datasets/finance-vix
2008-09-26,vix_close,34.74,index,github.com/datasets/finance-vix
2008-09-29,vix_close,46.72,index,github.com/datasets/finance-vix
2008-09-30,vix_close,39.39,index,github.com/datasets/finance-vix
2008-10-01,vix_close,39.81,index,github.com/datasets/finance-vix
2008-10-02,vix_close,45.26,index,github.com/datasets/finance-vix
2008-10-03,vix_close,45.14,index,github.com/datasets/finance-vix
2008-10-06,vix_close,52.05,index,github.com/datasets/finance-vix
2008-10-07,vix_close,53.68,index,github.com/datasets/finance-vix
2008-10-08,vix_close,57.53,index,github.com/datasets/finance-vix
2008-10-09,vix_close,63.92,index,github.com/datasets/finance-vix
2008-10-10,vix_close,69.95,index,github.com/datasets/finance-vix
2008-10-13,vix_close,54.99,index,github.com/datasets/finance-vix
2008-10-14,vix_close,55.13,index,github.com/datasets/finance-vix
2008-10-15,vix_close,69.25,index,github.com/datasets/finance-vix
2008-10-16,vix_close,67.61,index,github.com/datasets/finance-vix
2008-10-17,vix_close,70.33,index,github.com/datasets/finance-vix
2008-10-20,vix_close,52.97,index,github.com/datasets/finance-vix
2008-10-21,vix_close,53.11,index,github.com/datasets/finance-vix
2008-10-22,vix_close,69.65,index,github.com/datasets/finance-vix
2008-10-23,vix_close,67.8,index,github.com/datasets/finance-vix
2008-10-24,vix_close,79.13,index,github.com/datasets/finance-vix
2008-10-27,vix_close,80.06,index,github.com/datasets/finance-vix
2008-10-28,vix_close,66.96,index,github.com/datasets/finance-vix
2008-10-29,vix_close,69.96,index,github.com/datasets/finance-vix
2008-10-30,vix_close,62.9,index,github.com/datasets/finance-vix
2008-10-31,vix_close,59.89,index,github.com/datasets/finance-vix
2008-11-03,vix_close,53.68,index,github.com/datasets/finance-vix
2008-11-04,vix_close,47.73,index,github.com/datasets/finance-vix
2008-11-05,vix_close,54.56,index,github.com/datasets/finance-vix
2008-11-06,vix_close,63.68,index,github.com/datasets/finance-vix
2008-11-07,vix_close,56.1,index,github.com/datasets/finance-vix
2008-11-10,vix_close,59.98,index,github.com/datasets/finance-vix
2008-11-11,vix_close,61.44,index,github.com/datasets/finance-vix
2008-11-12,vix_close,66.46,index,github.com/datasets/finance-vix
2008-11-13,vix_close,59.83,index,github.com/datasets/finance-vix
2008-11-14,vix_close,66.31,index,github.com/datasets/finance-vix
2008-11-17,vix_close,69.15,index,github.com/datasets/finance-vix
2008-11-18,vix_close,67.64,index,github.com/datasets/finance-vix
2008-11-19,vix_close,74.26,index,github.com/datasets/finance-vix
2008-11-20,vix_close,80.86,index,github.com/datasets/finance-vix
2008-11-21,vix_close,72.67,index,github.com/datasets/finance-vix
2008-11-24,vix_close,64.7,index,github.com/datasets/finance-vix
2008-11-25,vix_close,60.9,index,github.com/datasets/finance-vix
2008-11-26,vix_close,54.92,index,github.com/datasets/finance-vix
2008-11-28,vix_close,55.84,index,github.com/datasets/finance-vix
2008-12-01,vix_close,68.51,index,github.com/datasets/finance-vix
2008-12-02,vix_close,62.98,index,github.com/datasets/finance-vix
2008-12-03,vix_close,60.72,index,github.com/datasets/finance-vix
2008-12-04,vix_close,63.64,index,github.com/datasets/finance-vix
2008-12-05,vix_close,59.93,index,github.com/datasets/finance-vix
2008-12-08,vix_close,58.49,index,github.com/datasets/finance-vix
2008-12-09,vix_close,58.91,index,github.com/datasets/finance-vix
2008-12-10,vix_close,55.73,index,github.com/datasets/finance-vix
2008-12-11,vix_close,55.78,index,github.com/datasets/finance-vix
2008-12-12,vix_close,54.28,index,github.com/datasets/finance-vix
2008-12-15,vix_close,56.76,index,github.com/datasets/finance-vix
2008-12-16,vix_close,52.37,index,github.com/datasets/finance-vix
2008-12-17,vix_close,49.84,index,github.com/datasets/finance-vix
2008-12-18,vix_close,47.34,index,github.com/datasets/finance-vix
2008-12-19,vix_close,44.93,index,github.com/datasets/finance-vix
2008-12-22,vix_close,44.56,index,github.com/datasets/finance-vix
2008-12-23,vix_close,45.02,index,github.com/datasets/finance-vix
2008-12-24,vix_close,44.21,index,github.com/datasets/finance-vix
2008-12-26,vix_close,43.38,index,github.com/datasets/finance-vix
2008-12-29,vix_close,43.9,index,github.com/datasets/finance-vix
2008-12-30,vix_close,41.63,index,github.com/datasets/finance-vix
2008-12-31,vix_close,40.0,index,github.com/datasets/finance-vix
2009-01-02,vix_close,39.19,index,github.com/datasets/finance-vix
2009-01-05,vix_close,39.08,index,github.com/datasets/finance-vix
2009-01-06,vix_close,38.56,index,github.com/datasets/finance-vix
2009-01-07,vix_close,43.39,index,github.com/datasets/finance-vix
2009-01-08,vix_close,42.56,index,github.com/datasets/finance-vix
2009-01-09,vix_close,42.82,index,github.com/datasets/finance-vix
2009-01-12,vix_close,45.84,index,github.com/datasets/finance-vix
2009-01-13,vix_close,43.27,index,github.com/datasets/finance-vix
2009-01-14,vix_close,49.14,index,github.com/datasets/finance-vix
2009-01-15,vix_close,51.0,index,github.com/datasets/finance-vix
2009-01-16,vix_close,46.11,index,github.com/datasets/finance-vix
2009-01-20,vix_close,56.65,index,github.com/datasets/finance-vix
2009-01-21,vix_close,46.42,index,github.com/datasets/finance-vix
2009-01-22,vix_close,47.29,index,github.com/datasets/finance-vix
2009-01-23,vix_close,47.27,index,github.com/datasets/finance-vix
2009-01-26,vix_close,45.69,index,github.com/datasets/finance-vix
2009-01-27,vix_close,42.25,index,github.com/datasets/finance-vix
2009-01-28,vix_close,39.66,index,github.com/datasets/finance-vix
2009-01-29,vix_close,42.63,index,github.com/datasets/finance-vix
2009-01-30,vix_close,44.84,index,github.com/datasets/finance-vix
2009-02-02,vix_close,45.52,index,github.com/datasets/finance-vix
2009-02-03,vix_close,43.06,index,github.com/datasets/finance-vix
2009-02-04,vix_close,43.85,index,github.com/datasets/finance-vix
2009-02-05,vix_close,43.73,index,github.com/datasets/finance-vix
2009-02-06,vix_close,43.37,index,github.com/datasets/finance-vix
2009-02-09,vix_close,43.64,index,github.com/datasets/finance-vix
2009-02-10,vix_close,46.67,index,github.com/datasets/finance-vix
2009-02-11,vix_close,44.53,index,github.com/datasets/finance-vix
2009-02-12,vix_close,41.25,index,github.com/datasets/finance-vix
2009-02-13,vix_close,42.93,index,github.com/datasets/finance-vix
2009-02-17,vix_close,48.66,index,github.com/datasets/finance-vix
2009-02-18,vix_close,48.46,index,github.com/datasets/finance-vix
2009-02-19,vix_close,47.08,index,github.com/datasets/finance-vix
2009-02-20,vix_close,49.3,index,github.com/datasets/finance-vix
2009-02-23,vix_close,52.62,index,github.com/datasets/finance-vix
2009-02-24,vix_close,45.49,index,github.com/datasets/finance-vix
2009-02-25,vix_close,44.67,index,github.com/datasets/finance-vix
2009-02-26,vix_close,44.66,index,github.com/datasets/finance-vix
2009-02-27,vix_close,46.35,index,github.com/datasets/finance-vix
2009-03-02,vix_close,52.65,index,github.com/datasets/finance-vix
2009-03-03,vix_close,50.93,index,github.com/datasets/finance-vix
2009-03-04,vix_close,47.56,index,github.com/datasets/finance-vix
2009-03-05,vix_close,50.17,index,github.com/datasets/finance-vix
2009-03-06,vix_close,49.33,index,github.com/datasets/finance-vix
2009-03-09,vix_close,49.68,index,github.com/datasets/finance-vix
2009-03-10,vix_close,44.37,index,github.com/datasets/finance-vix
2009-03-11,vix_close,43.61,index,github.com/datasets/finance-vix
2009-03-12,vix_close,41.18,index,github.com/datasets/finance-vix
2009-03-13,vix_close,42.36,index,github.com/datasets/finance-vix
2009-03-16,vix_close,43.74,index,github.com/datasets/finance-vix
2009-03-17,vix_close,40.8,index,github.com/datasets/finance-vix
2009-03-18,vix_close,40.06,index,github.com/datasets/finance-vix
2009-03-19,vix_close,43.68,index,github.com/datasets/finance-vix
2009-03-20,vix_close,45.89,index,github.com/datasets/finance-vix
2009-03-23,vix_close,43.23,index,github.com/datasets/finance-vix
2009-03-24,vix_close,42.93,index,github.com/datasets/finance-vix
2009-03-25,vix_close,42.25,index,github.com/datasets/finance-vix
2009-03-26,vix_close,40.36,index,github.com/datasets/finance-vix
2009-03-27,vix_close,41.04,index,github.com/datasets/finance-vix
2009-03-30,vix_close,45.54,index,github.com/datasets/finance-vix
2009-03-31,vix_close,44.14,index,github.com/datasets/finance-vix
2009-04-01,vix_close,42.28,index,github.com/datasets/finance-vix
2009-04-02,vix_close,42.04,index,github.com/datasets/finance-vix
2009-04-03,vix_close,39.7,index,github.com/datasets/finance-vix
2009-04-06,vix_close,40.93,index,github.com/datasets/finance-vix
2009-04-07,vix_close,40.39,index,github.com/datasets/finance-vix
2009-04-08,vix_close,38.85,index,github.com/datasets/finance-vix
2009-04-09,vix_close,36.53,index,github.com/datasets/finance-vix
2009-04-13,vix_close,37.81,index,github.com/datasets/finance-vix
2009-04-14,vix_close,37.67,index,github.com/datasets/finance-vix
2009-04-15,vix_close,36.17,index,github.com/datasets/finance-vix
2009-04-16,vix_close,35.79,index,github.com/datasets/finance-vix
2009-04-17,vix_close,33.94,index,github.com/datasets/finance-vix
2009-04-20,vix_close,39.18,index,github.com/datasets/finance-vix
2009-04-21,vix_close,37.14,index,github.com/datasets/finance-vix
2009-04-22,vix_close,38.1,index,github.com/datasets/finance-vix
2009-04-23,vix_close,37.15,index,github.com/datasets/finance-vix
2009-04-24,vix_close,36.82,index,github.com/datasets/finance-vix
2009-04-27,vix_close,38.32,index,github.com/datasets/finance-vix
2009-04-28,vix_close,37.95,index,github.com/datasets/finance-vix
2009-04-29,vix_close,36.08,index,github.com/datasets/finance-vix
2009-04-30,vix_close,36.5,index,github.com/datasets/finance-vix
2009-05-01,vix_close,35.3,index,github.com/datasets/finance-vix
2009-05-04,vix_close,34.53,index,github.com/datasets/finance-vix
2009-05-05,vix_close,33.36,index,github.com/datasets/finance-vix
2009-05-06,vix_close,32.45,index,github.com/datasets/finance-vix
2009-05-07,vix_close,33.44,index,github.com/datasets/finance-vix
2009-05-08,vix_close,32.05,index,github.com/datasets/finance-vix
2009-05-11,vix_close,32.87,index,github.com/datasets/finance-vix
2009-05-12,vix_close,31.8,index,github.com/datasets/finance-vix
2009-05-13,vix_close,33.65,index,github.com/datasets/finance-vix
2009-05-14,vix_close,31.37,index,github.com/datasets/finance-vix
2009-05-15,vix_close,33.12,index,github.com/datasets/finance-vix
2009-05-18,vix_close,30.24,index,github.com/datasets/finance-vix
2009-05-19,vix_close,28.8,index,github.com/datasets/finance-vix
2009-05-20,vix_close,29.03,index,github.com/datasets/finance-vix
2009-05-21,vix_close,31.35,index,github.com/datasets/finance-vix
2009-05-22,vix_close,32.63,index,github.com/datasets/finance-vix
2009-05-26,vix_close,30.62,index,github.com/datasets/finance-vix
2009-05-27,vix_close,32.36,index,github.com/datasets/finance-vix
2009-05-28,vix_close,31.67,index,github.com/datasets/finance-vix
2009-05-29,vix_close,28.92,index,github.com/datasets/finance-vix
2009-06-01,vix_close,30.04,index,github.com/datasets/finance-vix
2009-06-02,vix_close,29.63,index,github.com/datasets/finance-vix
2009-06-03,vix_close,31.02,index,github.com/datasets/finance-vix
2009-06-04,vix_close,30.18,index,github.com/datasets/finance-vix
2009-06-05,vix_close,29.62,index,github.com/datasets/finance-vix
2009-06-08,vix_close,29.77,index,github.com/datasets/finance-vix
2009-06-09,vix_close,28.27,index,github.com/datasets/finance-vix
2009-06-10,vix_close,28.46,index,github.com/datasets/finance-vix
2009-06-11,vix_close,28.11,index,github.com/datasets/finance-vix
2009-06-12,vix_close,28.15,index,github.com/datasets/finance-vix
2009-06-15,vix_close,30.81,index,github.com/datasets/finance-vix
2009-06-16,vix_close,32.68,index,github.com/datasets/finance-vix
2009-06-17,vix_close,31.54,index,github.com/datasets/finance-vix
2009-06-18,vix_close,30.03,index,github.com/datasets/finance-vix
2009-06-19,vix_close,27.99,index,github.com/datasets/finance-vix
2009-06-22,vix_close,31.17,index,github.com/datasets/finance-vix
2009-06-23,vix_close,30.58,index,github.com/datasets/finance-vix
2009-06-24,vix_close,29.05,index,github.com/datasets/finance-vix
2009-06-25,vix_close,26.36,index,github.com/datasets/finance-vix
2009-06-26,vix_close,25.93,index,github.com/datasets/finance-vix
2009-06-29,vix_close,25.35,index,github.com/datasets/finance-vix
2009-06-30,vix_close,26.35,index,github.com/datasets/finance-vix
2009-07-01,vix_close,26.22,index,github.com/datasets/finance-vix
2009-07-02,vix_close,27.95,index,github.com/datasets/finance-vix
2009-07-06,vix_close,29.0,index,github.com/datasets/finance-vix
2009-07-07,vix_close,30.85,index,github.com/datasets/finance-vix
2009-07-08,vix_close,31.3,index,github.com/datasets/finance-vix
2009-07-09,vix_close,29.78,index,github.com/datasets/finance-vix
2009-07-10,vix_close,29.02,index,github.com/datasets/finance-vix
2009-07-13,vix_close,26.31,index,github.com/datasets/finance-vix
2009-07-14,vix_close,25.02,index,github.com/datasets/finance-vix
2009-07-15,vix_close,25.89,index,github.com/datasets/finance-vix
2009-07-16,vix_close,25.42,index,github.com/datasets/finance-vix
2009-07-17,vix_close,24.34,index,github.com/datasets/finance-vix
2009-07-20,vix_close,24.4,index,github.com/datasets/finance-vix
2009-07-21,vix_close,23.87,index,github.com/datasets/finance-vix
2009-07-22,vix_close,23.47,index,github.com/datasets/finance-vix
2009-07-23,vix_close,23.43,index,github.com/datasets/finance-vix
2009-07-24,vix_close,23.09,index,github.com/datasets/finance-vix
2009-07-27,vix_close,24.28,index,github.com/datasets/finance-vix
2009-07-28,vix_close,25.01,index,github.com/datasets/finance-vix
2009-07-29,vix_close,25.61,index,github.com/datasets/finance-vix
2009-07-30,vix_close,25.4,index,github.com/datasets/finance-vix
2009-07-31,vix_close,25.92,index,github.com/datasets/finance-vix
2009-08-03,vix_close,25.56,index,github.com/datasets/finance-vix
2009-08-04,vix_close,24.89,index,github.com/datasets/finance-vix
2009-08-05,vix_close,24.9,index,github.com/datasets/finance-vix
2009-08-06,vix_close,25.67,index,github.com/datasets/finance-vix
2009-08-07,vix_close,24.76,index,github.com/datasets/finance-vix
2009-08-10,vix_close,24.99,index,github.com/datasets/finance-vix
2009-08-11,vix_close,25.99,index,github.com/datasets/finance-vix
2009-08-12,vix_close,25.45,index,github.com/datasets/finance-vix
2009-08-13,vix_close,24.71,index,github.com/datasets/finance-vix
2009-08-14,vix_close,24.27,index,github.com/datasets/finance-vix
2009-08-17,vix_close,27.89,index,github.com/datasets/finance-vix
2009-08-18,vix_close,26.18,index,github.com/datasets/finance-vix
2009-08-19,vix_close,26.26,index,github.com/datasets/finance-vix
2009-08-20,vix_close,25.09,index,github.com/datasets/finance-vix
2009-08-21,vix_close,25.01,index,github.com/datasets/finance-vix
2009-08-24,vix_close,25.14,index,github.com/datasets/finance-vix
2009-08-25,vix_close,24.92,index,github.com/datasets/finance-vix
2009-08-26,vix_close,24.95,index,github.com/datasets/finance-vix
2009-08-27,vix_close,24.68,index,github.com/datasets/finance-vix
2009-08-28,vix_close,24.76,index,github.com/datasets/finance-vix
2009-08-31,vix_close,26.01,index,github.com/datasets/finance-vix
2009-09-01,vix_close,29.15,index,github.com/datasets/finance-vix
2009-09-02,vix_close,28.9,index,github.com/datasets/finance-vix
2009-09-03,vix_close,27.1,index,github.com/datasets/finance-vix
2009-09-04,vix_close,25.26,index,github.com/datasets/finance-vix
2009-09-08,vix_close,25.62,index,github.com/datasets/finance-vix
2009-09-09,vix_close,24.32,index,github.com/datasets/finance-vix
2009-09-10,vix_close,23.55,index,github.com/datasets/finance-vix
2009-09-11,vix_close,24.15,index,github.com/datasets/finance-vix
2009-09-14,vix_close,23.86,index,github.com/datasets/finance-vix
2009-09-15,vix_close,23.42,index,github.com/datasets/finance-vix
2009-09-16,vix_close,23.69,index,github.com/datasets/finance-vix
2009-09-17,vix_close,23.65,index,github.com/datasets/finance-vix
2009-09-18,vix_close,23.92,index,github.com/datasets/finance-vix
2009-09-21,vix_close,24.06,index,github.com/datasets/finance-vix
2009-09-22,vix_close,23.08,index,github.com/datasets/finance-vix
2009-09-23,vix_close,23.49,index,github.com/datasets/finance-vix
2009-09-24,vix_close,24.95,index,github.com/datasets/finance-vix
2009-09-25,vix_close,25.61,index,github.com/datasets/finance-vix
2009-09-28,vix_close,24.88,index,github.com/datasets/finance-vix
2009-09-29,vix_close,25.19,index,github.com/datasets/finance-vix
2009-09-30,vix_close,25.61,index,github.com/datasets/finance-vix
2009-10-01,vix_close,28.27,index,github.com/datasets/finance-vix
2009-10-02,vix_close,28.68,index,github.com/datasets/finance-vix
2009-10-05,vix_close,26.84,index,github.com/datasets/finance-vix
2009-10-06,vix_close,25.7,index,github.com/datasets/finance-vix
2009-10-07,vix_close,24.68,index,github.com/datasets/finance-vix
2009-10-08,vix_close,24.18,index,github.com/datasets/finance-vix
2009-10-09,vix_close,23.12,index,github.com/datasets/finance-vix
2009-10-12,vix_close,23.01,index,github.com/datasets/finance-vix
2009-10-13,vix_close,22.99,index,github.com/datasets/finance-vix
2009-10-14,vix_close,22.86,index,github.com/datasets/finance-vix
2009-10-15,vix_close,21.72,index,github.com/datasets/finance-vix
2009-10-16,vix_close,21.43,index,github.com/datasets/finance-vix
2009-10-19,vix_close,21.49,index,github.com/datasets/finance-vix
2009-10-20,vix_close,20.9,index,github.com/datasets/finance-vix
2009-10-21,vix_close,22.22,index,github.com/datasets/finance-vix
2009-10-22,vix_close,20.69,index,github.com/datasets/finance-vix
2009-10-23,vix_close,22.27,index,github.com/datasets/finance-vix
2009-10-26,vix_close,24.31,index,github.com/datasets/finance-vix
2009-10-27,vix_close,24.83,index,github.com/datasets/finance-vix
2009-10-28,vix_close,27.91,index,github.com/datasets/finance-vix
2009-10-29,vix_close,24.76,index,github.com/datasets/finance-vix
2009-10-30,vix_close,30.69,index,github.com/datasets/finance-vix
2009-11-02,vix_close,29.78,index,github.com/datasets/finance-vix
2009-11-03,vix_close,28.81,index,github.com/datasets/finance-vix
2009-11-04,vix_close,27.72,index,github.com/datasets/finance-vix
2009-11-05,vix_close,25.43,index,github.com/datasets/finance-vix
2009-11-06,vix_close,24.19,index,github.com/datasets/finance-vix
2009-11-09,vix_close,23.15,index,github.com/datasets/finance-vix
2009-11-10,vix_close,22.84,index,github.com/datasets/finance-vix
2009-11-11,vix_close,23.04,index,github.com/datasets/finance-vix
2009-11-12,vix_close,24.24,index,github.com/datasets/finance-vix
2009-11-13,vix_close,23.36,index,github.com/datasets/finance-vix
2009-11-16,vix_close,22.89,index,github.com/datasets/finance-vix
2009-11-17,vix_close,22.41,index,github.com/datasets/finance-vix
2009-11-18,vix_close,21.63,index,github.com/datasets/finance-vix
2009-11-19,vix_close,22.63,index,github.com/datasets/finance-vix
2009-11-20,vix_close,22.19,index,github.com/datasets/finance-vix
2009-11-23,vix_close,21.16,index,github.com/datasets/finance-vix
2009-11-24,vix_close,20.47,index,github.com/datasets/finance-vix
2009-11-25,vix_close,20.48,index,github.com/datasets/finance-vix
2009-11-27,vix_close,24.85,index,github.com/datasets/finance-vix
2009-11-30,vix_close,24.51,index,github.com/datasets/finance-vix
2009-12-01,vix_close,21.92,index,github.com/datasets/finance-vix
2009-12-02,vix_close,21.12,index,github.com/datasets/finance-vix
2009-12-03,vix_close,22.46,index,github.com/datasets/finance-vix
2009-12-04,vix_close,21.25,index,github.com/datasets/finance-vix
2009-12-07,vix_close,22.1,index,github.com/datasets/finance-vix
2009-12-08,vix_close,23.69,index,github.com/datasets/finance-vix
2009-12-09,vix_close,22.66,index,github.com/datasets/finance-vix
2009-12-10,vix_close,22.32,index,github.com/datasets/finance-vix
2009-12-11,vix_close,21.59,index,github.com/datasets/finance-vix
2009-12-14,vix_close,21.15,index,github.com/datasets/finance-vix
2009-12-15,vix_close,21.49,index,github.com/datasets/finance-vix
2009-12-16,vix_close,20.54,index,github.com/datasets/finance-vix
2009-12-17,vix_close,22.51,index,github.com/datasets/finance-vix
2009-12-18,vix_close,21.68,index,github.com/datasets/finance-vix
2009-12-21,vix_close,20.49,index,github.com/datasets/finance-vix
2009-12-22,vix_close,19.54,index,github.com/datasets/finance-vix
2009-12-23,vix_close,19.71,index,github.com/datasets/finance-vix
2009-12-24,vix_close,19.47,index,github.com/datasets/finance-vix
2009-12-28,vix_close,19.93,index,github.com/datasets/finance-vix
2009-12-29,vix_close,20.01,index,github.com/datasets/finance-vix
2009-12-30,vix_close,19.96,index,github.com/datasets/finance-vix
2009-12-31,vix_close,21.68,index,github.com/datasets/finance-vix
2010-01-04,vix_close,20.04,index,github.com/datasets/finance-vix
2010-01-05,vix_close,19.35,index,github.com/datasets/finance-vix
2010-01-06,vix_close,19.16,index,github.com/datasets/finance-vix
2010-01-07,vix_close,19.06,index,github.com/datasets/finance-vix
2010-01-08,vix_close,18.13,index,github.com/datasets/finance-vix
2010-01-11,vix_close,17.55,index,github.com/datasets/finance-vix
2010-01-12,vix_close,18.25,index,github.com/datasets/finance-vix
2010-01-13,vix_close,17.85,index,github.com/datasets/finance-vix
2010-01-14,vix_close,17.63,index,github.com/datasets/finance-vix
2010-01-15,vix_close,17.91,index,github.com/datasets/finance-vix
2010-01-19,vix_close,17.58,index,github.com/datasets/finance-vix
2010-01-20,vix_close,18.68,index,github.com/datasets/finance-vix
2010-01-21,vix_close,22.27,index,github.com/datasets/finance-vix
2010-01-22,vix_close,27.31,index,github.com/datasets/finance-vix
2010-01-25,vix_close,25.41,index,github.com/datasets/finance-vix
2010-01-26,vix_close,24.55,index,github.com/datasets/finance-vix
2010-01-27,vix_close,23.14,index,github.com/datasets/finance-vix
2010-01-28,vix_close,23.73,index,github.com/datasets/finance-vix
2010-01-29,vix_close,24.62,index,github.com/datasets/finance-vix
2010-02-01,vix_close,22.59,index,github.com/datasets/finance-vix
2010-02-02,vix_close,21.48,index,github.com/datasets/finance-vix
2010-02-03,vix_close,21.6,index,github.com/datasets/finance-vix
2010-02-04,vix_close,26.08,index,github.com/datasets/finance-vix
2010-02-05,vix_close,26.11,index,github.com/datasets/finance-vix
2010-02-08,vix_close,26.51,index,github.com/datasets/finance-vix
2010-02-09,vix_close,26.0,index,github.com/datasets/finance-vix
2010-02-10,vix_close,25.4,index,github.com/datasets/finance-vix
2010-02-11,vix_close,23.96,index,github.com/datasets/finance-vix
2010-02-12,vix_close,22.73,index,github.com/datasets/finance-vix
2010-02-16,vix_close,22.25,index,github.com/datasets/finance-vix
2010-02-17,vix_close,21.72,index,github.com/datasets/finance-vix
2010-02-18,vix_close,20.63,index,github.com/datasets/finance-vix
2010-02-19,vix_close,20.02,index,github.com/datasets/finance-vix
2010-02-22,vix_close,19.94,index,github.com/datasets/finance-vix
2010-02-23,vix_close,21.37,index,github.com/datasets/finance-vix
2010-02-24,vix_close,20.27,index,github.com/datasets/finance-vix
2010-02-25,vix_close,20.1,index,github.com/datasets/finance-vix
2010-02-26,vix_close,19.5,index,github.com/datasets/finance-vix
2010-03-01,vix_close,19.26,index,github.com/datasets/finance-vix
2010-03-02,vix_close,19.06,index,github.com/datasets/finance-vix
2010-03-03,vix_close,18.83,index,github.com/datasets/finance-vix
2010-03-04,vix_close,18.72,index,github.com/datasets/finance-vix
2010-03-05,vix_close,17.42,index,github.com/datasets/finance-vix
2010-03-08,vix_close,17.79,index,github.com/datasets/finance-vix
2010-03-09,vix_close,17.92,index,github.com/datasets/finance-vix
2010-03-10,vix_close,18.57,index,github.com/datasets/finance-vix
2010-03-11,vix_close,18.06,index,github.com/datasets/finance-vix
2010-03-12,vix_close,17.58,index,github.com/datasets/finance-vix
2010-03-15,vix_close,18.0,index,github.com/datasets/finance-vix
2010-03-16,vix_close,17.69,index,github.com/datasets/finance-vix
2010-03-17,vix_close,16.91,index,github.com/datasets/finance-vix
2010-03-18,vix_close,16.62,index,github.com/datasets/finance-vix
2010-03-19,vix_close,16.97,index,github.com/datasets/finance-vix
2010-03-22,vix_close,16.87,index,github.com/datasets/finance-vix
2010-03-23,vix_close,16.35,index,github.com/datasets/finance-vix
2010-03-24,vix_close,17.55,index,github.com/datasets/finance-vix
2010-03-25,vix_close,18.4,index,github.com/datasets/finance-vix
2010-03-26,vix_close,17.77,index,github.com/datasets/finance-vix
2010-03-29,vix_close,17.59,index,github.com/datasets/finance-vix
2010-03-30,vix_close,17.13,index,github.com/datasets/finance-vix
2010-03-31,vix_close,17.59,index,github.com/datasets/finance-vix
2010-04-01,vix_close,17.47,index,github.com/datasets/finance-vix
2010-04-05,vix_close,17.02,index,github.com/datasets/finance-vix
2010-04-06,vix_close,16.23,index,github.com/datasets/finance-vix
2010-04-07,vix_close,16.62,index,github.com/datasets/finance-vix
2010-04-08,vix_close,16.48,index,github.com/datasets/finance-vix
2010-04-09,vix_close,16.14,index,github.com/datasets/finance-vix
2010-04-12,vix_close,15.58,index,github.com/datasets/finance-vix
2010-04-13,vix_close,16.2,index,github.com/datasets/finance-vix
2010-04-14,vix_close,15.59,index,github.com/datasets/finance-vix
2010-04-15,vix_close,15.89,index,github.com/datasets/finance-vix
2010-04-16,vix_close,18.36,index,github.com/datasets/finance-vix
2010-04-19,vix_close,17.34,index,github.com/datasets/finance-vix
2010-04-20,vix_close,15.73,index,github.com/datasets/finance-vix
2010-04-21,vix_close,16.32,index,github.com/datasets/finance-vix
2010-04-22,vix_close,16.47,index,github.com/datasets/finance-vix
2010-04-23,vix_close,16.62,index,github.com/datasets/finance-vix
2010-04-26,vix_close,17.47,index,github.com/datasets/finance-vix
2010-04-27,vix_close,22.81,index,github.com/datasets/finance-vix
2010-04-28,vix_close,21.08,index,github.com/datasets/finance-vix
2010-04-29,vix_close,18.44,index,github.com/datasets/finance-vix
2010-04-30,vix_close,22.05,index,github.com/datasets/finance-vix
2010-05-03,vix_close,20.19,index,github.com/datasets/finance-vix
2010-05-04,vix_close,23.84,index,github.com/datasets/finance-vix
2010-05-05,vix_close,24.91,index,github.com/datasets/finance-vix
2010-05-06,vix_close,32.8,index,github.com/datasets/finance-vix
2010-05-07,vix_close,40.95,index,github.com/datasets/finance-vix
2010-05-10,vix_close,28.84,index,github.com/datasets/finance-vix
2010-05-11,vix_close,28.32,index,github.com/datasets/finance-vix
2010-05-12,vix_close,25.52,index,github.com/datasets/finance-vix
2010-05-13,vix_close,26.68,index,github.com/datasets/finance-vix
2010-05-14,vix_close,31.24,index,github.com/datasets/finance-vix
2010-05-17,vix_close,30.84,index,github.com/datasets/finance-vix
2010-05-18,vix_close,33.55,index,github.com/datasets/finance-vix
2010-05-19,vix_close,35.32,index,github.com/datasets/finance-vix
2010-05-20,vix_close,45.79,index,github.com/datasets/finance-vix
2010-05-21,vix_close,40.1,index,github.com/datasets/finance-vix
2010-05-24,vix_close,38.32,index,github.com/datasets/finance-vix
2010-05-25,vix_close,34.61,index,github.com/datasets/finance-vix
2010-05-26,vix_close,35.02,index,github.com/datasets/finance-vix
2010-05-27,vix_close,29.68,index,github.com/datasets/finance-vix
2010-05-28,vix_close,32.07,index,github.com/datasets/finance-vix
2010-06-01,vix_close,35.54,index,github.com/datasets/finance-vix
2010-06-02,vix_close,30.17,index,github.com/datasets/finance-vix
2010-06-03,vix_close,29.46,index,github.com/datasets/finance-vix
2010-06-04,vix_close,35.48,index,github.com/datasets/finance-vix
2010-06-07,vix_close,36.57,index,github.com/datasets/finance-vix
2010-06-08,vix_close,33.7,index,github.com/datasets/finance-vix
2010-06-09,vix_close,33.73,index,github.com/datasets/finance-vix
2010-06-10,vix_close,30.57,index,github.com/datasets/finance-vix
2010-06-11,vix_close,28.79,index,github.com/datasets/finance-vix
2010-06-14,vix_close,28.58,index,github.com/datasets/finance-vix
2010-06-15,vix_close,25.87,index,github.com/datasets/finance-vix
2010-06-16,vix_close,25.92,index,github.com/datasets/finance-vix
2010-06-17,vix_close,25.05,index,github.com/datasets/finance-vix
2010-06-18,vix_close,23.95,index,github.com/datasets/finance-vix
2010-06-21,vix_close,24.88,index,github.com/datasets/finance-vix
2010-06-22,vix_close,27.05,index,github.com/datasets/finance-vix
2010-06-23,vix_close,26.91,index,github.com/datasets/finance-vix
2010-06-24,vix_close,29.74,index,github.com/datasets/finance-vix
2010-06-25,vix_close,28.53,index,github.com/datasets/finance-vix
2010-06-28,vix_close,29.0,index,github.com/datasets/finance-vix
2010-06-29,vix_close,34.13,index,github.com/datasets/finance-vix
2010-06-30,vix_close,34.54,index,github.com/datasets/finance-vix
2010-07-01,vix_close,32.86,index,github.com/datasets/finance-vix
2010-07-02,vix_close,30.12,index,github.com/datasets/finance-vix
2010-07-06,vix_close,29.65,index,github.com/datasets/finance-vix
2010-07-07,vix_close,26.84,index,github.com/datasets/finance-vix
2010-07-08,vix_close,25.71,index,github.com/datasets/finance-vix
2010-07-09,vix_close,24.98,index,github.com/datasets/finance-vix
2010-07-12,vix_close,24.43,index,github.com/datasets/finance-vix
2010-07-13,vix_close,24.56,index,github.com/datasets/finance-vix
2010-07-14,vix_close,24.89,index,github.com/datasets/finance-vix
2010-07-15,vix_close,25.14,index,github.com/datasets/finance-vix
2010-07-16,vix_close,26.25,index,github.com/datasets/finance-vix
2010-07-19,vix_close,25.97,index,github.com/datasets/finance-vix
2010-07-20,vix_close,23.93,index,github.com/datasets/finance-vix
2010-07-21,vix_close,25.64,index,github.com/datasets/finance-vix
2010-07-22,vix_close,24.63,index,github.com/datasets/finance-vix
2010-07-23,vix_close,23.47,index,github.com/datasets/finance-vix
2010-07-26,vix_close,22.73,index,github.com/datasets/finance-vix
2010-07-27,vix_close,23.19,index,github.com/datasets/finance-vix
2010-07-28,vix_close,24.25,index,github.com/datasets/finance-vix
2010-07-29,vix_close,24.13,index,github.com/datasets/finance-vix
2010-07-30,vix_close,23.5,index,github.com/datasets/finance-vix
2010-08-02,vix_close,22.01,index,github.com/datasets/finance-vix
2010-08-03,vix_close,22.63,index,github.com/datasets/finance-vix
2010-08-04,vix_close,22.21,index,github.com/datasets/finance-vix
2010-08-05,vix_close,22.1,index,github.com/datasets/finance-vix
2010-08-06,vix_close,21.74,index,github.com/datasets/finance-vix
2010-08-09,vix_close,22.14,index,github.com/datasets/finance-vix
2010-08-10,vix_close,22.37,index,github.com/datasets/finance-vix
2010-08-11,vix_close,25.39,index,github.com/datasets/finance-vix
2010-08-12,vix_close,25.73,index,github.com/datasets/finance-vix
2010-08-13,vix_close,26.24,index,github.com/datasets/finance-vix
2010-08-16,vix_close,26.1,index,github.com/datasets/finance-vix
2010-08-17,vix_close,24.33,index,github.com/datasets/finance-vix
2010-08-18,vix_close,24.59,index,github.com/datasets/finance-vix
2010-08-19,vix_close,26.44,index,github.com/datasets/finance-vix
2010-08-20,vix_close,25.49,index,github.com/datasets/finance-vix
2010-08-23,vix_close,25.66,index,github.com/datasets/finance-vix
2010-08-24,vix_close,27.46,index,github.com/datasets/finance-vix
2010-08-25,vix_close,26.7,index,github.com/datasets/finance-vix
2010-08-26,vix_close,27.37,index,github.com/datasets/finance-vix
2010-08-27,vix_close,24.45,index,github.com/datasets/finance-vix
2010-08-30,vix_close,27.21,index,github.com/datasets/finance-vix
2010-08-31,vix_close,26.05,index,github.com/datasets/finance-vix
2010-09-01,vix_close,23.89,index,github.com/datasets/finance-vix
2010-09-02,vix_close,23.19,index,github.com/datasets/finance-vix
2010-09-03,vix_close,21.31,index,github.com/datasets/finance-vix
2010-09-07,vix_close,23.8,index,github.com/datasets/finance-vix
2010-09-08,vix_close,23.25,index,github.com/datasets/finance-vix
2010-09-09,vix_close,22.81,index,github.com/datasets/finance-vix
2010-09-10,vix_close,21.99,index,github.com/datasets/finance-vix
2010-09-13,vix_close,21.21,index,github.com/datasets/finance-vix
2010-09-14,vix_close,21.56,index,github.com/datasets/finance-vix
2010-09-15,vix_close,22.1,index,github.com/datasets/finance-vix
2010-09-16,vix_close,21.72,index,github.com/datasets/finance-vix
2010-09-17,vix_close,22.01,index,github.com/datasets/finance-vix
2010-09-20,vix_close,21.5,index,github.com/datasets/finance-vix
2010-09-21,vix_close,22.35,index,github.com/datasets/finance-vix
2010-09-22,vix_close,22.51,index,github.com/datasets/finance-vix
2010-09-23,vix_close,23.87,index,github.com/datasets/finance-vix
2010-09-24,vix_close,21.71,index,github.com/datasets/finance-vix
2010-09-27,vix_close,22.54,index,github.com/datasets/finance-vix
2010-09-28,vix_close,22.6,index,github.com/datasets/finance-vix
2010-09-29,vix_close,23.25,index,github.com/datasets/finance-vix
2010-09-30,vix_close,23.7,index,github.com/datasets/finance-vix
2010-10-01,vix_close,22.5,index,github.com/datasets/finance-vix
2010-10-04,vix_close,23.53,index,github.com/datasets/finance-vix
2010-10-05,vix_close,21.76,index,github.com/datasets/finance-vix
2010-10-06,vix_close,21.49,index,github.com/datasets/finance-vix
2010-10-07,vix_close,21.56,index,github.com/datasets/finance-vix
2010-10-08,vix_close,20.71,index,github.com/datasets/finance-vix
2010-10-11,vix_close,18.96,index,github.com/datasets/finance-vix
2010-10-12,vix_close,18.93,index,github.com/datasets/finance-vix
2010-10-13,vix_close,19.07,index,github.com/datasets/finance-vix
2010-10-14,vix_close,19.88,index,github.com/datasets/finance-vix
2010-10-15,vix_close,19.03,index,github.com/datasets/finance-vix
2010-10-18,vix_close,19.09,index,github.com/datasets/finance-vix
2010-10-19,vix_close,20.63,index,github.com/datasets/finance-vix
2010-10-20,vix_close,19.79,index,github.com/datasets/finance-vix
2010-10-21,vix_close,19.27,index,github.com/datasets/finance-vix
2010-10-22,vix_close,18.78,index,github.com/datasets/finance-vix
2010-10-25,vix_close,19.85,index,github.com/datasets/finance-vix
2010-10-26,vix_close,20.22,index,github.com/datasets/finance-vix
2010-10-27,vix_close,20.71,index,github.com/datasets/finance-vix
2010-10-28,vix_close,20.88,index,github.com/datasets/finance-vix
2010-10-29,vix_close,21.2,index,github.com/datasets/finance-vix
2010-11-01,vix_close,21.83,index,github.com/datasets/finance-vix
2010-11-02,vix_close,21.57,index,github.com/datasets/finance-vix
2010-11-03,vix_close,19.56,index,github.com/datasets/finance-vix
2010-11-04,vix_close,18.52,index,github.com/datasets/finance-vix
2010-11-05,vix_close,18.26,index,github.com/datasets/finance-vix
2010-11-08,vix_close,18.29,index,github.com/datasets/finance-vix
2010-11-09,vix_close,19.08,index,github.com/datasets/finance-vix
2010-11-10,vix_close,18.47,index,github.com/datasets/finance-vix
2010-11-11,vix_close,18.64,index,github.com/datasets/finance-vix
2010-11-12,vix_close,20.61,index,github.com/datasets/finance-vix
2010-11-15,vix_close,20.2,index,github.com/datasets/finance-vix
2010-11-16,vix_close,22.58,index,github.com/datasets/finance-vix
2010-11-17,vix_close,21.76,index,github.com/datasets/finance-vix
2010-11-18,vix_close,18.75,index,github.com/datasets/finance-vix
2010-11-19,vix_close,18.04,index,github.com/datasets/finance-vix
2010-11-22,vix_close,18.37,index,github.com/datasets/finance-vix
2010-11-23,vix_close,20.63,index,github.com/datasets/finance-vix
2010-11-24,vix_close,19.56,index,github.com/datasets/finance-vix
2010-11-26,vix_close,22.22,index,github.com/datasets/finance-vix
2010-11-29,vix_close,21.53,index,github.com/datasets/finance-vix
2010-11-30,vix_close,23.54,index,github.com/datasets/finance-vix
2010-12-01,vix_close,21.36,index,github.com/datasets/finance-vix
2010-12-02,vix_close,19.39,index,github.com/datasets/finance-vix
2010-12-03,vix_close,18.01,index,github.com/datasets/finance-vix
2010-12-06,vix_close,18.02,index,github.com/datasets/finance-vix
2010-12-07,vix_close,17.99,index,github.com/datasets/finance-vix
2010-12-08,vix_close,17.74,index,github.com/datasets/finance-vix
2010-12-09,vix_close,17.25,index,github.com/datasets/finance-vix
2010-12-10,vix_close,17.61,index,github.com/datasets/finance-vix
2010-12-13,vix_close,17.55,index,github.com/datasets/finance-vix
2010-12-14,vix_close,17.61,index,github.com/datasets/finance-vix
2010-12-15,vix_close,17.94,index,github.com/datasets/finance-vix
2010-12-16,vix_close,17.39,index,github.com/datasets/finance-vix
2010-12-17,vix_close,16.11,index,github.com/datasets/finance-vix
2010-12-20,vix_close,16.41,index,github.com/datasets/finance-vix
2010-12-21,vix_close,16.49,index,github.com/datasets/finance-vix
2010-12-22,vix_close,15.45,index,github.com/datasets/finance-vix
2010-12-23,vix_close,16.47,index,github.com/datasets/finance-vix
2010-12-27,vix_close,17.67,index,github.com/datasets/finance-vix
2010-12-28,vix_close,17.52,index,github.com/datasets/finance-vix
2010-12-29,vix_close,17.28,index,github.com/datasets/finance-vix
2010-12-30,vix_close,17.52,index,github.com/datasets/finance-vix
2010-12-31,vix_close,17.75,index,github.com/datasets/finance-vix
2011-01-03,vix_close,17.61,index,github.com/datasets/finance-vix
2011-01-04,vix_close,17.38,index,github.com/datasets/finance-vix
2011-01-05,vix_close,17.02,index,github.com/datasets/finance-vix
2011-01-06,vix_close,17.4,index,github.com/datasets/finance-vix
2011-01-07,vix_close,17.14,index,github.com/datasets/finance-vix
2011-01-10,vix_close,17.54,index,github.com/datasets/finance-vix
2011-01-11,vix_close,16.89,index,github.com/datasets/finance-vix
2011-01-12,vix_close,16.24,index,github.com/datasets/finance-vix
2011-01-13,vix_close,16.39,index,github.com/datasets/finance-vix
2011-01-14,vix_close,15.46,index,github.com/datasets/finance-vix
2011-01-18,vix_close,15.87,index,github.com/datasets/finance-vix
2011-01-19,vix_close,17.31,index,github.com/datasets/finance-vix
2011-01-20,vix_close,17.99,index,github.com/datasets/finance-vix
2011-01-21,vix_close,18.47,index,github.com/datasets/finance-vix
2011-01-24,vix_close,17.65,index,github.com/datasets/finance-vix
2011-01-25,vix_close,17.59,index,github.com/datasets/finance-vix
2011-01-26,vix_close,16.64,index,github.com/datasets/finance-vix
2011-01-27,vix_close,16.15,index,github.com/datasets/finance-vix
2011-01-28,vix_close,20.04,index,github.com/datasets/finance-vix
2011-01-31,vix_close,19.53,index,github.com/datasets/finance-vix
2011-02-01,vix_close,17.63,index,github.com/datasets/finance-vix
2011-02-02,vix_close,17.3,index,github.com/datasets/finance-vix
2011-02-03,vix_close,16.69,index,github.com/datasets/finance-vix
2011-02-04,vix_close,15.93,index,github.com/datasets/finance-vix
2011-02-07,vix_close,16.28,index,github.com/datasets/finance-vix
2011-02-08,vix_close,15.81,index,github.com/datasets/finance-vix
2011-02-09,vix_close,15.87,index,github.com/datasets/finance-vix
2011-02-10,vix_close,16.09,index,github.com/datasets/finance-vix
2011-02-11,vix_close,15.69,index,github.com/datasets/finance-vix
2011-02-14,vix_close,15.95,index,github.com/datasets/finance-vix
2011-02-15,vix_close,16.37,index,github.com/datasets/finance-vix
2011-02-16,vix_close,16.72,index,github.com/datasets/finance-vix
2011-02-17,vix_close,16.59,index,github.com/datasets/finance-vix
2011-02-18,vix_close,16.43,index,github.com/datasets/finance-vix
2011-02-22,vix_close,20.8,index,github.com/datasets/finance-vix
2011-02-23,vix_close,22.13,index,github.com/datasets/finance-vix
2011-02-24,vix_close,21.32,index,github.com/datasets/finance-vix
2011-02-25,vix_close,19.22,index,github.com/datasets/finance-vix
2011-02-28,vix_close,18.35,index,github.com/datasets/finance-vix
2011-03-01,vix_close,21.01,index,github.com/datasets/finance-vix
2011-03-02,vix_close,20.7,index,github.com/datasets/finance-vix
2011-03-03,vix_close,18.6,index,github.com/datasets/finance-vix
2011-03-04,vix_close,19.06,index,github.com/datasets/finance-vix
2011-03-07,vix_close,20.66,index,github.com/datasets/finance-vix
2011-03-08,vix_close,19.82,index,github.com/datasets/finance-vix
2011-03-09,vix_close,20.22,index,github.com/datasets/finance-vix
2011-03-10,vix_close,21.88,index,github.com/datasets/finance-vix
2011-03-11,vix_close,20.08,index,github.com/datasets/finance-vix
2011-03-14,vix_close,21.13,index,github.com/datasets/finance-vix
2011-03-15,vix_close,24.32,index,github.com/datasets/finance-vix
2011-03-16,vix_close,29.4,index,github.com/datasets/finance-vix
2011-03-17,vix_close,26.37,index,github.com/datasets/finance-vix
2011-03-18,vix_close,24.44,index,github.com/datasets/finance-vix
2011-03-21,vix_close,20.61,index,github.com/datasets/finance-vix
2011-03-22,vix_close,20.21,index,github.com/datasets/finance-vix
2011-03-23,vix_close,19.17,index,github.com/datasets/finance-vix
2011-03-24,vix_close,18.0,index,github.com/datasets/finance-vix
2011-03-25,vix_close,17.91,index,github.com/datasets/finance-vix
2011-03-28,vix_close,19.44,index,github.com/datasets/finance-vix
2011-03-29,vix_close,18.16,index,github.com/datasets/finance-vix
2011-03-30,vix_close,17.71,index,github.com/datasets/finance-vix
2011-03-31,vix_close,17.74,index,github.com/datasets/finance-vix
2011-04-01,vix_close,17.4,index,github.com/datasets/finance-vix
2011-04-04,vix_close,17.5,index,github.com/datasets/finance-vix
2011-04-05,vix_close,17.25,index,github.com/datasets/finance-vix
2011-04-06,vix_close,16.9,index,github.com/datasets/finance-vix
2011-04-07,vix_close,17.11,index,github.com/datasets/finance-vix
2011-04-08,vix_close,17.87,index,github.com/datasets/finance-vix
2011-04-11,vix_close,16.59,index,github.com/datasets/finance-vix
2011-04-12,vix_close,17.09,index,github.com/datasets/finance-vix
2011-04-13,vix_close,16.92,index,github.com/datasets/finance-vix
2011-04-14,vix_close,16.27,index,github.com/datasets/finance-vix
2011-04-15,vix_close,15.32,index,github.com/datasets/finance-vix
2011-04-18,vix_close,16.96,index,github.com/datasets/finance-vix
2011-04-19,vix_close,15.83,index,github.com/datasets/finance-vix
2011-04-20,vix_close,15.07,index,github.com/datasets/finance-vix
2011-04-21,vix_close,14.69,index,github.com/datasets/finance-vix
2011-04-25,vix_close,15.77,index,github.com/datasets/finance-vix
2011-04-26,vix_close,15.62,index,github.com/datasets/finance-vix
2011-04-27,vix_close,15.35,index,github.com/datasets/finance-vix
2011-04-28,vix_close,14.62,index,github.com/datasets/finance-vix
2011-04-29,vix_close,14.75,index,github.com/datasets/finance-vix
2011-05-02,vix_close,15.99,index,github.com/datasets/finance-vix
2011-05-03,vix_close,16.7,index,github.com/datasets/finance-vix
2011-05-04,vix_close,17.08,index,github.com/datasets/finance-vix
2011-05-05,vix_close,18.2,index,github.com/datasets/finance-vix
2011-05-06,vix_close,18.4,index,github.com/datasets/finance-vix
2011-05-09,vix_close,17.16,index,github.com/datasets/finance-vix
2011-05-10,vix_close,15.91,index,github.com/datasets/finance-vix
2011-05-11,vix_close,16.95,index,github.com/datasets/finance-vix
2011-05-12,vix_close,16.03,index,github.com/datasets/finance-vix
2011-05-13,vix_close,17.07,index,github.com/datasets/finance-vix
2011-05-16,vix_close,18.24,index,github.com/datasets/finance-vix
2011-05-17,vix_close,17.55,index,github.com/datasets/finance-vix
2011-05-18,vix_close,16.23,index,github.com/datasets/finance-vix
2011-05-19,vix_close,15.52,index,github.com/datasets/finance-vix
2011-05-20,vix_close,17.43,index,github.com/datasets/finance-vix
2011-05-23,vix_close,18.27,index,github.com/datasets/finance-vix
2011-05-24,vix_close,17.82,index,github.com/datasets/finance-vix
2011-05-25,vix_close,17.07,index,github.com/datasets/finance-vix
2011-05-26,vix_close,16.09,index,github.com/datasets/finance-vix
2011-05-27,vix_close,15.98,index,github.com/datasets/finance-vix
2011-05-31,vix_close,15.45,index,github.com/datasets/finance-vix
2011-06-01,vix_close,18.3,index,github.com/datasets/finance-vix
2011-06-02,vix_close,18.09,index,github.com/datasets/finance-vix
2011-06-03,vix_close,17.95,index,github.com/datasets/finance-vix
2011-06-06,vix_close,18.49,index,github.com/datasets/finance-vix
2011-06-07,vix_close,18.07,index,github.com/datasets/finance-vix
2011-06-08,vix_close,18.79,index,github.com/datasets/finance-vix
2011-06-09,vix_close,17.77,index,github.com/datasets/finance-vix
2011-06-10,vix_close,18.86,index,github.com/datasets/finance-vix
2011-06-13,vix_close,19.61,index,github.com/datasets/finance-vix
2011-06-14,vix_close,18.26,index,github.com/datasets/finance-vix
2011-06-15,vix_close,21.32,index,github.com/datasets/finance-vix
2011-06-16,vix_close,22.73,index,github.com/datasets/finance-vix
2011-06-17,vix_close,21.85,index,github.com/datasets/finance-vix
2011-06-20,vix_close,19.99,index,github.com/datasets/finance-vix
2011-06-21,vix_close,18.86,index,github.com/datasets/finance-vix
2011-06-22,vix_close,18.52,index,github.com/datasets/finance-vix
2011-06-23,vix_close,19.29,index,github.com/datasets/finance-vix
2011-06-24,vix_close,21.1,index,github.com/datasets/finance-vix
2011-06-27,vix_close,20.56,index,github.com/datasets/finance-vix
2011-06-28,vix_close,19.17,index,github.com/datasets/finance-vix
2011-06-29,vix_close,17.27,index,github.com/datasets/finance-vix
2011-06-30,vix_close,16.52,index,github.com/datasets/finance-vix
2011-07-01,vix_close,15.87,index,github.com/datasets/finance-vix
2011-07-05,vix_close,16.06,index,github.com/datasets/finance-vix
2011-07-06,vix_close,16.34,index,github.com/datasets/finance-vix
2011-07-07,vix_close,15.95,index,github.com/datasets/finance-vix
2011-07-08,vix_close,15.95,index,github.com/datasets/finance-vix
2011-07-11,vix_close,18.39,index,github.com/datasets/finance-vix
2011-07-12,vix_close,19.87,index,github.com/datasets/finance-vix
2011-07-13,vix_close,19.91,index,github.com/datasets/finance-vix
2011-07-14,vix_close,20.8,index,github.com/datasets/finance-vix
2011-07-15,vix_close,19.53,index,github.com/datasets/finance-vix
2011-07-18,vix_close,20.95,index,github.com/datasets/finance-vix
2011-07-19,vix_close,19.21,index,github.com/datasets/finance-vix
2011-07-20,vix_close,19.09,index,github.com/datasets/finance-vix
2011-07-21,vix_close,17.56,index,github.com/datasets/finance-vix
2011-07-22,vix_close,17.52,index,github.com/datasets/finance-vix
2011-07-25,vix_close,19.35,index,github.com/datasets/finance-vix
2011-07-26,vix_close,20.23,index,github.com/datasets/finance-vix
2011-07-27,vix_close,22.98,index,github.com/datasets/finance-vix
2011-07-28,vix_close,23.74,index,github.com/datasets/finance-vix
2011-07-29,vix_close,25.25,index,github.com/datasets/finance-vix
2011-08-01,vix_close,23.66,index,github.com/datasets/finance-vix
2011-08-02,vix_close,24.79,index,github.com/datasets/finance-vix
2011-08-03,vix_close,23.38,index,github.com/datasets/finance-vix
2011-08-04,vix_close,31.66,index,github.com/datasets/finance-vix
2011-08-05,vix_close,32.0,index,github.com/datasets/finance-vix
2011-08-08,vix_close,48.0,index,github.com/datasets/finance-vix
2011-08-09,vix_close,35.06,index,github.com/datasets/finance-vix
2011-08-10,vix_close,42.99,index,github.com/datasets/finance-vix
2011-08-11,vix_close,39.0,index,github.com/datasets/finance-vix
2011-08-12,vix_close,36.36,index,github.com/datasets/finance-vix
2011-08-15,vix_close,31.87,index,github.com/datasets/finance-vix
2011-08-16,vix_close,32.85,index,github.com/datasets/finance-vix
2011-08-17,vix_close,31.58,index,github.com/datasets/finance-vix
2011-08-18,vix_close,42.67,index,github.com/datasets/finance-vix
2011-08-19,vix_close,43.05,index,github.com/datasets/finance-vix
2011-08-22,vix_close,42.44,index,github.com/datasets/finance-vix
2011-08-23,vix_close,36.27,index,github.com/datasets/finance-vix
2011-08-24,vix_close,35.9,index,github.com/datasets/finance-vix
2011-08-25,vix_close,39.76,index,github.com/datasets/finance-vix
2011-08-26,vix_close,35.59,index,github.com/datasets/finance-vix
2011-08-29,vix_close,32.28,index,github.com/datasets/finance-vix
2011-08-30,vix_close,32.89,index,github.com/datasets/finance-vix
2011-08-31,vix_close,31.62,index,github.com/datasets/finance-vix
2011-09-01,vix_close,31.82,index,github.com/datasets/finance-vix
2011-09-02,vix_close,33.92,index,github.com/datasets/finance-vix
2011-09-06,vix_close,37.0,index,github.com/datasets/finance-vix
2011-09-07,vix_close,33.38,index,github.com/datasets/finance-vix
2011-09-08,vix_close,34.32,index,github.com/datasets/finance-vix
2011-09-09,vix_close,38.52,index,github.com/datasets/finance-vix
2011-09-12,vix_close,38.59,index,github.com/datasets/finance-vix
2011-09-13,vix_close,36.91,index,github.com/datasets/finance-vix
2011-09-14,vix_close,34.6,index,github.com/datasets/finance-vix
2011-09-15,vix_close,31.97,index,github.com/datasets/finance-vix
2011-09-16,vix_close,30.98,index,github.com/datasets/finance-vix
2011-09-19,vix_close,32.73,index,github.com/datasets/finance-vix
2011-09-20,vix_close,32.86,index,github.com/datasets/finance-vix
2011-09-21,vix_close,37.32,index,github.com/datasets/finance-vix
2011-09-22,vix_close,41.35,index,github.com/datasets/finance-vix
2011-09-23,vix_close,41.25,index,github.com/datasets/finance-vix
2011-09-26,vix_close,39.02,index,github.com/datasets/finance-vix
2011-09-27,vix_close,37.71,index,github.com/datasets/finance-vix
2011-09-28,vix_close,41.08,index,github.com/datasets/finance-vix
2011-09-29,vix_close,38.84,index,github.com/datasets/finance-vix
2011-09-30,vix_close,42.96,index,github.com/datasets/finance-vix
2011-10-03,vix_close,45.45,index,github.com/datasets/finance-vix
2011-10-04,vix_close,40.82,index,github.com/datasets/finance-vix
2011-10-05,vix_close,37.81,index,github.com/datasets/finance-vix
2011-10-06,vix_close,36.27,index,github.com/datasets/finance-vix
2011-10-07,vix_close,36.2,index,github.com/datasets/finance-vix
2011-10-10,vix_close,33.02,index,github.com/datasets/finance-vix
2011-10-11,vix_close,32.86,index,github.com/datasets/finance-vix
2011-10-12,vix_close,31.26,index,github.com/datasets/finance-vix
2011-10-13,vix_close,30.7,index,github.com/datasets/finance-vix
2011-10-14,vix_close,28.24,index,github.com/datasets/finance-vix
2011-10-17,vix_close,33.39,index,github.com/datasets/finance-vix
2011-10-18,vix_close,31.56,index,github.com/datasets/finance-vix
2011-10-19,vix_close,34.44,index,github.com/datasets/finance-vix
2011-10-20,vix_close,34.78,index,github.com/datasets/finance-vix
2011-10-21,vix_close,31.32,index,github.com/datasets/finance-vix
2011-10-24,vix_close,29.26,index,github.com/datasets/finance-vix
2011-10-25,vix_close,32.22,index,github.com/datasets/finance-vix
2011-10-26,vix_close,29.86,index,github.com/datasets/finance-vix
2011-10-27,vix_close,25.46,index,github.com/datasets/finance-vix
2011-10-28,vix_close,24.53,index,github.com/datasets/finance-vix
2011-10-31,vix_close,29.96,index,github.com/datasets/finance-vix
2011-11-01,vix_close,34.77,index,github.com/datasets/finance-vix
2011-11-02,vix_close,32.74,index,github.com/datasets/finance-vix
2011-11-03,vix_close,30.5,index,github.com/datasets/finance-vix
2011-11-04,vix_close,30.16,index,github.com/datasets/finance-vix
2011-11-07,vix_close,29.85,index,github.com/datasets/finance-vix
2011-11-08,vix_close,27.48,index,github.com/datasets/finance-vix
2011-11-09,vix_close,36.16,index,github.com/datasets/finance-vix
2011-11-10,vix_close,32.81,index,github.com/datasets/finance-vix
2011-11-11,vix_close,30.04,index,github.com/datasets/finance-vix
2011-11-14,vix_close,31.13,index,github.com/datasets/finance-vix
2011-11-15,vix_close,31.22,index,github.com/datasets/finance-vix
2011-11-16,vix_close,33.51,index,github.com/datasets/finance-vix
2011-11-17,vix_close,34.51,index,github.com/datasets/finance-vix
2011-11-18,vix_close,32.0,index,github.com/datasets/finance-vix
2011-11-21,vix_close,32.91,index,github.com/datasets/finance-vix
2011-11-22,vix_close,31.97,index,github.com/datasets/finance-vix
2011-11-23,vix_close,33.98,index,github.com/datasets/finance-vix
2011-11-25,vix_close,34.47,index,github.com/datasets/finance-vix
2011-11-28,vix_close,32.13,index,github.com/datasets/finance-vix
2011-11-29,vix_close,30.64,index,github.com/datasets/finance-vix
2011-11-30,vix_close,27.8,index,github.com/datasets/finance-vix
2011-12-01,vix_close,27.41,index,github.com/datasets/finance-vix
2011-12-02,vix_close,27.52,index,github.com/datasets/finance-vix
2011-12-05,vix_close,27.84,index,github.com/datasets/finance-vix
2011-12-06,vix_close,28.13,index,github.com/datasets/finance-vix
2011-12-07,vix_close,28.67,index,github.com/datasets/finance-vix
2011-12-08,vix_close,30.59,index,github.com/datasets/finance-vix
2011-12-09,vix_close,26.38,index,github.com/datasets/finance-vix
2011-12-12,vix_close,25.67,index,github.com/datasets/finance-vix
2011-12-13,vix_close,25.41,index,github.com/datasets/finance-vix
2011-12-14,vix_close,26.04,index,github.com/datasets/finance-vix
2011-12-15,vix_close,25.11,index,github.com/datasets/finance-vix
2011-12-16,vix_close,24.29,index,github.com/datasets/finance-vix
2011-12-19,vix_close,24.92,index,github.com/datasets/finance-vix
2011-12-20,vix_close,23.22,index,github.com/datasets/finance-vix
2011-12-21,vix_close,21.43,index,github.com/datasets/finance-vix
2011-12-22,vix_close,21.16,index,github.com/datasets/finance-vix
2011-12-23,vix_close,20.73,index,github.com/datasets/finance-vix
2011-12-27,vix_close,21.91,index,github.com/datasets/finance-vix
2011-12-28,vix_close,23.52,index,github.com/datasets/finance-vix
2011-12-29,vix_close,22.65,index,github.com/datasets/finance-vix
2011-12-30,vix_close,23.4,index,github.com/datasets/finance-vix
2012-01-03,vix_close,22.97,index,github.com/datasets/finance-vix
2012-01-04,vix_close,22.22,index,github.com/datasets/finance-vix
2012-01-05,vix_close,21.48,index,github.com/datasets/finance-vix
2012-01-06,vix_close,20.63,index,github.com/datasets/finance-vix
2012-01-09,vix_close,21.07,index,github.com/datasets/finance-vix
2012-01-10,vix_close,20.69,index,github.com/datasets/finance-vix
2012-01-11,vix_close,21.05,index,github.com/datasets/finance-vix
2012-01-12,vix_close,20.47,index,github.com/datasets/finance-vix
2012-01-13,vix_close,20.91,index,github.com/datasets/finance-vix
2012-01-17,vix_close,22.2,index,github.com/datasets/finance-vix
2012-01-18,vix_close,20.89,index,github.com/datasets/finance-vix
2012-01-19,vix_close,19.87,index,github.com/datasets/finance-vix
2012-01-20,vix_close,18.28,index,github.com/datasets/finance-vix
2012-01-23,vix_close,18.67,index,github.com/datasets/finance-vix
2012-01-24,vix_close,18.91,index,github.com/datasets/finance-vix
2012-01-25,vix_close,18.31,index,github.com/datasets/finance-vix
2012-01-26,vix_close,18.57,index,github.com/datasets/finance-vix
2012-01-27,vix_close,18.53,index,github.com/datasets/finance-vix
2012-01-30,vix_close,19.4,index,github.com/datasets/finance-vix
2012-01-31,vix_close,19.44,index,github.com/datasets/finance-vix
2012-02-01,vix_close,18.55,index,github.com/datasets/finance-vix
2012-02-02,vix_close,17.98,index,github.com/datasets/finance-vix
2012-02-03,vix_close,17.1,index,github.com/datasets/finance-vix
2012-02-06,vix_close,17.76,index,github.com/datasets/finance-vix
2012-02-07,vix_close,17.65,index,github.com/datasets/finance-vix
2012-02-08,vix_close,18.16,index,github.com/datasets/finance-vix
2012-02-09,vix_close,18.63,index,github.com/datasets/finance-vix
2012-02-10,vix_close,20.79,index,github.com/datasets/finance-vix
2012-02-13,vix_close,19.04,index,github.com/datasets/finance-vix
2012-02-14,vix_close,19.54,index,github.com/datasets/finance-vix
2012-02-15,vix_close,21.14,index,github.com/datasets/finance-vix
2012-02-16,vix_close,19.22,index,github.com/datasets/finance-vix
2012-02-17,vix_close,17.78,index,github.com/datasets/finance-vix
2012-02-21,vix_close,18.19,index,github.com/datasets/finance-vix
2012-02-22,vix_close,18.19,index,github.com/datasets/finance-vix
2012-02-23,vix_close,16.8,index,github.com/datasets/finance-vix
2012-02-24,vix_close,17.31,index,github.com/datasets/finance-vix
2012-02-27,vix_close,18.19,index,github.com/datasets/finance-vix
2012-02-28,vix_close,17.96,index,github.com/datasets/finance-vix
2012-02-29,vix_close,18.43,index,github.com/datasets/finance-vix
2012-03-01,vix_close,17.26,index,github.com/datasets/finance-vix
2012-03-02,vix_close,17.29,index,github.com/datasets/finance-vix
2012-03-05,vix_close,18.05,index,github.com/datasets/finance-vix
2012-03-06,vix_close,20.87,index,github.com/datasets/finance-vix
2012-03-07,vix_close,19.07,index,github.com/datasets/finance-vix
2012-03-08,vix_close,17.95,index,github.com/datasets/finance-vix
2012-03-09,vix_close,17.11,index,github.com/datasets/finance-vix
2012-03-12,vix_close,15.64,index,github.com/datasets/finance-vix
2012-03-13,vix_close,14.8,index,github.com/datasets/finance-vix
2012-03-14,vix_close,15.31,index,github.com/datasets/finance-vix
2012-03-15,vix_close,15.42,index,github.com/datasets/finance-vix
2012-03-16,vix_close,14.47,index,github.com/datasets/finance-vix
2012-03-19,vix_close,15.04,index,github.com/datasets/finance-vix
2012-03-20,vix_close,15.58,index,github.com/datasets/finance-vix
2012-03-21,vix_close,15.13,index,github.com/datasets/finance-vix
2012-03-22,vix_close,15.57,index,github.com/datasets/finance-vix
2012-03-23,vix_close,14.82,index,github.com/datasets/finance-vix
2012-03-26,vix_close,14.26,index,github.com/datasets/finance-vix
2012-03-27,vix_close,15.59,index,github.com/datasets/finance-vix
2012-03-28,vix_close,15.47,index,github.com/datasets/finance-vix
2012-03-29,vix_close,15.48,index,github.com/datasets/finance-vix
2012-03-30,vix_close,15.5,index,github.com/datasets/finance-vix
2012-04-02,vix_close,15.64,index,github.com/datasets/finance-vix
2012-04-03,vix_close,15.66,index,github.com/datasets/finance-vix
2012-04-04,vix_close,16.44,index,github.com/datasets/finance-vix
2012-04-05,vix_close,16.7,index,github.com/datasets/finance-vix
2012-04-09,vix_close,18.81,index,github.com/datasets/finance-vix
2012-04-10,vix_close,20.39,index,github.com/datasets/finance-vix
2012-04-11,vix_close,20.02,index,github.com/datasets/finance-vix
2012-04-12,vix_close,17.2,index,github.com/datasets/finance-vix
2012-04-13,vix_close,19.55,index,github.com/datasets/finance-vix
2012-04-16,vix_close,19.55,index,github.com/datasets/finance-vix
2012-04-17,vix_close,18.46,index,github.com/datasets/finance-vix
2012-04-18,vix_close,18.64,index,github.com/datasets/finance-vix
2012-04-19,vix_close,18.36,index,github.com/datasets/finance-vix
2012-04-20,vix_close,17.44,index,github.com/datasets/finance-vix
2012-04-23,vix_close,18.97,index,github.com/datasets/finance-vix
2012-04-24,vix_close,18.1,index,github.com/datasets/finance-vix
2012-04-25,vix_close,16.82,index,github.com/datasets/finance-vix
2012-04-26,vix_close,16.24,index,github.com/datasets/finance-vix
2012-04-27,vix_close,16.32,index,github.com/datasets/finance-vix
2012-04-30,vix_close,17.15,index,github.com/datasets/finance-vix
2012-05-01,vix_close,16.6,index,github.com/datasets/finance-vix
2012-05-02,vix_close,16.88,index,github.com/datasets/finance-vix
2012-05-03,vix_close,17.56,index,github.com/datasets/finance-vix
2012-05-04,vix_close,19.16,index,github.com/datasets/finance-vix
2012-05-07,vix_close,18.94,index,github.com/datasets/finance-vix
2012-05-08,vix_close,19.05,index,github.com/datasets/finance-vix
2012-05-09,vix_close,20.08,index,github.com/datasets/finance-vix
2012-05-10,vix_close,18.83,index,github.com/datasets/finance-vix
2012-05-11,vix_close,19.89,index,github.com/datasets/finance-vix
2012-05-14,vix_close,21.87,index,github.com/datasets/finance-vix
2012-05-15,vix_close,21.97,index,github.com/datasets/finance-vix
2012-05-16,vix_close,22.27,index,github.com/datasets/finance-vix
2012-05-17,vix_close,24.49,index,github.com/datasets/finance-vix
2012-05-18,vix_close,25.1,index,github.com/datasets/finance-vix
2012-05-21,vix_close,22.01,index,github.com/datasets/finance-vix
2012-05-22,vix_close,22.48,index,github.com/datasets/finance-vix
2012-05-23,vix_close,22.33,index,github.com/datasets/finance-vix
2012-05-24,vix_close,21.54,index,github.com/datasets/finance-vix
2012-05-25,vix_close,21.76,index,github.com/datasets/finance-vix
2012-05-29,vix_close,21.03,index,github.com/datasets/finance-vix
2012-05-30,vix_close,24.14,index,github.com/datasets/finance-vix
2012-05-31,vix_close,24.06,index,github.com/datasets/finance-vix
2012-06-01,vix_close,26.66,index,github.com/datasets/finance-vix
2012-06-04,vix_close,26.12,index,github.com/datasets/finance-vix
2012-06-05,vix_close,24.68,index,github.com/datasets/finance-vix
2012-06-06,vix_close,22.16,index,github.com/datasets/finance-vix
2012-06-07,vix_close,21.72,index,github.com/datasets/finance-vix
2012-06-08,vix_close,21.23,index,github.com/datasets/finance-vix
2012-06-11,vix_close,23.56,index,github.com/datasets/finance-vix
2012-06-12,vix_close,22.09,index,github.com/datasets/finance-vix
2012-06-13,vix_close,24.27,index,github.com/datasets/finance-vix
2012-06-14,vix_close,21.68,index,github.com/datasets/finance-vix
2012-06-15,vix_close,21.11,index,github.com/datasets/finance-vix
2012-06-18,vix_close,18.32,index,github.com/datasets/finance-vix
2012-06-19,vix_close,18.38,index,github.com/datasets/finance-vix
2012-06-20,vix_close,17.24,index,github.com/datasets/finance-vix
2012-06-21,vix_close,20.08,index,github.com/datasets/finance-vix
2012-06-22,vix_close,18.11,index,github.com/datasets/finance-vix
2012-06-25,vix_close,20.38,index,github.com/datasets/finance-vix
2012-06-26,vix_close,19.72,index,github.com/datasets/finance-vix
2012-06-27,vix_close,19.45,index,github.com/datasets/finance-vix
2012-06-28,vix_close,19.71,index,github.com/datasets/finance-vix
2012-06-29,vix_close,17.08,index,github.com/datasets/finance-vix
2012-07-02,vix_close,16.8,index,github.com/datasets/finance-vix
2012-07-03,vix_close,16.66,index,github.com/datasets/finance-vix
2012-07-05,vix_close,17.5,index,github.com/datasets/finance-vix
2012-07-06,vix_close,17.1,index,github.com/datasets/finance-vix
2012-07-09,vix_close,17.98,index,github.com/datasets/finance-vix
2012-07-10,vix_close,18.72,index,github.com/datasets/finance-vix
2012-07-11,vix_close,17.95,index,github.com/datasets/finance-vix
2012-07-12,vix_close,18.33,index,github.com/datasets/finance-vix
2012-07-13,vix_close,16.74,index,github.com/datasets/finance-vix
2012-07-16,vix_close,17.11,index,github.com/datasets/finance-vix
2012-07-17,vix_close,16.48,index,github.com/datasets/finance-vix
2012-07-18,vix_close,16.16,index,github.com/datasets/finance-vix
2012-07-19,vix_close,15.45,index,github.com/datasets/finance-vix
2012-07-20,vix_close,16.27,index,github.com/datasets/finance-vix
2012-07-23,vix_close,18.62,index,github.com/datasets/finance-vix
2012-07-24,vix_close,20.47,index,github.com/datasets/finance-vix
2012-07-25,vix_close,19.34,index,github.com/datasets/finance-vix
2012-07-26,vix_close,17.53,index,github.com/datasets/finance-vix
2012-07-27,vix_close,16.7,index,github.com/datasets/finance-vix
2012-07-30,vix_close,18.03,index,github.com/datasets/finance-vix
2012-07-31,vix_close,18.93,index,github.com/datasets/finance-vix
2012-08-01,vix_close,18.96,index,github.com/datasets/finance-vix
2012-08-02,vix_close,17.57,index,github.com/datasets/finance-vix
2012-08-03,vix_close,15.64,index,github.com/datasets/finance-vix
2012-08-06,vix_close,15.95,index,github.com/datasets/finance-vix
2012-08-07,vix_close,15.99,index,github.com/datasets/finance-vix
2012-08-08,vix_close,15.32,index,github.com/datasets/finance-vix
2012-08-09,vix_close,15.28,index,github.com/datasets/finance-vix
2012-08-10,vix_close,14.74,index,github.com/datasets/finance-vix
2012-08-13,vix_close,13.7,index,github.com/datasets/finance-vix
2012-08-14,vix_close,14.85,index,github.com/datasets/finance-vix
2012-08-15,vix_close,14.63,index,github.com/datasets/finance-vix
2012-08-16,vix_close,14.29,index,github.com/datasets/finance-vix
2012-08-17,vix_close,13.45,index,github.com/datasets/finance-vix
2012-08-20,vix_close,14.02,index,github.com/datasets/finance-vix
2012-08-21,vix_close,15.02,index,github.com/datasets/finance-vix
2012-08-22,vix_close,15.11,index,github.com/datasets/finance-vix
2012-08-23,vix_close,15.96,index,github.com/datasets/finance-vix
2012-08-24,vix_close,15.18,index,github.com/datasets/finance-vix
2012-08-27,vix_close,16.35,index,github.com/datasets/finance-vix
2012-08-28,vix_close,16.49,index,github.com/datasets/finance-vix
2012-08-29,vix_close,17.06,index,github.com/datasets/finance-vix
2012-08-30,vix_close,17.83,index,github.com/datasets/finance-vix
2012-08-31,vix_close,17.47,index,github.com/datasets/finance-vix
2012-09-04,vix_close,17.98,index,github.com/datasets/finance-vix
2012-09-05,vix_close,17.74,index,github.com/datasets/finance-vix
2012-09-06,vix_close,15.6,index,github.com/datasets/finance-vix
2012-09-07,vix_close,14.38,index,github.com/datasets/finance-vix
2012-09-10,vix_close,16.28,index,github.com/datasets/finance-vix
2012-09-11,vix_close,16.41,index,github.com/datasets/finance-vix
2012-09-12,vix_close,15.8,index,github.com/datasets/finance-vix
2012-09-13,vix_close,14.05,index,github.com/datasets/finance-vix
2012-09-14,vix_close,14.51,index,github.com/datasets/finance-vix
2012-09-17,vix_close,14.59,index,github.com/datasets/finance-vix
2012-09-18,vix_close,14.18,index,github.com/datasets/finance-vix
2012-09-19,vix_close,13.88,index,github.com/datasets/finance-vix
2012-09-20,vix_close,14.07,index,github.com/datasets/finance-vix
2012-09-21,vix_close,13.98,index,github.com/datasets/finance-vix
2012-09-24,vix_close,14.15,index,github.com/datasets/finance-vix
2012-09-25,vix_close,15.43,index,github.com/datasets/finance-vix
2012-09-26,vix_close,16.81,index,github.com/datasets/finance-vix
2012-09-27,vix_close,14.84,index,github.com/datasets/finance-vix
2012-09-28,vix_close,15.73,index,github.com/datasets/finance-vix
2012-10-01,vix_close,16.32,index,github.com/datasets/finance-vix
2012-10-02,vix_close,15.71,index,github.com/datasets/finance-vix
2012-10-03,vix_close,15.43,index,github.com/datasets/finance-vix
2012-10-04,vix_close,14.55,index,github.com/datasets/finance-vix
2012-10-05,vix_close,14.33,index,github.com/datasets/finance-vix
2012-10-08,vix_close,15.11,index,github.com/datasets/finance-vix
2012-10-09,vix_close,16.37,index,github.com/datasets/finance-vix
2012-10-10,vix_close,16.29,index,github.com/datasets/finance-vix
2012-10-11,vix_close,15.59,index,github.com/datasets/finance-vix
2012-10-12,vix_close,16.14,index,github.com/datasets/finance-vix
2012-10-15,vix_close,15.27,index,github.com/datasets/finance-vix
2012-10-16,vix_close,15.22,index,github.com/datasets/finance-vix
2012-10-17,vix_close,15.07,index,github.com/datasets/finance-vix
2012-10-18,vix_close,15.03,index,github.com/datasets/finance-vix
2012-10-19,vix_close,17.06,index,github.com/datasets/finance-vix
2012-10-22,vix_close,16.62,index,github.com/datasets/finance-vix
2012-10-23,vix_close,18.83,index,github.com/datasets/finance-vix
2012-10-24,vix_close,18.33,index,github.com/datasets/finance-vix
2012-10-25,vix_close,18.12,index,github.com/datasets/finance-vix
2012-10-26,vix_close,17.81,index,github.com/datasets/finance-vix
2012-10-31,vix_close,18.6,index,github.com/datasets/finance-vix
2012-11-01,vix_close,16.69,index,github.com/datasets/finance-vix
2012-11-02,vix_close,17.59,index,github.com/datasets/finance-vix
2012-11-05,vix_close,18.42,index,github.com/datasets/finance-vix
2012-11-06,vix_close,17.58,index,github.com/datasets/finance-vix
2012-11-07,vix_close,19.08,index,github.com/datasets/finance-vix
2012-11-08,vix_close,18.49,index,github.com/datasets/finance-vix
2012-11-09,vix_close,18.61,index,github.com/datasets/finance-vix
2012-11-12,vix_close,16.68,index,github.com/datasets/finance-vix
2012-11-13,vix_close,16.65,index,github.com/datasets/finance-vix
2012-11-14,vix_close,17.92,index,github.com/datasets/finance-vix
2012-11-15,vix_close,17.99,index,github.com/datasets/finance-vix
2012-11-16,vix_close,16.41,index,github.com/datasets/finance-vix
2012-11-19,vix_close,15.24,index,github.com/datasets/finance-vix
2012-11-20,vix_close,15.08,index,github.com/datasets/finance-vix
2012-11-21,vix_close,15.31,index,github.com/datasets/finance-vix
2012-11-23,vix_close,15.14,index,github.com/datasets/finance-vix
2012-11-26,vix_close,15.5,index,github.com/datasets/finance-vix
2012-11-27,vix_close,15.92,index,github.com/datasets/finance-vix
2012-11-28,vix_close,15.51,index,github.com/datasets/finance-vix
2012-11-29,vix_close,15.06,index,github.com/datasets/finance-vix
2012-11-30,vix_close,15.87,index,github.com/datasets/finance-vix
2012-12-03,vix_close,16.64,index,github.com/datasets/finance-vix
2012-12-04,vix_close,17.12,index,github.com/datasets/finance-vix
2012-12-05,vix_close,16.46,index,github.com/datasets/finance-vix
2012-12-06,vix_close,16.58,index,github.com/datasets/finance-vix
2012-12-07,vix_close,15.9,index,github.com/datasets/finance-vix
2012-12-10,vix_close,16.05,index,github.com/datasets/finance-vix
2012-12-11,vix_close,15.57,index,github.com/datasets/finance-vix
2012-12-12,vix_close,15.95,index,github.com/datasets/finance-vix
2012-12-13,vix_close,16.56,index,github.com/datasets/finance-vix
2012-12-14,vix_close,17.0,index,github.com/datasets/finance-vix
2012-12-17,vix_close,16.34,index,github.com/datasets/finance-vix
2012-12-18,vix_close,15.57,index,github.com/datasets/finance-vix
2012-12-19,vix_close,17.36,index,github.com/datasets/finance-vix
2012-12-20,vix_close,17.67,index,github.com/datasets/finance-vix
2012-12-21,vix_close,17.84,index,github.com/datasets/finance-vix
2012-12-24,vix_close,17.84,index,github.com/datasets/finance-vix
2012-12-26,vix_close,19.48,index,github.com/datasets/finance-vix
2012-12-27,vix_close,19.47,index,github.com/datasets/finance-vix
2012-12-28,vix_close,22.72,index,github.com/datasets/finance-vix
2012-12-31,vix_close,18.02,index,github.com/datasets/finance-vix
2013-01-02,vix_close,14.68,index,github.com/datasets/finance-vix
2013-01-03,vix_close,14.56,index,github.com/datasets/finance-vix
2013-01-04,vix_close,13.83,index,github.com/datasets/finance-vix
2013-01-07,vix_close,13.79,index,github.com/datasets/finance-vix
2013-01-08,vix_close,13.62,index,github.com/datasets/finance-vix
2013-01-09,vix_close,13.81,index,github.com/datasets/finance-vix
2013-01-10,vix_close,13.49,index,github.com/datasets/finance-vix
2013-01-11,vix_close,13.36,index,github.com/datasets/finance-vix
2013-01-14,vix_close,13.52,index,github.com/datasets/finance-vix
2013-01-15,vix_close,13.55,index,github.com/datasets/finance-vix
2013-01-16,vix_close,13.42,index,github.com/datasets/finance-vix
2013-01-17,vix_close,13.57,index,github.com/datasets/finance-vix
2013-01-18,vix_close,12.46,index,github.com/datasets/finance-vix
2013-01-22,vix_close,12.43,index,github.com/datasets/finance-vix
2013-01-23,vix_close,12.46,index,github.com/datasets/finance-vix
2013-01-24,vix_close,12.69,index,github.com/datasets/finance-vix
2013-01-25,vix_close,12.89,index,github.com/datasets/finance-vix
2013-01-28,vix_close,13.57,index,github.com/datasets/finance-vix
2013-01-29,vix_close,13.31,index,github.com/datasets/finance-vix
2013-01-30,vix_close,14.32,index,github.com/datasets/finance-vix
2013-01-31,vix_close,14.28,index,github.com/datasets/finance-vix
2013-02-01,vix_close,12.9,index,github.com/datasets/finance-vix
2013-02-04,vix_close,14.67,index,github.com/datasets/finance-vix
2013-02-05,vix_close,13.72,index,github.com/datasets/finance-vix
2013-02-06,vix_close,13.41,index,github.com/datasets/finance-vix
2013-02-07,vix_close,13.5,index,github.com/datasets/finance-vix
2013-02-08,vix_close,13.02,index,github.com/datasets/finance-vix
2013-02-11,vix_close,12.94,index,github.com/datasets/finance-vix
2013-02-12,vix_close,12.64,index,github.com/datasets/finance-vix
2013-02-13,vix_close,12.98,index,github.com/datasets/finance-vix
2013-02-14,vix_close,12.66,index,github.com/datasets/finance-vix
2013-02-15,vix_close,12.46,index,github.com/datasets/finance-vix
2013-02-19,vix_close,12.31,index,github.com/datasets/finance-vix
2013-02-20,vix_close,14.68,index,github.com/datasets/finance-vix
2013-02-21,vix_close,15.22,index,github.com/datasets/finance-vix
2013-02-22,vix_close,14.17,index,github.com/datasets/finance-vix
2013-02-25,vix_close,18.99,index,github.com/datasets/finance-vix
2013-02-26,vix_close,16.87,index,github.com/datasets/finance-vix
2013-02-27,vix_close,14.73,index,github.com/datasets/finance-vix
2013-02-28,vix_close,15.51,index,github.com/datasets/finance-vix
2013-03-01,vix_close,15.36,index,github.com/datasets/finance-vix
2013-03-04,vix_close,14.01,index,github.com/datasets/finance-vix
2013-03-05,vix_close,13.48,index,github.com/datasets/finance-vix
2013-03-06,vix_close,13.53,index,github.com/datasets/finance-vix
2013-03-07,vix_close,13.06,index,github.com/datasets/finance-vix
2013-03-08,vix_close,12.59,index,github.com/datasets/finance-vix
2013-03-11,vix_close,11.56,index,github.com/datasets/finance-vix
2013-03-12,vix_close,12.27,index,github.com/datasets/finance-vix
2013-03-13,vix_close,11.83,index,github.com/datasets/finance-vix
2013-03-14,vix_close,11.3,index,github.com/datasets/finance-vix
2013-03-15,vix_close,11.3,index,github.com/datasets/finance-vix
2013-03-18,vix_close,13.36,index,github.com/datasets/finance-vix
2013-03-19,vix_close,14.39,index,github.com/datasets/finance-vix
2013-03-20,vix_close,12.67,index,github.com/datasets/finance-vix
2013-03-21,vix_close,13.99,index,github.com/datasets/finance-vix
2013-03-22,vix_close,13.57,index,github.com/datasets/finance-vix
2013-03-25,vix_close,13.74,index,github.com/datasets/finance-vix
2013-03-26,vix_close,12.77,index,github.com/datasets/finance-vix
2013-03-27,vix_close,13.15,index,github.com/datasets/finance-vix
2013-03-28,vix_close,12.7,index,github.com/datasets/finance-vix
2013-04-01,vix_close,13.58,index,github.com/datasets/finance-vix
2013-04-02,vix_close,12.78,index,github.com/datasets/finance-vix
2013-04-03,vix_close,14.21,index,github.com/datasets/finance-vix
2013-04-04,vix_close,13.89,index,github.com/datasets/finance-vix
2013-04-05,vix_close,13.92,index,github.com/datasets/finance-vix
2013-04-08,vix_close,13.19,index,github.com/datasets/finance-vix
2013-04-09,vix_close,12.84,index,github.com/datasets/finance-vix
2013-04-10,vix_close,12.36,index,github.com/datasets/finance-vix
2013-04-11,vix_close,12.24,index,github.com/datasets/finance-vix
2013-04-12,vix_close,12.06,index,github.com/datasets/finance-vix
2013-04-15,vix_close,17.27,index,github.com/datasets/finance-vix
2013-04-16,vix_close,13.96,index,github.com/datasets/finance-vix
2013-04-17,vix_close,16.51,index,github.com/datasets/finance-vix
2013-04-18,vix_close,17.56,index,github.com/datasets/finance-vix
2013-04-19,vix_close,14.97,index,github.com/datasets/finance-vix
2013-04-22,vix_close,14.39,index,github.com/datasets/finance-vix
2013-04-23,vix_close,13.48,index,github.com/datasets/finance-vix
2013-04-24,vix_close,13.61,index,github.com/datasets/finance-vix
2013-04-25,vix_close,13.62,index,github.com/datasets/finance-vix
2013-04-26,vix_close,13.61,index,github.com/datasets/finance-vix
2013-04-29,vix_close,13.71,index,github.com/datasets/finance-vix
2013-04-30,vix_close,13.52,index,github.com/datasets/finance-vix
2013-05-01,vix_close,14.49,index,github.com/datasets/finance-vix
2013-05-02,vix_close,13.59,index,github.com/datasets/finance-vix
2013-05-03,vix_close,12.85,index,github.com/datasets/finance-vix
2013-05-06,vix_close,12.66,index,github.com/datasets/finance-vix
2013-05-07,vix_close,12.83,index,github.com/datasets/finance-vix
2013-05-08,vix_close,12.66,index,github.com/datasets/finance-vix
2013-05-09,vix_close,13.13,index,github.com/datasets/finance-vix
2013-05-10,vix_close,12.59,index,github.com/datasets/finance-vix
2013-05-13,vix_close,12.55,index,github.com/datasets/finance-vix
2013-05-14,vix_close,12.77,index,github.com/datasets/finance-vix
2013-05-15,vix_close,12.81,index,github.com/datasets/finance-vix
2013-05-16,vix_close,13.07,index,github.com/datasets/finance-vix
2013-05-17,vix_close,12.45,index,github.com/datasets/finance-vix
2013-05-20,vix_close,13.02,index,github.com/datasets/finance-vix
2013-05-21,vix_close,13.37,index,github.com/datasets/finance-vix
2013-05-22,vix_close,13.82,index,github.com/datasets/finance-vix
2013-05-23,vix_close,14.07,index,github.com/datasets/finance-vix
2013-05-24,vix_close,13.99,index,github.com/datasets/finance-vix
2013-05-28,vix_close,14.48,index,github.com/datasets/finance-vix
2013-05-29,vix_close,14.83,index,github.com/datasets/finance-vix
2013-05-30,vix_close,14.53,index,github.com/datasets/finance-vix
2013-05-31,vix_close,16.3,index,github.com/datasets/finance-vix
2013-06-03,vix_close,16.28,index,github.com/datasets/finance-vix
2013-06-04,vix_close,16.27,index,github.com/datasets/finance-vix
2013-06-05,vix_close,17.5,index,github.com/datasets/finance-vix
2013-06-06,vix_close,16.63,index,github.com/datasets/finance-vix
2013-06-07,vix_close,15.14,index,github.com/datasets/finance-vix
2013-06-10,vix_close,15.44,index,github.com/datasets/finance-vix
2013-06-11,vix_close,17.07,index,github.com/datasets/finance-vix
2013-06-12,vix_close,18.59,index,github.com/datasets/finance-vix
2013-06-13,vix_close,16.41,index,github.com/datasets/finance-vix
2013-06-14,vix_close,17.15,index,github.com/datasets/finance-vix
2013-06-17,vix_close,16.8,index,github.com/datasets/finance-vix
2013-06-18,vix_close,16.61,index,github.com/datasets/finance-vix
2013-06-19,vix_close,16.64,index,github.com/datasets/finance-vix
2013-06-20,vix_close,20.49,index,github.com/datasets/finance-vix
2013-06-21,vix_close,18.9,index,github.com/datasets/finance-vix
2013-06-24,vix_close,20.11,index,github.com/datasets/finance-vix
2013-06-25,vix_close,18.47,index,github.com/datasets/finance-vix
2013-06-26,vix_close,17.21,index,github.com/datasets/finance-vix
2013-06-27,vix_close,16.86,index,github.com/datasets/finance-vix
2013-06-28,vix_close,16.86,index,github.com/datasets/finance-vix
2013-07-01,vix_close,16.37,index,github.com/datasets/finance-vix
2013-07-02,vix_close,16.44,index,github.com/datasets/finance-vix
2013-07-03,vix_close,16.2,index,github.com/datasets/finance-vix
2013-07-05,vix_close,14.89,index,github.com/datasets/finance-vix
2013-07-08,vix_close,14.78,index,github.com/datasets/finance-vix
2013-07-09,vix_close,14.35,index,github.com/datasets/finance-vix
2013-07-10,vix_close,14.21,index,github.com/datasets/finance-vix
2013-07-11,vix_close,14.01,index,github.com/datasets/finance-vix
2013-07-12,vix_close,13.84,index,github.com/datasets/finance-vix
2013-07-15,vix_close,13.79,index,github.com/datasets/finance-vix
2013-07-16,vix_close,14.42,index,github.com/datasets/finance-vix
2013-07-17,vix_close,13.78,index,github.com/datasets/finance-vix
2013-07-18,vix_close,13.77,index,github.com/datasets/finance-vix
2013-07-19,vix_close,12.54,index,github.com/datasets/finance-vix
2013-07-22,vix_close,12.29,index,github.com/datasets/finance-vix
2013-07-23,vix_close,12.66,index,github.com/datasets/finance-vix
2013-07-24,vix_close,13.18,index,github.com/datasets/finance-vix
2013-07-25,vix_close,12.97,index,github.com/datasets/finance-vix
2013-07-26,vix_close,12.72,index,github.com/datasets/finance-vix
2013-07-29,vix_close,13.39,index,github.com/datasets/finance-vix
2013-07-30,vix_close,13.39,index,github.com/datasets/finance-vix
2013-07-31,vix_close,13.45,index,github.com/datasets/finance-vix
2013-08-01,vix_close,12.94,index,github.com/datasets/finance-vix
2013-08-02,vix_close,11.98,index,github.com/datasets/finance-vix
2013-08-05,vix_close,11.84,index,github.com/datasets/finance-vix
2013-08-06,vix_close,12.72,index,github.com/datasets/finance-vix
2013-08-07,vix_close,12.98,index,github.com/datasets/finance-vix
2013-08-08,vix_close,12.73,index,github.com/datasets/finance-vix
2013-08-09,vix_close,13.41,index,github.com/datasets/finance-vix
2013-08-12,vix_close,12.81,index,github.com/datasets/finance-vix
2013-08-13,vix_close,12.31,index,github.com/datasets/finance-vix
2013-08-14,vix_close,13.04,index,github.com/datasets/finance-vix
2013-08-15,vix_close,14.73,index,github.com/datasets/finance-vix
2013-08-16,vix_close,14.37,index,github.com/datasets/finance-vix
2013-08-19,vix_close,15.1,index,github.com/datasets/finance-vix
2013-08-20,vix_close,14.91,index,github.com/datasets/finance-vix
2013-08-21,vix_close,15.94,index,github.com/datasets/finance-vix
2013-08-22,vix_close,14.76,index,github.com/datasets/finance-vix
2013-08-23,vix_close,13.98,index,github.com/datasets/finance-vix
2013-08-26,vix_close,14.99,index,github.com/datasets/finance-vix
2013-08-27,vix_close,16.77,index,github.com/datasets/finance-vix
2013-08-28,vix_close,16.49,index,github.com/datasets/finance-vix
2013-08-29,vix_close,16.81,index,github.com/datasets/finance-vix
2013-08-30,vix_close,17.01,index,github.com/datasets/finance-vix
2013-09-03,vix_close,16.61,index,github.com/datasets/finance-vix
2013-09-04,vix_close,15.88,index,github.com/datasets/finance-vix
2013-09-05,vix_close,15.77,index,github.com/datasets/finance-vix
2013-09-06,vix_close,15.85,index,github.com/datasets/finance-vix
2013-09-09,vix_close,15.63,index,github.com/datasets/finance-vix
2013-09-10,vix_close,14.53,index,github.com/datasets/finance-vix
2013-09-11,vix_close,13.82,index,github.com/datasets/finance-vix
2013-09-12,vix_close,14.29,index,github.com/datasets/finance-vix
2013-09-13,vix_close,14.16,index,github.com/datasets/finance-vix
2013-09-16,vix_close,14.38,index,github.com/datasets/finance-vix
2013-09-17,vix_close,14.53,index,github.com/datasets/finance-vix
2013-09-18,vix_close,13.59,index,github.com/datasets/finance-vix
2013-09-19,vix_close,13.16,index,github.com/datasets/finance-vix
2013-09-20,vix_close,13.12,index,github.com/datasets/finance-vix
2013-09-23,vix_close,14.31,index,github.com/datasets/finance-vix
2013-09-24,vix_close,14.08,index,github.com/datasets/finance-vix
2013-09-25,vix_close,14.01,index,github.com/datasets/finance-vix
2013-09-26,vix_close,14.06,index,github.com/datasets/finance-vix
2013-09-27,vix_close,15.46,index,github.com/datasets/finance-vix
2013-09-30,vix_close,16.6,index,github.com/datasets/finance-vix
2013-10-01,vix_close,15.54,index,github.com/datasets/finance-vix
2013-10-02,vix_close,16.6,index,github.com/datasets/finance-vix
2013-10-03,vix_close,17.67,index,github.com/datasets/finance-vix
2013-10-04,vix_close,16.74,index,github.com/datasets/finance-vix
2013-10-07,vix_close,19.41,index,github.com/datasets/finance-vix
2013-10-08,vix_close,20.34,index,github.com/datasets/finance-vix
2013-10-09,vix_close,19.6,index,github.com/datasets/finance-vix
2013-10-10,vix_close,16.48,index,github.com/datasets/finance-vix
2013-10-11,vix_close,15.72,index,github.com/datasets/finance-vix
2013-10-14,vix_close,16.07,index,github.com/datasets/finance-vix
2013-10-15,vix_close,18.66,index,github.com/datasets/finance-vix
2013-10-16,vix_close,14.71,index,github.com/datasets/finance-vix
2013-10-17,vix_close,13.48,index,github.com/datasets/finance-vix
2013-10-18,vix_close,13.04,index,github.com/datasets/finance-vix
2013-10-21,vix_close,13.16,index,github.com/datasets/finance-vix
2013-10-22,vix_close,13.33,index,github.com/datasets/finance-vix
2013-10-23,vix_close,13.42,index,github.com/datasets/finance-vix
2013-10-24,vix_close,13.2,index,github.com/datasets/finance-vix
2013-10-25,vix_close,13.09,index,github.com/datasets/finance-vix
2013-10-28,vix_close,13.31,index,github.com/datasets/finance-vix
2013-10-29,vix_close,13.41,index,github.com/datasets/finance-vix
2013-10-30,vix_close,13.65,index,github.com/datasets/finance-vix
2013-10-31,vix_close,13.75,index,github.com/datasets/finance-vix
2013-11-01,vix_close,13.28,index,github.com/datasets/finance-vix
2013-11-04,vix_close,12.93,index,github.com/datasets/finance-vix
2013-11-05,vix_close,13.27,index,github.com/datasets/finance-vix
2013-11-06,vix_close,12.67,index,github.com/datasets/finance-vix
2013-11-07,vix_close,13.91,index,github.com/datasets/finance-vix
2013-11-08,vix_close,12.9,index,github.com/datasets/finance-vix
2013-11-11,vix_close,12.53,index,github.com/datasets/finance-vix
2013-11-12,vix_close,12.82,index,github.com/datasets/finance-vix
2013-11-13,vix_close,12.52,index,github.com/datasets/finance-vix
2013-11-14,vix_close,12.37,index,github.com/datasets/finance-vix
2013-11-15,vix_close,12.19,index,github.com/datasets/finance-vix
2013-11-18,vix_close,13.1,index,github.com/datasets/finance-vix
2013-11-19,vix_close,13.39,index,github.com/datasets/finance-vix
2013-11-20,vix_close,13.4,index,github.com/datasets/finance-vix
2013-11-21,vix_close,12.66,index,github.com/datasets/finance-vix
2013-11-22,vix_close,12.26,index,github.com/datasets/finance-vix
2013-11-25,vix_close,12.79,index,github.com/datasets/finance-vix
2013-11-26,vix_close,12.81,index,github.com/datasets/finance-vix
2013-11-27,vix_close,12.98,index,github.com/datasets/finance-vix
2013-11-29,vix_close,13.7,index,github.com/datasets/finance-vix
2013-12-02,vix_close,14.23,index,github.com/datasets/finance-vix
2013-12-03,vix_close,14.55,index,github.com/datasets/finance-vix
2013-12-04,vix_close,14.7,index,github.com/datasets/finance-vix
2013-12-05,vix_close,15.08,index,github.com/datasets/finance-vix
2013-12-06,vix_close,13.79,index,github.com/datasets/finance-vix
2013-12-09,vix_close,13.49,index,github.com/datasets/finance-vix
2013-12-10,vix_close,13.91,index,github.com/datasets/finance-vix
2013-12-11,vix_close,15.42,index,github.com/datasets/finance-vix
2013-12-12,vix_close,15.54,index,github.com/datasets/finance-vix
2013-12-13,vix_close,15.76,index,github.com/datasets/finance-vix
2013-12-16,vix_close,16.03,index,github.com/datasets/finance-vix
2013-12-17,vix_close,16.21,index,github.com/datasets/finance-vix
2013-12-18,vix_close,13.8,index,github.com/datasets/finance-vix
2013-12-19,vix_close,14.15,index,github.com/datasets/finance-vix
2013-12-20,vix_close,13.79,index,github.com/datasets/finance-vix
2013-12-23,vix_close,13.04,index,github.com/datasets/finance-vix
2013-12-24,vix_close,12.48,index,github.com/datasets/finance-vix
2013-12-26,vix_close,12.33,index,github.com/datasets/finance-vix
2013-12-27,vix_close,12.46,index,github.com/datasets/finance-vix
2013-12-30,vix_close,13.56,index,github.com/datasets/finance-vix
2013-12-31,vix_close,13.72,index,github.com/datasets/finance-vix
2014-01-02,vix_close,14.23,index,github.com/datasets/finance-vix
2014-01-03,vix_close,13.76,index,github.com/datasets/finance-vix
2014-01-06,vix_close,13.55,index,github.com/datasets/finance-vix
2014-01-07,vix_close,12.92,index,github.com/datasets/finance-vix
2014-01-08,vix_close,12.87,index,github.com/datasets/finance-vix
2014-01-09,vix_close,12.89,index,github.com/datasets/finance-vix
2014-01-10,vix_close,12.14,index,github.com/datasets/finance-vix
2014-01-13,vix_close,13.28,index,github.com/datasets/finance-vix
2014-01-14,vix_close,12.28,index,github.com/datasets/finance-vix
2014-01-15,vix_close,12.28,index,github.com/datasets/finance-vix
2014-01-16,vix_close,12.53,index,github.com/datasets/finance-vix
2014-01-17,vix_close,12.44,index,github.com/datasets/finance-vix
2014-01-21,vix_close,12.87,index,github.com/datasets/finance-vix
2014-01-22,vix_close,12.84,index,github.com/datasets/finance-vix
2014-01-23,vix_close,13.77,index,github.com/datasets/finance-vix
2014-01-24,vix_close,18.14,index,github.com/datasets/finance-vix
2014-01-27,vix_close,17.42,index,github.com/datasets/finance-vix
2014-01-28,vix_close,15.8,index,github.com/datasets/finance-vix
2014-01-29,vix_close,17.35,index,github.com/datasets/finance-vix
2014-01-30,vix_close,17.29,index,github.com/datasets/finance-vix
2014-01-31,vix_close,18.41,index,github.com/datasets/finance-vix
2014-02-03,vix_close,21.44,index,github.com/datasets/finance-vix
2014-02-04,vix_close,19.11,index,github.com/datasets/finance-vix
2014-02-05,vix_close,19.95,index,github.com/datasets/finance-vix
2014-02-06,vix_close,17.23,index,github.com/datasets/finance-vix
2014-02-07,vix_close,15.29,index,github.com/datasets/finance-vix
2014-02-10,vix_close,15.26,index,github.com/datasets/finance-vix
2014-02-11,vix_close,14.51,index,github.com/datasets/finance-vix
2014-02-12,vix_close,14.3,index,github.com/datasets/finance-vix
2014-02-13,vix_close,14.14,index,github.com/datasets/finance-vix
2014-02-14,vix_close,13.57,index,github.com/datasets/finance-vix
2014-02-18,vix_close,13.87,index,github.com/datasets/finance-vix
2014-02-19,vix_close,15.5,index,github.com/datasets/finance-vix
2014-02-20,vix_close,14.79,index,github.com/datasets/finance-vix
2014-02-21,vix_close,14.68,index,github.com/datasets/finance-vix
2014-02-24,vix_close,14.23,index,github.com/datasets/finance-vix
2014-02-25,vix_close,13.67,index,github.com/datasets/finance-vix
2014-02-26,vix_close,14.35,index,github.com/datasets/finance-vix
2014-02-27,vix_close,14.04,index,github.com/datasets/finance-vix
2014-02-28,vix_close,14.0,index,github.com/datasets/finance-vix
2014-03-03,vix_close,16.0,index,github.com/datasets/finance-vix
2014-03-04,vix_close,14.1,index,github.com/datasets/finance-vix
2014-03-05,vix_close,13.89,index,github.com/datasets/finance-vix
2014-03-06,vix_close,14.21,index,github.com/datasets/finance-vix
2014-03-07,vix_close,14.11,index,github.com/datasets/finance-vix
2014-03-10,vix_close,14.2,index,github.com/datasets/finance-vix
2014-03-11,vix_close,14.8,index,github.com/datasets/finance-vix
2014-03-12,vix_close,14.47,index,github.com/datasets/finance-vix
2014-03-13,vix_close,16.22,index,github.com/datasets/finance-vix
2014-03-14,vix_close,17.82,index,github.com/datasets/finance-vix
2014-03-17,vix_close,15.64,index,github.com/datasets/finance-vix
2014-03-18,vix_close,14.52,index,github.com/datasets/finance-vix
2014-03-19,vix_close,15.12,index,github.com/datasets/finance-vix
2014-03-20,vix_close,14.52,index,github.com/datasets/finance-vix
2014-03-21,vix_close,15.0,index,github.com/datasets/finance-vix
2014-03-24,vix_close,15.09,index,github.com/datasets/finance-vix
2014-03-25,vix_close,14.02,index,github.com/datasets/finance-vix
2014-03-26,vix_close,14.93,index,github.com/datasets/finance-vix
2014-03-27,vix_close,14.62,index,github.com/datasets/finance-vix
2014-03-28,vix_close,14.41,index,github.com/datasets/finance-vix
2014-03-31,vix_close,13.88,index,github.com/datasets/finance-vix
2014-04-01,vix_close,13.1,index,github.com/datasets/finance-vix
2014-04-02,vix_close,13.09,index,github.com/datasets/finance-vix
2014-04-03,vix_close,13.37,index,github.com/datasets/finance-vix
2014-04-04,vix_close,13.96,index,github.com/datasets/finance-vix
2014-04-07,vix_close,15.57,index,github.com/datasets/finance-vix
2014-04-08,vix_close,14.89,index,github.com/datasets/finance-vix
2014-04-09,vix_close,13.82,index,github.com/datasets/finance-vix
2014-04-10,vix_close,15.89,index,github.com/datasets/finance-vix
2014-04-11,vix_close,17.03,index,github.com/datasets/finance-vix
2014-04-14,vix_close,16.11,index,github.com/datasets/finance-vix
2014-04-15,vix_close,15.61,index,github.com/datasets/finance-vix
2014-04-16,vix_close,14.18,index,github.com/datasets/finance-vix
2014-04-17,vix_close,13.36,index,github.com/datasets/finance-vix
2014-04-21,vix_close,13.25,index,github.com/datasets/finance-vix
2014-04-22,vix_close,13.19,index,github.com/datasets/finance-vix
2014-04-23,vix_close,13.27,index,github.com/datasets/finance-vix
2014-04-24,vix_close,13.32,index,github.com/datasets/finance-vix
2014-04-25,vix_close,14.06,index,github.com/datasets/finance-vix
2014-04-28,vix_close,13.97,index,github.com/datasets/finance-vix
2014-04-29,vix_close,13.71,index,github.com/datasets/finance-vix
2014-04-30,vix_close,13.41,index,github.com/datasets/finance-vix
2014-05-01,vix_close,13.25,index,github.com/datasets/finance-vix
2014-05-02,vix_close,12.91,index,github.com/datasets/finance-vix
2014-05-05,vix_close,13.29,index,github.com/datasets/finance-vix
2014-05-06,vix_close,13.8,index,github.com/datasets/finance-vix
2014-05-07,vix_close,13.4,index,github.com/datasets/finance-vix
2014-05-08,vix_close,13.43,index,github.com/datasets/finance-vix
2014-05-09,vix_close,12.92,index,github.com/datasets/finance-vix
2014-05-12,vix_close,12.23,index,github.com/datasets/finance-vix
2014-05-13,vix_close,12.13,index,github.com/datasets/finance-vix
2014-05-14,vix_close,12.17,index,github.com/datasets/finance-vix
2014-05-15,vix_close,13.17,index,github.com/datasets/finance-vix
2014-05-16,vix_close,12.44,index,github.com/datasets/finance-vix
2014-05-19,vix_close,12.42,index,github.com/datasets/finance-vix
2014-05-20,vix_close,12.96,index,github.com/datasets/finance-vix
2014-05-21,vix_close,11.91,index,github.com/datasets/finance-vix
2014-05-22,vix_close,12.03,index,github.com/datasets/finance-vix
2014-05-23,vix_close,11.36,index,github.com/datasets/finance-vix
2014-05-27,vix_close,11.51,index,github.com/datasets/finance-vix
2014-05-28,vix_close,11.68,index,github.com/datasets/finance-vix
2014-05-29,vix_close,11.57,index,github.com/datasets/finance-vix
2014-05-30,vix_close,11.4,index,github.com/datasets/finance-vix
2014-06-02,vix_close,11.58,index,github.com/datasets/finance-vix
2014-06-03,vix_close,11.87,index,github.com/datasets/finance-vix
2014-06-04,vix_close,12.08,index,github.com/datasets/finance-vix
2014-06-05,vix_close,11.68,index,github.com/datasets/finance-vix
2014-06-06,vix_close,10.73,index,github.com/datasets/finance-vix
2014-06-09,vix_close,11.15,index,github.com/datasets/finance-vix
2014-06-10,vix_close,10.99,index,github.com/datasets/finance-vix
2014-06-11,vix_close,11.6,index,github.com/datasets/finance-vix
2014-06-12,vix_close,12.56,index,github.com/datasets/finance-vix
2014-06-13,vix_close,12.18,index,github.com/datasets/finance-vix
2014-06-16,vix_close,12.65,index,github.com/datasets/finance-vix
2014-06-17,vix_close,12.06,index,github.com/datasets/finance-vix
2014-06-18,vix_close,10.61,index,github.com/datasets/finance-vix
2014-06-19,vix_close,10.62,index,github.com/datasets/finance-vix
2014-06-20,vix_close,10.85,index,github.com/datasets/finance-vix
2014-06-23,vix_close,10.98,index,github.com/datasets/finance-vix
2014-06-24,vix_close,12.13,index,github.com/datasets/finance-vix
2014-06-25,vix_close,11.59,index,github.com/datasets/finance-vix
2014-06-26,vix_close,11.63,index,github.com/datasets/finance-vix
2014-06-27,vix_close,11.26,index,github.com/datasets/finance-vix
2014-06-30,vix_close,11.57,index,github.com/datasets/finance-vix
2014-07-01,vix_close,11.15,index,github.com/datasets/finance-vix
2014-07-02,vix_close,10.82,index,github.com/datasets/finance-vix
2014-07-03,vix_close,10.32,index,github.com/datasets/finance-vix
2014-07-07,vix_close,11.33,index,github.com/datasets/finance-vix
2014-07-08,vix_close,11.98,index,github.com/datasets/finance-vix
2014-07-09,vix_close,11.65,index,github.com/datasets/finance-vix
2014-07-10,vix_close,12.59,index,github.com/datasets/finance-vix
2014-07-11,vix_close,12.08,index,github.com/datasets/finance-vix
2014-07-14,vix_close,11.82,index,github.com/datasets/finance-vix
2014-07-15,vix_close,11.96,index,github.com/datasets/finance-vix
2014-07-16,vix_close,11.0,index,github.com/datasets/finance-vix
2014-07-17,vix_close,14.54,index,github.com/datasets/finance-vix
2014-07-18,vix_close,12.06,index,github.com/datasets/finance-vix
2014-07-21,vix_close,12.81,index,github.com/datasets/finance-vix
2014-07-22,vix_close,12.24,index,github.com/datasets/finance-vix
2014-07-23,vix_close,11.52,index,github.com/datasets/finance-vix
2014-07-24,vix_close,11.84,index,github.com/datasets/finance-vix
2014-07-25,vix_close,12.69,index,github.com/datasets/finance-vix
2014-07-28,vix_close,12.56,index,github.com/datasets/finance-vix
2014-07-29,vix_close,13.28,index,github.com/datasets/finance-vix
2014-07-30,vix_close,13.33,index,github.com/datasets/finance-vix
2014-07-31,vix_close,16.95,index,github.com/datasets/finance-vix
2014-08-01,vix_close,17.03,index,github.com/datasets/finance-vix
2014-08-04,vix_close,15.12,index,github.com/datasets/finance-vix
2014-08-05,vix_close,16.87,index,github.com/datasets/finance-vix
2014-08-06,vix_close,16.37,index,github.com/datasets/finance-vix
2014-08-07,vix_close,16.66,index,github.com/datasets/finance-vix
2014-08-08,vix_close,15.77,index,github.com/datasets/finance-vix
2014-08-11,vix_close,14.23,index,github.com/datasets/finance-vix
2014-08-12,vix_close,14.13,index,github.com/datasets/finance-vix
2014-08-13,vix_close,12.9,index,github.com/datasets/finance-vix
2014-08-14,vix_close,12.42,index,github.com/datasets/finance-vix
2014-08-15,vix_close,13.15,index,github.com/datasets/finance-vix
2014-08-18,vix_close,12.32,index,github.com/datasets/finance-vix
2014-08-19,vix_close,12.21,index,github.com/datasets/finance-vix
2014-08-20,vix_close,11.78,index,github.com/datasets/finance-vix
2014-08-21,vix_close,11.76,index,github.com/datasets/finance-vix
2014-08-22,vix_close,11.47,index,github.com/datasets/finance-vix
2014-08-25,vix_close,11.7,index,github.com/datasets/finance-vix
2014-08-26,vix_close,11.63,index,github.com/datasets/finance-vix
2014-08-27,vix_close,11.78,index,github.com/datasets/finance-vix
2014-08-28,vix_close,12.05,index,github.com/datasets/finance-vix
2014-08-29,vix_close,11.98,index,github.com/datasets/finance-vix
2014-09-02,vix_close,12.25,index,github.com/datasets/finance-vix
2014-09-03,vix_close,12.36,index,github.com/datasets/finance-vix
2014-09-04,vix_close,12.64,index,github.com/datasets/finance-vix
2014-09-05,vix_close,12.09,index,github.com/datasets/finance-vix
2014-09-08,vix_close,12.66,index,github.com/datasets/finance-vix
2014-09-09,vix_close,13.5,index,github.com/datasets/finance-vix
2014-09-10,vix_close,12.88,index,github.com/datasets/finance-vix
2014-09-11,vix_close,12.8,index,github.com/datasets/finance-vix
2014-09-12,vix_close,13.31,index,github.com/datasets/finance-vix
2014-09-15,vix_close,14.12,index,github.com/datasets/finance-vix
2014-09-16,vix_close,12.73,index,github.com/datasets/finance-vix
2014-09-17,vix_close,12.65,index,github.com/datasets/finance-vix
2014-09-18,vix_close,12.03,index,github.com/datasets/finance-vix
2014-09-19,vix_close,12.11,index,github.com/datasets/finance-vix
2014-09-22,vix_close,13.69,index,github.com/datasets/finance-vix
2014-09-23,vix_close,14.93,index,github.com/datasets/finance-vix
2014-09-24,vix_close,13.27,index,github.com/datasets/finance-vix
2014-09-25,vix_close,15.64,index,github.com/datasets/finance-vix
2014-09-26,vix_close,14.85,index,github.com/datasets/finance-vix
2014-09-29,vix_close,15.98,index,github.com/datasets/finance-vix
2014-09-30,vix_close,16.31,index,github.com/datasets/finance-vix
2014-10-01,vix_close,16.71,index,github.com/datasets/finance-vix
2014-10-02,vix_close,16.16,index,github.com/datasets/finance-vix
2014-10-03,vix_close,14.55,index,github.com/datasets/finance-vix
2014-10-06,vix_close,15.46,index,github.com/datasets/finance-vix
2014-10-07,vix_close,17.2,index,github.com/datasets/finance-vix
2014-10-08,vix_close,15.11,index,github.com/datasets/finance-vix
2014-10-09,vix_close,18.76,index,github.com/datasets/finance-vix
2014-10-10,vix_close,21.24,index,github.com/datasets/finance-vix
2014-10-13,vix_close,24.64,index,github.com/datasets/finance-vix
2014-10-14,vix_close,22.79,index,github.com/datasets/finance-vix
2014-10-15,vix_close,26.25,index,github.com/datasets/finance-vix
2014-10-16,vix_close,25.2,index,github.com/datasets/finance-vix
2014-10-17,vix_close,21.99,index,github.com/datasets/finance-vix
2014-10-20,vix_close,18.57,index,github.com/datasets/finance-vix
2014-10-21,vix_close,16.08,index,github.com/datasets/finance-vix
2014-10-22,vix_close,17.87,index,github.com/datasets/finance-vix
2014-10-23,vix_close,16.53,index,github.com/datasets/finance-vix
2014-10-24,vix_close,16.11,index,github.com/datasets/finance-vix
2014-10-27,vix_close,16.04,index,github.com/datasets/finance-vix
2014-10-28,vix_close,14.39,index,github.com/datasets/finance-vix
2014-10-29,vix_close,15.15,index,github.com/datasets/finance-vix
2014-10-30,vix_close,14.52,index,github.com/datasets/finance-vix
2014-10-31,vix_close,14.03,index,github.com/datasets/finance-vix
2014-11-03,vix_close,14.73,index,github.com/datasets/finance-vix
2014-11-04,vix_close,14.89,index,github.com/datasets/finance-vix
2014-11-05,vix_close,14.17,index,github.com/datasets/finance-vix
2014-11-06,vix_close,13.67,index,github.com/datasets/finance-vix
2014-11-07,vix_close,13.12,index,github.com/datasets/finance-vix
2014-11-10,vix_close,12.67,index,github.com/datasets/finance-vix
2014-11-11,vix_close,12.92,index,github.com/datasets/finance-vix
2014-11-12,vix_close,13.02,index,github.com/datasets/finance-vix
2014-11-13,vix_close,13.79,index,github.com/datasets/finance-vix
2014-11-14,vix_close,13.31,index,github.com/datasets/finance-vix
2014-11-17,vix_close,13.99,index,github.com/datasets/finance-vix
2014-11-18,vix_close,13.86,index,github.com/datasets/finance-vix
2014-11-19,vix_close,13.96,index,github.com/datasets/finance-vix
2014-11-20,vix_close,13.58,index,github.com/datasets/finance-vix
2014-11-21,vix_close,12.9,index,github.com/datasets/finance-vix
2014-11-24,vix_close,12.62,index,github.com/datasets/finance-vix
2014-11-25,vix_close,12.25,index,github.com/datasets/finance-vix
2014-11-26,vix_close,12.07,index,github.com/datasets/finance-vix
2014-11-28,vix_close,13.33,index,github.com/datasets/finance-vix
2014-12-01,vix_close,14.29,index,github.com/datasets/finance-vix
2014-12-02,vix_close,12.85,index,github.com/datasets/finance-vix
2014-12-03,vix_close,12.47,index,github.com/datasets/finance-vix
2014-12-04,vix_close,12.38,index,github.com/datasets/finance-vix
2014-12-05,vix_close,11.82,index,github.com/datasets/finance-vix
2014-12-08,vix_close,14.21,index,github.com/datasets/finance-vix
2014-12-09,vix_close,14.89,index,github.com/datasets/finance-vix
2014-12-10,vix_close,18.53,index,github.com/datasets/finance-vix
2014-12-11,vix_close,20.08,index,github.com/datasets/finance-vix
2014-12-12,vix_close,21.08,index,github.com/datasets/finance-vix
2014-12-15,vix_close,20.42,index,github.com/datasets/finance-vix
2014-12-16,vix_close,23.57,index,github.com/datasets/finance-vix
2014-12-17,vix_close,19.44,index,github.com/datasets/finance-vix
2014-12-18,vix_close,16.81,index,github.com/datasets/finance-vix
2014-12-19,vix_close,16.49,index,github.com/datasets/finance-vix
2014-12-22,vix_close,15.25,index,github.com/datasets/finance-vix
2014-12-23,vix_close,14.8,index,github.com/datasets/finance-vix
2014-12-24,vix_close,14.37,index,github.com/datasets/finance-vix
2014-12-26,vix_close,14.5,index,github.com/datasets/finance-vix
2014-12-29,vix_close,15.06,index,github.com/datasets/finance-vix
2014-12-30,vix_close,15.92,index,github.com/datasets/finance-vix
2014-12-31,vix_close,19.2,index,github.com/datasets/finance-vix
2015-01-02,vix_close,17.79,index,github.com/datasets/finance-vix
2015-01-05,vix_close,19.92,index,github.com/datasets/finance-vix
2015-01-06,vix_close,21.12,index,github.com/datasets/finance-vix
2015-01-07,vix_close,19.31,index,github.com/datasets/finance-vix
2015-01-08,vix_close,17.01,index,github.com/datasets/finance-vix
2015-01-09,vix_close,17.55,index,github.com/datasets/finance-vix
2015-01-12,vix_close,19.6,index,github.com/datasets/finance-vix
2015-01-13,vix_close,20.56,index,github.com/datasets/finance-vix
2015-01-14,vix_close,21.48,index,github.com/datasets/finance-vix
2015-01-15,vix_close,22.39,index,github.com/datasets/finance-vix
2015-01-16,vix_close,20.95,index,github.com/datasets/finance-vix
2015-01-20,vix_close,19.89,index,github.com/datasets/finance-vix
2015-01-21,vix_close,18.85,index,github.com/datasets/finance-vix
2015-01-22,vix_close,16.4,index,github.com/datasets/finance-vix
2015-01-23,vix_close,16.66,index,github.com/datasets/finance-vix
2015-01-26,vix_close,15.52,index,github.com/datasets/finance-vix
2015-01-27,vix_close,17.22,index,github.com/datasets/finance-vix
2015-01-28,vix_close,20.44,index,github.com/datasets/finance-vix
2015-01-29,vix_close,18.76,index,github.com/datasets/finance-vix
2015-01-30,vix_close,20.97,index,github.com/datasets/finance-vix
2015-02-02,vix_close,19.43,index,github.com/datasets/finance-vix
2015-02-03,vix_close,17.33,index,github.com/datasets/finance-vix
2015-02-04,vix_close,18.33,index,github.com/datasets/finance-vix
2015-02-05,vix_close,16.85,index,github.com/datasets/finance-vix
2015-02-06,vix_close,17.29,index,github.com/datasets/finance-vix
2015-02-09,vix_close,18.55,index,github.com/datasets/finance-vix
2015-02-10,vix_close,17.23,index,github.com/datasets/finance-vix
2015-02-11,vix_close,16.96,index,github.com/datasets/finance-vix
2015-02-12,vix_close,15.34,index,github.com/datasets/finance-vix
2015-02-13,vix_close,14.69,index,github.com/datasets/finance-vix
2015-02-17,vix_close,15.8,index,github.com/datasets/finance-vix
2015-02-18,vix_close,15.45,index,github.com/datasets/finance-vix
2015-02-19,vix_close,15.29,index,github.com/datasets/finance-vix
2015-02-20,vix_close,14.3,index,github.com/datasets/finance-vix
2015-02-23,vix_close,14.56,index,github.com/datasets/finance-vix
2015-02-24,vix_close,13.69,index,github.com/datasets/finance-vix
2015-02-25,vix_close,13.84,index,github.com/datasets/finance-vix
2015-02-26,vix_close,13.91,index,github.com/datasets/finance-vix
2015-02-27,vix_close,13.34,index,github.com/datasets/finance-vix
2015-03-02,vix_close,13.04,index,github.com/datasets/finance-vix
2015-03-03,vix_close,13.86,index,github.com/datasets/finance-vix
2015-03-04,vix_close,14.23,index,github.com/datasets/finance-vix
2015-03-05,vix_close,14.04,index,github.com/datasets/finance-vix
2015-03-06,vix_close,15.2,index,github.com/datasets/finance-vix
2015-03-09,vix_close,15.06,index,github.com/datasets/finance-vix
2015-03-10,vix_close,16.69,index,github.com/datasets/finance-vix
2015-03-11,vix_close,16.87,index,github.com/datasets/finance-vix
2015-03-12,vix_close,15.42,index,github.com/datasets/finance-vix
2015-03-13,vix_close,16.0,index,github.com/datasets/finance-vix
2015-03-16,vix_close,15.61,index,github.com/datasets/finance-vix
2015-03-17,vix_close,15.66,index,github.com/datasets/finance-vix
2015-03-18,vix_close,13.97,index,github.com/datasets/finance-vix
2015-03-19,vix_close,14.07,index,github.com/datasets/finance-vix
2015-03-20,vix_close,13.02,index,github.com/datasets/finance-vix
2015-03-23,vix_close,13.41,index,github.com/datasets/finance-vix
2015-03-24,vix_close,13.62,index,github.com/datasets/finance-vix
2015-03-25,vix_close,15.44,index,github.com/datasets/finance-vix
2015-03-26,vix_close,15.8,index,github.com/datasets/finance-vix
2015-03-27,vix_close,15.07,index,github.com/datasets/finance-vix
2015-03-30,vix_close,14.51,index,github.com/datasets/finance-vix
2015-03-31,vix_close,15.29,index,github.com/datasets/finance-vix
2015-04-01,vix_close,15.11,index,github.com/datasets/finance-vix
2015-04-02,vix_close,14.67,index,github.com/datasets/finance-vix
2015-04-06,vix_close,14.74,index,github.com/datasets/finance-vix
2015-04-07,vix_close,14.78,index,github.com/datasets/finance-vix
2015-04-08,vix_close,13.98,index,github.com/datasets/finance-vix
2015-04-09,vix_close,13.09,index,github.com/datasets/finance-vix
2015-04-10,vix_close,12.58,index,github.com/datasets/finance-vix
2015-04-13,vix_close,13.94,index,github.com/datasets/finance-vix
2015-04-14,vix_close,13.67,index,github.com/datasets/finance-vix
2015-04-15,vix_close,12.84,index,github.com/datasets/finance-vix
2015-04-16,vix_close,12.6,index,github.com/datasets/finance-vix
2015-04-17,vix_close,13.89,index,github.com/datasets/finance-vix
2015-04-20,vix_close,13.3,index,github.com/datasets/finance-vix
2015-04-21,vix_close,13.25,index,github.com/datasets/finance-vix
2015-04-22,vix_close,12.71,index,github.com/datasets/finance-vix
2015-04-23,vix_close,12.48,index,github.com/datasets/finance-vix
2015-04-24,vix_close,12.29,index,github.com/datasets/finance-vix
2015-04-27,vix_close,13.12,index,github.com/datasets/finance-vix
2015-04-28,vix_close,12.41,index,github.com/datasets/finance-vix
2015-04-29,vix_close,13.39,index,github.com/datasets/finance-vix
2015-04-30,vix_close,14.55,index,github.com/datasets/finance-vix
2015-05-01,vix_close,12.7,index,github.com/datasets/finance-vix
2015-05-04,vix_close,12.85,index,github.com/datasets/finance-vix
2015-05-05,vix_close,14.31,index,github.com/datasets/finance-vix
2015-05-06,vix_close,15.15,index,github.com/datasets/finance-vix
2015-05-07,vix_close,15.13,index,github.com/datasets/finance-vix
2015-05-08,vix_close,12.86,index,github.com/datasets/finance-vix
2015-05-11,vix_close,13.85,index,github.com/datasets/finance-vix
2015-05-12,vix_close,13.86,index,github.com/datasets/finance-vix
2015-05-13,vix_close,13.76,index,github.com/datasets/finance-vix
2015-05-14,vix_close,12.74,index,github.com/datasets/finance-vix
2015-05-15,vix_close,12.38,index,github.com/datasets/finance-vix
2015-05-18,vix_close,12.73,index,github.com/datasets/finance-vix
2015-05-19,vix_close,12.85,index,github.com/datasets/finance-vix
2015-05-20,vix_close,12.88,index,github.com/datasets/finance-vix
2015-05-21,vix_close,12.11,index,github.com/datasets/finance-vix
2015-05-22,vix_close,12.13,index,github.com/datasets/finance-vix
2015-05-26,vix_close,14.06,index,github.com/datasets/finance-vix
2015-05-27,vix_close,13.27,index,github.com/datasets/finance-vix
2015-05-28,vix_close,13.31,index,github.com/datasets/finance-vix
2015-05-29,vix_close,13.84,index,github.com/datasets/finance-vix
2015-06-01,vix_close,13.97,index,github.com/datasets/finance-vix
2015-06-02,vix_close,14.24,index,github.com/datasets/finance-vix
2015-06-03,vix_close,13.66,index,github.com/datasets/finance-vix
2015-06-04,vix_close,14.71,index,github.com/datasets/finance-vix
2015-06-05,vix_close,14.21,index,github.com/datasets/finance-vix
2015-06-08,vix_close,15.29,index,github.com/datasets/finance-vix
2015-06-09,vix_close,14.47,index,github.com/datasets/finance-vix
2015-06-10,vix_close,13.22,index,github.com/datasets/finance-vix
2015-06-11,vix_close,12.85,index,github.com/datasets/finance-vix
2015-06-12,vix_close,13.78,index,github.com/datasets/finance-vix
2015-06-15,vix_close,15.39,index,github.com/datasets/finance-vix
2015-06-16,vix_close,14.81,index,github.com/datasets/finance-vix
2015-06-17,vix_close,14.5,index,github.com/datasets/finance-vix
2015-06-18,vix_close,13.19,index,github.com/datasets/finance-vix
2015-06-19,vix_close,13.96,index,github.com/datasets/finance-vix
2015-06-22,vix_close,12.74,index,github.com/datasets/finance-vix
2015-06-23,vix_close,12.11,index,github.com/datasets/finance-vix
2015-06-24,vix_close,13.26,index,github.com/datasets/finance-vix
2015-06-25,vix_close,14.01,index,github.com/datasets/finance-vix
2015-06-26,vix_close,14.02,index,github.com/datasets/finance-vix
2015-06-29,vix_close,18.85,index,github.com/datasets/finance-vix
2015-06-30,vix_close,18.23,index,github.com/datasets/finance-vix
2015-07-01,vix_close,16.09,index,github.com/datasets/finance-vix
2015-07-02,vix_close,16.79,index,github.com/datasets/finance-vix
2015-07-06,vix_close,17.01,index,github.com/datasets/finance-vix
2015-07-07,vix_close,16.09,index,github.com/datasets/finance-vix
2015-07-08,vix_close,19.66,index,github.com/datasets/finance-vix
2015-07-09,vix_close,19.97,index,github.com/datasets/finance-vix
2015-07-10,vix_close,16.83,index,github.com/datasets/finance-vix
2015-07-13,vix_close,13.9,index,github.com/datasets/finance-vix
2015-07-14,vix_close,13.37,index,github.com/datasets/finance-vix
2015-07-15,vix_close,13.23,index,github.com/datasets/finance-vix
2015-07-16,vix_close,12.11,index,github.com/datasets/finance-vix
2015-07-17,vix_close,11.95,index,github.com/datasets/finance-vix
2015-07-20,vix_close,12.25,index,github.com/datasets/finance-vix
2015-07-21,vix_close,12.22,index,github.com/datasets/finance-vix
2015-07-22,vix_close,12.12,index,github.com/datasets/finance-vix
2015-07-23,vix_close,12.64,index,github.com/datasets/finance-vix
2015-07-24,vix_close,13.74,index,github.com/datasets/finance-vix
2015-07-27,vix_close,15.6,index,github.com/datasets/finance-vix
2015-07-28,vix_close,13.44,index,github.com/datasets/finance-vix
2015-07-29,vix_close,12.5,index,github.com/datasets/finance-vix
2015-07-30,vix_close,12.13,index,github.com/datasets/finance-vix
2015-07-31,vix_close,12.12,index,github.com/datasets/finance-vix
2015-08-03,vix_close,12.56,index,github.com/datasets/finance-vix
2015-08-04,vix_close,13.0,index,github.com/datasets/finance-vix
2015-08-05,vix_close,12.51,index,github.com/datasets/finance-vix
2015-08-06,vix_close,13.77,index,github.com/datasets/finance-vix
2015-08-07,vix_close,13.39,index,github.com/datasets/finance-vix
2015-08-10,vix_close,12.23,index,github.com/datasets/finance-vix
2015-08-11,vix_close,13.71,index,github.com/datasets/finance-vix
2015-08-12,vix_close,13.61,index,github.com/datasets/finance-vix
2015-08-13,vix_close,13.49,index,github.com/datasets/finance-vix
2015-08-14,vix_close,12.83,index,github.com/datasets/finance-vix
2015-08-17,vix_close,13.02,index,github.com/datasets/finance-vix
2015-08-18,vix_close,13.79,index,github.com/datasets/finance-vix
2015-08-19,vix_close,15.25,index,github.com/datasets/finance-vix
2015-08-20,vix_close,19.14,index,github.com/datasets/finance-vix
2015-08-21,vix_close,28.03,index,github.com/datasets/finance-vix
2015-08-24,vix_close,40.74,index,github.com/datasets/finance-vix
2015-08-25,vix_close,36.02,index,github.com/datasets/finance-vix
2015-08-26,vix_close,30.32,index,github.com/datasets/finance-vix
2015-08-27,vix_close,26.1,index,github.com/datasets/finance-vix
2015-08-28,vix_close,26.05,index,github.com/datasets/finance-vix
2015-08-31,vix_close,28.43,index,github.com/datasets/finance-vix
2015-09-01,vix_close,31.4,index,github.com/datasets/finance-vix
2015-09-02,vix_close,26.09,index,github.com/datasets/finance-vix
2015-09-03,vix_close,25.61,index,github.com/datasets/finance-vix
2015-09-04,vix_close,27.8,index,github.com/datasets/finance-vix
2015-09-08,vix_close,24.9,index,github.com/datasets/finance-vix
2015-09-09,vix_close,26.23,index,github.com/datasets/finance-vix
2015-09-10,vix_close,24.37,index,github.com/datasets/finance-vix
2015-09-11,vix_close,23.2,index,github.com/datasets/finance-vix
2015-09-14,vix_close,24.25,index,github.com/datasets/finance-vix
2015-09-15,vix_close,22.54,index,github.com/datasets/finance-vix
2015-09-16,vix_close,21.35,index,github.com/datasets/finance-vix
2015-09-17,vix_close,21.14,index,github.com/datasets/finance-vix
2015-09-18,vix_close,22.28,index,github.com/datasets/finance-vix
2015-09-21,vix_close,20.14,index,github.com/datasets/finance-vix
2015-09-22,vix_close,22.44,index,github.com/datasets/finance-vix
2015-09-23,vix_close,22.13,index,github.com/datasets/finance-vix
2015-09-24,vix_close,23.47,index,github.com/datasets/finance-vix
2015-09-25,vix_close,23.62,index,github.com/datasets/finance-vix
2015-09-28,vix_close,27.63,index,github.com/datasets/finance-vix
2015-09-29,vix_close,26.83,index,github.com/datasets/finance-vix
2015-09-30,vix_close,24.5,index,github.com/datasets/finance-vix
2015-10-01,vix_close,22.55,index,github.com/datasets/finance-vix
2015-10-02,vix_close,20.94,index,github.com/datasets/finance-vix
2015-10-05,vix_close,19.54,index,github.com/datasets/finance-vix
2015-10-06,vix_close,19.4,index,github.com/datasets/finance-vix
2015-10-07,vix_close,18.4,index,github.com/datasets/finance-vix
2015-10-08,vix_close,17.42,index,github.com/datasets/finance-vix
2015-10-09,vix_close,17.08,index,github.com/datasets/finance-vix
2015-10-12,vix_close,16.17,index,github.com/datasets/finance-vix
2015-10-13,vix_close,17.67,index,github.com/datasets/finance-vix
2015-10-14,vix_close,18.03,index,github.com/datasets/finance-vix
2015-10-15,vix_close,16.05,index,github.com/datasets/finance-vix
2015-10-16,vix_close,15.05,index,github.com/datasets/finance-vix
2015-10-19,vix_close,14.98,index,github.com/datasets/finance-vix
2015-10-20,vix_close,15.75,index,github.com/datasets/finance-vix
2015-10-21,vix_close,16.7,index,github.com/datasets/finance-vix
2015-10-22,vix_close,14.45,index,github.com/datasets/finance-vix
2015-10-23,vix_close,14.46,index,github.com/datasets/finance-vix
2015-10-26,vix_close,15.29,index,github.com/datasets/finance-vix
2015-10-27,vix_close,15.43,index,github.com/datasets/finance-vix
2015-10-28,vix_close,14.33,index,github.com/datasets/finance-vix
2015-10-29,vix_close,14.61,index,github.com/datasets/finance-vix
2015-10-30,vix_close,15.07,index,github.com/datasets/finance-vix
2015-11-02,vix_close,14.15,index,github.com/datasets/finance-vix
2015-11-03,vix_close,14.54,index,github.com/datasets/finance-vix
2015-11-04,vix_close,15.51,index,github.com/datasets/finance-vix
2015-11-05,vix_close,15.05,index,github.com/datasets/finance-vix
2015-11-06,vix_close,14.33,index,github.com/datasets/finance-vix
2015-11-09,vix_close,16.52,index,github.com/datasets/finance-vix
2015-11-10,vix_close,15.29,index,github.com/datasets/finance-vix
2015-11-11,vix_close,16.06,index,github.com/datasets/finance-vix
2015-11-12,vix_close,18.37,index,github.com/datasets/finance-vix
2015-11-13,vix_close,20.08,index,github.com/datasets/finance-vix
2015-11-16,vix_close,18.16,index,github.com/datasets/finance-vix
2015-11-17,vix_close,18.84,index,github.com/datasets/finance-vix
2015-11-18,vix_close,16.85,index,github.com/datasets/finance-vix
2015-11-19,vix_close,16.99,index,github.com/datasets/finance-vix
2015-11-20,vix_close,15.47,index,github.com/datasets/finance-vix
2015-11-23,vix_close,15.62,index,github.com/datasets/finance-vix
2015-11-24,vix_close,15.93,index,github.com/datasets/finance-vix
2015-11-25,vix_close,15.19,index,github.com/datasets/finance-vix
2015-11-27,vix_close,15.12,index,github.com/datasets/finance-vix
2015-11-30,vix_close,16.13,index,github.com/datasets/finance-vix
2015-12-01,vix_close,14.67,index,github.com/datasets/finance-vix
2015-12-02,vix_close,15.91,index,github.com/datasets/finance-vix
2015-12-03,vix_close,18.11,index,github.com/datasets/finance-vix
2015-12-04,vix_close,14.81,index,github.com/datasets/finance-vix
2015-12-07,vix_close,15.84,index,github.com/datasets/finance-vix
2015-12-08,vix_close,17.6,index,github.com/datasets/finance-vix
2015-12-09,vix_close,19.61,index,github.com/datasets/finance-vix
2015-12-10,vix_close,19.34,index,github.com/datasets/finance-vix
2015-12-11,vix_close,24.39,index,github.com/datasets/finance-vix
2015-12-14,vix_close,22.73,index,github.com/datasets/finance-vix
2015-12-15,vix_close,20.95,index,github.com/datasets/finance-vix
2015-12-16,vix_close,17.86,index,github.com/datasets/finance-vix
2015-12-17,vix_close,18.94,index,github.com/datasets/finance-vix
2015-12-18,vix_close,20.7,index,github.com/datasets/finance-vix
2015-12-21,vix_close,18.7,index,github.com/datasets/finance-vix
2015-12-22,vix_close,16.6,index,github.com/datasets/finance-vix
2015-12-23,vix_close,15.57,index,github.com/datasets/finance-vix
2015-12-24,vix_close,15.74,index,github.com/datasets/finance-vix
2015-12-28,vix_close,16.91,index,github.com/datasets/finance-vix
2015-12-29,vix_close,16.08,index,github.com/datasets/finance-vix
2015-12-30,vix_close,17.29,index,github.com/datasets/finance-vix
2015-12-31,vix_close,18.21,index,github.com/datasets/finance-vix
2016-01-04,vix_close,20.7,index,github.com/datasets/finance-vix
2016-01-05,vix_close,19.34,index,github.com/datasets/finance-vix
2016-01-06,vix_close,20.59,index,github.com/datasets/finance-vix
2016-01-07,vix_close,24.99,index,github.com/datasets/finance-vix
2016-01-08,vix_close,27.01,index,github.com/datasets/finance-vix
2016-01-11,vix_close,24.3,index,github.com/datasets/finance-vix
2016-01-12,vix_close,22.47,index,github.com/datasets/finance-vix
2016-01-13,vix_close,25.22,index,github.com/datasets/finance-vix
2016-01-14,vix_close,23.95,index,github.com/datasets/finance-vix
2016-01-15,vix_close,27.02,index,github.com/datasets/finance-vix
2016-01-19,vix_close,26.05,index,github.com/datasets/finance-vix
2016-01-20,vix_close,27.59,index,github.com/datasets/finance-vix
2016-01-21,vix_close,26.69,index,github.com/datasets/finance-vix
2016-01-22,vix_close,22.34,index,github.com/datasets/finance-vix
2016-01-25,vix_close,24.15,index,github.com/datasets/finance-vix
2016-01-26,vix_close,22.5,index,github.com/datasets/finance-vix
2016-01-27,vix_close,23.11,index,github.com/datasets/finance-vix
2016-01-28,vix_close,22.42,index,github.com/datasets/finance-vix
2016-01-29,vix_close,20.2,index,github.com/datasets/finance-vix
2016-02-01,vix_close,19.98,index,github.com/datasets/finance-vix
2016-02-02,vix_close,21.98,index,github.com/datasets/finance-vix
2016-02-03,vix_close,21.65,index,github.com/datasets/finance-vix
2016-02-04,vix_close,21.84,index,github.com/datasets/finance-vix
2016-02-05,vix_close,23.38,index,github.com/datasets/finance-vix
2016-02-08,vix_close,26.0,index,github.com/datasets/finance-vix
2016-02-09,vix_close,26.54,index,github.com/datasets/finance-vix
2016-02-10,vix_close,26.29,index,github.com/datasets/finance-vix
2016-02-11,vix_close,28.14,index,github.com/datasets/finance-vix
2016-02-12,vix_close,25.4,index,github.com/datasets/finance-vix
2016-02-16,vix_close,24.11,index,github.com/datasets/finance-vix
2016-02-17,vix_close,22.31,index,github.com/datasets/finance-vix
2016-02-18,vix_close,21.64,index,github.com/datasets/finance-vix
2016-02-19,vix_close,20.53,index,github.com/datasets/finance-vix
2016-02-22,vix_close,19.38,index,github.com/datasets/finance-vix
2016-02-23,vix_close,20.98,index,github.com/datasets/finance-vix
2016-02-24,vix_close,20.72,index,github.com/datasets/finance-vix
2016-02-25,vix_close,19.11,index,github.com/datasets/finance-vix
2016-02-26,vix_close,19.81,index,github.com/datasets/finance-vix
2016-02-29,vix_close,20.55,index,github.com/datasets/finance-vix
2016-03-01,vix_close,17.7,index,github.com/datasets/finance-vix
2016-03-02,vix_close,17.09,index,github.com/datasets/finance-vix
2016-03-03,vix_close,16.7,index,github.com/datasets/finance-vix
2016-03-04,vix_close,16.86,index,github.com/datasets/finance-vix
2016-03-07,vix_close,17.35,index,github.com/datasets/finance-vix
2016-03-08,vix_close,18.67,index,github.com/datasets/finance-vix
2016-03-09,vix_close,18.34,index,github.com/datasets/finance-vix
2016-03-10,vix_close,18.05,index,github.com/datasets/finance-vix
2016-03-11,vix_close,16.5,index,github.com/datasets/finance-vix
2016-03-14,vix_close,16.92,index,github.com/datasets/finance-vix
2016-03-15,vix_close,16.84,index,github.com/datasets/finance-vix
2016-03-16,vix_close,14.99,index,github.com/datasets/finance-vix
2016-03-17,vix_close,14.44,index,github.com/datasets/finance-vix
2016-03-18,vix_close,14.02,index,github.com/datasets/finance-vix
2016-03-21,vix_close,13.79,index,github.com/datasets/finance-vix
2016-03-22,vix_close,14.17,index,github.com/datasets/finance-vix
2016-03-23,vix_close,14.94,index,github.com/datasets/finance-vix
2016-03-24,vix_close,14.74,index,github.com/datasets/finance-vix
2016-03-28,vix_close,15.24,index,github.com/datasets/finance-vix
2016-03-29,vix_close,13.82,index,github.com/datasets/finance-vix
2016-03-30,vix_close,13.56,index,github.com/datasets/finance-vix
2016-03-31,vix_close,13.95,index,github.com/datasets/finance-vix
2016-04-01,vix_close,13.1,index,github.com/datasets/finance-vix
2016-04-04,vix_close,14.12,index,github.com/datasets/finance-vix
2016-04-05,vix_close,15.42,index,github.com/datasets/finance-vix
2016-04-06,vix_close,14.09,index,github.com/datasets/finance-vix
2016-04-07,vix_close,16.16,index,github.com/datasets/finance-vix
2016-04-08,vix_close,15.36,index,github.com/datasets/finance-vix
2016-04-11,vix_close,16.26,index,github.com/datasets/finance-vix
2016-04-12,vix_close,14.85,index,github.com/datasets/finance-vix
2016-04-13,vix_close,13.84,index,github.com/datasets/finance-vix
2016-04-14,vix_close,13.72,index,github.com/datasets/finance-vix
2016-04-15,vix_close,13.62,index,github.com/datasets/finance-vix
2016-04-18,vix_close,13.35,index,github.com/datasets/finance-vix
2016-04-19,vix_close,13.24,index,github.com/datasets/finance-vix
2016-04-20,vix_close,13.28,index,github.com/datasets/finance-vix
2016-04-21,vix_close,13.95,index,github.com/datasets/finance-vix
2016-04-22,vix_close,13.22,index,github.com/datasets/finance-vix
2016-04-25,vix_close,14.08,index,github.com/datasets/finance-vix
2016-04-26,vix_close,13.96,index,github.com/datasets/finance-vix
2016-04-27,vix_close,13.77,index,github.com/datasets/finance-vix
2016-04-28,vix_close,15.22,index,github.com/datasets/finance-vix
2016-04-29,vix_close,15.7,index,github.com/datasets/finance-vix
2016-05-02,vix_close,14.68,index,github.com/datasets/finance-vix
2016-05-03,vix_close,15.6,index,github.com/datasets/finance-vix
2016-05-04,vix_close,16.05,index,github.com/datasets/finance-vix
2016-05-05,vix_close,15.91,index,github.com/datasets/finance-vix
2016-05-06,vix_close,14.72,index,github.com/datasets/finance-vix
2016-05-09,vix_close,14.57,index,github.com/datasets/finance-vix
2016-05-10,vix_close,13.63,index,github.com/datasets/finance-vix
2016-05-11,vix_close,14.69,index,github.com/datasets/finance-vix
2016-05-12,vix_close,14.41,index,github.com/datasets/finance-vix
2016-05-13,vix_close,15.04,index,github.com/datasets/finance-vix
2016-05-16,vix_close,14.68,index,github.com/datasets/finance-vix
2016-05-17,vix_close,15.57,index,github.com/datasets/finance-vix
2016-05-18,vix_close,15.95,index,github.com/datasets/finance-vix
2016-05-19,vix_close,16.33,index,github.com/datasets/finance-vix
2016-05-20,vix_close,15.2,index,github.com/datasets/finance-vix
2016-05-23,vix_close,15.82,index,github.com/datasets/finance-vix
2016-05-24,vix_close,14.42,index,github.com/datasets/finance-vix
2016-05-25,vix_close,13.9,index,github.com/datasets/finance-vix
2016-05-26,vix_close,13.43,index,github.com/datasets/finance-vix
2016-05-27,vix_close,13.12,index,github.com/datasets/finance-vix
2016-05-31,vix_close,14.19,index,github.com/datasets/finance-vix
2016-06-01,vix_close,14.2,index,github.com/datasets/finance-vix
2016-06-02,vix_close,13.63,index,github.com/datasets/finance-vix
2016-06-03,vix_close,13.47,index,github.com/datasets/finance-vix
2016-06-06,vix_close,13.65,index,github.com/datasets/finance-vix
2016-06-07,vix_close,14.05,index,github.com/datasets/finance-vix
2016-06-08,vix_close,14.08,index,github.com/datasets/finance-vix
2016-06-09,vix_close,14.64,index,github.com/datasets/finance-vix
2016-06-10,vix_close,17.03,index,github.com/datasets/finance-vix
2016-06-13,vix_close,20.97,index,github.com/datasets/finance-vix
2016-06-14,vix_close,20.5,index,github.com/datasets/finance-vix
2016-06-15,vix_close,20.14,index,github.com/datasets/finance-vix
2016-06-16,vix_close,19.37,index,github.com/datasets/finance-vix
2016-06-17,vix_close,19.41,index,github.com/datasets/finance-vix
2016-06-20,vix_close,18.37,index,github.com/datasets/finance-vix
2016-06-21,vix_close,18.48,index,github.com/datasets/finance-vix
2016-06-22,vix_close,21.17,index,github.com/datasets/finance-vix
2016-06-23,vix_close,17.25,index,github.com/datasets/finance-vix
2016-06-24,vix_close,25.76,index,github.com/datasets/finance-vix
2016-06-27,vix_close,23.85,index,github.com/datasets/finance-vix
2016-06-28,vix_close,18.75,index,github.com/datasets/finance-vix
2016-06-29,vix_close,16.64,index,github.com/datasets/finance-vix
2016-06-30,vix_close,15.63,index,github.com/datasets/finance-vix
2016-07-01,vix_close,14.77,index,github.com/datasets/finance-vix
2016-07-05,vix_close,15.58,index,github.com/datasets/finance-vix
2016-07-06,vix_close,14.96,index,github.com/datasets/finance-vix
2016-07-07,vix_close,14.76,index,github.com/datasets/finance-vix
2016-07-08,vix_close,13.2,index,github.com/datasets/finance-vix
2016-07-11,vix_close,13.54,index,github.com/datasets/finance-vix
2016-07-12,vix_close,13.55,index,github.com/datasets/finance-vix
2016-07-13,vix_close,13.04,index,github.com/datasets/finance-vix
2016-07-14,vix_close,12.82,index,github.com/datasets/finance-vix
2016-07-15,vix_close,12.67,index,github.com/datasets/finance-vix
2016-07-18,vix_close,12.44,index,github.com/datasets/finance-vix
2016-07-19,vix_close,11.97,index,github.com/datasets/finance-vix
2016-07-20,vix_close,11.77,index,github.com/datasets/finance-vix
2016-07-21,vix_close,12.74,index,github.com/datasets/finance-vix
2016-07-22,vix_close,12.02,index,github.com/datasets/finance-vix
2016-07-25,vix_close,12.87,index,github.com/datasets/finance-vix
2016-07-26,vix_close,13.05,index,github.com/datasets/finance-vix
2016-07-27,vix_close,12.83,index,github.com/datasets/finance-vix
2016-07-28,vix_close,12.72,index,github.com/datasets/finance-vix
2016-07-29,vix_close,11.87,index,github.com/datasets/finance-vix
2016-08-01,vix_close,12.44,index,github.com/datasets/finance-vix
2016-08-02,vix_close,13.37,index,github.com/datasets/finance-vix
2016-08-03,vix_close,12.86,index,github.com/datasets/finance-vix
2016-08-04,vix_close,12.42,index,github.com/datasets/finance-vix
2016-08-05,vix_close,11.39,index,github.com/datasets/finance-vix
2016-08-08,vix_close,11.5,index,github.com/datasets/finance-vix
2016-08-09,vix_close,11.66,index,github.com/datasets/finance-vix
2016-08-10,vix_close,12.05,index,github.com/datasets/finance-vix
2016-08-11,vix_close,11.68,index,github.com/datasets/finance-vix
2016-08-12,vix_close,11.55,index,github.com/datasets/finance-vix
2016-08-15,vix_close,11.81,index,github.com/datasets/finance-vix
2016-08-16,vix_close,12.64,index,github.com/datasets/finance-vix
2016-08-17,vix_close,12.19,index,github.com/datasets/finance-vix
2016-08-18,vix_close,11.43,index,github.com/datasets/finance-vix
2016-08-19,vix_close,11.34,index,github.com/datasets/finance-vix
2016-08-22,vix_close,12.27,index,github.com/datasets/finance-vix
2016-08-23,vix_close,12.38,index,github.com/datasets/finance-vix
2016-08-24,vix_close,13.45,index,github.com/datasets/finance-vix
2016-08-25,vix_close,13.63,index,github.com/datasets/finance-vix
2016-08-26,vix_close,13.65,index,github.com/datasets/finance-vix
2016-08-29,vix_close,12.94,index,github.com/datasets/finance-vix
2016-08-30,vix_close,13.12,index,github.com/datasets/finance-vix
2016-08-31,vix_close,13.42,index,github.com/datasets/finance-vix
2016-09-01,vix_close,13.48,index,github.com/datasets/finance-vix
2016-09-02,vix_close,11.98,index,github.com/datasets/finance-vix
2016-09-06,vix_close,12.02,index,github.com/datasets/finance-vix
2016-09-07,vix_close,11.94,index,github.com/datasets/finance-vix
2016-09-08,vix_close,12.51,index,github.com/datasets/finance-vix
2016-09-09,vix_close,17.5,index,github.com/datasets/finance-vix
2016-09-12,vix_close,15.16,index,github.com/datasets/finance-vix
2016-09-13,vix_close,17.85,index,github.com/datasets/finance-vix
2016-09-14,vix_close,18.14,index,github.com/datasets/finance-vix
2016-09-15,vix_close,16.3,index,github.com/datasets/finance-vix
2016-09-16,vix_close,15.37,index,github.com/datasets/finance-vix
2016-09-19,vix_close,15.53,index,github.com/datasets/finance-vix
2016-09-20,vix_close,15.92,index,github.com/datasets/finance-vix
2016-09-21,vix_close,13.3,index,github.com/datasets/finance-vix
2016-09-22,vix_close,12.02,index,github.com/datasets/finance-vix
2016-09-23,vix_close,12.29,index,github.com/datasets/finance-vix
2016-09-26,vix_close,14.5,index,github.com/datasets/finance-vix
2016-09-27,vix_close,13.1,index,github.com/datasets/finance-vix
2016-09-28,vix_close,12.39,index,github.com/datasets/finance-vix
2016-09-29,vix_close,14.02,index,github.com/datasets/finance-vix
2016-09-30,vix_close,13.29,index,github.com/datasets/finance-vix
2016-10-03,vix_close,13.57,index,github.com/datasets/finance-vix
2016-10-04,vix_close,13.63,index,github.com/datasets/finance-vix
2016-10-05,vix_close,12.99,index,github.com/datasets/finance-vix
2016-10-06,vix_close,12.84,index,github.com/datasets/finance-vix
2016-10-07,vix_close,13.48,index,github.com/datasets/finance-vix
2016-10-10,vix_close,13.38,index,github.com/datasets/finance-vix
2016-10-11,vix_close,15.36,index,github.com/datasets/finance-vix
2016-10-12,vix_close,15.91,index,github.com/datasets/finance-vix
2016-10-13,vix_close,16.69,index,github.com/datasets/finance-vix
2016-10-14,vix_close,16.12,index,github.com/datasets/finance-vix
2016-10-17,vix_close,16.21,index,github.com/datasets/finance-vix
2016-10-18,vix_close,15.28,index,github.com/datasets/finance-vix
2016-10-19,vix_close,14.41,index,github.com/datasets/finance-vix
2016-10-20,vix_close,13.75,index,github.com/datasets/finance-vix
2016-10-21,vix_close,13.34,index,github.com/datasets/finance-vix
2016-10-24,vix_close,13.02,index,github.com/datasets/finance-vix
2016-10-25,vix_close,13.46,index,github.com/datasets/finance-vix
2016-10-26,vix_close,14.24,index,github.com/datasets/finance-vix
2016-10-27,vix_close,15.36,index,github.com/datasets/finance-vix
2016-10-28,vix_close,16.19,index,github.com/datasets/finance-vix
2016-10-31,vix_close,17.06,index,github.com/datasets/finance-vix
2016-11-01,vix_close,18.56,index,github.com/datasets/finance-vix
2016-11-02,vix_close,19.32,index,github.com/datasets/finance-vix
2016-11-03,vix_close,22.08,index,github.com/datasets/finance-vix
2016-11-04,vix_close,22.51,index,github.com/datasets/finance-vix
2016-11-07,vix_close,18.71,index,github.com/datasets/finance-vix
2016-11-08,vix_close,18.74,index,github.com/datasets/finance-vix
2016-11-09,vix_close,14.38,index,github.com/datasets/finance-vix
2016-11-10,vix_close,14.74,index,github.com/datasets/finance-vix
2016-11-11,vix_close,14.17,index,github.com/datasets/finance-vix
2016-11-14,vix_close,14.48,index,github.com/datasets/finance-vix
2016-11-15,vix_close,13.37,index,github.com/datasets/finance-vix
2016-11-16,vix_close,13.72,index,github.com/datasets/finance-vix
2016-11-17,vix_close,13.35,index,github.com/datasets/finance-vix
2016-11-18,vix_close,12.85,index,github.com/datasets/finance-vix
2016-11-21,vix_close,12.42,index,github.com/datasets/finance-vix
2016-11-22,vix_close,12.41,index,github.com/datasets/finance-vix
2016-11-23,vix_close,12.43,index,github.com/datasets/finance-vix
2016-11-25,vix_close,12.34,index,github.com/datasets/finance-vix
2016-11-28,vix_close,13.15,index,github.com/datasets/finance-vix
2016-11-29,vix_close,12.9,index,github.com/datasets/finance-vix
2016-11-30,vix_close,13.33,index,github.com/datasets/finance-vix
2016-12-01,vix_close,14.07,index,github.com/datasets/finance-vix
2016-12-02,vix_close,14.12,index,github.com/datasets/finance-vix
2016-12-05,vix_close,12.14,index,github.com/datasets/finance-vix
2016-12-06,vix_close,11.79,index,github.com/datasets/finance-vix
2016-12-07,vix_close,12.22,index,github.com/datasets/finance-vix
2016-12-08,vix_close,12.64,index,github.com/datasets/finance-vix
2016-12-09,vix_close,11.75,index,github.com/datasets/finance-vix
2016-12-12,vix_close,12.64,index,github.com/datasets/finance-vix
2016-12-13,vix_close,12.72,index,github.com/datasets/finance-vix
2016-12-14,vix_close,13.19,index,github.com/datasets/finance-vix
2016-12-15,vix_close,12.79,index,github.com/datasets/finance-vix
2016-12-16,vix_close,12.2,index,github.com/datasets/finance-vix
2016-12-19,vix_close,11.71,index,github.com/datasets/finance-vix
2016-12-20,vix_close,11.45,index,github.com/datasets/finance-vix
2016-12-21,vix_close,11.27,index,github.com/datasets/finance-vix
2016-12-22,vix_close,11.43,index,github.com/datasets/finance-vix
2016-12-23,vix_close,11.44,index,github.com/datasets/finance-vix
2016-12-27,vix_close,11.99,index,github.com/datasets/finance-vix
2016-12-28,vix_close,12.95,index,github.com/datasets/finance-vix
2016-12-29,vix_close,13.37,index,github.com/datasets/finance-vix
2016-12-30,vix_close,14.04,index,github.com/datasets/finance-vix
2017-01-03,vix_close,12.85,index,github.com/datasets/finance-vix
2017-01-04,vix_close,11.85,index,github.com/datasets/finance-vix
2017-01-05,vix_close,11.67,index,github.com/datasets/finance-vix
2017-01-06,vix_close,11.32,index,github.com/datasets/finance-vix
2017-01-09,vix_close,11.56,index,github.com/datasets/finance-vix
2017-01-10,vix_close,11.49,index,github.com/datasets/finance-vix
2017-01-11,vix_close,11.26,index,github.com/datasets/finance-vix
2017-01-12,vix_close,11.54,index,github.com/datasets/finance-vix
2017-01-13,vix_close,11.23,index,github.com/datasets/finance-vix
2017-01-17,vix_close,11.87,index,github.com/datasets/finance-vix
2017-01-18,vix_close,12.48,index,github.com/datasets/finance-vix
2017-01-19,vix_close,12.78,index,github.com/datasets/finance-vix
2017-01-20,vix_close,11.54,index,github.com/datasets/finance-vix
2017-01-23,vix_close,11.77,index,github.com/datasets/finance-vix
2017-01-24,vix_close,11.07,index,github.com/datasets/finance-vix
2017-01-25,vix_close,10.81,index,github.com/datasets/finance-vix
2017-01-26,vix_close,10.63,index,github.com/datasets/finance-vix
2017-01-27,vix_close,10.58,index,github.com/datasets/finance-vix
2017-01-30,vix_close,11.88,index,github.com/datasets/finance-vix
2017-01-31,vix_close,11.99,index,github.com/datasets/finance-vix
2017-02-01,vix_close,11.81,index,github.com/datasets/finance-vix
2017-02-02,vix_close,11.93,index,github.com/datasets/finance-vix
2017-02-03,vix_close,10.97,index,github.com/datasets/finance-vix
2017-02-06,vix_close,11.37,index,github.com/datasets/finance-vix
2017-02-07,vix_close,11.29,index,github.com/datasets/finance-vix
2017-02-08,vix_close,11.45,index,github.com/datasets/finance-vix
2017-02-09,vix_close,10.88,index,github.com/datasets/finance-vix
2017-02-10,vix_close,10.85,index,github.com/datasets/finance-vix
2017-02-13,vix_close,11.07,index,github.com/datasets/finance-vix
2017-02-14,vix_close,10.74,index,github.com/datasets/finance-vix
2017-02-15,vix_close,11.97,index,github.com/datasets/finance-vix
2017-02-16,vix_close,11.76,index,github.com/datasets/finance-vix
2017-02-17,vix_close,11.49,index,github.com/datasets/finance-vix
2017-02-21,vix_close,11.57,index,github.com/datasets/finance-vix
2017-02-22,vix_close,11.74,index,github.com/datasets/finance-vix
2017-02-23,vix_close,11.71,index,github.com/datasets/finance-vix
2017-02-24,vix_close,11.47,index,github.com/datasets/finance-vix
2017-02-27,vix_close,12.09,index,github.com/datasets/finance-vix
2017-02-28,vix_close,12.92,index,github.com/datasets/finance-vix
2017-03-01,vix_close,12.54,index,github.com/datasets/finance-vix
2017-03-02,vix_close,11.81,index,github.com/datasets/finance-vix
2017-03-03,vix_close,10.96,index,github.com/datasets/finance-vix
2017-03-06,vix_close,11.24,index,github.com/datasets/finance-vix
2017-03-07,vix_close,11.45,index,github.com/datasets/finance-vix
2017-03-08,vix_close,11.86,index,github.com/datasets/finance-vix
2017-03-09,vix_close,12.3,index,github.com/datasets/finance-vix
2017-03-10,vix_close,11.66,index,github.com/datasets/finance-vix
2017-03-13,vix_close,11.35,index,github.com/datasets/finance-vix
2017-03-14,vix_close,12.3,index,github.com/datasets/finance-vix
2017-03-15,vix_close,11.63,index,github.com/datasets/finance-vix
2017-03-16,vix_close,11.21,index,github.com/datasets/finance-vix
2017-03-17,vix_close,11.28,index,github.com/datasets/finance-vix
2017-03-20,vix_close,11.34,index,github.com/datasets/finance-vix
2017-03-21,vix_close,12.47,index,github.com/datasets/finance-vix
2017-03-22,vix_close,12.81,index,github.com/datasets/finance-vix
2017-03-23,vix_close,13.12,index,github.com/datasets/finance-vix
2017-03-24,vix_close,12.96,index,github.com/datasets/finance-vix
2017-03-27,vix_close,12.5,index,github.com/datasets/finance-vix
2017-03-28,vix_close,11.53,index,github.com/datasets/finance-vix
2017-03-29,vix_close,11.42,index,github.com/datasets/finance-vix
2017-03-30,vix_close,11.54,index,github.com/datasets/finance-vix
2017-03-31,vix_close,12.37,index,github.com/datasets/finance-vix
2017-04-03,vix_close,12.38,index,github.com/datasets/finance-vix
2017-04-04,vix_close,11.79,index,github.com/datasets/finance-vix
2017-04-05,vix_close,12.89,index,github.com/datasets/finance-vix
2017-04-06,vix_close,12.39,index,github.com/datasets/finance-vix
2017-04-07,vix_close,12.87,index,github.com/datasets/finance-vix
2017-04-10,vix_close,14.05,index,github.com/datasets/finance-vix
2017-04-11,vix_close,15.07,index,github.com/datasets/finance-vix
2017-04-12,vix_close,15.77,index,github.com/datasets/finance-vix
2017-04-13,vix_close,15.96,index,github.com/datasets/finance-vix
2017-04-17,vix_close,14.66,index,github.com/datasets/finance-vix
2017-04-18,vix_close,14.42,index,github.com/datasets/finance-vix
2017-04-19,vix_close,14.93,index,github.com/datasets/finance-vix
2017-04-20,vix_close,14.15,index,github.com/datasets/finance-vix
2017-04-21,vix_close,14.63,index,github.com/datasets/finance-vix
2017-04-24,vix_close,10.84,index,github.com/datasets/finance-vix
2017-04-25,vix_close,10.76,index,github.com/datasets/finance-vix
2017-04-26,vix_close,10.85,index,github.com/datasets/finance-vix
2017-04-27,vix_close,10.36,index,github.com/datasets/finance-vix
2017-04-28,vix_close,10.82,index,github.com/datasets/finance-vix
2017-05-01,vix_close,10.11,index,github.com/datasets/finance-vix
2017-05-02,vix_close,10.59,index,github.com/datasets/finance-vix
2017-05-03,vix_close,10.68,index,github.com/datasets/finance-vix
2017-05-04,vix_close,10.46,index,github.com/datasets/finance-vix
2017-05-05,vix_close,10.57,index,github.com/datasets/finance-vix
2017-05-08,vix_close,9.77,index,github.com/datasets/finance-vix
2017-05-09,vix_close,9.96,index,github.com/datasets/finance-vix
2017-05-10,vix_close,10.21,index,github.com/datasets/finance-vix
2017-05-11,vix_close,10.6,index,github.com/datasets/finance-vix
2017-05-12,vix_close,10.4,index,github.com/datasets/finance-vix
2017-05-15,vix_close,10.42,index,github.com/datasets/finance-vix
2017-05-16,vix_close,10.65,index,github.com/datasets/finance-vix
2017-05-17,vix_close,15.59,index,github.com/datasets/finance-vix
2017-05-18,vix_close,14.66,index,github.com/datasets/finance-vix
2017-05-19,vix_close,12.04,index,github.com/datasets/finance-vix
2017-05-22,vix_close,10.93,index,github.com/datasets/finance-vix
2017-05-23,vix_close,10.72,index,github.com/datasets/finance-vix
2017-05-24,vix_close,10.02,index,github.com/datasets/finance-vix
2017-05-25,vix_close,9.99,index,github.com/datasets/finance-vix
2017-05-26,vix_close,9.81,index,github.com/datasets/finance-vix
2017-05-30,vix_close,10.38,index,github.com/datasets/finance-vix
2017-05-31,vix_close,10.41,index,github.com/datasets/finance-vix
2017-06-01,vix_close,9.89,index,github.com/datasets/finance-vix
2017-06-02,vix_close,9.75,index,github.com/datasets/finance-vix
2017-06-05,vix_close,10.07,index,github.com/datasets/finance-vix
2017-06-06,vix_close,10.45,index,github.com/datasets/finance-vix
2017-06-07,vix_close,10.39,index,github.com/datasets/finance-vix
2017-06-08,vix_close,10.16,index,github.com/datasets/finance-vix
2017-06-09,vix_close,10.7,index,github.com/datasets/finance-vix
2017-06-12,vix_close,11.46,index,github.com/datasets/finance-vix
2017-06-13,vix_close,10.42,index,github.com/datasets/finance-vix
2017-06-14,vix_close,10.64,index,github.com/datasets/finance-vix
2017-06-15,vix_close,10.9,index,github.com/datasets/finance-vix
2017-06-16,vix_close,10.38,index,github.com/datasets/finance-vix
2017-06-19,vix_close,10.37,index,github.com/datasets/finance-vix
2017-06-20,vix_close,10.86,index,github.com/datasets/finance-vix
2017-06-21,vix_close,10.75,index,github.com/datasets/finance-vix
2017-06-22,vix_close,10.48,index,github.com/datasets/finance-vix
2017-06-23,vix_close,10.02,index,github.com/datasets/finance-vix
2017-06-26,vix_close,9.9,index,github.com/datasets/finance-vix
2017-06-27,vix_close,11.06,index,github.com/datasets/finance-vix
2017-06-28,vix_close,10.03,index,github.com/datasets/finance-vix
2017-06-29,vix_close,11.44,index,github.com/datasets/finance-vix
2017-06-30,vix_close,11.18,index,github.com/datasets/finance-vix
2017-07-03,vix_close,11.22,index,github.com/datasets/finance-vix
2017-07-05,vix_close,11.07,index,github.com/datasets/finance-vix
2017-07-06,vix_close,12.54,index,github.com/datasets/finance-vix
2017-07-07,vix_close,11.19,index,github.com/datasets/finance-vix
2017-07-10,vix_close,11.11,index,github.com/datasets/finance-vix
2017-07-11,vix_close,10.89,index,github.com/datasets/finance-vix
2017-07-12,vix_close,10.3,index,github.com/datasets/finance-vix
2017-07-13,vix_close,9.9,index,github.com/datasets/finance-vix
2017-07-14,vix_close,9.51,index,github.com/datasets/finance-vix
2017-07-17,vix_close,9.82,index,github.com/datasets/finance-vix
2017-07-18,vix_close,9.89,index,github.com/datasets/finance-vix
2017-07-19,vix_close,9.79,index,github.com/datasets/finance-vix
2017-07-20,vix_close,9.58,index,github.com/datasets/finance-vix
2017-07-21,vix_close,9.36,index,github.com/datasets/finance-vix
2017-07-24,vix_close,9.43,index,github.com/datasets/finance-vix
2017-07-25,vix_close,9.43,index,github.com/datasets/finance-vix
2017-07-26,vix_close,9.6,index,github.com/datasets/finance-vix
2017-07-27,vix_close,10.11,index,github.com/datasets/finance-vix
2017-07-28,vix_close,10.29,index,github.com/datasets/finance-vix
2017-07-31,vix_close,10.26,index,github.com/datasets/finance-vix
2017-08-01,vix_close,10.09,index,github.com/datasets/finance-vix
2017-08-02,vix_close,10.28,index,github.com/datasets/finance-vix
2017-08-03,vix_close,10.44,index,github.com/datasets/finance-vix
2017-08-04,vix_close,10.03,index,github.com/datasets/finance-vix
2017-08-07,vix_close,9.93,index,github.com/datasets/finance-vix
2017-08-08,vix_close,10.96,index,github.com/datasets/finance-vix
2017-08-09,vix_close,11.11,index,github.com/datasets/finance-vix
2017-08-10,vix_close,16.04,index,github.com/datasets/finance-vix
2017-08-11,vix_close,15.51,index,github.com/datasets/finance-vix
2017-08-14,vix_close,12.33,index,github.com/datasets/finance-vix
2017-08-15,vix_close,12.04,index,github.com/datasets/finance-vix
2017-08-16,vix_close,11.74,index,github.com/datasets/finance-vix
2017-08-17,vix_close,15.55,index,github.com/datasets/finance-vix
2017-08-18,vix_close,14.26,index,github.com/datasets/finance-vix
2017-08-21,vix_close,13.19,index,github.com/datasets/finance-vix
2017-08-22,vix_close,11.35,index,github.com/datasets/finance-vix
2017-08-23,vix_close,12.25,index,github.com/datasets/finance-vix
2017-08-24,vix_close,12.23,index,github.com/datasets/finance-vix
2017-08-25,vix_close,11.28,index,github.com/datasets/finance-vix
2017-08-28,vix_close,11.32,index,github.com/datasets/finance-vix
2017-08-29,vix_close,11.7,index,github.com/datasets/finance-vix
2017-08-30,vix_close,11.22,index,github.com/datasets/finance-vix
2017-08-31,vix_close,10.59,index,github.com/datasets/finance-vix
2017-09-01,vix_close,10.13,index,github.com/datasets/finance-vix
2017-09-05,vix_close,12.23,index,github.com/datasets/finance-vix
2017-09-06,vix_close,11.63,index,github.com/datasets/finance-vix
2017-09-07,vix_close,11.55,index,github.com/datasets/finance-vix
2017-09-08,vix_close,12.12,index,github.com/datasets/finance-vix
2017-09-11,vix_close,10.73,index,github.com/datasets/finance-vix
2017-09-12,vix_close,10.58,index,github.com/datasets/finance-vix
2017-09-13,vix_close,10.5,index,github.com/datasets/finance-vix
2017-09-14,vix_close,10.44,index,github.com/datasets/finance-vix
2017-09-15,vix_close,10.17,index,github.com/datasets/finance-vix
2017-09-18,vix_close,10.15,index,github.com/datasets/finance-vix
2017-09-19,vix_close,10.18,index,github.com/datasets/finance-vix
2017-09-20,vix_close,9.78,index,github.com/datasets/finance-vix
2017-09-21,vix_close,9.67,index,github.com/datasets/finance-vix
2017-09-22,vix_close,9.59,index,github.com/datasets/finance-vix
2017-09-25,vix_close,10.21,index,github.com/datasets/finance-vix
2017-09-26,vix_close,10.17,index,github.com/datasets/finance-vix
2017-09-27,vix_close,9.87,index,github.com/datasets/finance-vix
2017-09-28,vix_close,9.55,index,github.com/datasets/finance-vix
2017-09-29,vix_close,9.51,index,github.com/datasets/finance-vix
2017-10-02,vix_close,9.45,index,github.com/datasets/finance-vix
2017-10-03,vix_close,9.51,index,github.com/datasets/finance-vix
2017-10-04,vix_close,9.63,index,github.com/datasets/finance-vix
2017-10-05,vix_close,9.19,index,github.com/datasets/finance-vix
2017-10-06,vix_close,9.65,index,github.com/datasets/finance-vix
2017-10-09,vix_close,10.33,index,github.com/datasets/finance-vix
2017-10-10,vix_close,10.08,index,github.com/datasets/finance-vix
2017-10-11,vix_close,9.85,index,github.com/datasets/finance-vix
2017-10-12,vix_close,9.91,index,github.com/datasets/finance-vix
2017-10-13,vix_close,9.61,index,github.com/datasets/finance-vix
2017-10-16,vix_close,9.91,index,github.com/datasets/finance-vix
2017-10-17,vix_close,10.31,index,github.com/datasets/finance-vix
2017-10-18,vix_close,10.07,index,github.com/datasets/finance-vix
2017-10-19,vix_close,10.05,index,github.com/datasets/finance-vix
2017-10-20,vix_close,9.97,index,github.com/datasets/finance-vix
2017-10-23,vix_close,11.07,index,github.com/datasets/finance-vix
2017-10-24,vix_close,11.16,index,github.com/datasets/finance-vix
2017-10-25,vix_close,11.23,index,github.com/datasets/finance-vix
2017-10-26,vix_close,11.3,index,github.com/datasets/finance-vix
2017-10-27,vix_close,9.8,index,github.com/datasets/finance-vix
2017-10-30,vix_close,10.5,index,github.com/datasets/finance-vix
2017-10-31,vix_close,10.18,index,github.com/datasets/finance-vix
2017-11-01,vix_close,10.2,index,github.com/datasets/finance-vix
2017-11-02,vix_close,9.93,index,github.com/datasets/finance-vix
2017-11-03,vix_close,9.14,index,github.com/datasets/finance-vix
2017-11-06,vix_close,9.4,index,github.com/datasets/finance-vix
2017-11-07,vix_close,9.89,index,github.com/datasets/finance-vix
2017-11-08,vix_close,9.78,index,github.com/datasets/finance-vix
2017-11-09,vix_close,10.5,index,github.com/datasets/finance-vix
2017-11-10,vix_close,11.29,index,github.com/datasets/finance-vix
2017-11-13,vix_close,11.5,index,github.com/datasets/finance-vix
2017-11-14,vix_close,11.59,index,github.com/datasets/finance-vix
2017-11-15,vix_close,13.13,index,github.com/datasets/finance-vix
2017-11-16,vix_close,11.76,index,github.com/datasets/finance-vix
2017-11-17,vix_close,11.43,index,github.com/datasets/finance-vix
2017-11-20,vix_close,10.65,index,github.com/datasets/finance-vix
2017-11-21,vix_close,9.73,index,github.com/datasets/finance-vix
2017-11-22,vix_close,9.88,index,github.com/datasets/finance-vix
2017-11-24,vix_close,9.67,index,github.com/datasets/finance-vix
2017-11-27,vix_close,9.87,index,github.com/datasets/finance-vix
2017-11-28,vix_close,10.03,index,github.com/datasets/finance-vix
2017-11-29,vix_close,10.7,index,github.com/datasets/finance-vix
2017-11-30,vix_close,11.28,index,github.com/datasets/finance-vix
2017-12-01,vix_close,11.43,index,github.com/datasets/finance-vix
2017-12-04,vix_close,11.68,index,github.com/datasets/finance-vix
2017-12-05,vix_close,11.33,index,github.com/datasets/finance-vix
2017-12-06,vix_close,11.02,index,github.com/datasets/finance-vix
2017-12-07,vix_close,10.16,index,github.com/datasets/finance-vix
2017-12-08,vix_close,9.58,index,github.com/datasets/finance-vix
2017-12-11,vix_close,9.34,index,github.com/datasets/finance-vix
2017-12-12,vix_close,9.92,index,github.com/datasets/finance-vix
2017-12-13,vix_close,10.18,index,github.com/datasets/finance-vix
2017-12-14,vix_close,10.49,index,github.com/datasets/finance-vix
2017-12-15,vix_close,9.42,index,github.com/datasets/finance-vix
2017-12-18,vix_close,9.53,index,github.com/datasets/finance-vix
2017-12-19,vix_close,10.03,index,github.com/datasets/finance-vix
2017-12-20,vix_close,9.72,index,github.com/datasets/finance-vix
2017-12-21,vix_close,9.62,index,github.com/datasets/finance-vix
2017-12-22,vix_close,9.9,index,github.com/datasets/finance-vix
2017-12-26,vix_close,10.25,index,github.com/datasets/finance-vix
2017-12-27,vix_close,10.47,index,github.com/datasets/finance-vix
2017-12-28,vix_close,10.18,index,github.com/datasets/finance-vix
2017-12-29,vix_close,11.04,index,github.com/datasets/finance-vix
2018-01-02,vix_close,9.77,index,github.com/datasets/finance-vix
2018-01-03,vix_close,9.15,index,github.com/datasets/finance-vix
2018-01-04,vix_close,9.22,index,github.com/datasets/finance-vix
2018-01-05,vix_close,9.22,index,github.com/datasets/finance-vix
2018-01-08,vix_close,9.52,index,github.com/datasets/finance-vix
2018-01-09,vix_close,10.08,index,github.com/datasets/finance-vix
2018-01-10,vix_close,9.82,index,github.com/datasets/finance-vix
2018-01-11,vix_close,9.88,index,github.com/datasets/finance-vix
2018-01-12,vix_close,10.16,index,github.com/datasets/finance-vix
2018-01-16,vix_close,11.66,index,github.com/datasets/finance-vix
2018-01-17,vix_close,11.91,index,github.com/datasets/finance-vix
2018-01-18,vix_close,12.22,index,github.com/datasets/finance-vix
2018-01-19,vix_close,11.27,index,github.com/datasets/finance-vix
2018-01-22,vix_close,11.03,index,github.com/datasets/finance-vix
2018-01-23,vix_close,11.1,index,github.com/datasets/finance-vix
2018-01-24,vix_close,11.47,index,github.com/datasets/finance-vix
2018-01-25,vix_close,11.58,index,github.com/datasets/finance-vix
2018-01-26,vix_close,11.08,index,github.com/datasets/finance-vix
2018-01-29,vix_close,13.84,index,github.com/datasets/finance-vix
2018-01-30,vix_close,14.79,index,github.com/datasets/finance-vix
2018-01-31,vix_close,13.54,index,github.com/datasets/finance-vix
2018-02-01,vix_close,13.47,index,github.com/datasets/finance-vix
2018-02-02,vix_close,17.31,index,github.com/datasets/finance-vix
2018-02-05,vix_close,37.32,index,github.com/datasets/finance-vix
2018-02-06,vix_close,29.98,index,github.com/datasets/finance-vix
2018-02-07,vix_close,27.73,index,github.com/datasets/finance-vix
2018-02-08,vix_close,33.46,index,github.com/datasets/finance-vix
2018-02-09,vix_close,29.06,index,github.com/datasets/finance-vix
2018-02-12,vix_close,25.61,index,github.com/datasets/finance-vix
2018-02-13,vix_close,24.97,index,github.com/datasets/finance-vix
2018-02-14,vix_close,19.26,index,github.com/datasets/finance-vix
2018-02-15,vix_close,19.13,index,github.com/datasets/finance-vix
2018-02-16,vix_close,19.46,index,github.com/datasets/finance-vix
2018-02-20,vix_close,20.6,index,github.com/datasets/finance-vix
2018-02-21,vix_close,20.02,index,github.com/datasets/finance-vix
2018-02-22,vix_close,18.72,index,github.com/datasets/finance-vix
2018-02-23,vix_close,16.49,index,github.com/datasets/finance-vix
2018-02-26,vix_close,15.8,index,github.com/datasets/finance-vix
2018-02-27,vix_close,18.59,index,github.com/datasets/finance-vix
2018-02-28,vix_close,19.85,index,github.com/datasets/finance-vix
2018-03-01,vix_close,22.47,index,github.com/datasets/finance-vix
2018-03-02,vix_close,19.59,index,github.com/datasets/finance-vix
2018-03-05,vix_close,18.73,index,github.com/datasets/finance-vix
2018-03-06,vix_close,18.36,index,github.com/datasets/finance-vix
2018-03-07,vix_close,17.76,index,github.com/datasets/finance-vix
2018-03-08,vix_close,16.54,index,github.com/datasets/finance-vix
2018-03-09,vix_close,14.64,index,github.com/datasets/finance-vix
2018-03-12,vix_close,15.78,index,github.com/datasets/finance-vix
2018-03-13,vix_close,16.35,index,github.com/datasets/finance-vix
2018-03-14,vix_close,17.23,index,github.com/datasets/finance-vix
2018-03-15,vix_close,16.59,index,github.com/datasets/finance-vix
2018-03-16,vix_close,15.8,index,github.com/datasets/finance-vix
2018-03-19,vix_close,19.02,index,github.com/datasets/finance-vix
2018-03-20,vix_close,18.2,index,github.com/datasets/finance-vix
2018-03-21,vix_close,17.86,index,github.com/datasets/finance-vix
2018-03-22,vix_close,23.34,index,github.com/datasets/finance-vix
2018-03-23,vix_close,24.87,index,github.com/datasets/finance-vix
2018-03-26,vix_close,21.03,index,github.com/datasets/finance-vix
2018-03-27,vix_close,22.5,index,github.com/datasets/finance-vix
2018-03-28,vix_close,22.87,index,github.com/datasets/finance-vix
2018-03-29,vix_close,19.97,index,github.com/datasets/finance-vix
2018-04-02,vix_close,23.62,index,github.com/datasets/finance-vix
2018-04-03,vix_close,21.1,index,github.com/datasets/finance-vix
2018-04-04,vix_close,20.06,index,github.com/datasets/finance-vix
2018-04-05,vix_close,18.94,index,github.com/datasets/finance-vix
2018-04-06,vix_close,21.49,index,github.com/datasets/finance-vix
2018-04-09,vix_close,21.77,index,github.com/datasets/finance-vix
2018-04-10,vix_close,20.47,index,github.com/datasets/finance-vix
2018-04-11,vix_close,20.24,index,github.com/datasets/finance-vix
2018-04-12,vix_close,18.49,index,github.com/datasets/finance-vix
2018-04-13,vix_close,17.41,index,github.com/datasets/finance-vix
2018-04-16,vix_close,16.56,index,github.com/datasets/finance-vix
2018-04-17,vix_close,15.25,index,github.com/datasets/finance-vix
2018-04-18,vix_close,15.6,index,github.com/datasets/finance-vix
2018-04-19,vix_close,15.96,index,github.com/datasets/finance-vix
2018-04-20,vix_close,16.88,index,github.com/datasets/finance-vix
2018-04-23,vix_close,16.34,index,github.com/datasets/finance-vix
2018-04-24,vix_close,18.02,index,github.com/datasets/finance-vix
2018-04-25,vix_close,17.84,index,github.com/datasets/finance-vix
2018-04-26,vix_close,16.24,index,github.com/datasets/finance-vix
2018-04-27,vix_close,15.41,index,github.com/datasets/finance-vix
2018-04-30,vix_close,15.93,index,github.com/datasets/finance-vix
2018-05-01,vix_close,15.49,index,github.com/datasets/finance-vix
2018-05-02,vix_close,15.97,index,github.com/datasets/finance-vix
2018-05-03,vix_close,15.9,index,github.com/datasets/finance-vix
2018-05-04,vix_close,14.77,index,github.com/datasets/finance-vix
2018-05-07,vix_close,14.75,index,github.com/datasets/finance-vix
2018-05-08,vix_close,14.71,index,github.com/datasets/finance-vix
2018-05-09,vix_close,13.42,index,github.com/datasets/finance-vix
2018-05-10,vix_close,13.23,index,github.com/datasets/finance-vix
2018-05-11,vix_close,12.65,index,github.com/datasets/finance-vix
2018-05-14,vix_close,12.93,index,github.com/datasets/finance-vix
2018-05-15,vix_close,14.63,index,github.com/datasets/finance-vix
2018-05-16,vix_close,13.42,index,github.com/datasets/finance-vix
2018-05-17,vix_close,13.43,index,github.com/datasets/finance-vix
2018-05-18,vix_close,13.42,index,github.com/datasets/finance-vix
2018-05-21,vix_close,13.08,index,github.com/datasets/finance-vix
2018-05-22,vix_close,13.22,index,github.com/datasets/finance-vix
2018-05-23,vix_close,12.58,index,github.com/datasets/finance-vix
2018-05-24,vix_close,12.53,index,github.com/datasets/finance-vix
2018-05-25,vix_close,13.22,index,github.com/datasets/finance-vix
2018-05-29,vix_close,17.02,index,github.com/datasets/finance-vix
2018-05-30,vix_close,14.94,index,github.com/datasets/finance-vix
2018-05-31,vix_close,15.43,index,github.com/datasets/finance-vix
2018-06-01,vix_close,13.46,index,github.com/datasets/finance-vix
2018-06-04,vix_close,12.74,index,github.com/datasets/finance-vix
2018-06-05,vix_close,12.4,index,github.com/datasets/finance-vix
2018-06-06,vix_close,11.64,index,github.com/datasets/finance-vix
2018-06-07,vix_close,12.13,index,github.com/datasets/finance-vix
2018-06-08,vix_close,12.18,index,github.com/datasets/finance-vix
2018-06-11,vix_close,12.35,index,github.com/datasets/finance-vix
2018-06-12,vix_close,12.34,index,github.com/datasets/finance-vix
2018-06-13,vix_close,12.94,index,github.com/datasets/finance-vix
2018-06-14,vix_close,12.12,index,github.com/datasets/finance-vix
2018-06-15,vix_close,11.98,index,github.com/datasets/finance-vix
2018-06-18,vix_close,12.31,index,github.com/datasets/finance-vix
2018-06-19,vix_close,13.35,index,github.com/datasets/finance-vix
2018-06-20,vix_close,12.79,index,github.com/datasets/finance-vix
2018-06-21,vix_close,14.64,index,github.com/datasets/finance-vix
2018-06-22,vix_close,13.77,index,github.com/datasets/finance-vix
2018-06-25,vix_close,17.33,index,github.com/datasets/finance-vix
2018-06-26,vix_close,15.92,index,github.com/datasets/finance-vix
2018-06-27,vix_close,17.91,index,github.com/datasets/finance-vix
2018-06-28,vix_close,16.85,index,github.com/datasets/finance-vix
2018-06-29,vix_close,16.09,index,github.com/datasets/finance-vix
2018-07-02,vix_close,15.6,index,github.com/datasets/finance-vix
2018-07-03,vix_close,16.14,index,github.com/datasets/finance-vix
2018-07-05,vix_close,14.97,index,github.com/datasets/finance-vix
2018-07-06,vix_close,13.37,index,github.com/datasets/finance-vix
2018-07-09,vix_close,12.69,index,github.com/datasets/finance-vix
2018-07-10,vix_close,12.64,index,github.com/datasets/finance-vix
2018-07-11,vix_close,13.63,index,github.com/datasets/finance-vix
2018-07-12,vix_close,12.58,index,github.com/datasets/finance-vix
2018-07-13,vix_close,12.18,index,github.com/datasets/finance-vix
2018-07-16,vix_close,12.83,index,github.com/datasets/finance-vix
2018-07-17,vix_close,12.06,index,github.com/datasets/finance-vix
2018-07-18,vix_close,12.1,index,github.com/datasets/finance-vix
2018-07-19,vix_close,12.87,index,github.com/datasets/finance-vix
2018-07-20,vix_close,12.86,index,github.com/datasets/finance-vix
2018-07-23,vix_close,12.62,index,github.com/datasets/finance-vix
2018-07-24,vix_close,12.41,index,github.com/datasets/finance-vix
2018-07-25,vix_close,12.29,index,github.com/datasets/finance-vix
2018-07-26,vix_close,12.14,index,github.com/datasets/finance-vix
2018-07-27,vix_close,13.03,index,github.com/datasets/finance-vix
2018-07-30,vix_close,14.26,index,github.com/datasets/finance-vix
2018-07-31,vix_close,12.83,index,github.com/datasets/finance-vix
2018-08-01,vix_close,13.15,index,github.com/datasets/finance-vix
2018-08-02,vix_close,12.19,index,github.com/datasets/finance-vix
2018-08-03,vix_close,11.64,index,github.com/datasets/finance-vix
2018-08-06,vix_close,11.27,index,github.com/datasets/finance-vix
2018-08-07,vix_close,10.93,index,github.com/datasets/finance-vix
2018-08-08,vix_close,10.85,index,github.com/datasets/finance-vix
2018-08-09,vix_close,11.27,index,github.com/datasets/finance-vix
2018-08-10,vix_close,13.16,index,github.com/datasets/finance-vix
2018-08-13,vix_close,14.78,index,github.com/datasets/finance-vix
2018-08-14,vix_close,13.31,index,github.com/datasets/finance-vix
2018-08-15,vix_close,14.64,index,github.com/datasets/finance-vix
2018-08-16,vix_close,13.45,index,github.com/datasets/finance-vix
2018-08-17,vix_close,12.64,index,github.com/datasets/finance-vix
2018-08-20,vix_close,12.49,index,github.com/datasets/finance-vix
2018-08-21,vix_close,12.86,index,github.com/datasets/finance-vix
2018-08-22,vix_close,12.25,index,github.com/datasets/finance-vix
2018-08-23,vix_close,12.41,index,github.com/datasets/finance-vix
2018-08-24,vix_close,11.99,index,github.com/datasets/finance-vix
2018-08-27,vix_close,12.16,index,github.com/datasets/finance-vix
2018-08-28,vix_close,12.5,index,github.com/datasets/finance-vix
2018-08-29,vix_close,12.25,index,github.com/datasets/finance-vix
2018-08-30,vix_close,13.53,index,github.com/datasets/finance-vix
2018-08-31,vix_close,12.86,index,github.com/datasets/finance-vix
2018-09-04,vix_close,13.16,index,github.com/datasets/finance-vix
2018-09-05,vix_close,13.91,index,github.com/datasets/finance-vix
2018-09-06,vix_close,14.65,index,github.com/datasets/finance-vix
2018-09-07,vix_close,14.88,index,github.com/datasets/finance-vix
2018-09-10,vix_close,14.16,index,github.com/datasets/finance-vix
2018-09-11,vix_close,13.22,index,github.com/datasets/finance-vix
2018-09-12,vix_close,13.14,index,github.com/datasets/finance-vix
2018-09-13,vix_close,12.37,index,github.com/datasets/finance-vix
2018-09-14,vix_close,12.07,index,github.com/datasets/finance-vix
2018-09-17,vix_close,13.68,index,github.com/datasets/finance-vix
2018-09-18,vix_close,12.79,index,github.com/datasets/finance-vix
2018-09-19,vix_close,11.75,index,github.com/datasets/finance-vix
2018-09-20,vix_close,11.8,index,github.com/datasets/finance-vix
2018-09-21,vix_close,11.68,index,github.com/datasets/finance-vix
2018-09-24,vix_close,12.2,index,github.com/datasets/finance-vix
2018-09-25,vix_close,12.42,index,github.com/datasets/finance-vix
2018-09-26,vix_close,12.89,index,github.com/datasets/finance-vix
2018-09-27,vix_close,12.41,index,github.com/datasets/finance-vix
2018-09-28,vix_close,12.12,index,github.com/datasets/finance-vix
2018-10-01,vix_close,12.0,index,github.com/datasets/finance-vix
2018-10-02,vix_close,12.05,index,github.com/datasets/finance-vix
2018-10-03,vix_close,11.61,index,github.com/datasets/finance-vix
2018-10-04,vix_close,14.22,index,github.com/datasets/finance-vix
2018-10-05,vix_close,14.82,index,github.com/datasets/finance-vix
2018-10-08,vix_close,15.69,index,github.com/datasets/finance-vix
2018-10-09,vix_close,15.95,index,github.com/datasets/finance-vix
2018-10-10,vix_close,22.96,index,github.com/datasets/finance-vix
2018-10-11,vix_close,24.98,index,github.com/datasets/finance-vix
2018-10-12,vix_close,21.31,index,github.com/datasets/finance-vix
2018-10-15,vix_close,21.3,index,github.com/datasets/finance-vix
2018-10-16,vix_close,17.62,index,github.com/datasets/finance-vix
2018-10-17,vix_close,17.4,index,github.com/datasets/finance-vix
2018-10-18,vix_close,20.06,index,github.com/datasets/finance-vix
2018-10-19,vix_close,19.89,index,github.com/datasets/finance-vix
2018-10-22,vix_close,19.64,index,github.com/datasets/finance-vix
2018-10-23,vix_close,20.71,index,github.com/datasets/finance-vix
2018-10-24,vix_close,25.23,index,github.com/datasets/finance-vix
2018-10-25,vix_close,24.22,index,github.com/datasets/finance-vix
2018-10-26,vix_close,24.16,index,github.com/datasets/finance-vix
2018-10-29,vix_close,24.7,index,github.com/datasets/finance-vix
2018-10-30,vix_close,23.35,index,github.com/datasets/finance-vix
2018-10-31,vix_close,21.23,index,github.com/datasets/finance-vix
2018-11-01,vix_close,19.34,index,github.com/datasets/finance-vix
2018-11-02,vix_close,19.51,index,github.com/datasets/finance-vix
2018-11-05,vix_close,19.96,index,github.com/datasets/finance-vix
2018-11-06,vix_close,19.91,index,github.com/datasets/finance-vix
2018-11-07,vix_close,16.36,index,github.com/datasets/finance-vix
2018-11-08,vix_close,16.72,index,github.com/datasets/finance-vix
2018-11-09,vix_close,17.36,index,github.com/datasets/finance-vix
2018-11-12,vix_close,20.45,index,github.com/datasets/finance-vix
2018-11-13,vix_close,20.02,index,github.com/datasets/finance-vix
2018-11-14,vix_close,21.25,index,github.com/datasets/finance-vix
2018-11-15,vix_close,19.98,index,github.com/datasets/finance-vix
2018-11-16,vix_close,18.14,index,github.com/datasets/finance-vix
2018-11-19,vix_close,20.1,index,github.com/datasets/finance-vix
2018-11-20,vix_close,22.48,index,github.com/datasets/finance-vix
2018-11-21,vix_close,20.8,index,github.com/datasets/finance-vix
2018-11-23,vix_close,21.52,index,github.com/datasets/finance-vix
2018-11-26,vix_close,18.9,index,github.com/datasets/finance-vix
2018-11-27,vix_close,19.02,index,github.com/datasets/finance-vix
2018-11-28,vix_close,18.49,index,github.com/datasets/finance-vix
2018-11-29,vix_close,18.79,index,github.com/datasets/finance-vix
2018-11-30,vix_close,18.07,index,github.com/datasets/finance-vix
2018-12-03,vix_close,16.44,index,github.com/datasets/finance-vix
2018-12-04,vix_close,20.74,index,github.com/datasets/finance-vix
2018-12-06,vix_close,21.19,index,github.com/datasets/finance-vix
2018-12-07,vix_close,23.23,index,github.com/datasets/finance-vix
2018-12-10,vix_close,22.64,index,github.com/datasets/finance-vix
2018-12-11,vix_close,21.76,index,github.com/datasets/finance-vix
2018-12-12,vix_close,21.46,index,github.com/datasets/finance-vix
2018-12-13,vix_close,20.65,index,github.com/datasets/finance-vix
2018-12-14,vix_close,21.63,index,github.com/datasets/finance-vix
2018-12-17,vix_close,24.52,index,github.com/datasets/finance-vix
2018-12-18,vix_close,25.58,index,github.com/datasets/finance-vix
2018-12-19,vix_close,25.58,index,github.com/datasets/finance-vix
2018-12-20,vix_close,28.38,index,github.com/datasets/finance-vix
2018-12-21,vix_close,30.11,index,github.com/datasets/finance-vix
2018-12-24,vix_close,36.07,index,github.com/datasets/finance-vix
2018-12-26,vix_close,30.41,index,github.com/datasets/finance-vix
2018-12-27,vix_close,29.96,index,github.com/datasets/finance-vix
2018-12-28,vix_close,28.34,index,github.com/datasets/finance-vix
2018-12-31,vix_close,25.42,index,github.com/datasets/finance-vix
2019-01-02,vix_close,23.22,index,github.com/datasets/finance-vix
2019-01-03,vix_close,25.45,index,github.com/datasets/finance-vix
2019-01-04,vix_close,21.38,index,github.com/datasets/finance-vix
2019-01-07,vix_close,21.4,index,github.com/datasets/finance-vix
2019-01-08,vix_close,20.47,index,github.com/datasets/finance-vix
2019-01-09,vix_close,19.98,index,github.com/datasets/finance-vix
2019-01-10,vix_close,19.5,index,github.com/datasets/finance-vix
2019-01-11,vix_close,18.19,index,github.com/datasets/finance-vix
2019-01-14,vix_close,19.07,index,github.com/datasets/finance-vix
2019-01-15,vix_close,18.6,index,github.com/datasets/finance-vix
2019-01-16,vix_close,19.04,index,github.com/datasets/finance-vix
2019-01-17,vix_close,18.06,index,github.com/datasets/finance-vix
2019-01-18,vix_close,17.8,index,github.com/datasets/finance-vix
2019-01-22,vix_close,20.8,index,github.com/datasets/finance-vix
2019-01-23,vix_close,19.52,index,github.com/datasets/finance-vix
2019-01-24,vix_close,18.89,index,github.com/datasets/finance-vix
2019-01-25,vix_close,17.42,index,github.com/datasets/finance-vix
2019-01-28,vix_close,18.87,index,github.com/datasets/finance-vix
2019-01-29,vix_close,19.13,index,github.com/datasets/finance-vix
2019-01-30,vix_close,17.66,index,github.com/datasets/finance-vix
2019-01-31,vix_close,16.57,index,github.com/datasets/finance-vix
2019-02-01,vix_close,16.14,index,github.com/datasets/finance-vix
2019-02-04,vix_close,15.73,index,github.com/datasets/finance-vix
2019-02-05,vix_close,15.57,index,github.com/datasets/finance-vix
2019-02-06,vix_close,15.38,index,github.com/datasets/finance-vix
2019-02-07,vix_close,16.37,index,github.com/datasets/finance-vix
2019-02-08,vix_close,15.72,index,github.com/datasets/finance-vix
2019-02-11,vix_close,15.97,index,github.com/datasets/finance-vix
2019-02-12,vix_close,15.43,index,github.com/datasets/finance-vix
2019-02-13,vix_close,15.65,index,github.com/datasets/finance-vix
2019-02-14,vix_close,16.22,index,github.com/datasets/finance-vix
2019-02-15,vix_close,14.91,index,github.com/datasets/finance-vix
2019-02-19,vix_close,14.88,index,github.com/datasets/finance-vix
2019-02-20,vix_close,14.02,index,github.com/datasets/finance-vix
2019-02-21,vix_close,14.46,index,github.com/datasets/finance-vix
2019-02-22,vix_close,13.51,index,github.com/datasets/finance-vix
2019-02-25,vix_close,14.85,index,github.com/datasets/finance-vix
2019-02-26,vix_close,15.17,index,github.com/datasets/finance-vix
2019-02-27,vix_close,14.7,index,github.com/datasets/finance-vix
2019-02-28,vix_close,14.78,index,github.com/datasets/finance-vix
2019-03-01,vix_close,13.57,index,github.com/datasets/finance-vix
2019-03-04,vix_close,14.63,index,github.com/datasets/finance-vix
2019-03-05,vix_close,14.74,index,github.com/datasets/finance-vix
2019-03-06,vix_close,15.74,index,github.com/datasets/finance-vix
2019-03-07,vix_close,16.59,index,github.com/datasets/finance-vix
2019-03-08,vix_close,16.05,index,github.com/datasets/finance-vix
2019-03-11,vix_close,14.33,index,github.com/datasets/finance-vix
2019-03-12,vix_close,13.77,index,github.com/datasets/finance-vix
2019-03-13,vix_close,13.41,index,github.com/datasets/finance-vix
2019-03-14,vix_close,13.5,index,github.com/datasets/finance-vix
2019-03-15,vix_close,12.88,index,github.com/datasets/finance-vix
2019-03-18,vix_close,13.1,index,github.com/datasets/finance-vix
2019-03-19,vix_close,13.56,index,github.com/datasets/finance-vix
2019-03-20,vix_close,13.91,index,github.com/datasets/finance-vix
2019-03-21,vix_close,13.63,index,github.com/datasets/finance-vix
2019-03-22,vix_close,16.48,index,github.com/datasets/finance-vix
2019-03-25,vix_close,16.33,index,github.com/datasets/finance-vix
2019-03-26,vix_close,14.68,index,github.com/datasets/finance-vix
2019-03-27,vix_close,15.15,index,github.com/datasets/finance-vix
2019-03-28,vix_close,14.43,index,github.com/datasets/finance-vix
2019-03-29,vix_close,13.71,index,github.com/datasets/finance-vix
2019-04-01,vix_close,13.4,index,github.com/datasets/finance-vix
2019-04-02,vix_close,13.36,index,github.com/datasets/finance-vix
2019-04-03,vix_close,13.74,index,github.com/datasets/finance-vix
2019-04-04,vix_close,13.58,index,github.com/datasets/finance-vix
2019-04-05,vix_close,12.82,index,github.com/datasets/finance-vix
2019-04-08,vix_close,13.18,index,github.com/datasets/finance-vix
2019-04-09,vix_close,14.28,index,github.com/datasets/finance-vix
2019-04-10,vix_close,13.3,index,github.com/datasets/finance-vix
2019-04-11,vix_close,13.02,index,github.com/datasets/finance-vix
2019-04-12,vix_close,12.01,index,github.com/datasets/finance-vix
2019-04-15,vix_close,12.32,index,github.com/datasets/finance-vix
2019-04-16,vix_close,12.18,index,github.com/datasets/finance-vix
2019-04-17,vix_close,12.6,index,github.com/datasets/finance-vix
2019-04-18,vix_close,12.09,index,github.com/datasets/finance-vix
2019-04-22,vix_close,12.42,index,github.com/datasets/finance-vix
2019-04-23,vix_close,12.28,index,github.com/datasets/finance-vix
2019-04-24,vix_close,13.14,index,github.com/datasets/finance-vix
2019-04-25,vix_close,13.25,index,github.com/datasets/finance-vix
2019-04-26,vix_close,12.73,index,github.com/datasets/finance-vix
2019-04-29,vix_close,13.11,index,github.com/datasets/finance-vix
2019-04-30,vix_close,13.12,index,github.com/datasets/finance-vix
2019-05-01,vix_close,14.8,index,github.com/datasets/finance-vix
2019-05-02,vix_close,14.42,index,github.com/datasets/finance-vix
2019-05-03,vix_close,12.87,index,github.com/datasets/finance-vix
2019-05-06,vix_close,15.44,index,github.com/datasets/finance-vix
2019-05-07,vix_close,19.32,index,github.com/datasets/finance-vix
2019-05-08,vix_close,19.4,index,github.com/datasets/finance-vix
2019-05-09,vix_close,19.1,index,github.com/datasets/finance-vix
2019-05-10,vix_close,16.04,index,github.com/datasets/finance-vix
2019-05-13,vix_close,20.55,index,github.com/datasets/finance-vix
2019-05-14,vix_close,18.06,index,github.com/datasets/finance-vix
2019-05-15,vix_close,16.44,index,github.com/datasets/finance-vix
2019-05-16,vix_close,15.29,index,github.com/datasets/finance-vix
2019-05-17,vix_close,15.96,index,github.com/datasets/finance-vix
2019-05-20,vix_close,16.31,index,github.com/datasets/finance-vix
2019-05-21,vix_close,14.95,index,github.com/datasets/finance-vix
2019-05-22,vix_close,14.75,index,github.com/datasets/finance-vix
2019-05-23,vix_close,16.92,index,github.com/datasets/finance-vix
2019-05-24,vix_close,15.85,index,github.com/datasets/finance-vix
2019-05-28,vix_close,17.5,index,github.com/datasets/finance-vix
2019-05-29,vix_close,17.9,index,github.com/datasets/finance-vix
2019-05-30,vix_close,17.3,index,github.com/datasets/finance-vix
2019-05-31,vix_close,18.71,index,github.com/datasets/finance-vix
2019-06-03,vix_close,18.86,index,github.com/datasets/finance-vix
2019-06-04,vix_close,16.97,index,github.com/datasets/finance-vix
2019-06-05,vix_close,16.09,index,github.com/datasets/finance-vix
2019-06-06,vix_close,15.93,index,github.com/datasets/finance-vix
2019-06-07,vix_close,16.3,index,github.com/datasets/finance-vix
2019-06-10,vix_close,15.94,index,github.com/datasets/finance-vix
2019-06-11,vix_close,15.99,index,github.com/datasets/finance-vix
2019-06-12,vix_close,15.91,index,github.com/datasets/finance-vix
2019-06-13,vix_close,15.82,index,github.com/datasets/finance-vix
2019-06-14,vix_close,15.28,index,github.com/datasets/finance-vix
2019-06-17,vix_close,15.35,index,github.com/datasets/finance-vix
2019-06-18,vix_close,15.15,index,github.com/datasets/finance-vix
2019-06-19,vix_close,14.33,index,github.com/datasets/finance-vix
2019-06-20,vix_close,14.75,index,github.com/datasets/finance-vix
2019-06-21,vix_close,15.4,index,github.com/datasets/finance-vix
2019-06-24,vix_close,15.26,index,github.com/datasets/finance-vix
2019-06-25,vix_close,16.28,index,github.com/datasets/finance-vix
2019-06-26,vix_close,16.21,index,github.com/datasets/finance-vix
2019-06-27,vix_close,15.82,index,github.com/datasets/finance-vix
2019-06-28,vix_close,15.08,index,github.com/datasets/finance-vix
2019-07-01,vix_close,14.06,index,github.com/datasets/finance-vix
2019-07-02,vix_close,12.93,index,github.com/datasets/finance-vix
2019-07-03,vix_close,12.57,index,github.com/datasets/finance-vix
2019-07-05,vix_close,13.28,index,github.com/datasets/finance-vix
2019-07-08,vix_close,13.96,index,github.com/datasets/finance-vix
2019-07-09,vix_close,14.09,index,github.com/datasets/finance-vix
2019-07-10,vix_close,13.03,index,github.com/datasets/finance-vix
2019-07-11,vix_close,12.93,index,github.com/datasets/finance-vix
2019-07-12,vix_close,12.39,index,github.com/datasets/finance-vix
2019-07-15,vix_close,12.68,index,github.com/datasets/finance-vix
2019-07-16,vix_close,12.86,index,github.com/datasets/finance-vix
2019-07-17,vix_close,13.97,index,github.com/datasets/finance-vix
2019-07-18,vix_close,13.53,index,github.com/datasets/finance-vix
2019-07-19,vix_close,14.45,index,github.com/datasets/finance-vix
2019-07-22,vix_close,13.53,index,github.com/datasets/finance-vix
2019-07-23,vix_close,12.61,index,github.com/datasets/finance-vix
2019-07-24,vix_close,12.07,index,github.com/datasets/finance-vix
2019-07-25,vix_close,12.74,index,github.com/datasets/finance-vix
2019-07-26,vix_close,12.16,index,github.com/datasets/finance-vix
2019-07-29,vix_close,12.83,index,github.com/datasets/finance-vix
2019-07-30,vix_close,13.94,index,github.com/datasets/finance-vix
2019-07-31,vix_close,16.12,index,github.com/datasets/finance-vix
2019-08-01,vix_close,17.87,index,github.com/datasets/finance-vix
2019-08-02,vix_close,17.61,index,github.com/datasets/finance-vix
2019-08-05,vix_close,24.59,index,github.com/datasets/finance-vix
2019-08-06,vix_close,20.17,index,github.com/datasets/finance-vix
2019-08-07,vix_close,19.49,index,github.com/datasets/finance-vix
2019-08-08,vix_close,16.91,index,github.com/datasets/finance-vix
2019-08-09,vix_close,17.97,index,github.com/datasets/finance-vix
2019-08-12,vix_close,21.09,index,github.com/datasets/finance-vix
2019-08-13,vix_close,17.52,index,github.com/datasets/finance-vix
2019-08-14,vix_close,22.1,index,github.com/datasets/finance-vix
2019-08-15,vix_close,21.18,index,github.com/datasets/finance-vix
2019-08-16,vix_close,18.47,index,github.com/datasets/finance-vix
2019-08-19,vix_close,16.88,index,github.com/datasets/finance-vix
2019-08-20,vix_close,17.5,index,github.com/datasets/finance-vix
2019-08-21,vix_close,15.8,index,github.com/datasets/finance-vix
2019-08-22,vix_close,16.68,index,github.com/datasets/finance-vix
2019-08-23,vix_close,19.87,index,github.com/datasets/finance-vix
2019-08-26,vix_close,19.32,index,github.com/datasets/finance-vix
2019-08-27,vix_close,20.31,index,github.com/datasets/finance-vix
2019-08-28,vix_close,19.35,index,github.com/datasets/finance-vix
2019-08-29,vix_close,17.88,index,github.com/datasets/finance-vix
2019-08-30,vix_close,18.98,index,github.com/datasets/finance-vix
2019-09-03,vix_close,19.66,index,github.com/datasets/finance-vix
2019-09-04,vix_close,17.33,index,github.com/datasets/finance-vix
2019-09-05,vix_close,16.27,index,github.com/datasets/finance-vix
2019-09-06,vix_close,15.0,index,github.com/datasets/finance-vix
2019-09-09,vix_close,15.27,index,github.com/datasets/finance-vix
2019-09-10,vix_close,15.2,index,github.com/datasets/finance-vix
2019-09-11,vix_close,14.61,index,github.com/datasets/finance-vix
2019-09-12,vix_close,14.22,index,github.com/datasets/finance-vix
2019-09-13,vix_close,13.74,index,github.com/datasets/finance-vix
2019-09-16,vix_close,14.67,index,github.com/datasets/finance-vix
2019-09-17,vix_close,14.44,index,github.com/datasets/finance-vix
2019-09-18,vix_close,13.95,index,github.com/datasets/finance-vix
2019-09-19,vix_close,14.05,index,github.com/datasets/finance-vix
2019-09-20,vix_close,15.32,index,github.com/datasets/finance-vix
2019-09-23,vix_close,14.91,index,github.com/datasets/finance-vix
2019-09-24,vix_close,17.05,index,github.com/datasets/finance-vix
2019-09-25,vix_close,15.96,index,github.com/datasets/finance-vix
2019-09-26,vix_close,16.07,index,github.com/datasets/finance-vix
2019-09-27,vix_close,17.22,index,github.com/datasets/finance-vix
2019-09-30,vix_close,16.24,index,github.com/datasets/finance-vix
2019-10-01,vix_close,18.56,index,github.com/datasets/finance-vix
2019-10-02,vix_close,20.56,index,github.com/datasets/finance-vix
2019-10-03,vix_close,19.12,index,github.com/datasets/finance-vix
2019-10-04,vix_close,17.04,index,github.com/datasets/finance-vix
2019-10-07,vix_close,17.86,index,github.com/datasets/finance-vix
2019-10-08,vix_close,20.28,index,github.com/datasets/finance-vix
2019-10-09,vix_close,18.64,index,github.com/datasets/finance-vix
2019-10-10,vix_close,17.57,index,github.com/datasets/finance-vix
2019-10-11,vix_close,15.58,index,github.com/datasets/finance-vix
2019-10-14,vix_close,14.57,index,github.com/datasets/finance-vix
2019-10-15,vix_close,13.54,index,github.com/datasets/finance-vix
2019-10-16,vix_close,13.68,index,github.com/datasets/finance-vix
2019-10-17,vix_close,13.79,index,github.com/datasets/finance-vix
2019-10-18,vix_close,14.25,index,github.com/datasets/finance-vix
2019-10-21,vix_close,14.0,index,github.com/datasets/finance-vix
2019-10-22,vix_close,14.46,index,github.com/datasets/finance-vix
2019-10-23,vix_close,14.01,index,github.com/datasets/finance-vix
2019-10-24,vix_close,13.71,index,github.com/datasets/finance-vix
2019-10-25,vix_close,12.65,index,github.com/datasets/finance-vix
2019-10-28,vix_close,13.11,index,github.com/datasets/finance-vix
2019-10-29,vix_close,13.2,index,github.com/datasets/finance-vix
2019-10-30,vix_close,12.33,index,github.com/datasets/finance-vix
2019-10-31,vix_close,13.22,index,github.com/datasets/finance-vix
2019-11-01,vix_close,12.3,index,github.com/datasets/finance-vix
2019-11-04,vix_close,12.83,index,github.com/datasets/finance-vix
2019-11-05,vix_close,13.1,index,github.com/datasets/finance-vix
2019-11-06,vix_close,12.62,index,github.com/datasets/finance-vix
2019-11-07,vix_close,12.73,index,github.com/datasets/finance-vix
2019-11-08,vix_close,12.07,index,github.com/datasets/finance-vix
2019-11-11,vix_close,12.69,index,github.com/datasets/finance-vix
2019-11-12,vix_close,12.68,index,github.com/datasets/finance-vix
2019-11-13,vix_close,13.0,index,github.com/datasets/finance-vix
2019-11-14,vix_close,13.05,index,github.com/datasets/finance-vix
2019-11-15,vix_close,12.05,index,github.com/datasets/finance-vix
2019-11-18,vix_close,12.46,index,github.com/datasets/finance-vix
2019-11-19,vix_close,12.86,index,github.com/datasets/finance-vix
2019-11-20,vix_close,12.78,index,github.com/datasets/finance-vix
2019-11-21,vix_close,13.13,index,github.com/datasets/finance-vix
2019-11-22,vix_close,12.34,index,github.com/datasets/finance-vix
2019-11-25,vix_close,11.87,index,github.com/datasets/finance-vix
2019-11-26,vix_close,11.54,index,github.com/datasets/finance-vix
2019-11-27,vix_close,11.75,index,github.com/datasets/finance-vix
2019-11-29,vix_close,12.62,index,github.com/datasets/finance-vix
2019-12-02,vix_close,14.91,index,github.com/datasets/finance-vix
2019-12-03,vix_close,15.96,index,github.com/datasets/finance-vix
2019-12-04,vix_close,14.8,index,github.com/datasets/finance-vix
2019-12-05,vix_close,14.52,index,github.com/datasets/finance-vix
2019-12-06,vix_close,13.62,index,github.com/datasets/finance-vix
2019-12-09,vix_close,15.86,index,github.com/datasets/finance-vix
2019-12-10,vix_close,15.68,index,github.com/datasets/finance-vix
2019-12-11,vix_close,14.99,index,github.com/datasets/finance-vix
2019-12-12,vix_close,13.94,index,github.com/datasets/finance-vix
2019-12-13,vix_close,12.63,index,github.com/datasets/finance-vix
2019-12-16,vix_close,12.14,index,github.com/datasets/finance-vix
2019-12-17,vix_close,12.29,index,github.com/datasets/finance-vix
2019-12-18,vix_close,12.58,index,github.com/datasets/finance-vix
2019-12-19,vix_close,12.5,index,github.com/datasets/finance-vix
2019-12-20,vix_close,12.51,index,github.com/datasets/finance-vix
2019-12-23,vix_close,12.61,index,github.com/datasets/finance-vix
2019-12-24,vix_close,12.67,index,github.com/datasets/finance-vix
2019-12-26,vix_close,12.65,index,github.com/datasets/finance-vix
2019-12-27,vix_close,13.43,index,github.com/datasets/finance-vix
2019-12-30,vix_close,14.82,index,github.com/datasets/finance-vix
2019-12-31,vix_close,13.78,index,github.com/datasets/finance-vix
2020-01-02,vix_close,12.47,index,github.com/datasets/finance-vix
2020-01-03,vix_close,14.02,index,github.com/datasets/finance-vix
2020-01-06,vix_close,13.85,index,github.com/datasets/finance-vix
2020-01-07,vix_close,13.79,index,github.com/datasets/finance-vix
2020-01-08,vix_close,13.45,index,github.com/datasets/finance-vix
2020-01-09,vix_close,12.54,index,github.com/datasets/finance-vix
2020-01-10,vix_close,12.56,index,github.com/datasets/finance-vix
2020-01-13,vix_close,12.32,index,github.com/datasets/finance-vix
2020-01-14,vix_close,12.39,index,github.com/datasets/finance-vix
2020-01-15,vix_close,12.42,index,github.com/datasets/finance-vix
2020-01-16,vix_close,12.32,index,github.com/datasets/finance-vix
2020-01-17,vix_close,12.1,index,github.com/datasets/finance-vix
2020-01-21,vix_close,12.85,index,github.com/datasets/finance-vix
2020-01-22,vix_close,12.91,index,github.com/datasets/finance-vix
2020-01-23,vix_close,12.98,index,github.com/datasets/finance-vix
2020-01-24,vix_close,14.56,index,github.com/datasets/finance-vix
2020-01-27,vix_close,18.23,index,github.com/datasets/finance-vix
2020-01-28,vix_close,16.28,index,github.com/datasets/finance-vix
2020-01-29,vix_close,16.39,index,github.com/datasets/finance-vix
2020-01-30,vix_close,15.49,index,github.com/datasets/finance-vix
2020-01-31,vix_close,18.84,index,github.com/datasets/finance-vix
2020-02-03,vix_close,17.97,index,github.com/datasets/finance-vix
2020-02-04,vix_close,16.05,index,github.com/datasets/finance-vix
2020-02-05,vix_close,15.15,index,github.com/datasets/finance-vix
2020-02-06,vix_close,14.96,index,github.com/datasets/finance-vix
2020-02-07,vix_close,15.47,index,github.com/datasets/finance-vix
2020-02-10,vix_close,15.04,index,github.com/datasets/finance-vix
2020-02-11,vix_close,15.18,index,github.com/datasets/finance-vix
2020-02-12,vix_close,13.74,index,github.com/datasets/finance-vix
2020-02-13,vix_close,14.15,index,github.com/datasets/finance-vix
2020-02-14,vix_close,13.68,index,github.com/datasets/finance-vix
2020-02-18,vix_close,14.83,index,github.com/datasets/finance-vix
2020-02-19,vix_close,14.38,index,github.com/datasets/finance-vix
2020-02-20,vix_close,15.56,index,github.com/datasets/finance-vix
2020-02-21,vix_close,17.08,index,github.com/datasets/finance-vix
2020-02-24,vix_close,25.03,index,github.com/datasets/finance-vix
2020-02-25,vix_close,27.85,index,github.com/datasets/finance-vix
2020-02-26,vix_close,27.56,index,github.com/datasets/finance-vix
2020-02-27,vix_close,39.16,index,github.com/datasets/finance-vix
2020-02-28,vix_close,40.11,index,github.com/datasets/finance-vix
2020-03-02,vix_close,33.42,index,github.com/datasets/finance-vix
2020-03-03,vix_close,36.82,index,github.com/datasets/finance-vix
2020-03-04,vix_close,31.99,index,github.com/datasets/finance-vix
2020-03-05,vix_close,39.62,index,github.com/datasets/finance-vix
2020-03-06,vix_close,41.94,index,github.com/datasets/finance-vix
2020-03-09,vix_close,54.46,index,github.com/datasets/finance-vix
2020-03-10,vix_close,47.3,index,github.com/datasets/finance-vix
2020-03-11,vix_close,53.9,index,github.com/datasets/finance-vix
2020-03-12,vix_close,75.47,index,github.com/datasets/finance-vix
2020-03-13,vix_close,57.83,index,github.com/datasets/finance-vix
2020-03-16,vix_close,82.69,index,github.com/datasets/finance-vix
2020-03-17,vix_close,75.91,index,github.com/datasets/finance-vix
2020-03-18,vix_close,76.45,index,github.com/datasets/finance-vix
2020-03-19,vix_close,72.0,index,github.com/datasets/finance-vix
2020-03-20,vix_close,66.04,index,github.com/datasets/finance-vix
2020-03-23,vix_close,61.59,index,github.com/datasets/finance-vix
2020-03-24,vix_close,61.67,index,github.com/datasets/finance-vix
2020-03-25,vix_close,63.95,index,github.com/datasets/finance-vix
2020-03-26,vix_close,61.0,index,github.com/datasets/finance-vix
2020-03-27,vix_close,65.54,index,github.com/datasets/finance-vix
2020-03-30,vix_close,57.08,index,github.com/datasets/finance-vix
2020-03-31,vix_close,53.54,index,github.com/datasets/finance-vix
2020-04-01,vix_close,57.06,index,github.com/datasets/finance-vix
2020-04-02,vix_close,50.91,index,github.com/datasets/finance-vix
2020-04-03,vix_close,46.8,index,github.com/datasets/finance-vix
2020-04-06,vix_close,45.24,index,github.com/datasets/finance-vix
2020-04-07,vix_close,46.7,index,github.com/datasets/finance-vix
2020-04-08,vix_close,43.35,index,github.com/datasets/finance-vix
2020-04-09,vix_close,41.67,index,github.com/datasets/finance-vix
2020-04-13,vix_close,41.17,index,github.com/datasets/finance-vix
2020-04-14,vix_close,37.76,index,github.com/datasets/finance-vix
2020-04-15,vix_close,40.84,index,github.com/datasets/finance-vix
2020-04-16,vix_close,40.11,index,github.com/datasets/finance-vix
2020-04-17,vix_close,38.15,index,github.com/datasets/finance-vix
2020-04-20,vix_close,43.83,index,github.com/datasets/finance-vix
2020-04-21,vix_close,45.41,index,github.com/datasets/finance-vix
2020-04-22,vix_close,41.98,index,github.com/datasets/finance-vix
2020-04-23,vix_close,41.38,index,github.com/datasets/finance-vix
2020-04-24,vix_close,35.93,index,github.com/datasets/finance-vix
2020-04-27,vix_close,33.29,index,github.com/datasets/finance-vix
2020-04-28,vix_close,33.57,index,github.com/datasets/finance-vix
2020-04-29,vix_close,31.23,index,github.com/datasets/finance-vix
2020-04-30,vix_close,34.15,index,github.com/datasets/finance-vix
2020-05-01,vix_close,37.19,index,github.com/datasets/finance-vix
2020-05-04,vix_close,35.97,index,github.com/datasets/finance-vix
2020-05-05,vix_close,33.61,index,github.com/datasets/finance-vix
2020-05-06,vix_close,34.12,index,github.com/datasets/finance-vix
2020-05-07,vix_close,31.44,index,github.com/datasets/finance-vix
2020-05-08,vix_close,27.98,index,github.com/datasets/finance-vix
2020-05-11,vix_close,27.57,index,github.com/datasets/finance-vix
2020-05-12,vix_close,33.04,index,github.com/datasets/finance-vix
2020-05-13,vix_close,35.28,index,github.com/datasets/finance-vix
2020-05-14,vix_close,32.61,index,github.com/datasets/finance-vix
2020-05-15,vix_close,31.89,index,github.com/datasets/finance-vix
2020-05-18,vix_close,29.3,index,github.com/datasets/finance-vix
2020-05-19,vix_close,30.53,index,github.com/datasets/finance-vix
2020-05-20,vix_close,27.99,index,github.com/datasets/finance-vix
2020-05-21,vix_close,29.53,index,github.com/datasets/finance-vix
2020-05-22,vix_close,28.16,index,github.com/datasets/finance-vix
2020-05-26,vix_close,28.01,index,github.com/datasets/finance-vix
2020-05-27,vix_close,27.62,index,github.com/datasets/finance-vix
2020-05-28,vix_close,28.59,index,github.com/datasets/finance-vix
2020-05-29,vix_close,27.51,index,github.com/datasets/finance-vix
2020-06-01,vix_close,28.23,index,github.com/datasets/finance-vix
2020-06-02,vix_close,26.84,index,github.com/datasets/finance-vix
2020-06-03,vix_close,25.66,index,github.com/datasets/finance-vix
2020-06-04,vix_close,25.81,index,github.com/datasets/finance-vix
2020-06-05,vix_close,24.52,index,github.com/datasets/finance-vix
2020-06-08,vix_close,25.81,index,github.com/datasets/finance-vix
2020-06-09,vix_close,27.57,index,github.com/datasets/finance-vix
2020-06-10,vix_close,27.57,index,github.com/datasets/finance-vix
2020-06-11,vix_close,40.79,index,github.com/datasets/finance-vix
2020-06-12,vix_close,36.09,index,github.com/datasets/finance-vix
2020-06-15,vix_close,34.4,index,github.com/datasets/finance-vix
2020-06-16,vix_close,33.67,index,github.com/datasets/finance-vix
2020-06-17,vix_close,33.47,index,github.com/datasets/finance-vix
2020-06-18,vix_close,32.94,index,github.com/datasets/finance-vix
2020-06-19,vix_close,35.12,index,github.com/datasets/finance-vix
2020-06-22,vix_close,31.77,index,github.com/datasets/finance-vix
2020-06-23,vix_close,31.37,index,github.com/datasets/finance-vix
2020-06-24,vix_close,33.84,index,github.com/datasets/finance-vix
2020-06-25,vix_close,32.22,index,github.com/datasets/finance-vix
2020-06-26,vix_close,34.73,index,github.com/datasets/finance-vix
2020-06-29,vix_close,31.78,index,github.com/datasets/finance-vix
2020-06-30,vix_close,30.43,index,github.com/datasets/finance-vix
2020-07-01,vix_close,28.62,index,github.com/datasets/finance-vix
2020-07-02,vix_close,27.68,index,github.com/datasets/finance-vix
2020-07-06,vix_close,27.94,index,github.com/datasets/finance-vix
2020-07-07,vix_close,29.43,index,github.com/datasets/finance-vix
2020-07-08,vix_close,28.08,index,github.com/datasets/finance-vix
2020-07-09,vix_close,29.26,index,github.com/datasets/finance-vix
2020-07-10,vix_close,27.29,index,github.com/datasets/finance-vix
2020-07-13,vix_close,32.19,index,github.com/datasets/finance-vix
2020-07-14,vix_close,29.52,index,github.com/datasets/finance-vix
2020-07-15,vix_close,27.76,index,github.com/datasets/finance-vix
2020-07-16,vix_close,28.0,index,github.com/datasets/finance-vix
2020-07-17,vix_close,25.68,index,github.com/datasets/finance-vix
2020-07-20,vix_close,24.46,index,github.com/datasets/finance-vix
2020-07-21,vix_close,24.84,index,github.com/datasets/finance-vix
2020-07-22,vix_close,24.32,index,github.com/datasets/finance-vix
2020-07-23,vix_close,26.08,index,github.com/datasets/finance-vix
2020-07-24,vix_close,25.84,index,github.com/datasets/finance-vix
2020-07-27,vix_close,24.74,index,github.com/datasets/finance-vix
2020-07-28,vix_close,25.44,index,github.com/datasets/finance-vix
2020-07-29,vix_close,24.1,index,github.com/datasets/finance-vix
2020-07-30,vix_close,24.76,index,github.com/datasets/finance-vix
2020-07-31,vix_close,24.46,index,github.com/datasets/finance-vix
2020-08-03,vix_close,24.28,index,github.com/datasets/finance-vix
2020-08-04,vix_close,23.76,index,github.com/datasets/finance-vix
2020-08-05,vix_close,22.99,index,github.com/datasets/finance-vix
2020-08-06,vix_close,22.65,index,github.com/datasets/finance-vix
2020-08-07,vix_close,22.21,index,github.com/datasets/finance-vix
2020-08-10,vix_close,22.13,index,github.com/datasets/finance-vix
2020-08-11,vix_close,24.03,index,github.com/datasets/finance-vix
2020-08-12,vix_close,22.28,index,github.com/datasets/finance-vix
2020-08-13,vix_close,22.13,index,github.com/datasets/finance-vix
2020-08-14,vix_close,22.05,index,github.com/datasets/finance-vix
2020-08-17,vix_close,21.35,index,github.com/datasets/finance-vix
2020-08-18,vix_close,21.51,index,github.com/datasets/finance-vix
2020-08-19,vix_close,22.54,index,github.com/datasets/finance-vix
2020-08-20,vix_close,22.72,index,github.com/datasets/finance-vix
2020-08-21,vix_close,22.54,index,github.com/datasets/finance-vix
2020-08-24,vix_close,22.37,index,github.com/datasets/finance-vix
2020-08-25,vix_close,22.03,index,github.com/datasets/finance-vix
2020-08-26,vix_close,23.27,index,github.com/datasets/finance-vix
2020-08-27,vix_close,24.47,index,github.com/datasets/finance-vix
2020-08-28,vix_close,22.96,index,github.com/datasets/finance-vix
2020-08-31,vix_close,26.41,index,github.com/datasets/finance-vix
2020-09-01,vix_close,26.12,index,github.com/datasets/finance-vix
2020-09-02,vix_close,26.57,index,github.com/datasets/finance-vix
2020-09-03,vix_close,33.6,index,github.com/datasets/finance-vix
2020-09-04,vix_close,30.75,index,github.com/datasets/finance-vix
2020-09-08,vix_close,31.46,index,github.com/datasets/finance-vix
2020-09-09,vix_close,28.81,index,github.com/datasets/finance-vix
2020-09-10,vix_close,29.71,index,github.com/datasets/finance-vix
2020-09-11,vix_close,26.87,index,github.com/datasets/finance-vix
2020-09-14,vix_close,25.85,index,github.com/datasets/finance-vix
2020-09-15,vix_close,25.59,index,github.com/datasets/finance-vix
2020-09-16,vix_close,26.04,index,github.com/datasets/finance-vix
2020-09-17,vix_close,26.46,index,github.com/datasets/finance-vix
2020-09-18,vix_close,25.83,index,github.com/datasets/finance-vix
2020-09-21,vix_close,27.78,index,github.com/datasets/finance-vix
2020-09-22,vix_close,26.86,index,github.com/datasets/finance-vix
2020-09-23,vix_close,28.58,index,github.com/datasets/finance-vix
2020-09-24,vix_close,28.51,index,github.com/datasets/finance-vix
2020-09-25,vix_close,26.38,index,github.com/datasets/finance-vix
2020-09-28,vix_close,26.19,index,github.com/datasets/finance-vix
2020-09-29,vix_close,26.27,index,github.com/datasets/finance-vix
2020-09-30,vix_close,26.37,index,github.com/datasets/finance-vix
2020-10-01,vix_close,26.7,index,github.com/datasets/finance-vix
2020-10-02,vix_close,27.63,index,github.com/datasets/finance-vix
2020-10-05,vix_close,27.96,index,github.com/datasets/finance-vix
2020-10-06,vix_close,29.48,index,github.com/datasets/finance-vix
2020-10-07,vix_close,28.06,index,github.com/datasets/finance-vix
2020-10-08,vix_close,26.36,index,github.com/datasets/finance-vix
2020-10-09,vix_close,25.0,index,github.com/datasets/finance-vix
2020-10-12,vix_close,25.07,index,github.com/datasets/finance-vix
2020-10-13,vix_close,26.07,index,github.com/datasets/finance-vix
2020-10-14,vix_close,26.4,index,github.com/datasets/finance-vix
2020-10-15,vix_close,26.97,index,github.com/datasets/finance-vix
2020-10-16,vix_close,27.41,index,github.com/datasets/finance-vix
2020-10-19,vix_close,29.18,index,github.com/datasets/finance-vix
2020-10-20,vix_close,29.35,index,github.com/datasets/finance-vix
2020-10-21,vix_close,28.65,index,github.com/datasets/finance-vix
2020-10-22,vix_close,28.11,index,github.com/datasets/finance-vix
2020-10-23,vix_close,27.55,index,github.com/datasets/finance-vix
2020-10-26,vix_close,32.46,index,github.com/datasets/finance-vix
2020-10-27,vix_close,33.35,index,github.com/datasets/finance-vix
2020-10-28,vix_close,40.28,index,github.com/datasets/finance-vix
2020-10-29,vix_close,37.59,index,github.com/datasets/finance-vix
2020-10-30,vix_close,38.02,index,github.com/datasets/finance-vix
2020-11-02,vix_close,37.13,index,github.com/datasets/finance-vix
2020-11-03,vix_close,35.55,index,github.com/datasets/finance-vix
2020-11-04,vix_close,29.57,index,github.com/datasets/finance-vix
2020-11-05,vix_close,27.58,index,github.com/datasets/finance-vix
2020-11-06,vix_close,24.86,index,github.com/datasets/finance-vix
2020-11-09,vix_close,25.75,index,github.com/datasets/finance-vix
2020-11-10,vix_close,24.8,index,github.com/datasets/finance-vix
2020-11-11,vix_close,23.45,index,github.com/datasets/finance-vix
2020-11-12,vix_close,25.35,index,github.com/datasets/finance-vix
2020-11-13,vix_close,23.1,index,github.com/datasets/finance-vix
2020-11-16,vix_close,22.45,index,github.com/datasets/finance-vix
2020-11-17,vix_close,22.71,index,github.com/datasets/finance-vix
2020-11-18,vix_close,23.84,index,github.com/datasets/finance-vix
2020-11-19,vix_close,23.11,index,github.com/datasets/finance-vix
2020-11-20,vix_close,23.7,index,github.com/datasets/finance-vix
2020-11-23,vix_close,22.66,index,github.com/datasets/finance-vix
2020-11-24,vix_close,21.64,index,github.com/datasets/finance-vix
2020-11-25,vix_close,21.25,index,github.com/datasets/finance-vix
2020-11-27,vix_close,20.84,index,github.com/datasets/finance-vix
2020-11-30,vix_close,20.57,index,github.com/datasets/finance-vix
2020-12-01,vix_close,20.77,index,github.com/datasets/finance-vix
2020-12-02,vix_close,21.17,index,github.com/datasets/finance-vix
2020-12-03,vix_close,21.28,index,github.com/datasets/finance-vix
2020-12-04,vix_close,20.79,index,github.com/datasets/finance-vix
2020-12-07,vix_close,21.3,index,github.com/datasets/finance-vix
2020-12-08,vix_close,20.68,index,github.com/datasets/finance-vix
2020-12-09,vix_close,22.27,index,github.com/datasets/finance-vix
2020-12-10,vix_close,22.52,index,github.com/datasets/finance-vix
2020-12-11,vix_close,23.31,index,github.com/datasets/finance-vix
2020-12-14,vix_close,24.72,index,github.com/datasets/finance-vix
2020-12-15,vix_close,22.89,index,github.com/datasets/finance-vix
2020-12-16,vix_close,22.5,index,github.com/datasets/finance-vix
2020-12-17,vix_close,21.93,index,github.com/datasets/finance-vix
2020-12-18,vix_close,21.57,index,github.com/datasets/finance-vix
2020-12-21,vix_close,25.16,index,github.com/datasets/finance-vix
2020-12-22,vix_close,24.23,index,github.com/datasets/finance-vix
2020-12-23,vix_close,23.31,index,github.com/datasets/finance-vix
2020-12-24,vix_close,21.53,index,github.com/datasets/finance-vix
2020-12-28,vix_close,21.7,index,github.com/datasets/finance-vix
2020-12-29,vix_close,23.08,index,github.com/datasets/finance-vix
2020-12-30,vix_close,22.77,index,github.com/datasets/finance-vix
2020-12-31,vix_close,22.75,index,github.com/datasets/finance-vix
2021-01-04,vix_close,26.97,index,github.com/datasets/finance-vix
2021-01-05,vix_close,25.34,index,github.com/datasets/finance-vix
2021-01-06,vix_close,25.07,index,github.com/datasets/finance-vix
2021-01-07,vix_close,22.37,index,github.com/datasets/finance-vix
2021-01-08,vix_close,21.56,index,github.com/datasets/finance-vix
2021-01-11,vix_close,24.08,index,github.com/datasets/finance-vix
2021-01-12,vix_close,23.33,index,github.com/datasets/finance-vix
2021-01-13,vix_close,22.21,index,github.com/datasets/finance-vix
2021-01-14,vix_close,23.25,index,github.com/datasets/finance-vix
2021-01-15,vix_close,24.34,index,github.com/datasets/finance-vix
2021-01-19,vix_close,23.24,index,github.com/datasets/finance-vix
2021-01-20,vix_close,21.58,index,github.com/datasets/finance-vix
2021-01-21,vix_close,21.32,index,github.com/datasets/finance-vix
2021-01-22,vix_close,21.91,index,github.com/datasets/finance-vix
2021-01-25,vix_close,23.19,index,github.com/datasets/finance-vix
2021-01-26,vix_close,23.02,index,github.com/datasets/finance-vix
2021-01-27,vix_close,37.21,index,github.com/datasets/finance-vix
2021-01-28,vix_close,30.21,index,github.com/datasets/finance-vix
2021-01-29,vix_close,33.09,index,github.com/datasets/finance-vix
2021-02-01,vix_close,30.24,index,github.com/datasets/finance-vix
2021-02-02,vix_close,25.56,index,github.com/datasets/finance-vix
2021-02-03,vix_close,22.91,index,github.com/datasets/finance-vix
2021-02-04,vix_close,21.77,index,github.com/datasets/finance-vix
2021-02-05,vix_close,20.87,index,github.com/datasets/finance-vix
2021-02-08,vix_close,21.24,index,github.com/datasets/finance-vix
2021-02-09,vix_close,21.63,index,github.com/datasets/finance-vix
2021-02-10,vix_close,21.99,index,github.com/datasets/finance-vix
2021-02-11,vix_close,21.25,index,github.com/datasets/finance-vix
2021-02-12,vix_close,19.97,index,github.com/datasets/finance-vix
2021-02-16,vix_close,21.46,index,github.com/datasets/finance-vix
2021-02-17,vix_close,21.5,index,github.com/datasets/finance-vix
2021-02-18,vix_close,22.49,index,github.com/datasets/finance-vix
2021-02-19,vix_close,22.05,index,github.com/datasets/finance-vix
2021-02-22,vix_close,23.45,index,github.com/datasets/finance-vix
2021-02-23,vix_close,23.11,index,github.com/datasets/finance-vix
2021-02-24,vix_close,21.34,index,github.com/datasets/finance-vix
2021-02-25,vix_close,28.89,index,github.com/datasets/finance-vix
2021-02-26,vix_close,27.95,index,github.com/datasets/finance-vix
2021-03-01,vix_close,23.35,index,github.com/datasets/finance-vix
2021-03-02,vix_close,24.1,index,github.com/datasets/finance-vix
2021-03-03,vix_close,26.67,index,github.com/datasets/finance-vix
2021-03-04,vix_close,28.57,index,github.com/datasets/finance-vix
2021-03-05,vix_close,24.66,index,github.com/datasets/finance-vix
2021-03-08,vix_close,25.47,index,github.com/datasets/finance-vix
2021-03-09,vix_close,24.03,index,github.com/datasets/finance-vix
2021-03-10,vix_close,22.56,index,github.com/datasets/finance-vix
2021-03-11,vix_close,21.91,index,github.com/datasets/finance-vix
2021-03-12,vix_close,20.69,index,github.com/datasets/finance-vix
2021-03-15,vix_close,20.03,index,github.com/datasets/finance-vix
2021-03-16,vix_close,19.79,index,github.com/datasets/finance-vix
2021-03-17,vix_close,19.23,index,github.com/datasets/finance-vix
2021-03-18,vix_close,21.58,index,github.com/datasets/finance-vix
2021-03-19,vix_close,20.95,index,github.com/datasets/finance-vix
2021-03-22,vix_close,18.88,index,github.com/datasets/finance-vix
2021-03-23,vix_close,20.3,index,github.com/datasets/finance-vix
2021-03-24,vix_close,21.2,index,github.com/datasets/finance-vix
2021-03-25,vix_close,19.81,index,github.com/datasets/finance-vix
2021-03-26,vix_close,18.86,index,github.com/datasets/finance-vix
2021-03-29,vix_close,20.74,index,github.com/datasets/finance-vix
2021-03-30,vix_close,19.61,index,github.com/datasets/finance-vix
2021-03-31,vix_close,19.4,index,github.com/datasets/finance-vix
2021-04-01,vix_close,17.33,index,github.com/datasets/finance-vix
2021-04-05,vix_close,17.91,index,github.com/datasets/finance-vix
2021-04-06,vix_close,18.12,index,github.com/datasets/finance-vix
2021-04-07,vix_close,17.16,index,github.com/datasets/finance-vix
2021-04-08,vix_close,16.95,index,github.com/datasets/finance-vix
2021-04-09,vix_close,16.69,index,github.com/datasets/finance-vix
2021-04-12,vix_close,16.91,index,github.com/datasets/finance-vix
2021-04-13,vix_close,16.65,index,github.com/datasets/finance-vix
2021-04-14,vix_close,16.99,index,github.com/datasets/finance-vix
2021-04-15,vix_close,16.57,index,github.com/datasets/finance-vix
2021-04-16,vix_close,16.25,index,github.com/datasets/finance-vix
2021-04-19,vix_close,17.29,index,github.com/datasets/finance-vix
2021-04-20,vix_close,18.68,index,github.com/datasets/finance-vix
2021-04-21,vix_close,17.5,index,github.com/datasets/finance-vix
2021-04-22,vix_close,18.71,index,github.com/datasets/finance-vix
2021-04-23,vix_close,17.33,index,github.com/datasets/finance-vix
2021-04-26,vix_close,17.64,index,github.com/datasets/finance-vix
2021-04-27,vix_close,17.56,index,github.com/datasets/finance-vix
2021-04-28,vix_close,17.28,index,github.com/datasets/finance-vix
2021-04-29,vix_close,17.61,index,github.com/datasets/finance-vix
2021-04-30,vix_close,18.61,index,github.com/datasets/finance-vix
2021-05-03,vix_close,18.31,index,github.com/datasets/finance-vix
2021-05-04,vix_close,19.48,index,github.com/datasets/finance-vix
2021-05-05,vix_close,19.15,index,github.com/datasets/finance-vix
2021-05-06,vix_close,18.39,index,github.com/datasets/finance-vix
2021-05-07,vix_close,16.69,index,github.com/datasets/finance-vix
2021-05-10,vix_close,19.66,index,github.com/datasets/finance-vix
2021-05-11,vix_close,21.84,index,github.com/datasets/finance-vix
2021-05-12,vix_close,27.59,index,github.com/datasets/finance-vix
2021-05-13,vix_close,23.13,index,github.com/datasets/finance-vix
2021-05-14,vix_close,18.81,index,github.com/datasets/finance-vix
2021-05-17,vix_close,19.72,index,github.com/datasets/finance-vix
2021-05-18,vix_close,21.34,index,github.com/datasets/finance-vix
2021-05-19,vix_close,22.18,index,github.com/datasets/finance-vix
2021-05-20,vix_close,20.67,index,github.com/datasets/finance-vix
2021-05-21,vix_close,20.15,index,github.com/datasets/finance-vix
2021-05-24,vix_close,18.4,index,github.com/datasets/finance-vix
2021-05-25,vix_close,18.84,index,github.com/datasets/finance-vix
2021-05-26,vix_close,17.36,index,github.com/datasets/finance-vix
2021-05-27,vix_close,16.74,index,github.com/datasets/finance-vix
2021-05-28,vix_close,16.76,index,github.com/datasets/finance-vix
2021-06-01,vix_close,17.9,index,github.com/datasets/finance-vix
2021-06-02,vix_close,17.48,index,github.com/datasets/finance-vix
2021-06-03,vix_close,18.04,index,github.com/datasets/finance-vix
2021-06-04,vix_close,16.42,index,github.com/datasets/finance-vix
2021-06-07,vix_close,16.42,index,github.com/datasets/finance-vix
2021-06-08,vix_close,17.07,index,github.com/datasets/finance-vix
2021-06-09,vix_close,17.89,index,github.com/datasets/finance-vix
2021-06-10,vix_close,16.1,index,github.com/datasets/finance-vix
2021-06-11,vix_close,15.65,index,github.com/datasets/finance-vix
2021-06-14,vix_close,16.39,index,github.com/datasets/finance-vix
2021-06-15,vix_close,17.02,index,github.com/datasets/finance-vix
2021-06-16,vix_close,18.15,index,github.com/datasets/finance-vix
2021-06-17,vix_close,17.75,index,github.com/datasets/finance-vix
2021-06-18,vix_close,20.7,index,github.com/datasets/finance-vix
2021-06-21,vix_close,17.89,index,github.com/datasets/finance-vix
2021-06-22,vix_close,16.66,index,github.com/datasets/finance-vix
2021-06-23,vix_close,16.32,index,github.com/datasets/finance-vix
2021-06-24,vix_close,15.97,index,github.com/datasets/finance-vix
2021-06-25,vix_close,15.62,index,github.com/datasets/finance-vix
2021-06-28,vix_close,15.76,index,github.com/datasets/finance-vix
2021-06-29,vix_close,16.02,index,github.com/datasets/finance-vix
2021-06-30,vix_close,15.83,index,github.com/datasets/finance-vix
2021-07-01,vix_close,15.48,index,github.com/datasets/finance-vix
2021-07-02,vix_close,15.07,index,github.com/datasets/finance-vix
2021-07-06,vix_close,16.44,index,github.com/datasets/finance-vix
2021-07-07,vix_close,16.2,index,github.com/datasets/finance-vix
2021-07-08,vix_close,19.0,index,github.com/datasets/finance-vix
2021-07-09,vix_close,16.18,index,github.com/datasets/finance-vix
2021-07-12,vix_close,16.17,index,github.com/datasets/finance-vix
2021-07-13,vix_close,17.12,index,github.com/datasets/finance-vix
2021-07-14,vix_close,16.33,index,github.com/datasets/finance-vix
2021-07-15,vix_close,17.01,index,github.com/datasets/finance-vix
2021-07-16,vix_close,18.45,index,github.com/datasets/finance-vix
2021-07-19,vix_close,22.5,index,github.com/datasets/finance-vix
2021-07-20,vix_close,19.73,index,github.com/datasets/finance-vix
2021-07-21,vix_close,17.91,index,github.com/datasets/finance-vix
2021-07-22,vix_close,17.69,index,github.com/datasets/finance-vix
2021-07-23,vix_close,17.2,index,github.com/datasets/finance-vix
2021-07-26,vix_close,17.58,index,github.com/datasets/finance-vix
2021-07-27,vix_close,19.36,index,github.com/datasets/finance-vix
2021-07-28,vix_close,18.31,index,github.com/datasets/finance-vix
2021-07-29,vix_close,17.7,index,github.com/datasets/finance-vix
2021-07-30,vix_close,18.24,index,github.com/datasets/finance-vix
2021-08-02,vix_close,19.46,index,github.com/datasets/finance-vix
2021-08-03,vix_close,18.04,index,github.com/datasets/finance-vix
2021-08-04,vix_close,17.97,index,github.com/datasets/finance-vix
2021-08-05,vix_close,17.28,index,github.com/datasets/finance-vix
2021-08-06,vix_close,16.15,index,github.com/datasets/finance-vix
2021-08-09,vix_close,16.72,index,github.com/datasets/finance-vix
2021-08-10,vix_close,16.79,index,github.com/datasets/finance-vix
2021-08-11,vix_close,16.06,index,github.com/datasets/finance-vix
2021-08-12,vix_close,15.59,index,github.com/datasets/finance-vix
2021-08-13,vix_close,15.45,index,github.com/datasets/finance-vix
2021-08-16,vix_close,16.12,index,github.com/datasets/finance-vix
2021-08-17,vix_close,17.91,index,github.com/datasets/finance-vix
2021-08-18,vix_close,21.57,index,github.com/datasets/finance-vix
2021-08-19,vix_close,21.67,index,github.com/datasets/finance-vix
2021-08-20,vix_close,18.56,index,github.com/datasets/finance-vix
2021-08-23,vix_close,17.15,index,github.com/datasets/finance-vix
2021-08-24,vix_close,17.22,index,github.com/datasets/finance-vix
2021-08-25,vix_close,16.79,index,github.com/datasets/finance-vix
2021-08-26,vix_close,18.84,index,github.com/datasets/finance-vix
2021-08-27,vix_close,16.39,index,github.com/datasets/finance-vix
2021-08-30,vix_close,16.19,index,github.com/datasets/finance-vix
2021-08-31,vix_close,16.48,index,github.com/datasets/finance-vix
2021-09-01,vix_close,16.11,index,github.com/datasets/finance-vix
2021-09-02,vix_close,16.41,index,github.com/datasets/finance-vix
2021-09-03,vix_close,16.41,index,github.com/datasets/finance-vix
2021-09-07,vix_close,18.14,index,github.com/datasets/finance-vix
2021-09-08,vix_close,17.96,index,github.com/datasets/finance-vix
2021-09-09,vix_close,18.8,index,github.com/datasets/finance-vix
2021-09-10,vix_close,20.95,index,github.com/datasets/finance-vix
2021-09-13,vix_close,19.37,index,github.com/datasets/finance-vix
2021-09-14,vix_close,19.46,index,github.com/datasets/finance-vix
2021-09-15,vix_close,18.18,index,github.com/datasets/finance-vix
2021-09-16,vix_close,18.69,index,github.com/datasets/finance-vix
2021-09-17,vix_close,20.81,index,github.com/datasets/finance-vix
2021-09-20,vix_close,25.71,index,github.com/datasets/finance-vix
2021-09-21,vix_close,24.36,index,github.com/datasets/finance-vix
2021-09-22,vix_close,20.87,index,github.com/datasets/finance-vix
2021-09-23,vix_close,18.63,index,github.com/datasets/finance-vix
2021-09-24,vix_close,17.75,index,github.com/datasets/finance-vix
2021-09-27,vix_close,18.76,index,github.com/datasets/finance-vix
2021-09-28,vix_close,23.25,index,github.com/datasets/finance-vix
2021-09-29,vix_close,22.56,index,github.com/datasets/finance-vix
2021-09-30,vix_close,23.14,index,github.com/datasets/finance-vix
2021-10-01,vix_close,21.15,index,github.com/datasets/finance-vix
2021-10-04,vix_close,22.96,index,github.com/datasets/finance-vix
2021-10-05,vix_close,21.3,index,github.com/datasets/finance-vix
2021-10-06,vix_close,21.0,index,github.com/datasets/finance-vix
2021-10-07,vix_close,19.54,index,github.com/datasets/finance-vix
2021-10-08,vix_close,18.77,index,github.com/datasets/finance-vix
2021-10-11,vix_close,20.0,index,github.com/datasets/finance-vix
2021-10-12,vix_close,19.85,index,github.com/datasets/finance-vix
2021-10-13,vix_close,18.64,index,github.com/datasets/finance-vix
2021-10-14,vix_close,16.86,index,github.com/datasets/finance-vix
2021-10-15,vix_close,16.3,index,github.com/datasets/finance-vix
2021-10-18,vix_close,16.31,index,github.com/datasets/finance-vix
2021-10-19,vix_close,15.7,index,github.com/datasets/finance-vix
2021-10-20,vix_close,15.49,index,github.com/datasets/finance-vix
2021-10-21,vix_close,15.01,index,github.com/datasets/finance-vix
2021-10-22,vix_close,15.43,index,github.com/datasets/finance-vix
2021-10-25,vix_close,15.24,index,github.com/datasets/finance-vix
2021-10-26,vix_close,15.98,index,github.com/datasets/finance-vix
2021-10-27,vix_close,16.98,index,github.com/datasets/finance-vix
2021-10-28,vix_close,16.53,index,github.com/datasets/finance-vix
2021-10-29,vix_close,16.26,index,github.com/datasets/finance-vix
2021-11-01,vix_close,16.41,index,github.com/datasets/finance-vix
2021-11-02,vix_close,16.03,index,github.com/datasets/finance-vix
2021-11-03,vix_close,15.1,index,github.com/datasets/finance-vix
2021-11-04,vix_close,15.44,index,github.com/datasets/finance-vix
2021-11-05,vix_close,16.48,index,github.com/datasets/finance-vix
2021-11-08,vix_close,17.22,index,github.com/datasets/finance-vix
2021-11-09,vix_close,17.78,index,github.com/datasets/finance-vix
2021-11-10,vix_close,18.73,index,github.com/datasets/finance-vix
2021-11-11,vix_close,17.66,index,github.com/datasets/finance-vix
2021-11-12,vix_close,16.29,index,github.com/datasets/finance-vix
2021-11-15,vix_close,16.49,index,github.com/datasets/finance-vix
2021-11-16,vix_close,16.37,index,github.com/datasets/finance-vix
2021-11-17,vix_close,17.11,index,github.com/datasets/finance-vix
2021-11-18,vix_close,17.59,index,github.com/datasets/finance-vix
2021-11-19,vix_close,17.91,index,github.com/datasets/finance-vix
2021-11-22,vix_close,19.17,index,github.com/datasets/finance-vix
2021-11-23,vix_close,19.38,index,github.com/datasets/finance-vix
2021-11-24,vix_close,18.58,index,github.com/datasets/finance-vix
2021-11-26,vix_close,28.62,index,github.com/datasets/finance-vix
2021-11-29,vix_close,22.96,index,github.com/datasets/finance-vix
2021-11-30,vix_close,27.19,index,github.com/datasets/finance-vix
2021-12-01,vix_close,31.12,index,github.com/datasets/finance-vix
2021-12-02,vix_close,27.95,index,github.com/datasets/finance-vix
2021-12-03,vix_close,30.67,index,github.com/datasets/finance-vix
2021-12-06,vix_close,27.18,index,github.com/datasets/finance-vix
2021-12-07,vix_close,21.89,index,github.com/datasets/finance-vix
2021-12-08,vix_close,19.9,index,github.com/datasets/finance-vix
2021-12-09,vix_close,21.58,index,github.com/datasets/finance-vix
2021-12-10,vix_close,18.69,index,github.com/datasets/finance-vix
2021-12-13,vix_close,20.31,index,github.com/datasets/finance-vix
2021-12-14,vix_close,21.89,index,github.com/datasets/finance-vix
2021-12-15,vix_close,19.29,index,github.com/datasets/finance-vix
2021-12-16,vix_close,20.57,index,github.com/datasets/finance-vix
2021-12-17,vix_close,21.57,index,github.com/datasets/finance-vix
2021-12-20,vix_close,22.87,index,github.com/datasets/finance-vix
2021-12-21,vix_close,21.01,index,github.com/datasets/finance-vix
2021-12-22,vix_close,18.63,index,github.com/datasets/finance-vix
2021-12-23,vix_close,17.96,index,github.com/datasets/finance-vix
2021-12-27,vix_close,17.68,index,github.com/datasets/finance-vix
2021-12-28,vix_close,17.54,index,github.com/datasets/finance-vix
2021-12-29,vix_close,16.95,index,github.com/datasets/finance-vix
2021-12-30,vix_close,17.33,index,github.com/datasets/finance-vix
2021-12-31,vix_close,17.22,index,github.com/datasets/finance-vix
2022-01-03,vix_close,16.6,index,github.com/datasets/finance-vix
2022-01-04,vix_close,16.91,index,github.com/datasets/finance-vix
2022-01-05,vix_close,19.73,index,github.com/datasets/finance-vix
2022-01-06,vix_close,19.61,index,github.com/datasets/finance-vix
2022-01-07,vix_close,18.76,index,github.com/datasets/finance-vix
2022-01-10,vix_close,19.4,index,github.com/datasets/finance-vix
2022-01-11,vix_close,18.41,index,github.com/datasets/finance-vix
2022-01-12,vix_close,17.62,index,github.com/datasets/finance-vix
2022-01-13,vix_close,20.31,index,github.com/datasets/finance-vix
2022-01-14,vix_close,19.19,index,github.com/datasets/finance-vix
2022-01-18,vix_close,22.79,index,github.com/datasets/finance-vix
2022-01-19,vix_close,23.85,index,github.com/datasets/finance-vix
2022-01-20,vix_close,25.59,index,github.com/datasets/finance-vix
2022-01-21,vix_close,28.85,index,github.com/datasets/finance-vix
2022-01-24,vix_close,29.9,index,github.com/datasets/finance-vix
2022-01-25,vix_close,31.16,index,github.com/datasets/finance-vix
2022-01-26,vix_close,31.96,index,github.com/datasets/finance-vix
2022-01-27,vix_close,30.49,index,github.com/datasets/finance-vix
2022-01-28,vix_close,27.66,index,github.com/datasets/finance-vix
2022-01-31,vix_close,24.83,index,github.com/datasets/finance-vix
2022-02-01,vix_close,21.96,index,github.com/datasets/finance-vix
2022-02-02,vix_close,22.09,index,github.com/datasets/finance-vix
2022-02-03,vix_close,24.35,index,github.com/datasets/finance-vix
2022-02-04,vix_close,23.22,index,github.com/datasets/finance-vix
2022-02-07,vix_close,22.86,index,github.com/datasets/finance-vix
2022-02-08,vix_close,21.44,index,github.com/datasets/finance-vix
2022-02-09,vix_close,19.96,index,github.com/datasets/finance-vix
2022-02-10,vix_close,23.91,index,github.com/datasets/finance-vix
2022-02-11,vix_close,27.36,index,github.com/datasets/finance-vix
2022-02-14,vix_close,28.33,index,github.com/datasets/finance-vix
2022-02-15,vix_close,25.7,index,github.com/datasets/finance-vix
2022-02-16,vix_close,24.29,index,github.com/datasets/finance-vix
2022-02-17,vix_close,28.11,index,github.com/datasets/finance-vix
2022-02-18,vix_close,27.75,index,github.com/datasets/finance-vix
2022-02-22,vix_close,28.81,index,github.com/datasets/finance-vix
2022-02-23,vix_close,31.02,index,github.com/datasets/finance-vix
2022-02-24,vix_close,30.32,index,github.com/datasets/finance-vix
2022-02-25,vix_close,27.59,index,github.com/datasets/finance-vix
2022-02-28,vix_close,30.15,index,github.com/datasets/finance-vix
2022-03-01,vix_close,33.32,index,github.com/datasets/finance-vix
2022-03-02,vix_close,30.74,index,github.com/datasets/finance-vix
2022-03-03,vix_close,30.48,index,github.com/datasets/finance-vix
2022-03-04,vix_close,31.98,index,github.com/datasets/finance-vix
2022-03-07,vix_close,36.45,index,github.com/datasets/finance-vix
2022-03-08,vix_close,35.13,index,github.com/datasets/finance-vix
2022-03-09,vix_close,32.45,index,github.com/datasets/finance-vix
2022-03-10,vix_close,30.23,index,github.com/datasets/finance-vix
2022-03-11,vix_close,30.75,index,github.com/datasets/finance-vix
2022-03-14,vix_close,31.77,index,github.com/datasets/finance-vix
2022-03-15,vix_close,29.83,index,github.com/datasets/finance-vix
2022-03-16,vix_close,26.67,index,github.com/datasets/finance-vix
2022-03-17,vix_close,25.67,index,github.com/datasets/finance-vix
2022-03-18,vix_close,23.87,index,github.com/datasets/finance-vix
2022-03-21,vix_close,23.53,index,github.com/datasets/finance-vix
2022-03-22,vix_close,22.94,index,github.com/datasets/finance-vix
2022-03-23,vix_close,23.57,index,github.com/datasets/finance-vix
2022-03-24,vix_close,21.67,index,github.com/datasets/finance-vix
2022-03-25,vix_close,20.81,index,github.com/datasets/finance-vix
2022-03-28,vix_close,19.63,index,github.com/datasets/finance-vix
2022-03-29,vix_close,18.9,index,github.com/datasets/finance-vix
2022-03-30,vix_close,19.33,index,github.com/datasets/finance-vix
2022-03-31,vix_close,20.56,index,github.com/datasets/finance-vix
2022-04-01,vix_close,19.63,index,github.com/datasets/finance-vix
2022-04-04,vix_close,18.57,index,github.com/datasets/finance-vix
2022-04-05,vix_close,21.03,index,github.com/datasets/finance-vix
2022-04-06,vix_close,22.1,index,github.com/datasets/finance-vix
2022-04-07,vix_close,21.55,index,github.com/datasets/finance-vix
2022-04-08,vix_close,21.16,index,github.com/datasets/finance-vix
2022-04-11,vix_close,24.37,index,github.com/datasets/finance-vix
2022-04-12,vix_close,24.26,index,github.com/datasets/finance-vix
2022-04-13,vix_close,21.82,index,github.com/datasets/finance-vix
2022-04-14,vix_close,22.7,index,github.com/datasets/finance-vix
2022-04-18,vix_close,22.17,index,github.com/datasets/finance-vix
2022-04-19,vix_close,21.37,index,github.com/datasets/finance-vix
2022-04-20,vix_close,20.32,index,github.com/datasets/finance-vix
2022-04-21,vix_close,22.68,index,github.com/datasets/finance-vix
2022-04-22,vix_close,28.21,index,github.com/datasets/finance-vix
2022-04-25,vix_close,27.02,index,github.com/datasets/finance-vix
2022-04-26,vix_close,33.52,index,github.com/datasets/finance-vix
2022-04-27,vix_close,31.6,index,github.com/datasets/finance-vix
2022-04-28,vix_close,29.99,index,github.com/datasets/finance-vix
2022-04-29,vix_close,33.4,index,github.com/datasets/finance-vix
2022-05-02,vix_close,32.34,index,github.com/datasets/finance-vix
2022-05-03,vix_close,29.25,index,github.com/datasets/finance-vix
2022-05-04,vix_close,25.42,index,github.com/datasets/finance-vix
2022-05-05,vix_close,31.2,index,github.com/datasets/finance-vix
2022-05-06,vix_close,30.19,index,github.com/datasets/finance-vix
2022-05-09,vix_close,34.75,index,github.com/datasets/finance-vix
2022-05-10,vix_close,32.99,index,github.com/datasets/finance-vix
2022-05-11,vix_close,32.56,index,github.com/datasets/finance-vix
2022-05-12,vix_close,31.77,index,github.com/datasets/finance-vix
2022-05-13,vix_close,28.87,index,github.com/datasets/finance-vix
2022-05-16,vix_close,27.47,index,github.com/datasets/finance-vix
2022-05-17,vix_close,26.1,index,github.com/datasets/finance-vix
2022-05-18,vix_close,30.96,index,github.com/datasets/finance-vix
2022-05-19,vix_close,29.35,index,github.com/datasets/finance-vix
2022-05-20,vix_close,29.43,index,github.com/datasets/finance-vix
2022-05-23,vix_close,28.48,index,github.com/datasets/finance-vix
2022-05-24,vix_close,29.45,index,github.com/datasets/finance-vix
2022-05-25,vix_close,28.37,index,github.com/datasets/finance-vix
2022-05-26,vix_close,27.5,index,github.com/datasets/finance-vix
2022-05-27,vix_close,25.72,index,github.com/datasets/finance-vix
2022-05-30,vix_close,26.54,index,github.com/datasets/finance-vix
2022-05-31,vix_close,26.19,index,github.com/datasets/finance-vix
2022-06-01,vix_close,25.69,index,github.com/datasets/finance-vix
2022-06-02,vix_close,24.72,index,github.com/datasets/finance-vix
2022-06-03,vix_close,24.79,index,github.com/datasets/finance-vix
2022-06-06,vix_close,25.07,index,github.com/datasets/finance-vix
2022-06-07,vix_close,24.02,index,github.com/datasets/finance-vix
2022-06-08,vix_close,23.96,index,github.com/datasets/finance-vix
2022-06-09,vix_close,26.09,index,github.com/datasets/finance-vix
2022-06-10,vix_close,27.75,index,github.com/datasets/finance-vix
2022-06-13,vix_close,34.02,index,github.com/datasets/finance-vix
2022-06-14,vix_close,32.69,index,github.com/datasets/finance-vix
2022-06-15,vix_close,29.62,index,github.com/datasets/finance-vix
2022-06-16,vix_close,32.95,index,github.com/datasets/finance-vix
2022-06-17,vix_close,31.13,index,github.com/datasets/finance-vix
2022-06-20,vix_close,31.03,index,github.com/datasets/finance-vix
2022-06-21,vix_close,30.19,index,github.com/datasets/finance-vix
2022-06-22,vix_close,28.95,index,github.com/datasets/finance-vix
2022-06-23,vix_close,29.05,index,github.com/datasets/finance-vix
2022-06-24,vix_close,27.23,index,github.com/datasets/finance-vix
2022-06-27,vix_close,26.95,index,github.com/datasets/finance-vix
2022-06-28,vix_close,28.36,index,github.com/datasets/finance-vix
2022-06-29,vix_close,28.16,index,github.com/datasets/finance-vix
2022-06-30,vix_close,28.71,index,github.com/datasets/finance-vix
2022-07-01,vix_close,26.7,index,github.com/datasets/finance-vix
2022-07-04,vix_close,27.53,index,github.com/datasets/finance-vix
2022-07-05,vix_close,27.54,index,github.com/datasets/finance-vix
2022-07-06,vix_close,26.73,index,github.com/datasets/finance-vix
2022-07-07,vix_close,26.08,index,github.com/datasets/finance-vix
2022-07-08,vix_close,24.64,index,github.com/datasets/finance-vix
2022-07-11,vix_close,26.17,index,github.com/datasets/finance-vix
2022-07-12,vix_close,27.29,index,github.com/datasets/finance-vix
2022-07-13,vix_close,26.82,index,github.com/datasets/finance-vix
2022-07-14,vix_close,26.4,index,github.com/datasets/finance-vix
2022-07-15,vix_close,24.23,index,github.com/datasets/finance-vix
2022-07-18,vix_close,25.3,index,github.com/datasets/finance-vix
2022-07-19,vix_close,24.5,index,github.com/datasets/finance-vix
2022-07-20,vix_close,23.88,index,github.com/datasets/finance-vix
2022-07-21,vix_close,23.11,index,github.com/datasets/finance-vix
2022-07-22,vix_close,23.03,index,github.com/datasets/finance-vix
2022-07-25,vix_close,23.36,index,github.com/datasets/finance-vix
2022-07-26,vix_close,24.69,index,github.com/datasets/finance-vix
2022-07-27,vix_close,23.24,index,github.com/datasets/finance-vix
2022-07-28,vix_close,22.33,index,github.com/datasets/finance-vix
2022-07-29,vix_close,21.33,index,github.com/datasets/finance-vix
2022-08-01,vix_close,22.84,index,github.com/datasets/finance-vix
2022-08-02,vix_close,23.93,index,github.com/datasets/finance-vix
2022-08-03,vix_close,21.95,index,github.com/datasets/finance-vix
2022-08-04,vix_close,21.44,index,github.com/datasets/finance-vix
2022-08-05,vix_close,21.15,index,github.com/datasets/finance-vix
2022-08-08,vix_close,21.29,index,github.com/datasets/finance-vix
2022-08-09,vix_close,21.77,index,github.com/datasets/finance-vix
2022-08-10,vix_close,19.74,index,github.com/datasets/finance-vix
2022-08-11,vix_close,20.2,index,github.com/datasets/finance-vix
2022-08-12,vix_close,19.53,index,github.com/datasets/finance-vix
2022-08-15,vix_close,19.95,index,github.com/datasets/finance-vix
2022-08-16,vix_close,19.69,index,github.com/datasets/finance-vix
2022-08-17,vix_close,19.9,index,github.com/datasets/finance-vix
2022-08-18,vix_close,19.56,index,github.com/datasets/finance-vix
2022-08-19,vix_close,20.6,index,github.com/datasets/finance-vix
2022-08-22,vix_close,23.8,index,github.com/datasets/finance-vix
2022-08-23,vix_close,24.11,index,github.com/datasets/finance-vix
2022-08-24,vix_close,22.82,index,github.com/datasets/finance-vix
2022-08-25,vix_close,21.78,index,github.com/datasets/finance-vix
2022-08-26,vix_close,25.56,index,github.com/datasets/finance-vix
2022-08-29,vix_close,26.21,index,github.com/datasets/finance-vix
2022-08-30,vix_close,26.21,index,github.com/datasets/finance-vix
2022-08-31,vix_close,25.87,index,github.com/datasets/finance-vix
2022-09-01,vix_close,25.56,index,github.com/datasets/finance-vix
2022-09-02,vix_close,25.47,index,github.com/datasets/finance-vix
2022-09-05,vix_close,25.99,index,github.com/datasets/finance-vix
2022-09-06,vix_close,26.91,index,github.com/datasets/finance-vix
2022-09-07,vix_close,24.64,index,github.com/datasets/finance-vix
2022-09-08,vix_close,23.61,index,github.com/datasets/finance-vix
2022-09-09,vix_close,22.79,index,github.com/datasets/finance-vix
2022-09-12,vix_close,23.87,index,github.com/datasets/finance-vix
2022-09-13,vix_close,27.27,index,github.com/datasets/finance-vix
2022-09-14,vix_close,26.16,index,github.com/datasets/finance-vix
2022-09-15,vix_close,26.27,index,github.com/datasets/finance-vix
2022-09-16,vix_close,26.3,index,github.com/datasets/finance-vix
2022-09-19,vix_close,25.76,index,github.com/datasets/finance-vix
2022-09-20,vix_close,27.16,index,github.com/datasets/finance-vix
2022-09-21,vix_close,27.99,index,github.com/datasets/finance-vix
2022-09-22,vix_close,27.35,index,github.com/datasets/finance-vix
2022-09-23,vix_close,29.92,index,github.com/datasets/finance-vix
2022-09-26,vix_close,32.26,index,github.com/datasets/finance-vix
2022-09-27,vix_close,32.6,index,github.com/datasets/finance-vix
2022-09-28,vix_close,30.18,index,github.com/datasets/finance-vix
2022-09-29,vix_close,31.84,index,github.com/datasets/finance-vix
2022-09-30,vix_close,31.62,index,github.com/datasets/finance-vix
2022-10-03,vix_close,30.1,index,github.com/datasets/finance-vix
2022-10-04,vix_close,29.07,index,github.com/datasets/finance-vix
2022-10-05,vix_close,28.55,index,github.com/datasets/finance-vix
2022-10-06,vix_close,30.52,index,github.com/datasets/finance-vix
2022-10-07,vix_close,31.36,index,github.com/datasets/finance-vix
2022-10-10,vix_close,32.45,index,github.com/datasets/finance-vix
2022-10-11,vix_close,33.63,index,github.com/datasets/finance-vix
2022-10-12,vix_close,33.57,index,github.com/datasets/finance-vix
2022-10-13,vix_close,31.94,index,github.com/datasets/finance-vix
2022-10-14,vix_close,32.02,index,github.com/datasets/finance-vix
2022-10-17,vix_close,31.37,index,github.com/datasets/finance-vix
2022-10-18,vix_close,30.5,index,github.com/datasets/finance-vix
2022-10-19,vix_close,30.76,index,github.com/datasets/finance-vix
2022-10-20,vix_close,29.98,index,github.com/datasets/finance-vix
2022-10-21,vix_close,29.69,index,github.com/datasets/finance-vix
2022-10-24,vix_close,29.85,index,github.com/datasets/finance-vix
2022-10-25,vix_close,28.46,index,github.com/datasets/finance-vix
2022-10-26,vix_close,27.28,index,github.com/datasets/finance-vix
2022-10-27,vix_close,27.39,index,github.com/datasets/finance-vix
2022-10-28,vix_close,25.75,index,github.com/datasets/finance-vix
2022-10-31,vix_close,25.88,index,github.com/datasets/finance-vix
2022-11-01,vix_close,25.81,index,github.com/datasets/finance-vix
2022-11-02,vix_close,25.86,index,github.com/datasets/finance-vix
2022-11-03,vix_close,25.3,index,github.com/datasets/finance-vix
2022-11-04,vix_close,24.55,index,github.com/datasets/finance-vix
2022-11-07,vix_close,24.35,index,github.com/datasets/finance-vix
2022-11-08,vix_close,25.54,index,github.com/datasets/finance-vix
2022-11-09,vix_close,26.09,index,github.com/datasets/finance-vix
2022-11-10,vix_close,23.53,index,github.com/datasets/finance-vix
2022-11-11,vix_close,22.52,index,github.com/datasets/finance-vix
2022-11-14,vix_close,23.73,index,github.com/datasets/finance-vix
2022-11-15,vix_close,24.54,index,github.com/datasets/finance-vix
2022-11-16,vix_close,24.11,index,github.com/datasets/finance-vix
2022-11-17,vix_close,23.93,index,github.com/datasets/finance-vix
2022-11-18,vix_close,23.12,index,github.com/datasets/finance-vix
2022-11-21,vix_close,22.36,index,github.com/datasets/finance-vix
2022-11-22,vix_close,21.29,index,github.com/datasets/finance-vix
2022-11-23,vix_close,20.35,index,github.com/datasets/finance-vix
2022-11-24,vix_close,20.42,index,github.com/datasets/finance-vix
2022-11-25,vix_close,20.5,index,github.com/datasets/finance-vix
2022-11-28,vix_close,22.21,index,github.com/datasets/finance-vix
2022-11-29,vix_close,21.89,index,github.com/datasets/finance-vix
2022-11-30,vix_close,20.58,index,github.com/datasets/finance-vix
2022-12-01,vix_close,19.84,index,github.com/datasets/finance-vix
2022-12-02,vix_close,19.06,index,github.com/datasets/finance-vix
2022-12-05,vix_close,20.75,index,github.com/datasets/finance-vix
2022-12-06,vix_close,22.17,index,github.com/datasets/finance-vix
2022-12-07,vix_close,22.68,index,github.com/datasets/finance-vix
2022-12-08,vix_close,22.29,index,github.com/datasets/finance-vix
2022-12-09,vix_close,22.83,index,github.com/datasets/finance-vix
2022-12-12,vix_close,25.0,index,github.com/datasets/finance-vix
2022-12-13,vix_close,22.55,index,github.com/datasets/finance-vix
2022-12-14,vix_close,21.14,index,github.com/datasets/finance-vix
2022-12-15,vix_close,22.83,index,github.com/datasets/finance-vix
2022-12-16,vix_close,22.62,index,github.com/datasets/finance-vix
2022-12-19,vix_close,22.42,index,github.com/datasets/finance-vix
2022-12-20,vix_close,21.48,index,github.com/datasets/finance-vix
2022-12-21,vix_close,20.07,index,github.com/datasets/finance-vix
2022-12-22,vix_close,21.97,index,github.com/datasets/finance-vix
2022-12-23,vix_close,20.87,index,github.com/datasets/finance-vix
2022-12-27,vix_close,21.65,index,github.com/datasets/finance-vix
2022-12-28,vix_close,22.14,index,github.com/datasets/finance-vix
2022-12-29,vix_close,21.44,index,github.com/datasets/finance-vix
2022-12-30,vix_close,21.67,index,github.com/datasets/finance-vix
2023-01-03,vix_close,22.9,index,github.com/datasets/finance-vix
2023-01-04,vix_close,22.01,index,github.com/datasets/finance-vix
2023-01-05,vix_close,22.46,index,github.com/datasets/finance-vix
2023-01-06,vix_close,21.13,index,github.com/datasets/finance-vix
2023-01-09,vix_close,21.97,index,github.com/datasets/finance-vix
2023-01-10,vix_close,20.58,index,github.com/datasets/finance-vix
2023-01-11,vix_close,21.09,index,github.com/datasets/finance-vix
2023-01-12,vix_close,18.83,index,github.com/datasets/finance-vix
2023-01-13,vix_close,18.35,index,github.com/datasets/finance-vix
2023-01-16,vix_close,19.49,index,github.com/datasets/finance-vix
2023-01-17,vix_close,19.36,index,github.com/datasets/finance-vix
2023-01-18,vix_close,20.34,index,github.com/datasets/finance-vix
2023-01-19,vix_close,20.52,index,github.com/datasets/finance-vix
2023-01-20,vix_close,19.85,index,github.com/datasets/finance-vix
2023-01-23,vix_close,19.81,index,github.com/datasets/finance-vix
2023-01-24,vix_close,19.2,index,github.com/datasets/finance-vix
2023-01-25,vix_close,19.08,index,github.com/datasets/finance-vix
2023-01-26,vix_close,18.73,index,github.com/datasets/finance-vix
2023-01-27,vix_close,18.51,index,github.com/datasets/finance-vix
2023-01-30,vix_close,19.94,index,github.com/datasets/finance-vix
2023-01-31,vix_close,19.4,index,github.com/datasets/finance-vix
2023-02-01,vix_close,17.87,index,github.com/datasets/finance-vix
2023-02-02,vix_close,18.73,index,github.com/datasets/finance-vix
2023-02-03,vix_close,18.33,index,github.com/datasets/finance-vix
2023-02-06,vix_close,19.43,index,github.com/datasets/finance-vix
2023-02-07,vix_close,18.66,index,github.com/datasets/finance-vix
2023-02-08,vix_close,19.63,index,github.com/datasets/finance-vix
2023-02-09,vix_close,20.71,index,github.com/datasets/finance-vix
2023-02-10,vix_close,20.53,index,github.com/datasets/finance-vix
2023-02-13,vix_close,20.34,index,github.com/datasets/finance-vix
2023-02-14,vix_close,18.91,index,github.com/datasets/finance-vix
2023-02-15,vix_close,18.23,index,github.com/datasets/finance-vix
2023-02-16,vix_close,20.17,index,github.com/datasets/finance-vix
2023-02-17,vix_close,20.02,index,github.com/datasets/finance-vix
2023-02-20,vix_close,21.23,index,github.com/datasets/finance-vix
2023-02-21,vix_close,22.87,index,github.com/datasets/finance-vix
2023-02-22,vix_close,22.29,index,github.com/datasets/finance-vix
2023-02-23,vix_close,21.14,index,github.com/datasets/finance-vix
2023-02-24,vix_close,21.67,index,github.com/datasets/finance-vix
2023-02-27,vix_close,20.95,index,github.com/datasets/finance-vix
2023-02-28,vix_close,20.7,index,github.com/datasets/finance-vix
2023-03-01,vix_close,20.58,index,github.com/datasets/finance-vix
2023-03-02,vix_close,19.59,index,github.com/datasets/finance-vix
2023-03-03,vix_close,18.49,index,github.com/datasets/finance-vix
2023-03-06,vix_close,18.61,index,github.com/datasets/finance-vix
2023-03-07,vix_close,19.59,index,github.com/datasets/finance-vix
2023-03-08,vix_close,19.11,index,github.com/datasets/finance-vix
2023-03-09,vix_close,22.61,index,github.com/datasets/finance-vix
2023-03-10,vix_close,24.8,index,github.com/datasets/finance-vix
2023-03-13,vix_close,26.52,index,github.com/datasets/finance-vix
2023-03-14,vix_close,23.73,index,github.com/datasets/finance-vix
2023-03-15,vix_close,26.14,index,github.com/datasets/finance-vix
2023-03-16,vix_close,22.99,index,github.com/datasets/finance-vix
2023-03-17,vix_close,25.51,index,github.com/datasets/finance-vix
2023-03-20,vix_close,24.15,index,github.com/datasets/finance-vix
2023-03-21,vix_close,21.38,index,github.com/datasets/finance-vix
2023-03-22,vix_close,22.26,index,github.com/datasets/finance-vix
2023-03-23,vix_close,22.61,index,github.com/datasets/finance-vix
2023-03-24,vix_close,21.74,index,github.com/datasets/finance-vix
2023-03-27,vix_close,20.6,index,github.com/datasets/finance-vix
2023-03-28,vix_close,19.97,index,github.com/datasets/finance-vix
2023-03-29,vix_close,19.12,index,github.com/datasets/finance-vix
2023-03-30,vix_close,19.02,index,github.com/datasets/finance-vix
2023-03-31,vix_close,18.7,index,github.com/datasets/finance-vix
2023-04-03,vix_close,18.55,index,github.com/datasets/finance-vix
2023-04-04,vix_close,19.0,index,github.com/datasets/finance-vix
2023-04-05,vix_close,19.08,index,github.com/datasets/finance-vix
2023-04-06,vix_close,18.4,index,github.com/datasets/finance-vix
2023-04-10,vix_close,18.97,index,github.com/datasets/finance-vix
2023-04-11,vix_close,19.1,index,github.com/datasets/finance-vix
2023-04-12,vix_close,19.09,index,github.com/datasets/finance-vix
2023-04-13,vix_close,17.8,index,github.com/datasets/finance-vix
2023-04-14,vix_close,17.07,index,github.com/datasets/finance-vix
2023-04-17,vix_close,16.95,index,github.com/datasets/finance-vix
2023-04-18,vix_close,16.83,index,github.com/datasets/finance-vix
2023-04-19,vix_close,16.46,index,github.com/datasets/finance-vix
2023-04-20,vix_close,17.17,index,github.com/datasets/finance-vix
2023-04-21,vix_close,16.77,index,github.com/datasets/finance-vix
2023-04-24,vix_close,16.89,index,github.com/datasets/finance-vix
2023-04-25,vix_close,18.76,index,github.com/datasets/finance-vix
2023-04-26,vix_close,18.84,index,github.com/datasets/finance-vix
2023-04-27,vix_close,17.03,index,github.com/datasets/finance-vix
2023-04-28,vix_close,15.78,index,github.com/datasets/finance-vix
2023-05-01,vix_close,16.08,index,github.com/datasets/finance-vix
2023-05-02,vix_close,17.78,index,github.com/datasets/finance-vix
2023-05-03,vix_close,18.34,index,github.com/datasets/finance-vix
2023-05-04,vix_close,20.09,index,github.com/datasets/finance-vix
2023-05-05,vix_close,17.19,index,github.com/datasets/finance-vix
2023-05-08,vix_close,16.98,index,github.com/datasets/finance-vix
2023-05-09,vix_close,17.71,index,github.com/datasets/finance-vix
2023-05-10,vix_close,16.94,index,github.com/datasets/finance-vix
2023-05-11,vix_close,16.93,index,github.com/datasets/finance-vix
2023-05-12,vix_close,17.03,index,github.com/datasets/finance-vix
2023-05-15,vix_close,17.12,index,github.com/datasets/finance-vix
2023-05-16,vix_close,17.99,index,github.com/datasets/finance-vix
2023-05-17,vix_close,16.87,index,github.com/datasets/finance-vix
2023-05-18,vix_close,16.05,index,github.com/datasets/finance-vix
2023-05-19,vix_close,16.81,index,github.com/datasets/finance-vix
2023-05-22,vix_close,17.21,index,github.com/datasets/finance-vix
2023-05-23,vix_close,18.53,index,github.com/datasets/finance-vix
2023-05-24,vix_close,20.03,index,github.com/datasets/finance-vix
2023-05-25,vix_close,19.14,index,github.com/datasets/finance-vix
2023-05-26,vix_close,17.95,index,github.com/datasets/finance-vix
2023-05-29,vix_close,17.46,index,github.com/datasets/finance-vix
2023-05-30,vix_close,17.46,index,github.com/datasets/finance-vix
2023-05-31,vix_close,17.94,index,github.com/datasets/finance-vix
2023-06-01,vix_close,15.65,index,github.com/datasets/finance-vix
2023-06-02,vix_close,14.6,index,github.com/datasets/finance-vix
2023-06-05,vix_close,14.73,index,github.com/datasets/finance-vix
2023-06-06,vix_close,13.96,index,github.com/datasets/finance-vix
2023-06-07,vix_close,13.94,index,github.com/datasets/finance-vix
2023-06-08,vix_close,13.65,index,github.com/datasets/finance-vix
2023-06-09,vix_close,13.83,index,github.com/datasets/finance-vix
2023-06-12,vix_close,15.01,index,github.com/datasets/finance-vix
2023-06-13,vix_close,14.61,index,github.com/datasets/finance-vix
2023-06-14,vix_close,13.88,index,github.com/datasets/finance-vix
2023-06-15,vix_close,14.5,index,github.com/datasets/finance-vix
2023-06-16,vix_close,13.54,index,github.com/datasets/finance-vix
2023-06-19,vix_close,14.19,index,github.com/datasets/finance-vix
2023-06-20,vix_close,13.88,index,github.com/datasets/finance-vix
2023-06-21,vix_close,13.2,index,github.com/datasets/finance-vix
2023-06-22,vix_close,12.91,index,github.com/datasets/finance-vix
2023-06-23,vix_close,13.44,index,github.com/datasets/finance-vix
2023-06-26,vix_close,14.25,index,github.com/datasets/finance-vix
2023-06-27,vix_close,13.74,index,github.com/datasets/finance-vix
2023-06-28,vix_close,13.43,index,github.com/datasets/finance-vix
2023-06-29,vix_close,13.54,index,github.com/datasets/finance-vix
2023-06-30,vix_close,13.59,index,github.com/datasets/finance-vix
2023-07-03,vix_close,13.57,index,github.com/datasets/finance-vix
2023-07-04,vix_close,13.7,index,github.com/datasets/finance-vix
2023-07-05,vix_close,14.18,index,github.com/datasets/finance-vix
2023-07-06,vix_close,15.44,index,github.com/datasets/finance-vix
2023-07-07,vix_close,14.83,index,github.com/datasets/finance-vix
2023-07-10,vix_close,15.07,index,github.com/datasets/finance-vix
2023-07-11,vix_close,14.84,index,github.com/datasets/finance-vix
2023-07-12,vix_close,13.54,index,github.com/datasets/finance-vix
2023-07-13,vix_close,13.61,index,github.com/datasets/finance-vix
2023-07-14,vix_close,13.34,index,github.com/datasets/finance-vix
2023-07-17,vix_close,13.48,index,github.com/datasets/finance-vix
2023-07-18,vix_close,13.3,index,github.com/datasets/finance-vix
2023-07-19,vix_close,13.76,index,github.com/datasets/finance-vix
2023-07-20,vix_close,13.99,index,github.com/datasets/finance-vix
2023-07-21,vix_close,13.6,index,github.com/datasets/finance-vix
2023-07-24,vix_close,13.91,index,github.com/datasets/finance-vix
2023-07-25,vix_close,13.86,index,github.com/datasets/finance-vix
2023-07-26,vix_close,13.19,index,github.com/datasets/finance-vix
2023-07-27,vix_close,14.41,index,github.com/datasets/finance-vix
2023-07-28,vix_close,13.33,index,github.com/datasets/finance-vix
2023-07-31,vix_close,13.63,index,github.com/datasets/finance-vix
2023-08-01,vix_close,13.93,index,github.com/datasets/finance-vix
2023-08-02,vix_close,16.09,index,github.com/datasets/finance-vix
2023-08-03,vix_close,15.92,index,github.com/datasets/finance-vix
2023-08-04,vix_close,17.1,index,github.com/datasets/finance-vix
2023-08-07,vix_close,15.77,index,github.com/datasets/finance-vix
2023-08-08,vix_close,15.99,index,github.com/datasets/finance-vix
2023-08-09,vix_close,15.96,index,github.com/datasets/finance-vix
2023-08-10,vix_close,15.85,index,github.com/datasets/finance-vix
2023-08-11,vix_close,14.84,index,github.com/datasets/finance-vix
2023-08-14,vix_close,14.82,index,github.com/datasets/finance-vix
2023-08-15,vix_close,16.46,index,github.com/datasets/finance-vix
2023-08-16,vix_close,16.78,index,github.com/datasets/finance-vix
2023-08-17,vix_close,17.89,index,github.com/datasets/finance-vix
2023-08-18,vix_close,17.3,index,github.com/datasets/finance-vix
2023-08-21,vix_close,17.13,index,github.com/datasets/finance-vix
2023-08-22,vix_close,16.97,index,github.com/datasets/finance-vix
2023-08-23,vix_close,15.98,index,github.com/datasets/finance-vix
2023-08-24,vix_close,17.2,index,github.com/datasets/finance-vix
2023-08-25,vix_close,15.68,index,github.com/datasets/finance-vix
2023-08-28,vix_close,15.08,index,github.com/datasets/finance-vix
2023-08-29,vix_close,14.45,index,github.com/datasets/finance-vix
2023-08-30,vix_close,13.88,index,github.com/datasets/finance-vix
2023-08-31,vix_close,13.57,index,github.com/datasets/finance-vix
2023-09-01,vix_close,13.09,index,github.com/datasets/finance-vix
2023-09-04,vix_close,13.82,index,github.com/datasets/finance-vix
2023-09-05,vix_close,14.01,index,github.com/datasets/finance-vix
2023-09-06,vix_close,14.45,index,github.com/datasets/finance-vix
2023-09-07,vix_close,14.4,index,github.com/datasets/finance-vix
2023-09-08,vix_close,13.84,index,github.com/datasets/finance-vix
2023-09-11,vix_close,13.8,index,github.com/datasets/finance-vix
2023-09-12,vix_close,14.23,index,github.com/datasets/finance-vix
2023-09-13,vix_close,13.48,index,github.com/datasets/finance-vix
2023-09-14,vix_close,12.82,index,github.com/datasets/finance-vix
2023-09-15,vix_close,13.79,index,github.com/datasets/finance-vix
2023-09-18,vix_close,14.0,index,github.com/datasets/finance-vix
2023-09-19,vix_close,14.11,index,github.com/datasets/finance-vix
2023-09-20,vix_close,15.14,index,github.com/datasets/finance-vix
2023-09-21,vix_close,17.54,index,github.com/datasets/finance-vix
2023-09-22,vix_close,17.2,index,github.com/datasets/finance-vix
2023-09-25,vix_close,16.9,index,github.com/datasets/finance-vix
2023-09-26,vix_close,18.94,index,github.com/datasets/finance-vix
2023-09-27,vix_close,18.22,index,github.com/datasets/finance-vix
2023-09-28,vix_close,17.34,index,github.com/datasets/finance-vix
2023-09-29,vix_close,17.52,index,github.com/datasets/finance-vix
2023-10-02,vix_close,17.61,index,github.com/datasets/finance-vix
2023-10-03,vix_close,19.78,index,github.com/datasets/finance-vix
2023-10-04,vix_close,18.58,index,github.com/datasets/finance-vix
2023-10-05,vix_close,18.49,index,github.com/datasets/finance-vix
2023-10-06,vix_close,17.45,index,github.com/datasets/finance-vix
2023-10-09,vix_close,17.7,index,github.com/datasets/finance-vix
2023-10-10,vix_close,17.03,index,github.com/datasets/finance-vix
2023-10-11,vix_close,16.09,index,github.com/datasets/finance-vix
2023-10-12,vix_close,16.69,index,github.com/datasets/finance-vix
2023-10-13,vix_close,19.32,index,github.com/datasets/finance-vix
2023-10-16,vix_close,17.21,index,github.com/datasets/finance-vix
2023-10-17,vix_close,17.88,index,github.com/datasets/finance-vix
2023-10-18,vix_close,19.22,index,github.com/datasets/finance-vix
2023-10-19,vix_close,21.4,index,github.com/datasets/finance-vix
2023-10-20,vix_close,21.71,index,github.com/datasets/finance-vix
2023-10-23,vix_close,20.37,index,github.com/datasets/finance-vix
2023-10-24,vix_close,18.97,index,github.com/datasets/finance-vix
2023-10-25,vix_close,20.19,index,github.com/datasets/finance-vix
2023-10-26,vix_close,20.68,index,github.com/datasets/finance-vix
2023-10-27,vix_close,21.27,index,github.com/datasets/finance-vix
2023-10-30,vix_close,19.75,index,github.com/datasets/finance-vix
2023-10-31,vix_close,18.14,index,github.com/datasets/finance-vix
2023-11-01,vix_close,16.87,index,github.com/datasets/finance-vix
2023-11-02,vix_close,15.66,index,github.com/datasets/finance-vix
2023-11-03,vix_close,14.91,index,github.com/datasets/finance-vix
2023-11-06,vix_close,14.89,index,github.com/datasets/finance-vix
2023-11-07,vix_close,14.81,index,github.com/datasets/finance-vix
2023-11-08,vix_close,14.45,index,github.com/datasets/finance-vix
2023-11-09,vix_close,15.29,index,github.com/datasets/finance-vix
2023-11-10,vix_close,14.17,index,github.com/datasets/finance-vix
2023-11-13,vix_close,14.76,index,github.com/datasets/finance-vix
2023-11-14,vix_close,14.16,index,github.com/datasets/finance-vix
2023-11-15,vix_close,14.18,index,github.com/datasets/finance-vix
2023-11-16,vix_close,14.32,index,github.com/datasets/finance-vix
2023-11-17,vix_close,13.8,index,github.com/datasets/finance-vix
2023-11-20,vix_close,13.41,index,github.com/datasets/finance-vix
2023-11-21,vix_close,13.35,index,github.com/datasets/finance-vix
2023-11-22,vix_close,12.85,index,github.com/datasets/finance-vix
2023-11-23,vix_close,12.8,index,github.com/datasets/finance-vix
2023-11-24,vix_close,12.46,index,github.com/datasets/finance-vix
2023-11-27,vix_close,12.69,index,github.com/datasets/finance-vix
2023-11-28,vix_close,12.69,index,github.com/datasets/finance-vix
2023-11-29,vix_close,12.98,index,github.com/datasets/finance-vix
2023-11-30,vix_close,12.92,index,github.com/datasets/finance-vix
2023-12-01,vix_close,12.63,index,github.com/datasets/finance-vix
2023-12-04,vix_close,13.08,index,github.com/datasets/finance-vix
2023-12-05,vix_close,12.85,index,github.com/datasets/finance-vix
2023-12-06,vix_close,12.97,index,github.com/datasets/finance-vix
2023-12-07,vix_close,13.06,index,github.com/datasets/finance-vix
2023-12-08,vix_close,12.35,index,github.com/datasets/finance-vix
2023-12-11,vix_close,12.63,index,github.com/datasets/finance-vix
2023-12-12,vix_close,12.07,index,github.com/datasets/finance-vix
2023-12-13,vix_close,12.19,index,github.com/datasets/finance-vix
2023-12-14,vix_close,12.48,index,github.com/datasets/finance-vix
2023-12-15,vix_close,12.28,index,github.com/datasets/finance-vix
2023-12-18,vix_close,12.56,index,github.com/datasets/finance-vix
2023-12-19,vix_close,12.53,index,github.com/datasets/finance-vix
2023-12-20,vix_close,13.67,index,github.com/datasets/finance-vix
2023-12-21,vix_close,13.65,index,github.com/datasets/finance-vix
2023-12-22,vix_close,13.03,index,github.com/datasets/finance-vix
2023-12-26,vix_close,12.99,index,github.com/datasets/finance-vix
2023-12-27,vix_close,12.43,index,github.com/datasets/finance-vix
2023-12-28,vix_close,12.47,index,github.com/datasets/finance-vix
2023-12-29,vix_close,12.45,index,github.com/datasets/finance-vix
2024-01-02,vix_close,13.2,index,github.com/datasets/finance-vix
2024-01-03,vix_close,14.04,index,github.com/datasets/finance-vix
2024-01-04,vix_close,14.13,index,github.com/datasets/finance-vix
2024-01-05,vix_close,13.35,index,github.com/datasets/finance-vix
2024-01-08,vix_close,13.08,index,github.com/datasets/finance-vix
2024-01-09,vix_close,12.76,index,github.com/datasets/finance-vix
2024-01-10,vix_close,12.69,index,github.com/datasets/finance-vix
2024-01-11,vix_close,12.44,index,github.com/datasets/finance-vix
2024-01-12,vix_close,12.7,index,github.com/datasets/finance-vix
2024-01-15,vix_close,13.25,index,github.com/datasets/finance-vix
2024-01-16,vix_close,13.84,index,github.com/datasets/finance-vix
2024-01-17,vix_close,14.79,index,github.com/datasets/finance-vix
2024-01-18,vix_close,14.13,index,github.com/datasets/finance-vix
2024-01-19,vix_close,13.3,index,github.com/datasets/finance-vix
2024-01-22,vix_close,13.19,index,github.com/datasets/finance-vix
2024-01-23,vix_close,12.55,index,github.com/datasets/finance-vix
2024-01-24,vix_close,13.14,index,github.com/datasets/finance-vix
2024-01-25,vix_close,13.45,index,github.com/datasets/finance-vix
2024-01-26,vix_close,13.26,index,github.com/datasets/finance-vix
2024-01-29,vix_close,13.6,index,github.com/datasets/finance-vix
2024-01-30,vix_close,13.31,index,github.com/datasets/finance-vix
2024-01-31,vix_close,14.35,index,github.com/datasets/finance-vix
2024-02-01,vix_close,13.88,index,github.com/datasets/finance-vix
2024-02-02,vix_close,13.85,index,github.com/datasets/finance-vix
2024-02-05,vix_close,13.67,index,github.com/datasets/finance-vix
2024-02-06,vix_close,13.06,index,github.com/datasets/finance-vix
2024-02-07,vix_close,12.83,index,github.com/datasets/finance-vix
2024-02-08,vix_close,12.79,index,github.com/datasets/finance-vix
2024-02-09,vix_close,12.93,index,github.com/datasets/finance-vix
2024-02-12,vix_close,13.93,index,github.com/datasets/finance-vix
2024-02-13,vix_close,15.85,index,github.com/datasets/finance-vix
2024-02-14,vix_close,14.38,index,github.com/datasets/finance-vix
2024-02-15,vix_close,14.01,index,github.com/datasets/finance-vix
2024-02-16,vix_close,14.24,index,github.com/datasets/finance-vix
2024-02-19,vix_close,14.71,index,github.com/datasets/finance-vix
2024-02-20,vix_close,15.42,index,github.com/datasets/finance-vix
2024-02-21,vix_close,15.34,index,github.com/datasets/finance-vix
2024-02-22,vix_close,14.54,index,github.com/datasets/finance-vix
2024-02-23,vix_close,13.75,index,github.com/datasets/finance-vix
2024-02-26,vix_close,13.74,index,github.com/datasets/finance-vix
2024-02-27,vix_close,13.43,index,github.com/datasets/finance-vix
2024-02-28,vix_close,13.84,index,github.com/datasets/finance-vix
2024-02-29,vix_close,13.4,index,github.com/datasets/finance-vix
2024-03-01,vix_close,13.11,index,github.com/datasets/finance-vix
2024-03-04,vix_close,13.49,index,github.com/datasets/finance-vix
2024-03-05,vix_close,14.46,index,github.com/datasets/finance-vix
2024-03-06,vix_close,14.5,index,github.com/datasets/finance-vix
2024-03-07,vix_close,14.44,index,github.com/datasets/finance-vix
2024-03-08,vix_close,14.74,index,github.com/datasets/finance-vix
2024-03-11,vix_close,15.22,index,github.com/datasets/finance-vix
2024-03-12,vix_close,13.84,index,github.com/datasets/finance-vix
2024-03-13,vix_close,13.75,index,github.com/datasets/finance-vix
2024-03-14,vix_close,14.4,index,github.com/datasets/finance-vix
2024-03-15,vix_close,14.41,index,github.com/datasets/finance-vix
2024-03-18,vix_close,14.33,index,github.com/datasets/finance-vix
2024-03-19,vix_close,13.82,index,github.com/datasets/finance-vix
2024-03-20,vix_close,13.04,index,github.com/datasets/finance-vix
2024-03-21,vix_close,12.92,index,github.com/datasets/finance-vix
2024-03-22,vix_close,13.06,index,github.com/datasets/finance-vix
2024-03-25,vix_close,13.19,index,github.com/datasets/finance-vix
2024-03-26,vix_close,13.24,index,github.com/datasets/finance-vix
2024-03-27,vix_close,12.78,index,github.com/datasets/finance-vix
2024-03-28,vix_close,13.01,index,github.com/datasets/finance-vix
2024-04-01,vix_close,13.65,index,github.com/datasets/finance-vix
2024-04-02,vix_close,14.61,index,github.com/datasets/finance-vix
2024-04-03,vix_close,14.33,index,github.com/datasets/finance-vix
2024-04-04,vix_close,16.35,index,github.com/datasets/finance-vix
2024-04-05,vix_close,16.03,index,github.com/datasets/finance-vix
2024-04-08,vix_close,15.19,index,github.com/datasets/finance-vix
2024-04-09,vix_close,14.98,index,github.com/datasets/finance-vix
2024-04-10,vix_close,15.8,index,github.com/datasets/finance-vix
2024-04-11,vix_close,14.91,index,github.com/datasets/finance-vix
2024-04-12,vix_close,17.31,index,github.com/datasets/finance-vix
2024-04-15,vix_close,19.23,index,github.com/datasets/finance-vix
2024-04-16,vix_close,18.4,index,github.com/datasets/finance-vix
2024-04-17,vix_close,18.21,index,github.com/datasets/finance-vix
2024-04-18,vix_close,18.0,index,github.com/datasets/finance-vix
2024-04-19,vix_close,18.71,index,github.com/datasets/finance-vix
2024-04-22,vix_close,16.94,index,github.com/datasets/finance-vix
2024-04-23,vix_close,15.69,index,github.com/datasets/finance-vix
2024-04-24,vix_close,15.97,index,github.com/datasets/finance-vix
2024-04-25,vix_close,15.37,index,github.com/datasets/finance-vix
2024-04-26,vix_close,15.03,index,github.com/datasets/finance-vix
2024-04-29,vix_close,14.67,index,github.com/datasets/finance-vix
2024-04-30,vix_close,15.65,index,github.com/datasets/finance-vix
2024-05-01,vix_close,15.39,index,github.com/datasets/finance-vix
2024-05-02,vix_close,14.68,index,github.com/datasets/finance-vix
2024-05-03,vix_close,13.49,index,github.com/datasets/finance-vix
2024-05-06,vix_close,13.49,index,github.com/datasets/finance-vix
2024-05-07,vix_close,13.23,index,github.com/datasets/finance-vix
2024-05-08,vix_close,13.0,index,github.com/datasets/finance-vix
2024-05-09,vix_close,12.69,index,github.com/datasets/finance-vix
2024-05-10,vix_close,12.55,index,github.com/datasets/finance-vix
2024-05-13,vix_close,13.6,index,github.com/datasets/finance-vix
2024-05-14,vix_close,13.42,index,github.com/datasets/finance-vix
2024-05-15,vix_close,12.45,index,github.com/datasets/finance-vix
2024-05-16,vix_close,12.42,index,github.com/datasets/finance-vix
2024-05-17,vix_close,11.99,index,github.com/datasets/finance-vix
2024-05-20,vix_close,12.15,index,github.com/datasets/finance-vix
2024-05-21,vix_close,11.86,index,github.com/datasets/finance-vix
2024-05-22,vix_close,12.29,index,github.com/datasets/finance-vix
2024-05-23,vix_close,12.77,index,github.com/datasets/finance-vix
2024-05-24,vix_close,11.93,index,github.com/datasets/finance-vix
2024-05-27,vix_close,12.36,index,github.com/datasets/finance-vix
2024-05-28,vix_close,12.92,index,github.com/datasets/finance-vix
2024-05-29,vix_close,14.28,index,github.com/datasets/finance-vix
2024-05-30,vix_close,14.47,index,github.com/datasets/finance-vix
2024-05-31,vix_close,12.92,index,github.com/datasets/finance-vix
2024-06-03,vix_close,13.11,index,github.com/datasets/finance-vix
2024-06-04,vix_close,13.16,index,github.com/datasets/finance-vix
2024-06-05,vix_close,12.63,index,github.com/datasets/finance-vix
2024-06-06,vix_close,12.58,index,github.com/datasets/finance-vix
2024-06-07,vix_close,12.22,index,github.com/datasets/finance-vix
2024-06-10,vix_close,12.74,index,github.com/datasets/finance-vix
2024-06-11,vix_close,12.85,index,github.com/datasets/finance-vix
2024-06-12,vix_close,12.04,index,github.com/datasets/finance-vix
2024-06-13,vix_close,11.94,index,github.com/datasets/finance-vix
2024-06-14,vix_close,12.66,index,github.com/datasets/finance-vix
2024-06-17,vix_close,12.75,index,github.com/datasets/finance-vix
2024-06-18,vix_close,12.3,index,github.com/datasets/finance-vix
2024-06-19,vix_close,12.48,index,github.com/datasets/finance-vix
2024-06-20,vix_close,13.28,index,github.com/datasets/finance-vix
2024-06-21,vix_close,13.2,index,github.com/datasets/finance-vix
2024-06-24,vix_close,13.33,index,github.com/datasets/finance-vix
2024-06-25,vix_close,12.84,index,github.com/datasets/finance-vix
2024-06-26,vix_close,12.55,index,github.com/datasets/finance-vix
2024-06-27,vix_close,12.24,index,github.com/datasets/finance-vix
2024-06-28,vix_close,12.44,index,github.com/datasets/finance-vix
2024-07-01,vix_close,12.22,index,github.com/datasets/finance-vix
2024-07-02,vix_close,12.03,index,github.com/datasets/finance-vix
2024-07-03,vix_close,12.09,index,github.com/datasets/finance-vix
2024-07-04,vix_close,12.26,index,github.com/datasets/finance-vix
2024-07-05,vix_close,12.48,index,github.com/datasets/finance-vix
2024-07-08,vix_close,12.37,index,github.com/datasets/finance-vix
2024-07-09,vix_close,12.51,index,github.com/datasets/finance-vix
2024-07-10,vix_close,12.85,index,github.com/datasets/finance-vix
2024-07-11,vix_close,12.92,index,github.com/datasets/finance-vix
2024-07-12,vix_close,12.46,index,github.com/datasets/finance-vix
2024-07-15,vix_close,13.12,index,github.com/datasets/finance-vix
2024-07-16,vix_close,13.19,index,github.com/datasets/finance-vix
2024-07-17,vix_close,14.48,index,github.com/datasets/finance-vix
2024-07-18,vix_close,15.93,index,github.com/datasets/finance-vix
2024-07-19,vix_close,16.52,index,github.com/datasets/finance-vix
2024-07-22,vix_close,14.91,index,github.com/datasets/finance-vix
2024-07-23,vix_close,14.72,index,github.com/datasets/finance-vix
2024-07-24,vix_close,18.04,index,github.com/datasets/finance-vix
2024-07-25,vix_close,18.46,index,github.com/datasets/finance-vix
2024-07-26,vix_close,16.39,index,github.com/datasets/finance-vix
2024-07-29,vix_close,16.6,index,github.com/datasets/finance-vix
2024-07-30,vix_close,17.69,index,github.com/datasets/finance-vix
2024-07-31,vix_close,16.36,index,github.com/datasets/finance-vix
2024-08-01,vix_close,18.59,index,github.com/datasets/finance-vix
2024-08-02,vix_close,23.39,index,github.com/datasets/finance-vix
2024-08-05,vix_close,38.57,index,github.com/datasets/finance-vix
2024-08-06,vix_close,27.71,index,github.com/datasets/finance-vix
2024-08-07,vix_close,27.85,index,github.com/datasets/finance-vix
2024-08-08,vix_close,23.79,index,github.com/datasets/finance-vix
2024-08-09,vix_close,20.37,index,github.com/datasets/finance-vix
2024-08-12,vix_close,20.71,index,github.com/datasets/finance-vix
2024-08-13,vix_close,18.12,index,github.com/datasets/finance-vix
2024-08-14,vix_close,16.19,index,github.com/datasets/finance-vix
2024-08-15,vix_close,15.23,index,github.com/datasets/finance-vix
2024-08-16,vix_close,14.8,index,github.com/datasets/finance-vix
2024-08-19,vix_close,14.65,index,github.com/datasets/finance-vix
2024-08-20,vix_close,15.88,index,github.com/datasets/finance-vix
2024-08-21,vix_close,16.27,index,github.com/datasets/finance-vix
2024-08-22,vix_close,17.55,index,github.com/datasets/finance-vix
2024-08-23,vix_close,15.86,index,github.com/datasets/finance-vix
2024-08-26,vix_close,16.15,index,github.com/datasets/finance-vix
2024-08-27,vix_close,15.43,index,github.com/datasets/finance-vix
2024-08-28,vix_close,17.11,index,github.com/datasets/finance-vix
2024-08-29,vix_close,15.65,index,github.com/datasets/finance-vix
2024-08-30,vix_close,15.0,index,github.com/datasets/finance-vix
2024-09-02,vix_close,15.55,index,github.com/datasets/finance-vix
2024-09-03,vix_close,20.72,index,github.com/datasets/finance-vix
2024-09-04,vix_close,21.32,index,github.com/datasets/finance-vix
2024-09-05,vix_close,19.9,index,github.com/datasets/finance-vix
2024-09-06,vix_close,22.38,index,github.com/datasets/finance-vix
2024-09-09,vix_close,19.45,index,github.com/datasets/finance-vix
2024-09-10,vix_close,19.08,index,github.com/datasets/finance-vix
2024-09-11,vix_close,17.69,index,github.com/datasets/finance-vix
2024-09-12,vix_close,17.07,index,github.com/datasets/finance-vix
2024-09-13,vix_close,16.56,index,github.com/datasets/finance-vix
2024-09-16,vix_close,17.14,index,github.com/datasets/finance-vix
2024-09-17,vix_close,17.61,index,github.com/datasets/finance-vix
2024-09-18,vix_close,18.23,index,github.com/datasets/finance-vix
2024-09-19,vix_close,16.33,index,github.com/datasets/finance-vix
2024-09-20,vix_close,16.15,index,github.com/datasets/finance-vix
2024-09-23,vix_close,15.89,index,github.com/datasets/finance-vix
2024-09-24,vix_close,15.39,index,github.com/datasets/finance-vix
2024-09-25,vix_close,15.41,index,github.com/datasets/finance-vix
2024-09-26,vix_close,15.37,index,github.com/datasets/finance-vix
2024-09-27,vix_close,16.96,index,github.com/datasets/finance-vix
2024-09-30,vix_close,16.73,index,github.com/datasets/finance-vix
2024-10-01,vix_close,19.26,index,github.com/datasets/finance-vix
2024-10-02,vix_close,18.9,index,github.com/datasets/finance-vix
2024-10-03,vix_close,20.49,index,github.com/datasets/finance-vix
2024-10-04,vix_close,19.21,index,github.com/datasets/finance-vix
2024-10-07,vix_close,22.64,index,github.com/datasets/finance-vix
2024-10-08,vix_close,21.42,index,github.com/datasets/finance-vix
2024-10-09,vix_close,20.86,index,github.com/datasets/finance-vix
2024-10-10,vix_close,20.93,index,github.com/datasets/finance-vix
2024-10-11,vix_close,20.46,index,github.com/datasets/finance-vix
2024-10-14,vix_close,19.7,index,github.com/datasets/finance-vix
2024-10-15,vix_close,20.64,index,github.com/datasets/finance-vix
2024-10-16,vix_close,19.58,index,github.com/datasets/finance-vix
2024-10-17,vix_close,19.11,index,github.com/datasets/finance-vix
2024-10-18,vix_close,18.03,index,github.com/datasets/finance-vix
2024-10-21,vix_close,18.37,index,github.com/datasets/finance-vix
2024-10-22,vix_close,18.2,index,github.com/datasets/finance-vix
2024-10-23,vix_close,19.24,index,github.com/datasets/finance-vix
2024-10-24,vix_close,19.08,index,github.com/datasets/finance-vix
2024-10-25,vix_close,20.33,index,github.com/datasets/finance-vix
2024-10-28,vix_close,19.8,index,github.com/datasets/finance-vix
2024-10-29,vix_close,19.34,index,github.com/datasets/finance-vix
2024-10-30,vix_close,20.35,index,github.com/datasets/finance-vix
2024-10-31,vix_close,23.16,index,github.com/datasets/finance-vix
2024-11-01,vix_close,21.88,index,github.com/datasets/finance-vix
2024-11-04,vix_close,21.98,index,github.com/datasets/finance-vix
2024-11-05,vix_close,20.49,index,github.com/datasets/finance-vix
2024-11-06,vix_close,16.27,index,github.com/datasets/finance-vix
2024-11-07,vix_close,15.2,index,github.com/datasets/finance-vix
2024-11-08,vix_close,14.94,index,github.com/datasets/finance-vix
2024-11-11,vix_close,14.97,index,github.com/datasets/finance-vix
2024-11-12,vix_close,14.71,index,github.com/datasets/finance-vix
2024-11-13,vix_close,14.02,index,github.com/datasets/finance-vix
2024-11-14,vix_close,14.31,index,github.com/datasets/finance-vix
2024-11-15,vix_close,16.14,index,github.com/datasets/finance-vix
2024-11-18,vix_close,15.58,index,github.com/datasets/finance-vix
2024-11-19,vix_close,16.35,index,github.com/datasets/finance-vix
2024-11-20,vix_close,17.16,index,github.com/datasets/finance-vix
2024-11-21,vix_close,16.87,index,github.com/datasets/finance-vix
2024-11-22,vix_close,15.24,index,github.com/datasets/finance-vix
2024-11-25,vix_close,14.6,index,github.com/datasets/finance-vix
2024-11-26,vix_close,14.1,index,github.com/datasets/finance-vix
2024-11-27,vix_close,14.1,index,github.com/datasets/finance-vix
2024-11-28,vix_close,13.9,index,github.com/datasets/finance-vix
2024-11-29,vix_close,13.51,index,github.com/datasets/finance-vix
2024-12-02,vix_close,13.34,index,github.com/datasets/finance-vix
2024-12-03,vix_close,13.3,index,github.com/datasets/finance-vix
2024-12-04,vix_close,13.45,index,github.com/datasets/finance-vix
2024-12-05,vix_close,13.54,index,github.com/datasets/finance-vix
2024-12-06,vix_close,12.77,index,github.com/datasets/finance-vix
2024-12-09,vix_close,14.19,index,github.com/datasets/finance-vix
2024-12-10,vix_close,14.18,index,github.com/datasets/finance-vix
2024-12-11,vix_close,13.58,index,github.com/datasets/finance-vix
2024-12-12,vix_close,13.92,index,github.com/datasets/finance-vix
2024-12-13,vix_close,13.81,index,github.com/datasets/finance-vix
2024-12-16,vix_close,14.69,index,github.com/datasets/finance-vix
2024-12-17,vix_close,15.87,index,github.com/datasets/finance-vix
2024-12-18,vix_close,27.62,index,github.com/datasets/finance-vix
2024-12-19,vix_close,24.09,index,github.com/datasets/finance-vix
2024-12-20,vix_close,18.36,index,github.com/datasets/finance-vix
2024-12-23,vix_close,16.78,index,github.com/datasets/finance-vix
2024-12-24,vix_close,14.27,index,github.com/datasets/finance-vix
2024-12-26,vix_close,14.73,index,github.com/datasets/finance-vix
2024-12-27,vix_close,15.95,index,github.com/datasets/finance-vix
2024-12-30,vix_close,17.4,index,github.com/datasets/finance-vix
2024-12-31,vix_close,17.35,index,github.com/datasets/finance-vix
2025-01-02,vix_close,17.93,index,github.com/datasets/finance-vix
2025-01-03,vix_close,16.13,index,github.com/datasets/finance-vix
2025-01-06,vix_close,16.04,index,github.com/datasets/finance-vix
2025-01-07,vix_close,17.82,index,github.com/datasets/finance-vix
2025-01-08,vix_close,17.7,index,github.com/datasets/finance-vix
2025-01-09,vix_close,18.07,index,github.com/datasets/finance-vix
2025-01-10,vix_close,19.54,index,github.com/datasets/finance-vix
2025-01-13,vix_close,19.19,index,github.com/datasets/finance-vix
2025-01-14,vix_close,18.71,index,github.com/datasets/finance-vix
2025-01-15,vix_close,16.12,index,github.com/datasets/finance-vix
2025-01-16,vix_close,16.6,index,github.com/datasets/finance-vix
2025-01-17,vix_close,15.97,index,github.com/datasets/finance-vix
2025-01-20,vix_close,15.81,index,github.com/datasets/finance-vix
2025-01-21,vix_close,15.06,index,github.com/datasets/finance-vix
2025-01-22,vix_close,15.1,index,github.com/datasets/finance-vix
2025-01-23,vix_close,15.02,index,github.com/datasets/finance-vix
2025-01-24,vix_close,14.85,index,github.com/datasets/finance-vix
2025-01-27,vix_close,17.9,index,github.com/datasets/finance-vix
2025-01-28,vix_close,16.41,index,github.com/datasets/finance-vix
2025-01-29,vix_close,16.56,index,github.com/datasets/finance-vix
2025-01-30,vix_close,15.84,index,github.com/datasets/finance-vix
2025-01-31,vix_close,16.43,index,github.com/datasets/finance-vix
2025-02-03,vix_close,18.62,index,github.com/datasets/finance-vix
2025-02-04,vix_close,17.21,index,github.com/datasets/finance-vix
2025-02-05,vix_close,15.77,index,github.com/datasets/finance-vix
2025-02-06,vix_close,15.5,index,github.com/datasets/finance-vix
2025-02-07,vix_close,16.54,index,github.com/datasets/finance-vix
2025-02-10,vix_close,15.81,index,github.com/datasets/finance-vix
2025-02-11,vix_close,16.02,index,github.com/datasets/finance-vix
2025-02-12,vix_close,15.89,index,github.com/datasets/finance-vix
2025-02-13,vix_close,15.1,index,github.com/datasets/finance-vix
2025-02-14,vix_close,14.77,index,github.com/datasets/finance-vix
2025-02-17,vix_close,15.37,index,github.com/datasets/finance-vix
2025-02-18,vix_close,15.35,index,github.com/datasets/finance-vix
2025-02-19,vix_close,15.27,index,github.com/datasets/finance-vix
2025-02-20,vix_close,15.66,index,github.com/datasets/finance-vix
2025-02-21,vix_close,18.21,index,github.com/datasets/finance-vix
2025-02-24,vix_close,18.98,index,github.com/datasets/finance-vix
2025-02-25,vix_close,19.43,index,github.com/datasets/finance-vix
2025-02-26,vix_close,19.1,index,github.com/datasets/finance-vix
2025-02-27,vix_close,21.13,index,github.com/datasets/finance-vix
2025-02-28,vix_close,19.63,index,github.com/datasets/finance-vix
2025-03-03,vix_close,22.78,index,github.com/datasets/finance-vix
2025-03-04,vix_close,23.51,index,github.com/datasets/finance-vix
2025-03-05,vix_close,21.93,index,github.com/datasets/finance-vix
2025-03-06,vix_close,24.87,index,github.com/datasets/finance-vix
2025-03-07,vix_close,23.37,index,github.com/datasets/finance-vix
2025-03-10,vix_close,27.86,index,github.com/datasets/finance-vix
2025-03-11,vix_close,26.92,index,github.com/datasets/finance-vix
2025-03-12,vix_close,24.23,index,github.com/datasets/finance-vix
2025-03-13,vix_close,24.66,index,github.com/datasets/finance-vix
2025-03-14,vix_close,21.77,index,github.com/datasets/finance-vix
2025-03-17,vix_close,20.51,index,github.com/datasets/finance-vix
2025-03-18,vix_close,21.7,index,github.com/datasets/finance-vix
2025-03-19,vix_close,19.9,index,github.com/datasets/finance-vix
2025-03-20,vix_close,19.8,index,github.com/datasets/finance-vix
2025-03-21,vix_close,19.28,index,github.com/datasets/finance-vix
2025-03-24,vix_close,17.48,index,github.com/datasets/finance-vix
2025-03-25,vix_close,17.15,index,github.com/datasets/finance-vix
2025-03-26,vix_close,18.33,index,github.com/datasets/finance-vix
2025-03-27,vix_close,18.69,index,github.com/datasets/finance-vix
2025-03-28,vix_close,21.65,index,github.com/datasets/finance-vix
2025-03-31,vix_close,22.28,index,github.com/datasets/finance-vix
2025-04-01,vix_close,21.77,index,github.com/datasets/finance-vix
2025-04-02,vix_close,21.51,index,github.com/datasets/finance-vix
2025-04-03,vix_close,30.02,index,github.com/datasets/finance-vix
2025-04-04,vix_close,45.31,index,github.com/datasets/finance-vix
2025-04-07,vix_close,46.98,index,github.com/datasets/finance-vix
2025-04-08,vix_close,52.33,index,github.com/datasets/finance-vix
2025-04-09,vix_close,33.62,index,github.com/datasets/finance-vix
2025-04-10,vix_close,40.72,index,github.com/datasets/finance-vix
2025-04-11,vix_close,37.56,index,github.com/datasets/finance-vix
2025-04-14,vix_close,30.89,index,github.com/datasets/finance-vix
2025-04-15,vix_close,30.12,index,github.com/datasets/finance-vix
2025-04-16,vix_close,32.64,index,github.com/datasets/finance-vix
2025-04-17,vix_close,29.65,index,github.com/datasets/finance-vix
2025-04-21,vix_close,33.82,index,github.com/datasets/finance-vix
2025-04-22,vix_close,30.57,index,github.com/datasets/finance-vix
2025-04-23,vix_close,28.45,index,github.com/datasets/finance-vix
2025-04-24,vix_close,26.47,index,github.com/datasets/finance-vix
2025-04-25,vix_close,24.84,index,github.com/datasets/finance-vix
2025-04-28,vix_close,25.15,index,github.com/datasets/finance-vix
2025-04-29,vix_close,24.17,index,github.com/datasets/finance-vix
2025-04-30,vix_close,24.7,index,github.com/datasets/finance-vix
2025-05-01,vix_close,24.6,index,github.com/datasets/finance-vix
2025-05-02,vix_close,22.68,index,github.com/datasets/finance-vix
2025-05-05,vix_close,23.64,index,github.com/datasets/finance-vix
2025-05-06,vix_close,24.76,index,github.com/datasets/finance-vix
2025-05-07,vix_close,23.55,index,github.com/datasets/finance-vix
2025-05-08,vix_close,22.48,index,github.com/datasets/finance-vix
2025-05-09,vix_close,21.9,index,github.com/datasets/finance-vix
2025-05-12,vix_close,18.39,index,github.com/datasets/finance-vix
2025-05-13,vix_close,18.22,index,github.com/datasets/finance-vix
2025-05-14,vix_close,18.62,index,github.com/datasets/finance-vix
2025-05-15,vix_close,17.83,index,github.com/datasets/finance-vix
2025-05-16,vix_close,17.24,index,github.com/datasets/finance-vix
2025-05-19,vix_close,18.14,index,github.com/datasets/finance-vix
2025-05-20,vix_close,18.09,index,github.com/datasets/finance-vix
2025-05-21,vix_close,20.87,index,github.com/datasets/finance-vix
2025-05-22,vix_close,20.28,index,github.com/datasets/finance-vix
2025-05-23,vix_close,22.29,index,github.com/datasets/finance-vix
2025-05-26,vix_close,20.57,index,github.com/datasets/finance-vix
2025-05-27,vix_close,18.96,index,github.com/datasets/finance-vix
2025-05-28,vix_close,19.31,index,github.com/datasets/finance-vix
2025-05-29,vix_close,19.18,index,github.com/datasets/finance-vix
2025-05-30,vix_close,18.57,index,github.com/datasets/finance-vix
2025-06-02,vix_close,18.36,index,github.com/datasets/finance-vix
2025-06-03,vix_close,17.69,index,github.com/datasets/finance-vix
2025-06-04,vix_close,17.61,index,github.com/datasets/finance-vix
2025-06-05,vix_close,18.48,index,github.com/datasets/finance-vix
2025-06-06,vix_close,16.77,index,github.com/datasets/finance-vix
2025-06-09,vix_close,17.16,index,github.com/datasets/finance-vix
2025-06-10,vix_close,16.95,index,github.com/datasets/finance-vix
2025-06-11,vix_close,17.26,index,github.com/datasets/finance-vix
2025-06-12,vix_close,18.02,index,github.com/datasets/finance-vix
2025-06-13,vix_close,20.82,index,github.com/datasets/finance-vix
2025-06-16,vix_close,19.11,index,github.com/datasets/finance-vix
2025-06-17,vix_close,21.6,index,github.com/datasets/finance-vix
2025-06-18,vix_close,20.14,index,github.com/datasets/finance-vix
2025-06-19,vix_close,22.17,index,github.com/datasets/finance-vix
2025-06-20,vix_close,20.62,index,github.com/datasets/finance-vix
2025-06-23,vix_close,19.83,index,github.com/datasets/finance-vix
2025-06-24,vix_close,17.48,index,github.com/datasets/finance-vix
2025-06-25,vix_close,16.76,index,github.com/datasets/finance-vix
2025-06-26,vix_close,16.59,index,github.com/datasets/finance-vix
2025-06-27,vix_close,16.32,index,github.com/datasets/finance-vix
2025-06-30,vix_close,16.73,index,github.com/datasets/finance-vix
2025-07-01,vix_close,16.83,index,github.com/datasets/finance-vix
2025-07-02,vix_close,16.64,index,github.com/datasets/finance-vix
2025-07-03,vix_close,16.38,index,github.com/datasets/finance-vix
2025-07-04,vix_close,17.48,index,github.com/datasets/finance-vix
2025-07-07,vix_close,17.79,index,github.com/datasets/finance-vix
2025-07-08,vix_close,16.81,index,github.com/datasets/finance-vix
2025-07-09,vix_close,15.94,index,github.com/datasets/finance-vix
2025-07-10,vix_close,15.78,index,github.com/datasets/finance-vix
2025-07-11,vix_close,16.4,index,github.com/datasets/finance-vix
2025-07-14,vix_close,17.2,index,github.com/datasets/finance-vix
2025-07-15,vix_close,17.38,index,github.com/datasets/finance-vix
2025-07-16,vix_close,17.16,index,github.com/datasets/finance-vix
2025-07-17,vix_close,16.52,index,github.com/datasets/finance-vix
2025-07-18,vix_close,16.41,index,github.com/datasets/finance-vix
2025-07-21,vix_close,16.65,index,github.com/datasets/finance-vix
2025-07-22,vix_close,16.5,index,github.com/datasets/finance-vix
2025-07-23,vix_close,15.37,index,github.com/datasets/finance-vix
2025-07-24,vix_close,15.39,index,github.com/datasets/finance-vix
2025-07-25,vix_close,14.93,index,github.com/datasets/finance-vix
2025-07-28,vix_close,15.03,index,github.com/datasets/finance-vix
2025-07-29,vix_close,15.98,index,github.com/datasets/finance-vix
2025-07-30,vix_close,15.48,index,github.com/datasets/finance-vix
2025-07-31,vix_close,16.72,index,github.com/datasets/finance-vix
2025-08-01,vix_close,20.38,index,github.com/datasets/finance-vix
2025-08-04,vix_close,17.52,index,github.com/datasets/finance-vix
2025-08-05,vix_close,17.85,index,github.com/datasets/finance-vix
2025-08-06,vix_close,16.77,index,github.com/datasets/finance-vix
2025-08-07,vix_close,16.57,index,github.com/datasets/finance-vix
2025-08-08,vix_close,15.15,index,github.com/datasets/finance-vix
2025-08-11,vix_close,16.25,index,github.com/datasets/finance-vix
2025-08-12,vix_close,14.73,index,github.com/datasets/finance-vix
2025-08-13,vix_close,14.49,index,github.com/datasets/finance-vix
2025-08-14,vix_close,14.83,index,github.com/datasets/finance-vix
2025-08-15,vix_close,15.09,index,github.com/datasets/finance-vix
2025-08-18,vix_close,14.99,index,github.com/datasets/finance-vix
2025-08-19,vix_close,15.57,index,github.com/datasets/finance-vix
2025-08-20,vix_close,15.69,index,github.com/datasets/finance-vix
2025-08-21,vix_close,16.6,index,github.com/datasets/finance-vix
2025-08-22,vix_close,14.22,index,github.com/datasets/finance-vix
2025-08-25,vix_close,14.79,index,github.com/datasets/finance-vix
2025-08-26,vix_close,14.62,index,github.com/datasets/finance-vix
2025-08-27,vix_close,14.85,index,github.com/datasets/finance-vix
2025-08-28,vix_close,14.43,index,github.com/datasets/finance-vix
2025-08-29,vix_close,15.36,index,github.com/datasets/finance-vix
2025-09-01,vix_close,16.12,index,github.com/datasets/finance-vix
2025-09-02,vix_close,17.17,index,github.com/datasets/finance-vix
2025-09-03,vix_close,16.35,index,github.com/datasets/finance-vix
2025-09-04,vix_close,15.3,index,github.com/datasets/finance-vix
2025-09-05,vix_close,15.18,index,github.com/datasets/finance-vix
2025-09-08,vix_close,15.11,index,github.com/datasets/finance-vix
2025-09-09,vix_close,15.04,index,github.com/datasets/finance-vix
2025-09-10,vix_close,15.35,index,github.com/datasets/finance-vix
2025-09-11,vix_close,14.71,index,github.com/datasets/finance-vix
2025-09-12,vix_close,14.76,index,github.com/datasets/finance-vix
2025-09-15,vix_close,15.69,index,github.com/datasets/finance-vix
2025-09-16,vix_close,16.36,index,github.com/datasets/finance-vix
2025-09-17,vix_close,15.72,index,github.com/datasets/finance-vix
2025-09-18,vix_close,15.7,index,github.com/datasets/finance-vix
2025-09-19,vix_close,15.45,index,github.com/datasets/finance-vix
2025-09-22,vix_close,16.1,index,github.com/datasets/finance-vix
2025-09-23,vix_close,16.64,index,github.com/datasets/finance-vix
2025-09-24,vix_close,16.18,index,github.com/datasets/finance-vix
2025-09-25,vix_close,16.74,index,github.com/datasets/finance-vix
2025-09-26,vix_close,15.29,index,github.com/datasets/finance-vix
2025-09-29,vix_close,16.12,index,github.com/datasets/finance-vix
2025-09-30,vix_close,16.28,index,github.com/datasets/finance-vix
2025-10-01,vix_close,16.29,index,github.com/datasets/finance-vix
2025-10-02,vix_close,16.63,index,github.com/datasets/finance-vix
2025-10-03,vix_close,16.65,index,github.com/datasets/finance-vix
2025-10-06,vix_close,16.37,index,github.com/datasets/finance-vix
2025-10-07,vix_close,17.24,index,github.com/datasets/finance-vix
2025-10-08,vix_close,16.3,index,github.com/datasets/finance-vix
2025-10-09,vix_close,16.43,index,github.com/datasets/finance-vix
2025-10-10,vix_close,21.66,index,github.com/datasets/finance-vix
2025-10-13,vix_close,19.03,index,github.com/datasets/finance-vix
2025-10-14,vix_close,20.81,index,github.com/datasets/finance-vix
2025-10-15,vix_close,20.64,index,github.com/datasets/finance-vix
2025-10-16,vix_close,25.31,index,github.com/datasets/finance-vix
2025-10-17,vix_close,20.78,index,github.com/datasets/finance-vix
2025-10-20,vix_close,18.23,index,github.com/datasets/finance-vix
2025-10-21,vix_close,17.87,index,github.com/datasets/finance-vix
2025-10-22,vix_close,18.6,index,github.com/datasets/finance-vix
2025-10-23,vix_close,17.3,index,github.com/datasets/finance-vix
2025-10-24,vix_close,16.37,index,github.com/datasets/finance-vix
2025-10-27,vix_close,15.79,index,github.com/datasets/finance-vix
2025-10-28,vix_close,16.42,index,github.com/datasets/finance-vix
2025-10-29,vix_close,16.92,index,github.com/datasets/finance-vix
2025-10-30,vix_close,16.91,index,github.com/datasets/finance-vix
2025-10-31,vix_close,17.44,index,github.com/datasets/finance-vix
2025-11-03,vix_close,17.17,index,github.com/datasets/finance-vix
2025-11-04,vix_close,19.0,index,github.com/datasets/finance-vix
2025-11-05,vix_close,18.01,index,github.com/datasets/finance-vix
2025-11-06,vix_close,19.5,index,github.com/datasets/finance-vix
2025-11-07,vix_close,19.08,index,github.com/datasets/finance-vix
2025-11-10,vix_close,17.6,index,github.com/datasets/finance-vix
2025-11-11,vix_close,17.28,index,github.com/datasets/finance-vix
2025-11-12,vix_close,17.51,index,github.com/datasets/finance-vix
2025-11-13,vix_close,20.0,index,github.com/datasets/finance-vix
2025-11-14,vix_close,19.83,index,github.com/datasets/finance-vix
2025-11-17,vix_close,22.38,index,github.com/datasets/finance-vix
2025-11-18,vix_close,24.69,index,github.com/datasets/finance-vix
2025-11-19,vix_close,23.66,index,github.com/datasets/finance-vix
2025-11-20,vix_close,26.42,index,github.com/datasets/finance-vix
2025-11-21,vix_close,23.43,index,github.com/datasets/finance-vix
2025-11-24,vix_close,20.52,index,github.com/datasets/finance-vix
2025-11-25,vix_close,18.56,index,github.com/datasets/finance-vix
2025-11-26,vix_close,17.19,index,github.com/datasets/finance-vix
2025-11-27,vix_close,17.21,index,github.com/datasets/finance-vix
2025-11-28,vix_close,16.35,index,github.com/datasets/finance-vix
2025-12-01,vix_close,17.24,index,github.com/datasets/finance-vix
2025-12-02,vix_close,16.59,index,github.com/datasets/finance-vix
2025-12-03,vix_close,16.08,index,github.com/datasets/finance-vix
2025-12-04,vix_close,15.78,index,github.com/datasets/finance-vix
2025-12-05,vix_close,15.41,index,github.com/datasets/finance-vix
2025-12-08,vix_close,16.66,index,github.com/datasets/finance-vix
2025-12-09,vix_close,16.93,index,github.com/datasets/finance-vix
2025-12-10,vix_close,15.77,index,github.com/datasets/finance-vix
2025-12-11,vix_close,14.85,index,github.com/datasets/finance-vix
2025-12-12,vix_close,15.74,index,github.com/datasets/finance-vix
2025-12-15,vix_close,16.5,index,github.com/datasets/finance-vix
2025-12-16,vix_close,16.48,index,github.com/datasets/finance-vix
2025-12-17,vix_close,17.62,index,github.com/datasets/finance-vix
2025-12-18,vix_close,16.87,index,github.com/datasets/finance-vix
2025-12-19,vix_close,14.91,index,github.com/datasets/finance-vix
2025-12-22,vix_close,14.08,index,github.com/datasets/finance-vix
2025-12-23,vix_close,14.0,index,github.com/datasets/finance-vix
2025-12-24,vix_close,13.47,index,github.com/datasets/finance-vix
2025-12-26,vix_close,13.6,index,github.com/datasets/finance-vix
2025-12-29,vix_close,14.2,index,github.com/datasets/finance-vix
2025-12-30,vix_close,14.33,index,github.com/datasets/finance-vix
2025-12-31,vix_close,14.95,index,github.com/datasets/finance-vix
2026-01-02,vix_close,14.51,index,github.com/datasets/finance-vix
2026-01-05,vix_close,14.9,index,github.com/datasets/finance-vix
2026-01-06,vix_close,14.75,index,github.com/datasets/finance-vix
2026-01-07,vix_close,15.38,index,github.com/datasets/finance-vix
2026-01-08,vix_close,15.45,index,github.com/datasets/finance-vix
2026-01-09,vix_close,14.49,index,github.com/datasets/finance-vix
2026-01-12,vix_close,15.12,index,github.com/datasets/finance-vix
2026-01-13,vix_close,15.98,index,github.com/datasets/finance-vix
2026-01-14,vix_close,16.75,index,github.com/datasets/finance-vix
2026-01-15,vix_close,15.84,index,github.com/datasets/finance-vix
2026-01-16,vix_close,15.86,index,github.com/datasets/finance-vix
2026-01-19,vix_close,18.84,index,github.com/datasets/finance-vix
2026-01-20,vix_close,20.09,index,github.com/datasets/finance-vix
2026-01-21,vix_close,16.9,index,github.com/datasets/finance-vix
2026-01-22,vix_close,15.64,index,github.com/datasets/finance-vix
2026-01-23,vix_close,16.09,index,github.com/datasets/finance-vix
2026-01-26,vix_close,16.15,index,github.com/datasets/finance-vix
2026-01-27,vix_close,16.35,index,github.com/datasets/finance-vix
2026-01-28,vix_close,16.35,index,github.com/datasets/finance-vix
2026-01-29,vix_close,16.88,index,github.com/datasets/finance-vix
2026-01-30,vix_close,17.44,index,github.com/datasets/finance-vix
2026-02-02,vix_close,16.34,index,github.com/datasets/finance-vix
2026-02-03,vix_close,18.0,index,github.com/datasets/finance-vix
2026-02-04,vix_close,18.64,index,github.com/datasets/finance-vix
2026-02-05,vix_close,21.77,index,github.com/datasets/finance-vix
2026-02-06,vix_close,17.76,index,github.com/datasets/finance-vix
2026-02-09,vix_close,17.36,index,github.com/datasets/finance-vix
2026-02-10,vix_close,17.79,index,github.com/datasets/finance-vix
2026-02-11,vix_close,17.65,index,github.com/datasets/finance-vix
2026-02-12,vix_close,20.82,index,github.com/datasets/finance-vix
2026-02-13,vix_close,20.6,index,github.com/datasets/finance-vix
2026-02-16,vix_close,21.2,index,github.com/datasets/finance-vix
2026-02-17,vix_close,20.29,index,github.com/datasets/finance-vix
2026-02-18,vix_close,19.62,index,github.com/datasets/finance-vix
2026-02-19,vix_close,20.23,index,github.com/datasets/finance-vix
2026-02-20,vix_close,19.09,index,github.com/datasets/finance-vix
2026-02-23,vix_close,21.01,index,github.com/datasets/finance-vix
2026-02-24,vix_close,19.55,index,github.com/datasets/finance-vix
2026-02-25,vix_close,17.93,index,github.com/datasets/finance-vix
2026-02-26,vix_close,18.63,index,github.com/datasets/finance-vix
2026-02-27,vix_close,19.86,index,github.com/datasets/finance-vix
2026-03-02,vix_close,21.44,index,github.com/datasets/finance-vix
2026-03-03,vix_close,23.57,index,github.com/datasets/finance-vix
2026-03-04,vix_close,21.15,index,github.com/datasets/finance-vix
2026-03-05,vix_close,23.75,index,github.com/datasets/finance-vix
2026-03-06,vix_close,29.49,index,github.com/datasets/finance-vix
2026-03-09,vix_close,25.5,index,github.com/datasets/finance-vix
2026-03-10,vix_close,24.93,index,github.com/datasets/finance-vix
2026-03-11,vix_close,24.23,index,github.com/datasets/finance-vix
2026-03-12,vix_close,27.29,index,github.com/datasets/finance-vix
2026-03-13,vix_close,27.19,index,github.com/datasets/finance-vix
2026-03-16,vix_close,23.51,index,github.com/datasets/finance-vix
2026-03-17,vix_close,22.37,index,github.com/datasets/finance-vix
2026-03-18,vix_close,25.09,index,github.com/datasets/finance-vix
2026-03-19,vix_close,24.06,index,github.com/datasets/finance-vix
2026-03-20,vix_close,26.78,index,github.com/datasets/finance-vix
2026-03-23,vix_close,26.15,index,github.com/datasets/finance-vix
2026-03-24,vix_close,26.95,index,github.com/datasets/finance-vix
2026-03-25,vix_close,25.33,index,github.com/datasets/finance-vix
2026-03-26,vix_close,27.44,index,github.com/datasets/finance-vix
2026-03-27,vix_close,31.05,index,github.com/datasets/finance-vix
2026-03-30,vix_close,30.61,index,github.com/datasets/finance-vix
2026-03-31,vix_close,25.25,index,github.com/datasets/finance-vix
2026-04-01,vix_close,24.54,index,github.com/datasets/finance-vix
2026-04-02,vix_close,23.87,index,github.com/datasets/finance-vix
2026-04-06,vix_close,24.17,index,github.com/datasets/finance-vix
2026-04-07,vix_close,25.78,index,github.com/datasets/finance-vix
2026-04-08,vix_close,21.04,index,github.com/datasets/finance-vix
2026-04-09,vix_close,19.49,index,github.com/datasets/finance-vix
2026-04-10,vix_close,19.23,index,github.com/datasets/finance-vix
2026-04-13,vix_close,19.12,index,github.com/datasets/finance-vix
2026-04-14,vix_close,18.36,index,github.com/datasets/finance-vix
2026-04-15,vix_close,18.17,index,github.com/datasets/finance-vix
2026-04-16,vix_close,17.94,index,github.com/datasets/finance-vix
2026-04-17,vix_close,17.48,index,github.com/datasets/finance-vix
2026-04-20,vix_close,18.87,index,github.com/datasets/finance-vix
2026-04-21,vix_close,19.5,index,github.com/datasets/finance-vix
2026-04-22,vix_close,18.92,index,github.com/datasets/finance-vix
2026-04-23,vix_close,19.31,index,github.com/datasets/finance-vix
2026-04-24,vix_close,18.71,index,github.com/datasets/finance-vix
2026-04-27,vix_close,18.02,index,github.com/datasets/finance-vix
2026-04-28,vix_close,17.83,index,github.com/datasets/finance-vix
2026-04-29,vix_close,18.81,index,github.com/datasets/finance-vix
2026-04-30,vix_close,16.89,index,github.com/datasets/finance-vix
2026-05-01,vix_close,16.99,index,github.com/datasets/finance-vix
2026-05-04,vix_close,18.29,index,github.com/datasets/finance-vix
2026-05-05,vix_close,17.38,index,github.com/datasets/finance-vix
2026-05-06,vix_close,17.39,index,github.com/datasets/finance-vix
2026-05-07,vix_close,17.08,index,github.com/datasets/finance-vix
2026-05-08,vix_close,17.19,index,github.com/datasets/finance-vix
2026-05-11,vix_close,18.38,index,github.com/datasets/finance-vix
2026-05-12,vix_close,17.99,index,github.com/datasets/finance-vix
2026-05-13,vix_close,17.87,index,github.com/datasets/finance-vix
2026-05-14,vix_close,17.26,index,github.com/datasets/finance-vix
2026-05-15,vix_close,18.43,index,github.com/datasets/finance-vix
2026-05-18,vix_close,17.82,index,github.com/datasets/finance-vix
2026-05-19,vix_close,18.06,index,github.com/datasets/finance-vix
2026-05-20,vix_close,17.44,index,github.com/datasets/finance-vix
2026-05-21,vix_close,16.76,index,github.com/datasets/finance-vix
2026-05-22,vix_close,16.7,index,github.com/datasets/finance-vix
2026-05-25,vix_close,16.59,index,github.com/datasets/finance-vix
2026-05-26,vix_close,17.01,index,github.com/datasets/finance-vix
2026-05-27,vix_close,16.29,index,github.com/datasets/finance-vix
2026-05-28,vix_close,15.74,index,github.com/datasets/finance-vix
2026-05-29,vix_close,15.32,index,github.com/datasets/finance-vix
2026-06-01,vix_close,16.05,index,github.com/datasets/finance-vix
2026-06-02,vix_close,15.77,index,github.com/datasets/finance-vix
2026-06-03,vix_close,16.06,index,github.com/datasets/finance-vix
2026-06-04,vix_close,15.4,index,github.com/datasets/finance-vix
2026-06-05,vix_close,21.51,index,github.com/datasets/finance-vix
2026-06-08,vix_close,18.92,index,github.com/datasets/finance-vix
2026-06-09,vix_close,19.87,index,github.com/datasets/finance-vix
2026-06-10,vix_close,22.22,index,github.com/datasets/finance-vix
2026-06-11,vix_close,19.44,index,github.com/datasets/finance-vix
2026-06-12,vix_close,17.68,index,github.com/datasets/finance-vix
2026-06-15,vix_close,16.2,index,github.com/datasets/finance-vix
2026-06-16,vix_close,16.41,index,github.com/datasets/finance-vix
2026-06-17,vix_close,18.44,index,github.com/datasets/finance-vix
2026-06-18,vix_close,16.4,index,github.com/datasets/finance-vix
2026-06-19,vix_close,16.78,index,github.com/datasets/finance-vix
2026-06-22,vix_close,17.28,index,github.com/datasets/finance-vix
2026-06-23,vix_close,19.49,index,github.com/datasets/finance-vix
2026-06-24,vix_close,18.63,index,github.com/datasets/finance-vix
2026-06-25,vix_close,18.89,index,github.com/datasets/finance-vix
2026-06-26,vix_close,18.41,index,github.com/datasets/finance-vix
2026-06-29,vix_close,17.65,index,github.com/datasets/finance-vix
2026-06-30,vix_close,16.45,index,github.com/datasets/finance-vix
2026-07-01,vix_close,16.59,index,github.com/datasets/finance-vix
2026-07-02,vix_close,16.15,index,github.com/datasets/finance-vix
2026-07-03,vix_close,15.81,index,github.com/datasets/finance-vix
2026-07-06,vix_close,15.57,index,github.com/datasets/finance-vix
2026-07-07,vix_close,16.13,index,github.com/datasets/finance-vix
2026-07-08,vix_close,16.9,index,github.com/datasets/finance-vix
2026-07-09,vix_close,15.84,index,github.com/datasets/finance-vix
2026-07-10,vix_close,15.03,index,github.com/datasets/finance-vix
2026-07-13,vix_close,17.16,index,github.com/datasets/finance-vix
2026-07-14,vix_close,16.5,index,github.com/datasets/finance-vix
2026-07-15,vix_close,15.67,index,github.com/datasets/finance-vix
2026-07-16,vix_close,16.73,index,github.com/datasets/finance-vix
2026-07-17,vix_close,18.77,index,github.com/datasets/finance-vix
2026-07-20,vix_close,18.65,index,github.com/datasets/finance-vix
2026-07-21,vix_close,17.05,index,github.com/datasets/finance-vix
2026-07-22,vix_close,16.64,index,github.com/datasets/finance-vix
2026-07-23,vix_close,18.7,index,github.com/datasets/finance-vix
2026-07-24,vix_close,18.58,index,github.com/datasets/finance-vix
2026-07-27,vix_close,18.67,index,github.com/datasets/finance-vix
2026-07-28,vix_close,18.21,index,github.com/datasets/finance-vix
2026-07-29,vix_close,20.66,index,github.com/datasets/finance-vix
2026-07-30,vix_close,17.09,index,github.com/datasets/finance-vix
2026-07-31,vix_close,15.99,index,github.com/datasets/finance-vix
2026-08-03,vix_close,15.86,index,github.com/datasets/finance-vix
2026-08-04,vix_close,16.5,index,github.com/datasets/finance-vix
2026-08-05,vix_close,15.81,index,github.com/datasets/finance-vix
2026-08-06,vix_close,15.15,index,github.com/datasets/finance-vix
2026-08-07,vix_close,14.9,index,github.com/datasets/finance-vix
2026-08-10,vix_close,15.46,index,github.com/datasets/finance-vix
2026-08-11,vix_close,15.28,index,github.com/datasets/finance-vix
2026-08-12,vix_close,14.55,index,github.com/datasets/finance-vix
2026-08-13,vix_close,14.63,index,github.com/datasets/finance-vix
2026-08-14,vix_close,14.25,index,github.com/datasets/finance-vix
2026-08-17,vix_close,15.19,index,github.com/datasets/finance-vix
2026-08-18,vix_close,15.84,index,github.com/datasets/finance-vix
2026-08-19,vix_close,14.89,index,github.com/datasets/finance-vix
2026-08-20,vix_close,16.01,index,github.com/datasets/finance-vix
2026-08-21,vix_close,15.13,index,github.com/datasets/finance-vix
2026-08-24,vix_close,15.85,index,github.com/datasets/finance-vix
2026-08-25,vix_close,15.45,index,github.com/datasets/finance-vix
2026-08-26,vix_close,15.21,index,github.com/datasets/finance-vix
2026-08-27,vix_close,14.51,index,github.com/datasets/finance-vix
2026-08-28,vix_close,14.43,index,github.com/datasets/finance-vix
2026-08-31,vix_close,14.92,index,github.com/datasets/finance-vix
2026-09-01,vix_close,16.34,index,github.com/datasets/finance-vix
2026-09-02,vix_close,15.2,index,github.com/datasets/finance-vix
2026-09-03,vix_close,14.32,index,github.com/datasets/finance-vix
2026-09-04,vix_close,14.53,index,github.com/datasets/finance-vix
2026-09-07,vix_close,15.3,index,github.com/datasets/finance-vix
2026-09-08,vix_close,15.72,index,github.com/datasets/finance-vix
2026-09-09,vix_close,16.46,index,github.com/datasets/finance-vix
2026-09-10,vix_close,17.84,index,github.com/datasets/finance-vix
2026-09-11,vix_close,15.84,index,github.com/datasets/finance-vix
2026-09-14,vix_close,17.1,index,github.com/datasets/finance-vix
2026-09-15,vix_close,17.2,index,github.com/datasets/finance-vix
2026-09-16,vix_close,17.71,index,github.com/datasets/finance-vix
